
== Step 1/5  Pack + media integrity  (tools/check_packs.sh) ==
PASS french: 50 lessons
PASS italian: 49 lessons
PASS german: 52 lessons
PASS portuguese: 52 lessons
PASS spanish: 52 lessons
PASS all five languages; 72 shared-feedback replies; invalid legacy policy rejected
== fr-foundations.json media ==
  device-speech (intentional)  fr-polite-coffee-audio  /audio/french-ordering/fr-ordering-politely-answer.wav
  device-speech (intentional)  fr-identity-foundation-model  /audio/french-foundations/fr-identity-foundation-model.wav
  device-speech (intentional)  fr-people-foundation-model  /audio/french-foundations/fr-people-foundation-model.wav
  device-speech (intentional)  fr-family-foundation-model  /audio/french-foundations/fr-family-foundation-model.wav
  device-speech (intentional)  fr-numbers-foundation-model  /audio/french-foundations/fr-numbers-foundation-model.wav
  summary: 5 declared, 0 on disk, 5 missing (5 allowlisted for device speech)
== it-foundations.json media ==
  device-speech (intentional)  it-polite-coffee-audio  /audio/italian/it-ordering-politely-answer.wav
  device-speech (intentional)  it-identity-foundation-model  /audio/italian-foundations/it-identity-foundation-model.wav
  device-speech (intentional)  it-people-foundation-model  /audio/italian-foundations/it-people-foundation-model.wav
  device-speech (intentional)  it-family-foundation-model  /audio/italian-foundations/it-family-foundation-model.wav
  device-speech (intentional)  it-numbers-foundation-model  /audio/italian-foundations/it-numbers-foundation-model.wav
  device-speech (intentional)  it-descriptions-foundation-model  /audio/italian-foundations/it-descriptions-foundation-model.wav
  device-speech (intentional)  it-plural-foundation-model  /audio/italian-foundations/it-plural-foundation-model.wav
  device-speech (intentional)  it-negation-foundation-model  /audio/italian-foundations/it-negation-foundation-model.wav
  device-speech (intentional)  it-food-foundation-model  /audio/italian-foundations/it-food-foundation-model.wav
  device-speech (intentional)  it-possession-foundation-model  /audio/italian-foundations/it-possession-foundation-model.wav
  device-speech (intentional)  it-requests-foundation-model  /audio/italian-foundations/it-requests-foundation-model.wav
  device-speech (intentional)  it-past-foundation-model  /audio/italian-foundations/it-past-foundation-model.wav
  device-speech (intentional)  it-plans-foundation-model  /audio/italian-foundations/it-plans-foundation-model.wav
  device-speech (intentional)  it-days-foundation-model  /audio/italian-foundations/it-days-foundation-model.wav
  device-speech (intentional)  it-market-foundation-model  /audio/italian-foundations/it-market-foundation-model.wav
  device-speech (intentional)  it-emergency-foundation-model  /audio/italian-foundations/it-emergency-foundation-model.wav
  ok  it-market-listen-audio  /audio/italian-foundations/it-market-foundation-listen.mp3
  summary: 17 declared, 1 on disk, 16 missing (16 allowlisted for device speech)
== de-foundations.json media ==
  summary: 0 declared, 0 on disk, 0 missing (0 allowlisted for device speech)
== pt-foundations.json media ==
  summary: 0 declared, 0 on disk, 0 missing (0 allowlisted for device speech)
== es-foundations.json media ==
  summary: 0 declared, 0 on disk, 0 missing (0 allowlisted for device speech)
== listen-tracks ==
  ok  french  fr-identity-foundation  /audio/french-foundations/fr-identity-listen.mp3
  ok  italian  it-market-foundation  /audio/italian-foundations/it-market-foundation-listen.mp3
  ok  german  de-introductions-foundation  /audio/german-foundations/de-introductions-foundation-listen.mp3
  ok  portuguese  pt-introductions-foundation  /audio/portuguese-foundations/pt-introductions-foundation-listen.mp3
  ok  spanish  es-introductions-foundation  /audio/spanish-foundations/es-introductions-foundation-listen.mp3
== MISSING ASSETS ==
  MISSING fr-foundations fr-polite-coffee-audio /audio/french-ordering/fr-ordering-politely-answer.wav — device-speech (intentional) — referenced by lesson fr-cafe-order-foundation step fr-cafe-order-foundation-step-fr-cafe-order-foundation-listen-model, lesson fr-cafe-order-foundation legacy dictation fr-cafe-order-foundation-listen-model
  MISSING fr-foundations fr-identity-foundation-model /audio/french-foundations/fr-identity-foundation-model.wav — device-speech (intentional) — referenced by lesson fr-identity-foundation step fr-identity-foundation-step-fr-identity-foundation-listen-model, lesson fr-identity-foundation legacy dictation fr-identity-foundation-listen-model
  MISSING fr-foundations fr-people-foundation-model /audio/french-foundations/fr-people-foundation-model.wav — device-speech (intentional) — referenced by lesson fr-people-foundation step fr-people-foundation-step-fr-people-foundation-listen-model, lesson fr-people-foundation legacy dictation fr-people-foundation-listen-model
  MISSING fr-foundations fr-family-foundation-model /audio/french-foundations/fr-family-foundation-model.wav — device-speech (intentional) — referenced by lesson fr-family-foundation step fr-family-foundation-step-fr-family-foundation-listen-model, lesson fr-family-foundation legacy dictation fr-family-foundation-listen-model
  MISSING fr-foundations fr-numbers-foundation-model /audio/french-foundations/fr-numbers-foundation-model.wav — device-speech (intentional) — referenced by lesson fr-numbers-foundation step fr-numbers-foundation-step-fr-numbers-foundation-listen-model, lesson fr-numbers-foundation legacy dictation fr-numbers-foundation-listen-model
  MISSING it-foundations it-polite-coffee-audio /audio/italian/it-ordering-politely-answer.wav — device-speech (intentional) — referenced by lesson it-requests-foundation step it-requests-foundation-step-it-requests-foundation-listen, lesson it-requests-foundation legacy dictation it-requests-foundation-listen, lesson it-cafe-order-foundation step it-cafe-order-foundation-step-say, lesson it-cafe-order-foundation step it-cafe-order-foundation-step-it-cafe-order-foundation-listen-model, lesson it-cafe-order-foundation legacy dictation it-cafe-order-foundation-listen-model
  MISSING it-foundations it-identity-foundation-model /audio/italian-foundations/it-identity-foundation-model.wav — device-speech (intentional) — referenced by lesson it-identity-foundation step it-identity-foundation-step-it-identity-foundation-listen-model, lesson it-identity-foundation legacy dictation it-identity-foundation-listen-model
  MISSING it-foundations it-people-foundation-model /audio/italian-foundations/it-people-foundation-model.wav — device-speech (intentional) — referenced by lesson it-people-foundation step it-people-foundation-step-say, lesson it-people-foundation step it-people-foundation-step-it-people-foundation-listen-model, lesson it-people-foundation legacy dictation it-people-foundation-listen-model
  MISSING it-foundations it-family-foundation-model /audio/italian-foundations/it-family-foundation-model.wav — device-speech (intentional) — referenced by lesson it-family-foundation step it-family-foundation-step-say, lesson it-family-foundation step it-family-foundation-step-it-family-foundation-listen-model, lesson it-family-foundation legacy dictation it-family-foundation-listen-model
  MISSING it-foundations it-numbers-foundation-model /audio/italian-foundations/it-numbers-foundation-model.wav — device-speech (intentional) — referenced by lesson it-numbers-foundation step it-numbers-foundation-step-rb9, lesson it-numbers-foundation step it-numbers-foundation-step-rb10, lesson it-numbers-foundation legacy dictation it-numbers-foundation-listen-model
  MISSING it-foundations it-descriptions-foundation-model /audio/italian-foundations/it-descriptions-foundation-model.wav — device-speech (intentional) — referenced by lesson it-descriptions-foundation step it-descriptions-foundation-step-rb8, lesson it-descriptions-foundation step it-descriptions-foundation-step-rb10, lesson it-descriptions-foundation legacy dictation it-descriptions-foundation-listen-model
  MISSING it-foundations it-plural-foundation-model /audio/italian-foundations/it-plural-foundation-model.wav — device-speech (intentional) — referenced by lesson it-plural-foundation step it-plural-foundation-step-rb9, lesson it-plural-foundation step it-plural-foundation-step-rb10, lesson it-plural-foundation legacy dictation it-plural-foundation-listen-model
  MISSING it-foundations it-negation-foundation-model /audio/italian-foundations/it-negation-foundation-model.wav — device-speech (intentional) — referenced by lesson it-negation-foundation step it-negation-foundation-step-rb10, lesson it-negation-foundation legacy dictation it-negation-foundation-listen-model
  MISSING it-foundations it-food-foundation-model /audio/italian-foundations/it-food-foundation-model.wav — device-speech (intentional) — referenced by lesson it-food-foundation step it-food-foundation-step-say, lesson it-food-foundation step it-food-foundation-step-it-food-foundation-listen-model, lesson it-food-foundation legacy dictation it-food-foundation-listen-model
  MISSING it-foundations it-possession-foundation-model /audio/italian-foundations/it-possession-foundation-model.wav — device-speech (intentional) — referenced by lesson it-possession-foundation step it-possession-foundation-step-rb9, lesson it-possession-foundation step it-possession-foundation-step-rb10, lesson it-possession-foundation legacy dictation it-possession-foundation-listen-model
  MISSING it-foundations it-requests-foundation-model /audio/italian-foundations/it-requests-foundation-model.wav — device-speech (intentional) — referenced by lesson it-requests-foundation step it-requests-foundation-step-say, lesson it-requests-foundation step it-requests-foundation-step-it-requests-foundation-listen-model, lesson it-requests-foundation legacy dictation it-requests-foundation-listen-model
  MISSING it-foundations it-past-foundation-model /audio/italian-foundations/it-past-foundation-model.wav — device-speech (intentional) — referenced by lesson it-past-foundation step it-past-foundation-step-rb7, lesson it-past-foundation legacy dictation it-past-foundation-listen-model
  MISSING it-foundations it-plans-foundation-model /audio/italian-foundations/it-plans-foundation-model.wav — device-speech (intentional) — referenced by lesson it-plans-foundation step it-plans-foundation-step-rb9, lesson it-plans-foundation legacy dictation it-plans-foundation-listen-model
  MISSING it-foundations it-days-foundation-model /audio/italian-foundations/it-days-foundation-model.wav — device-speech (intentional) — referenced by lesson it-days-foundation step it-days-foundation-step-rb9, lesson it-days-foundation step it-days-foundation-step-rb10, lesson it-days-foundation legacy dictation it-days-foundation-listen-model
  MISSING it-foundations it-market-foundation-model /audio/italian-foundations/it-market-foundation-model.wav — device-speech (intentional) — referenced by lesson it-market-foundation step it-market-foundation-step-say, lesson it-market-foundation step it-market-foundation-step-it-market-foundation-listen-model, lesson it-market-foundation legacy dictation it-market-foundation-listen-model
  MISSING it-foundations it-emergency-foundation-model /audio/italian-foundations/it-emergency-foundation-model.wav — device-speech (intentional) — referenced by lesson it-emergency-foundation step it-emergency-foundation-step-rb10, lesson it-emergency-foundation legacy dictation it-emergency-foundation-listen-model
PASS Content media inventory: every declared asset resolves with matching type/hash, or is allowlisted for device speech
== attribution citations ==
  ok  fr-foundations fr-polite-coffee-audio: cites docs/audio-provenance/index.md — exists
  ok  it-foundations it-polite-coffee-audio: cites docs/audio-provenance/index.md — exists
  ok  it-foundations it-market-listen-audio: cites docs/audio-provenance/italian-market-listen.json — exists
PASS attribution citations: every docs/… reference resolves to a file in the repo
== listen-tracks integrity ==
  ok duration french: declared 755.58s, actual 755.640s (delta 0.060s)
  ok sections french [#0 'Welcome']: startS 0.0s
  ok sections french [#1 'Two words']: startS 13.78s
  ok sections french [#2 'Think: Marc']: startS 31.53s
  ok sections french [#3 'Marie and Paul']: startS 52.68s
  ok sections french [#4 'One letter']: startS 64.6s
  ok sections french [#5 'Think: Marie']: startS 75.48s
  ok sections french [#6 'Transfer: Sophie']: startS 95.15s
  ok sections french [#7 'Bonjour and Salut']: startS 114.78s
  ok sections french [#8 'Think: New friend']: startS 145.58s
  ok sections french [#9 'Tu and Vous']: startS 169.88s
  ok sections french [#10 'Think: Addressing a shopkeeper']: startS 203.75s
  ok sections french [#11 'Numbers: one through five']: startS 231.4s
  ok sections french [#12 'Think: six through ten']: startS 267.55s
  ok sections french [#13 'J'ai']: startS 295.07s
  ok sections french [#14 'Think: Building with J'ai']: startS 326.0s
  ok sections french [#15 'Transfer: The greeting stack']: startS 355.22s
  ok sections french [#16 'Colors: rouge, bleu, vert']: startS 390.17s
  ok sections french [#17 'Think: Color agreement']: startS 425.87s
  ok sections french [#18 'Il est']: startS 461.45s
  ok sections french [#19 'Think: What time is it?']: startS 496.37s
  ok sections french [#20 'Colors and time together']: startS 523.77s
  ok sections french [#21 'Je vais']: startS 553.82s
  ok sections french [#22 'Think: Where are you going?']: startS 584.37s
  ok sections french [#23 'Full dialogue: The bakery']: startS 621.13s
  ok sections french [#24 'Dialogue: Polite requests']: startS 654.4s
  ok sections french [#25 'Dialogue: Numbers and payment']: startS 689.0s
  ok sections french [#26 'Closing: What you built']: startS 720.1s
  ok duration italian: declared 663.92s, actual 663.984s (delta 0.064s)
  ok sections italian [#0 'Part 1: Welcome']: startS 0.0s
  ok sections italian [#1 'Part 2: Numbers framing']: startS 19.48s
  ok sections italian [#2 'Part 3: Numbers teens']: startS 36.25s
  ok sections italian [#3 'Part 4: Think number']: startS 57.78s
  ok sections italian [#4 'Part 5: Un una']: startS 71.9s
  ok sections italian [#5 'Part 6: Etto']: startS 90.95s
  ok sections italian [#6 'Part 7: Costa think']: startS 107.08s
  ok sections italian [#7 'Part 8: Costano think']: startS 125.7s
  ok sections italian [#8 'Part 9: Prices']: startS 141.75s
  ok sections italian [#9 'Part 10: Vorrei']: startS 158.25s
  ok sections italian [#10 'Part 11: Courtesy']: startS 174.03s
  ok sections italian [#11 'Part 12: Dialogue setup']: startS 186.8s
  ok sections italian [#12 'Part 13: Transfer — market to restaurant']: startS 209.77s
  ok sections italian [#13 'Part 14: At the table — ordering']: startS 243.35s
  ok sections italian [#14 'Part 15: Menu blocks']: startS 270.1s
  ok sections italian [#15 'Part 16: Think — order the pasta']: startS 294.55s
  ok sections italian [#16 'Part 17: Think — order wine and water']: startS 316.43s
  ok sections italian [#17 'Part 18: Asking for the bill']: startS 338.33s
  ok sections italian [#18 'Part 19: Think — the bill']: startS 360.65s
  ok sections italian [#19 'Part 20: Family — my father, my mother']: startS 383.4s
  ok sections italian [#20 'Part 21: Family — brother, sister, parents']: startS 407.7s
  ok sections italian [#21 'Part 22: Transfer — family meets the table']: startS 430.25s
  ok sections italian [#22 'Part 23: Think — introducing family']: startS 457.5s
  ok sections italian [#23 'Part 24: Telling time — the question']: startS 478.55s
  ok sections italian [#24 'Part 25: One o'clock']: startS 499.58s
  ok sections italian [#25 'Part 26: Two, three, eight o'clock']: startS 522.18s
  ok sections italian [#26 'Part 27: Think — building a time']: startS 543.58s
  ok sections italian [#27 'Part 28: Transfer — time plus reservation']: startS 563.68s
  ok sections italian [#28 'Part 29: Full restaurant dialogue']: startS 595.38s
  ok sections italian [#29 'Part 30: Closing']: startS 634.15s
  ok duration german: declared 772.92s, actual 772.968s (delta 0.048s)
  ok sections german [#0 'Start with a greeting']: startS 0.0s
  ok sections german [#1 'Retrieve the greeting']: startS 18.14s
  ok sections german [#2 'Introduce your name']: startS 41.33s
  ok sections german [#3 'Recall the introduction']: startS 59.03s
  ok sections german [#4 'Meet a second speaker']: startS 83.23s
  ok sections german [#5 'Change the speaker']: startS 101.32s
  ok sections german [#6 'Return to the first name']: startS 125.3s
  ok sections german [#7 'Another way to identify yourself']: startS 149.65s
  ok sections german [#8 'Choose the shorter meaning']: startS 168.24s
  ok sections german [#9 'Transfer the new block']: startS 191.81s
  ok sections german [#10 'Put a greeting before your name']: startS 215.27s
  ok sections german [#11 'Introduce yourself on arrival']: startS 233.81s
  ok sections german [#12 'Ask for coffee']: startS 259.16s
  ok sections german [#13 'Retrieve the drink request']: startS 277.05s
  ok sections german [#14 'Add politeness']: startS 300.42s
  ok sections german [#15 'Hear the complete request']: startS 315.81s
  ok sections german [#16 'Order politely']: startS 332.9s
  ok sections german [#17 'Choose a different drink']: startS 357.67s
  ok sections german [#18 'Transfer politeness to tea']: startS 375.63s
  ok sections german [#19 'Switch back to coffee']: startS 399.76s
  ok sections german [#20 'Thank the person']: startS 424.73s
  ok sections german [#21 'Retrieve a thank you']: startS 439.54s
  ok sections german [#22 'Hear a complete counter exchange']: startS 466.43s
  ok sections german [#23 'Make your first visit']: startS 485.06s
  ok sections german [#24 'Change the order to tea']: startS 511.0s
  ok sections german [#25 'Return to introductions']: startS 535.73s
  ok sections german [#26 'Choose your identity pattern']: startS 561.6s
  ok sections german [#27 'A final independent request']: startS 585.77s
  ok sections german [#28 'Numbers: one through five']: startS 613.35s
  ok sections german [#29 'Think: Counting items']: startS 646.91s
  ok sections german [#30 'Telling time']: startS 669.71s
  ok sections german [#31 'Think: Your schedule']: startS 696.12s
  ok sections german [#32 'Transfer: Restaurant arrival']: startS 715.18s
  ok sections german [#33 'Full dialogue: The restaurant']: startS 745.11s
  ok duration portuguese: declared 785.17s, actual 785.232s (delta 0.062s)
  ok sections portuguese [#0 'Start with a greeting']: startS 0.0s
  ok sections portuguese [#1 'Retrieve the greeting']: startS 18.38s
  ok sections portuguese [#2 'Introduce your name']: startS 41.8s
  ok sections portuguese [#3 'Recall the introduction']: startS 60.6s
  ok sections portuguese [#4 'Meet a second speaker']: startS 85.42s
  ok sections portuguese [#5 'Change the speaker']: startS 104.22s
  ok sections portuguese [#6 'Return to the first name']: startS 128.93s
  ok sections portuguese [#7 'Another way to identify yourself']: startS 153.9s
  ok sections portuguese [#8 'Choose the shorter meaning']: startS 173.07s
  ok sections portuguese [#9 'Transfer the new block']: startS 197.05s
  ok sections portuguese [#10 'Put a greeting before your name']: startS 221.02s
  ok sections portuguese [#11 'Introduce yourself on arrival']: startS 239.75s
  ok sections portuguese [#12 'Ask for coffee']: startS 265.27s
  ok sections portuguese [#13 'Retrieve the drink request']: startS 283.4s
  ok sections portuguese [#14 'Add politeness']: startS 307.1s
  ok sections portuguese [#15 'Hear the complete request']: startS 323.05s
  ok sections portuguese [#16 'Order politely']: startS 341.07s
  ok sections portuguese [#17 'Choose a different drink']: startS 366.77s
  ok sections portuguese [#18 'Transfer politeness to tea']: startS 384.92s
  ok sections portuguese [#19 'Switch back to coffee']: startS 410.2s
  ok sections portuguese [#20 'Thank the person']: startS 436.1s
  ok sections portuguese [#21 'Hear the other speaker form']: startS 454.02s
  ok sections portuguese [#22 'Hear a complete counter exchange']: startS 474.35s
  ok sections portuguese [#23 'Make your first visit']: startS 493.45s
  ok sections portuguese [#24 'Change the order to tea']: startS 519.85s
  ok sections portuguese [#25 'Return to introductions']: startS 544.92s
  ok sections portuguese [#26 'Choose your identity pattern']: startS 570.98s
  ok sections portuguese [#27 'A final independent request']: startS 595.55s
  ok sections portuguese [#28 'Numbers: one through five']: startS 624.28s
  ok sections portuguese [#29 'Think: Counting items']: startS 657.5s
  ok sections portuguese [#30 'Telling time']: startS 681.0s
  ok sections portuguese [#31 'Think: Your schedule']: startS 708.03s
  ok sections portuguese [#32 'Transfer: Shopping arrival']: startS 727.58s
  ok sections portuguese [#33 'Full dialogue: The café']: startS 757.43s
  ok duration spanish: declared 795.60s, actual 795.648s (delta 0.048s)
  ok sections spanish [#0 'Start with a greeting']: startS 0.0s
  ok sections spanish [#1 'Retrieve the greeting']: startS 18.27s
  ok sections spanish [#2 'Introduce your name']: startS 41.6s
  ok sections spanish [#3 'Recall the introduction']: startS 60.77s
  ok sections spanish [#4 'Meet a second speaker']: startS 85.33s
  ok sections spanish [#5 'Change the speaker']: startS 103.9s
  ok sections spanish [#6 'Return to the first name']: startS 128.38s
  ok sections spanish [#7 'Another way to identify yourself']: startS 153.07s
  ok sections spanish [#8 'Choose the shorter meaning']: startS 170.02s
  ok sections spanish [#9 'Transfer the new block']: startS 193.62s
  ok sections spanish [#10 'Put a greeting before your name']: startS 217.2s
  ok sections spanish [#11 'Introduce yourself on arrival']: startS 235.75s
  ok sections spanish [#12 'Ask for coffee']: startS 261.1s
  ok sections spanish [#13 'Retrieve the drink request']: startS 278.27s
  ok sections spanish [#14 'Add politeness']: startS 301.82s
  ok sections spanish [#15 'Hear the complete request']: startS 317.72s
  ok sections spanish [#16 'Order politely']: startS 335.25s
  ok sections spanish [#17 'Choose a different drink']: startS 360.45s
  ok sections spanish [#18 'Transfer politeness to tea']: startS 378.4s
  ok sections spanish [#19 'Switch back to coffee']: startS 403.17s
  ok sections spanish [#20 'Thank the person']: startS 428.57s
  ok sections spanish [#21 'Retrieve a thank you']: startS 443.87s
  ok sections spanish [#22 'Hear a complete counter exchange']: startS 471.25s
  ok sections spanish [#23 'Make your first visit']: startS 489.75s
  ok sections spanish [#24 'Change the order to tea']: startS 515.55s
  ok sections spanish [#25 'Return to introductions']: startS 540.05s
  ok sections spanish [#26 'Choose your identity pattern']: startS 565.92s
  ok sections spanish [#27 'A final independent request']: startS 590.12s
  ok sections spanish [#28 'Numbers: one through five']: startS 618.35s
  ok sections spanish [#29 'Think: How many?']: startS 653.48s
  ok sections spanish [#30 'Telling time']: startS 684.4s
  ok sections spanish [#31 'Think: Your schedule']: startS 713.98s
  ok sections spanish [#32 'Transfer: Restaurant arrival']: startS 735.73s
  ok sections spanish [#33 'Full dialogue: The restaurant']: startS 765.63s
== device-speech allowlist text audit ==
  PASS fr-family-foundation-model: lesson fr-family-foundation step fr-family-foundation-step-fr-family-foundation-listen-model — visible prompt/transcript
  PASS fr-family-foundation-model: lesson fr-family-foundation legacy dictation fr-family-foundation-listen-model — visible prompt/transcript
  PASS fr-identity-foundation-model: lesson fr-identity-foundation step fr-identity-foundation-step-fr-identity-foundation-listen-model — visible prompt/transcript
  PASS fr-identity-foundation-model: lesson fr-identity-foundation legacy dictation fr-identity-foundation-listen-model — visible prompt/transcript
  PASS fr-numbers-foundation-model: lesson fr-numbers-foundation step fr-numbers-foundation-step-fr-numbers-foundation-listen-model — visible prompt/transcript
  PASS fr-numbers-foundation-model: lesson fr-numbers-foundation legacy dictation fr-numbers-foundation-listen-model — visible prompt/transcript
  PASS fr-people-foundation-model: lesson fr-people-foundation step fr-people-foundation-step-fr-people-foundation-listen-model — visible prompt/transcript
  PASS fr-people-foundation-model: lesson fr-people-foundation legacy dictation fr-people-foundation-listen-model — visible prompt/transcript
  PASS fr-polite-coffee-audio: lesson fr-cafe-order-foundation step fr-cafe-order-foundation-step-fr-cafe-order-foundation-listen-model — visible prompt/transcript
  PASS fr-polite-coffee-audio: lesson fr-cafe-order-foundation legacy dictation fr-cafe-order-foundation-listen-model — visible prompt/transcript
  PASS it-days-foundation-model: lesson it-days-foundation step it-days-foundation-step-rb9 — visible prompt/transcript
  PASS it-days-foundation-model: lesson it-days-foundation step it-days-foundation-step-rb10 — visible prompt/transcript
  PASS it-days-foundation-model: lesson it-days-foundation legacy dictation it-days-foundation-listen-model — visible prompt/transcript
  PASS it-descriptions-foundation-model: lesson it-descriptions-foundation step it-descriptions-foundation-step-rb8 — visible prompt/transcript
  PASS it-descriptions-foundation-model: lesson it-descriptions-foundation step it-descriptions-foundation-step-rb10 — visible prompt/transcript
  PASS it-descriptions-foundation-model: lesson it-descriptions-foundation legacy dictation it-descriptions-foundation-listen-model — visible prompt/transcript
  PASS it-emergency-foundation-model: lesson it-emergency-foundation step it-emergency-foundation-step-rb10 — visible prompt/transcript
  PASS it-emergency-foundation-model: lesson it-emergency-foundation legacy dictation it-emergency-foundation-listen-model — visible prompt/transcript
  PASS it-family-foundation-model: lesson it-family-foundation step it-family-foundation-step-say — visible prompt/transcript
  PASS it-family-foundation-model: lesson it-family-foundation step it-family-foundation-step-it-family-foundation-listen-model — visible prompt/transcript
  PASS it-family-foundation-model: lesson it-family-foundation legacy dictation it-family-foundation-listen-model — visible prompt/transcript
  PASS it-food-foundation-model: lesson it-food-foundation step it-food-foundation-step-say — visible prompt/transcript
  PASS it-food-foundation-model: lesson it-food-foundation step it-food-foundation-step-it-food-foundation-listen-model — visible prompt/transcript
  PASS it-food-foundation-model: lesson it-food-foundation legacy dictation it-food-foundation-listen-model — visible prompt/transcript
  PASS it-identity-foundation-model: lesson it-identity-foundation step it-identity-foundation-step-it-identity-foundation-listen-model — visible prompt/transcript
  PASS it-identity-foundation-model: lesson it-identity-foundation legacy dictation it-identity-foundation-listen-model — visible prompt/transcript
  PASS it-market-foundation-model: lesson it-market-foundation step it-market-foundation-step-say — visible prompt/transcript
  PASS it-market-foundation-model: lesson it-market-foundation step it-market-foundation-step-it-market-foundation-listen-model — visible prompt/transcript
  PASS it-market-foundation-model: lesson it-market-foundation legacy dictation it-market-foundation-listen-model — visible prompt/transcript
  PASS it-negation-foundation-model: lesson it-negation-foundation step it-negation-foundation-step-rb10 — visible prompt/transcript
  PASS it-negation-foundation-model: lesson it-negation-foundation legacy dictation it-negation-foundation-listen-model — visible prompt/transcript
  PASS it-numbers-foundation-model: lesson it-numbers-foundation step it-numbers-foundation-step-rb9 — visible prompt/transcript
  PASS it-numbers-foundation-model: lesson it-numbers-foundation step it-numbers-foundation-step-rb10 — visible prompt/transcript
  PASS it-numbers-foundation-model: lesson it-numbers-foundation legacy dictation it-numbers-foundation-listen-model — visible prompt/transcript
  PASS it-past-foundation-model: lesson it-past-foundation step it-past-foundation-step-rb7 — visible prompt/transcript
  PASS it-past-foundation-model: lesson it-past-foundation legacy dictation it-past-foundation-listen-model — visible prompt/transcript
  PASS it-people-foundation-model: lesson it-people-foundation step it-people-foundation-step-say — visible prompt/transcript
  PASS it-people-foundation-model: lesson it-people-foundation step it-people-foundation-step-it-people-foundation-listen-model — visible prompt/transcript
  PASS it-people-foundation-model: lesson it-people-foundation legacy dictation it-people-foundation-listen-model — visible prompt/transcript
  PASS it-plans-foundation-model: lesson it-plans-foundation step it-plans-foundation-step-rb9 — visible prompt/transcript
  PASS it-plans-foundation-model: lesson it-plans-foundation legacy dictation it-plans-foundation-listen-model — visible prompt/transcript
  PASS it-plural-foundation-model: lesson it-plural-foundation step it-plural-foundation-step-rb9 — visible prompt/transcript
  PASS it-plural-foundation-model: lesson it-plural-foundation step it-plural-foundation-step-rb10 — visible prompt/transcript
  PASS it-plural-foundation-model: lesson it-plural-foundation legacy dictation it-plural-foundation-listen-model — visible prompt/transcript
  PASS it-polite-coffee-audio: lesson it-requests-foundation step it-requests-foundation-step-it-requests-foundation-listen — visible prompt/transcript
  PASS it-polite-coffee-audio: lesson it-requests-foundation legacy dictation it-requests-foundation-listen — visible prompt/transcript
  PASS it-polite-coffee-audio: lesson it-cafe-order-foundation step it-cafe-order-foundation-step-say — visible prompt/transcript
  PASS it-polite-coffee-audio: lesson it-cafe-order-foundation step it-cafe-order-foundation-step-it-cafe-order-foundation-listen-model — visible prompt/transcript
  PASS it-polite-coffee-audio: lesson it-cafe-order-foundation legacy dictation it-cafe-order-foundation-listen-model — visible prompt/transcript
  PASS it-possession-foundation-model: lesson it-possession-foundation step it-possession-foundation-step-rb9 — visible prompt/transcript
  PASS it-possession-foundation-model: lesson it-possession-foundation step it-possession-foundation-step-rb10 — visible prompt/transcript
  PASS it-possession-foundation-model: lesson it-possession-foundation legacy dictation it-possession-foundation-listen-model — visible prompt/transcript
  PASS it-requests-foundation-model: lesson it-requests-foundation step it-requests-foundation-step-say — visible prompt/transcript
  PASS it-requests-foundation-model: lesson it-requests-foundation step it-requests-foundation-step-it-requests-foundation-listen-model — visible prompt/transcript
  PASS it-requests-foundation-model: lesson it-requests-foundation legacy dictation it-requests-foundation-listen-model — visible prompt/transcript
PASS listen tracks: declared durations match the audio; sections are ordered and in range; every device-speech step has visible text
PASS pack + media integrity (check_packs.sh)

== Step 2/5  Editorial backlog report  (tools/audit_editorial.sh — report only, not a gate) ==
SUMMARY fr-foundations (french): total 469 — error-feedback gap 123 surfaces, hint-gap 280/347 steps, ungraded 64 information + 0 self-compare, mission/story final-response gap 2/15
SUMMARY it-foundations (italian): total 515 — error-feedback gap 143 surfaces, hint-gap 297/362 steps, ungraded 60 information + 12 self-compare, mission/story final-response gap 3/13
SUMMARY de-foundations (german): total 549 — error-feedback gap 166 surfaces, hint-gap 315/337 steps, ungraded 68 information + 0 self-compare, mission/story final-response gap 0/16
SUMMARY pt-foundations (portuguese): total 551 — error-feedback gap 167 surfaces, hint-gap 320/342 steps, ungraded 62 information + 0 self-compare, mission/story final-response gap 2/16
SUMMARY es-foundations (spanish): total 570 — error-feedback gap 170 surfaces, hint-gap 332/355 steps, ungraded 68 information + 0 self-compare, mission/story final-response gap 0/16
== OPEN-ENDED GRADING CHECK ==
EXIT-GATE (open-ended free production falsely auto-graded): PASS (0) — free-phrase 0, interrogative 0; informational: comprehension 102
SUMMARY all five packs audited; exit 0 means packs loaded — treat counts as a backlog, not a pass/fail
PASS editorial audit ran — backlog counts above are informational, not a gate

== Step 3/5  Generated lesson catalog is a faithful snapshot  (tools/gen_lesson_catalog.py) ==
PASS LessonCatalog.generated.swift regenerates byte-identically from the packs

== Step 4/5  Unit tests  (CondiscoTests) ==
Command line invocation:
    /Applications/Xcode.app/Contents/Developer/usr/bin/xcodebuild test -project Condisco.xcodeproj -scheme Condisco -destination "platform=iOS Simulator,name=iPhone 18 Pro" "-only-testing:CondiscoTests" -derivedDataPath /var/folders/3w/91hphlzs0rv_1twbkfyhvn6m0000gn/T//condisco-preflight.1kKWrm/DerivedData ONLY_ACTIVE_ARCH=YES

Build settings from command line:
    ONLY_ACTIVE_ARCH = YES

ComputePackagePrebuildTargetDependencyGraph

Prepare packages

CreateBuildRequest

SendProjectDescription

CreateBuildOperation

ComputeTargetDependencyGraph
note: Building targets in dependency order
note: Target dependency graph (4 targets)
    Target 'CondiscoUITests' in project 'Condisco'
        ➜ Explicit dependency on target 'Condisco' in project 'Condisco'
    Target 'CondiscoTests' in project 'Condisco'
        ➜ Explicit dependency on target 'Condisco' in project 'Condisco'
    Target 'Condisco' in project 'Condisco'
        ➜ Explicit dependency on target 'CondiscoWidget' in project 'Condisco'
    Target 'CondiscoWidget' in project 'Condisco' (no dependencies)

GatherProvisioningInputs

CreateBuildDescription

ExecuteExternalTool /Applications/Xcode.app/Contents/Developer/Toolchains/XcodeDefault.xctoolchain/usr/bin/swiftc --version

ExecuteExternalTool /Applications/Xcode.app/Contents/Developer/usr/bin/actool --print-asset-tag-combinations --output-format xml1 /Users/spkoehl/Projects/VerbaLibera/Condisco/Assets.xcassets

ExecuteExternalTool /Applications/Xcode.app/Contents/Developer/Toolchains/XcodeDefault.xctoolchain/usr/bin/clang -v -E -dM -isysroot /Applications/Xcode.app/Contents/Developer/Platforms/iPhoneSimulator.platform/Developer/SDKs/iPhoneSimulator27.0.sdk -x c -c /dev/null

ExecuteExternalTool /Applications/Xcode.app/Contents/Developer/Toolchains/XcodeDefault.xctoolchain/usr/bin/ld -version_details

ExecuteExternalTool /Applications/Xcode.app/Contents/Developer/usr/bin/actool --version --output-format xml1

Build description signature: 5d87f6774e82ef131d53bfab9fd4301c
Build description path: /var/folders/3w/91hphlzs0rv_1twbkfyhvn6m0000gn/T/condisco-preflight.1kKWrm/DerivedData/Build/Intermediates.noindex/XCBuildData/5d87f6774e82ef131d53bfab9fd4301c.xcbuilddata
CreateBuildDirectory /var/folders/3w/91hphlzs0rv_1twbkfyhvn6m0000gn/T/condisco-preflight.1kKWrm/DerivedData/ModuleCache.noindex
    cd /Users/spkoehl/Projects/VerbaLibera/Condisco.xcodeproj
    builtin-create-build-directory /var/folders/3w/91hphlzs0rv_1twbkfyhvn6m0000gn/T/condisco-preflight.1kKWrm/DerivedData/ModuleCache.noindex

CreateBuildDirectory /var/folders/3w/91hphlzs0rv_1twbkfyhvn6m0000gn/T/condisco-preflight.1kKWrm/DerivedData/SDKExplicitPrecompiledModules
    cd /Users/spkoehl/Projects/VerbaLibera/Condisco.xcodeproj
    builtin-create-build-directory /var/folders/3w/91hphlzs0rv_1twbkfyhvn6m0000gn/T/condisco-preflight.1kKWrm/DerivedData/SDKExplicitPrecompiledModules

CreateBuildDirectory /var/folders/3w/91hphlzs0rv_1twbkfyhvn6m0000gn/T/condisco-preflight.1kKWrm/DerivedData/CompilationCache.noindex
    cd /Users/spkoehl/Projects/VerbaLibera/Condisco.xcodeproj
    builtin-create-build-directory /var/folders/3w/91hphlzs0rv_1twbkfyhvn6m0000gn/T/condisco-preflight.1kKWrm/DerivedData/CompilationCache.noindex

ClangStatCache /Applications/Xcode.app/Contents/Developer/Toolchains/XcodeDefault.xctoolchain/usr/bin/clang-stat-cache /Applications/Xcode.app/Contents/Developer/Platforms/iPhoneSimulator.platform/Developer/SDKs/iPhoneSimulator27.0.sdk /var/folders/3w/91hphlzs0rv_1twbkfyhvn6m0000gn/T/condisco-preflight.1kKWrm/DerivedData/SDKStatCaches.noindex/iphonesimulator27.0-24A430-8dc58220667be655e1bcc261a7455254.sdkstatcache
    cd /Users/spkoehl/Projects/VerbaLibera/Condisco.xcodeproj
    /Applications/Xcode.app/Contents/Developer/Toolchains/XcodeDefault.xctoolchain/usr/bin/clang-stat-cache /Applications/Xcode.app/Contents/Developer/Platforms/iPhoneSimulator.platform/Developer/SDKs/iPhoneSimulator27.0.sdk -o /var/folders/3w/91hphlzs0rv_1twbkfyhvn6m0000gn/T/condisco-preflight.1kKWrm/DerivedData/SDKStatCaches.noindex/iphonesimulator27.0-24A430-8dc58220667be655e1bcc261a7455254.sdkstatcache

CreateBuildDirectory /var/folders/3w/91hphlzs0rv_1twbkfyhvn6m0000gn/T/condisco-preflight.1kKWrm/DerivedData/Build/Products
    cd /Users/spkoehl/Projects/VerbaLibera/Condisco.xcodeproj
    builtin-create-build-directory /var/folders/3w/91hphlzs0rv_1twbkfyhvn6m0000gn/T/condisco-preflight.1kKWrm/DerivedData/Build/Products

CreateBuildDirectory /var/folders/3w/91hphlzs0rv_1twbkfyhvn6m0000gn/T/condisco-preflight.1kKWrm/DerivedData/Build/Intermediates.noindex
    cd /Users/spkoehl/Projects/VerbaLibera/Condisco.xcodeproj
    builtin-create-build-directory /var/folders/3w/91hphlzs0rv_1twbkfyhvn6m0000gn/T/condisco-preflight.1kKWrm/DerivedData/Build/Intermediates.noindex

WriteAuxiliaryFile /var/folders/3w/91hphlzs0rv_1twbkfyhvn6m0000gn/T/condisco-preflight.1kKWrm/DerivedData/Build/Intermediates.noindex/Condisco.build/Debug-iphonesimulator/Condisco-a06d22f186627733d537732b5233bd82-VFS-iphonesimulator/all-product-headers.yaml
    cd /Users/spkoehl/Projects/VerbaLibera/Condisco.xcodeproj
    write-file /var/folders/3w/91hphlzs0rv_1twbkfyhvn6m0000gn/T/condisco-preflight.1kKWrm/DerivedData/Build/Intermediates.noindex/Condisco.build/Debug-iphonesimulator/Condisco-a06d22f186627733d537732b5233bd82-VFS-iphonesimulator/all-product-headers.yaml

CreateBuildDirectory /var/folders/3w/91hphlzs0rv_1twbkfyhvn6m0000gn/T/condisco-preflight.1kKWrm/DerivedData/Build/Intermediates.noindex/SwiftExplicitPrecompiledModules
    cd /Users/spkoehl/Projects/VerbaLibera/Condisco.xcodeproj
    builtin-create-build-directory /var/folders/3w/91hphlzs0rv_1twbkfyhvn6m0000gn/T/condisco-preflight.1kKWrm/DerivedData/Build/Intermediates.noindex/SwiftExplicitPrecompiledModules

CreateBuildDirectory /var/folders/3w/91hphlzs0rv_1twbkfyhvn6m0000gn/T/condisco-preflight.1kKWrm/DerivedData/Build/Intermediates.noindex/ExplicitPrecompiledModules
    cd /Users/spkoehl/Projects/VerbaLibera/Condisco.xcodeproj
    builtin-create-build-directory /var/folders/3w/91hphlzs0rv_1twbkfyhvn6m0000gn/T/condisco-preflight.1kKWrm/DerivedData/Build/Intermediates.noindex/ExplicitPrecompiledModules

CreateBuildDirectory /var/folders/3w/91hphlzs0rv_1twbkfyhvn6m0000gn/T/condisco-preflight.1kKWrm/DerivedData/Build/Intermediates.noindex/PrecompiledHeaders
    cd /Users/spkoehl/Projects/VerbaLibera/Condisco.xcodeproj
    builtin-create-build-directory /var/folders/3w/91hphlzs0rv_1twbkfyhvn6m0000gn/T/condisco-preflight.1kKWrm/DerivedData/Build/Intermediates.noindex/PrecompiledHeaders

CreateBuildDirectory /var/folders/3w/91hphlzs0rv_1twbkfyhvn6m0000gn/T/condisco-preflight.1kKWrm/DerivedData/Build/Intermediates.noindex/EagerLinkingTBDs/Debug-iphonesimulator
    cd /Users/spkoehl/Projects/VerbaLibera/Condisco.xcodeproj
    builtin-create-build-directory /var/folders/3w/91hphlzs0rv_1twbkfyhvn6m0000gn/T/condisco-preflight.1kKWrm/DerivedData/Build/Intermediates.noindex/EagerLinkingTBDs/Debug-iphonesimulator

CreateBuildDirectory /var/folders/3w/91hphlzs0rv_1twbkfyhvn6m0000gn/T/condisco-preflight.1kKWrm/DerivedData/Build/Products/Debug-iphonesimulator
    cd /Users/spkoehl/Projects/VerbaLibera/Condisco.xcodeproj
    builtin-create-build-directory /var/folders/3w/91hphlzs0rv_1twbkfyhvn6m0000gn/T/condisco-preflight.1kKWrm/DerivedData/Build/Products/Debug-iphonesimulator

WriteAuxiliaryFile /var/folders/3w/91hphlzs0rv_1twbkfyhvn6m0000gn/T/condisco-preflight.1kKWrm/DerivedData/Build/Intermediates.noindex/Condisco.build/Debug-iphonesimulator/CondiscoWidget.build/Objects-normal/arm64/CondiscoWidget_const_extract_protocols.json (in target 'CondiscoWidget' from project 'Condisco')
    cd /Users/spkoehl/Projects/VerbaLibera
    write-file /var/folders/3w/91hphlzs0rv_1twbkfyhvn6m0000gn/T/condisco-preflight.1kKWrm/DerivedData/Build/Intermediates.noindex/Condisco.build/Debug-iphonesimulator/CondiscoWidget.build/Objects-normal/arm64/CondiscoWidget_const_extract_protocols.json

WriteAuxiliaryFile /var/folders/3w/91hphlzs0rv_1twbkfyhvn6m0000gn/T/condisco-preflight.1kKWrm/DerivedData/Build/Intermediates.noindex/Condisco.build/Debug-iphonesimulator/CondiscoWidget.build/Objects-normal/arm64/CondiscoWidget.SwiftFileList (in target 'CondiscoWidget' from project 'Condisco')
    cd /Users/spkoehl/Projects/VerbaLibera
    write-file /var/folders/3w/91hphlzs0rv_1twbkfyhvn6m0000gn/T/condisco-preflight.1kKWrm/DerivedData/Build/Intermediates.noindex/Condisco.build/Debug-iphonesimulator/CondiscoWidget.build/Objects-normal/arm64/CondiscoWidget.SwiftFileList

WriteAuxiliaryFile /var/folders/3w/91hphlzs0rv_1twbkfyhvn6m0000gn/T/condisco-preflight.1kKWrm/DerivedData/Build/Intermediates.noindex/Condisco.build/Debug-iphonesimulator/CondiscoWidget.build/Objects-normal/arm64/CondiscoWidget.SwiftConstValuesFileList (in target 'CondiscoWidget' from project 'Condisco')
    cd /Users/spkoehl/Projects/VerbaLibera
    write-file /var/folders/3w/91hphlzs0rv_1twbkfyhvn6m0000gn/T/condisco-preflight.1kKWrm/DerivedData/Build/Intermediates.noindex/Condisco.build/Debug-iphonesimulator/CondiscoWidget.build/Objects-normal/arm64/CondiscoWidget.SwiftConstValuesFileList

WriteAuxiliaryFile /var/folders/3w/91hphlzs0rv_1twbkfyhvn6m0000gn/T/condisco-preflight.1kKWrm/DerivedData/Build/Intermediates.noindex/Condisco.build/Debug-iphonesimulator/CondiscoWidget.build/Objects-normal/arm64/CondiscoWidget.LinkFileList (in target 'CondiscoWidget' from project 'Condisco')
    cd /Users/spkoehl/Projects/VerbaLibera
    write-file /var/folders/3w/91hphlzs0rv_1twbkfyhvn6m0000gn/T/condisco-preflight.1kKWrm/DerivedData/Build/Intermediates.noindex/Condisco.build/Debug-iphonesimulator/CondiscoWidget.build/Objects-normal/arm64/CondiscoWidget.LinkFileList

WriteAuxiliaryFile /var/folders/3w/91hphlzs0rv_1twbkfyhvn6m0000gn/T/condisco-preflight.1kKWrm/DerivedData/Build/Intermediates.noindex/Condisco.build/Debug-iphonesimulator/CondiscoWidget.build/Objects-normal/arm64/CondiscoWidget-OutputFileMap.json (in target 'CondiscoWidget' from project 'Condisco')
    cd /Users/spkoehl/Projects/VerbaLibera
    write-file /var/folders/3w/91hphlzs0rv_1twbkfyhvn6m0000gn/T/condisco-preflight.1kKWrm/DerivedData/Build/Intermediates.noindex/Condisco.build/Debug-iphonesimulator/CondiscoWidget.build/Objects-normal/arm64/CondiscoWidget-OutputFileMap.json

WriteAuxiliaryFile /var/folders/3w/91hphlzs0rv_1twbkfyhvn6m0000gn/T/condisco-preflight.1kKWrm/DerivedData/Build/Intermediates.noindex/Condisco.build/Debug-iphonesimulator/CondiscoWidget.build/DerivedSources/Entitlements-Simulated.plist (in target 'CondiscoWidget' from project 'Condisco')
    cd /Users/spkoehl/Projects/VerbaLibera
    write-file /var/folders/3w/91hphlzs0rv_1twbkfyhvn6m0000gn/T/condisco-preflight.1kKWrm/DerivedData/Build/Intermediates.noindex/Condisco.build/Debug-iphonesimulator/CondiscoWidget.build/DerivedSources/Entitlements-Simulated.plist

WriteAuxiliaryFile /var/folders/3w/91hphlzs0rv_1twbkfyhvn6m0000gn/T/condisco-preflight.1kKWrm/DerivedData/Build/Intermediates.noindex/Condisco.build/Debug-iphonesimulator/CondiscoWidget.build/CondiscoWidget.hmap (in target 'CondiscoWidget' from project 'Condisco')
    cd /Users/spkoehl/Projects/VerbaLibera
    write-file /var/folders/3w/91hphlzs0rv_1twbkfyhvn6m0000gn/T/condisco-preflight.1kKWrm/DerivedData/Build/Intermediates.noindex/Condisco.build/Debug-iphonesimulator/CondiscoWidget.build/CondiscoWidget.hmap

WriteAuxiliaryFile /var/folders/3w/91hphlzs0rv_1twbkfyhvn6m0000gn/T/condisco-preflight.1kKWrm/DerivedData/Build/Intermediates.noindex/Condisco.build/Debug-iphonesimulator/CondiscoWidget.build/CondiscoWidget.DependencyStaticMetadataFileList (in target 'CondiscoWidget' from project 'Condisco')
    cd /Users/spkoehl/Projects/VerbaLibera
    write-file /var/folders/3w/91hphlzs0rv_1twbkfyhvn6m0000gn/T/condisco-preflight.1kKWrm/DerivedData/Build/Intermediates.noindex/Condisco.build/Debug-iphonesimulator/CondiscoWidget.build/CondiscoWidget.DependencyStaticMetadataFileList

WriteAuxiliaryFile /var/folders/3w/91hphlzs0rv_1twbkfyhvn6m0000gn/T/condisco-preflight.1kKWrm/DerivedData/Build/Intermediates.noindex/Condisco.build/Debug-iphonesimulator/CondiscoWidget.build/CondiscoWidget.DependencyMetadataFileList (in target 'CondiscoWidget' from project 'Condisco')
    cd /Users/spkoehl/Projects/VerbaLibera
    write-file /var/folders/3w/91hphlzs0rv_1twbkfyhvn6m0000gn/T/condisco-preflight.1kKWrm/DerivedData/Build/Intermediates.noindex/Condisco.build/Debug-iphonesimulator/CondiscoWidget.build/CondiscoWidget.DependencyMetadataFileList

WriteAuxiliaryFile /var/folders/3w/91hphlzs0rv_1twbkfyhvn6m0000gn/T/condisco-preflight.1kKWrm/DerivedData/Build/Intermediates.noindex/Condisco.build/Debug-iphonesimulator/CondiscoWidget.build/CondiscoWidget-project-headers.hmap (in target 'CondiscoWidget' from project 'Condisco')
    cd /Users/spkoehl/Projects/VerbaLibera
    write-file /var/folders/3w/91hphlzs0rv_1twbkfyhvn6m0000gn/T/condisco-preflight.1kKWrm/DerivedData/Build/Intermediates.noindex/Condisco.build/Debug-iphonesimulator/CondiscoWidget.build/CondiscoWidget-project-headers.hmap

WriteAuxiliaryFile /var/folders/3w/91hphlzs0rv_1twbkfyhvn6m0000gn/T/condisco-preflight.1kKWrm/DerivedData/Build/Intermediates.noindex/Condisco.build/Debug-iphonesimulator/CondiscoWidget.build/CondiscoWidget-own-target-headers.hmap (in target 'CondiscoWidget' from project 'Condisco')
    cd /Users/spkoehl/Projects/VerbaLibera
    write-file /var/folders/3w/91hphlzs0rv_1twbkfyhvn6m0000gn/T/condisco-preflight.1kKWrm/DerivedData/Build/Intermediates.noindex/Condisco.build/Debug-iphonesimulator/CondiscoWidget.build/CondiscoWidget-own-target-headers.hmap

WriteAuxiliaryFile /var/folders/3w/91hphlzs0rv_1twbkfyhvn6m0000gn/T/condisco-preflight.1kKWrm/DerivedData/Build/Intermediates.noindex/Condisco.build/Debug-iphonesimulator/CondiscoWidget.build/CondiscoWidget-generated-files.hmap (in target 'CondiscoWidget' from project 'Condisco')
    cd /Users/spkoehl/Projects/VerbaLibera
    write-file /var/folders/3w/91hphlzs0rv_1twbkfyhvn6m0000gn/T/condisco-preflight.1kKWrm/DerivedData/Build/Intermediates.noindex/Condisco.build/Debug-iphonesimulator/CondiscoWidget.build/CondiscoWidget-generated-files.hmap

WriteAuxiliaryFile /var/folders/3w/91hphlzs0rv_1twbkfyhvn6m0000gn/T/condisco-preflight.1kKWrm/DerivedData/Build/Intermediates.noindex/Condisco.build/Debug-iphonesimulator/CondiscoWidget.build/CondiscoWidget-all-target-headers.hmap (in target 'CondiscoWidget' from project 'Condisco')
    cd /Users/spkoehl/Projects/VerbaLibera
    write-file /var/folders/3w/91hphlzs0rv_1twbkfyhvn6m0000gn/T/condisco-preflight.1kKWrm/DerivedData/Build/Intermediates.noindex/Condisco.build/Debug-iphonesimulator/CondiscoWidget.build/CondiscoWidget-all-target-headers.hmap

WriteAuxiliaryFile /var/folders/3w/91hphlzs0rv_1twbkfyhvn6m0000gn/T/condisco-preflight.1kKWrm/DerivedData/Build/Intermediates.noindex/Condisco.build/Debug-iphonesimulator/CondiscoWidget.build/CondiscoWidget-all-non-framework-target-headers.hmap (in target 'CondiscoWidget' from project 'Condisco')
    cd /Users/spkoehl/Projects/VerbaLibera
    write-file /var/folders/3w/91hphlzs0rv_1twbkfyhvn6m0000gn/T/condisco-preflight.1kKWrm/DerivedData/Build/Intermediates.noindex/Condisco.build/Debug-iphonesimulator/CondiscoWidget.build/CondiscoWidget-all-non-framework-target-headers.hmap

WriteAuxiliaryFile /var/folders/3w/91hphlzs0rv_1twbkfyhvn6m0000gn/T/condisco-preflight.1kKWrm/DerivedData/Build/Intermediates.noindex/Condisco.build/Debug-iphonesimulator/CondiscoWidget.build/CondiscoWidget-DebugEntryPoint-normal-arm64.txt (in target 'CondiscoWidget' from project 'Condisco')
    cd /Users/spkoehl/Projects/VerbaLibera
    write-file /var/folders/3w/91hphlzs0rv_1twbkfyhvn6m0000gn/T/condisco-preflight.1kKWrm/DerivedData/Build/Intermediates.noindex/Condisco.build/Debug-iphonesimulator/CondiscoWidget.build/CondiscoWidget-DebugEntryPoint-normal-arm64.txt

WriteAuxiliaryFile /var/folders/3w/91hphlzs0rv_1twbkfyhvn6m0000gn/T/condisco-preflight.1kKWrm/DerivedData/Build/Intermediates.noindex/Condisco.build/Debug-iphonesimulator/CondiscoWidget.build/CondiscoWidget-DebugDylibPath-normal-arm64.txt (in target 'CondiscoWidget' from project 'Condisco')
    cd /Users/spkoehl/Projects/VerbaLibera
    write-file /var/folders/3w/91hphlzs0rv_1twbkfyhvn6m0000gn/T/condisco-preflight.1kKWrm/DerivedData/Build/Intermediates.noindex/Condisco.build/Debug-iphonesimulator/CondiscoWidget.build/CondiscoWidget-DebugDylibPath-normal-arm64.txt

WriteAuxiliaryFile /var/folders/3w/91hphlzs0rv_1twbkfyhvn6m0000gn/T/condisco-preflight.1kKWrm/DerivedData/Build/Intermediates.noindex/Condisco.build/Debug-iphonesimulator/CondiscoWidget.build/CondiscoWidget-DebugDylibInstallName-normal-arm64.txt (in target 'CondiscoWidget' from project 'Condisco')
    cd /Users/spkoehl/Projects/VerbaLibera
    write-file /var/folders/3w/91hphlzs0rv_1twbkfyhvn6m0000gn/T/condisco-preflight.1kKWrm/DerivedData/Build/Intermediates.noindex/Condisco.build/Debug-iphonesimulator/CondiscoWidget.build/CondiscoWidget-DebugDylibInstallName-normal-arm64.txt

WriteAuxiliaryFile /var/folders/3w/91hphlzs0rv_1twbkfyhvn6m0000gn/T/condisco-preflight.1kKWrm/DerivedData/Build/Intermediates.noindex/Condisco.build/Debug-iphonesimulator/CondiscoUITests.build/ProductTypeInfoPlistAdditions.plist (in target 'CondiscoUITests' from project 'Condisco')
    cd /Users/spkoehl/Projects/VerbaLibera
    write-file /var/folders/3w/91hphlzs0rv_1twbkfyhvn6m0000gn/T/condisco-preflight.1kKWrm/DerivedData/Build/Intermediates.noindex/Condisco.build/Debug-iphonesimulator/CondiscoUITests.build/ProductTypeInfoPlistAdditions.plist

WriteAuxiliaryFile /var/folders/3w/91hphlzs0rv_1twbkfyhvn6m0000gn/T/condisco-preflight.1kKWrm/DerivedData/Build/Intermediates.noindex/Condisco.build/Debug-iphonesimulator/CondiscoUITests.build/empty-CondiscoUITests.plist (in target 'CondiscoUITests' from project 'Condisco')
    cd /Users/spkoehl/Projects/VerbaLibera
    write-file /var/folders/3w/91hphlzs0rv_1twbkfyhvn6m0000gn/T/condisco-preflight.1kKWrm/DerivedData/Build/Intermediates.noindex/Condisco.build/Debug-iphonesimulator/CondiscoUITests.build/empty-CondiscoUITests.plist

WriteAuxiliaryFile /var/folders/3w/91hphlzs0rv_1twbkfyhvn6m0000gn/T/condisco-preflight.1kKWrm/DerivedData/Build/Intermediates.noindex/Condisco.build/Debug-iphonesimulator/CondiscoUITests.build/Objects-normal/arm64/CondiscoUITests.SwiftFileList (in target 'CondiscoUITests' from project 'Condisco')
    cd /Users/spkoehl/Projects/VerbaLibera
    write-file /var/folders/3w/91hphlzs0rv_1twbkfyhvn6m0000gn/T/condisco-preflight.1kKWrm/DerivedData/Build/Intermediates.noindex/Condisco.build/Debug-iphonesimulator/CondiscoUITests.build/Objects-normal/arm64/CondiscoUITests.SwiftFileList

WriteAuxiliaryFile /var/folders/3w/91hphlzs0rv_1twbkfyhvn6m0000gn/T/condisco-preflight.1kKWrm/DerivedData/Build/Intermediates.noindex/Condisco.build/Debug-iphonesimulator/CondiscoUITests.build/Objects-normal/arm64/CondiscoUITests_const_extract_protocols.json (in target 'CondiscoUITests' from project 'Condisco')
    cd /Users/spkoehl/Projects/VerbaLibera
    write-file /var/folders/3w/91hphlzs0rv_1twbkfyhvn6m0000gn/T/condisco-preflight.1kKWrm/DerivedData/Build/Intermediates.noindex/Condisco.build/Debug-iphonesimulator/CondiscoUITests.build/Objects-normal/arm64/CondiscoUITests_const_extract_protocols.json

WriteAuxiliaryFile /var/folders/3w/91hphlzs0rv_1twbkfyhvn6m0000gn/T/condisco-preflight.1kKWrm/DerivedData/Build/Intermediates.noindex/Condisco.build/Debug-iphonesimulator/CondiscoUITests.build/Objects-normal/arm64/CondiscoUITests.SwiftConstValuesFileList (in target 'CondiscoUITests' from project 'Condisco')
    cd /Users/spkoehl/Projects/VerbaLibera
    write-file /var/folders/3w/91hphlzs0rv_1twbkfyhvn6m0000gn/T/condisco-preflight.1kKWrm/DerivedData/Build/Intermediates.noindex/Condisco.build/Debug-iphonesimulator/CondiscoUITests.build/Objects-normal/arm64/CondiscoUITests.SwiftConstValuesFileList

WriteAuxiliaryFile /var/folders/3w/91hphlzs0rv_1twbkfyhvn6m0000gn/T/condisco-preflight.1kKWrm/DerivedData/Build/Intermediates.noindex/Condisco.build/Debug-iphonesimulator/CondiscoUITests.build/Objects-normal/arm64/CondiscoUITests.LinkFileList (in target 'CondiscoUITests' from project 'Condisco')
    cd /Users/spkoehl/Projects/VerbaLibera
    write-file /var/folders/3w/91hphlzs0rv_1twbkfyhvn6m0000gn/T/condisco-preflight.1kKWrm/DerivedData/Build/Intermediates.noindex/Condisco.build/Debug-iphonesimulator/CondiscoUITests.build/Objects-normal/arm64/CondiscoUITests.LinkFileList

WriteAuxiliaryFile /var/folders/3w/91hphlzs0rv_1twbkfyhvn6m0000gn/T/condisco-preflight.1kKWrm/DerivedData/Build/Intermediates.noindex/Condisco.build/Debug-iphonesimulator/CondiscoUITests.build/Objects-normal/arm64/CondiscoUITests-OutputFileMap.json (in target 'CondiscoUITests' from project 'Condisco')
    cd /Users/spkoehl/Projects/VerbaLibera
    write-file /var/folders/3w/91hphlzs0rv_1twbkfyhvn6m0000gn/T/condisco-preflight.1kKWrm/DerivedData/Build/Intermediates.noindex/Condisco.build/Debug-iphonesimulator/CondiscoUITests.build/Objects-normal/arm64/CondiscoUITests-OutputFileMap.json

WriteAuxiliaryFile /var/folders/3w/91hphlzs0rv_1twbkfyhvn6m0000gn/T/condisco-preflight.1kKWrm/DerivedData/Build/Intermediates.noindex/Condisco.build/Debug-iphonesimulator/CondiscoUITests.build/DerivedSources/Entitlements-Simulated.plist (in target 'CondiscoUITests' from project 'Condisco')
    cd /Users/spkoehl/Projects/VerbaLibera
    write-file /var/folders/3w/91hphlzs0rv_1twbkfyhvn6m0000gn/T/condisco-preflight.1kKWrm/DerivedData/Build/Intermediates.noindex/Condisco.build/Debug-iphonesimulator/CondiscoUITests.build/DerivedSources/Entitlements-Simulated.plist

WriteAuxiliaryFile /var/folders/3w/91hphlzs0rv_1twbkfyhvn6m0000gn/T/condisco-preflight.1kKWrm/DerivedData/Build/Intermediates.noindex/Condisco.build/Debug-iphonesimulator/CondiscoUITests.build/CondiscoUITests.hmap (in target 'CondiscoUITests' from project 'Condisco')
    cd /Users/spkoehl/Projects/VerbaLibera
    write-file /var/folders/3w/91hphlzs0rv_1twbkfyhvn6m0000gn/T/condisco-preflight.1kKWrm/DerivedData/Build/Intermediates.noindex/Condisco.build/Debug-iphonesimulator/CondiscoUITests.build/CondiscoUITests.hmap

WriteAuxiliaryFile /var/folders/3w/91hphlzs0rv_1twbkfyhvn6m0000gn/T/condisco-preflight.1kKWrm/DerivedData/Build/Intermediates.noindex/Condisco.build/Debug-iphonesimulator/CondiscoUITests.build/CondiscoUITests.DependencyStaticMetadataFileList (in target 'CondiscoUITests' from project 'Condisco')
    cd /Users/spkoehl/Projects/VerbaLibera
    write-file /var/folders/3w/91hphlzs0rv_1twbkfyhvn6m0000gn/T/condisco-preflight.1kKWrm/DerivedData/Build/Intermediates.noindex/Condisco.build/Debug-iphonesimulator/CondiscoUITests.build/CondiscoUITests.DependencyStaticMetadataFileList

WriteAuxiliaryFile /var/folders/3w/91hphlzs0rv_1twbkfyhvn6m0000gn/T/condisco-preflight.1kKWrm/DerivedData/Build/Intermediates.noindex/Condisco.build/Debug-iphonesimulator/CondiscoUITests.build/CondiscoUITests.DependencyMetadataFileList (in target 'CondiscoUITests' from project 'Condisco')
    cd /Users/spkoehl/Projects/VerbaLibera
    write-file /var/folders/3w/91hphlzs0rv_1twbkfyhvn6m0000gn/T/condisco-preflight.1kKWrm/DerivedData/Build/Intermediates.noindex/Condisco.build/Debug-iphonesimulator/CondiscoUITests.build/CondiscoUITests.DependencyMetadataFileList

WriteAuxiliaryFile /var/folders/3w/91hphlzs0rv_1twbkfyhvn6m0000gn/T/condisco-preflight.1kKWrm/DerivedData/Build/Intermediates.noindex/Condisco.build/Debug-iphonesimulator/CondiscoUITests.build/CondiscoUITests-project-headers.hmap (in target 'CondiscoUITests' from project 'Condisco')
    cd /Users/spkoehl/Projects/VerbaLibera
    write-file /var/folders/3w/91hphlzs0rv_1twbkfyhvn6m0000gn/T/condisco-preflight.1kKWrm/DerivedData/Build/Intermediates.noindex/Condisco.build/Debug-iphonesimulator/CondiscoUITests.build/CondiscoUITests-project-headers.hmap

WriteAuxiliaryFile /var/folders/3w/91hphlzs0rv_1twbkfyhvn6m0000gn/T/condisco-preflight.1kKWrm/DerivedData/Build/Intermediates.noindex/Condisco.build/Debug-iphonesimulator/CondiscoUITests.build/CondiscoUITests-own-target-headers.hmap (in target 'CondiscoUITests' from project 'Condisco')
    cd /Users/spkoehl/Projects/VerbaLibera
    write-file /var/folders/3w/91hphlzs0rv_1twbkfyhvn6m0000gn/T/condisco-preflight.1kKWrm/DerivedData/Build/Intermediates.noindex/Condisco.build/Debug-iphonesimulator/CondiscoUITests.build/CondiscoUITests-own-target-headers.hmap

WriteAuxiliaryFile /var/folders/3w/91hphlzs0rv_1twbkfyhvn6m0000gn/T/condisco-preflight.1kKWrm/DerivedData/Build/Intermediates.noindex/Condisco.build/Debug-iphonesimulator/CondiscoUITests.build/CondiscoUITests-generated-files.hmap (in target 'CondiscoUITests' from project 'Condisco')
    cd /Users/spkoehl/Projects/VerbaLibera
    write-file /var/folders/3w/91hphlzs0rv_1twbkfyhvn6m0000gn/T/condisco-preflight.1kKWrm/DerivedData/Build/Intermediates.noindex/Condisco.build/Debug-iphonesimulator/CondiscoUITests.build/CondiscoUITests-generated-files.hmap

WriteAuxiliaryFile /var/folders/3w/91hphlzs0rv_1twbkfyhvn6m0000gn/T/condisco-preflight.1kKWrm/DerivedData/Build/Intermediates.noindex/Condisco.build/Debug-iphonesimulator/CondiscoUITests.build/CondiscoUITests-all-target-headers.hmap (in target 'CondiscoUITests' from project 'Condisco')
    cd /Users/spkoehl/Projects/VerbaLibera
    write-file /var/folders/3w/91hphlzs0rv_1twbkfyhvn6m0000gn/T/condisco-preflight.1kKWrm/DerivedData/Build/Intermediates.noindex/Condisco.build/Debug-iphonesimulator/CondiscoUITests.build/CondiscoUITests-all-target-headers.hmap

WriteAuxiliaryFile /var/folders/3w/91hphlzs0rv_1twbkfyhvn6m0000gn/T/condisco-preflight.1kKWrm/DerivedData/Build/Intermediates.noindex/Condisco.build/Debug-iphonesimulator/CondiscoUITests.build/CondiscoUITests-all-non-framework-target-headers.hmap (in target 'CondiscoUITests' from project 'Condisco')
    cd /Users/spkoehl/Projects/VerbaLibera
    write-file /var/folders/3w/91hphlzs0rv_1twbkfyhvn6m0000gn/T/condisco-preflight.1kKWrm/DerivedData/Build/Intermediates.noindex/Condisco.build/Debug-iphonesimulator/CondiscoUITests.build/CondiscoUITests-all-non-framework-target-headers.hmap

WriteAuxiliaryFile /var/folders/3w/91hphlzs0rv_1twbkfyhvn6m0000gn/T/condisco-preflight.1kKWrm/DerivedData/Build/Intermediates.noindex/Condisco.build/Debug-iphonesimulator/CondiscoTests.build/empty-CondiscoTests.plist (in target 'CondiscoTests' from project 'Condisco')
    cd /Users/spkoehl/Projects/VerbaLibera
    write-file /var/folders/3w/91hphlzs0rv_1twbkfyhvn6m0000gn/T/condisco-preflight.1kKWrm/DerivedData/Build/Intermediates.noindex/Condisco.build/Debug-iphonesimulator/CondiscoTests.build/empty-CondiscoTests.plist

WriteAuxiliaryFile /var/folders/3w/91hphlzs0rv_1twbkfyhvn6m0000gn/T/condisco-preflight.1kKWrm/DerivedData/Build/Intermediates.noindex/Condisco.build/Debug-iphonesimulator/CondiscoTests.build/Objects-normal/arm64/CondiscoTests.SwiftFileList (in target 'CondiscoTests' from project 'Condisco')
    cd /Users/spkoehl/Projects/VerbaLibera
    write-file /var/folders/3w/91hphlzs0rv_1twbkfyhvn6m0000gn/T/condisco-preflight.1kKWrm/DerivedData/Build/Intermediates.noindex/Condisco.build/Debug-iphonesimulator/CondiscoTests.build/Objects-normal/arm64/CondiscoTests.SwiftFileList

WriteAuxiliaryFile /var/folders/3w/91hphlzs0rv_1twbkfyhvn6m0000gn/T/condisco-preflight.1kKWrm/DerivedData/Build/Intermediates.noindex/Condisco.build/Debug-iphonesimulator/CondiscoTests.build/Objects-normal/arm64/CondiscoTests_const_extract_protocols.json (in target 'CondiscoTests' from project 'Condisco')
    cd /Users/spkoehl/Projects/VerbaLibera
    write-file /var/folders/3w/91hphlzs0rv_1twbkfyhvn6m0000gn/T/condisco-preflight.1kKWrm/DerivedData/Build/Intermediates.noindex/Condisco.build/Debug-iphonesimulator/CondiscoTests.build/Objects-normal/arm64/CondiscoTests_const_extract_protocols.json

WriteAuxiliaryFile /var/folders/3w/91hphlzs0rv_1twbkfyhvn6m0000gn/T/condisco-preflight.1kKWrm/DerivedData/Build/Intermediates.noindex/Condisco.build/Debug-iphonesimulator/CondiscoTests.build/Objects-normal/arm64/CondiscoTests.SwiftConstValuesFileList (in target 'CondiscoTests' from project 'Condisco')
    cd /Users/spkoehl/Projects/VerbaLibera
    write-file /var/folders/3w/91hphlzs0rv_1twbkfyhvn6m0000gn/T/condisco-preflight.1kKWrm/DerivedData/Build/Intermediates.noindex/Condisco.build/Debug-iphonesimulator/CondiscoTests.build/Objects-normal/arm64/CondiscoTests.SwiftConstValuesFileList

WriteAuxiliaryFile /var/folders/3w/91hphlzs0rv_1twbkfyhvn6m0000gn/T/condisco-preflight.1kKWrm/DerivedData/Build/Intermediates.noindex/Condisco.build/Debug-iphonesimulator/CondiscoTests.build/Objects-normal/arm64/CondiscoTests.LinkFileList (in target 'CondiscoTests' from project 'Condisco')
    cd /Users/spkoehl/Projects/VerbaLibera
    write-file /var/folders/3w/91hphlzs0rv_1twbkfyhvn6m0000gn/T/condisco-preflight.1kKWrm/DerivedData/Build/Intermediates.noindex/Condisco.build/Debug-iphonesimulator/CondiscoTests.build/Objects-normal/arm64/CondiscoTests.LinkFileList

WriteAuxiliaryFile /var/folders/3w/91hphlzs0rv_1twbkfyhvn6m0000gn/T/condisco-preflight.1kKWrm/DerivedData/Build/Intermediates.noindex/Condisco.build/Debug-iphonesimulator/CondiscoTests.build/Objects-normal/arm64/CondiscoTests-OutputFileMap.json (in target 'CondiscoTests' from project 'Condisco')
    cd /Users/spkoehl/Projects/VerbaLibera
    write-file /var/folders/3w/91hphlzs0rv_1twbkfyhvn6m0000gn/T/condisco-preflight.1kKWrm/DerivedData/Build/Intermediates.noindex/Condisco.build/Debug-iphonesimulator/CondiscoTests.build/Objects-normal/arm64/CondiscoTests-OutputFileMap.json

WriteAuxiliaryFile /var/folders/3w/91hphlzs0rv_1twbkfyhvn6m0000gn/T/condisco-preflight.1kKWrm/DerivedData/Build/Intermediates.noindex/Condisco.build/Debug-iphonesimulator/CondiscoTests.build/CondiscoTests.hmap (in target 'CondiscoTests' from project 'Condisco')
    cd /Users/spkoehl/Projects/VerbaLibera
    write-file /var/folders/3w/91hphlzs0rv_1twbkfyhvn6m0000gn/T/condisco-preflight.1kKWrm/DerivedData/Build/Intermediates.noindex/Condisco.build/Debug-iphonesimulator/CondiscoTests.build/CondiscoTests.hmap

WriteAuxiliaryFile /var/folders/3w/91hphlzs0rv_1twbkfyhvn6m0000gn/T/condisco-preflight.1kKWrm/DerivedData/Build/Intermediates.noindex/Condisco.build/Debug-iphonesimulator/CondiscoTests.build/CondiscoTests.DependencyStaticMetadataFileList (in target 'CondiscoTests' from project 'Condisco')
    cd /Users/spkoehl/Projects/VerbaLibera
    write-file /var/folders/3w/91hphlzs0rv_1twbkfyhvn6m0000gn/T/condisco-preflight.1kKWrm/DerivedData/Build/Intermediates.noindex/Condisco.build/Debug-iphonesimulator/CondiscoTests.build/CondiscoTests.DependencyStaticMetadataFileList

WriteAuxiliaryFile /var/folders/3w/91hphlzs0rv_1twbkfyhvn6m0000gn/T/condisco-preflight.1kKWrm/DerivedData/Build/Intermediates.noindex/Condisco.build/Debug-iphonesimulator/CondiscoTests.build/CondiscoTests.DependencyMetadataFileList (in target 'CondiscoTests' from project 'Condisco')
    cd /Users/spkoehl/Projects/VerbaLibera
    write-file /var/folders/3w/91hphlzs0rv_1twbkfyhvn6m0000gn/T/condisco-preflight.1kKWrm/DerivedData/Build/Intermediates.noindex/Condisco.build/Debug-iphonesimulator/CondiscoTests.build/CondiscoTests.DependencyMetadataFileList

WriteAuxiliaryFile /var/folders/3w/91hphlzs0rv_1twbkfyhvn6m0000gn/T/condisco-preflight.1kKWrm/DerivedData/Build/Intermediates.noindex/Condisco.build/Debug-iphonesimulator/CondiscoTests.build/CondiscoTests-project-headers.hmap (in target 'CondiscoTests' from project 'Condisco')
    cd /Users/spkoehl/Projects/VerbaLibera
    write-file /var/folders/3w/91hphlzs0rv_1twbkfyhvn6m0000gn/T/condisco-preflight.1kKWrm/DerivedData/Build/Intermediates.noindex/Condisco.build/Debug-iphonesimulator/CondiscoTests.build/CondiscoTests-project-headers.hmap

WriteAuxiliaryFile /var/folders/3w/91hphlzs0rv_1twbkfyhvn6m0000gn/T/condisco-preflight.1kKWrm/DerivedData/Build/Intermediates.noindex/Condisco.build/Debug-iphonesimulator/CondiscoTests.build/CondiscoTests-own-target-headers.hmap (in target 'CondiscoTests' from project 'Condisco')
    cd /Users/spkoehl/Projects/VerbaLibera
    write-file /var/folders/3w/91hphlzs0rv_1twbkfyhvn6m0000gn/T/condisco-preflight.1kKWrm/DerivedData/Build/Intermediates.noindex/Condisco.build/Debug-iphonesimulator/CondiscoTests.build/CondiscoTests-own-target-headers.hmap

WriteAuxiliaryFile /var/folders/3w/91hphlzs0rv_1twbkfyhvn6m0000gn/T/condisco-preflight.1kKWrm/DerivedData/Build/Intermediates.noindex/Condisco.build/Debug-iphonesimulator/CondiscoTests.build/CondiscoTests-generated-files.hmap (in target 'CondiscoTests' from project 'Condisco')
    cd /Users/spkoehl/Projects/VerbaLibera
    write-file /var/folders/3w/91hphlzs0rv_1twbkfyhvn6m0000gn/T/condisco-preflight.1kKWrm/DerivedData/Build/Intermediates.noindex/Condisco.build/Debug-iphonesimulator/CondiscoTests.build/CondiscoTests-generated-files.hmap

WriteAuxiliaryFile /var/folders/3w/91hphlzs0rv_1twbkfyhvn6m0000gn/T/condisco-preflight.1kKWrm/DerivedData/Build/Intermediates.noindex/Condisco.build/Debug-iphonesimulator/CondiscoTests.build/CondiscoTests-all-target-headers.hmap (in target 'CondiscoTests' from project 'Condisco')
    cd /Users/spkoehl/Projects/VerbaLibera
    write-file /var/folders/3w/91hphlzs0rv_1twbkfyhvn6m0000gn/T/condisco-preflight.1kKWrm/DerivedData/Build/Intermediates.noindex/Condisco.build/Debug-iphonesimulator/CondiscoTests.build/CondiscoTests-all-target-headers.hmap

WriteAuxiliaryFile /var/folders/3w/91hphlzs0rv_1twbkfyhvn6m0000gn/T/condisco-preflight.1kKWrm/DerivedData/Build/Intermediates.noindex/Condisco.build/Debug-iphonesimulator/CondiscoTests.build/CondiscoTests-all-non-framework-target-headers.hmap (in target 'CondiscoTests' from project 'Condisco')
    cd /Users/spkoehl/Projects/VerbaLibera
    write-file /var/folders/3w/91hphlzs0rv_1twbkfyhvn6m0000gn/T/condisco-preflight.1kKWrm/DerivedData/Build/Intermediates.noindex/Condisco.build/Debug-iphonesimulator/CondiscoTests.build/CondiscoTests-all-non-framework-target-headers.hmap

WriteAuxiliaryFile /var/folders/3w/91hphlzs0rv_1twbkfyhvn6m0000gn/T/condisco-preflight.1kKWrm/DerivedData/Build/Intermediates.noindex/Condisco.build/Debug-iphonesimulator/Condisco.build/Objects-normal/arm64/Condisco_const_extract_protocols.json (in target 'Condisco' from project 'Condisco')
    cd /Users/spkoehl/Projects/VerbaLibera
    write-file /var/folders/3w/91hphlzs0rv_1twbkfyhvn6m0000gn/T/condisco-preflight.1kKWrm/DerivedData/Build/Intermediates.noindex/Condisco.build/Debug-iphonesimulator/Condisco.build/Objects-normal/arm64/Condisco_const_extract_protocols.json

WriteAuxiliaryFile /var/folders/3w/91hphlzs0rv_1twbkfyhvn6m0000gn/T/condisco-preflight.1kKWrm/DerivedData/Build/Intermediates.noindex/Condisco.build/Debug-iphonesimulator/Condisco.build/Objects-normal/arm64/Condisco.SwiftFileList (in target 'Condisco' from project 'Condisco')
    cd /Users/spkoehl/Projects/VerbaLibera
    write-file /var/folders/3w/91hphlzs0rv_1twbkfyhvn6m0000gn/T/condisco-preflight.1kKWrm/DerivedData/Build/Intermediates.noindex/Condisco.build/Debug-iphonesimulator/Condisco.build/Objects-normal/arm64/Condisco.SwiftFileList

WriteAuxiliaryFile /var/folders/3w/91hphlzs0rv_1twbkfyhvn6m0000gn/T/condisco-preflight.1kKWrm/DerivedData/Build/Intermediates.noindex/Condisco.build/Debug-iphonesimulator/Condisco.build/Objects-normal/arm64/Condisco.SwiftConstValuesFileList (in target 'Condisco' from project 'Condisco')
    cd /Users/spkoehl/Projects/VerbaLibera
    write-file /var/folders/3w/91hphlzs0rv_1twbkfyhvn6m0000gn/T/condisco-preflight.1kKWrm/DerivedData/Build/Intermediates.noindex/Condisco.build/Debug-iphonesimulator/Condisco.build/Objects-normal/arm64/Condisco.SwiftConstValuesFileList

WriteAuxiliaryFile /var/folders/3w/91hphlzs0rv_1twbkfyhvn6m0000gn/T/condisco-preflight.1kKWrm/DerivedData/Build/Intermediates.noindex/Condisco.build/Debug-iphonesimulator/Condisco.build/Objects-normal/arm64/Condisco.LinkFileList (in target 'Condisco' from project 'Condisco')
    cd /Users/spkoehl/Projects/VerbaLibera
    write-file /var/folders/3w/91hphlzs0rv_1twbkfyhvn6m0000gn/T/condisco-preflight.1kKWrm/DerivedData/Build/Intermediates.noindex/Condisco.build/Debug-iphonesimulator/Condisco.build/Objects-normal/arm64/Condisco.LinkFileList

WriteAuxiliaryFile /var/folders/3w/91hphlzs0rv_1twbkfyhvn6m0000gn/T/condisco-preflight.1kKWrm/DerivedData/Build/Intermediates.noindex/Condisco.build/Debug-iphonesimulator/Condisco.build/Objects-normal/arm64/Condisco-OutputFileMap.json (in target 'Condisco' from project 'Condisco')
    cd /Users/spkoehl/Projects/VerbaLibera
    write-file /var/folders/3w/91hphlzs0rv_1twbkfyhvn6m0000gn/T/condisco-preflight.1kKWrm/DerivedData/Build/Intermediates.noindex/Condisco.build/Debug-iphonesimulator/Condisco.build/Objects-normal/arm64/Condisco-OutputFileMap.json

WriteAuxiliaryFile /var/folders/3w/91hphlzs0rv_1twbkfyhvn6m0000gn/T/condisco-preflight.1kKWrm/DerivedData/Build/Intermediates.noindex/Condisco.build/Debug-iphonesimulator/Condisco.build/DerivedSources/Entitlements-Simulated.plist (in target 'Condisco' from project 'Condisco')
    cd /Users/spkoehl/Projects/VerbaLibera
    write-file /var/folders/3w/91hphlzs0rv_1twbkfyhvn6m0000gn/T/condisco-preflight.1kKWrm/DerivedData/Build/Intermediates.noindex/Condisco.build/Debug-iphonesimulator/Condisco.build/DerivedSources/Entitlements-Simulated.plist

WriteAuxiliaryFile /var/folders/3w/91hphlzs0rv_1twbkfyhvn6m0000gn/T/condisco-preflight.1kKWrm/DerivedData/Build/Intermediates.noindex/Condisco.build/Debug-iphonesimulator/Condisco.build/Condisco.hmap (in target 'Condisco' from project 'Condisco')
    cd /Users/spkoehl/Projects/VerbaLibera
    write-file /var/folders/3w/91hphlzs0rv_1twbkfyhvn6m0000gn/T/condisco-preflight.1kKWrm/DerivedData/Build/Intermediates.noindex/Condisco.build/Debug-iphonesimulator/Condisco.build/Condisco.hmap

WriteAuxiliaryFile /var/folders/3w/91hphlzs0rv_1twbkfyhvn6m0000gn/T/condisco-preflight.1kKWrm/DerivedData/Build/Intermediates.noindex/Condisco.build/Debug-iphonesimulator/Condisco.build/Condisco.DependencyStaticMetadataFileList (in target 'Condisco' from project 'Condisco')
    cd /Users/spkoehl/Projects/VerbaLibera
    write-file /var/folders/3w/91hphlzs0rv_1twbkfyhvn6m0000gn/T/condisco-preflight.1kKWrm/DerivedData/Build/Intermediates.noindex/Condisco.build/Debug-iphonesimulator/Condisco.build/Condisco.DependencyStaticMetadataFileList

WriteAuxiliaryFile /var/folders/3w/91hphlzs0rv_1twbkfyhvn6m0000gn/T/condisco-preflight.1kKWrm/DerivedData/Build/Intermediates.noindex/Condisco.build/Debug-iphonesimulator/Condisco.build/Condisco.DependencyMetadataFileList (in target 'Condisco' from project 'Condisco')
    cd /Users/spkoehl/Projects/VerbaLibera
    write-file /var/folders/3w/91hphlzs0rv_1twbkfyhvn6m0000gn/T/condisco-preflight.1kKWrm/DerivedData/Build/Intermediates.noindex/Condisco.build/Debug-iphonesimulator/Condisco.build/Condisco.DependencyMetadataFileList

WriteAuxiliaryFile /var/folders/3w/91hphlzs0rv_1twbkfyhvn6m0000gn/T/condisco-preflight.1kKWrm/DerivedData/Build/Intermediates.noindex/Condisco.build/Debug-iphonesimulator/Condisco.build/Condisco-project-headers.hmap (in target 'Condisco' from project 'Condisco')
    cd /Users/spkoehl/Projects/VerbaLibera
    write-file /var/folders/3w/91hphlzs0rv_1twbkfyhvn6m0000gn/T/condisco-preflight.1kKWrm/DerivedData/Build/Intermediates.noindex/Condisco.build/Debug-iphonesimulator/Condisco.build/Condisco-project-headers.hmap

WriteAuxiliaryFile /var/folders/3w/91hphlzs0rv_1twbkfyhvn6m0000gn/T/condisco-preflight.1kKWrm/DerivedData/Build/Intermediates.noindex/Condisco.build/Debug-iphonesimulator/Condisco.build/Condisco-own-target-headers.hmap (in target 'Condisco' from project 'Condisco')
    cd /Users/spkoehl/Projects/VerbaLibera
    write-file /var/folders/3w/91hphlzs0rv_1twbkfyhvn6m0000gn/T/condisco-preflight.1kKWrm/DerivedData/Build/Intermediates.noindex/Condisco.build/Debug-iphonesimulator/Condisco.build/Condisco-own-target-headers.hmap

WriteAuxiliaryFile /var/folders/3w/91hphlzs0rv_1twbkfyhvn6m0000gn/T/condisco-preflight.1kKWrm/DerivedData/Build/Intermediates.noindex/Condisco.build/Debug-iphonesimulator/Condisco.build/Condisco-generated-files.hmap (in target 'Condisco' from project 'Condisco')
    cd /Users/spkoehl/Projects/VerbaLibera
    write-file /var/folders/3w/91hphlzs0rv_1twbkfyhvn6m0000gn/T/condisco-preflight.1kKWrm/DerivedData/Build/Intermediates.noindex/Condisco.build/Debug-iphonesimulator/Condisco.build/Condisco-generated-files.hmap

WriteAuxiliaryFile /var/folders/3w/91hphlzs0rv_1twbkfyhvn6m0000gn/T/condisco-preflight.1kKWrm/DerivedData/Build/Intermediates.noindex/Condisco.build/Debug-iphonesimulator/Condisco.build/Condisco-all-target-headers.hmap (in target 'Condisco' from project 'Condisco')
    cd /Users/spkoehl/Projects/VerbaLibera
    write-file /var/folders/3w/91hphlzs0rv_1twbkfyhvn6m0000gn/T/condisco-preflight.1kKWrm/DerivedData/Build/Intermediates.noindex/Condisco.build/Debug-iphonesimulator/Condisco.build/Condisco-all-target-headers.hmap

WriteAuxiliaryFile /var/folders/3w/91hphlzs0rv_1twbkfyhvn6m0000gn/T/condisco-preflight.1kKWrm/DerivedData/Build/Intermediates.noindex/Condisco.build/Debug-iphonesimulator/Condisco.build/Condisco-all-non-framework-target-headers.hmap (in target 'Condisco' from project 'Condisco')
    cd /Users/spkoehl/Projects/VerbaLibera
    write-file /var/folders/3w/91hphlzs0rv_1twbkfyhvn6m0000gn/T/condisco-preflight.1kKWrm/DerivedData/Build/Intermediates.noindex/Condisco.build/Debug-iphonesimulator/Condisco.build/Condisco-all-non-framework-target-headers.hmap

WriteAuxiliaryFile /var/folders/3w/91hphlzs0rv_1twbkfyhvn6m0000gn/T/condisco-preflight.1kKWrm/DerivedData/Build/Intermediates.noindex/Condisco.build/Debug-iphonesimulator/Condisco.build/Condisco-DebugDylibPath-normal-arm64.txt (in target 'Condisco' from project 'Condisco')
    cd /Users/spkoehl/Projects/VerbaLibera
    write-file /var/folders/3w/91hphlzs0rv_1twbkfyhvn6m0000gn/T/condisco-preflight.1kKWrm/DerivedData/Build/Intermediates.noindex/Condisco.build/Debug-iphonesimulator/Condisco.build/Condisco-DebugDylibPath-normal-arm64.txt

WriteAuxiliaryFile /var/folders/3w/91hphlzs0rv_1twbkfyhvn6m0000gn/T/condisco-preflight.1kKWrm/DerivedData/Build/Intermediates.noindex/Condisco.build/Debug-iphonesimulator/Condisco.build/Condisco-DebugDylibInstallName-normal-arm64.txt (in target 'Condisco' from project 'Condisco')
    cd /Users/spkoehl/Projects/VerbaLibera
    write-file /var/folders/3w/91hphlzs0rv_1twbkfyhvn6m0000gn/T/condisco-preflight.1kKWrm/DerivedData/Build/Intermediates.noindex/Condisco.build/Debug-iphonesimulator/Condisco.build/Condisco-DebugDylibInstallName-normal-arm64.txt

MkDir /var/folders/3w/91hphlzs0rv_1twbkfyhvn6m0000gn/T/condisco-preflight.1kKWrm/DerivedData/Build/Products/Debug-iphonesimulator/CondiscoWidget.appex (in target 'CondiscoWidget' from project 'Condisco')
    cd /Users/spkoehl/Projects/VerbaLibera
    /bin/mkdir -p /var/folders/3w/91hphlzs0rv_1twbkfyhvn6m0000gn/T/condisco-preflight.1kKWrm/DerivedData/Build/Products/Debug-iphonesimulator/CondiscoWidget.appex

MkDir /var/folders/3w/91hphlzs0rv_1twbkfyhvn6m0000gn/T/condisco-preflight.1kKWrm/DerivedData/Build/Products/Debug-iphonesimulator/CondiscoUITests-Runner.app/PlugIns/CondiscoUITests.xctest (in target 'CondiscoUITests' from project 'Condisco')
    cd /Users/spkoehl/Projects/VerbaLibera
    /bin/mkdir -p /var/folders/3w/91hphlzs0rv_1twbkfyhvn6m0000gn/T/condisco-preflight.1kKWrm/DerivedData/Build/Products/Debug-iphonesimulator/CondiscoUITests-Runner.app/PlugIns/CondiscoUITests.xctest

MkDir /var/folders/3w/91hphlzs0rv_1twbkfyhvn6m0000gn/T/condisco-preflight.1kKWrm/DerivedData/Build/Products/Debug-iphonesimulator/Condisco.app/PlugIns/CondiscoTests.xctest (in target 'CondiscoTests' from project 'Condisco')
    cd /Users/spkoehl/Projects/VerbaLibera
    /bin/mkdir -p /var/folders/3w/91hphlzs0rv_1twbkfyhvn6m0000gn/T/condisco-preflight.1kKWrm/DerivedData/Build/Products/Debug-iphonesimulator/Condisco.app/PlugIns/CondiscoTests.xctest

MkDir /var/folders/3w/91hphlzs0rv_1twbkfyhvn6m0000gn/T/condisco-preflight.1kKWrm/DerivedData/Build/Products/Debug-iphonesimulator/Condisco.app (in target 'Condisco' from project 'Condisco')
    cd /Users/spkoehl/Projects/VerbaLibera
    /bin/mkdir -p /var/folders/3w/91hphlzs0rv_1twbkfyhvn6m0000gn/T/condisco-preflight.1kKWrm/DerivedData/Build/Products/Debug-iphonesimulator/Condisco.app

MkDir /var/folders/3w/91hphlzs0rv_1twbkfyhvn6m0000gn/T/condisco-preflight.1kKWrm/DerivedData/Build/Products/Debug-iphonesimulator/Condisco.app/PlugIns (in target 'Condisco' from project 'Condisco')
    cd /Users/spkoehl/Projects/VerbaLibera
    /bin/mkdir -p /var/folders/3w/91hphlzs0rv_1twbkfyhvn6m0000gn/T/condisco-preflight.1kKWrm/DerivedData/Build/Products/Debug-iphonesimulator/Condisco.app/PlugIns

ProcessProductPackaging /Users/spkoehl/Projects/VerbaLibera/CondiscoWidget/CondiscoWidget.entitlements /var/folders/3w/91hphlzs0rv_1twbkfyhvn6m0000gn/T/condisco-preflight.1kKWrm/DerivedData/Build/Intermediates.noindex/Condisco.build/Debug-iphonesimulator/CondiscoWidget.build/CondiscoWidget.appex.xcent (in target 'CondiscoWidget' from project 'Condisco')
    cd /Users/spkoehl/Projects/VerbaLibera
    
    Entitlements:
    
    {
}
    
    builtin-productPackagingUtility /Users/spkoehl/Projects/VerbaLibera/CondiscoWidget/CondiscoWidget.entitlements -entitlements -format xml -o /var/folders/3w/91hphlzs0rv_1twbkfyhvn6m0000gn/T/condisco-preflight.1kKWrm/DerivedData/Build/Intermediates.noindex/Condisco.build/Debug-iphonesimulator/CondiscoWidget.build/CondiscoWidget.appex.xcent

ProcessProductPackaging /Users/spkoehl/Projects/VerbaLibera/CondiscoWidget/CondiscoWidget.entitlements /var/folders/3w/91hphlzs0rv_1twbkfyhvn6m0000gn/T/condisco-preflight.1kKWrm/DerivedData/Build/Intermediates.noindex/Condisco.build/Debug-iphonesimulator/CondiscoWidget.build/CondiscoWidget.appex-Simulated.xcent (in target 'CondiscoWidget' from project 'Condisco')
    cd /Users/spkoehl/Projects/VerbaLibera
    
    Entitlements:
    
    {
    "application-identifier" = "PN9T9MT37J.com.sleuthysloth.condisco.CondiscoWidget";
    "com.apple.security.application-groups" =     (
        "group.com.sleuthysloth.condisco"
    );
}
    
    builtin-productPackagingUtility /Users/spkoehl/Projects/VerbaLibera/CondiscoWidget/CondiscoWidget.entitlements -entitlements -format xml -o /var/folders/3w/91hphlzs0rv_1twbkfyhvn6m0000gn/T/condisco-preflight.1kKWrm/DerivedData/Build/Intermediates.noindex/Condisco.build/Debug-iphonesimulator/CondiscoWidget.build/CondiscoWidget.appex-Simulated.xcent

ProcessProductPackagingDER /var/folders/3w/91hphlzs0rv_1twbkfyhvn6m0000gn/T/condisco-preflight.1kKWrm/DerivedData/Build/Intermediates.noindex/Condisco.build/Debug-iphonesimulator/CondiscoWidget.build/CondiscoWidget.appex.xcent /var/folders/3w/91hphlzs0rv_1twbkfyhvn6m0000gn/T/condisco-preflight.1kKWrm/DerivedData/Build/Intermediates.noindex/Condisco.build/Debug-iphonesimulator/CondiscoWidget.build/CondiscoWidget.appex.xcent.der (in target 'CondiscoWidget' from project 'Condisco')
    cd /Users/spkoehl/Projects/VerbaLibera
    /usr/bin/derq query -f xml -i /var/folders/3w/91hphlzs0rv_1twbkfyhvn6m0000gn/T/condisco-preflight.1kKWrm/DerivedData/Build/Intermediates.noindex/Condisco.build/Debug-iphonesimulator/CondiscoWidget.build/CondiscoWidget.appex.xcent -o /var/folders/3w/91hphlzs0rv_1twbkfyhvn6m0000gn/T/condisco-preflight.1kKWrm/DerivedData/Build/Intermediates.noindex/Condisco.build/Debug-iphonesimulator/CondiscoWidget.build/CondiscoWidget.appex.xcent.der --raw

ProcessProductPackagingDER /var/folders/3w/91hphlzs0rv_1twbkfyhvn6m0000gn/T/condisco-preflight.1kKWrm/DerivedData/Build/Intermediates.noindex/Condisco.build/Debug-iphonesimulator/CondiscoWidget.build/CondiscoWidget.appex-Simulated.xcent /var/folders/3w/91hphlzs0rv_1twbkfyhvn6m0000gn/T/condisco-preflight.1kKWrm/DerivedData/Build/Intermediates.noindex/Condisco.build/Debug-iphonesimulator/CondiscoWidget.build/CondiscoWidget.appex-Simulated.xcent.der (in target 'CondiscoWidget' from project 'Condisco')
    cd /Users/spkoehl/Projects/VerbaLibera
    /usr/bin/derq query -f xml -i /var/folders/3w/91hphlzs0rv_1twbkfyhvn6m0000gn/T/condisco-preflight.1kKWrm/DerivedData/Build/Intermediates.noindex/Condisco.build/Debug-iphonesimulator/CondiscoWidget.build/CondiscoWidget.appex-Simulated.xcent -o /var/folders/3w/91hphlzs0rv_1twbkfyhvn6m0000gn/T/condisco-preflight.1kKWrm/DerivedData/Build/Intermediates.noindex/Condisco.build/Debug-iphonesimulator/CondiscoWidget.build/CondiscoWidget.appex-Simulated.xcent.der --raw

ProcessInfoPlistFile /var/folders/3w/91hphlzs0rv_1twbkfyhvn6m0000gn/T/condisco-preflight.1kKWrm/DerivedData/Build/Products/Debug-iphonesimulator/CondiscoWidget.appex/Info.plist /Users/spkoehl/Projects/VerbaLibera/CondiscoWidget/Info.plist (in target 'CondiscoWidget' from project 'Condisco')
    cd /Users/spkoehl/Projects/VerbaLibera
    builtin-infoPlistUtility /Users/spkoehl/Projects/VerbaLibera/CondiscoWidget/Info.plist -producttype com.apple.product-type.app-extension -expandbuildsettings -format binary -platform iphonesimulator -o /var/folders/3w/91hphlzs0rv_1twbkfyhvn6m0000gn/T/condisco-preflight.1kKWrm/DerivedData/Build/Products/Debug-iphonesimulator/CondiscoWidget.appex/Info.plist

Ld /var/folders/3w/91hphlzs0rv_1twbkfyhvn6m0000gn/T/condisco-preflight.1kKWrm/DerivedData/Build/Products/Debug-iphonesimulator/CondiscoWidget.appex/__preview.dylib normal (in target 'CondiscoWidget' from project 'Condisco')
    cd /Users/spkoehl/Projects/VerbaLibera
    /Applications/Xcode.app/Contents/Developer/Toolchains/XcodeDefault.xctoolchain/usr/bin/clang -Xlinker -reproducible -target arm64-apple-ios17.0-simulator -dynamiclib -isysroot /Applications/Xcode.app/Contents/Developer/Platforms/iPhoneSimulator.platform/Developer/SDKs/iPhoneSimulator27.0.sdk -O0 -Xlinker -no_warn_duplicate_libraries -L/var/folders/3w/91hphlzs0rv_1twbkfyhvn6m0000gn/T/condisco-preflight.1kKWrm/DerivedData/Build/Products/Debug-iphonesimulator -F/var/folders/3w/91hphlzs0rv_1twbkfyhvn6m0000gn/T/condisco-preflight.1kKWrm/DerivedData/Build/Products/Debug-iphonesimulator -install_name @rpath/CondiscoWidget.debug.dylib -Xlinker -dead_strip -rdynamic -Xlinker -no_deduplicate -Xlinker -objc_abi_version -Xlinker 2 -Xlinker -dependency_info -Xlinker /var/folders/3w/91hphlzs0rv_1twbkfyhvn6m0000gn/T/condisco-preflight.1kKWrm/DerivedData/Build/Intermediates.noindex/Condisco.build/Debug-iphonesimulator/CondiscoWidget.build/Objects-normal/arm64/CondiscoWidget_dependency_info.dat -Xlinker -sectcreate -Xlinker __TEXT -Xlinker __entitlements -Xlinker /var/folders/3w/91hphlzs0rv_1twbkfyhvn6m0000gn/T/condisco-preflight.1kKWrm/DerivedData/Build/Intermediates.noindex/Condisco.build/Debug-iphonesimulator/CondiscoWidget.build/CondiscoWidget.appex-Simulated.xcent -Xlinker -sectcreate -Xlinker __TEXT -Xlinker __ents_der -Xlinker /var/folders/3w/91hphlzs0rv_1twbkfyhvn6m0000gn/T/condisco-preflight.1kKWrm/DerivedData/Build/Intermediates.noindex/Condisco.build/Debug-iphonesimulator/CondiscoWidget.build/CondiscoWidget.appex-Simulated.xcent.der -Xlinker -no_adhoc_codesign -o /var/folders/3w/91hphlzs0rv_1twbkfyhvn6m0000gn/T/condisco-preflight.1kKWrm/DerivedData/Build/Products/Debug-iphonesimulator/CondiscoWidget.appex/__preview.dylib

SwiftDriver CondiscoWidget normal arm64 com.apple.xcode.tools.swift.compiler (in target 'CondiscoWidget' from project 'Condisco')
    cd /Users/spkoehl/Projects/VerbaLibera
    builtin-SwiftDriver -- /Applications/Xcode.app/Contents/Developer/Toolchains/XcodeDefault.xctoolchain/usr/bin/swiftc -module-name CondiscoWidget -Onone @/var/folders/3w/91hphlzs0rv_1twbkfyhvn6m0000gn/T/condisco-preflight.1kKWrm/DerivedData/Build/Intermediates.noindex/Condisco.build/Debug-iphonesimulator/CondiscoWidget.build/Objects-normal/arm64/CondiscoWidget.SwiftFileList -DDEBUG -enable-bare-slash-regex -enable-experimental-feature DebugDescriptionMacro -sdk /Applications/Xcode.app/Contents/Developer/Platforms/iPhoneSimulator.platform/Developer/SDKs/iPhoneSimulator27.0.sdk -target arm64-apple-ios17.0-simulator -g -module-cache-path /var/folders/3w/91hphlzs0rv_1twbkfyhvn6m0000gn/T/condisco-preflight.1kKWrm/DerivedData/ModuleCache.noindex -Xfrontend -serialize-debugging-options -application-extension -enable-testing -index-store-path /var/folders/3w/91hphlzs0rv_1twbkfyhvn6m0000gn/T/condisco-preflight.1kKWrm/DerivedData/Index.noindex/DataStore -Xcc -D_LIBCPP_HARDENING_MODE\=_LIBCPP_HARDENING_MODE_DEBUG -swift-version 5 -I /var/folders/3w/91hphlzs0rv_1twbkfyhvn6m0000gn/T/condisco-preflight.1kKWrm/DerivedData/Build/Products/Debug-iphonesimulator -F /var/folders/3w/91hphlzs0rv_1twbkfyhvn6m0000gn/T/condisco-preflight.1kKWrm/DerivedData/Build/Products/Debug-iphonesimulator -emit-localized-strings -emit-localized-strings-path /var/folders/3w/91hphlzs0rv_1twbkfyhvn6m0000gn/T/condisco-preflight.1kKWrm/DerivedData/Build/Intermediates.noindex/Condisco.build/Debug-iphonesimulator/CondiscoWidget.build/Objects-normal/arm64 -c -j6 -enable-batch-mode -incremental -Xcc -ivfsstatcache -Xcc /var/folders/3w/91hphlzs0rv_1twbkfyhvn6m0000gn/T/condisco-preflight.1kKWrm/DerivedData/SDKStatCaches.noindex/iphonesimulator27.0-24A430-8dc58220667be655e1bcc261a7455254.sdkstatcache -output-file-map /var/folders/3w/91hphlzs0rv_1twbkfyhvn6m0000gn/T/condisco-preflight.1kKWrm/DerivedData/Build/Intermediates.noindex/Condisco.build/Debug-iphonesimulator/CondiscoWidget.build/Objects-normal/arm64/CondiscoWidget-OutputFileMap.json -save-temps -no-color-diagnostics -explicit-module-build -module-cache-path /var/folders/3w/91hphlzs0rv_1twbkfyhvn6m0000gn/T/condisco-preflight.1kKWrm/DerivedData/Build/Intermediates.noindex/SwiftExplicitPrecompiledModules -clang-scanner-module-cache-path /var/folders/3w/91hphlzs0rv_1twbkfyhvn6m0000gn/T/condisco-preflight.1kKWrm/DerivedData/ModuleCache.noindex -sdk-module-cache-path /var/folders/3w/91hphlzs0rv_1twbkfyhvn6m0000gn/T/condisco-preflight.1kKWrm/DerivedData/SDKExplicitPrecompiledModules -emit-dependencies -emit-module -emit-module-path /var/folders/3w/91hphlzs0rv_1twbkfyhvn6m0000gn/T/condisco-preflight.1kKWrm/DerivedData/Build/Intermediates.noindex/Condisco.build/Debug-iphonesimulator/CondiscoWidget.build/Objects-normal/arm64/CondiscoWidget.swiftmodule -serialize-diagnostics -dependency-scan-serialize-diagnostics-path /var/folders/3w/91hphlzs0rv_1twbkfyhvn6m0000gn/T/condisco-preflight.1kKWrm/DerivedData/Build/Intermediates.noindex/Condisco.build/Debug-iphonesimulator/CondiscoWidget.build/Objects-normal/arm64/CondiscoWidget-dependency-scan.dia -validate-clang-modules-once -clang-build-session-file /var/folders/3w/91hphlzs0rv_1twbkfyhvn6m0000gn/T/condisco-preflight.1kKWrm/DerivedData/ModuleCache.noindex/Session.modulevalidation -Xcc -fmodules-prune-interval\=86400 -Xcc -fmodules-prune-after\=345600 -emit-const-values -const-gather-protocols-list /var/folders/3w/91hphlzs0rv_1twbkfyhvn6m0000gn/T/condisco-preflight.1kKWrm/DerivedData/Build/Intermediates.noindex/Condisco.build/Debug-iphonesimulator/CondiscoWidget.build/Objects-normal/arm64/CondiscoWidget_const_extract_protocols.json -Xcc -iquote -Xcc /var/folders/3w/91hphlzs0rv_1twbkfyhvn6m0000gn/T/condisco-preflight.1kKWrm/DerivedData/Build/Intermediates.noindex/Condisco.build/Debug-iphonesimulator/CondiscoWidget.build/CondiscoWidget-generated-files.hmap -Xcc -I/var/folders/3w/91hphlzs0rv_1twbkfyhvn6m0000gn/T/condisco-preflight.1kKWrm/DerivedData/Build/Intermediates.noindex/Condisco.build/Debug-iphonesimulator/CondiscoWidget.build/CondiscoWidget-own-target-headers.hmap -Xcc -I/var/folders/3w/91hphlzs0rv_1twbkfyhvn6m0000gn/T/condisco-preflight.1kKWrm/DerivedData/Build/Intermediates.noindex/Condisco.build/Debug-iphonesimulator/CondiscoWidget.build/CondiscoWidget-all-target-headers.hmap -Xcc -iquote -Xcc /var/folders/3w/91hphlzs0rv_1twbkfyhvn6m0000gn/T/condisco-preflight.1kKWrm/DerivedData/Build/Intermediates.noindex/Condisco.build/Debug-iphonesimulator/CondiscoWidget.build/CondiscoWidget-project-headers.hmap -Xcc -I/var/folders/3w/91hphlzs0rv_1twbkfyhvn6m0000gn/T/condisco-preflight.1kKWrm/DerivedData/Build/Products/Debug-iphonesimulator/include -Xcc -I/var/folders/3w/91hphlzs0rv_1twbkfyhvn6m0000gn/T/condisco-preflight.1kKWrm/DerivedData/Build/Intermediates.noindex/Condisco.build/Debug-iphonesimulator/CondiscoWidget.build/DerivedSources-normal/arm64 -Xcc -I/var/folders/3w/91hphlzs0rv_1twbkfyhvn6m0000gn/T/condisco-preflight.1kKWrm/DerivedData/Build/Intermediates.noindex/Condisco.build/Debug-iphonesimulator/CondiscoWidget.build/DerivedSources/arm64 -Xcc -I/var/folders/3w/91hphlzs0rv_1twbkfyhvn6m0000gn/T/condisco-preflight.1kKWrm/DerivedData/Build/Intermediates.noindex/Condisco.build/Debug-iphonesimulator/CondiscoWidget.build/DerivedSources -Xcc -DDEBUG\=1 -Xcc -DDEBUG\=1 -emit-objc-header -emit-objc-header-path /var/folders/3w/91hphlzs0rv_1twbkfyhvn6m0000gn/T/condisco-preflight.1kKWrm/DerivedData/Build/Intermediates.noindex/Condisco.build/Debug-iphonesimulator/CondiscoWidget.build/Objects-normal/arm64/CondiscoWidget-Swift.h -working-directory /Users/spkoehl/Projects/VerbaLibera -experimental-emit-module-separately -disable-cmo

SwiftExplicitDependencyGeneratePcm arm64 /var/folders/3w/91hphlzs0rv_1twbkfyhvn6m0000gn/T/condisco-preflight.1kKWrm/DerivedData/SDKExplicitPrecompiledModules/_Builtin_stddef-BZW9J2MYBFW113J5MV90Y3LRL.pcm

SwiftExplicitDependencyGeneratePcm arm64 /var/folders/3w/91hphlzs0rv_1twbkfyhvn6m0000gn/T/condisco-preflight.1kKWrm/DerivedData/SDKExplicitPrecompiledModules/_Builtin_float-AUGZKUDTFJAVZGYB4AZ23CGW4.pcm

SwiftExplicitDependencyGeneratePcm arm64 /var/folders/3w/91hphlzs0rv_1twbkfyhvn6m0000gn/T/condisco-preflight.1kKWrm/DerivedData/SDKExplicitPrecompiledModules/ptrcheck-8N8BRNN2KAOY1K2AQVP7U152E.pcm

SwiftExplicitDependencyGeneratePcm arm64 /var/folders/3w/91hphlzs0rv_1twbkfyhvn6m0000gn/T/condisco-preflight.1kKWrm/DerivedData/SDKExplicitPrecompiledModules/ActivityKit-6BMIQDFYLE5OAT5RSMFEKWFJ5.pcm

SwiftExplicitDependencyGeneratePcm arm64 /var/folders/3w/91hphlzs0rv_1twbkfyhvn6m0000gn/T/condisco-preflight.1kKWrm/DerivedData/SDKExplicitPrecompiledModules/_Builtin_stdarg-22432LZ6CAHDRF5A337MJ69HB.pcm

SwiftExplicitDependencyGeneratePcm arm64 /var/folders/3w/91hphlzs0rv_1twbkfyhvn6m0000gn/T/condisco-preflight.1kKWrm/DerivedData/SDKExplicitPrecompiledModules/_AvailabilityInternal-3UPTC2V0D2N5IP7BVT4150LQ5.pcm

SwiftExplicitDependencyGeneratePcm arm64 /var/folders/3w/91hphlzs0rv_1twbkfyhvn6m0000gn/T/condisco-preflight.1kKWrm/DerivedData/SDKExplicitPrecompiledModules/SwiftShims-3Z1X9ZQQ4WEOHMIDZETNZGNHF.pcm

SwiftExplicitDependencyGeneratePcm arm64 /var/folders/3w/91hphlzs0rv_1twbkfyhvn6m0000gn/T/condisco-preflight.1kKWrm/DerivedData/SDKExplicitPrecompiledModules/ptrauth-ASDCVBRJ6S3ZE2MOBLTX6BERG.pcm

SwiftExplicitDependencyGeneratePcm arm64 /var/folders/3w/91hphlzs0rv_1twbkfyhvn6m0000gn/T/condisco-preflight.1kKWrm/DerivedData/SDKExplicitPrecompiledModules/DeveloperToolsSupport-F3JXV886EPWRN4NXC3WWCOOPV.pcm

SwiftExplicitDependencyGeneratePcm arm64 /var/folders/3w/91hphlzs0rv_1twbkfyhvn6m0000gn/T/condisco-preflight.1kKWrm/DerivedData/SDKExplicitPrecompiledModules/_SwiftConcurrencyShims-EMV8Y4YI82HYWNTUMYF8O3R0E.pcm

SwiftExplicitDependencyGeneratePcm arm64 /var/folders/3w/91hphlzs0rv_1twbkfyhvn6m0000gn/T/condisco-preflight.1kKWrm/DerivedData/SDKExplicitPrecompiledModules/_Builtin_stdbool-2M6HZ2GPHRO3OJ6OJRXYFOKVL.pcm

SwiftExplicitDependencyGeneratePcm arm64 /var/folders/3w/91hphlzs0rv_1twbkfyhvn6m0000gn/T/condisco-preflight.1kKWrm/DerivedData/SDKExplicitPrecompiledModules/_DarwinFoundation1-BSM9EBR2Z139BO2SCWO9L0TOK.pcm

SwiftExplicitDependencyGeneratePcm arm64 /var/folders/3w/91hphlzs0rv_1twbkfyhvn6m0000gn/T/condisco-preflight.1kKWrm/DerivedData/SDKExplicitPrecompiledModules/_Builtin_limits-C6K26Z71K43WXRETDOU3A8O2Z.pcm

SwiftExplicitDependencyGeneratePcm arm64 /var/folders/3w/91hphlzs0rv_1twbkfyhvn6m0000gn/T/condisco-preflight.1kKWrm/DerivedData/SDKExplicitPrecompiledModules/_DarwinFoundation2-3EWGJX6VL8763B162SBOY8N1X.pcm

SwiftExplicitDependencyGeneratePcm arm64 /var/folders/3w/91hphlzs0rv_1twbkfyhvn6m0000gn/T/condisco-preflight.1kKWrm/DerivedData/SDKExplicitPrecompiledModules/ExtensionFoundation-3J0EMQJDAPRLEADLZKD4Q3QA2.pcm

SwiftExplicitDependencyGeneratePcm arm64 /var/folders/3w/91hphlzs0rv_1twbkfyhvn6m0000gn/T/condisco-preflight.1kKWrm/DerivedData/SDKExplicitPrecompiledModules/sys_types-E2QYDR6NN4N93APMS88PC4Y3C.pcm

SwiftExplicitDependencyGeneratePcm arm64 /var/folders/3w/91hphlzs0rv_1twbkfyhvn6m0000gn/T/condisco-preflight.1kKWrm/DerivedData/SDKExplicitPrecompiledModules/_Builtin_tgmath-CLSLH8BJGYENPCMF7SFL7MO2I.pcm

SwiftExplicitDependencyGeneratePcm arm64 /var/folders/3w/91hphlzs0rv_1twbkfyhvn6m0000gn/T/condisco-preflight.1kKWrm/DerivedData/SDKExplicitPrecompiledModules/_Builtin_stdint-CN5H4DY82N5FOHJWANHG6F1T4.pcm

SwiftExplicitDependencyGeneratePcm arm64 /var/folders/3w/91hphlzs0rv_1twbkfyhvn6m0000gn/T/condisco-preflight.1kKWrm/DerivedData/SDKExplicitPrecompiledModules/string_h-3QBMWODDGI1NT68OMCZUBY2H0.pcm

SwiftExplicitDependencyGeneratePcm arm64 /var/folders/3w/91hphlzs0rv_1twbkfyhvn6m0000gn/T/condisco-preflight.1kKWrm/DerivedData/SDKExplicitPrecompiledModules/_Builtin_stdatomic-D6O1VNFR0Z4ERL838BFRT1IP5.pcm

SwiftExplicitDependencyGeneratePcm arm64 /var/folders/3w/91hphlzs0rv_1twbkfyhvn6m0000gn/T/condisco-preflight.1kKWrm/DerivedData/SDKExplicitPrecompiledModules/_Builtin_intrinsics-EEL36RNRY4NHIU2YV1B8Y5S4Z.pcm

SwiftExplicitDependencyGeneratePcm arm64 /var/folders/3w/91hphlzs0rv_1twbkfyhvn6m0000gn/T/condisco-preflight.1kKWrm/DerivedData/SDKExplicitPrecompiledModules/_DarwinFoundation3-3ZGY12V2TSZBRXM4HVQW3RZP6.pcm

SwiftExplicitDependencyGeneratePcm arm64 /var/folders/3w/91hphlzs0rv_1twbkfyhvn6m0000gn/T/condisco-preflight.1kKWrm/DerivedData/SDKExplicitPrecompiledModules/_Builtin_inttypes-AMRBBA0DYO8YKCTOD9OT4H7BO.pcm

SwiftExplicitDependencyGeneratePcm arm64 /var/folders/3w/91hphlzs0rv_1twbkfyhvn6m0000gn/T/condisco-preflight.1kKWrm/DerivedData/SDKExplicitPrecompiledModules/Darwin-BLRL63QZ6YL0SLD2PEYTXEEBE.pcm

SwiftExplicitDependencyGeneratePcm arm64 /var/folders/3w/91hphlzs0rv_1twbkfyhvn6m0000gn/T/condisco-preflight.1kKWrm/DerivedData/SDKExplicitPrecompiledModules/simd-79G9Q23FHKCLWJLCGF2YTMYEA.pcm

SwiftExplicitDependencyGeneratePcm arm64 /var/folders/3w/91hphlzs0rv_1twbkfyhvn6m0000gn/T/condisco-preflight.1kKWrm/DerivedData/SDKExplicitPrecompiledModules/ObjectiveC-C8ZM5LUW23CY69HK222H7F54R.pcm

SwiftExplicitDependencyGeneratePcm arm64 /var/folders/3w/91hphlzs0rv_1twbkfyhvn6m0000gn/T/condisco-preflight.1kKWrm/DerivedData/SDKExplicitPrecompiledModules/MachO-VUUNSVQZDZ071OWVNI7UJ9KN.pcm

SwiftExplicitDependencyGeneratePcm arm64 /var/folders/3w/91hphlzs0rv_1twbkfyhvn6m0000gn/T/condisco-preflight.1kKWrm/DerivedData/SDKExplicitPrecompiledModules/os_object-CKX893M5TSL2ZDMDN474X5CTC.pcm

SwiftExplicitDependencyGeneratePcm arm64 /var/folders/3w/91hphlzs0rv_1twbkfyhvn6m0000gn/T/condisco-preflight.1kKWrm/DerivedData/SDKExplicitPrecompiledModules/os_workgroup-81RD8K6KPBEV9EZDTCO9LCGJ5.pcm

SwiftExplicitDependencyGeneratePcm arm64 /var/folders/3w/91hphlzs0rv_1twbkfyhvn6m0000gn/T/condisco-preflight.1kKWrm/DerivedData/SDKExplicitPrecompiledModules/Dispatch-3W151SNB8Y90NT92ACKRPT79X.pcm

SwiftExplicitDependencyGeneratePcm arm64 /var/folders/3w/91hphlzs0rv_1twbkfyhvn6m0000gn/T/condisco-preflight.1kKWrm/DerivedData/SDKExplicitPrecompiledModules/Spatial-70EA46LKIAVGZ9PB9FHFH4PB8.pcm

SwiftExplicitDependencyGeneratePcm arm64 /var/folders/3w/91hphlzs0rv_1twbkfyhvn6m0000gn/T/condisco-preflight.1kKWrm/DerivedData/SDKExplicitPrecompiledModules/CoreFoundation-3KACLWW40ELDOEFO8U7554F2P.pcm

SwiftExplicitDependencyGeneratePcm arm64 /var/folders/3w/91hphlzs0rv_1twbkfyhvn6m0000gn/T/condisco-preflight.1kKWrm/DerivedData/SDKExplicitPrecompiledModules/dnssd-60ANTNXAGU846QOL71A5JEPLN.pcm

SwiftExplicitDependencyGeneratePcm arm64 /var/folders/3w/91hphlzs0rv_1twbkfyhvn6m0000gn/T/condisco-preflight.1kKWrm/DerivedData/SDKExplicitPrecompiledModules/XPC-4NTHOJAIQGM09OQXEX9NCVNJN.pcm

SwiftExplicitDependencyGeneratePcm arm64 /var/folders/3w/91hphlzs0rv_1twbkfyhvn6m0000gn/T/condisco-preflight.1kKWrm/DerivedData/SDKExplicitPrecompiledModules/os-DVRLIE1YUPEJL56W2LMZG7KCP.pcm

SwiftExplicitDependencyGeneratePcm arm64 /var/folders/3w/91hphlzs0rv_1twbkfyhvn6m0000gn/T/condisco-preflight.1kKWrm/DerivedData/SDKExplicitPrecompiledModules/CoreAudioTypes-BBL2XGW5OAAM54PGOPG17EWIX.pcm

SwiftExplicitDependencyGeneratePcm arm64 /var/folders/3w/91hphlzs0rv_1twbkfyhvn6m0000gn/T/condisco-preflight.1kKWrm/DerivedData/SDKExplicitPrecompiledModules/Security-5YKO8IFOHEAN67CI5YL8RW3OA.pcm

SwiftExplicitDependencyGeneratePcm arm64 /var/folders/3w/91hphlzs0rv_1twbkfyhvn6m0000gn/T/condisco-preflight.1kKWrm/DerivedData/SDKExplicitPrecompiledModules/CFNetwork-1N5A3C3ZAMPD1NJKDIGB9XJJ9.pcm

SwiftExplicitDependencyGeneratePcm arm64 /var/folders/3w/91hphlzs0rv_1twbkfyhvn6m0000gn/T/condisco-preflight.1kKWrm/DerivedData/SDKExplicitPrecompiledModules/CoreGraphics-54ULP7S599SVHPAUOJFE8BXWO.pcm

SwiftExplicitDependencyGeneratePcm arm64 /var/folders/3w/91hphlzs0rv_1twbkfyhvn6m0000gn/T/condisco-preflight.1kKWrm/DerivedData/SDKExplicitPrecompiledModules/CoreAudio-DEN41CTNL7SRHPJCA07VAHQ7N.pcm

SwiftExplicitDependencyGeneratePcm arm64 /var/folders/3w/91hphlzs0rv_1twbkfyhvn6m0000gn/T/condisco-preflight.1kKWrm/DerivedData/SDKExplicitPrecompiledModules/Foundation-8XGPRSDPLR1J8GYILJVV87C3E.pcm

SwiftExplicitDependencyGeneratePcm arm64 /var/folders/3w/91hphlzs0rv_1twbkfyhvn6m0000gn/T/condisco-preflight.1kKWrm/DerivedData/SDKExplicitPrecompiledModules/ImageIO-D2OAMOMDOOOK5AATY13PUYO4Y.pcm

SwiftExplicitDependencyGeneratePcm arm64 /var/folders/3w/91hphlzs0rv_1twbkfyhvn6m0000gn/T/condisco-preflight.1kKWrm/DerivedData/SDKExplicitPrecompiledModules/CoreText-33925DMN7OA0C8HQMJ857VZTU.pcm

SwiftExplicitDependencyGeneratePcm arm64 /var/folders/3w/91hphlzs0rv_1twbkfyhvn6m0000gn/T/condisco-preflight.1kKWrm/DerivedData/SDKExplicitPrecompiledModules/UserNotifications-8H51U5RM2Y36Q2EZNSJW3Q258.pcm

SwiftExplicitDependencyGeneratePcm arm64 /var/folders/3w/91hphlzs0rv_1twbkfyhvn6m0000gn/T/condisco-preflight.1kKWrm/DerivedData/SDKExplicitPrecompiledModules/WidgetKit-6N7DWEVA7CXGZLWZDUA7SITXL.pcm

SwiftExplicitDependencyGeneratePcm arm64 /var/folders/3w/91hphlzs0rv_1twbkfyhvn6m0000gn/T/condisco-preflight.1kKWrm/DerivedData/SDKExplicitPrecompiledModules/UniformTypeIdentifiers-DG35D6KJFHFX0WFCN7YQRBSLO.pcm

SwiftExplicitDependencyGeneratePcm arm64 /var/folders/3w/91hphlzs0rv_1twbkfyhvn6m0000gn/T/condisco-preflight.1kKWrm/DerivedData/SDKExplicitPrecompiledModules/IOSurface-26Z5TE2BF55DLZ0TCQ9OUQEDI.pcm

SwiftExplicitDependencyGeneratePcm arm64 /var/folders/3w/91hphlzs0rv_1twbkfyhvn6m0000gn/T/condisco-preflight.1kKWrm/DerivedData/SDKExplicitPrecompiledModules/CoreData-AGROKFKMQN7ZL98JPQ9L5NVX4.pcm

SwiftExplicitDependencyGeneratePcm arm64 /var/folders/3w/91hphlzs0rv_1twbkfyhvn6m0000gn/T/condisco-preflight.1kKWrm/DerivedData/SDKExplicitPrecompiledModules/DataDetection-9VYMFDQKRCJM2EC628Q1AZ4EI.pcm

SwiftExplicitDependencyGeneratePcm arm64 /var/folders/3w/91hphlzs0rv_1twbkfyhvn6m0000gn/T/condisco-preflight.1kKWrm/DerivedData/SDKExplicitPrecompiledModules/Symbols-CQDXKVCRF8RGJTHQ2NJIOM4LF.pcm

SwiftExplicitDependencyGeneratePcm arm64 /var/folders/3w/91hphlzs0rv_1twbkfyhvn6m0000gn/T/condisco-preflight.1kKWrm/DerivedData/SDKExplicitPrecompiledModules/OSLog-6UEADWPJAESBA4C8GAN1P3413.pcm

SwiftExplicitDependencyGeneratePcm arm64 /var/folders/3w/91hphlzs0rv_1twbkfyhvn6m0000gn/T/condisco-preflight.1kKWrm/DerivedData/SDKExplicitPrecompiledModules/AppIntentsTypeSupport-6UFQN1B2DZITU1B00XF3WF3SA.pcm

SwiftExplicitDependencyGeneratePcm arm64 /var/folders/3w/91hphlzs0rv_1twbkfyhvn6m0000gn/T/condisco-preflight.1kKWrm/DerivedData/SDKExplicitPrecompiledModules/Metal-9W9ZHLO08NPTA3YDIV5AKFG4S.pcm

SwiftExplicitDependencyGeneratePcm arm64 /var/folders/3w/91hphlzs0rv_1twbkfyhvn6m0000gn/T/condisco-preflight.1kKWrm/DerivedData/SDKExplicitPrecompiledModules/CoreSpotlight-2X4KBJ0FFJ7LZ8LQRAH3PJN5P.pcm

SwiftExplicitDependencyGeneratePcm arm64 /var/folders/3w/91hphlzs0rv_1twbkfyhvn6m0000gn/T/condisco-preflight.1kKWrm/DerivedData/SDKExplicitPrecompiledModules/UIUtilities-5UOAAQL6UVA1ZTLEXZ5MRAZ7W.pcm

SwiftExplicitDependencyGeneratePcm arm64 /var/folders/3w/91hphlzs0rv_1twbkfyhvn6m0000gn/T/condisco-preflight.1kKWrm/DerivedData/SDKExplicitPrecompiledModules/CoreTransferable-DS2L1TQP3NY18DRQTKLTEHPE0.pcm

SwiftExplicitDependencyGeneratePcm arm64 /var/folders/3w/91hphlzs0rv_1twbkfyhvn6m0000gn/T/condisco-preflight.1kKWrm/DerivedData/SDKExplicitPrecompiledModules/FileProvider-DUP911BROH8CLE08840QKIDFO.pcm

SwiftExplicitDependencyGeneratePcm arm64 /var/folders/3w/91hphlzs0rv_1twbkfyhvn6m0000gn/T/condisco-preflight.1kKWrm/DerivedData/SDKExplicitPrecompiledModules/AppIntents-7YEA1AQL17JYXHHCBSIVSPO5W.pcm

SwiftExplicitDependencyGeneratePcm arm64 /var/folders/3w/91hphlzs0rv_1twbkfyhvn6m0000gn/T/condisco-preflight.1kKWrm/DerivedData/SDKExplicitPrecompiledModules/_LocationEssentials-19BXSOVYPUDWW2CSLJP77IV5O.pcm

SwiftExplicitDependencyGeneratePcm arm64 /var/folders/3w/91hphlzs0rv_1twbkfyhvn6m0000gn/T/condisco-preflight.1kKWrm/DerivedData/SDKExplicitPrecompiledModules/OpenGLES-3QLTC9MJH6RC8YPSACQOKGQ9J.pcm

SwiftExplicitDependencyGeneratePcm arm64 /var/folders/3w/91hphlzs0rv_1twbkfyhvn6m0000gn/T/condisco-preflight.1kKWrm/DerivedData/SDKExplicitPrecompiledModules/Network-80X6GAX4OTT1TM6GTRCWN8O9B.pcm

SwiftExplicitDependencyGeneratePcm arm64 /var/folders/3w/91hphlzs0rv_1twbkfyhvn6m0000gn/T/condisco-preflight.1kKWrm/DerivedData/SDKExplicitPrecompiledModules/RelevanceKit-981HUAJI3CX3GC2EJVUVGXASN.pcm

SwiftExplicitDependencyGeneratePcm arm64 /var/folders/3w/91hphlzs0rv_1twbkfyhvn6m0000gn/T/condisco-preflight.1kKWrm/DerivedData/SDKExplicitPrecompiledModules/Accessibility-BS5APGM79FQ00A551HA32FRDQ.pcm

SwiftExplicitDependencyGeneratePcm arm64 /var/folders/3w/91hphlzs0rv_1twbkfyhvn6m0000gn/T/condisco-preflight.1kKWrm/DerivedData/SDKExplicitPrecompiledModules/CoreLocation-E1COVE47W4Y44WW9VG3FSBQVM.pcm

SwiftExplicitDependencyGeneratePcm arm64 /var/folders/3w/91hphlzs0rv_1twbkfyhvn6m0000gn/T/condisco-preflight.1kKWrm/DerivedData/SDKExplicitPrecompiledModules/CoreVideo-B5Z41192R59UZM2T8IU6DUB6S.pcm

SwiftExplicitDependencyGeneratePcm arm64 /var/folders/3w/91hphlzs0rv_1twbkfyhvn6m0000gn/T/condisco-preflight.1kKWrm/DerivedData/SDKExplicitPrecompiledModules/CoreMotion-AY01NSP5XQ93C53Z0TZQU04WM.pcm

SwiftExplicitDependencyGeneratePcm arm64 /var/folders/3w/91hphlzs0rv_1twbkfyhvn6m0000gn/T/condisco-preflight.1kKWrm/DerivedData/SDKExplicitPrecompiledModules/Intents-2F2DJDGST23PAV7OQP9WMGDAF.pcm

SwiftExplicitDependencyGeneratePcm arm64 /var/folders/3w/91hphlzs0rv_1twbkfyhvn6m0000gn/T/condisco-preflight.1kKWrm/DerivedData/SDKExplicitPrecompiledModules/QuartzCore-4H53R1K0ADNP8JGTW5B0E2N97.pcm

SwiftExplicitDependencyGeneratePcm arm64 /var/folders/3w/91hphlzs0rv_1twbkfyhvn6m0000gn/T/condisco-preflight.1kKWrm/DerivedData/SDKExplicitPrecompiledModules/CoreMedia-7KWMTO1F6HOOKG7PG87K0J78Z.pcm

SwiftExplicitDependencyGeneratePcm arm64 /var/folders/3w/91hphlzs0rv_1twbkfyhvn6m0000gn/T/condisco-preflight.1kKWrm/DerivedData/SDKExplicitPrecompiledModules/CoreImage-70EOSTT76R37DASWGV9JPUYE9.pcm

SwiftExplicitDependencyGeneratePcm arm64 /var/folders/3w/91hphlzs0rv_1twbkfyhvn6m0000gn/T/condisco-preflight.1kKWrm/DerivedData/SDKExplicitPrecompiledModules/SwiftUICore-29AL3QQXJ27GPGY6XCICMK9LO.pcm

SwiftExplicitDependencyGeneratePcm arm64 /var/folders/3w/91hphlzs0rv_1twbkfyhvn6m0000gn/T/condisco-preflight.1kKWrm/DerivedData/SDKExplicitPrecompiledModules/UIKit-CRB9V2IL6NYDEIK8GUIK52XYL.pcm

SwiftExplicitDependencyGeneratePcm arm64 /var/folders/3w/91hphlzs0rv_1twbkfyhvn6m0000gn/T/condisco-preflight.1kKWrm/DerivedData/SDKExplicitPrecompiledModules/SwiftUI-8XO2R7OY1ZX3SNG33OUHKKIQT.pcm

SwiftCompile normal arm64 Compiling\ CondiscoWidget.swift /Users/spkoehl/Projects/VerbaLibera/CondiscoWidget/CondiscoWidget.swift (in target 'CondiscoWidget' from project 'Condisco')

SwiftCompile normal arm64 /Users/spkoehl/Projects/VerbaLibera/CondiscoWidget/CondiscoWidget.swift (in target 'CondiscoWidget' from project 'Condisco')
    cd /Users/spkoehl/Projects/VerbaLibera
    builtin-SwiftPerFileCompile CondiscoWidget.swift

SwiftEmitModule normal arm64 Emitting\ module\ for\ CondiscoWidget (in target 'CondiscoWidget' from project 'Condisco')

SwiftCompile normal arm64 (in target 'CondiscoWidget' from project 'Condisco')
    cd /Users/spkoehl/Projects/VerbaLibera
    

SwiftCompile normal arm64 Compiling\ WidgetSnapshot.swift /Users/spkoehl/Projects/VerbaLibera/Condisco/Store/WidgetSnapshot.swift (in target 'CondiscoWidget' from project 'Condisco')

SwiftCompile normal arm64 /Users/spkoehl/Projects/VerbaLibera/Condisco/Store/WidgetSnapshot.swift (in target 'CondiscoWidget' from project 'Condisco')
    cd /Users/spkoehl/Projects/VerbaLibera
    builtin-SwiftPerFileCompile WidgetSnapshot.swift

SwiftDriverJobDiscovery normal arm64 Emitting module for CondiscoWidget (in target 'CondiscoWidget' from project 'Condisco')

SwiftDriver\ Compilation\ Requirements CondiscoWidget normal arm64 com.apple.xcode.tools.swift.compiler (in target 'CondiscoWidget' from project 'Condisco')
    cd /Users/spkoehl/Projects/VerbaLibera
    builtin-Swift-Compilation-Requirements -- /Applications/Xcode.app/Contents/Developer/Toolchains/XcodeDefault.xctoolchain/usr/bin/swiftc -module-name CondiscoWidget -Onone @/var/folders/3w/91hphlzs0rv_1twbkfyhvn6m0000gn/T/condisco-preflight.1kKWrm/DerivedData/Build/Intermediates.noindex/Condisco.build/Debug-iphonesimulator/CondiscoWidget.build/Objects-normal/arm64/CondiscoWidget.SwiftFileList -DDEBUG -enable-bare-slash-regex -enable-experimental-feature DebugDescriptionMacro -sdk /Applications/Xcode.app/Contents/Developer/Platforms/iPhoneSimulator.platform/Developer/SDKs/iPhoneSimulator27.0.sdk -target arm64-apple-ios17.0-simulator -g -module-cache-path /var/folders/3w/91hphlzs0rv_1twbkfyhvn6m0000gn/T/condisco-preflight.1kKWrm/DerivedData/ModuleCache.noindex -Xfrontend -serialize-debugging-options -application-extension -enable-testing -index-store-path /var/folders/3w/91hphlzs0rv_1twbkfyhvn6m0000gn/T/condisco-preflight.1kKWrm/DerivedData/Index.noindex/DataStore -Xcc -D_LIBCPP_HARDENING_MODE\=_LIBCPP_HARDENING_MODE_DEBUG -swift-version 5 -I /var/folders/3w/91hphlzs0rv_1twbkfyhvn6m0000gn/T/condisco-preflight.1kKWrm/DerivedData/Build/Products/Debug-iphonesimulator -F /var/folders/3w/91hphlzs0rv_1twbkfyhvn6m0000gn/T/condisco-preflight.1kKWrm/DerivedData/Build/Products/Debug-iphonesimulator -emit-localized-strings -emit-localized-strings-path /var/folders/3w/91hphlzs0rv_1twbkfyhvn6m0000gn/T/condisco-preflight.1kKWrm/DerivedData/Build/Intermediates.noindex/Condisco.build/Debug-iphonesimulator/CondiscoWidget.build/Objects-normal/arm64 -c -j6 -enable-batch-mode -incremental -Xcc -ivfsstatcache -Xcc /var/folders/3w/91hphlzs0rv_1twbkfyhvn6m0000gn/T/condisco-preflight.1kKWrm/DerivedData/SDKStatCaches.noindex/iphonesimulator27.0-24A430-8dc58220667be655e1bcc261a7455254.sdkstatcache -output-file-map /var/folders/3w/91hphlzs0rv_1twbkfyhvn6m0000gn/T/condisco-preflight.1kKWrm/DerivedData/Build/Intermediates.noindex/Condisco.build/Debug-iphonesimulator/CondiscoWidget.build/Objects-normal/arm64/CondiscoWidget-OutputFileMap.json -save-temps -no-color-diagnostics -explicit-module-build -module-cache-path /var/folders/3w/91hphlzs0rv_1twbkfyhvn6m0000gn/T/condisco-preflight.1kKWrm/DerivedData/Build/Intermediates.noindex/SwiftExplicitPrecompiledModules -clang-scanner-module-cache-path /var/folders/3w/91hphlzs0rv_1twbkfyhvn6m0000gn/T/condisco-preflight.1kKWrm/DerivedData/ModuleCache.noindex -sdk-module-cache-path /var/folders/3w/91hphlzs0rv_1twbkfyhvn6m0000gn/T/condisco-preflight.1kKWrm/DerivedData/SDKExplicitPrecompiledModules -emit-dependencies -emit-module -emit-module-path /var/folders/3w/91hphlzs0rv_1twbkfyhvn6m0000gn/T/condisco-preflight.1kKWrm/DerivedData/Build/Intermediates.noindex/Condisco.build/Debug-iphonesimulator/CondiscoWidget.build/Objects-normal/arm64/CondiscoWidget.swiftmodule -serialize-diagnostics -dependency-scan-serialize-diagnostics-path /var/folders/3w/91hphlzs0rv_1twbkfyhvn6m0000gn/T/condisco-preflight.1kKWrm/DerivedData/Build/Intermediates.noindex/Condisco.build/Debug-iphonesimulator/CondiscoWidget.build/Objects-normal/arm64/CondiscoWidget-dependency-scan.dia -validate-clang-modules-once -clang-build-session-file /var/folders/3w/91hphlzs0rv_1twbkfyhvn6m0000gn/T/condisco-preflight.1kKWrm/DerivedData/ModuleCache.noindex/Session.modulevalidation -Xcc -fmodules-prune-interval\=86400 -Xcc -fmodules-prune-after\=345600 -emit-const-values -const-gather-protocols-list /var/folders/3w/91hphlzs0rv_1twbkfyhvn6m0000gn/T/condisco-preflight.1kKWrm/DerivedData/Build/Intermediates.noindex/Condisco.build/Debug-iphonesimulator/CondiscoWidget.build/Objects-normal/arm64/CondiscoWidget_const_extract_protocols.json -Xcc -iquote -Xcc /var/folders/3w/91hphlzs0rv_1twbkfyhvn6m0000gn/T/condisco-preflight.1kKWrm/DerivedData/Build/Intermediates.noindex/Condisco.build/Debug-iphonesimulator/CondiscoWidget.build/CondiscoWidget-generated-files.hmap -Xcc -I/var/folders/3w/91hphlzs0rv_1twbkfyhvn6m0000gn/T/condisco-preflight.1kKWrm/DerivedData/Build/Intermediates.noindex/Condisco.build/Debug-iphonesimulator/CondiscoWidget.build/CondiscoWidget-own-target-headers.hmap -Xcc -I/var/folders/3w/91hphlzs0rv_1twbkfyhvn6m0000gn/T/condisco-preflight.1kKWrm/DerivedData/Build/Intermediates.noindex/Condisco.build/Debug-iphonesimulator/CondiscoWidget.build/CondiscoWidget-all-target-headers.hmap -Xcc -iquote -Xcc /var/folders/3w/91hphlzs0rv_1twbkfyhvn6m0000gn/T/condisco-preflight.1kKWrm/DerivedData/Build/Intermediates.noindex/Condisco.build/Debug-iphonesimulator/CondiscoWidget.build/CondiscoWidget-project-headers.hmap -Xcc -I/var/folders/3w/91hphlzs0rv_1twbkfyhvn6m0000gn/T/condisco-preflight.1kKWrm/DerivedData/Build/Products/Debug-iphonesimulator/include -Xcc -I/var/folders/3w/91hphlzs0rv_1twbkfyhvn6m0000gn/T/condisco-preflight.1kKWrm/DerivedData/Build/Intermediates.noindex/Condisco.build/Debug-iphonesimulator/CondiscoWidget.build/DerivedSources-normal/arm64 -Xcc -I/var/folders/3w/91hphlzs0rv_1twbkfyhvn6m0000gn/T/condisco-preflight.1kKWrm/DerivedData/Build/Intermediates.noindex/Condisco.build/Debug-iphonesimulator/CondiscoWidget.build/DerivedSources/arm64 -Xcc -I/var/folders/3w/91hphlzs0rv_1twbkfyhvn6m0000gn/T/condisco-preflight.1kKWrm/DerivedData/Build/Intermediates.noindex/Condisco.build/Debug-iphonesimulator/CondiscoWidget.build/DerivedSources -Xcc -DDEBUG\=1 -Xcc -DDEBUG\=1 -emit-objc-header -emit-objc-header-path /var/folders/3w/91hphlzs0rv_1twbkfyhvn6m0000gn/T/condisco-preflight.1kKWrm/DerivedData/Build/Intermediates.noindex/Condisco.build/Debug-iphonesimulator/CondiscoWidget.build/Objects-normal/arm64/CondiscoWidget-Swift.h -working-directory /Users/spkoehl/Projects/VerbaLibera -experimental-emit-module-separately -disable-cmo

SwiftMergeGeneratedHeaders /var/folders/3w/91hphlzs0rv_1twbkfyhvn6m0000gn/T/condisco-preflight.1kKWrm/DerivedData/Build/Intermediates.noindex/Condisco.build/Debug-iphonesimulator/CondiscoWidget.build/DerivedSources/CondiscoWidget-Swift.h /var/folders/3w/91hphlzs0rv_1twbkfyhvn6m0000gn/T/condisco-preflight.1kKWrm/DerivedData/Build/Intermediates.noindex/Condisco.build/Debug-iphonesimulator/CondiscoWidget.build/Objects-normal/arm64/CondiscoWidget-Swift.h (in target 'CondiscoWidget' from project 'Condisco')
    cd /Users/spkoehl/Projects/VerbaLibera
    builtin-swiftHeaderTool -arch arm64 /var/folders/3w/91hphlzs0rv_1twbkfyhvn6m0000gn/T/condisco-preflight.1kKWrm/DerivedData/Build/Intermediates.noindex/Condisco.build/Debug-iphonesimulator/CondiscoWidget.build/Objects-normal/arm64/CondiscoWidget-Swift.h -o /var/folders/3w/91hphlzs0rv_1twbkfyhvn6m0000gn/T/condisco-preflight.1kKWrm/DerivedData/Build/Intermediates.noindex/Condisco.build/Debug-iphonesimulator/CondiscoWidget.build/DerivedSources/CondiscoWidget-Swift.h

Copy /var/folders/3w/91hphlzs0rv_1twbkfyhvn6m0000gn/T/condisco-preflight.1kKWrm/DerivedData/Build/Products/Debug-iphonesimulator/CondiscoWidget.swiftmodule/arm64-apple-ios-simulator.swiftdoc /var/folders/3w/91hphlzs0rv_1twbkfyhvn6m0000gn/T/condisco-preflight.1kKWrm/DerivedData/Build/Intermediates.noindex/Condisco.build/Debug-iphonesimulator/CondiscoWidget.build/Objects-normal/arm64/CondiscoWidget.swiftdoc (in target 'CondiscoWidget' from project 'Condisco')
    cd /Users/spkoehl/Projects/VerbaLibera
    builtin-copy -exclude .DS_Store -exclude CVS -exclude .svn -exclude .git -exclude .hg -resolve-src-symlinks -rename /var/folders/3w/91hphlzs0rv_1twbkfyhvn6m0000gn/T/condisco-preflight.1kKWrm/DerivedData/Build/Intermediates.noindex/Condisco.build/Debug-iphonesimulator/CondiscoWidget.build/Objects-normal/arm64/CondiscoWidget.swiftdoc /var/folders/3w/91hphlzs0rv_1twbkfyhvn6m0000gn/T/condisco-preflight.1kKWrm/DerivedData/Build/Products/Debug-iphonesimulator/CondiscoWidget.swiftmodule/arm64-apple-ios-simulator.swiftdoc

Copy /var/folders/3w/91hphlzs0rv_1twbkfyhvn6m0000gn/T/condisco-preflight.1kKWrm/DerivedData/Build/Products/Debug-iphonesimulator/CondiscoWidget.swiftmodule/arm64-apple-ios-simulator.abi.json /var/folders/3w/91hphlzs0rv_1twbkfyhvn6m0000gn/T/condisco-preflight.1kKWrm/DerivedData/Build/Intermediates.noindex/Condisco.build/Debug-iphonesimulator/CondiscoWidget.build/Objects-normal/arm64/CondiscoWidget.abi.json (in target 'CondiscoWidget' from project 'Condisco')
    cd /Users/spkoehl/Projects/VerbaLibera
    builtin-copy -exclude .DS_Store -exclude CVS -exclude .svn -exclude .git -exclude .hg -resolve-src-symlinks -rename /var/folders/3w/91hphlzs0rv_1twbkfyhvn6m0000gn/T/condisco-preflight.1kKWrm/DerivedData/Build/Intermediates.noindex/Condisco.build/Debug-iphonesimulator/CondiscoWidget.build/Objects-normal/arm64/CondiscoWidget.abi.json /var/folders/3w/91hphlzs0rv_1twbkfyhvn6m0000gn/T/condisco-preflight.1kKWrm/DerivedData/Build/Products/Debug-iphonesimulator/CondiscoWidget.swiftmodule/arm64-apple-ios-simulator.abi.json

Copy /var/folders/3w/91hphlzs0rv_1twbkfyhvn6m0000gn/T/condisco-preflight.1kKWrm/DerivedData/Build/Products/Debug-iphonesimulator/CondiscoWidget.swiftmodule/arm64-apple-ios-simulator.swiftmodule /var/folders/3w/91hphlzs0rv_1twbkfyhvn6m0000gn/T/condisco-preflight.1kKWrm/DerivedData/Build/Intermediates.noindex/Condisco.build/Debug-iphonesimulator/CondiscoWidget.build/Objects-normal/arm64/CondiscoWidget.swiftmodule (in target 'CondiscoWidget' from project 'Condisco')
    cd /Users/spkoehl/Projects/VerbaLibera
    builtin-copy -exclude .DS_Store -exclude CVS -exclude .svn -exclude .git -exclude .hg -resolve-src-symlinks -rename /var/folders/3w/91hphlzs0rv_1twbkfyhvn6m0000gn/T/condisco-preflight.1kKWrm/DerivedData/Build/Intermediates.noindex/Condisco.build/Debug-iphonesimulator/CondiscoWidget.build/Objects-normal/arm64/CondiscoWidget.swiftmodule /var/folders/3w/91hphlzs0rv_1twbkfyhvn6m0000gn/T/condisco-preflight.1kKWrm/DerivedData/Build/Products/Debug-iphonesimulator/CondiscoWidget.swiftmodule/arm64-apple-ios-simulator.swiftmodule

Copy /var/folders/3w/91hphlzs0rv_1twbkfyhvn6m0000gn/T/condisco-preflight.1kKWrm/DerivedData/Build/Products/Debug-iphonesimulator/CondiscoWidget.swiftmodule/Project/arm64-apple-ios-simulator.swiftsourceinfo /var/folders/3w/91hphlzs0rv_1twbkfyhvn6m0000gn/T/condisco-preflight.1kKWrm/DerivedData/Build/Intermediates.noindex/Condisco.build/Debug-iphonesimulator/CondiscoWidget.build/Objects-normal/arm64/CondiscoWidget.swiftsourceinfo (in target 'CondiscoWidget' from project 'Condisco')
    cd /Users/spkoehl/Projects/VerbaLibera
    builtin-copy -exclude .DS_Store -exclude CVS -exclude .svn -exclude .git -exclude .hg -resolve-src-symlinks -rename /var/folders/3w/91hphlzs0rv_1twbkfyhvn6m0000gn/T/condisco-preflight.1kKWrm/DerivedData/Build/Intermediates.noindex/Condisco.build/Debug-iphonesimulator/CondiscoWidget.build/Objects-normal/arm64/CondiscoWidget.swiftsourceinfo /var/folders/3w/91hphlzs0rv_1twbkfyhvn6m0000gn/T/condisco-preflight.1kKWrm/DerivedData/Build/Products/Debug-iphonesimulator/CondiscoWidget.swiftmodule/Project/arm64-apple-ios-simulator.swiftsourceinfo

ProcessProductPackaging /Users/spkoehl/Projects/VerbaLibera/Condisco/Condisco.entitlements /var/folders/3w/91hphlzs0rv_1twbkfyhvn6m0000gn/T/condisco-preflight.1kKWrm/DerivedData/Build/Intermediates.noindex/Condisco.build/Debug-iphonesimulator/Condisco.build/Condisco.app.xcent (in target 'Condisco' from project 'Condisco')
    cd /Users/spkoehl/Projects/VerbaLibera
    
    Entitlements:
    
    {
}
    
    builtin-productPackagingUtility /Users/spkoehl/Projects/VerbaLibera/Condisco/Condisco.entitlements -entitlements -format xml -o /var/folders/3w/91hphlzs0rv_1twbkfyhvn6m0000gn/T/condisco-preflight.1kKWrm/DerivedData/Build/Intermediates.noindex/Condisco.build/Debug-iphonesimulator/Condisco.build/Condisco.app.xcent

ProcessProductPackaging /Users/spkoehl/Projects/VerbaLibera/Condisco/Condisco.entitlements /var/folders/3w/91hphlzs0rv_1twbkfyhvn6m0000gn/T/condisco-preflight.1kKWrm/DerivedData/Build/Intermediates.noindex/Condisco.build/Debug-iphonesimulator/Condisco.build/Condisco.app-Simulated.xcent (in target 'Condisco' from project 'Condisco')
    cd /Users/spkoehl/Projects/VerbaLibera
    
    Entitlements:
    
    {
    "application-identifier" = "PN9T9MT37J.com.sleuthysloth.condisco";
    "com.apple.security.application-groups" =     (
        "group.com.sleuthysloth.condisco"
    );
}
    
    builtin-productPackagingUtility /Users/spkoehl/Projects/VerbaLibera/Condisco/Condisco.entitlements -entitlements -format xml -o /var/folders/3w/91hphlzs0rv_1twbkfyhvn6m0000gn/T/condisco-preflight.1kKWrm/DerivedData/Build/Intermediates.noindex/Condisco.build/Debug-iphonesimulator/Condisco.build/Condisco.app-Simulated.xcent

ProcessProductPackagingDER /var/folders/3w/91hphlzs0rv_1twbkfyhvn6m0000gn/T/condisco-preflight.1kKWrm/DerivedData/Build/Intermediates.noindex/Condisco.build/Debug-iphonesimulator/Condisco.build/Condisco.app.xcent /var/folders/3w/91hphlzs0rv_1twbkfyhvn6m0000gn/T/condisco-preflight.1kKWrm/DerivedData/Build/Intermediates.noindex/Condisco.build/Debug-iphonesimulator/Condisco.build/Condisco.app.xcent.der (in target 'Condisco' from project 'Condisco')
    cd /Users/spkoehl/Projects/VerbaLibera
    /usr/bin/derq query -f xml -i /var/folders/3w/91hphlzs0rv_1twbkfyhvn6m0000gn/T/condisco-preflight.1kKWrm/DerivedData/Build/Intermediates.noindex/Condisco.build/Debug-iphonesimulator/Condisco.build/Condisco.app.xcent -o /var/folders/3w/91hphlzs0rv_1twbkfyhvn6m0000gn/T/condisco-preflight.1kKWrm/DerivedData/Build/Intermediates.noindex/Condisco.build/Debug-iphonesimulator/Condisco.build/Condisco.app.xcent.der --raw

ProcessProductPackagingDER /var/folders/3w/91hphlzs0rv_1twbkfyhvn6m0000gn/T/condisco-preflight.1kKWrm/DerivedData/Build/Intermediates.noindex/Condisco.build/Debug-iphonesimulator/Condisco.build/Condisco.app-Simulated.xcent /var/folders/3w/91hphlzs0rv_1twbkfyhvn6m0000gn/T/condisco-preflight.1kKWrm/DerivedData/Build/Intermediates.noindex/Condisco.build/Debug-iphonesimulator/Condisco.build/Condisco.app-Simulated.xcent.der (in target 'Condisco' from project 'Condisco')
    cd /Users/spkoehl/Projects/VerbaLibera
    /usr/bin/derq query -f xml -i /var/folders/3w/91hphlzs0rv_1twbkfyhvn6m0000gn/T/condisco-preflight.1kKWrm/DerivedData/Build/Intermediates.noindex/Condisco.build/Debug-iphonesimulator/Condisco.build/Condisco.app-Simulated.xcent -o /var/folders/3w/91hphlzs0rv_1twbkfyhvn6m0000gn/T/condisco-preflight.1kKWrm/DerivedData/Build/Intermediates.noindex/Condisco.build/Debug-iphonesimulator/Condisco.build/Condisco.app-Simulated.xcent.der --raw

MkDir /var/folders/3w/91hphlzs0rv_1twbkfyhvn6m0000gn/T/condisco-preflight.1kKWrm/DerivedData/Build/Intermediates.noindex/Condisco.build/Debug-iphonesimulator/Condisco.build/assetcatalog_output/thinned (in target 'Condisco' from project 'Condisco')
    cd /Users/spkoehl/Projects/VerbaLibera
    /bin/mkdir -p /var/folders/3w/91hphlzs0rv_1twbkfyhvn6m0000gn/T/condisco-preflight.1kKWrm/DerivedData/Build/Intermediates.noindex/Condisco.build/Debug-iphonesimulator/Condisco.build/assetcatalog_output/thinned

MkDir /var/folders/3w/91hphlzs0rv_1twbkfyhvn6m0000gn/T/condisco-preflight.1kKWrm/DerivedData/Build/Intermediates.noindex/Condisco.build/Debug-iphonesimulator/Condisco.build/assetcatalog_output/unthinned (in target 'Condisco' from project 'Condisco')
    cd /Users/spkoehl/Projects/VerbaLibera
    /bin/mkdir -p /var/folders/3w/91hphlzs0rv_1twbkfyhvn6m0000gn/T/condisco-preflight.1kKWrm/DerivedData/Build/Intermediates.noindex/Condisco.build/Debug-iphonesimulator/Condisco.build/assetcatalog_output/unthinned

GenerateAssetSymbols /Users/spkoehl/Projects/VerbaLibera/Condisco/Assets.xcassets (in target 'Condisco' from project 'Condisco')
    cd /Users/spkoehl/Projects/VerbaLibera
    /Applications/Xcode.app/Contents/Developer/usr/bin/actool /Users/spkoehl/Projects/VerbaLibera/Condisco/Assets.xcassets --compile /var/folders/3w/91hphlzs0rv_1twbkfyhvn6m0000gn/T/condisco-preflight.1kKWrm/DerivedData/Build/Products/Debug-iphonesimulator/Condisco.app --output-format human-readable-text --notices --warnings --export-dependency-info /var/folders/3w/91hphlzs0rv_1twbkfyhvn6m0000gn/T/condisco-preflight.1kKWrm/DerivedData/Build/Intermediates.noindex/Condisco.build/Debug-iphonesimulator/Condisco.build/assetcatalog_dependencies --output-partial-info-plist /var/folders/3w/91hphlzs0rv_1twbkfyhvn6m0000gn/T/condisco-preflight.1kKWrm/DerivedData/Build/Intermediates.noindex/Condisco.build/Debug-iphonesimulator/Condisco.build/assetcatalog_generated_info.plist --app-icon AppIcon --accent-color AccentColor --compress-pngs --enable-on-demand-resources YES --development-region en --target-device iphone --target-device ipad --minimum-deployment-target 17.0 --platform iphonesimulator --bundle-identifier com.sleuthysloth.condisco --generate-swift-asset-symbol-extensions NO --generate-swift-asset-symbols /var/folders/3w/91hphlzs0rv_1twbkfyhvn6m0000gn/T/condisco-preflight.1kKWrm/DerivedData/Build/Intermediates.noindex/Condisco.build/Debug-iphonesimulator/Condisco.build/DerivedSources/GeneratedAssetSymbols.swift --generate-objc-asset-symbols /var/folders/3w/91hphlzs0rv_1twbkfyhvn6m0000gn/T/condisco-preflight.1kKWrm/DerivedData/Build/Intermediates.noindex/Condisco.build/Debug-iphonesimulator/Condisco.build/DerivedSources/GeneratedAssetSymbols.h --generate-asset-symbol-index /var/folders/3w/91hphlzs0rv_1twbkfyhvn6m0000gn/T/condisco-preflight.1kKWrm/DerivedData/Build/Intermediates.noindex/Condisco.build/Debug-iphonesimulator/Condisco.build/DerivedSources/GeneratedAssetSymbols-Index.plist
/* com.apple.actool.compilation-results */
/var/folders/3w/91hphlzs0rv_1twbkfyhvn6m0000gn/T/condisco-preflight.1kKWrm/DerivedData/Build/Intermediates.noindex/Condisco.build/Debug-iphonesimulator/Condisco.build/DerivedSources/GeneratedAssetSymbols-Index.plist
/var/folders/3w/91hphlzs0rv_1twbkfyhvn6m0000gn/T/condisco-preflight.1kKWrm/DerivedData/Build/Intermediates.noindex/Condisco.build/Debug-iphonesimulator/Condisco.build/DerivedSources/GeneratedAssetSymbols.h
/var/folders/3w/91hphlzs0rv_1twbkfyhvn6m0000gn/T/condisco-preflight.1kKWrm/DerivedData/Build/Intermediates.noindex/Condisco.build/Debug-iphonesimulator/Condisco.build/DerivedSources/GeneratedAssetSymbols.swift


CompileAssetCatalogVariant thinned /var/folders/3w/91hphlzs0rv_1twbkfyhvn6m0000gn/T/condisco-preflight.1kKWrm/DerivedData/Build/Products/Debug-iphonesimulator/Condisco.app /Users/spkoehl/Projects/VerbaLibera/Condisco/Assets.xcassets (in target 'Condisco' from project 'Condisco')
    cd /Users/spkoehl/Projects/VerbaLibera
    /Applications/Xcode.app/Contents/Developer/usr/bin/actool /Users/spkoehl/Projects/VerbaLibera/Condisco/Assets.xcassets --compile /var/folders/3w/91hphlzs0rv_1twbkfyhvn6m0000gn/T/condisco-preflight.1kKWrm/DerivedData/Build/Intermediates.noindex/Condisco.build/Debug-iphonesimulator/Condisco.build/assetcatalog_output/thinned --output-format human-readable-text --notices --warnings --export-dependency-info /var/folders/3w/91hphlzs0rv_1twbkfyhvn6m0000gn/T/condisco-preflight.1kKWrm/DerivedData/Build/Intermediates.noindex/Condisco.build/Debug-iphonesimulator/Condisco.build/assetcatalog_dependencies_thinned --output-partial-info-plist /var/folders/3w/91hphlzs0rv_1twbkfyhvn6m0000gn/T/condisco-preflight.1kKWrm/DerivedData/Build/Intermediates.noindex/Condisco.build/Debug-iphonesimulator/Condisco.build/assetcatalog_generated_info.plist_thinned --app-icon AppIcon --accent-color AccentColor --compress-pngs --enable-on-demand-resources YES --filter-for-thinning-device-configuration iPhone19,2 --filter-for-device-os-version 27.0 --development-region en --target-device iphone --target-device ipad --minimum-deployment-target 17.0 --platform iphonesimulator
/* com.apple.actool.compilation-results */
/var/folders/3w/91hphlzs0rv_1twbkfyhvn6m0000gn/T/condisco-preflight.1kKWrm/DerivedData/Build/Intermediates.noindex/Condisco.build/Debug-iphonesimulator/Condisco.build/assetcatalog_generated_info.plist_thinned
/var/folders/3w/91hphlzs0rv_1twbkfyhvn6m0000gn/T/condisco-preflight.1kKWrm/DerivedData/Build/Intermediates.noindex/Condisco.build/Debug-iphonesimulator/Condisco.build/assetcatalog_output/thinned/AppIcon60x60@2x.png
/var/folders/3w/91hphlzs0rv_1twbkfyhvn6m0000gn/T/condisco-preflight.1kKWrm/DerivedData/Build/Intermediates.noindex/Condisco.build/Debug-iphonesimulator/Condisco.build/assetcatalog_output/thinned/AppIcon76x76@2x~ipad.png
/var/folders/3w/91hphlzs0rv_1twbkfyhvn6m0000gn/T/condisco-preflight.1kKWrm/DerivedData/Build/Intermediates.noindex/Condisco.build/Debug-iphonesimulator/Condisco.build/assetcatalog_output/thinned/Assets.car


SwiftDriver Condisco normal arm64 com.apple.xcode.tools.swift.compiler (in target 'Condisco' from project 'Condisco')
    cd /Users/spkoehl/Projects/VerbaLibera
    builtin-SwiftDriver -- /Applications/Xcode.app/Contents/Developer/Toolchains/XcodeDefault.xctoolchain/usr/bin/swiftc -module-name Condisco -Onone @/var/folders/3w/91hphlzs0rv_1twbkfyhvn6m0000gn/T/condisco-preflight.1kKWrm/DerivedData/Build/Intermediates.noindex/Condisco.build/Debug-iphonesimulator/Condisco.build/Objects-normal/arm64/Condisco.SwiftFileList -DDEBUG -enable-bare-slash-regex -enable-experimental-feature DebugDescriptionMacro -sdk /Applications/Xcode.app/Contents/Developer/Platforms/iPhoneSimulator.platform/Developer/SDKs/iPhoneSimulator27.0.sdk -target arm64-apple-ios17.0-simulator -g -module-cache-path /var/folders/3w/91hphlzs0rv_1twbkfyhvn6m0000gn/T/condisco-preflight.1kKWrm/DerivedData/ModuleCache.noindex -Xfrontend -serialize-debugging-options -enable-testing -index-store-path /var/folders/3w/91hphlzs0rv_1twbkfyhvn6m0000gn/T/condisco-preflight.1kKWrm/DerivedData/Index.noindex/DataStore -Xcc -D_LIBCPP_HARDENING_MODE\=_LIBCPP_HARDENING_MODE_DEBUG -swift-version 5 -I /var/folders/3w/91hphlzs0rv_1twbkfyhvn6m0000gn/T/condisco-preflight.1kKWrm/DerivedData/Build/Products/Debug-iphonesimulator -F /var/folders/3w/91hphlzs0rv_1twbkfyhvn6m0000gn/T/condisco-preflight.1kKWrm/DerivedData/Build/Products/Debug-iphonesimulator -emit-localized-strings -emit-localized-strings-path /var/folders/3w/91hphlzs0rv_1twbkfyhvn6m0000gn/T/condisco-preflight.1kKWrm/DerivedData/Build/Intermediates.noindex/Condisco.build/Debug-iphonesimulator/Condisco.build/Objects-normal/arm64 -c -j6 -enable-batch-mode -incremental -Xcc -ivfsstatcache -Xcc /var/folders/3w/91hphlzs0rv_1twbkfyhvn6m0000gn/T/condisco-preflight.1kKWrm/DerivedData/SDKStatCaches.noindex/iphonesimulator27.0-24A430-8dc58220667be655e1bcc261a7455254.sdkstatcache -output-file-map /var/folders/3w/91hphlzs0rv_1twbkfyhvn6m0000gn/T/condisco-preflight.1kKWrm/DerivedData/Build/Intermediates.noindex/Condisco.build/Debug-iphonesimulator/Condisco.build/Objects-normal/arm64/Condisco-OutputFileMap.json -save-temps -no-color-diagnostics -explicit-module-build -module-cache-path /var/folders/3w/91hphlzs0rv_1twbkfyhvn6m0000gn/T/condisco-preflight.1kKWrm/DerivedData/Build/Intermediates.noindex/SwiftExplicitPrecompiledModules -clang-scanner-module-cache-path /var/folders/3w/91hphlzs0rv_1twbkfyhvn6m0000gn/T/condisco-preflight.1kKWrm/DerivedData/ModuleCache.noindex -sdk-module-cache-path /var/folders/3w/91hphlzs0rv_1twbkfyhvn6m0000gn/T/condisco-preflight.1kKWrm/DerivedData/SDKExplicitPrecompiledModules -emit-dependencies -emit-module -emit-module-path /var/folders/3w/91hphlzs0rv_1twbkfyhvn6m0000gn/T/condisco-preflight.1kKWrm/DerivedData/Build/Intermediates.noindex/Condisco.build/Debug-iphonesimulator/Condisco.build/Objects-normal/arm64/Condisco.swiftmodule -serialize-diagnostics -dependency-scan-serialize-diagnostics-path /var/folders/3w/91hphlzs0rv_1twbkfyhvn6m0000gn/T/condisco-preflight.1kKWrm/DerivedData/Build/Intermediates.noindex/Condisco.build/Debug-iphonesimulator/Condisco.build/Objects-normal/arm64/Condisco-dependency-scan.dia -validate-clang-modules-once -clang-build-session-file /var/folders/3w/91hphlzs0rv_1twbkfyhvn6m0000gn/T/condisco-preflight.1kKWrm/DerivedData/ModuleCache.noindex/Session.modulevalidation -Xcc -fmodules-prune-interval\=86400 -Xcc -fmodules-prune-after\=345600 -emit-const-values -const-gather-protocols-list /var/folders/3w/91hphlzs0rv_1twbkfyhvn6m0000gn/T/condisco-preflight.1kKWrm/DerivedData/Build/Intermediates.noindex/Condisco.build/Debug-iphonesimulator/Condisco.build/Objects-normal/arm64/Condisco_const_extract_protocols.json -Xcc -iquote -Xcc /var/folders/3w/91hphlzs0rv_1twbkfyhvn6m0000gn/T/condisco-preflight.1kKWrm/DerivedData/Build/Intermediates.noindex/Condisco.build/Debug-iphonesimulator/Condisco.build/Condisco-generated-files.hmap -Xcc -I/var/folders/3w/91hphlzs0rv_1twbkfyhvn6m0000gn/T/condisco-preflight.1kKWrm/DerivedData/Build/Intermediates.noindex/Condisco.build/Debug-iphonesimulator/Condisco.build/Condisco-own-target-headers.hmap -Xcc -I/var/folders/3w/91hphlzs0rv_1twbkfyhvn6m0000gn/T/condisco-preflight.1kKWrm/DerivedData/Build/Intermediates.noindex/Condisco.build/Debug-iphonesimulator/Condisco.build/Condisco-all-target-headers.hmap -Xcc -iquote -Xcc /var/folders/3w/91hphlzs0rv_1twbkfyhvn6m0000gn/T/condisco-preflight.1kKWrm/DerivedData/Build/Intermediates.noindex/Condisco.build/Debug-iphonesimulator/Condisco.build/Condisco-project-headers.hmap -Xcc -I/var/folders/3w/91hphlzs0rv_1twbkfyhvn6m0000gn/T/condisco-preflight.1kKWrm/DerivedData/Build/Products/Debug-iphonesimulator/include -Xcc -I/var/folders/3w/91hphlzs0rv_1twbkfyhvn6m0000gn/T/condisco-preflight.1kKWrm/DerivedData/Build/Intermediates.noindex/Condisco.build/Debug-iphonesimulator/Condisco.build/DerivedSources-normal/arm64 -Xcc -I/var/folders/3w/91hphlzs0rv_1twbkfyhvn6m0000gn/T/condisco-preflight.1kKWrm/DerivedData/Build/Intermediates.noindex/Condisco.build/Debug-iphonesimulator/Condisco.build/DerivedSources/arm64 -Xcc -I/var/folders/3w/91hphlzs0rv_1twbkfyhvn6m0000gn/T/condisco-preflight.1kKWrm/DerivedData/Build/Intermediates.noindex/Condisco.build/Debug-iphonesimulator/Condisco.build/DerivedSources -Xcc -DDEBUG\=1 -Xcc -DDEBUG\=1 -emit-objc-header -emit-objc-header-path /var/folders/3w/91hphlzs0rv_1twbkfyhvn6m0000gn/T/condisco-preflight.1kKWrm/DerivedData/Build/Intermediates.noindex/Condisco.build/Debug-iphonesimulator/Condisco.build/Objects-normal/arm64/Condisco-Swift.h -working-directory /Users/spkoehl/Projects/VerbaLibera -experimental-emit-module-separately -disable-cmo

SwiftExplicitDependencyGeneratePcm arm64 /var/folders/3w/91hphlzs0rv_1twbkfyhvn6m0000gn/T/condisco-preflight.1kKWrm/DerivedData/SDKExplicitPrecompiledModules/ActivityKit-13UCFSSDI4NSWELEIUXD2FKOU.pcm

SwiftExplicitDependencyGeneratePcm arm64 /var/folders/3w/91hphlzs0rv_1twbkfyhvn6m0000gn/T/condisco-preflight.1kKWrm/DerivedData/SDKExplicitPrecompiledModules/DeveloperToolsSupport-56Z0NOGOTU945FZL7IJH8J3ZB.pcm

SwiftExplicitDependencyGeneratePcm arm64 /var/folders/3w/91hphlzs0rv_1twbkfyhvn6m0000gn/T/condisco-preflight.1kKWrm/DerivedData/SDKExplicitPrecompiledModules/SwiftShims-7P3PG0R7A8P9PD437UHFQZ56W.pcm

SwiftExplicitDependencyGeneratePcm arm64 /var/folders/3w/91hphlzs0rv_1twbkfyhvn6m0000gn/T/condisco-preflight.1kKWrm/DerivedData/SDKExplicitPrecompiledModules/_Builtin_float-EA6RKNUF2CIYB8DL6IEHWKJCW.pcm

SwiftDriverJobDiscovery normal arm64 Compiling WidgetSnapshot.swift (in target 'CondiscoWidget' from project 'Condisco')

SwiftExplicitDependencyGeneratePcm arm64 /var/folders/3w/91hphlzs0rv_1twbkfyhvn6m0000gn/T/condisco-preflight.1kKWrm/DerivedData/SDKExplicitPrecompiledModules/_AvailabilityInternal-2ELTI1B6LXPC650CB0KEEU6HG.pcm

SwiftExplicitDependencyGeneratePcm arm64 /var/folders/3w/91hphlzs0rv_1twbkfyhvn6m0000gn/T/condisco-preflight.1kKWrm/DerivedData/SDKExplicitPrecompiledModules/ptrauth-ZZD9130GOFVS6Q9HN1RFP2A.pcm

SwiftExplicitDependencyGeneratePcm arm64 /var/folders/3w/91hphlzs0rv_1twbkfyhvn6m0000gn/T/condisco-preflight.1kKWrm/DerivedData/SDKExplicitPrecompiledModules/ptrcheck-8C5ZRSLWLZGOHIRP4R4JXMKSC.pcm

SwiftExplicitDependencyGeneratePcm arm64 /var/folders/3w/91hphlzs0rv_1twbkfyhvn6m0000gn/T/condisco-preflight.1kKWrm/DerivedData/SDKExplicitPrecompiledModules/_StoreKit_SwiftUI-266ONZFIQURT5XX5EJC7YKOSH.pcm

SwiftExplicitDependencyGeneratePcm arm64 /var/folders/3w/91hphlzs0rv_1twbkfyhvn6m0000gn/T/condisco-preflight.1kKWrm/DerivedData/SDKExplicitPrecompiledModules/_Builtin_stdarg-AWGUSV1TCKN7BF4V3QU4O3GR9.pcm

SwiftExplicitDependencyGeneratePcm arm64 /var/folders/3w/91hphlzs0rv_1twbkfyhvn6m0000gn/T/condisco-preflight.1kKWrm/DerivedData/SDKExplicitPrecompiledModules/_SwiftConcurrencyShims-BB5BV7FEST6NJCU3AI497DX3P.pcm

SwiftExplicitDependencyGeneratePcm arm64 /var/folders/3w/91hphlzs0rv_1twbkfyhvn6m0000gn/T/condisco-preflight.1kKWrm/DerivedData/SDKExplicitPrecompiledModules/_Builtin_stddef-PU1IJ3R42LP38QLUMBT3LR06.pcm

SwiftExplicitDependencyGeneratePcm arm64 /var/folders/3w/91hphlzs0rv_1twbkfyhvn6m0000gn/T/condisco-preflight.1kKWrm/DerivedData/SDKExplicitPrecompiledModules/_DarwinFoundation1-5EKYNNJFJK43TTLBJZN9N3J44.pcm

SwiftExplicitDependencyGeneratePcm arm64 /var/folders/3w/91hphlzs0rv_1twbkfyhvn6m0000gn/T/condisco-preflight.1kKWrm/DerivedData/SDKExplicitPrecompiledModules/_Builtin_stdbool-C1WKTADFAOU3N7XMVM0O94YJ8.pcm

SwiftExplicitDependencyGeneratePcm arm64 /var/folders/3w/91hphlzs0rv_1twbkfyhvn6m0000gn/T/condisco-preflight.1kKWrm/DerivedData/SDKExplicitPrecompiledModules/SQLite3-ETMOY7YHSL0COOFB9T2Q9TQ05.pcm

SwiftExplicitDependencyGeneratePcm arm64 /var/folders/3w/91hphlzs0rv_1twbkfyhvn6m0000gn/T/condisco-preflight.1kKWrm/DerivedData/SDKExplicitPrecompiledModules/ExtensionFoundation-3AFFQ4YIMHUZW2UHSBF7O4K23.pcm

SwiftExplicitDependencyGeneratePcm arm64 /var/folders/3w/91hphlzs0rv_1twbkfyhvn6m0000gn/T/condisco-preflight.1kKWrm/DerivedData/SDKExplicitPrecompiledModules/_Builtin_limits-6KDK11D5R6RXE9HVLVF3P5AKO.pcm

SwiftExplicitDependencyGeneratePcm arm64 /var/folders/3w/91hphlzs0rv_1twbkfyhvn6m0000gn/T/condisco-preflight.1kKWrm/DerivedData/SDKExplicitPrecompiledModules/_DarwinFoundation2-4THEFWB61YS0P1038ZCU3BC71.pcm

SwiftExplicitDependencyGeneratePcm arm64 /var/folders/3w/91hphlzs0rv_1twbkfyhvn6m0000gn/T/condisco-preflight.1kKWrm/DerivedData/SDKExplicitPrecompiledModules/_Builtin_stdint-DP094MJEHGTBQLOC2T8287749.pcm

SwiftExplicitDependencyGeneratePcm arm64 /var/folders/3w/91hphlzs0rv_1twbkfyhvn6m0000gn/T/condisco-preflight.1kKWrm/DerivedData/SDKExplicitPrecompiledModules/_Builtin_tgmath-DLVHZHP8YMBQW5E02U9K34W1N.pcm

SwiftExplicitDependencyGeneratePcm arm64 /var/folders/3w/91hphlzs0rv_1twbkfyhvn6m0000gn/T/condisco-preflight.1kKWrm/DerivedData/SDKExplicitPrecompiledModules/sys_types-93JH6M30DTEUZUOHA2BNJCKNZ.pcm

SwiftExplicitDependencyGeneratePcm arm64 /var/folders/3w/91hphlzs0rv_1twbkfyhvn6m0000gn/T/condisco-preflight.1kKWrm/DerivedData/SDKExplicitPrecompiledModules/string_h-5RCPY4JOC0VNN9AFSWG13XPW8.pcm

SwiftExplicitDependencyGeneratePcm arm64 /var/folders/3w/91hphlzs0rv_1twbkfyhvn6m0000gn/T/condisco-preflight.1kKWrm/DerivedData/SDKExplicitPrecompiledModules/_DarwinFoundation3-D7QGW0DLQZ2JKGYSLXTBE541P.pcm

SwiftExplicitDependencyGeneratePcm arm64 /var/folders/3w/91hphlzs0rv_1twbkfyhvn6m0000gn/T/condisco-preflight.1kKWrm/DerivedData/SDKExplicitPrecompiledModules/_Builtin_stdatomic-3280BW8LZHP1XB7AJG727KDKC.pcm

SwiftExplicitDependencyGeneratePcm arm64 /var/folders/3w/91hphlzs0rv_1twbkfyhvn6m0000gn/T/condisco-preflight.1kKWrm/DerivedData/SDKExplicitPrecompiledModules/_Builtin_intrinsics-D6PUOMJO8HP2EDV601XY2M07E.pcm

SwiftExplicitDependencyGeneratePcm arm64 /var/folders/3w/91hphlzs0rv_1twbkfyhvn6m0000gn/T/condisco-preflight.1kKWrm/DerivedData/SDKExplicitPrecompiledModules/_Builtin_inttypes-9ONHFV5DHSZK10C261SB8KRJY.pcm

SwiftExplicitDependencyGeneratePcm arm64 /var/folders/3w/91hphlzs0rv_1twbkfyhvn6m0000gn/T/condisco-preflight.1kKWrm/DerivedData/SDKExplicitPrecompiledModules/Darwin-BZ22PI18U7678ICYE67YRJ4Q.pcm

SwiftExplicitDependencyGeneratePcm arm64 /var/folders/3w/91hphlzs0rv_1twbkfyhvn6m0000gn/T/condisco-preflight.1kKWrm/DerivedData/SDKExplicitPrecompiledModules/simd-AW8FSTIYLBFYZQ1WFLLXCH968.pcm

SwiftExplicitDependencyGeneratePcm arm64 /var/folders/3w/91hphlzs0rv_1twbkfyhvn6m0000gn/T/condisco-preflight.1kKWrm/DerivedData/SDKExplicitPrecompiledModules/MachO-5I594AK5NEOCB54KMVX2FB36T.pcm

SwiftExplicitDependencyGeneratePcm arm64 /var/folders/3w/91hphlzs0rv_1twbkfyhvn6m0000gn/T/condisco-preflight.1kKWrm/DerivedData/SDKExplicitPrecompiledModules/ObjectiveC-9ZH703WX01M5EQTHKNB6Z7Q0O.pcm

SwiftExplicitDependencyGeneratePcm arm64 /var/folders/3w/91hphlzs0rv_1twbkfyhvn6m0000gn/T/condisco-preflight.1kKWrm/DerivedData/SDKExplicitPrecompiledModules/os_object-8A2IGWNH8W72UA81EFEZK2HSL.pcm

SwiftExplicitDependencyGeneratePcm arm64 /var/folders/3w/91hphlzs0rv_1twbkfyhvn6m0000gn/T/condisco-preflight.1kKWrm/DerivedData/SDKExplicitPrecompiledModules/Spatial-3SD9KLXULALXPSRI8A3U6SCPU.pcm

SwiftExplicitDependencyGeneratePcm arm64 /var/folders/3w/91hphlzs0rv_1twbkfyhvn6m0000gn/T/condisco-preflight.1kKWrm/DerivedData/SDKExplicitPrecompiledModules/os_workgroup-1D8G7IY7PAOWIJUKI04ZGWRU3.pcm

SwiftExplicitDependencyGeneratePcm arm64 /var/folders/3w/91hphlzs0rv_1twbkfyhvn6m0000gn/T/condisco-preflight.1kKWrm/DerivedData/SDKExplicitPrecompiledModules/Dispatch-C24W1ZB8GIZ4VYV02N88K1JNN.pcm

SwiftExplicitDependencyGeneratePcm arm64 /var/folders/3w/91hphlzs0rv_1twbkfyhvn6m0000gn/T/condisco-preflight.1kKWrm/DerivedData/SDKExplicitPrecompiledModules/XPC-20MN3XTRY1QQSXCJQJ7R3PRHH.pcm

SwiftExplicitDependencyGeneratePcm arm64 /var/folders/3w/91hphlzs0rv_1twbkfyhvn6m0000gn/T/condisco-preflight.1kKWrm/DerivedData/SDKExplicitPrecompiledModules/CoreFoundation-BK1HR5CCI0HO4KIFMA743IV5Q.pcm

SwiftExplicitDependencyGeneratePcm arm64 /var/folders/3w/91hphlzs0rv_1twbkfyhvn6m0000gn/T/condisco-preflight.1kKWrm/DerivedData/SDKExplicitPrecompiledModules/dnssd-DQP7T1QAGQ0FTN0XJF95PTP1L.pcm

SwiftExplicitDependencyGeneratePcm arm64 /var/folders/3w/91hphlzs0rv_1twbkfyhvn6m0000gn/T/condisco-preflight.1kKWrm/DerivedData/SDKExplicitPrecompiledModules/os-3SS7MX6JYGWAS0NDYVYCMZJ3F.pcm

SwiftExplicitDependencyGeneratePcm arm64 /var/folders/3w/91hphlzs0rv_1twbkfyhvn6m0000gn/T/condisco-preflight.1kKWrm/DerivedData/SDKExplicitPrecompiledModules/Security-7THYCWXUXU10S4JP0OCK91R5G.pcm

SwiftExplicitDependencyGeneratePcm arm64 /var/folders/3w/91hphlzs0rv_1twbkfyhvn6m0000gn/T/condisco-preflight.1kKWrm/DerivedData/SDKExplicitPrecompiledModules/CoreAudioTypes-70CY5GF3J4KDBTUXJNPYGO2P5.pcm

SwiftExplicitDependencyGeneratePcm arm64 /var/folders/3w/91hphlzs0rv_1twbkfyhvn6m0000gn/T/condisco-preflight.1kKWrm/DerivedData/SDKExplicitPrecompiledModules/CFNetwork-EP1PRYY9DXDCRMEYLHXVHGE8K.pcm

SwiftExplicitDependencyGeneratePcm arm64 /var/folders/3w/91hphlzs0rv_1twbkfyhvn6m0000gn/T/condisco-preflight.1kKWrm/DerivedData/SDKExplicitPrecompiledModules/CoreGraphics-A8WTK02HLI0WSD3C7ASODE1W7.pcm

SwiftExplicitDependencyGeneratePcm arm64 /var/folders/3w/91hphlzs0rv_1twbkfyhvn6m0000gn/T/condisco-preflight.1kKWrm/DerivedData/SDKExplicitPrecompiledModules/CoreAudio-EMIC754AO7CPDPX2L8PH3MJGA.pcm

SwiftExplicitDependencyGeneratePcm arm64 /var/folders/3w/91hphlzs0rv_1twbkfyhvn6m0000gn/T/condisco-preflight.1kKWrm/DerivedData/SDKExplicitPrecompiledModules/Foundation-D5SIZBYRCEROA9J6NVDCNR4R5.pcm

SwiftExplicitDependencyGeneratePcm arm64 /var/folders/3w/91hphlzs0rv_1twbkfyhvn6m0000gn/T/condisco-preflight.1kKWrm/DerivedData/SDKExplicitPrecompiledModules/ImageIO-28K2KW52JWXJKY0UD5KR5C4DI.pcm

SwiftExplicitDependencyGeneratePcm arm64 /var/folders/3w/91hphlzs0rv_1twbkfyhvn6m0000gn/T/condisco-preflight.1kKWrm/DerivedData/SDKExplicitPrecompiledModules/CoreText-4Z6PXHTRUZO8719T6XZXTTVA3.pcm

SwiftExplicitDependencyGeneratePcm arm64 /var/folders/3w/91hphlzs0rv_1twbkfyhvn6m0000gn/T/condisco-preflight.1kKWrm/DerivedData/SDKExplicitPrecompiledModules/CoreMIDI-7S6TD6OTLH47EPZ22NDHCMJ48.pcm

SwiftExplicitDependencyGeneratePcm arm64 /var/folders/3w/91hphlzs0rv_1twbkfyhvn6m0000gn/T/condisco-preflight.1kKWrm/DerivedData/SDKExplicitPrecompiledModules/AppIntents-M6I8MBU8B13Y01SQOZDSO76E.pcm

SwiftExplicitDependencyGeneratePcm arm64 /var/folders/3w/91hphlzs0rv_1twbkfyhvn6m0000gn/T/condisco-preflight.1kKWrm/DerivedData/SDKExplicitPrecompiledModules/DataDetection-6AG57KZVT1VH2SLVRE9WF0IE7.pcm

SwiftExplicitDependencyGeneratePcm arm64 /var/folders/3w/91hphlzs0rv_1twbkfyhvn6m0000gn/T/condisco-preflight.1kKWrm/DerivedData/SDKExplicitPrecompiledModules/UIUtilities-B03QCSUGQL7UQSSG3M35SACEK.pcm

SwiftExplicitDependencyGeneratePcm arm64 /var/folders/3w/91hphlzs0rv_1twbkfyhvn6m0000gn/T/condisco-preflight.1kKWrm/DerivedData/SDKExplicitPrecompiledModules/IOSurface-83DZT3SY75V1I2CSBOF46CTM8.pcm

SwiftExplicitDependencyGeneratePcm arm64 /var/folders/3w/91hphlzs0rv_1twbkfyhvn6m0000gn/T/condisco-preflight.1kKWrm/DerivedData/SDKExplicitPrecompiledModules/BackgroundAssets-A4KM7PY0UPJO9X5XTMJ0M18H9.pcm

SwiftExplicitDependencyGeneratePcm arm64 /var/folders/3w/91hphlzs0rv_1twbkfyhvn6m0000gn/T/condisco-preflight.1kKWrm/DerivedData/SDKExplicitPrecompiledModules/CoreTransferable-4E3UY4NYCWWYQ4TVUH2JOYRGM.pcm

SwiftExplicitDependencyGeneratePcm arm64 /var/folders/3w/91hphlzs0rv_1twbkfyhvn6m0000gn/T/condisco-preflight.1kKWrm/DerivedData/SDKExplicitPrecompiledModules/UniformTypeIdentifiers-C4LFG9VMVO5GXCOOBF5R6P8TE.pcm

SwiftExplicitDependencyGeneratePcm arm64 /var/folders/3w/91hphlzs0rv_1twbkfyhvn6m0000gn/T/condisco-preflight.1kKWrm/DerivedData/SDKExplicitPrecompiledModules/AudioToolbox-B1TTFSH61SR4EVAOVGTGH54CJ.pcm

SwiftExplicitDependencyGeneratePcm arm64 /var/folders/3w/91hphlzs0rv_1twbkfyhvn6m0000gn/T/condisco-preflight.1kKWrm/DerivedData/SDKExplicitPrecompiledModules/RelevanceKit-7E7HVI2NS70AD30J4NA1CQGRN.pcm

SwiftExplicitDependencyGeneratePcm arm64 /var/folders/3w/91hphlzs0rv_1twbkfyhvn6m0000gn/T/condisco-preflight.1kKWrm/DerivedData/SDKExplicitPrecompiledModules/Accessibility-83ODPIDAKGS9U8B87HGJQEO1C.pcm

SwiftExplicitDependencyGeneratePcm arm64 /var/folders/3w/91hphlzs0rv_1twbkfyhvn6m0000gn/T/condisco-preflight.1kKWrm/DerivedData/SDKExplicitPrecompiledModules/OpenGLES-R6EH23Q8FO3LPBXRP4G1GILO.pcm

SwiftExplicitDependencyGeneratePcm arm64 /var/folders/3w/91hphlzs0rv_1twbkfyhvn6m0000gn/T/condisco-preflight.1kKWrm/DerivedData/SDKExplicitPrecompiledModules/Symbols-A4S5T2HJ4BN7TZQ07BWQEF08K.pcm

SwiftExplicitDependencyGeneratePcm arm64 /var/folders/3w/91hphlzs0rv_1twbkfyhvn6m0000gn/T/condisco-preflight.1kKWrm/DerivedData/SDKExplicitPrecompiledModules/CoreSpotlight-C63KIAMY7DDQHQTEY9IMY9GV.pcm

SwiftExplicitDependencyGeneratePcm arm64 /var/folders/3w/91hphlzs0rv_1twbkfyhvn6m0000gn/T/condisco-preflight.1kKWrm/DerivedData/SDKExplicitPrecompiledModules/OSLog-C9HLOD9G4VZK1CGQ7DOITX5UX.pcm

SwiftExplicitDependencyGeneratePcm arm64 /var/folders/3w/91hphlzs0rv_1twbkfyhvn6m0000gn/T/condisco-preflight.1kKWrm/DerivedData/SDKExplicitPrecompiledModules/CoreData-C6XEE8QVH02XH7X51821J285I.pcm

SwiftExplicitDependencyGeneratePcm arm64 /var/folders/3w/91hphlzs0rv_1twbkfyhvn6m0000gn/T/condisco-preflight.1kKWrm/DerivedData/SDKExplicitPrecompiledModules/WidgetKit-EKYWU3DM0IKGMDHNZZGUI1SX2.pcm

SwiftExplicitDependencyGeneratePcm arm64 /var/folders/3w/91hphlzs0rv_1twbkfyhvn6m0000gn/T/condisco-preflight.1kKWrm/DerivedData/SDKExplicitPrecompiledModules/_LocationEssentials-EFQG69QX5HYUI0OGY10LQPWUG.pcm

SwiftExplicitDependencyGeneratePcm arm64 /var/folders/3w/91hphlzs0rv_1twbkfyhvn6m0000gn/T/condisco-preflight.1kKWrm/DerivedData/SDKExplicitPrecompiledModules/FileProvider-6Z98XUPGQGSN2JOCQKMSWTNF9.pcm

SwiftExplicitDependencyGeneratePcm arm64 /var/folders/3w/91hphlzs0rv_1twbkfyhvn6m0000gn/T/condisco-preflight.1kKWrm/DerivedData/SDKExplicitPrecompiledModules/Metal-7JLZHFZP0XX9VAMP7VB255MO2.pcm

SwiftExplicitDependencyGeneratePcm arm64 /var/folders/3w/91hphlzs0rv_1twbkfyhvn6m0000gn/T/condisco-preflight.1kKWrm/DerivedData/SDKExplicitPrecompiledModules/AppIntentsTypeSupport-E55V3I06CG1W6DSOOFNLWPFMO.pcm

SwiftExplicitDependencyGeneratePcm arm64 /var/folders/3w/91hphlzs0rv_1twbkfyhvn6m0000gn/T/condisco-preflight.1kKWrm/DerivedData/SDKExplicitPrecompiledModules/CoreLocation-BMS9EYCFWXIQXFGOJVCG264XM.pcm

SwiftExplicitDependencyGeneratePcm arm64 /var/folders/3w/91hphlzs0rv_1twbkfyhvn6m0000gn/T/condisco-preflight.1kKWrm/DerivedData/SDKExplicitPrecompiledModules/LocalAuthentication-2366WEX3Y8082QBNFQI48FMID.pcm

SwiftExplicitDependencyGeneratePcm arm64 /var/folders/3w/91hphlzs0rv_1twbkfyhvn6m0000gn/T/condisco-preflight.1kKWrm/DerivedData/SDKExplicitPrecompiledModules/Network-DWBC9YZ8BZ6PMTU5EMG34AEKP.pcm

SwiftExplicitDependencyGeneratePcm arm64 /var/folders/3w/91hphlzs0rv_1twbkfyhvn6m0000gn/T/condisco-preflight.1kKWrm/DerivedData/SDKExplicitPrecompiledModules/UserNotifications-6G81N9KCGZZASNG7NQNIT0JDF.pcm

SwiftExplicitDependencyGeneratePcm arm64 /var/folders/3w/91hphlzs0rv_1twbkfyhvn6m0000gn/T/condisco-preflight.1kKWrm/DerivedData/SDKExplicitPrecompiledModules/CloudKit-HIED40Y7BPG5BJIHBSNFI4AB.pcm

SwiftExplicitDependencyGeneratePcm arm64 /var/folders/3w/91hphlzs0rv_1twbkfyhvn6m0000gn/T/condisco-preflight.1kKWrm/DerivedData/SDKExplicitPrecompiledModules/CoreMotion-8LT6FEVVK7HCKYWMJL8VTEQ6Q.pcm

SwiftExplicitDependencyGeneratePcm arm64 /var/folders/3w/91hphlzs0rv_1twbkfyhvn6m0000gn/T/condisco-preflight.1kKWrm/DerivedData/SDKExplicitPrecompiledModules/AVRouting-6UGTATGD2LLZ1OE57NLYDX4KP.pcm

SwiftExplicitDependencyGeneratePcm arm64 /var/folders/3w/91hphlzs0rv_1twbkfyhvn6m0000gn/T/condisco-preflight.1kKWrm/DerivedData/SDKExplicitPrecompiledModules/CoreVideo-4348UVJA31OMQUEVBDWY0OQKT.pcm

SwiftExplicitDependencyGeneratePcm arm64 /var/folders/3w/91hphlzs0rv_1twbkfyhvn6m0000gn/T/condisco-preflight.1kKWrm/DerivedData/SDKExplicitPrecompiledModules/Intents-5JQ2UFYFU43R1TSKH43SOFQ7G.pcm

SwiftExplicitDependencyGeneratePcm arm64 /var/folders/3w/91hphlzs0rv_1twbkfyhvn6m0000gn/T/condisco-preflight.1kKWrm/DerivedData/SDKExplicitPrecompiledModules/CoreImage-97W873SQEXAWP4YCYRP64BB9Y.pcm

SwiftExplicitDependencyGeneratePcm arm64 /var/folders/3w/91hphlzs0rv_1twbkfyhvn6m0000gn/T/condisco-preflight.1kKWrm/DerivedData/SDKExplicitPrecompiledModules/CoreMedia-9C85S86PO2CJV489PEZDRZWXW.pcm

SwiftExplicitDependencyGeneratePcm arm64 /var/folders/3w/91hphlzs0rv_1twbkfyhvn6m0000gn/T/condisco-preflight.1kKWrm/DerivedData/SDKExplicitPrecompiledModules/QuartzCore-38QOX1YDY1O7D15A1042RJNC9.pcm

SwiftExplicitDependencyGeneratePcm arm64 /var/folders/3w/91hphlzs0rv_1twbkfyhvn6m0000gn/T/condisco-preflight.1kKWrm/DerivedData/SDKExplicitPrecompiledModules/SwiftUICore-569OJAI35NPCZTXFDJ1B88RAK.pcm

SwiftExplicitDependencyGeneratePcm arm64 /var/folders/3w/91hphlzs0rv_1twbkfyhvn6m0000gn/T/condisco-preflight.1kKWrm/DerivedData/SDKExplicitPrecompiledModules/VideoToolbox-88SQQBLU39XR3OMOTDTNEXG0Z.pcm

SwiftExplicitDependencyGeneratePcm arm64 /var/folders/3w/91hphlzs0rv_1twbkfyhvn6m0000gn/T/condisco-preflight.1kKWrm/DerivedData/SDKExplicitPrecompiledModules/MediaToolbox-AB7UIXZ3R35HRDLK1S2EH7UOC.pcm

SwiftExplicitDependencyGeneratePcm arm64 /var/folders/3w/91hphlzs0rv_1twbkfyhvn6m0000gn/T/condisco-preflight.1kKWrm/DerivedData/SDKExplicitPrecompiledModules/UIKit-9ZVDRQ2H4VKKVXYLWH1W8QKMN.pcm

SwiftExplicitDependencyGeneratePcm arm64 /var/folders/3w/91hphlzs0rv_1twbkfyhvn6m0000gn/T/condisco-preflight.1kKWrm/DerivedData/SDKExplicitPrecompiledModules/AVFAudio-D2MLFD6OZG16PS4N05X1VFOMX.pcm

SwiftExplicitDependencyGeneratePcm arm64 /var/folders/3w/91hphlzs0rv_1twbkfyhvn6m0000gn/T/condisco-preflight.1kKWrm/DerivedData/SDKExplicitPrecompiledModules/AVFoundation-8RK8NXAWZ1PTO8P61HGS84A4Y.pcm

SwiftDriverJobDiscovery normal arm64 Compiling CondiscoWidget.swift (in target 'CondiscoWidget' from project 'Condisco')

SwiftDriver\ Compilation CondiscoWidget normal arm64 com.apple.xcode.tools.swift.compiler (in target 'CondiscoWidget' from project 'Condisco')
    cd /Users/spkoehl/Projects/VerbaLibera
    builtin-Swift-Compilation -- /Applications/Xcode.app/Contents/Developer/Toolchains/XcodeDefault.xctoolchain/usr/bin/swiftc -module-name CondiscoWidget -Onone @/var/folders/3w/91hphlzs0rv_1twbkfyhvn6m0000gn/T/condisco-preflight.1kKWrm/DerivedData/Build/Intermediates.noindex/Condisco.build/Debug-iphonesimulator/CondiscoWidget.build/Objects-normal/arm64/CondiscoWidget.SwiftFileList -DDEBUG -enable-bare-slash-regex -enable-experimental-feature DebugDescriptionMacro -sdk /Applications/Xcode.app/Contents/Developer/Platforms/iPhoneSimulator.platform/Developer/SDKs/iPhoneSimulator27.0.sdk -target arm64-apple-ios17.0-simulator -g -module-cache-path /var/folders/3w/91hphlzs0rv_1twbkfyhvn6m0000gn/T/condisco-preflight.1kKWrm/DerivedData/ModuleCache.noindex -Xfrontend -serialize-debugging-options -application-extension -enable-testing -index-store-path /var/folders/3w/91hphlzs0rv_1twbkfyhvn6m0000gn/T/condisco-preflight.1kKWrm/DerivedData/Index.noindex/DataStore -Xcc -D_LIBCPP_HARDENING_MODE\=_LIBCPP_HARDENING_MODE_DEBUG -swift-version 5 -I /var/folders/3w/91hphlzs0rv_1twbkfyhvn6m0000gn/T/condisco-preflight.1kKWrm/DerivedData/Build/Products/Debug-iphonesimulator -F /var/folders/3w/91hphlzs0rv_1twbkfyhvn6m0000gn/T/condisco-preflight.1kKWrm/DerivedData/Build/Products/Debug-iphonesimulator -emit-localized-strings -emit-localized-strings-path /var/folders/3w/91hphlzs0rv_1twbkfyhvn6m0000gn/T/condisco-preflight.1kKWrm/DerivedData/Build/Intermediates.noindex/Condisco.build/Debug-iphonesimulator/CondiscoWidget.build/Objects-normal/arm64 -c -j6 -enable-batch-mode -incremental -Xcc -ivfsstatcache -Xcc /var/folders/3w/91hphlzs0rv_1twbkfyhvn6m0000gn/T/condisco-preflight.1kKWrm/DerivedData/SDKStatCaches.noindex/iphonesimulator27.0-24A430-8dc58220667be655e1bcc261a7455254.sdkstatcache -output-file-map /var/folders/3w/91hphlzs0rv_1twbkfyhvn6m0000gn/T/condisco-preflight.1kKWrm/DerivedData/Build/Intermediates.noindex/Condisco.build/Debug-iphonesimulator/CondiscoWidget.build/Objects-normal/arm64/CondiscoWidget-OutputFileMap.json -save-temps -no-color-diagnostics -explicit-module-build -module-cache-path /var/folders/3w/91hphlzs0rv_1twbkfyhvn6m0000gn/T/condisco-preflight.1kKWrm/DerivedData/Build/Intermediates.noindex/SwiftExplicitPrecompiledModules -clang-scanner-module-cache-path /var/folders/3w/91hphlzs0rv_1twbkfyhvn6m0000gn/T/condisco-preflight.1kKWrm/DerivedData/ModuleCache.noindex -sdk-module-cache-path /var/folders/3w/91hphlzs0rv_1twbkfyhvn6m0000gn/T/condisco-preflight.1kKWrm/DerivedData/SDKExplicitPrecompiledModules -emit-dependencies -emit-module -emit-module-path /var/folders/3w/91hphlzs0rv_1twbkfyhvn6m0000gn/T/condisco-preflight.1kKWrm/DerivedData/Build/Intermediates.noindex/Condisco.build/Debug-iphonesimulator/CondiscoWidget.build/Objects-normal/arm64/CondiscoWidget.swiftmodule -serialize-diagnostics -dependency-scan-serialize-diagnostics-path /var/folders/3w/91hphlzs0rv_1twbkfyhvn6m0000gn/T/condisco-preflight.1kKWrm/DerivedData/Build/Intermediates.noindex/Condisco.build/Debug-iphonesimulator/CondiscoWidget.build/Objects-normal/arm64/CondiscoWidget-dependency-scan.dia -validate-clang-modules-once -clang-build-session-file /var/folders/3w/91hphlzs0rv_1twbkfyhvn6m0000gn/T/condisco-preflight.1kKWrm/DerivedData/ModuleCache.noindex/Session.modulevalidation -Xcc -fmodules-prune-interval\=86400 -Xcc -fmodules-prune-after\=345600 -emit-const-values -const-gather-protocols-list /var/folders/3w/91hphlzs0rv_1twbkfyhvn6m0000gn/T/condisco-preflight.1kKWrm/DerivedData/Build/Intermediates.noindex/Condisco.build/Debug-iphonesimulator/CondiscoWidget.build/Objects-normal/arm64/CondiscoWidget_const_extract_protocols.json -Xcc -iquote -Xcc /var/folders/3w/91hphlzs0rv_1twbkfyhvn6m0000gn/T/condisco-preflight.1kKWrm/DerivedData/Build/Intermediates.noindex/Condisco.build/Debug-iphonesimulator/CondiscoWidget.build/CondiscoWidget-generated-files.hmap -Xcc -I/var/folders/3w/91hphlzs0rv_1twbkfyhvn6m0000gn/T/condisco-preflight.1kKWrm/DerivedData/Build/Intermediates.noindex/Condisco.build/Debug-iphonesimulator/CondiscoWidget.build/CondiscoWidget-own-target-headers.hmap -Xcc -I/var/folders/3w/91hphlzs0rv_1twbkfyhvn6m0000gn/T/condisco-preflight.1kKWrm/DerivedData/Build/Intermediates.noindex/Condisco.build/Debug-iphonesimulator/CondiscoWidget.build/CondiscoWidget-all-target-headers.hmap -Xcc -iquote -Xcc /var/folders/3w/91hphlzs0rv_1twbkfyhvn6m0000gn/T/condisco-preflight.1kKWrm/DerivedData/Build/Intermediates.noindex/Condisco.build/Debug-iphonesimulator/CondiscoWidget.build/CondiscoWidget-project-headers.hmap -Xcc -I/var/folders/3w/91hphlzs0rv_1twbkfyhvn6m0000gn/T/condisco-preflight.1kKWrm/DerivedData/Build/Products/Debug-iphonesimulator/include -Xcc -I/var/folders/3w/91hphlzs0rv_1twbkfyhvn6m0000gn/T/condisco-preflight.1kKWrm/DerivedData/Build/Intermediates.noindex/Condisco.build/Debug-iphonesimulator/CondiscoWidget.build/DerivedSources-normal/arm64 -Xcc -I/var/folders/3w/91hphlzs0rv_1twbkfyhvn6m0000gn/T/condisco-preflight.1kKWrm/DerivedData/Build/Intermediates.noindex/Condisco.build/Debug-iphonesimulator/CondiscoWidget.build/DerivedSources/arm64 -Xcc -I/var/folders/3w/91hphlzs0rv_1twbkfyhvn6m0000gn/T/condisco-preflight.1kKWrm/DerivedData/Build/Intermediates.noindex/Condisco.build/Debug-iphonesimulator/CondiscoWidget.build/DerivedSources -Xcc -DDEBUG\=1 -Xcc -DDEBUG\=1 -emit-objc-header -emit-objc-header-path /var/folders/3w/91hphlzs0rv_1twbkfyhvn6m0000gn/T/condisco-preflight.1kKWrm/DerivedData/Build/Intermediates.noindex/Condisco.build/Debug-iphonesimulator/CondiscoWidget.build/Objects-normal/arm64/CondiscoWidget-Swift.h -working-directory /Users/spkoehl/Projects/VerbaLibera -experimental-emit-module-separately -disable-cmo

Ld /var/folders/3w/91hphlzs0rv_1twbkfyhvn6m0000gn/T/condisco-preflight.1kKWrm/DerivedData/Build/Products/Debug-iphonesimulator/CondiscoWidget.appex/CondiscoWidget.debug.dylib normal (in target 'CondiscoWidget' from project 'Condisco')
    cd /Users/spkoehl/Projects/VerbaLibera
    /Applications/Xcode.app/Contents/Developer/Toolchains/XcodeDefault.xctoolchain/usr/bin/clang -Xlinker -reproducible -target arm64-apple-ios17.0-simulator -dynamiclib -isysroot /Applications/Xcode.app/Contents/Developer/Platforms/iPhoneSimulator.platform/Developer/SDKs/iPhoneSimulator27.0.sdk -O0 -Xlinker -no_warn_duplicate_libraries -L/var/folders/3w/91hphlzs0rv_1twbkfyhvn6m0000gn/T/condisco-preflight.1kKWrm/DerivedData/Build/Intermediates.noindex/EagerLinkingTBDs/Debug-iphonesimulator -L/var/folders/3w/91hphlzs0rv_1twbkfyhvn6m0000gn/T/condisco-preflight.1kKWrm/DerivedData/Build/Products/Debug-iphonesimulator -F/var/folders/3w/91hphlzs0rv_1twbkfyhvn6m0000gn/T/condisco-preflight.1kKWrm/DerivedData/Build/Intermediates.noindex/EagerLinkingTBDs/Debug-iphonesimulator -F/var/folders/3w/91hphlzs0rv_1twbkfyhvn6m0000gn/T/condisco-preflight.1kKWrm/DerivedData/Build/Products/Debug-iphonesimulator -filelist /var/folders/3w/91hphlzs0rv_1twbkfyhvn6m0000gn/T/condisco-preflight.1kKWrm/DerivedData/Build/Intermediates.noindex/Condisco.build/Debug-iphonesimulator/CondiscoWidget.build/Objects-normal/arm64/CondiscoWidget.LinkFileList -install_name @rpath/CondiscoWidget.debug.dylib -Xlinker -rpath -Xlinker /usr/lib/swift -Xlinker -dead_strip -Xlinker -object_path_lto -Xlinker /var/folders/3w/91hphlzs0rv_1twbkfyhvn6m0000gn/T/condisco-preflight.1kKWrm/DerivedData/Build/Intermediates.noindex/Condisco.build/Debug-iphonesimulator/CondiscoWidget.build/Objects-normal/arm64/CondiscoWidget_lto.o -rdynamic -Xlinker -no_deduplicate -Xlinker -objc_abi_version -Xlinker 2 -Xlinker -dependency_info -Xlinker /var/folders/3w/91hphlzs0rv_1twbkfyhvn6m0000gn/T/condisco-preflight.1kKWrm/DerivedData/Build/Intermediates.noindex/Condisco.build/Debug-iphonesimulator/CondiscoWidget.build/Objects-normal/arm64/CondiscoWidget_dependency_info.dat -fapplication-extension -fobjc-link-runtime -L/Applications/Xcode.app/Contents/Developer/Toolchains/XcodeDefault.xctoolchain/usr/lib/swift/iphonesimulator -L/usr/lib/swift -Xlinker -add_ast_path -Xlinker /var/folders/3w/91hphlzs0rv_1twbkfyhvn6m0000gn/T/condisco-preflight.1kKWrm/DerivedData/Build/Intermediates.noindex/Condisco.build/Debug-iphonesimulator/CondiscoWidget.build/Objects-normal/arm64/CondiscoWidget.swiftmodule -Xlinker -alias -Xlinker _NSExtensionMain -Xlinker ___debug_main_executable_dylib_entry_point -Xlinker -no_adhoc_codesign -o /var/folders/3w/91hphlzs0rv_1twbkfyhvn6m0000gn/T/condisco-preflight.1kKWrm/DerivedData/Build/Products/Debug-iphonesimulator/CondiscoWidget.appex/CondiscoWidget.debug.dylib

SwiftExplicitDependencyGeneratePcm arm64 /var/folders/3w/91hphlzs0rv_1twbkfyhvn6m0000gn/T/condisco-preflight.1kKWrm/DerivedData/SDKExplicitPrecompiledModules/StoreKit-EIZ4WD6W0K1PD5D5CW2SVNLBR.pcm

SwiftExplicitDependencyGeneratePcm arm64 /var/folders/3w/91hphlzs0rv_1twbkfyhvn6m0000gn/T/condisco-preflight.1kKWrm/DerivedData/SDKExplicitPrecompiledModules/AuthenticationServices-GYOFLIZZGVCL01IYLE0HA6NS.pcm

SwiftExplicitDependencyGeneratePcm arm64 /var/folders/3w/91hphlzs0rv_1twbkfyhvn6m0000gn/T/condisco-preflight.1kKWrm/DerivedData/SDKExplicitPrecompiledModules/MediaPlayer-86XLL5Z2EQO3QR3HHBUCBACJH.pcm

SwiftExplicitDependencyGeneratePcm arm64 /var/folders/3w/91hphlzs0rv_1twbkfyhvn6m0000gn/T/condisco-preflight.1kKWrm/DerivedData/SDKExplicitPrecompiledModules/SwiftUI-EC14E5AOET9Q9ECMRV66CSL40.pcm

SwiftCompile normal arm64 Compiling\ ListenModels.swift,\ ListenView.swift,\ ReviewModels.swift,\ ReviewView.swift,\ ReviewReminders.swift,\ FlashcardsView.swift,\ AnkiExport.swift,\ HandsFreeReview.swift,\ A11ySettings.swift /Users/spkoehl/Projects/VerbaLibera/Condisco/Listen/ListenModels.swift /Users/spkoehl/Projects/VerbaLibera/Condisco/Listen/ListenView.swift /Users/spkoehl/Projects/VerbaLibera/Condisco/Review/ReviewModels.swift /Users/spkoehl/Projects/VerbaLibera/Condisco/Review/ReviewView.swift /Users/spkoehl/Projects/VerbaLibera/Condisco/Review/ReviewReminders.swift /Users/spkoehl/Projects/VerbaLibera/Condisco/Review/FlashcardsView.swift /Users/spkoehl/Projects/VerbaLibera/Condisco/Review/AnkiExport.swift /Users/spkoehl/Projects/VerbaLibera/Condisco/Review/HandsFreeReview.swift /Users/spkoehl/Projects/VerbaLibera/Condisco/Theme/A11ySettings.swift (in target 'Condisco' from project 'Condisco')

SwiftCompile normal arm64 /Users/spkoehl/Projects/VerbaLibera/Condisco/Listen/ListenModels.swift (in target 'Condisco' from project 'Condisco')
    cd /Users/spkoehl/Projects/VerbaLibera
    builtin-SwiftPerFileCompile ListenModels.swift

SwiftCompile normal arm64 /Users/spkoehl/Projects/VerbaLibera/Condisco/Listen/ListenView.swift (in target 'Condisco' from project 'Condisco')
    cd /Users/spkoehl/Projects/VerbaLibera
    builtin-SwiftPerFileCompile ListenView.swift

SwiftCompile normal arm64 /Users/spkoehl/Projects/VerbaLibera/Condisco/Review/ReviewModels.swift (in target 'Condisco' from project 'Condisco')
    cd /Users/spkoehl/Projects/VerbaLibera
    builtin-SwiftPerFileCompile ReviewModels.swift

SwiftCompile normal arm64 /Users/spkoehl/Projects/VerbaLibera/Condisco/Review/ReviewView.swift (in target 'Condisco' from project 'Condisco')
    cd /Users/spkoehl/Projects/VerbaLibera
    builtin-SwiftPerFileCompile ReviewView.swift

SwiftCompile normal arm64 /Users/spkoehl/Projects/VerbaLibera/Condisco/Review/ReviewReminders.swift (in target 'Condisco' from project 'Condisco')
    cd /Users/spkoehl/Projects/VerbaLibera
    builtin-SwiftPerFileCompile ReviewReminders.swift

SwiftCompile normal arm64 /Users/spkoehl/Projects/VerbaLibera/Condisco/Review/FlashcardsView.swift (in target 'Condisco' from project 'Condisco')
    cd /Users/spkoehl/Projects/VerbaLibera
    builtin-SwiftPerFileCompile FlashcardsView.swift

SwiftCompile normal arm64 /Users/spkoehl/Projects/VerbaLibera/Condisco/Review/AnkiExport.swift (in target 'Condisco' from project 'Condisco')
    cd /Users/spkoehl/Projects/VerbaLibera
    builtin-SwiftPerFileCompile AnkiExport.swift

SwiftCompile normal arm64 /Users/spkoehl/Projects/VerbaLibera/Condisco/Review/HandsFreeReview.swift (in target 'Condisco' from project 'Condisco')
    cd /Users/spkoehl/Projects/VerbaLibera
    builtin-SwiftPerFileCompile HandsFreeReview.swift

SwiftCompile normal arm64 /Users/spkoehl/Projects/VerbaLibera/Condisco/Theme/A11ySettings.swift (in target 'Condisco' from project 'Condisco')
    cd /Users/spkoehl/Projects/VerbaLibera
    builtin-SwiftPerFileCompile A11ySettings.swift

SwiftCompile normal arm64 Compiling\ Glossary.swift,\ LessonMoments.swift,\ DeepLink.swift,\ CondiscoIntents.swift,\ SpotlightIndex.swift,\ LessonCatalog.generated.swift,\ WidgetSnapshot.swift,\ WidgetSnapshotWriter.swift,\ GeneratedAssetSymbols.swift /Users/spkoehl/Projects/VerbaLibera/Condisco/Lesson/Glossary.swift /Users/spkoehl/Projects/VerbaLibera/Condisco/Lesson/LessonMoments.swift /Users/spkoehl/Projects/VerbaLibera/Condisco/DeepLink/DeepLink.swift /Users/spkoehl/Projects/VerbaLibera/Condisco/DeepLink/CondiscoIntents.swift /Users/spkoehl/Projects/VerbaLibera/Condisco/DeepLink/SpotlightIndex.swift /Users/spkoehl/Projects/VerbaLibera/Condisco/DeepLink/LessonCatalog.generated.swift /Users/spkoehl/Projects/VerbaLibera/Condisco/Store/WidgetSnapshot.swift /Users/spkoehl/Projects/VerbaLibera/Condisco/Store/WidgetSnapshotWriter.swift /var/folders/3w/91hphlzs0rv_1twbkfyhvn6m0000gn/T/condisco-preflight.1kKWrm/DerivedData/Build/Intermediates.noindex/Condisco.build/Debug-iphonesimulator/Condisco.build/DerivedSources/GeneratedAssetSymbols.swift (in target 'Condisco' from project 'Condisco')

SwiftCompile normal arm64 /Users/spkoehl/Projects/VerbaLibera/Condisco/Lesson/Glossary.swift (in target 'Condisco' from project 'Condisco')
    cd /Users/spkoehl/Projects/VerbaLibera
    builtin-SwiftPerFileCompile Glossary.swift

SwiftCompile normal arm64 /Users/spkoehl/Projects/VerbaLibera/Condisco/Lesson/LessonMoments.swift (in target 'Condisco' from project 'Condisco')
    cd /Users/spkoehl/Projects/VerbaLibera
    builtin-SwiftPerFileCompile LessonMoments.swift

SwiftCompile normal arm64 /Users/spkoehl/Projects/VerbaLibera/Condisco/DeepLink/DeepLink.swift (in target 'Condisco' from project 'Condisco')
    cd /Users/spkoehl/Projects/VerbaLibera
    builtin-SwiftPerFileCompile DeepLink.swift

SwiftCompile normal arm64 /Users/spkoehl/Projects/VerbaLibera/Condisco/DeepLink/CondiscoIntents.swift (in target 'Condisco' from project 'Condisco')
    cd /Users/spkoehl/Projects/VerbaLibera
    builtin-SwiftPerFileCompile CondiscoIntents.swift

SwiftCompile normal arm64 /Users/spkoehl/Projects/VerbaLibera/Condisco/DeepLink/SpotlightIndex.swift (in target 'Condisco' from project 'Condisco')
    cd /Users/spkoehl/Projects/VerbaLibera
    builtin-SwiftPerFileCompile SpotlightIndex.swift

SwiftCompile normal arm64 /Users/spkoehl/Projects/VerbaLibera/Condisco/DeepLink/LessonCatalog.generated.swift (in target 'Condisco' from project 'Condisco')
    cd /Users/spkoehl/Projects/VerbaLibera
    builtin-SwiftPerFileCompile LessonCatalog.generated.swift

SwiftCompile normal arm64 /Users/spkoehl/Projects/VerbaLibera/Condisco/Store/WidgetSnapshot.swift (in target 'Condisco' from project 'Condisco')
    cd /Users/spkoehl/Projects/VerbaLibera
    builtin-SwiftPerFileCompile WidgetSnapshot.swift

SwiftCompile normal arm64 /Users/spkoehl/Projects/VerbaLibera/Condisco/Store/WidgetSnapshotWriter.swift (in target 'Condisco' from project 'Condisco')
    cd /Users/spkoehl/Projects/VerbaLibera
    builtin-SwiftPerFileCompile WidgetSnapshotWriter.swift

SwiftCompile normal arm64 /var/folders/3w/91hphlzs0rv_1twbkfyhvn6m0000gn/T/condisco-preflight.1kKWrm/DerivedData/Build/Intermediates.noindex/Condisco.build/Debug-iphonesimulator/Condisco.build/DerivedSources/GeneratedAssetSymbols.swift (in target 'Condisco' from project 'Condisco')
    cd /Users/spkoehl/Projects/VerbaLibera
    builtin-SwiftPerFileCompile GeneratedAssetSymbols.swift

SwiftEmitModule normal arm64 Emitting\ module\ for\ Condisco (in target 'Condisco' from project 'Condisco')

SwiftCompile normal arm64 (in target 'Condisco' from project 'Condisco')
    cd /Users/spkoehl/Projects/VerbaLibera
    

SwiftCompile normal arm64 Compiling\ EmptyStateArt.swift,\ AppleSignIn.swift,\ CloudKitSync.swift,\ YouModel.swift,\ YouView.swift,\ Support.swift,\ PhraseCard.swift,\ ShadowMode.swift,\ Phrasebook.swift /Users/spkoehl/Projects/VerbaLibera/Condisco/Theme/EmptyStateArt.swift /Users/spkoehl/Projects/VerbaLibera/Condisco/Auth/AppleSignIn.swift /Users/spkoehl/Projects/VerbaLibera/Condisco/Sync/CloudKitSync.swift /Users/spkoehl/Projects/VerbaLibera/Condisco/You/YouModel.swift /Users/spkoehl/Projects/VerbaLibera/Condisco/You/YouView.swift /Users/spkoehl/Projects/VerbaLibera/Condisco/You/Support.swift /Users/spkoehl/Projects/VerbaLibera/Condisco/Lesson/PhraseCard.swift /Users/spkoehl/Projects/VerbaLibera/Condisco/Listen/ShadowMode.swift /Users/spkoehl/Projects/VerbaLibera/Condisco/Lesson/Phrasebook.swift (in target 'Condisco' from project 'Condisco')

SwiftCompile normal arm64 /Users/spkoehl/Projects/VerbaLibera/Condisco/Theme/EmptyStateArt.swift (in target 'Condisco' from project 'Condisco')
    cd /Users/spkoehl/Projects/VerbaLibera
    builtin-SwiftPerFileCompile EmptyStateArt.swift

SwiftCompile normal arm64 /Users/spkoehl/Projects/VerbaLibera/Condisco/Auth/AppleSignIn.swift (in target 'Condisco' from project 'Condisco')
    cd /Users/spkoehl/Projects/VerbaLibera
    builtin-SwiftPerFileCompile AppleSignIn.swift

SwiftCompile normal arm64 /Users/spkoehl/Projects/VerbaLibera/Condisco/Sync/CloudKitSync.swift (in target 'Condisco' from project 'Condisco')
    cd /Users/spkoehl/Projects/VerbaLibera
    builtin-SwiftPerFileCompile CloudKitSync.swift

SwiftCompile normal arm64 /Users/spkoehl/Projects/VerbaLibera/Condisco/You/YouModel.swift (in target 'Condisco' from project 'Condisco')
    cd /Users/spkoehl/Projects/VerbaLibera
    builtin-SwiftPerFileCompile YouModel.swift

SwiftCompile normal arm64 /Users/spkoehl/Projects/VerbaLibera/Condisco/You/YouView.swift (in target 'Condisco' from project 'Condisco')
    cd /Users/spkoehl/Projects/VerbaLibera
    builtin-SwiftPerFileCompile YouView.swift

SwiftCompile normal arm64 /Users/spkoehl/Projects/VerbaLibera/Condisco/You/Support.swift (in target 'Condisco' from project 'Condisco')
    cd /Users/spkoehl/Projects/VerbaLibera
    builtin-SwiftPerFileCompile Support.swift

SwiftCompile normal arm64 /Users/spkoehl/Projects/VerbaLibera/Condisco/Lesson/PhraseCard.swift (in target 'Condisco' from project 'Condisco')
    cd /Users/spkoehl/Projects/VerbaLibera
    builtin-SwiftPerFileCompile PhraseCard.swift

SwiftCompile normal arm64 /Users/spkoehl/Projects/VerbaLibera/Condisco/Listen/ShadowMode.swift (in target 'Condisco' from project 'Condisco')
    cd /Users/spkoehl/Projects/VerbaLibera
    builtin-SwiftPerFileCompile ShadowMode.swift

SwiftCompile normal arm64 /Users/spkoehl/Projects/VerbaLibera/Condisco/Lesson/Phrasebook.swift (in target 'Condisco' from project 'Condisco')
    cd /Users/spkoehl/Projects/VerbaLibera
    builtin-SwiftPerFileCompile Phrasebook.swift

SwiftCompile normal arm64 Compiling\ InteractiveViews.swift,\ StimulusViews.swift,\ LessonPlayerView.swift,\ Welcome.swift,\ PlacementTest.swift,\ LessonCoachMarks.swift,\ VocabularyBrowser.swift,\ VoiceRecorder.swift,\ VoiceSettings.swift /Users/spkoehl/Projects/VerbaLibera/Condisco/Lesson/InteractiveViews.swift /Users/spkoehl/Projects/VerbaLibera/Condisco/Lesson/StimulusViews.swift /Users/spkoehl/Projects/VerbaLibera/Condisco/Lesson/LessonPlayerView.swift /Users/spkoehl/Projects/VerbaLibera/Condisco/Onboarding/Welcome.swift /Users/spkoehl/Projects/VerbaLibera/Condisco/Onboarding/PlacementTest.swift /Users/spkoehl/Projects/VerbaLibera/Condisco/Lesson/LessonCoachMarks.swift /Users/spkoehl/Projects/VerbaLibera/Condisco/Lesson/VocabularyBrowser.swift /Users/spkoehl/Projects/VerbaLibera/Condisco/Lesson/VoiceRecorder.swift /Users/spkoehl/Projects/VerbaLibera/Condisco/Lesson/VoiceSettings.swift (in target 'Condisco' from project 'Condisco')

SwiftCompile normal arm64 /Users/spkoehl/Projects/VerbaLibera/Condisco/Lesson/InteractiveViews.swift (in target 'Condisco' from project 'Condisco')
    cd /Users/spkoehl/Projects/VerbaLibera
    builtin-SwiftPerFileCompile InteractiveViews.swift

SwiftCompile normal arm64 /Users/spkoehl/Projects/VerbaLibera/Condisco/Lesson/StimulusViews.swift (in target 'Condisco' from project 'Condisco')
    cd /Users/spkoehl/Projects/VerbaLibera
    builtin-SwiftPerFileCompile StimulusViews.swift

SwiftCompile normal arm64 /Users/spkoehl/Projects/VerbaLibera/Condisco/Lesson/LessonPlayerView.swift (in target 'Condisco' from project 'Condisco')
    cd /Users/spkoehl/Projects/VerbaLibera
    builtin-SwiftPerFileCompile LessonPlayerView.swift

SwiftCompile normal arm64 /Users/spkoehl/Projects/VerbaLibera/Condisco/Onboarding/Welcome.swift (in target 'Condisco' from project 'Condisco')
    cd /Users/spkoehl/Projects/VerbaLibera
    builtin-SwiftPerFileCompile Welcome.swift

SwiftCompile normal arm64 /Users/spkoehl/Projects/VerbaLibera/Condisco/Onboarding/PlacementTest.swift (in target 'Condisco' from project 'Condisco')
    cd /Users/spkoehl/Projects/VerbaLibera
    builtin-SwiftPerFileCompile PlacementTest.swift

SwiftCompile normal arm64 /Users/spkoehl/Projects/VerbaLibera/Condisco/Lesson/LessonCoachMarks.swift (in target 'Condisco' from project 'Condisco')
    cd /Users/spkoehl/Projects/VerbaLibera
    builtin-SwiftPerFileCompile LessonCoachMarks.swift

SwiftCompile normal arm64 /Users/spkoehl/Projects/VerbaLibera/Condisco/Lesson/VocabularyBrowser.swift (in target 'Condisco' from project 'Condisco')
    cd /Users/spkoehl/Projects/VerbaLibera
    builtin-SwiftPerFileCompile VocabularyBrowser.swift

SwiftCompile normal arm64 /Users/spkoehl/Projects/VerbaLibera/Condisco/Lesson/VoiceRecorder.swift (in target 'Condisco' from project 'Condisco')
    cd /Users/spkoehl/Projects/VerbaLibera
    builtin-SwiftPerFileCompile VoiceRecorder.swift

SwiftCompile normal arm64 /Users/spkoehl/Projects/VerbaLibera/Condisco/Lesson/VoiceSettings.swift (in target 'Condisco' from project 'Condisco')
    cd /Users/spkoehl/Projects/VerbaLibera
    builtin-SwiftPerFileCompile VoiceSettings.swift

ConstructStubExecutorLinkFileList /var/folders/3w/91hphlzs0rv_1twbkfyhvn6m0000gn/T/condisco-preflight.1kKWrm/DerivedData/Build/Intermediates.noindex/Condisco.build/Debug-iphonesimulator/CondiscoWidget.build/CondiscoWidget-ExecutorLinkFileList-normal-arm64.txt (in target 'CondiscoWidget' from project 'Condisco')
    cd /Users/spkoehl/Projects/VerbaLibera
    construct-stub-executor-link-file-list /var/folders/3w/91hphlzs0rv_1twbkfyhvn6m0000gn/T/condisco-preflight.1kKWrm/DerivedData/Build/Products/Debug-iphonesimulator/CondiscoWidget.appex/CondiscoWidget.debug.dylib /Applications/Xcode.app/Contents/Developer/Platforms/iPhoneSimulator.platform/Developer/usr/lib/libPreviewsJITStubExecutor_no_swift_entry_point.a /Applications/Xcode.app/Contents/Developer/Platforms/iPhoneSimulator.platform/Developer/usr/lib/libPreviewsJITStubExecutor.a --output /var/folders/3w/91hphlzs0rv_1twbkfyhvn6m0000gn/T/condisco-preflight.1kKWrm/DerivedData/Build/Intermediates.noindex/Condisco.build/Debug-iphonesimulator/CondiscoWidget.build/CondiscoWidget-ExecutorLinkFileList-normal-arm64.txt
note: Using stub executor library with Swift entry point. (in target 'CondiscoWidget' from project 'Condisco')

LinkAssetCatalog /Users/spkoehl/Projects/VerbaLibera/Condisco/Assets.xcassets (in target 'Condisco' from project 'Condisco')
    cd /Users/spkoehl/Projects/VerbaLibera
    builtin-linkAssetCatalog --thinned /var/folders/3w/91hphlzs0rv_1twbkfyhvn6m0000gn/T/condisco-preflight.1kKWrm/DerivedData/Build/Intermediates.noindex/Condisco.build/Debug-iphonesimulator/Condisco.build/assetcatalog_output/thinned --thinned-dependencies /var/folders/3w/91hphlzs0rv_1twbkfyhvn6m0000gn/T/condisco-preflight.1kKWrm/DerivedData/Build/Intermediates.noindex/Condisco.build/Debug-iphonesimulator/Condisco.build/assetcatalog_dependencies_thinned --thinned-info-plist-content /var/folders/3w/91hphlzs0rv_1twbkfyhvn6m0000gn/T/condisco-preflight.1kKWrm/DerivedData/Build/Intermediates.noindex/Condisco.build/Debug-iphonesimulator/Condisco.build/assetcatalog_generated_info.plist_thinned --unthinned /var/folders/3w/91hphlzs0rv_1twbkfyhvn6m0000gn/T/condisco-preflight.1kKWrm/DerivedData/Build/Intermediates.noindex/Condisco.build/Debug-iphonesimulator/Condisco.build/assetcatalog_output/unthinned --unthinned-dependencies /var/folders/3w/91hphlzs0rv_1twbkfyhvn6m0000gn/T/condisco-preflight.1kKWrm/DerivedData/Build/Intermediates.noindex/Condisco.build/Debug-iphonesimulator/Condisco.build/assetcatalog_dependencies_unthinned --unthinned-info-plist-content /var/folders/3w/91hphlzs0rv_1twbkfyhvn6m0000gn/T/condisco-preflight.1kKWrm/DerivedData/Build/Intermediates.noindex/Condisco.build/Debug-iphonesimulator/Condisco.build/assetcatalog_generated_info.plist_unthinned --output /var/folders/3w/91hphlzs0rv_1twbkfyhvn6m0000gn/T/condisco-preflight.1kKWrm/DerivedData/Build/Products/Debug-iphonesimulator/Condisco.app --plist-output /var/folders/3w/91hphlzs0rv_1twbkfyhvn6m0000gn/T/condisco-preflight.1kKWrm/DerivedData/Build/Intermediates.noindex/Condisco.build/Debug-iphonesimulator/Condisco.build/assetcatalog_generated_info.plist
note: Emplaced /var/folders/3w/91hphlzs0rv_1twbkfyhvn6m0000gn/T/condisco-preflight.1kKWrm/DerivedData/Build/Products/Debug-iphonesimulator/Condisco.app/AppIcon76x76@2x~ipad.png (in target 'Condisco' from project 'Condisco')
note: Emplaced /var/folders/3w/91hphlzs0rv_1twbkfyhvn6m0000gn/T/condisco-preflight.1kKWrm/DerivedData/Build/Products/Debug-iphonesimulator/Condisco.app/AppIcon60x60@2x.png (in target 'Condisco' from project 'Condisco')
note: Emplaced /var/folders/3w/91hphlzs0rv_1twbkfyhvn6m0000gn/T/condisco-preflight.1kKWrm/DerivedData/Build/Products/Debug-iphonesimulator/Condisco.app/Assets.car (in target 'Condisco' from project 'Condisco')

Ld /var/folders/3w/91hphlzs0rv_1twbkfyhvn6m0000gn/T/condisco-preflight.1kKWrm/DerivedData/Build/Products/Debug-iphonesimulator/CondiscoWidget.appex/CondiscoWidget normal (in target 'CondiscoWidget' from project 'Condisco')
    cd /Users/spkoehl/Projects/VerbaLibera
    /Applications/Xcode.app/Contents/Developer/Toolchains/XcodeDefault.xctoolchain/usr/bin/clang -Xlinker -reproducible -target arm64-apple-ios17.0-simulator -isysroot /Applications/Xcode.app/Contents/Developer/Platforms/iPhoneSimulator.platform/Developer/SDKs/iPhoneSimulator27.0.sdk -O0 -Xlinker -no_warn_duplicate_libraries -L/var/folders/3w/91hphlzs0rv_1twbkfyhvn6m0000gn/T/condisco-preflight.1kKWrm/DerivedData/Build/Products/Debug-iphonesimulator -F/var/folders/3w/91hphlzs0rv_1twbkfyhvn6m0000gn/T/condisco-preflight.1kKWrm/DerivedData/Build/Products/Debug-iphonesimulator -Xlinker -rpath -Xlinker @executable_path -rdynamic -Xlinker -no_deduplicate -Xlinker -objc_abi_version -Xlinker 2 -e ___debug_blank_executor_main -Xlinker -sectcreate -Xlinker __TEXT -Xlinker __debug_dylib -Xlinker /var/folders/3w/91hphlzs0rv_1twbkfyhvn6m0000gn/T/condisco-preflight.1kKWrm/DerivedData/Build/Intermediates.noindex/Condisco.build/Debug-iphonesimulator/CondiscoWidget.build/CondiscoWidget-DebugDylibPath-normal-arm64.txt -Xlinker -sectcreate -Xlinker __TEXT -Xlinker __debug_entry -Xlinker /var/folders/3w/91hphlzs0rv_1twbkfyhvn6m0000gn/T/condisco-preflight.1kKWrm/DerivedData/Build/Intermediates.noindex/Condisco.build/Debug-iphonesimulator/CondiscoWidget.build/CondiscoWidget-DebugEntryPoint-normal-arm64.txt -Xlinker -sectcreate -Xlinker __TEXT -Xlinker __debug_instlnm -Xlinker /var/folders/3w/91hphlzs0rv_1twbkfyhvn6m0000gn/T/condisco-preflight.1kKWrm/DerivedData/Build/Intermediates.noindex/Condisco.build/Debug-iphonesimulator/CondiscoWidget.build/CondiscoWidget-DebugDylibInstallName-normal-arm64.txt -Xlinker -filelist -Xlinker /var/folders/3w/91hphlzs0rv_1twbkfyhvn6m0000gn/T/condisco-preflight.1kKWrm/DerivedData/Build/Intermediates.noindex/Condisco.build/Debug-iphonesimulator/CondiscoWidget.build/CondiscoWidget-ExecutorLinkFileList-normal-arm64.txt -Xlinker -sectcreate -Xlinker __TEXT -Xlinker __entitlements -Xlinker /var/folders/3w/91hphlzs0rv_1twbkfyhvn6m0000gn/T/condisco-preflight.1kKWrm/DerivedData/Build/Intermediates.noindex/Condisco.build/Debug-iphonesimulator/CondiscoWidget.build/CondiscoWidget.appex-Simulated.xcent -Xlinker -sectcreate -Xlinker __TEXT -Xlinker __ents_der -Xlinker /var/folders/3w/91hphlzs0rv_1twbkfyhvn6m0000gn/T/condisco-preflight.1kKWrm/DerivedData/Build/Intermediates.noindex/Condisco.build/Debug-iphonesimulator/CondiscoWidget.build/CondiscoWidget.appex-Simulated.xcent.der /var/folders/3w/91hphlzs0rv_1twbkfyhvn6m0000gn/T/condisco-preflight.1kKWrm/DerivedData/Build/Products/Debug-iphonesimulator/CondiscoWidget.appex/CondiscoWidget.debug.dylib -Xlinker -no_adhoc_codesign -o /var/folders/3w/91hphlzs0rv_1twbkfyhvn6m0000gn/T/condisco-preflight.1kKWrm/DerivedData/Build/Products/Debug-iphonesimulator/CondiscoWidget.appex/CondiscoWidget

SwiftCompile normal arm64 Compiling\ LearningStore.swift,\ PackLoader.swift,\ AnswerEngine.swift,\ ActivityEvaluation.swift,\ LessonSession.swift,\ CoursesView.swift,\ FamilyLayouts.swift,\ ActivityViews.swift,\ TextInputViews.swift /Users/spkoehl/Projects/VerbaLibera/Condisco/Store/LearningStore.swift /Users/spkoehl/Projects/VerbaLibera/Condisco/Store/PackLoader.swift /Users/spkoehl/Projects/VerbaLibera/Condisco/Engine/AnswerEngine.swift /Users/spkoehl/Projects/VerbaLibera/Condisco/Engine/ActivityEvaluation.swift /Users/spkoehl/Projects/VerbaLibera/Condisco/Engine/LessonSession.swift /Users/spkoehl/Projects/VerbaLibera/Condisco/Lesson/CoursesView.swift /Users/spkoehl/Projects/VerbaLibera/Condisco/Lesson/FamilyLayouts.swift /Users/spkoehl/Projects/VerbaLibera/Condisco/Lesson/ActivityViews.swift /Users/spkoehl/Projects/VerbaLibera/Condisco/Lesson/TextInputViews.swift (in target 'Condisco' from project 'Condisco')

SwiftCompile normal arm64 /Users/spkoehl/Projects/VerbaLibera/Condisco/Store/LearningStore.swift (in target 'Condisco' from project 'Condisco')
    cd /Users/spkoehl/Projects/VerbaLibera
    builtin-SwiftPerFileCompile LearningStore.swift

SwiftCompile normal arm64 /Users/spkoehl/Projects/VerbaLibera/Condisco/Store/PackLoader.swift (in target 'Condisco' from project 'Condisco')
    cd /Users/spkoehl/Projects/VerbaLibera
    builtin-SwiftPerFileCompile PackLoader.swift

SwiftCompile normal arm64 /Users/spkoehl/Projects/VerbaLibera/Condisco/Engine/AnswerEngine.swift (in target 'Condisco' from project 'Condisco')
    cd /Users/spkoehl/Projects/VerbaLibera
    builtin-SwiftPerFileCompile AnswerEngine.swift

SwiftCompile normal arm64 /Users/spkoehl/Projects/VerbaLibera/Condisco/Engine/ActivityEvaluation.swift (in target 'Condisco' from project 'Condisco')
    cd /Users/spkoehl/Projects/VerbaLibera
    builtin-SwiftPerFileCompile ActivityEvaluation.swift

SwiftCompile normal arm64 /Users/spkoehl/Projects/VerbaLibera/Condisco/Engine/LessonSession.swift (in target 'Condisco' from project 'Condisco')
    cd /Users/spkoehl/Projects/VerbaLibera
    builtin-SwiftPerFileCompile LessonSession.swift

SwiftCompile normal arm64 /Users/spkoehl/Projects/VerbaLibera/Condisco/Lesson/CoursesView.swift (in target 'Condisco' from project 'Condisco')
    cd /Users/spkoehl/Projects/VerbaLibera
    builtin-SwiftPerFileCompile CoursesView.swift

SwiftCompile normal arm64 /Users/spkoehl/Projects/VerbaLibera/Condisco/Lesson/FamilyLayouts.swift (in target 'Condisco' from project 'Condisco')
    cd /Users/spkoehl/Projects/VerbaLibera
    builtin-SwiftPerFileCompile FamilyLayouts.swift

SwiftCompile normal arm64 /Users/spkoehl/Projects/VerbaLibera/Condisco/Lesson/ActivityViews.swift (in target 'Condisco' from project 'Condisco')
    cd /Users/spkoehl/Projects/VerbaLibera
    builtin-SwiftPerFileCompile ActivityViews.swift

SwiftCompile normal arm64 /Users/spkoehl/Projects/VerbaLibera/Condisco/Lesson/TextInputViews.swift (in target 'Condisco' from project 'Condisco')
    cd /Users/spkoehl/Projects/VerbaLibera
    builtin-SwiftPerFileCompile TextInputViews.swift

SwiftDriverJobDiscovery normal arm64 Emitting module for Condisco (in target 'Condisco' from project 'Condisco')

SwiftCompile normal arm64 Compiling\ CondiscoApp.swift,\ ContentView.swift,\ HomeView.swift,\ MonthView.swift,\ ProgressCard.swift,\ DesignTokens.swift,\ CoursePack.swift,\ Database.swift,\ Fsrs.swift,\ LearningEvents.swift /Users/spkoehl/Projects/VerbaLibera/Condisco/CondiscoApp.swift /Users/spkoehl/Projects/VerbaLibera/Condisco/ContentView.swift /Users/spkoehl/Projects/VerbaLibera/Condisco/Home/HomeView.swift /Users/spkoehl/Projects/VerbaLibera/Condisco/Home/MonthView.swift /Users/spkoehl/Projects/VerbaLibera/Condisco/Home/ProgressCard.swift /Users/spkoehl/Projects/VerbaLibera/Condisco/Theme/DesignTokens.swift /Users/spkoehl/Projects/VerbaLibera/Condisco/Models/CoursePack.swift /Users/spkoehl/Projects/VerbaLibera/Condisco/Store/Database.swift /Users/spkoehl/Projects/VerbaLibera/Condisco/Store/Fsrs.swift /Users/spkoehl/Projects/VerbaLibera/Condisco/Store/LearningEvents.swift (in target 'Condisco' from project 'Condisco')

SwiftCompile normal arm64 /Users/spkoehl/Projects/VerbaLibera/Condisco/CondiscoApp.swift (in target 'Condisco' from project 'Condisco')
    cd /Users/spkoehl/Projects/VerbaLibera
    builtin-SwiftPerFileCompile CondiscoApp.swift

SwiftCompile normal arm64 /Users/spkoehl/Projects/VerbaLibera/Condisco/ContentView.swift (in target 'Condisco' from project 'Condisco')
    cd /Users/spkoehl/Projects/VerbaLibera
    builtin-SwiftPerFileCompile ContentView.swift

SwiftCompile normal arm64 /Users/spkoehl/Projects/VerbaLibera/Condisco/Home/HomeView.swift (in target 'Condisco' from project 'Condisco')
    cd /Users/spkoehl/Projects/VerbaLibera
    builtin-SwiftPerFileCompile HomeView.swift

SwiftCompile normal arm64 /Users/spkoehl/Projects/VerbaLibera/Condisco/Home/MonthView.swift (in target 'Condisco' from project 'Condisco')
    cd /Users/spkoehl/Projects/VerbaLibera
    builtin-SwiftPerFileCompile MonthView.swift

SwiftCompile normal arm64 /Users/spkoehl/Projects/VerbaLibera/Condisco/Home/ProgressCard.swift (in target 'Condisco' from project 'Condisco')
    cd /Users/spkoehl/Projects/VerbaLibera
    builtin-SwiftPerFileCompile ProgressCard.swift

SwiftCompile normal arm64 /Users/spkoehl/Projects/VerbaLibera/Condisco/Theme/DesignTokens.swift (in target 'Condisco' from project 'Condisco')
    cd /Users/spkoehl/Projects/VerbaLibera
    builtin-SwiftPerFileCompile DesignTokens.swift

SwiftCompile normal arm64 /Users/spkoehl/Projects/VerbaLibera/Condisco/Models/CoursePack.swift (in target 'Condisco' from project 'Condisco')
    cd /Users/spkoehl/Projects/VerbaLibera
    builtin-SwiftPerFileCompile CoursePack.swift

SwiftCompile normal arm64 /Users/spkoehl/Projects/VerbaLibera/Condisco/Store/Database.swift (in target 'Condisco' from project 'Condisco')
    cd /Users/spkoehl/Projects/VerbaLibera
    builtin-SwiftPerFileCompile Database.swift

SwiftCompile normal arm64 /Users/spkoehl/Projects/VerbaLibera/Condisco/Store/Fsrs.swift (in target 'Condisco' from project 'Condisco')
    cd /Users/spkoehl/Projects/VerbaLibera
    builtin-SwiftPerFileCompile Fsrs.swift

SwiftCompile normal arm64 /Users/spkoehl/Projects/VerbaLibera/Condisco/Store/LearningEvents.swift (in target 'Condisco' from project 'Condisco')
    cd /Users/spkoehl/Projects/VerbaLibera
    builtin-SwiftPerFileCompile LearningEvents.swift

SwiftDriver\ Compilation\ Requirements Condisco normal arm64 com.apple.xcode.tools.swift.compiler (in target 'Condisco' from project 'Condisco')
    cd /Users/spkoehl/Projects/VerbaLibera
    builtin-Swift-Compilation-Requirements -- /Applications/Xcode.app/Contents/Developer/Toolchains/XcodeDefault.xctoolchain/usr/bin/swiftc -module-name Condisco -Onone @/var/folders/3w/91hphlzs0rv_1twbkfyhvn6m0000gn/T/condisco-preflight.1kKWrm/DerivedData/Build/Intermediates.noindex/Condisco.build/Debug-iphonesimulator/Condisco.build/Objects-normal/arm64/Condisco.SwiftFileList -DDEBUG -enable-bare-slash-regex -enable-experimental-feature DebugDescriptionMacro -sdk /Applications/Xcode.app/Contents/Developer/Platforms/iPhoneSimulator.platform/Developer/SDKs/iPhoneSimulator27.0.sdk -target arm64-apple-ios17.0-simulator -g -module-cache-path /var/folders/3w/91hphlzs0rv_1twbkfyhvn6m0000gn/T/condisco-preflight.1kKWrm/DerivedData/ModuleCache.noindex -Xfrontend -serialize-debugging-options -enable-testing -index-store-path /var/folders/3w/91hphlzs0rv_1twbkfyhvn6m0000gn/T/condisco-preflight.1kKWrm/DerivedData/Index.noindex/DataStore -Xcc -D_LIBCPP_HARDENING_MODE\=_LIBCPP_HARDENING_MODE_DEBUG -swift-version 5 -I /var/folders/3w/91hphlzs0rv_1twbkfyhvn6m0000gn/T/condisco-preflight.1kKWrm/DerivedData/Build/Products/Debug-iphonesimulator -F /var/folders/3w/91hphlzs0rv_1twbkfyhvn6m0000gn/T/condisco-preflight.1kKWrm/DerivedData/Build/Products/Debug-iphonesimulator -emit-localized-strings -emit-localized-strings-path /var/folders/3w/91hphlzs0rv_1twbkfyhvn6m0000gn/T/condisco-preflight.1kKWrm/DerivedData/Build/Intermediates.noindex/Condisco.build/Debug-iphonesimulator/Condisco.build/Objects-normal/arm64 -c -j6 -enable-batch-mode -incremental -Xcc -ivfsstatcache -Xcc /var/folders/3w/91hphlzs0rv_1twbkfyhvn6m0000gn/T/condisco-preflight.1kKWrm/DerivedData/SDKStatCaches.noindex/iphonesimulator27.0-24A430-8dc58220667be655e1bcc261a7455254.sdkstatcache -output-file-map /var/folders/3w/91hphlzs0rv_1twbkfyhvn6m0000gn/T/condisco-preflight.1kKWrm/DerivedData/Build/Intermediates.noindex/Condisco.build/Debug-iphonesimulator/Condisco.build/Objects-normal/arm64/Condisco-OutputFileMap.json -save-temps -no-color-diagnostics -explicit-module-build -module-cache-path /var/folders/3w/91hphlzs0rv_1twbkfyhvn6m0000gn/T/condisco-preflight.1kKWrm/DerivedData/Build/Intermediates.noindex/SwiftExplicitPrecompiledModules -clang-scanner-module-cache-path /var/folders/3w/91hphlzs0rv_1twbkfyhvn6m0000gn/T/condisco-preflight.1kKWrm/DerivedData/ModuleCache.noindex -sdk-module-cache-path /var/folders/3w/91hphlzs0rv_1twbkfyhvn6m0000gn/T/condisco-preflight.1kKWrm/DerivedData/SDKExplicitPrecompiledModules -emit-dependencies -emit-module -emit-module-path /var/folders/3w/91hphlzs0rv_1twbkfyhvn6m0000gn/T/condisco-preflight.1kKWrm/DerivedData/Build/Intermediates.noindex/Condisco.build/Debug-iphonesimulator/Condisco.build/Objects-normal/arm64/Condisco.swiftmodule -serialize-diagnostics -dependency-scan-serialize-diagnostics-path /var/folders/3w/91hphlzs0rv_1twbkfyhvn6m0000gn/T/condisco-preflight.1kKWrm/DerivedData/Build/Intermediates.noindex/Condisco.build/Debug-iphonesimulator/Condisco.build/Objects-normal/arm64/Condisco-dependency-scan.dia -validate-clang-modules-once -clang-build-session-file /var/folders/3w/91hphlzs0rv_1twbkfyhvn6m0000gn/T/condisco-preflight.1kKWrm/DerivedData/ModuleCache.noindex/Session.modulevalidation -Xcc -fmodules-prune-interval\=86400 -Xcc -fmodules-prune-after\=345600 -emit-const-values -const-gather-protocols-list /var/folders/3w/91hphlzs0rv_1twbkfyhvn6m0000gn/T/condisco-preflight.1kKWrm/DerivedData/Build/Intermediates.noindex/Condisco.build/Debug-iphonesimulator/Condisco.build/Objects-normal/arm64/Condisco_const_extract_protocols.json -Xcc -iquote -Xcc /var/folders/3w/91hphlzs0rv_1twbkfyhvn6m0000gn/T/condisco-preflight.1kKWrm/DerivedData/Build/Intermediates.noindex/Condisco.build/Debug-iphonesimulator/Condisco.build/Condisco-generated-files.hmap -Xcc -I/var/folders/3w/91hphlzs0rv_1twbkfyhvn6m0000gn/T/condisco-preflight.1kKWrm/DerivedData/Build/Intermediates.noindex/Condisco.build/Debug-iphonesimulator/Condisco.build/Condisco-own-target-headers.hmap -Xcc -I/var/folders/3w/91hphlzs0rv_1twbkfyhvn6m0000gn/T/condisco-preflight.1kKWrm/DerivedData/Build/Intermediates.noindex/Condisco.build/Debug-iphonesimulator/Condisco.build/Condisco-all-target-headers.hmap -Xcc -iquote -Xcc /var/folders/3w/91hphlzs0rv_1twbkfyhvn6m0000gn/T/condisco-preflight.1kKWrm/DerivedData/Build/Intermediates.noindex/Condisco.build/Debug-iphonesimulator/Condisco.build/Condisco-project-headers.hmap -Xcc -I/var/folders/3w/91hphlzs0rv_1twbkfyhvn6m0000gn/T/condisco-preflight.1kKWrm/DerivedData/Build/Products/Debug-iphonesimulator/include -Xcc -I/var/folders/3w/91hphlzs0rv_1twbkfyhvn6m0000gn/T/condisco-preflight.1kKWrm/DerivedData/Build/Intermediates.noindex/Condisco.build/Debug-iphonesimulator/Condisco.build/DerivedSources-normal/arm64 -Xcc -I/var/folders/3w/91hphlzs0rv_1twbkfyhvn6m0000gn/T/condisco-preflight.1kKWrm/DerivedData/Build/Intermediates.noindex/Condisco.build/Debug-iphonesimulator/Condisco.build/DerivedSources/arm64 -Xcc -I/var/folders/3w/91hphlzs0rv_1twbkfyhvn6m0000gn/T/condisco-preflight.1kKWrm/DerivedData/Build/Intermediates.noindex/Condisco.build/Debug-iphonesimulator/Condisco.build/DerivedSources -Xcc -DDEBUG\=1 -Xcc -DDEBUG\=1 -emit-objc-header -emit-objc-header-path /var/folders/3w/91hphlzs0rv_1twbkfyhvn6m0000gn/T/condisco-preflight.1kKWrm/DerivedData/Build/Intermediates.noindex/Condisco.build/Debug-iphonesimulator/Condisco.build/Objects-normal/arm64/Condisco-Swift.h -working-directory /Users/spkoehl/Projects/VerbaLibera -experimental-emit-module-separately -disable-cmo

SwiftDriverJobDiscovery normal arm64 Compiling Glossary.swift, LessonMoments.swift, DeepLink.swift, CondiscoIntents.swift, SpotlightIndex.swift, LessonCatalog.generated.swift, WidgetSnapshot.swift, WidgetSnapshotWriter.swift, GeneratedAssetSymbols.swift (in target 'Condisco' from project 'Condisco')

SwiftMergeGeneratedHeaders /var/folders/3w/91hphlzs0rv_1twbkfyhvn6m0000gn/T/condisco-preflight.1kKWrm/DerivedData/Build/Intermediates.noindex/Condisco.build/Debug-iphonesimulator/Condisco.build/DerivedSources/Condisco-Swift.h /var/folders/3w/91hphlzs0rv_1twbkfyhvn6m0000gn/T/condisco-preflight.1kKWrm/DerivedData/Build/Intermediates.noindex/Condisco.build/Debug-iphonesimulator/Condisco.build/Objects-normal/arm64/Condisco-Swift.h (in target 'Condisco' from project 'Condisco')
    cd /Users/spkoehl/Projects/VerbaLibera
    builtin-swiftHeaderTool -arch arm64 /var/folders/3w/91hphlzs0rv_1twbkfyhvn6m0000gn/T/condisco-preflight.1kKWrm/DerivedData/Build/Intermediates.noindex/Condisco.build/Debug-iphonesimulator/Condisco.build/Objects-normal/arm64/Condisco-Swift.h -o /var/folders/3w/91hphlzs0rv_1twbkfyhvn6m0000gn/T/condisco-preflight.1kKWrm/DerivedData/Build/Intermediates.noindex/Condisco.build/Debug-iphonesimulator/Condisco.build/DerivedSources/Condisco-Swift.h

Copy /var/folders/3w/91hphlzs0rv_1twbkfyhvn6m0000gn/T/condisco-preflight.1kKWrm/DerivedData/Build/Products/Debug-iphonesimulator/Condisco.swiftmodule/arm64-apple-ios-simulator.swiftmodule /var/folders/3w/91hphlzs0rv_1twbkfyhvn6m0000gn/T/condisco-preflight.1kKWrm/DerivedData/Build/Intermediates.noindex/Condisco.build/Debug-iphonesimulator/Condisco.build/Objects-normal/arm64/Condisco.swiftmodule (in target 'Condisco' from project 'Condisco')
    cd /Users/spkoehl/Projects/VerbaLibera
    builtin-copy -exclude .DS_Store -exclude CVS -exclude .svn -exclude .git -exclude .hg -resolve-src-symlinks -rename /var/folders/3w/91hphlzs0rv_1twbkfyhvn6m0000gn/T/condisco-preflight.1kKWrm/DerivedData/Build/Intermediates.noindex/Condisco.build/Debug-iphonesimulator/Condisco.build/Objects-normal/arm64/Condisco.swiftmodule /var/folders/3w/91hphlzs0rv_1twbkfyhvn6m0000gn/T/condisco-preflight.1kKWrm/DerivedData/Build/Products/Debug-iphonesimulator/Condisco.swiftmodule/arm64-apple-ios-simulator.swiftmodule

Copy /var/folders/3w/91hphlzs0rv_1twbkfyhvn6m0000gn/T/condisco-preflight.1kKWrm/DerivedData/Build/Products/Debug-iphonesimulator/Condisco.swiftmodule/arm64-apple-ios-simulator.swiftdoc /var/folders/3w/91hphlzs0rv_1twbkfyhvn6m0000gn/T/condisco-preflight.1kKWrm/DerivedData/Build/Intermediates.noindex/Condisco.build/Debug-iphonesimulator/Condisco.build/Objects-normal/arm64/Condisco.swiftdoc (in target 'Condisco' from project 'Condisco')
    cd /Users/spkoehl/Projects/VerbaLibera
    builtin-copy -exclude .DS_Store -exclude CVS -exclude .svn -exclude .git -exclude .hg -resolve-src-symlinks -rename /var/folders/3w/91hphlzs0rv_1twbkfyhvn6m0000gn/T/condisco-preflight.1kKWrm/DerivedData/Build/Intermediates.noindex/Condisco.build/Debug-iphonesimulator/Condisco.build/Objects-normal/arm64/Condisco.swiftdoc /var/folders/3w/91hphlzs0rv_1twbkfyhvn6m0000gn/T/condisco-preflight.1kKWrm/DerivedData/Build/Products/Debug-iphonesimulator/Condisco.swiftmodule/arm64-apple-ios-simulator.swiftdoc

Copy /var/folders/3w/91hphlzs0rv_1twbkfyhvn6m0000gn/T/condisco-preflight.1kKWrm/DerivedData/Build/Products/Debug-iphonesimulator/Condisco.swiftmodule/arm64-apple-ios-simulator.abi.json /var/folders/3w/91hphlzs0rv_1twbkfyhvn6m0000gn/T/condisco-preflight.1kKWrm/DerivedData/Build/Intermediates.noindex/Condisco.build/Debug-iphonesimulator/Condisco.build/Objects-normal/arm64/Condisco.abi.json (in target 'Condisco' from project 'Condisco')
    cd /Users/spkoehl/Projects/VerbaLibera
    builtin-copy -exclude .DS_Store -exclude CVS -exclude .svn -exclude .git -exclude .hg -resolve-src-symlinks -rename /var/folders/3w/91hphlzs0rv_1twbkfyhvn6m0000gn/T/condisco-preflight.1kKWrm/DerivedData/Build/Intermediates.noindex/Condisco.build/Debug-iphonesimulator/Condisco.build/Objects-normal/arm64/Condisco.abi.json /var/folders/3w/91hphlzs0rv_1twbkfyhvn6m0000gn/T/condisco-preflight.1kKWrm/DerivedData/Build/Products/Debug-iphonesimulator/Condisco.swiftmodule/arm64-apple-ios-simulator.abi.json

Copy /var/folders/3w/91hphlzs0rv_1twbkfyhvn6m0000gn/T/condisco-preflight.1kKWrm/DerivedData/Build/Products/Debug-iphonesimulator/Condisco.swiftmodule/Project/arm64-apple-ios-simulator.swiftsourceinfo /var/folders/3w/91hphlzs0rv_1twbkfyhvn6m0000gn/T/condisco-preflight.1kKWrm/DerivedData/Build/Intermediates.noindex/Condisco.build/Debug-iphonesimulator/Condisco.build/Objects-normal/arm64/Condisco.swiftsourceinfo (in target 'Condisco' from project 'Condisco')
    cd /Users/spkoehl/Projects/VerbaLibera
    builtin-copy -exclude .DS_Store -exclude CVS -exclude .svn -exclude .git -exclude .hg -resolve-src-symlinks -rename /var/folders/3w/91hphlzs0rv_1twbkfyhvn6m0000gn/T/condisco-preflight.1kKWrm/DerivedData/Build/Intermediates.noindex/Condisco.build/Debug-iphonesimulator/Condisco.build/Objects-normal/arm64/Condisco.swiftsourceinfo /var/folders/3w/91hphlzs0rv_1twbkfyhvn6m0000gn/T/condisco-preflight.1kKWrm/DerivedData/Build/Products/Debug-iphonesimulator/Condisco.swiftmodule/Project/arm64-apple-ios-simulator.swiftsourceinfo

ExtractAppIntentsMetadata (in target 'CondiscoWidget' from project 'Condisco')
    cd /Users/spkoehl/Projects/VerbaLibera
    /Applications/Xcode.app/Contents/Developer/Toolchains/XcodeDefault.xctoolchain/usr/bin/appintentsmetadataprocessor --toolchain-dir /Applications/Xcode.app/Contents/Developer/Toolchains/XcodeDefault.xctoolchain --module-name CondiscoWidget --sdk-root /Applications/Xcode.app/Contents/Developer/Platforms/iPhoneSimulator.platform/Developer/SDKs/iPhoneSimulator27.0.sdk --xcode-version 27A266a --platform-family iOS --deployment-target 17.0 --bundle-identifier com.sleuthysloth.condisco.CondiscoWidget --output /var/folders/3w/91hphlzs0rv_1twbkfyhvn6m0000gn/T/condisco-preflight.1kKWrm/DerivedData/Build/Products/Debug-iphonesimulator/CondiscoWidget.appex --target-triple arm64-apple-ios17.0-simulator --binary-file /var/folders/3w/91hphlzs0rv_1twbkfyhvn6m0000gn/T/condisco-preflight.1kKWrm/DerivedData/Build/Products/Debug-iphonesimulator/CondiscoWidget.appex/CondiscoWidget --dependency-file /var/folders/3w/91hphlzs0rv_1twbkfyhvn6m0000gn/T/condisco-preflight.1kKWrm/DerivedData/Build/Intermediates.noindex/Condisco.build/Debug-iphonesimulator/CondiscoWidget.build/Objects-normal/arm64/CondiscoWidget_dependency_info.dat --stringsdata-file /var/folders/3w/91hphlzs0rv_1twbkfyhvn6m0000gn/T/condisco-preflight.1kKWrm/DerivedData/Build/Intermediates.noindex/Condisco.build/Debug-iphonesimulator/CondiscoWidget.build/Objects-normal/arm64/ExtractedAppShortcutsMetadata.stringsdata --source-file-list /var/folders/3w/91hphlzs0rv_1twbkfyhvn6m0000gn/T/condisco-preflight.1kKWrm/DerivedData/Build/Intermediates.noindex/Condisco.build/Debug-iphonesimulator/CondiscoWidget.build/Objects-normal/arm64/CondiscoWidget.SwiftFileList --metadata-file-list /var/folders/3w/91hphlzs0rv_1twbkfyhvn6m0000gn/T/condisco-preflight.1kKWrm/DerivedData/Build/Intermediates.noindex/Condisco.build/Debug-iphonesimulator/CondiscoWidget.build/CondiscoWidget.DependencyMetadataFileList --static-metadata-file-list /var/folders/3w/91hphlzs0rv_1twbkfyhvn6m0000gn/T/condisco-preflight.1kKWrm/DerivedData/Build/Intermediates.noindex/Condisco.build/Debug-iphonesimulator/CondiscoWidget.build/CondiscoWidget.DependencyStaticMetadataFileList --swift-const-vals-list /var/folders/3w/91hphlzs0rv_1twbkfyhvn6m0000gn/T/condisco-preflight.1kKWrm/DerivedData/Build/Intermediates.noindex/Condisco.build/Debug-iphonesimulator/CondiscoWidget.build/Objects-normal/arm64/CondiscoWidget.SwiftConstValuesFileList --compile-time-extraction --deployment-aware-processing --no-app-shortcuts-localization
2026-09-25 21:00:56.061 appintentsmetadataprocessor[27141:7000320] Starting appintentsmetadataprocessor export
2026-09-25 21:00:56.326 appintentsmetadataprocessor[27141:7000320] Extracted no relevant App Intents symbols, skipping writing output

AppIntentsSSUTraining (in target 'CondiscoWidget' from project 'Condisco')
    cd /Users/spkoehl/Projects/VerbaLibera
    /Applications/Xcode.app/Contents/Developer/Toolchains/XcodeDefault.xctoolchain/usr/bin/appintentsnltrainingprocessor --infoplist-path /var/folders/3w/91hphlzs0rv_1twbkfyhvn6m0000gn/T/condisco-preflight.1kKWrm/DerivedData/Build/Products/Debug-iphonesimulator/CondiscoWidget.appex/Info.plist --temp-dir-path /var/folders/3w/91hphlzs0rv_1twbkfyhvn6m0000gn/T/condisco-preflight.1kKWrm/DerivedData/Build/Intermediates.noindex/Condisco.build/Debug-iphonesimulator/CondiscoWidget.build/ssu --bundle-id com.sleuthysloth.condisco.CondiscoWidget --product-path /var/folders/3w/91hphlzs0rv_1twbkfyhvn6m0000gn/T/condisco-preflight.1kKWrm/DerivedData/Build/Products/Debug-iphonesimulator/CondiscoWidget.appex --extracted-metadata-path /var/folders/3w/91hphlzs0rv_1twbkfyhvn6m0000gn/T/condisco-preflight.1kKWrm/DerivedData/Build/Products/Debug-iphonesimulator/CondiscoWidget.appex/Metadata.appintents --metadata-file-list /var/folders/3w/91hphlzs0rv_1twbkfyhvn6m0000gn/T/condisco-preflight.1kKWrm/DerivedData/Build/Intermediates.noindex/Condisco.build/Debug-iphonesimulator/CondiscoWidget.build/CondiscoWidget.DependencyMetadataFileList --source-file /var/folders/3w/91hphlzs0rv_1twbkfyhvn6m0000gn/T/condisco-preflight.1kKWrm/DerivedData/Build/Products/Debug-iphonesimulator/CondiscoWidget.appex/Info.plist --archive-ssu-assets
2026-09-25 21:00:56.456 appintentsnltrainingprocessor[27142:7000336] Parsing options for appintentsnltrainingprocessor
2026-09-25 21:00:56.457 appintentsnltrainingprocessor[27142:7000336] Starting AppIntents SSU YAML Generation
2026-09-25 21:00:56.467 appintentsnltrainingprocessor[27142:7000336] No AppShortcuts found - Skipping.

ProcessProductPackaging "" /var/folders/3w/91hphlzs0rv_1twbkfyhvn6m0000gn/T/condisco-preflight.1kKWrm/DerivedData/Build/Intermediates.noindex/Condisco.build/Debug-iphonesimulator/CondiscoUITests.build/CondiscoUITests.xctest-Simulated.xcent (in target 'CondiscoUITests' from project 'Condisco')
    cd /Users/spkoehl/Projects/VerbaLibera
    
    Entitlements:
    
    {
    "application-identifier" = "PN9T9MT37J.com.sleuthysloth.condisco.UITests.xctrunner";
    "keychain-access-groups" =     (
        "PN9T9MT37J.com.sleuthysloth.condisco.UITests.xctrunner"
    );
}
    
    builtin-productPackagingUtility -entitlements -format xml -o /var/folders/3w/91hphlzs0rv_1twbkfyhvn6m0000gn/T/condisco-preflight.1kKWrm/DerivedData/Build/Intermediates.noindex/Condisco.build/Debug-iphonesimulator/CondiscoUITests.build/CondiscoUITests.xctest-Simulated.xcent

ProcessProductPackagingDER /var/folders/3w/91hphlzs0rv_1twbkfyhvn6m0000gn/T/condisco-preflight.1kKWrm/DerivedData/Build/Intermediates.noindex/Condisco.build/Debug-iphonesimulator/CondiscoUITests.build/CondiscoUITests.xctest-Simulated.xcent /var/folders/3w/91hphlzs0rv_1twbkfyhvn6m0000gn/T/condisco-preflight.1kKWrm/DerivedData/Build/Intermediates.noindex/Condisco.build/Debug-iphonesimulator/CondiscoUITests.build/CondiscoUITests.xctest-Simulated.xcent.der (in target 'CondiscoUITests' from project 'Condisco')
    cd /Users/spkoehl/Projects/VerbaLibera
    /usr/bin/derq query -f xml -i /var/folders/3w/91hphlzs0rv_1twbkfyhvn6m0000gn/T/condisco-preflight.1kKWrm/DerivedData/Build/Intermediates.noindex/Condisco.build/Debug-iphonesimulator/CondiscoUITests.build/CondiscoUITests.xctest-Simulated.xcent -o /var/folders/3w/91hphlzs0rv_1twbkfyhvn6m0000gn/T/condisco-preflight.1kKWrm/DerivedData/Build/Intermediates.noindex/Condisco.build/Debug-iphonesimulator/CondiscoUITests.build/CondiscoUITests.xctest-Simulated.xcent.der --raw

CodeSign /var/folders/3w/91hphlzs0rv_1twbkfyhvn6m0000gn/T/condisco-preflight.1kKWrm/DerivedData/Build/Products/Debug-iphonesimulator/CondiscoWidget.appex/CondiscoWidget.debug.dylib (in target 'CondiscoWidget' from project 'Condisco')
    cd /Users/spkoehl/Projects/VerbaLibera
    
    Signing Identity:     "Sign to Run Locally"
    
    /usr/bin/codesign --force --sign - --timestamp\=none --generate-entitlement-der /var/folders/3w/91hphlzs0rv_1twbkfyhvn6m0000gn/T/condisco-preflight.1kKWrm/DerivedData/Build/Products/Debug-iphonesimulator/CondiscoWidget.appex/CondiscoWidget.debug.dylib

CodeSign /var/folders/3w/91hphlzs0rv_1twbkfyhvn6m0000gn/T/condisco-preflight.1kKWrm/DerivedData/Build/Products/Debug-iphonesimulator/CondiscoWidget.appex/__preview.dylib (in target 'CondiscoWidget' from project 'Condisco')
    cd /Users/spkoehl/Projects/VerbaLibera
    
    Signing Identity:     "Sign to Run Locally"
    
    /usr/bin/codesign --force --sign - --timestamp\=none --generate-entitlement-der /var/folders/3w/91hphlzs0rv_1twbkfyhvn6m0000gn/T/condisco-preflight.1kKWrm/DerivedData/Build/Products/Debug-iphonesimulator/CondiscoWidget.appex/__preview.dylib

CodeSign /var/folders/3w/91hphlzs0rv_1twbkfyhvn6m0000gn/T/condisco-preflight.1kKWrm/DerivedData/Build/Products/Debug-iphonesimulator/CondiscoWidget.appex (in target 'CondiscoWidget' from project 'Condisco')
    cd /Users/spkoehl/Projects/VerbaLibera
    
    Signing Identity:     "Sign to Run Locally"
    
    /usr/bin/codesign --force --sign - --entitlements /var/folders/3w/91hphlzs0rv_1twbkfyhvn6m0000gn/T/condisco-preflight.1kKWrm/DerivedData/Build/Intermediates.noindex/Condisco.build/Debug-iphonesimulator/CondiscoWidget.build/CondiscoWidget.appex.xcent --timestamp\=none --generate-entitlement-der /var/folders/3w/91hphlzs0rv_1twbkfyhvn6m0000gn/T/condisco-preflight.1kKWrm/DerivedData/Build/Products/Debug-iphonesimulator/CondiscoWidget.appex

SwiftDriver CondiscoUITests normal arm64 com.apple.xcode.tools.swift.compiler (in target 'CondiscoUITests' from project 'Condisco')
    cd /Users/spkoehl/Projects/VerbaLibera
    builtin-SwiftDriver -- /Applications/Xcode.app/Contents/Developer/Toolchains/XcodeDefault.xctoolchain/usr/bin/swiftc -module-name CondiscoUITests -Onone @/var/folders/3w/91hphlzs0rv_1twbkfyhvn6m0000gn/T/condisco-preflight.1kKWrm/DerivedData/Build/Intermediates.noindex/Condisco.build/Debug-iphonesimulator/CondiscoUITests.build/Objects-normal/arm64/CondiscoUITests.SwiftFileList -DDEBUG -module-alias Testing\=_Testing_Unavailable -plugin-path /Applications/Xcode.app/Contents/Developer/Toolchains/XcodeDefault.xctoolchain/usr/lib/swift/host/plugins/testing -enable-bare-slash-regex -enable-experimental-feature DebugDescriptionMacro -sdk /Applications/Xcode.app/Contents/Developer/Platforms/iPhoneSimulator.platform/Developer/SDKs/iPhoneSimulator27.0.sdk -target arm64-apple-ios17.0-simulator -g -module-cache-path /var/folders/3w/91hphlzs0rv_1twbkfyhvn6m0000gn/T/condisco-preflight.1kKWrm/DerivedData/ModuleCache.noindex -Xfrontend -serialize-debugging-options -enable-testing -index-store-path /var/folders/3w/91hphlzs0rv_1twbkfyhvn6m0000gn/T/condisco-preflight.1kKWrm/DerivedData/Index.noindex/DataStore -Xcc -D_LIBCPP_HARDENING_MODE\=_LIBCPP_HARDENING_MODE_DEBUG -swift-version 5 -I /var/folders/3w/91hphlzs0rv_1twbkfyhvn6m0000gn/T/condisco-preflight.1kKWrm/DerivedData/Build/Products/Debug-iphonesimulator -Isystem /Applications/Xcode.app/Contents/Developer/Platforms/iPhoneSimulator.platform/Developer/usr/lib -F /var/folders/3w/91hphlzs0rv_1twbkfyhvn6m0000gn/T/condisco-preflight.1kKWrm/DerivedData/Build/Products/Debug-iphonesimulator -F /Applications/Xcode.app/Contents/Developer/Platforms/iPhoneSimulator.platform/Developer/Library/Frameworks -F /Applications/Xcode.app/Contents/Developer/Platforms/iPhoneSimulator.platform/Developer/SDKs/iPhoneSimulator27.0.sdk/Developer/Library/Frameworks -parse-as-library -emit-localized-strings -emit-localized-strings-path /var/folders/3w/91hphlzs0rv_1twbkfyhvn6m0000gn/T/condisco-preflight.1kKWrm/DerivedData/Build/Intermediates.noindex/Condisco.build/Debug-iphonesimulator/CondiscoUITests.build/Objects-normal/arm64 -c -j6 -enable-batch-mode -incremental -Xcc -ivfsstatcache -Xcc /var/folders/3w/91hphlzs0rv_1twbkfyhvn6m0000gn/T/condisco-preflight.1kKWrm/DerivedData/SDKStatCaches.noindex/iphonesimulator27.0-24A430-8dc58220667be655e1bcc261a7455254.sdkstatcache -output-file-map /var/folders/3w/91hphlzs0rv_1twbkfyhvn6m0000gn/T/condisco-preflight.1kKWrm/DerivedData/Build/Intermediates.noindex/Condisco.build/Debug-iphonesimulator/CondiscoUITests.build/Objects-normal/arm64/CondiscoUITests-OutputFileMap.json -save-temps -no-color-diagnostics -explicit-module-build -module-cache-path /var/folders/3w/91hphlzs0rv_1twbkfyhvn6m0000gn/T/condisco-preflight.1kKWrm/DerivedData/Build/Intermediates.noindex/SwiftExplicitPrecompiledModules -clang-scanner-module-cache-path /var/folders/3w/91hphlzs0rv_1twbkfyhvn6m0000gn/T/condisco-preflight.1kKWrm/DerivedData/ModuleCache.noindex -sdk-module-cache-path /var/folders/3w/91hphlzs0rv_1twbkfyhvn6m0000gn/T/condisco-preflight.1kKWrm/DerivedData/SDKExplicitPrecompiledModules -emit-dependencies -emit-module -emit-module-path /var/folders/3w/91hphlzs0rv_1twbkfyhvn6m0000gn/T/condisco-preflight.1kKWrm/DerivedData/Build/Intermediates.noindex/Condisco.build/Debug-iphonesimulator/CondiscoUITests.build/Objects-normal/arm64/CondiscoUITests.swiftmodule -serialize-diagnostics -dependency-scan-serialize-diagnostics-path /var/folders/3w/91hphlzs0rv_1twbkfyhvn6m0000gn/T/condisco-preflight.1kKWrm/DerivedData/Build/Intermediates.noindex/Condisco.build/Debug-iphonesimulator/CondiscoUITests.build/Objects-normal/arm64/CondiscoUITests-dependency-scan.dia -validate-clang-modules-once -clang-build-session-file /var/folders/3w/91hphlzs0rv_1twbkfyhvn6m0000gn/T/condisco-preflight.1kKWrm/DerivedData/ModuleCache.noindex/Session.modulevalidation -Xcc -fmodules-prune-interval\=86400 -Xcc -fmodules-prune-after\=345600 -emit-const-values -const-gather-protocols-list /var/folders/3w/91hphlzs0rv_1twbkfyhvn6m0000gn/T/condisco-preflight.1kKWrm/DerivedData/Build/Intermediates.noindex/Condisco.build/Debug-iphonesimulator/CondiscoUITests.build/Objects-normal/arm64/CondiscoUITests_const_extract_protocols.json -Xcc -iquote -Xcc /var/folders/3w/91hphlzs0rv_1twbkfyhvn6m0000gn/T/condisco-preflight.1kKWrm/DerivedData/Build/Intermediates.noindex/Condisco.build/Debug-iphonesimulator/CondiscoUITests.build/CondiscoUITests-generated-files.hmap -Xcc -I/var/folders/3w/91hphlzs0rv_1twbkfyhvn6m0000gn/T/condisco-preflight.1kKWrm/DerivedData/Build/Intermediates.noindex/Condisco.build/Debug-iphonesimulator/CondiscoUITests.build/CondiscoUITests-own-target-headers.hmap -Xcc -I/var/folders/3w/91hphlzs0rv_1twbkfyhvn6m0000gn/T/condisco-preflight.1kKWrm/DerivedData/Build/Intermediates.noindex/Condisco.build/Debug-iphonesimulator/CondiscoUITests.build/CondiscoUITests-all-target-headers.hmap -Xcc -iquote -Xcc /var/folders/3w/91hphlzs0rv_1twbkfyhvn6m0000gn/T/condisco-preflight.1kKWrm/DerivedData/Build/Intermediates.noindex/Condisco.build/Debug-iphonesimulator/CondiscoUITests.build/CondiscoUITests-project-headers.hmap -Xcc -I/var/folders/3w/91hphlzs0rv_1twbkfyhvn6m0000gn/T/condisco-preflight.1kKWrm/DerivedData/Build/Products/Debug-iphonesimulator/include -Xcc -I/var/folders/3w/91hphlzs0rv_1twbkfyhvn6m0000gn/T/condisco-preflight.1kKWrm/DerivedData/Build/Intermediates.noindex/Condisco.build/Debug-iphonesimulator/CondiscoUITests.build/DerivedSources-normal/arm64 -Xcc -I/var/folders/3w/91hphlzs0rv_1twbkfyhvn6m0000gn/T/condisco-preflight.1kKWrm/DerivedData/Build/Intermediates.noindex/Condisco.build/Debug-iphonesimulator/CondiscoUITests.build/DerivedSources/arm64 -Xcc -I/var/folders/3w/91hphlzs0rv_1twbkfyhvn6m0000gn/T/condisco-preflight.1kKWrm/DerivedData/Build/Intermediates.noindex/Condisco.build/Debug-iphonesimulator/CondiscoUITests.build/DerivedSources -Xcc -DDEBUG\=1 -emit-objc-header -emit-objc-header-path /var/folders/3w/91hphlzs0rv_1twbkfyhvn6m0000gn/T/condisco-preflight.1kKWrm/DerivedData/Build/Intermediates.noindex/Condisco.build/Debug-iphonesimulator/CondiscoUITests.build/Objects-normal/arm64/CondiscoUITests-Swift.h -working-directory /Users/spkoehl/Projects/VerbaLibera -experimental-emit-module-separately -disable-cmo

RegisterExecutionPolicyException /var/folders/3w/91hphlzs0rv_1twbkfyhvn6m0000gn/T/condisco-preflight.1kKWrm/DerivedData/Build/Products/Debug-iphonesimulator/CondiscoWidget.appex (in target 'CondiscoWidget' from project 'Condisco')
    cd /Users/spkoehl/Projects/VerbaLibera
    builtin-RegisterExecutionPolicyException /var/folders/3w/91hphlzs0rv_1twbkfyhvn6m0000gn/T/condisco-preflight.1kKWrm/DerivedData/Build/Products/Debug-iphonesimulator/CondiscoWidget.appex

SwiftDriverJobDiscovery normal arm64 Compiling LearningStore.swift, PackLoader.swift, AnswerEngine.swift, ActivityEvaluation.swift, LessonSession.swift, CoursesView.swift, FamilyLayouts.swift, ActivityViews.swift, TextInputViews.swift (in target 'Condisco' from project 'Condisco')

Touch /var/folders/3w/91hphlzs0rv_1twbkfyhvn6m0000gn/T/condisco-preflight.1kKWrm/DerivedData/Build/Products/Debug-iphonesimulator/CondiscoWidget.appex (in target 'CondiscoWidget' from project 'Condisco')
    cd /Users/spkoehl/Projects/VerbaLibera
    /usr/bin/touch -c /var/folders/3w/91hphlzs0rv_1twbkfyhvn6m0000gn/T/condisco-preflight.1kKWrm/DerivedData/Build/Products/Debug-iphonesimulator/CondiscoWidget.appex

SwiftDriver CondiscoTests normal arm64 com.apple.xcode.tools.swift.compiler (in target 'CondiscoTests' from project 'Condisco')
    cd /Users/spkoehl/Projects/VerbaLibera
    builtin-SwiftDriver -- /Applications/Xcode.app/Contents/Developer/Toolchains/XcodeDefault.xctoolchain/usr/bin/swiftc -module-name CondiscoTests -Onone @/var/folders/3w/91hphlzs0rv_1twbkfyhvn6m0000gn/T/condisco-preflight.1kKWrm/DerivedData/Build/Intermediates.noindex/Condisco.build/Debug-iphonesimulator/CondiscoTests.build/Objects-normal/arm64/CondiscoTests.SwiftFileList -DDEBUG -plugin-path /Applications/Xcode.app/Contents/Developer/Toolchains/XcodeDefault.xctoolchain/usr/lib/swift/host/plugins/testing -enable-bare-slash-regex -enable-experimental-feature DebugDescriptionMacro -sdk /Applications/Xcode.app/Contents/Developer/Platforms/iPhoneSimulator.platform/Developer/SDKs/iPhoneSimulator27.0.sdk -target arm64-apple-ios17.0-simulator -g -module-cache-path /var/folders/3w/91hphlzs0rv_1twbkfyhvn6m0000gn/T/condisco-preflight.1kKWrm/DerivedData/ModuleCache.noindex -Xfrontend -serialize-debugging-options -enable-testing -index-store-path /var/folders/3w/91hphlzs0rv_1twbkfyhvn6m0000gn/T/condisco-preflight.1kKWrm/DerivedData/Index.noindex/DataStore -Xcc -D_LIBCPP_HARDENING_MODE\=_LIBCPP_HARDENING_MODE_DEBUG -swift-version 5 -I /var/folders/3w/91hphlzs0rv_1twbkfyhvn6m0000gn/T/condisco-preflight.1kKWrm/DerivedData/Build/Products/Debug-iphonesimulator -Isystem /Applications/Xcode.app/Contents/Developer/Platforms/iPhoneSimulator.platform/Developer/usr/lib -F /var/folders/3w/91hphlzs0rv_1twbkfyhvn6m0000gn/T/condisco-preflight.1kKWrm/DerivedData/Build/Products/Debug-iphonesimulator -F /Applications/Xcode.app/Contents/Developer/Platforms/iPhoneSimulator.platform/Developer/Library/Frameworks -F /Applications/Xcode.app/Contents/Developer/Platforms/iPhoneSimulator.platform/Developer/SDKs/iPhoneSimulator27.0.sdk/Developer/Library/Frameworks -emit-localized-strings -emit-localized-strings-path /var/folders/3w/91hphlzs0rv_1twbkfyhvn6m0000gn/T/condisco-preflight.1kKWrm/DerivedData/Build/Intermediates.noindex/Condisco.build/Debug-iphonesimulator/CondiscoTests.build/Objects-normal/arm64 -c -j6 -enable-batch-mode -incremental -Xcc -ivfsstatcache -Xcc /var/folders/3w/91hphlzs0rv_1twbkfyhvn6m0000gn/T/condisco-preflight.1kKWrm/DerivedData/SDKStatCaches.noindex/iphonesimulator27.0-24A430-8dc58220667be655e1bcc261a7455254.sdkstatcache -output-file-map /var/folders/3w/91hphlzs0rv_1twbkfyhvn6m0000gn/T/condisco-preflight.1kKWrm/DerivedData/Build/Intermediates.noindex/Condisco.build/Debug-iphonesimulator/CondiscoTests.build/Objects-normal/arm64/CondiscoTests-OutputFileMap.json -save-temps -no-color-diagnostics -explicit-module-build -module-cache-path /var/folders/3w/91hphlzs0rv_1twbkfyhvn6m0000gn/T/condisco-preflight.1kKWrm/DerivedData/Build/Intermediates.noindex/SwiftExplicitPrecompiledModules -clang-scanner-module-cache-path /var/folders/3w/91hphlzs0rv_1twbkfyhvn6m0000gn/T/condisco-preflight.1kKWrm/DerivedData/ModuleCache.noindex -sdk-module-cache-path /var/folders/3w/91hphlzs0rv_1twbkfyhvn6m0000gn/T/condisco-preflight.1kKWrm/DerivedData/SDKExplicitPrecompiledModules -emit-dependencies -emit-module -emit-module-path /var/folders/3w/91hphlzs0rv_1twbkfyhvn6m0000gn/T/condisco-preflight.1kKWrm/DerivedData/Build/Intermediates.noindex/Condisco.build/Debug-iphonesimulator/CondiscoTests.build/Objects-normal/arm64/CondiscoTests.swiftmodule -serialize-diagnostics -dependency-scan-serialize-diagnostics-path /var/folders/3w/91hphlzs0rv_1twbkfyhvn6m0000gn/T/condisco-preflight.1kKWrm/DerivedData/Build/Intermediates.noindex/Condisco.build/Debug-iphonesimulator/CondiscoTests.build/Objects-normal/arm64/CondiscoTests-dependency-scan.dia -validate-clang-modules-once -clang-build-session-file /var/folders/3w/91hphlzs0rv_1twbkfyhvn6m0000gn/T/condisco-preflight.1kKWrm/DerivedData/ModuleCache.noindex/Session.modulevalidation -Xcc -fmodules-prune-interval\=86400 -Xcc -fmodules-prune-after\=345600 -emit-const-values -const-gather-protocols-list /var/folders/3w/91hphlzs0rv_1twbkfyhvn6m0000gn/T/condisco-preflight.1kKWrm/DerivedData/Build/Intermediates.noindex/Condisco.build/Debug-iphonesimulator/CondiscoTests.build/Objects-normal/arm64/CondiscoTests_const_extract_protocols.json -Xcc -iquote -Xcc /var/folders/3w/91hphlzs0rv_1twbkfyhvn6m0000gn/T/condisco-preflight.1kKWrm/DerivedData/Build/Intermediates.noindex/Condisco.build/Debug-iphonesimulator/CondiscoTests.build/CondiscoTests-generated-files.hmap -Xcc -I/var/folders/3w/91hphlzs0rv_1twbkfyhvn6m0000gn/T/condisco-preflight.1kKWrm/DerivedData/Build/Intermediates.noindex/Condisco.build/Debug-iphonesimulator/CondiscoTests.build/CondiscoTests-own-target-headers.hmap -Xcc -I/var/folders/3w/91hphlzs0rv_1twbkfyhvn6m0000gn/T/condisco-preflight.1kKWrm/DerivedData/Build/Intermediates.noindex/Condisco.build/Debug-iphonesimulator/CondiscoTests.build/CondiscoTests-all-target-headers.hmap -Xcc -iquote -Xcc /var/folders/3w/91hphlzs0rv_1twbkfyhvn6m0000gn/T/condisco-preflight.1kKWrm/DerivedData/Build/Intermediates.noindex/Condisco.build/Debug-iphonesimulator/CondiscoTests.build/CondiscoTests-project-headers.hmap -Xcc -I/var/folders/3w/91hphlzs0rv_1twbkfyhvn6m0000gn/T/condisco-preflight.1kKWrm/DerivedData/Build/Products/Debug-iphonesimulator/include -Xcc -I/var/folders/3w/91hphlzs0rv_1twbkfyhvn6m0000gn/T/condisco-preflight.1kKWrm/DerivedData/Build/Intermediates.noindex/Condisco.build/Debug-iphonesimulator/CondiscoTests.build/DerivedSources-normal/arm64 -Xcc -I/var/folders/3w/91hphlzs0rv_1twbkfyhvn6m0000gn/T/condisco-preflight.1kKWrm/DerivedData/Build/Intermediates.noindex/Condisco.build/Debug-iphonesimulator/CondiscoTests.build/DerivedSources/arm64 -Xcc -I/var/folders/3w/91hphlzs0rv_1twbkfyhvn6m0000gn/T/condisco-preflight.1kKWrm/DerivedData/Build/Intermediates.noindex/Condisco.build/Debug-iphonesimulator/CondiscoTests.build/DerivedSources -Xcc -DDEBUG\=1 -emit-objc-header -emit-objc-header-path /var/folders/3w/91hphlzs0rv_1twbkfyhvn6m0000gn/T/condisco-preflight.1kKWrm/DerivedData/Build/Intermediates.noindex/Condisco.build/Debug-iphonesimulator/CondiscoTests.build/Objects-normal/arm64/CondiscoTests-Swift.h -working-directory /Users/spkoehl/Projects/VerbaLibera -experimental-emit-module-separately -disable-cmo

CpResource /var/folders/3w/91hphlzs0rv_1twbkfyhvn6m0000gn/T/condisco-preflight.1kKWrm/DerivedData/Build/Products/Debug-iphonesimulator/Condisco.app/Content /Users/spkoehl/Projects/VerbaLibera/Condisco/Content (in target 'Condisco' from project 'Condisco')
    cd /Users/spkoehl/Projects/VerbaLibera
    builtin-copy -exclude .DS_Store -exclude CVS -exclude .svn -exclude .git -exclude .hg -resolve-src-symlinks /Users/spkoehl/Projects/VerbaLibera/Condisco/Content /var/folders/3w/91hphlzs0rv_1twbkfyhvn6m0000gn/T/condisco-preflight.1kKWrm/DerivedData/Build/Products/Debug-iphonesimulator/Condisco.app

Ld /var/folders/3w/91hphlzs0rv_1twbkfyhvn6m0000gn/T/condisco-preflight.1kKWrm/DerivedData/Build/Products/Debug-iphonesimulator/Condisco.app/__preview.dylib normal (in target 'Condisco' from project 'Condisco')
    cd /Users/spkoehl/Projects/VerbaLibera
    /Applications/Xcode.app/Contents/Developer/Toolchains/XcodeDefault.xctoolchain/usr/bin/clang -Xlinker -reproducible -target arm64-apple-ios17.0-simulator -dynamiclib -isysroot /Applications/Xcode.app/Contents/Developer/Platforms/iPhoneSimulator.platform/Developer/SDKs/iPhoneSimulator27.0.sdk -O0 -Xlinker -no_warn_duplicate_libraries -L/var/folders/3w/91hphlzs0rv_1twbkfyhvn6m0000gn/T/condisco-preflight.1kKWrm/DerivedData/Build/Products/Debug-iphonesimulator -F/var/folders/3w/91hphlzs0rv_1twbkfyhvn6m0000gn/T/condisco-preflight.1kKWrm/DerivedData/Build/Products/Debug-iphonesimulator -install_name @rpath/Condisco.debug.dylib -Xlinker -dead_strip -rdynamic -Xlinker -no_deduplicate -Xlinker -objc_abi_version -Xlinker 2 -Xlinker -dependency_info -Xlinker /var/folders/3w/91hphlzs0rv_1twbkfyhvn6m0000gn/T/condisco-preflight.1kKWrm/DerivedData/Build/Intermediates.noindex/Condisco.build/Debug-iphonesimulator/Condisco.build/Objects-normal/arm64/Condisco_dependency_info.dat -Xlinker -sectcreate -Xlinker __TEXT -Xlinker __entitlements -Xlinker /var/folders/3w/91hphlzs0rv_1twbkfyhvn6m0000gn/T/condisco-preflight.1kKWrm/DerivedData/Build/Intermediates.noindex/Condisco.build/Debug-iphonesimulator/Condisco.build/Condisco.app-Simulated.xcent -Xlinker -sectcreate -Xlinker __TEXT -Xlinker __ents_der -Xlinker /var/folders/3w/91hphlzs0rv_1twbkfyhvn6m0000gn/T/condisco-preflight.1kKWrm/DerivedData/Build/Intermediates.noindex/Condisco.build/Debug-iphonesimulator/Condisco.build/Condisco.app-Simulated.xcent.der -Xlinker -no_adhoc_codesign -o /var/folders/3w/91hphlzs0rv_1twbkfyhvn6m0000gn/T/condisco-preflight.1kKWrm/DerivedData/Build/Products/Debug-iphonesimulator/Condisco.app/__preview.dylib

SwiftExplicitDependencyGeneratePcm arm64 /var/folders/3w/91hphlzs0rv_1twbkfyhvn6m0000gn/T/condisco-preflight.1kKWrm/DerivedData/Build/Intermediates.noindex/SwiftExplicitPrecompiledModules/XCUIAutomation-67AB9ON8FC6T1GUV7XUFXMKXI.pcm

SwiftExplicitDependencyCompileModuleFromInterface arm64 /var/folders/3w/91hphlzs0rv_1twbkfyhvn6m0000gn/T/condisco-preflight.1kKWrm/DerivedData/Build/Intermediates.noindex/SwiftExplicitPrecompiledModules/XCUIAutomation-3QH149W5Z2ZS4.swiftmodule

SwiftExplicitDependencyGeneratePcm arm64 /var/folders/3w/91hphlzs0rv_1twbkfyhvn6m0000gn/T/condisco-preflight.1kKWrm/DerivedData/Build/Intermediates.noindex/SwiftExplicitPrecompiledModules/XCTest-E8ULCC7NX9KA7ITQG50HOFFPL.pcm

SwiftExplicitDependencyCompileModuleFromInterface arm64 /var/folders/3w/91hphlzs0rv_1twbkfyhvn6m0000gn/T/condisco-preflight.1kKWrm/DerivedData/Build/Intermediates.noindex/SwiftExplicitPrecompiledModules/XCTest-2DXI5PX6ALXDL.swiftmodule

SwiftEmitModule normal arm64 Emitting\ module\ for\ CondiscoUITests (in target 'CondiscoUITests' from project 'Condisco')

SwiftCompile normal arm64 (in target 'CondiscoUITests' from project 'Condisco')
    cd /Users/spkoehl/Projects/VerbaLibera
    

SwiftEmitModule normal arm64 Emitting\ module\ for\ CondiscoTests (in target 'CondiscoTests' from project 'Condisco')

SwiftCompile normal arm64 (in target 'CondiscoTests' from project 'Condisco')
    cd /Users/spkoehl/Projects/VerbaLibera
    

SwiftCompile normal arm64 Compiling\ FirstRunUITests.swift /Users/spkoehl/Projects/VerbaLibera/Condisco/UITests/FirstRunUITests.swift (in target 'CondiscoUITests' from project 'Condisco')

SwiftCompile normal arm64 /Users/spkoehl/Projects/VerbaLibera/Condisco/UITests/FirstRunUITests.swift (in target 'CondiscoUITests' from project 'Condisco')
    cd /Users/spkoehl/Projects/VerbaLibera
    builtin-SwiftPerFileCompile FirstRunUITests.swift

SwiftDriverJobDiscovery normal arm64 Emitting module for CondiscoUITests (in target 'CondiscoUITests' from project 'Condisco')

SwiftDriver\ Compilation\ Requirements CondiscoUITests normal arm64 com.apple.xcode.tools.swift.compiler (in target 'CondiscoUITests' from project 'Condisco')
    cd /Users/spkoehl/Projects/VerbaLibera
    builtin-Swift-Compilation-Requirements -- /Applications/Xcode.app/Contents/Developer/Toolchains/XcodeDefault.xctoolchain/usr/bin/swiftc -module-name CondiscoUITests -Onone @/var/folders/3w/91hphlzs0rv_1twbkfyhvn6m0000gn/T/condisco-preflight.1kKWrm/DerivedData/Build/Intermediates.noindex/Condisco.build/Debug-iphonesimulator/CondiscoUITests.build/Objects-normal/arm64/CondiscoUITests.SwiftFileList -DDEBUG -module-alias Testing\=_Testing_Unavailable -plugin-path /Applications/Xcode.app/Contents/Developer/Toolchains/XcodeDefault.xctoolchain/usr/lib/swift/host/plugins/testing -enable-bare-slash-regex -enable-experimental-feature DebugDescriptionMacro -sdk /Applications/Xcode.app/Contents/Developer/Platforms/iPhoneSimulator.platform/Developer/SDKs/iPhoneSimulator27.0.sdk -target arm64-apple-ios17.0-simulator -g -module-cache-path /var/folders/3w/91hphlzs0rv_1twbkfyhvn6m0000gn/T/condisco-preflight.1kKWrm/DerivedData/ModuleCache.noindex -Xfrontend -serialize-debugging-options -enable-testing -index-store-path /var/folders/3w/91hphlzs0rv_1twbkfyhvn6m0000gn/T/condisco-preflight.1kKWrm/DerivedData/Index.noindex/DataStore -Xcc -D_LIBCPP_HARDENING_MODE\=_LIBCPP_HARDENING_MODE_DEBUG -swift-version 5 -I /var/folders/3w/91hphlzs0rv_1twbkfyhvn6m0000gn/T/condisco-preflight.1kKWrm/DerivedData/Build/Products/Debug-iphonesimulator -Isystem /Applications/Xcode.app/Contents/Developer/Platforms/iPhoneSimulator.platform/Developer/usr/lib -F /var/folders/3w/91hphlzs0rv_1twbkfyhvn6m0000gn/T/condisco-preflight.1kKWrm/DerivedData/Build/Products/Debug-iphonesimulator -F /Applications/Xcode.app/Contents/Developer/Platforms/iPhoneSimulator.platform/Developer/Library/Frameworks -F /Applications/Xcode.app/Contents/Developer/Platforms/iPhoneSimulator.platform/Developer/SDKs/iPhoneSimulator27.0.sdk/Developer/Library/Frameworks -parse-as-library -emit-localized-strings -emit-localized-strings-path /var/folders/3w/91hphlzs0rv_1twbkfyhvn6m0000gn/T/condisco-preflight.1kKWrm/DerivedData/Build/Intermediates.noindex/Condisco.build/Debug-iphonesimulator/CondiscoUITests.build/Objects-normal/arm64 -c -j6 -enable-batch-mode -incremental -Xcc -ivfsstatcache -Xcc /var/folders/3w/91hphlzs0rv_1twbkfyhvn6m0000gn/T/condisco-preflight.1kKWrm/DerivedData/SDKStatCaches.noindex/iphonesimulator27.0-24A430-8dc58220667be655e1bcc261a7455254.sdkstatcache -output-file-map /var/folders/3w/91hphlzs0rv_1twbkfyhvn6m0000gn/T/condisco-preflight.1kKWrm/DerivedData/Build/Intermediates.noindex/Condisco.build/Debug-iphonesimulator/CondiscoUITests.build/Objects-normal/arm64/CondiscoUITests-OutputFileMap.json -save-temps -no-color-diagnostics -explicit-module-build -module-cache-path /var/folders/3w/91hphlzs0rv_1twbkfyhvn6m0000gn/T/condisco-preflight.1kKWrm/DerivedData/Build/Intermediates.noindex/SwiftExplicitPrecompiledModules -clang-scanner-module-cache-path /var/folders/3w/91hphlzs0rv_1twbkfyhvn6m0000gn/T/condisco-preflight.1kKWrm/DerivedData/ModuleCache.noindex -sdk-module-cache-path /var/folders/3w/91hphlzs0rv_1twbkfyhvn6m0000gn/T/condisco-preflight.1kKWrm/DerivedData/SDKExplicitPrecompiledModules -emit-dependencies -emit-module -emit-module-path /var/folders/3w/91hphlzs0rv_1twbkfyhvn6m0000gn/T/condisco-preflight.1kKWrm/DerivedData/Build/Intermediates.noindex/Condisco.build/Debug-iphonesimulator/CondiscoUITests.build/Objects-normal/arm64/CondiscoUITests.swiftmodule -serialize-diagnostics -dependency-scan-serialize-diagnostics-path /var/folders/3w/91hphlzs0rv_1twbkfyhvn6m0000gn/T/condisco-preflight.1kKWrm/DerivedData/Build/Intermediates.noindex/Condisco.build/Debug-iphonesimulator/CondiscoUITests.build/Objects-normal/arm64/CondiscoUITests-dependency-scan.dia -validate-clang-modules-once -clang-build-session-file /var/folders/3w/91hphlzs0rv_1twbkfyhvn6m0000gn/T/condisco-preflight.1kKWrm/DerivedData/ModuleCache.noindex/Session.modulevalidation -Xcc -fmodules-prune-interval\=86400 -Xcc -fmodules-prune-after\=345600 -emit-const-values -const-gather-protocols-list /var/folders/3w/91hphlzs0rv_1twbkfyhvn6m0000gn/T/condisco-preflight.1kKWrm/DerivedData/Build/Intermediates.noindex/Condisco.build/Debug-iphonesimulator/CondiscoUITests.build/Objects-normal/arm64/CondiscoUITests_const_extract_protocols.json -Xcc -iquote -Xcc /var/folders/3w/91hphlzs0rv_1twbkfyhvn6m0000gn/T/condisco-preflight.1kKWrm/DerivedData/Build/Intermediates.noindex/Condisco.build/Debug-iphonesimulator/CondiscoUITests.build/CondiscoUITests-generated-files.hmap -Xcc -I/var/folders/3w/91hphlzs0rv_1twbkfyhvn6m0000gn/T/condisco-preflight.1kKWrm/DerivedData/Build/Intermediates.noindex/Condisco.build/Debug-iphonesimulator/CondiscoUITests.build/CondiscoUITests-own-target-headers.hmap -Xcc -I/var/folders/3w/91hphlzs0rv_1twbkfyhvn6m0000gn/T/condisco-preflight.1kKWrm/DerivedData/Build/Intermediates.noindex/Condisco.build/Debug-iphonesimulator/CondiscoUITests.build/CondiscoUITests-all-target-headers.hmap -Xcc -iquote -Xcc /var/folders/3w/91hphlzs0rv_1twbkfyhvn6m0000gn/T/condisco-preflight.1kKWrm/DerivedData/Build/Intermediates.noindex/Condisco.build/Debug-iphonesimulator/CondiscoUITests.build/CondiscoUITests-project-headers.hmap -Xcc -I/var/folders/3w/91hphlzs0rv_1twbkfyhvn6m0000gn/T/condisco-preflight.1kKWrm/DerivedData/Build/Products/Debug-iphonesimulator/include -Xcc -I/var/folders/3w/91hphlzs0rv_1twbkfyhvn6m0000gn/T/condisco-preflight.1kKWrm/DerivedData/Build/Intermediates.noindex/Condisco.build/Debug-iphonesimulator/CondiscoUITests.build/DerivedSources-normal/arm64 -Xcc -I/var/folders/3w/91hphlzs0rv_1twbkfyhvn6m0000gn/T/condisco-preflight.1kKWrm/DerivedData/Build/Intermediates.noindex/Condisco.build/Debug-iphonesimulator/CondiscoUITests.build/DerivedSources/arm64 -Xcc -I/var/folders/3w/91hphlzs0rv_1twbkfyhvn6m0000gn/T/condisco-preflight.1kKWrm/DerivedData/Build/Intermediates.noindex/Condisco.build/Debug-iphonesimulator/CondiscoUITests.build/DerivedSources -Xcc -DDEBUG\=1 -emit-objc-header -emit-objc-header-path /var/folders/3w/91hphlzs0rv_1twbkfyhvn6m0000gn/T/condisco-preflight.1kKWrm/DerivedData/Build/Intermediates.noindex/Condisco.build/Debug-iphonesimulator/CondiscoUITests.build/Objects-normal/arm64/CondiscoUITests-Swift.h -working-directory /Users/spkoehl/Projects/VerbaLibera -experimental-emit-module-separately -disable-cmo

SwiftDriverJobDiscovery normal arm64 Emitting module for CondiscoTests (in target 'CondiscoTests' from project 'Condisco')

SwiftDriver\ Compilation\ Requirements CondiscoTests normal arm64 com.apple.xcode.tools.swift.compiler (in target 'CondiscoTests' from project 'Condisco')
    cd /Users/spkoehl/Projects/VerbaLibera
    builtin-Swift-Compilation-Requirements -- /Applications/Xcode.app/Contents/Developer/Toolchains/XcodeDefault.xctoolchain/usr/bin/swiftc -module-name CondiscoTests -Onone @/var/folders/3w/91hphlzs0rv_1twbkfyhvn6m0000gn/T/condisco-preflight.1kKWrm/DerivedData/Build/Intermediates.noindex/Condisco.build/Debug-iphonesimulator/CondiscoTests.build/Objects-normal/arm64/CondiscoTests.SwiftFileList -DDEBUG -plugin-path /Applications/Xcode.app/Contents/Developer/Toolchains/XcodeDefault.xctoolchain/usr/lib/swift/host/plugins/testing -enable-bare-slash-regex -enable-experimental-feature DebugDescriptionMacro -sdk /Applications/Xcode.app/Contents/Developer/Platforms/iPhoneSimulator.platform/Developer/SDKs/iPhoneSimulator27.0.sdk -target arm64-apple-ios17.0-simulator -g -module-cache-path /var/folders/3w/91hphlzs0rv_1twbkfyhvn6m0000gn/T/condisco-preflight.1kKWrm/DerivedData/ModuleCache.noindex -Xfrontend -serialize-debugging-options -enable-testing -index-store-path /var/folders/3w/91hphlzs0rv_1twbkfyhvn6m0000gn/T/condisco-preflight.1kKWrm/DerivedData/Index.noindex/DataStore -Xcc -D_LIBCPP_HARDENING_MODE\=_LIBCPP_HARDENING_MODE_DEBUG -swift-version 5 -I /var/folders/3w/91hphlzs0rv_1twbkfyhvn6m0000gn/T/condisco-preflight.1kKWrm/DerivedData/Build/Products/Debug-iphonesimulator -Isystem /Applications/Xcode.app/Contents/Developer/Platforms/iPhoneSimulator.platform/Developer/usr/lib -F /var/folders/3w/91hphlzs0rv_1twbkfyhvn6m0000gn/T/condisco-preflight.1kKWrm/DerivedData/Build/Products/Debug-iphonesimulator -F /Applications/Xcode.app/Contents/Developer/Platforms/iPhoneSimulator.platform/Developer/Library/Frameworks -F /Applications/Xcode.app/Contents/Developer/Platforms/iPhoneSimulator.platform/Developer/SDKs/iPhoneSimulator27.0.sdk/Developer/Library/Frameworks -emit-localized-strings -emit-localized-strings-path /var/folders/3w/91hphlzs0rv_1twbkfyhvn6m0000gn/T/condisco-preflight.1kKWrm/DerivedData/Build/Intermediates.noindex/Condisco.build/Debug-iphonesimulator/CondiscoTests.build/Objects-normal/arm64 -c -j6 -enable-batch-mode -incremental -Xcc -ivfsstatcache -Xcc /var/folders/3w/91hphlzs0rv_1twbkfyhvn6m0000gn/T/condisco-preflight.1kKWrm/DerivedData/SDKStatCaches.noindex/iphonesimulator27.0-24A430-8dc58220667be655e1bcc261a7455254.sdkstatcache -output-file-map /var/folders/3w/91hphlzs0rv_1twbkfyhvn6m0000gn/T/condisco-preflight.1kKWrm/DerivedData/Build/Intermediates.noindex/Condisco.build/Debug-iphonesimulator/CondiscoTests.build/Objects-normal/arm64/CondiscoTests-OutputFileMap.json -save-temps -no-color-diagnostics -explicit-module-build -module-cache-path /var/folders/3w/91hphlzs0rv_1twbkfyhvn6m0000gn/T/condisco-preflight.1kKWrm/DerivedData/Build/Intermediates.noindex/SwiftExplicitPrecompiledModules -clang-scanner-module-cache-path /var/folders/3w/91hphlzs0rv_1twbkfyhvn6m0000gn/T/condisco-preflight.1kKWrm/DerivedData/ModuleCache.noindex -sdk-module-cache-path /var/folders/3w/91hphlzs0rv_1twbkfyhvn6m0000gn/T/condisco-preflight.1kKWrm/DerivedData/SDKExplicitPrecompiledModules -emit-dependencies -emit-module -emit-module-path /var/folders/3w/91hphlzs0rv_1twbkfyhvn6m0000gn/T/condisco-preflight.1kKWrm/DerivedData/Build/Intermediates.noindex/Condisco.build/Debug-iphonesimulator/CondiscoTests.build/Objects-normal/arm64/CondiscoTests.swiftmodule -serialize-diagnostics -dependency-scan-serialize-diagnostics-path /var/folders/3w/91hphlzs0rv_1twbkfyhvn6m0000gn/T/condisco-preflight.1kKWrm/DerivedData/Build/Intermediates.noindex/Condisco.build/Debug-iphonesimulator/CondiscoTests.build/Objects-normal/arm64/CondiscoTests-dependency-scan.dia -validate-clang-modules-once -clang-build-session-file /var/folders/3w/91hphlzs0rv_1twbkfyhvn6m0000gn/T/condisco-preflight.1kKWrm/DerivedData/ModuleCache.noindex/Session.modulevalidation -Xcc -fmodules-prune-interval\=86400 -Xcc -fmodules-prune-after\=345600 -emit-const-values -const-gather-protocols-list /var/folders/3w/91hphlzs0rv_1twbkfyhvn6m0000gn/T/condisco-preflight.1kKWrm/DerivedData/Build/Intermediates.noindex/Condisco.build/Debug-iphonesimulator/CondiscoTests.build/Objects-normal/arm64/CondiscoTests_const_extract_protocols.json -Xcc -iquote -Xcc /var/folders/3w/91hphlzs0rv_1twbkfyhvn6m0000gn/T/condisco-preflight.1kKWrm/DerivedData/Build/Intermediates.noindex/Condisco.build/Debug-iphonesimulator/CondiscoTests.build/CondiscoTests-generated-files.hmap -Xcc -I/var/folders/3w/91hphlzs0rv_1twbkfyhvn6m0000gn/T/condisco-preflight.1kKWrm/DerivedData/Build/Intermediates.noindex/Condisco.build/Debug-iphonesimulator/CondiscoTests.build/CondiscoTests-own-target-headers.hmap -Xcc -I/var/folders/3w/91hphlzs0rv_1twbkfyhvn6m0000gn/T/condisco-preflight.1kKWrm/DerivedData/Build/Intermediates.noindex/Condisco.build/Debug-iphonesimulator/CondiscoTests.build/CondiscoTests-all-target-headers.hmap -Xcc -iquote -Xcc /var/folders/3w/91hphlzs0rv_1twbkfyhvn6m0000gn/T/condisco-preflight.1kKWrm/DerivedData/Build/Intermediates.noindex/Condisco.build/Debug-iphonesimulator/CondiscoTests.build/CondiscoTests-project-headers.hmap -Xcc -I/var/folders/3w/91hphlzs0rv_1twbkfyhvn6m0000gn/T/condisco-preflight.1kKWrm/DerivedData/Build/Products/Debug-iphonesimulator/include -Xcc -I/var/folders/3w/91hphlzs0rv_1twbkfyhvn6m0000gn/T/condisco-preflight.1kKWrm/DerivedData/Build/Intermediates.noindex/Condisco.build/Debug-iphonesimulator/CondiscoTests.build/DerivedSources-normal/arm64 -Xcc -I/var/folders/3w/91hphlzs0rv_1twbkfyhvn6m0000gn/T/condisco-preflight.1kKWrm/DerivedData/Build/Intermediates.noindex/Condisco.build/Debug-iphonesimulator/CondiscoTests.build/DerivedSources/arm64 -Xcc -I/var/folders/3w/91hphlzs0rv_1twbkfyhvn6m0000gn/T/condisco-preflight.1kKWrm/DerivedData/Build/Intermediates.noindex/Condisco.build/Debug-iphonesimulator/CondiscoTests.build/DerivedSources -Xcc -DDEBUG\=1 -emit-objc-header -emit-objc-header-path /var/folders/3w/91hphlzs0rv_1twbkfyhvn6m0000gn/T/condisco-preflight.1kKWrm/DerivedData/Build/Intermediates.noindex/Condisco.build/Debug-iphonesimulator/CondiscoTests.build/Objects-normal/arm64/CondiscoTests-Swift.h -working-directory /Users/spkoehl/Projects/VerbaLibera -experimental-emit-module-separately -disable-cmo

SwiftMergeGeneratedHeaders /var/folders/3w/91hphlzs0rv_1twbkfyhvn6m0000gn/T/condisco-preflight.1kKWrm/DerivedData/Build/Intermediates.noindex/Condisco.build/Debug-iphonesimulator/CondiscoUITests.build/DerivedSources/CondiscoUITests-Swift.h /var/folders/3w/91hphlzs0rv_1twbkfyhvn6m0000gn/T/condisco-preflight.1kKWrm/DerivedData/Build/Intermediates.noindex/Condisco.build/Debug-iphonesimulator/CondiscoUITests.build/Objects-normal/arm64/CondiscoUITests-Swift.h (in target 'CondiscoUITests' from project 'Condisco')
    cd /Users/spkoehl/Projects/VerbaLibera
    builtin-swiftHeaderTool -arch arm64 /var/folders/3w/91hphlzs0rv_1twbkfyhvn6m0000gn/T/condisco-preflight.1kKWrm/DerivedData/Build/Intermediates.noindex/Condisco.build/Debug-iphonesimulator/CondiscoUITests.build/Objects-normal/arm64/CondiscoUITests-Swift.h -o /var/folders/3w/91hphlzs0rv_1twbkfyhvn6m0000gn/T/condisco-preflight.1kKWrm/DerivedData/Build/Intermediates.noindex/Condisco.build/Debug-iphonesimulator/CondiscoUITests.build/DerivedSources/CondiscoUITests-Swift.h

Copy /var/folders/3w/91hphlzs0rv_1twbkfyhvn6m0000gn/T/condisco-preflight.1kKWrm/DerivedData/Build/Products/Debug-iphonesimulator/CondiscoUITests.swiftmodule/arm64-apple-ios-simulator.swiftmodule /var/folders/3w/91hphlzs0rv_1twbkfyhvn6m0000gn/T/condisco-preflight.1kKWrm/DerivedData/Build/Intermediates.noindex/Condisco.build/Debug-iphonesimulator/CondiscoUITests.build/Objects-normal/arm64/CondiscoUITests.swiftmodule (in target 'CondiscoUITests' from project 'Condisco')
    cd /Users/spkoehl/Projects/VerbaLibera
    builtin-copy -exclude .DS_Store -exclude CVS -exclude .svn -exclude .git -exclude .hg -resolve-src-symlinks -rename /var/folders/3w/91hphlzs0rv_1twbkfyhvn6m0000gn/T/condisco-preflight.1kKWrm/DerivedData/Build/Intermediates.noindex/Condisco.build/Debug-iphonesimulator/CondiscoUITests.build/Objects-normal/arm64/CondiscoUITests.swiftmodule /var/folders/3w/91hphlzs0rv_1twbkfyhvn6m0000gn/T/condisco-preflight.1kKWrm/DerivedData/Build/Products/Debug-iphonesimulator/CondiscoUITests.swiftmodule/arm64-apple-ios-simulator.swiftmodule

Copy /var/folders/3w/91hphlzs0rv_1twbkfyhvn6m0000gn/T/condisco-preflight.1kKWrm/DerivedData/Build/Products/Debug-iphonesimulator/CondiscoUITests.swiftmodule/arm64-apple-ios-simulator.swiftdoc /var/folders/3w/91hphlzs0rv_1twbkfyhvn6m0000gn/T/condisco-preflight.1kKWrm/DerivedData/Build/Intermediates.noindex/Condisco.build/Debug-iphonesimulator/CondiscoUITests.build/Objects-normal/arm64/CondiscoUITests.swiftdoc (in target 'CondiscoUITests' from project 'Condisco')
    cd /Users/spkoehl/Projects/VerbaLibera
    builtin-copy -exclude .DS_Store -exclude CVS -exclude .svn -exclude .git -exclude .hg -resolve-src-symlinks -rename /var/folders/3w/91hphlzs0rv_1twbkfyhvn6m0000gn/T/condisco-preflight.1kKWrm/DerivedData/Build/Intermediates.noindex/Condisco.build/Debug-iphonesimulator/CondiscoUITests.build/Objects-normal/arm64/CondiscoUITests.swiftdoc /var/folders/3w/91hphlzs0rv_1twbkfyhvn6m0000gn/T/condisco-preflight.1kKWrm/DerivedData/Build/Products/Debug-iphonesimulator/CondiscoUITests.swiftmodule/arm64-apple-ios-simulator.swiftdoc

Copy /var/folders/3w/91hphlzs0rv_1twbkfyhvn6m0000gn/T/condisco-preflight.1kKWrm/DerivedData/Build/Products/Debug-iphonesimulator/CondiscoUITests.swiftmodule/arm64-apple-ios-simulator.abi.json /var/folders/3w/91hphlzs0rv_1twbkfyhvn6m0000gn/T/condisco-preflight.1kKWrm/DerivedData/Build/Intermediates.noindex/Condisco.build/Debug-iphonesimulator/CondiscoUITests.build/Objects-normal/arm64/CondiscoUITests.abi.json (in target 'CondiscoUITests' from project 'Condisco')
    cd /Users/spkoehl/Projects/VerbaLibera
    builtin-copy -exclude .DS_Store -exclude CVS -exclude .svn -exclude .git -exclude .hg -resolve-src-symlinks -rename /var/folders/3w/91hphlzs0rv_1twbkfyhvn6m0000gn/T/condisco-preflight.1kKWrm/DerivedData/Build/Intermediates.noindex/Condisco.build/Debug-iphonesimulator/CondiscoUITests.build/Objects-normal/arm64/CondiscoUITests.abi.json /var/folders/3w/91hphlzs0rv_1twbkfyhvn6m0000gn/T/condisco-preflight.1kKWrm/DerivedData/Build/Products/Debug-iphonesimulator/CondiscoUITests.swiftmodule/arm64-apple-ios-simulator.abi.json

Copy /var/folders/3w/91hphlzs0rv_1twbkfyhvn6m0000gn/T/condisco-preflight.1kKWrm/DerivedData/Build/Products/Debug-iphonesimulator/CondiscoUITests.swiftmodule/Project/arm64-apple-ios-simulator.swiftsourceinfo /var/folders/3w/91hphlzs0rv_1twbkfyhvn6m0000gn/T/condisco-preflight.1kKWrm/DerivedData/Build/Intermediates.noindex/Condisco.build/Debug-iphonesimulator/CondiscoUITests.build/Objects-normal/arm64/CondiscoUITests.swiftsourceinfo (in target 'CondiscoUITests' from project 'Condisco')
    cd /Users/spkoehl/Projects/VerbaLibera
    builtin-copy -exclude .DS_Store -exclude CVS -exclude .svn -exclude .git -exclude .hg -resolve-src-symlinks -rename /var/folders/3w/91hphlzs0rv_1twbkfyhvn6m0000gn/T/condisco-preflight.1kKWrm/DerivedData/Build/Intermediates.noindex/Condisco.build/Debug-iphonesimulator/CondiscoUITests.build/Objects-normal/arm64/CondiscoUITests.swiftsourceinfo /var/folders/3w/91hphlzs0rv_1twbkfyhvn6m0000gn/T/condisco-preflight.1kKWrm/DerivedData/Build/Products/Debug-iphonesimulator/CondiscoUITests.swiftmodule/Project/arm64-apple-ios-simulator.swiftsourceinfo

SwiftMergeGeneratedHeaders /var/folders/3w/91hphlzs0rv_1twbkfyhvn6m0000gn/T/condisco-preflight.1kKWrm/DerivedData/Build/Intermediates.noindex/Condisco.build/Debug-iphonesimulator/CondiscoTests.build/DerivedSources/CondiscoTests-Swift.h /var/folders/3w/91hphlzs0rv_1twbkfyhvn6m0000gn/T/condisco-preflight.1kKWrm/DerivedData/Build/Intermediates.noindex/Condisco.build/Debug-iphonesimulator/CondiscoTests.build/Objects-normal/arm64/CondiscoTests-Swift.h (in target 'CondiscoTests' from project 'Condisco')
    cd /Users/spkoehl/Projects/VerbaLibera
    builtin-swiftHeaderTool -arch arm64 /var/folders/3w/91hphlzs0rv_1twbkfyhvn6m0000gn/T/condisco-preflight.1kKWrm/DerivedData/Build/Intermediates.noindex/Condisco.build/Debug-iphonesimulator/CondiscoTests.build/Objects-normal/arm64/CondiscoTests-Swift.h -o /var/folders/3w/91hphlzs0rv_1twbkfyhvn6m0000gn/T/condisco-preflight.1kKWrm/DerivedData/Build/Intermediates.noindex/Condisco.build/Debug-iphonesimulator/CondiscoTests.build/DerivedSources/CondiscoTests-Swift.h

Copy /var/folders/3w/91hphlzs0rv_1twbkfyhvn6m0000gn/T/condisco-preflight.1kKWrm/DerivedData/Build/Products/Debug-iphonesimulator/CondiscoTests.swiftmodule/arm64-apple-ios-simulator.swiftmodule /var/folders/3w/91hphlzs0rv_1twbkfyhvn6m0000gn/T/condisco-preflight.1kKWrm/DerivedData/Build/Intermediates.noindex/Condisco.build/Debug-iphonesimulator/CondiscoTests.build/Objects-normal/arm64/CondiscoTests.swiftmodule (in target 'CondiscoTests' from project 'Condisco')
    cd /Users/spkoehl/Projects/VerbaLibera
    builtin-copy -exclude .DS_Store -exclude CVS -exclude .svn -exclude .git -exclude .hg -resolve-src-symlinks -rename /var/folders/3w/91hphlzs0rv_1twbkfyhvn6m0000gn/T/condisco-preflight.1kKWrm/DerivedData/Build/Intermediates.noindex/Condisco.build/Debug-iphonesimulator/CondiscoTests.build/Objects-normal/arm64/CondiscoTests.swiftmodule /var/folders/3w/91hphlzs0rv_1twbkfyhvn6m0000gn/T/condisco-preflight.1kKWrm/DerivedData/Build/Products/Debug-iphonesimulator/CondiscoTests.swiftmodule/arm64-apple-ios-simulator.swiftmodule

Copy /var/folders/3w/91hphlzs0rv_1twbkfyhvn6m0000gn/T/condisco-preflight.1kKWrm/DerivedData/Build/Products/Debug-iphonesimulator/CondiscoTests.swiftmodule/arm64-apple-ios-simulator.swiftdoc /var/folders/3w/91hphlzs0rv_1twbkfyhvn6m0000gn/T/condisco-preflight.1kKWrm/DerivedData/Build/Intermediates.noindex/Condisco.build/Debug-iphonesimulator/CondiscoTests.build/Objects-normal/arm64/CondiscoTests.swiftdoc (in target 'CondiscoTests' from project 'Condisco')
    cd /Users/spkoehl/Projects/VerbaLibera
    builtin-copy -exclude .DS_Store -exclude CVS -exclude .svn -exclude .git -exclude .hg -resolve-src-symlinks -rename /var/folders/3w/91hphlzs0rv_1twbkfyhvn6m0000gn/T/condisco-preflight.1kKWrm/DerivedData/Build/Intermediates.noindex/Condisco.build/Debug-iphonesimulator/CondiscoTests.build/Objects-normal/arm64/CondiscoTests.swiftdoc /var/folders/3w/91hphlzs0rv_1twbkfyhvn6m0000gn/T/condisco-preflight.1kKWrm/DerivedData/Build/Products/Debug-iphonesimulator/CondiscoTests.swiftmodule/arm64-apple-ios-simulator.swiftdoc

Copy /var/folders/3w/91hphlzs0rv_1twbkfyhvn6m0000gn/T/condisco-preflight.1kKWrm/DerivedData/Build/Products/Debug-iphonesimulator/CondiscoTests.swiftmodule/arm64-apple-ios-simulator.abi.json /var/folders/3w/91hphlzs0rv_1twbkfyhvn6m0000gn/T/condisco-preflight.1kKWrm/DerivedData/Build/Intermediates.noindex/Condisco.build/Debug-iphonesimulator/CondiscoTests.build/Objects-normal/arm64/CondiscoTests.abi.json (in target 'CondiscoTests' from project 'Condisco')
    cd /Users/spkoehl/Projects/VerbaLibera
    builtin-copy -exclude .DS_Store -exclude CVS -exclude .svn -exclude .git -exclude .hg -resolve-src-symlinks -rename /var/folders/3w/91hphlzs0rv_1twbkfyhvn6m0000gn/T/condisco-preflight.1kKWrm/DerivedData/Build/Intermediates.noindex/Condisco.build/Debug-iphonesimulator/CondiscoTests.build/Objects-normal/arm64/CondiscoTests.abi.json /var/folders/3w/91hphlzs0rv_1twbkfyhvn6m0000gn/T/condisco-preflight.1kKWrm/DerivedData/Build/Products/Debug-iphonesimulator/CondiscoTests.swiftmodule/arm64-apple-ios-simulator.abi.json

Copy /var/folders/3w/91hphlzs0rv_1twbkfyhvn6m0000gn/T/condisco-preflight.1kKWrm/DerivedData/Build/Products/Debug-iphonesimulator/CondiscoTests.swiftmodule/Project/arm64-apple-ios-simulator.swiftsourceinfo /var/folders/3w/91hphlzs0rv_1twbkfyhvn6m0000gn/T/condisco-preflight.1kKWrm/DerivedData/Build/Intermediates.noindex/Condisco.build/Debug-iphonesimulator/CondiscoTests.build/Objects-normal/arm64/CondiscoTests.swiftsourceinfo (in target 'CondiscoTests' from project 'Condisco')
    cd /Users/spkoehl/Projects/VerbaLibera
    builtin-copy -exclude .DS_Store -exclude CVS -exclude .svn -exclude .git -exclude .hg -resolve-src-symlinks -rename /var/folders/3w/91hphlzs0rv_1twbkfyhvn6m0000gn/T/condisco-preflight.1kKWrm/DerivedData/Build/Intermediates.noindex/Condisco.build/Debug-iphonesimulator/CondiscoTests.build/Objects-normal/arm64/CondiscoTests.swiftsourceinfo /var/folders/3w/91hphlzs0rv_1twbkfyhvn6m0000gn/T/condisco-preflight.1kKWrm/DerivedData/Build/Products/Debug-iphonesimulator/CondiscoTests.swiftmodule/Project/arm64-apple-ios-simulator.swiftsourceinfo

SwiftCompile normal arm64 Compiling\ PackItalianTests.swift /Users/spkoehl/Projects/VerbaLibera/Condisco/Tests/PackItalianTests.swift (in target 'CondiscoTests' from project 'Condisco')

SwiftCompile normal arm64 /Users/spkoehl/Projects/VerbaLibera/Condisco/Tests/PackItalianTests.swift (in target 'CondiscoTests' from project 'Condisco')
    cd /Users/spkoehl/Projects/VerbaLibera
    builtin-SwiftPerFileCompile PackItalianTests.swift

SwiftDriverJobDiscovery normal arm64 Compiling EmptyStateArt.swift, AppleSignIn.swift, CloudKitSync.swift, YouModel.swift, YouView.swift, Support.swift, PhraseCard.swift, ShadowMode.swift, Phrasebook.swift (in target 'Condisco' from project 'Condisco')

SwiftCompile normal arm64 Compiling\ StoreTests.swift,\ PackFrenchTests.swift /Users/spkoehl/Projects/VerbaLibera/Condisco/Tests/StoreTests.swift /Users/spkoehl/Projects/VerbaLibera/Condisco/Tests/PackFrenchTests.swift (in target 'CondiscoTests' from project 'Condisco')

SwiftCompile normal arm64 /Users/spkoehl/Projects/VerbaLibera/Condisco/Tests/StoreTests.swift (in target 'CondiscoTests' from project 'Condisco')
    cd /Users/spkoehl/Projects/VerbaLibera
    builtin-SwiftPerFileCompile StoreTests.swift

SwiftCompile normal arm64 /Users/spkoehl/Projects/VerbaLibera/Condisco/Tests/PackFrenchTests.swift (in target 'CondiscoTests' from project 'Condisco')
    cd /Users/spkoehl/Projects/VerbaLibera
    builtin-SwiftPerFileCompile PackFrenchTests.swift

SwiftCompile normal arm64 Compiling\ PackSpanishTests.swift /Users/spkoehl/Projects/VerbaLibera/Condisco/Tests/PackSpanishTests.swift (in target 'CondiscoTests' from project 'Condisco')

SwiftCompile normal arm64 /Users/spkoehl/Projects/VerbaLibera/Condisco/Tests/PackSpanishTests.swift (in target 'CondiscoTests' from project 'Condisco')
    cd /Users/spkoehl/Projects/VerbaLibera
    builtin-SwiftPerFileCompile PackSpanishTests.swift

SwiftDriverJobDiscovery normal arm64 Compiling FirstRunUITests.swift (in target 'CondiscoUITests' from project 'Condisco')

SwiftDriver\ Compilation CondiscoUITests normal arm64 com.apple.xcode.tools.swift.compiler (in target 'CondiscoUITests' from project 'Condisco')
    cd /Users/spkoehl/Projects/VerbaLibera
    builtin-Swift-Compilation -- /Applications/Xcode.app/Contents/Developer/Toolchains/XcodeDefault.xctoolchain/usr/bin/swiftc -module-name CondiscoUITests -Onone @/var/folders/3w/91hphlzs0rv_1twbkfyhvn6m0000gn/T/condisco-preflight.1kKWrm/DerivedData/Build/Intermediates.noindex/Condisco.build/Debug-iphonesimulator/CondiscoUITests.build/Objects-normal/arm64/CondiscoUITests.SwiftFileList -DDEBUG -module-alias Testing\=_Testing_Unavailable -plugin-path /Applications/Xcode.app/Contents/Developer/Toolchains/XcodeDefault.xctoolchain/usr/lib/swift/host/plugins/testing -enable-bare-slash-regex -enable-experimental-feature DebugDescriptionMacro -sdk /Applications/Xcode.app/Contents/Developer/Platforms/iPhoneSimulator.platform/Developer/SDKs/iPhoneSimulator27.0.sdk -target arm64-apple-ios17.0-simulator -g -module-cache-path /var/folders/3w/91hphlzs0rv_1twbkfyhvn6m0000gn/T/condisco-preflight.1kKWrm/DerivedData/ModuleCache.noindex -Xfrontend -serialize-debugging-options -enable-testing -index-store-path /var/folders/3w/91hphlzs0rv_1twbkfyhvn6m0000gn/T/condisco-preflight.1kKWrm/DerivedData/Index.noindex/DataStore -Xcc -D_LIBCPP_HARDENING_MODE\=_LIBCPP_HARDENING_MODE_DEBUG -swift-version 5 -I /var/folders/3w/91hphlzs0rv_1twbkfyhvn6m0000gn/T/condisco-preflight.1kKWrm/DerivedData/Build/Products/Debug-iphonesimulator -Isystem /Applications/Xcode.app/Contents/Developer/Platforms/iPhoneSimulator.platform/Developer/usr/lib -F /var/folders/3w/91hphlzs0rv_1twbkfyhvn6m0000gn/T/condisco-preflight.1kKWrm/DerivedData/Build/Products/Debug-iphonesimulator -F /Applications/Xcode.app/Contents/Developer/Platforms/iPhoneSimulator.platform/Developer/Library/Frameworks -F /Applications/Xcode.app/Contents/Developer/Platforms/iPhoneSimulator.platform/Developer/SDKs/iPhoneSimulator27.0.sdk/Developer/Library/Frameworks -parse-as-library -emit-localized-strings -emit-localized-strings-path /var/folders/3w/91hphlzs0rv_1twbkfyhvn6m0000gn/T/condisco-preflight.1kKWrm/DerivedData/Build/Intermediates.noindex/Condisco.build/Debug-iphonesimulator/CondiscoUITests.build/Objects-normal/arm64 -c -j6 -enable-batch-mode -incremental -Xcc -ivfsstatcache -Xcc /var/folders/3w/91hphlzs0rv_1twbkfyhvn6m0000gn/T/condisco-preflight.1kKWrm/DerivedData/SDKStatCaches.noindex/iphonesimulator27.0-24A430-8dc58220667be655e1bcc261a7455254.sdkstatcache -output-file-map /var/folders/3w/91hphlzs0rv_1twbkfyhvn6m0000gn/T/condisco-preflight.1kKWrm/DerivedData/Build/Intermediates.noindex/Condisco.build/Debug-iphonesimulator/CondiscoUITests.build/Objects-normal/arm64/CondiscoUITests-OutputFileMap.json -save-temps -no-color-diagnostics -explicit-module-build -module-cache-path /var/folders/3w/91hphlzs0rv_1twbkfyhvn6m0000gn/T/condisco-preflight.1kKWrm/DerivedData/Build/Intermediates.noindex/SwiftExplicitPrecompiledModules -clang-scanner-module-cache-path /var/folders/3w/91hphlzs0rv_1twbkfyhvn6m0000gn/T/condisco-preflight.1kKWrm/DerivedData/ModuleCache.noindex -sdk-module-cache-path /var/folders/3w/91hphlzs0rv_1twbkfyhvn6m0000gn/T/condisco-preflight.1kKWrm/DerivedData/SDKExplicitPrecompiledModules -emit-dependencies -emit-module -emit-module-path /var/folders/3w/91hphlzs0rv_1twbkfyhvn6m0000gn/T/condisco-preflight.1kKWrm/DerivedData/Build/Intermediates.noindex/Condisco.build/Debug-iphonesimulator/CondiscoUITests.build/Objects-normal/arm64/CondiscoUITests.swiftmodule -serialize-diagnostics -dependency-scan-serialize-diagnostics-path /var/folders/3w/91hphlzs0rv_1twbkfyhvn6m0000gn/T/condisco-preflight.1kKWrm/DerivedData/Build/Intermediates.noindex/Condisco.build/Debug-iphonesimulator/CondiscoUITests.build/Objects-normal/arm64/CondiscoUITests-dependency-scan.dia -validate-clang-modules-once -clang-build-session-file /var/folders/3w/91hphlzs0rv_1twbkfyhvn6m0000gn/T/condisco-preflight.1kKWrm/DerivedData/ModuleCache.noindex/Session.modulevalidation -Xcc -fmodules-prune-interval\=86400 -Xcc -fmodules-prune-after\=345600 -emit-const-values -const-gather-protocols-list /var/folders/3w/91hphlzs0rv_1twbkfyhvn6m0000gn/T/condisco-preflight.1kKWrm/DerivedData/Build/Intermediates.noindex/Condisco.build/Debug-iphonesimulator/CondiscoUITests.build/Objects-normal/arm64/CondiscoUITests_const_extract_protocols.json -Xcc -iquote -Xcc /var/folders/3w/91hphlzs0rv_1twbkfyhvn6m0000gn/T/condisco-preflight.1kKWrm/DerivedData/Build/Intermediates.noindex/Condisco.build/Debug-iphonesimulator/CondiscoUITests.build/CondiscoUITests-generated-files.hmap -Xcc -I/var/folders/3w/91hphlzs0rv_1twbkfyhvn6m0000gn/T/condisco-preflight.1kKWrm/DerivedData/Build/Intermediates.noindex/Condisco.build/Debug-iphonesimulator/CondiscoUITests.build/CondiscoUITests-own-target-headers.hmap -Xcc -I/var/folders/3w/91hphlzs0rv_1twbkfyhvn6m0000gn/T/condisco-preflight.1kKWrm/DerivedData/Build/Intermediates.noindex/Condisco.build/Debug-iphonesimulator/CondiscoUITests.build/CondiscoUITests-all-target-headers.hmap -Xcc -iquote -Xcc /var/folders/3w/91hphlzs0rv_1twbkfyhvn6m0000gn/T/condisco-preflight.1kKWrm/DerivedData/Build/Intermediates.noindex/Condisco.build/Debug-iphonesimulator/CondiscoUITests.build/CondiscoUITests-project-headers.hmap -Xcc -I/var/folders/3w/91hphlzs0rv_1twbkfyhvn6m0000gn/T/condisco-preflight.1kKWrm/DerivedData/Build/Products/Debug-iphonesimulator/include -Xcc -I/var/folders/3w/91hphlzs0rv_1twbkfyhvn6m0000gn/T/condisco-preflight.1kKWrm/DerivedData/Build/Intermediates.noindex/Condisco.build/Debug-iphonesimulator/CondiscoUITests.build/DerivedSources-normal/arm64 -Xcc -I/var/folders/3w/91hphlzs0rv_1twbkfyhvn6m0000gn/T/condisco-preflight.1kKWrm/DerivedData/Build/Intermediates.noindex/Condisco.build/Debug-iphonesimulator/CondiscoUITests.build/DerivedSources/arm64 -Xcc -I/var/folders/3w/91hphlzs0rv_1twbkfyhvn6m0000gn/T/condisco-preflight.1kKWrm/DerivedData/Build/Intermediates.noindex/Condisco.build/Debug-iphonesimulator/CondiscoUITests.build/DerivedSources -Xcc -DDEBUG\=1 -emit-objc-header -emit-objc-header-path /var/folders/3w/91hphlzs0rv_1twbkfyhvn6m0000gn/T/condisco-preflight.1kKWrm/DerivedData/Build/Intermediates.noindex/Condisco.build/Debug-iphonesimulator/CondiscoUITests.build/Objects-normal/arm64/CondiscoUITests-Swift.h -working-directory /Users/spkoehl/Projects/VerbaLibera -experimental-emit-module-separately -disable-cmo

SwiftDriverJobDiscovery normal arm64 Compiling ListenModels.swift, ListenView.swift, ReviewModels.swift, ReviewView.swift, ReviewReminders.swift, FlashcardsView.swift, AnkiExport.swift, HandsFreeReview.swift, A11ySettings.swift (in target 'Condisco' from project 'Condisco')

SwiftCompile normal arm64 Compiling\ PackPortugueseTests.swift /Users/spkoehl/Projects/VerbaLibera/Condisco/Tests/PackPortugueseTests.swift (in target 'CondiscoTests' from project 'Condisco')

SwiftCompile normal arm64 /Users/spkoehl/Projects/VerbaLibera/Condisco/Tests/PackPortugueseTests.swift (in target 'CondiscoTests' from project 'Condisco')
    cd /Users/spkoehl/Projects/VerbaLibera
    builtin-SwiftPerFileCompile PackPortugueseTests.swift

SwiftCompile normal arm64 Compiling\ PackGermanTests.swift /Users/spkoehl/Projects/VerbaLibera/Condisco/Tests/PackGermanTests.swift (in target 'CondiscoTests' from project 'Condisco')

SwiftCompile normal arm64 /Users/spkoehl/Projects/VerbaLibera/Condisco/Tests/PackGermanTests.swift (in target 'CondiscoTests' from project 'Condisco')
    cd /Users/spkoehl/Projects/VerbaLibera
    builtin-SwiftPerFileCompile PackGermanTests.swift

SwiftDriverJobDiscovery normal arm64 Compiling PackItalianTests.swift (in target 'CondiscoTests' from project 'Condisco')

SwiftCompile normal arm64 Compiling\ PlacementTests.swift,\ EngineTests.swift /Users/spkoehl/Projects/VerbaLibera/Condisco/Tests/PlacementTests.swift /Users/spkoehl/Projects/VerbaLibera/Condisco/Tests/EngineTests.swift (in target 'CondiscoTests' from project 'Condisco')

SwiftCompile normal arm64 /Users/spkoehl/Projects/VerbaLibera/Condisco/Tests/PlacementTests.swift (in target 'CondiscoTests' from project 'Condisco')
    cd /Users/spkoehl/Projects/VerbaLibera
    builtin-SwiftPerFileCompile PlacementTests.swift

SwiftCompile normal arm64 /Users/spkoehl/Projects/VerbaLibera/Condisco/Tests/EngineTests.swift (in target 'CondiscoTests' from project 'Condisco')
    cd /Users/spkoehl/Projects/VerbaLibera
    builtin-SwiftPerFileCompile EngineTests.swift

SwiftDriverJobDiscovery normal arm64 Compiling PackSpanishTests.swift (in target 'CondiscoTests' from project 'Condisco')

SwiftDriverJobDiscovery normal arm64 Compiling InteractiveViews.swift, StimulusViews.swift, LessonPlayerView.swift, Welcome.swift, PlacementTest.swift, LessonCoachMarks.swift, VocabularyBrowser.swift, VoiceRecorder.swift, VoiceSettings.swift (in target 'Condisco' from project 'Condisco')

SwiftDriverJobDiscovery normal arm64 Compiling PackPortugueseTests.swift (in target 'CondiscoTests' from project 'Condisco')

SwiftDriverJobDiscovery normal arm64 Compiling PackGermanTests.swift (in target 'CondiscoTests' from project 'Condisco')

SwiftDriverJobDiscovery normal arm64 Compiling StoreTests.swift, PackFrenchTests.swift (in target 'CondiscoTests' from project 'Condisco')

SwiftDriverJobDiscovery normal arm64 Compiling PlacementTests.swift, EngineTests.swift (in target 'CondiscoTests' from project 'Condisco')

SwiftDriver\ Compilation CondiscoTests normal arm64 com.apple.xcode.tools.swift.compiler (in target 'CondiscoTests' from project 'Condisco')
    cd /Users/spkoehl/Projects/VerbaLibera
    builtin-Swift-Compilation -- /Applications/Xcode.app/Contents/Developer/Toolchains/XcodeDefault.xctoolchain/usr/bin/swiftc -module-name CondiscoTests -Onone @/var/folders/3w/91hphlzs0rv_1twbkfyhvn6m0000gn/T/condisco-preflight.1kKWrm/DerivedData/Build/Intermediates.noindex/Condisco.build/Debug-iphonesimulator/CondiscoTests.build/Objects-normal/arm64/CondiscoTests.SwiftFileList -DDEBUG -plugin-path /Applications/Xcode.app/Contents/Developer/Toolchains/XcodeDefault.xctoolchain/usr/lib/swift/host/plugins/testing -enable-bare-slash-regex -enable-experimental-feature DebugDescriptionMacro -sdk /Applications/Xcode.app/Contents/Developer/Platforms/iPhoneSimulator.platform/Developer/SDKs/iPhoneSimulator27.0.sdk -target arm64-apple-ios17.0-simulator -g -module-cache-path /var/folders/3w/91hphlzs0rv_1twbkfyhvn6m0000gn/T/condisco-preflight.1kKWrm/DerivedData/ModuleCache.noindex -Xfrontend -serialize-debugging-options -enable-testing -index-store-path /var/folders/3w/91hphlzs0rv_1twbkfyhvn6m0000gn/T/condisco-preflight.1kKWrm/DerivedData/Index.noindex/DataStore -Xcc -D_LIBCPP_HARDENING_MODE\=_LIBCPP_HARDENING_MODE_DEBUG -swift-version 5 -I /var/folders/3w/91hphlzs0rv_1twbkfyhvn6m0000gn/T/condisco-preflight.1kKWrm/DerivedData/Build/Products/Debug-iphonesimulator -Isystem /Applications/Xcode.app/Contents/Developer/Platforms/iPhoneSimulator.platform/Developer/usr/lib -F /var/folders/3w/91hphlzs0rv_1twbkfyhvn6m0000gn/T/condisco-preflight.1kKWrm/DerivedData/Build/Products/Debug-iphonesimulator -F /Applications/Xcode.app/Contents/Developer/Platforms/iPhoneSimulator.platform/Developer/Library/Frameworks -F /Applications/Xcode.app/Contents/Developer/Platforms/iPhoneSimulator.platform/Developer/SDKs/iPhoneSimulator27.0.sdk/Developer/Library/Frameworks -emit-localized-strings -emit-localized-strings-path /var/folders/3w/91hphlzs0rv_1twbkfyhvn6m0000gn/T/condisco-preflight.1kKWrm/DerivedData/Build/Intermediates.noindex/Condisco.build/Debug-iphonesimulator/CondiscoTests.build/Objects-normal/arm64 -c -j6 -enable-batch-mode -incremental -Xcc -ivfsstatcache -Xcc /var/folders/3w/91hphlzs0rv_1twbkfyhvn6m0000gn/T/condisco-preflight.1kKWrm/DerivedData/SDKStatCaches.noindex/iphonesimulator27.0-24A430-8dc58220667be655e1bcc261a7455254.sdkstatcache -output-file-map /var/folders/3w/91hphlzs0rv_1twbkfyhvn6m0000gn/T/condisco-preflight.1kKWrm/DerivedData/Build/Intermediates.noindex/Condisco.build/Debug-iphonesimulator/CondiscoTests.build/Objects-normal/arm64/CondiscoTests-OutputFileMap.json -save-temps -no-color-diagnostics -explicit-module-build -module-cache-path /var/folders/3w/91hphlzs0rv_1twbkfyhvn6m0000gn/T/condisco-preflight.1kKWrm/DerivedData/Build/Intermediates.noindex/SwiftExplicitPrecompiledModules -clang-scanner-module-cache-path /var/folders/3w/91hphlzs0rv_1twbkfyhvn6m0000gn/T/condisco-preflight.1kKWrm/DerivedData/ModuleCache.noindex -sdk-module-cache-path /var/folders/3w/91hphlzs0rv_1twbkfyhvn6m0000gn/T/condisco-preflight.1kKWrm/DerivedData/SDKExplicitPrecompiledModules -emit-dependencies -emit-module -emit-module-path /var/folders/3w/91hphlzs0rv_1twbkfyhvn6m0000gn/T/condisco-preflight.1kKWrm/DerivedData/Build/Intermediates.noindex/Condisco.build/Debug-iphonesimulator/CondiscoTests.build/Objects-normal/arm64/CondiscoTests.swiftmodule -serialize-diagnostics -dependency-scan-serialize-diagnostics-path /var/folders/3w/91hphlzs0rv_1twbkfyhvn6m0000gn/T/condisco-preflight.1kKWrm/DerivedData/Build/Intermediates.noindex/Condisco.build/Debug-iphonesimulator/CondiscoTests.build/Objects-normal/arm64/CondiscoTests-dependency-scan.dia -validate-clang-modules-once -clang-build-session-file /var/folders/3w/91hphlzs0rv_1twbkfyhvn6m0000gn/T/condisco-preflight.1kKWrm/DerivedData/ModuleCache.noindex/Session.modulevalidation -Xcc -fmodules-prune-interval\=86400 -Xcc -fmodules-prune-after\=345600 -emit-const-values -const-gather-protocols-list /var/folders/3w/91hphlzs0rv_1twbkfyhvn6m0000gn/T/condisco-preflight.1kKWrm/DerivedData/Build/Intermediates.noindex/Condisco.build/Debug-iphonesimulator/CondiscoTests.build/Objects-normal/arm64/CondiscoTests_const_extract_protocols.json -Xcc -iquote -Xcc /var/folders/3w/91hphlzs0rv_1twbkfyhvn6m0000gn/T/condisco-preflight.1kKWrm/DerivedData/Build/Intermediates.noindex/Condisco.build/Debug-iphonesimulator/CondiscoTests.build/CondiscoTests-generated-files.hmap -Xcc -I/var/folders/3w/91hphlzs0rv_1twbkfyhvn6m0000gn/T/condisco-preflight.1kKWrm/DerivedData/Build/Intermediates.noindex/Condisco.build/Debug-iphonesimulator/CondiscoTests.build/CondiscoTests-own-target-headers.hmap -Xcc -I/var/folders/3w/91hphlzs0rv_1twbkfyhvn6m0000gn/T/condisco-preflight.1kKWrm/DerivedData/Build/Intermediates.noindex/Condisco.build/Debug-iphonesimulator/CondiscoTests.build/CondiscoTests-all-target-headers.hmap -Xcc -iquote -Xcc /var/folders/3w/91hphlzs0rv_1twbkfyhvn6m0000gn/T/condisco-preflight.1kKWrm/DerivedData/Build/Intermediates.noindex/Condisco.build/Debug-iphonesimulator/CondiscoTests.build/CondiscoTests-project-headers.hmap -Xcc -I/var/folders/3w/91hphlzs0rv_1twbkfyhvn6m0000gn/T/condisco-preflight.1kKWrm/DerivedData/Build/Products/Debug-iphonesimulator/include -Xcc -I/var/folders/3w/91hphlzs0rv_1twbkfyhvn6m0000gn/T/condisco-preflight.1kKWrm/DerivedData/Build/Intermediates.noindex/Condisco.build/Debug-iphonesimulator/CondiscoTests.build/DerivedSources-normal/arm64 -Xcc -I/var/folders/3w/91hphlzs0rv_1twbkfyhvn6m0000gn/T/condisco-preflight.1kKWrm/DerivedData/Build/Intermediates.noindex/Condisco.build/Debug-iphonesimulator/CondiscoTests.build/DerivedSources/arm64 -Xcc -I/var/folders/3w/91hphlzs0rv_1twbkfyhvn6m0000gn/T/condisco-preflight.1kKWrm/DerivedData/Build/Intermediates.noindex/Condisco.build/Debug-iphonesimulator/CondiscoTests.build/DerivedSources -Xcc -DDEBUG\=1 -emit-objc-header -emit-objc-header-path /var/folders/3w/91hphlzs0rv_1twbkfyhvn6m0000gn/T/condisco-preflight.1kKWrm/DerivedData/Build/Intermediates.noindex/Condisco.build/Debug-iphonesimulator/CondiscoTests.build/Objects-normal/arm64/CondiscoTests-Swift.h -working-directory /Users/spkoehl/Projects/VerbaLibera -experimental-emit-module-separately -disable-cmo

SwiftDriverJobDiscovery normal arm64 Compiling CondiscoApp.swift, ContentView.swift, HomeView.swift, MonthView.swift, ProgressCard.swift, DesignTokens.swift, CoursePack.swift, Database.swift, Fsrs.swift, LearningEvents.swift (in target 'Condisco' from project 'Condisco')

SwiftDriver\ Compilation Condisco normal arm64 com.apple.xcode.tools.swift.compiler (in target 'Condisco' from project 'Condisco')
    cd /Users/spkoehl/Projects/VerbaLibera
    builtin-Swift-Compilation -- /Applications/Xcode.app/Contents/Developer/Toolchains/XcodeDefault.xctoolchain/usr/bin/swiftc -module-name Condisco -Onone @/var/folders/3w/91hphlzs0rv_1twbkfyhvn6m0000gn/T/condisco-preflight.1kKWrm/DerivedData/Build/Intermediates.noindex/Condisco.build/Debug-iphonesimulator/Condisco.build/Objects-normal/arm64/Condisco.SwiftFileList -DDEBUG -enable-bare-slash-regex -enable-experimental-feature DebugDescriptionMacro -sdk /Applications/Xcode.app/Contents/Developer/Platforms/iPhoneSimulator.platform/Developer/SDKs/iPhoneSimulator27.0.sdk -target arm64-apple-ios17.0-simulator -g -module-cache-path /var/folders/3w/91hphlzs0rv_1twbkfyhvn6m0000gn/T/condisco-preflight.1kKWrm/DerivedData/ModuleCache.noindex -Xfrontend -serialize-debugging-options -enable-testing -index-store-path /var/folders/3w/91hphlzs0rv_1twbkfyhvn6m0000gn/T/condisco-preflight.1kKWrm/DerivedData/Index.noindex/DataStore -Xcc -D_LIBCPP_HARDENING_MODE\=_LIBCPP_HARDENING_MODE_DEBUG -swift-version 5 -I /var/folders/3w/91hphlzs0rv_1twbkfyhvn6m0000gn/T/condisco-preflight.1kKWrm/DerivedData/Build/Products/Debug-iphonesimulator -F /var/folders/3w/91hphlzs0rv_1twbkfyhvn6m0000gn/T/condisco-preflight.1kKWrm/DerivedData/Build/Products/Debug-iphonesimulator -emit-localized-strings -emit-localized-strings-path /var/folders/3w/91hphlzs0rv_1twbkfyhvn6m0000gn/T/condisco-preflight.1kKWrm/DerivedData/Build/Intermediates.noindex/Condisco.build/Debug-iphonesimulator/Condisco.build/Objects-normal/arm64 -c -j6 -enable-batch-mode -incremental -Xcc -ivfsstatcache -Xcc /var/folders/3w/91hphlzs0rv_1twbkfyhvn6m0000gn/T/condisco-preflight.1kKWrm/DerivedData/SDKStatCaches.noindex/iphonesimulator27.0-24A430-8dc58220667be655e1bcc261a7455254.sdkstatcache -output-file-map /var/folders/3w/91hphlzs0rv_1twbkfyhvn6m0000gn/T/condisco-preflight.1kKWrm/DerivedData/Build/Intermediates.noindex/Condisco.build/Debug-iphonesimulator/Condisco.build/Objects-normal/arm64/Condisco-OutputFileMap.json -save-temps -no-color-diagnostics -explicit-module-build -module-cache-path /var/folders/3w/91hphlzs0rv_1twbkfyhvn6m0000gn/T/condisco-preflight.1kKWrm/DerivedData/Build/Intermediates.noindex/SwiftExplicitPrecompiledModules -clang-scanner-module-cache-path /var/folders/3w/91hphlzs0rv_1twbkfyhvn6m0000gn/T/condisco-preflight.1kKWrm/DerivedData/ModuleCache.noindex -sdk-module-cache-path /var/folders/3w/91hphlzs0rv_1twbkfyhvn6m0000gn/T/condisco-preflight.1kKWrm/DerivedData/SDKExplicitPrecompiledModules -emit-dependencies -emit-module -emit-module-path /var/folders/3w/91hphlzs0rv_1twbkfyhvn6m0000gn/T/condisco-preflight.1kKWrm/DerivedData/Build/Intermediates.noindex/Condisco.build/Debug-iphonesimulator/Condisco.build/Objects-normal/arm64/Condisco.swiftmodule -serialize-diagnostics -dependency-scan-serialize-diagnostics-path /var/folders/3w/91hphlzs0rv_1twbkfyhvn6m0000gn/T/condisco-preflight.1kKWrm/DerivedData/Build/Intermediates.noindex/Condisco.build/Debug-iphonesimulator/Condisco.build/Objects-normal/arm64/Condisco-dependency-scan.dia -validate-clang-modules-once -clang-build-session-file /var/folders/3w/91hphlzs0rv_1twbkfyhvn6m0000gn/T/condisco-preflight.1kKWrm/DerivedData/ModuleCache.noindex/Session.modulevalidation -Xcc -fmodules-prune-interval\=86400 -Xcc -fmodules-prune-after\=345600 -emit-const-values -const-gather-protocols-list /var/folders/3w/91hphlzs0rv_1twbkfyhvn6m0000gn/T/condisco-preflight.1kKWrm/DerivedData/Build/Intermediates.noindex/Condisco.build/Debug-iphonesimulator/Condisco.build/Objects-normal/arm64/Condisco_const_extract_protocols.json -Xcc -iquote -Xcc /var/folders/3w/91hphlzs0rv_1twbkfyhvn6m0000gn/T/condisco-preflight.1kKWrm/DerivedData/Build/Intermediates.noindex/Condisco.build/Debug-iphonesimulator/Condisco.build/Condisco-generated-files.hmap -Xcc -I/var/folders/3w/91hphlzs0rv_1twbkfyhvn6m0000gn/T/condisco-preflight.1kKWrm/DerivedData/Build/Intermediates.noindex/Condisco.build/Debug-iphonesimulator/Condisco.build/Condisco-own-target-headers.hmap -Xcc -I/var/folders/3w/91hphlzs0rv_1twbkfyhvn6m0000gn/T/condisco-preflight.1kKWrm/DerivedData/Build/Intermediates.noindex/Condisco.build/Debug-iphonesimulator/Condisco.build/Condisco-all-target-headers.hmap -Xcc -iquote -Xcc /var/folders/3w/91hphlzs0rv_1twbkfyhvn6m0000gn/T/condisco-preflight.1kKWrm/DerivedData/Build/Intermediates.noindex/Condisco.build/Debug-iphonesimulator/Condisco.build/Condisco-project-headers.hmap -Xcc -I/var/folders/3w/91hphlzs0rv_1twbkfyhvn6m0000gn/T/condisco-preflight.1kKWrm/DerivedData/Build/Products/Debug-iphonesimulator/include -Xcc -I/var/folders/3w/91hphlzs0rv_1twbkfyhvn6m0000gn/T/condisco-preflight.1kKWrm/DerivedData/Build/Intermediates.noindex/Condisco.build/Debug-iphonesimulator/Condisco.build/DerivedSources-normal/arm64 -Xcc -I/var/folders/3w/91hphlzs0rv_1twbkfyhvn6m0000gn/T/condisco-preflight.1kKWrm/DerivedData/Build/Intermediates.noindex/Condisco.build/Debug-iphonesimulator/Condisco.build/DerivedSources/arm64 -Xcc -I/var/folders/3w/91hphlzs0rv_1twbkfyhvn6m0000gn/T/condisco-preflight.1kKWrm/DerivedData/Build/Intermediates.noindex/Condisco.build/Debug-iphonesimulator/Condisco.build/DerivedSources -Xcc -DDEBUG\=1 -Xcc -DDEBUG\=1 -emit-objc-header -emit-objc-header-path /var/folders/3w/91hphlzs0rv_1twbkfyhvn6m0000gn/T/condisco-preflight.1kKWrm/DerivedData/Build/Intermediates.noindex/Condisco.build/Debug-iphonesimulator/Condisco.build/Objects-normal/arm64/Condisco-Swift.h -working-directory /Users/spkoehl/Projects/VerbaLibera -experimental-emit-module-separately -disable-cmo

Ld /var/folders/3w/91hphlzs0rv_1twbkfyhvn6m0000gn/T/condisco-preflight.1kKWrm/DerivedData/Build/Products/Debug-iphonesimulator/Condisco.app/Condisco.debug.dylib normal (in target 'Condisco' from project 'Condisco')
    cd /Users/spkoehl/Projects/VerbaLibera
    /Applications/Xcode.app/Contents/Developer/Toolchains/XcodeDefault.xctoolchain/usr/bin/clang -Xlinker -reproducible -target arm64-apple-ios17.0-simulator -dynamiclib -isysroot /Applications/Xcode.app/Contents/Developer/Platforms/iPhoneSimulator.platform/Developer/SDKs/iPhoneSimulator27.0.sdk -O0 -Xlinker -no_warn_duplicate_libraries -L/var/folders/3w/91hphlzs0rv_1twbkfyhvn6m0000gn/T/condisco-preflight.1kKWrm/DerivedData/Build/Intermediates.noindex/EagerLinkingTBDs/Debug-iphonesimulator -L/var/folders/3w/91hphlzs0rv_1twbkfyhvn6m0000gn/T/condisco-preflight.1kKWrm/DerivedData/Build/Products/Debug-iphonesimulator -F/var/folders/3w/91hphlzs0rv_1twbkfyhvn6m0000gn/T/condisco-preflight.1kKWrm/DerivedData/Build/Intermediates.noindex/EagerLinkingTBDs/Debug-iphonesimulator -F/var/folders/3w/91hphlzs0rv_1twbkfyhvn6m0000gn/T/condisco-preflight.1kKWrm/DerivedData/Build/Products/Debug-iphonesimulator -filelist /var/folders/3w/91hphlzs0rv_1twbkfyhvn6m0000gn/T/condisco-preflight.1kKWrm/DerivedData/Build/Intermediates.noindex/Condisco.build/Debug-iphonesimulator/Condisco.build/Objects-normal/arm64/Condisco.LinkFileList -install_name @rpath/Condisco.debug.dylib -Xlinker -rpath -Xlinker /usr/lib/swift -Xlinker -rpath -Xlinker @executable_path/Frameworks -Xlinker -dead_strip -Xlinker -object_path_lto -Xlinker /var/folders/3w/91hphlzs0rv_1twbkfyhvn6m0000gn/T/condisco-preflight.1kKWrm/DerivedData/Build/Intermediates.noindex/Condisco.build/Debug-iphonesimulator/Condisco.build/Objects-normal/arm64/Condisco_lto.o -rdynamic -Xlinker -no_deduplicate -Xlinker -objc_abi_version -Xlinker 2 -Xlinker -dependency_info -Xlinker /var/folders/3w/91hphlzs0rv_1twbkfyhvn6m0000gn/T/condisco-preflight.1kKWrm/DerivedData/Build/Intermediates.noindex/Condisco.build/Debug-iphonesimulator/Condisco.build/Objects-normal/arm64/Condisco_dependency_info.dat -fobjc-link-runtime -L/Applications/Xcode.app/Contents/Developer/Toolchains/XcodeDefault.xctoolchain/usr/lib/swift/iphonesimulator -L/usr/lib/swift -Xlinker -add_ast_path -Xlinker /var/folders/3w/91hphlzs0rv_1twbkfyhvn6m0000gn/T/condisco-preflight.1kKWrm/DerivedData/Build/Intermediates.noindex/Condisco.build/Debug-iphonesimulator/Condisco.build/Objects-normal/arm64/Condisco.swiftmodule -Xlinker -alias -Xlinker _main -Xlinker ___debug_main_executable_dylib_entry_point -lsqlite3 -Xlinker -no_adhoc_codesign -o /var/folders/3w/91hphlzs0rv_1twbkfyhvn6m0000gn/T/condisco-preflight.1kKWrm/DerivedData/Build/Products/Debug-iphonesimulator/Condisco.app/Condisco.debug.dylib

ConstructStubExecutorLinkFileList /var/folders/3w/91hphlzs0rv_1twbkfyhvn6m0000gn/T/condisco-preflight.1kKWrm/DerivedData/Build/Intermediates.noindex/Condisco.build/Debug-iphonesimulator/Condisco.build/Condisco-ExecutorLinkFileList-normal-arm64.txt (in target 'Condisco' from project 'Condisco')
    cd /Users/spkoehl/Projects/VerbaLibera
    construct-stub-executor-link-file-list /var/folders/3w/91hphlzs0rv_1twbkfyhvn6m0000gn/T/condisco-preflight.1kKWrm/DerivedData/Build/Products/Debug-iphonesimulator/Condisco.app/Condisco.debug.dylib /Applications/Xcode.app/Contents/Developer/Platforms/iPhoneSimulator.platform/Developer/usr/lib/libPreviewsJITStubExecutor_no_swift_entry_point.a /Applications/Xcode.app/Contents/Developer/Platforms/iPhoneSimulator.platform/Developer/usr/lib/libPreviewsJITStubExecutor.a --output /var/folders/3w/91hphlzs0rv_1twbkfyhvn6m0000gn/T/condisco-preflight.1kKWrm/DerivedData/Build/Intermediates.noindex/Condisco.build/Debug-iphonesimulator/Condisco.build/Condisco-ExecutorLinkFileList-normal-arm64.txt
note: Using stub executor library with Swift entry point. (in target 'Condisco' from project 'Condisco')

Ld /var/folders/3w/91hphlzs0rv_1twbkfyhvn6m0000gn/T/condisco-preflight.1kKWrm/DerivedData/Build/Products/Debug-iphonesimulator/Condisco.app/Condisco normal (in target 'Condisco' from project 'Condisco')
    cd /Users/spkoehl/Projects/VerbaLibera
    /Applications/Xcode.app/Contents/Developer/Toolchains/XcodeDefault.xctoolchain/usr/bin/clang -Xlinker -reproducible -target arm64-apple-ios17.0-simulator -isysroot /Applications/Xcode.app/Contents/Developer/Platforms/iPhoneSimulator.platform/Developer/SDKs/iPhoneSimulator27.0.sdk -O0 -Xlinker -no_warn_duplicate_libraries -L/var/folders/3w/91hphlzs0rv_1twbkfyhvn6m0000gn/T/condisco-preflight.1kKWrm/DerivedData/Build/Products/Debug-iphonesimulator -F/var/folders/3w/91hphlzs0rv_1twbkfyhvn6m0000gn/T/condisco-preflight.1kKWrm/DerivedData/Build/Products/Debug-iphonesimulator -Xlinker -rpath -Xlinker @executable_path -Xlinker -rpath -Xlinker @executable_path/Frameworks -rdynamic -Xlinker -no_deduplicate -Xlinker -objc_abi_version -Xlinker 2 -e ___debug_blank_executor_main -Xlinker -sectcreate -Xlinker __TEXT -Xlinker __debug_dylib -Xlinker /var/folders/3w/91hphlzs0rv_1twbkfyhvn6m0000gn/T/condisco-preflight.1kKWrm/DerivedData/Build/Intermediates.noindex/Condisco.build/Debug-iphonesimulator/Condisco.build/Condisco-DebugDylibPath-normal-arm64.txt -Xlinker -sectcreate -Xlinker __TEXT -Xlinker __debug_instlnm -Xlinker /var/folders/3w/91hphlzs0rv_1twbkfyhvn6m0000gn/T/condisco-preflight.1kKWrm/DerivedData/Build/Intermediates.noindex/Condisco.build/Debug-iphonesimulator/Condisco.build/Condisco-DebugDylibInstallName-normal-arm64.txt -Xlinker -filelist -Xlinker /var/folders/3w/91hphlzs0rv_1twbkfyhvn6m0000gn/T/condisco-preflight.1kKWrm/DerivedData/Build/Intermediates.noindex/Condisco.build/Debug-iphonesimulator/Condisco.build/Condisco-ExecutorLinkFileList-normal-arm64.txt -Xlinker -sectcreate -Xlinker __TEXT -Xlinker __entitlements -Xlinker /var/folders/3w/91hphlzs0rv_1twbkfyhvn6m0000gn/T/condisco-preflight.1kKWrm/DerivedData/Build/Intermediates.noindex/Condisco.build/Debug-iphonesimulator/Condisco.build/Condisco.app-Simulated.xcent -Xlinker -sectcreate -Xlinker __TEXT -Xlinker __ents_der -Xlinker /var/folders/3w/91hphlzs0rv_1twbkfyhvn6m0000gn/T/condisco-preflight.1kKWrm/DerivedData/Build/Intermediates.noindex/Condisco.build/Debug-iphonesimulator/Condisco.build/Condisco.app-Simulated.xcent.der /var/folders/3w/91hphlzs0rv_1twbkfyhvn6m0000gn/T/condisco-preflight.1kKWrm/DerivedData/Build/Products/Debug-iphonesimulator/Condisco.app/Condisco.debug.dylib -Xlinker -no_adhoc_codesign -o /var/folders/3w/91hphlzs0rv_1twbkfyhvn6m0000gn/T/condisco-preflight.1kKWrm/DerivedData/Build/Products/Debug-iphonesimulator/Condisco.app/Condisco

Copy /var/folders/3w/91hphlzs0rv_1twbkfyhvn6m0000gn/T/condisco-preflight.1kKWrm/DerivedData/Build/Products/Debug-iphonesimulator/Condisco.app/PlugIns/CondiscoWidget.appex /var/folders/3w/91hphlzs0rv_1twbkfyhvn6m0000gn/T/condisco-preflight.1kKWrm/DerivedData/Build/Products/Debug-iphonesimulator/CondiscoWidget.appex (in target 'Condisco' from project 'Condisco')
    cd /Users/spkoehl/Projects/VerbaLibera
    builtin-copy -exclude .DS_Store -exclude CVS -exclude .svn -exclude .git -exclude .hg -resolve-src-symlinks -remove-static-executable /var/folders/3w/91hphlzs0rv_1twbkfyhvn6m0000gn/T/condisco-preflight.1kKWrm/DerivedData/Build/Products/Debug-iphonesimulator/CondiscoWidget.appex /var/folders/3w/91hphlzs0rv_1twbkfyhvn6m0000gn/T/condisco-preflight.1kKWrm/DerivedData/Build/Products/Debug-iphonesimulator/Condisco.app/PlugIns

ProcessInfoPlistFile /var/folders/3w/91hphlzs0rv_1twbkfyhvn6m0000gn/T/condisco-preflight.1kKWrm/DerivedData/Build/Products/Debug-iphonesimulator/Condisco.app/Info.plist /Users/spkoehl/Projects/VerbaLibera/Condisco/Info.plist (in target 'Condisco' from project 'Condisco')
    cd /Users/spkoehl/Projects/VerbaLibera
    builtin-infoPlistUtility /Users/spkoehl/Projects/VerbaLibera/Condisco/Info.plist -producttype com.apple.product-type.application -genpkginfo /var/folders/3w/91hphlzs0rv_1twbkfyhvn6m0000gn/T/condisco-preflight.1kKWrm/DerivedData/Build/Products/Debug-iphonesimulator/Condisco.app/PkgInfo -expandbuildsettings -format binary -platform iphonesimulator -additionalcontentfile /var/folders/3w/91hphlzs0rv_1twbkfyhvn6m0000gn/T/condisco-preflight.1kKWrm/DerivedData/Build/Intermediates.noindex/Condisco.build/Debug-iphonesimulator/Condisco.build/assetcatalog_generated_info.plist -scanforprivacyfile /var/folders/3w/91hphlzs0rv_1twbkfyhvn6m0000gn/T/condisco-preflight.1kKWrm/DerivedData/Build/Products/Debug-iphonesimulator/Condisco.app/PlugIns/CondiscoWidget.appex -o /var/folders/3w/91hphlzs0rv_1twbkfyhvn6m0000gn/T/condisco-preflight.1kKWrm/DerivedData/Build/Products/Debug-iphonesimulator/Condisco.app/Info.plist

ExtractAppIntentsMetadata (in target 'Condisco' from project 'Condisco')
    cd /Users/spkoehl/Projects/VerbaLibera
    /Applications/Xcode.app/Contents/Developer/Toolchains/XcodeDefault.xctoolchain/usr/bin/appintentsmetadataprocessor --toolchain-dir /Applications/Xcode.app/Contents/Developer/Toolchains/XcodeDefault.xctoolchain --module-name Condisco --sdk-root /Applications/Xcode.app/Contents/Developer/Platforms/iPhoneSimulator.platform/Developer/SDKs/iPhoneSimulator27.0.sdk --xcode-version 27A266a --platform-family iOS --deployment-target 17.0 --bundle-identifier com.sleuthysloth.condisco --output /var/folders/3w/91hphlzs0rv_1twbkfyhvn6m0000gn/T/condisco-preflight.1kKWrm/DerivedData/Build/Products/Debug-iphonesimulator/Condisco.app --target-triple arm64-apple-ios17.0-simulator --binary-file /var/folders/3w/91hphlzs0rv_1twbkfyhvn6m0000gn/T/condisco-preflight.1kKWrm/DerivedData/Build/Products/Debug-iphonesimulator/Condisco.app/Condisco --dependency-file /var/folders/3w/91hphlzs0rv_1twbkfyhvn6m0000gn/T/condisco-preflight.1kKWrm/DerivedData/Build/Intermediates.noindex/Condisco.build/Debug-iphonesimulator/Condisco.build/Objects-normal/arm64/Condisco_dependency_info.dat --stringsdata-file /var/folders/3w/91hphlzs0rv_1twbkfyhvn6m0000gn/T/condisco-preflight.1kKWrm/DerivedData/Build/Intermediates.noindex/Condisco.build/Debug-iphonesimulator/Condisco.build/Objects-normal/arm64/ExtractedAppShortcutsMetadata.stringsdata --source-file-list /var/folders/3w/91hphlzs0rv_1twbkfyhvn6m0000gn/T/condisco-preflight.1kKWrm/DerivedData/Build/Intermediates.noindex/Condisco.build/Debug-iphonesimulator/Condisco.build/Objects-normal/arm64/Condisco.SwiftFileList --metadata-file-list /var/folders/3w/91hphlzs0rv_1twbkfyhvn6m0000gn/T/condisco-preflight.1kKWrm/DerivedData/Build/Intermediates.noindex/Condisco.build/Debug-iphonesimulator/Condisco.build/Condisco.DependencyMetadataFileList --static-metadata-file-list /var/folders/3w/91hphlzs0rv_1twbkfyhvn6m0000gn/T/condisco-preflight.1kKWrm/DerivedData/Build/Intermediates.noindex/Condisco.build/Debug-iphonesimulator/Condisco.build/Condisco.DependencyStaticMetadataFileList --swift-const-vals-list /var/folders/3w/91hphlzs0rv_1twbkfyhvn6m0000gn/T/condisco-preflight.1kKWrm/DerivedData/Build/Intermediates.noindex/Condisco.build/Debug-iphonesimulator/Condisco.build/Objects-normal/arm64/Condisco.SwiftConstValuesFileList --compile-time-extraction --deployment-aware-processing --no-app-shortcuts-localization
2026-09-25 21:01:18.199 appintentsmetadataprocessor[27180:7001139] Starting appintentsmetadataprocessor export
2026-09-25 21:01:18.493 appintentsmetadataprocessor[27180:7001139] Writing Metadata.appintents
2026-09-25 21:01:18.493 appintentsmetadataprocessor[27180:7001139] Metadata root: /var/folders/3w/91hphlzs0rv_1twbkfyhvn6m0000gn/T/condisco-preflight.1kKWrm/DerivedData/Build/Products/Debug-iphonesimulator/Condisco.app/Metadata.appintents

CopySwiftLibs /var/folders/3w/91hphlzs0rv_1twbkfyhvn6m0000gn/T/condisco-preflight.1kKWrm/DerivedData/Build/Products/Debug-iphonesimulator/Condisco.app (in target 'Condisco' from project 'Condisco')
    cd /Users/spkoehl/Projects/VerbaLibera
    builtin-swiftStdLibTool --copy --verbose --sign - --scan-executable /var/folders/3w/91hphlzs0rv_1twbkfyhvn6m0000gn/T/condisco-preflight.1kKWrm/DerivedData/Build/Products/Debug-iphonesimulator/Condisco.app/Condisco.debug.dylib --scan-folder /var/folders/3w/91hphlzs0rv_1twbkfyhvn6m0000gn/T/condisco-preflight.1kKWrm/DerivedData/Build/Products/Debug-iphonesimulator/Condisco.app/Frameworks --scan-folder /var/folders/3w/91hphlzs0rv_1twbkfyhvn6m0000gn/T/condisco-preflight.1kKWrm/DerivedData/Build/Products/Debug-iphonesimulator/Condisco.app/PlugIns --scan-folder /var/folders/3w/91hphlzs0rv_1twbkfyhvn6m0000gn/T/condisco-preflight.1kKWrm/DerivedData/Build/Products/Debug-iphonesimulator/Condisco.app/SystemExtensions --scan-folder /var/folders/3w/91hphlzs0rv_1twbkfyhvn6m0000gn/T/condisco-preflight.1kKWrm/DerivedData/Build/Products/Debug-iphonesimulator/Condisco.app/Extensions --platform iphonesimulator --toolchain /Applications/Xcode.app/Contents/Developer/Toolchains/XcodeDefault.xctoolchain --destination /var/folders/3w/91hphlzs0rv_1twbkfyhvn6m0000gn/T/condisco-preflight.1kKWrm/DerivedData/Build/Products/Debug-iphonesimulator/Condisco.app/Frameworks --strip-bitcode --strip-bitcode-tool /Applications/Xcode.app/Contents/Developer/Toolchains/XcodeDefault.xctoolchain/usr/bin/bitcode_strip --emit-dependency-info /var/folders/3w/91hphlzs0rv_1twbkfyhvn6m0000gn/T/condisco-preflight.1kKWrm/DerivedData/Build/Intermediates.noindex/Condisco.build/Debug-iphonesimulator/Condisco.build/SwiftStdLibToolInputDependencies.dep --filter-for-swift-os

AppIntentsSSUTraining (in target 'Condisco' from project 'Condisco')
    cd /Users/spkoehl/Projects/VerbaLibera
    /Applications/Xcode.app/Contents/Developer/Toolchains/XcodeDefault.xctoolchain/usr/bin/appintentsnltrainingprocessor --infoplist-path /var/folders/3w/91hphlzs0rv_1twbkfyhvn6m0000gn/T/condisco-preflight.1kKWrm/DerivedData/Build/Products/Debug-iphonesimulator/Condisco.app/Info.plist --temp-dir-path /var/folders/3w/91hphlzs0rv_1twbkfyhvn6m0000gn/T/condisco-preflight.1kKWrm/DerivedData/Build/Intermediates.noindex/Condisco.build/Debug-iphonesimulator/Condisco.build/ssu --bundle-id com.sleuthysloth.condisco --product-path /var/folders/3w/91hphlzs0rv_1twbkfyhvn6m0000gn/T/condisco-preflight.1kKWrm/DerivedData/Build/Products/Debug-iphonesimulator/Condisco.app --extracted-metadata-path /var/folders/3w/91hphlzs0rv_1twbkfyhvn6m0000gn/T/condisco-preflight.1kKWrm/DerivedData/Build/Products/Debug-iphonesimulator/Condisco.app/Metadata.appintents --metadata-file-list /var/folders/3w/91hphlzs0rv_1twbkfyhvn6m0000gn/T/condisco-preflight.1kKWrm/DerivedData/Build/Intermediates.noindex/Condisco.build/Debug-iphonesimulator/Condisco.build/Condisco.DependencyMetadataFileList --source-file /var/folders/3w/91hphlzs0rv_1twbkfyhvn6m0000gn/T/condisco-preflight.1kKWrm/DerivedData/Build/Products/Debug-iphonesimulator/Condisco.app/Info.plist --archive-ssu-assets
2026-09-25 21:01:18.608 appintentsnltrainingprocessor[27182:7001155] Parsing options for appintentsnltrainingprocessor
2026-09-25 21:01:18.609 appintentsnltrainingprocessor[27182:7001155] Starting AppIntents SSU YAML Generation
2026-09-25 21:01:18.658 appintentsnltrainingprocessor[27182:7001155] Training 'Continue learning in ${+applicationName}|Continue my lesson in ${+applicationName}|Resume learning in ${+applicationName}' for en
2026-09-25 21:01:18.658 appintentsnltrainingprocessor[27182:7001155] Training 'Start a lesson in ${+applicationName}|Open a lesson in ${+applicationName}|Start learning in ${+applicationName}' for en
2026-09-25 21:01:18.658 appintentsnltrainingprocessor[27182:7001155] Training 'Start my review in ${+applicationName}|Review my phrases in ${+applicationName}|Start reviewing in ${+applicationName}' for en
2026-09-25 21:01:18.658 appintentsnltrainingprocessor[27182:7001155] Training Negative Phrases '' for en
2026-09-25 21:01:18.658 appintentsnltrainingprocessor[27182:7001155] Application name 'Condisco' for en
2026-09-25 21:01:18.683 appintentsnltrainingprocessor[27182:7001155] Generated AppIntents SSU YAML files in file:///var/folders/3w/91hphlzs0rv_1twbkfyhvn6m0000gn/T/condisco-preflight.1kKWrm/DerivedData/Build/Intermediates.noindex/Condisco.build/Debug-iphonesimulator/Condisco.build/ssu/
2026-09-25 21:01:18.683 appintentsnltrainingprocessor[27182:7001155] Copied AppIntents SSU YAML files to file:///var/folders/3w/91hphlzs0rv_1twbkfyhvn6m0000gn/T/condisco-preflight.1kKWrm/DerivedData/Build/Products/Debug-iphonesimulator/Condisco.app/Metadata.appintents/
Archiving all locales.
[------------------------------------------------------------] 0% archiving en[🁢🁢🁢🁢🁢🁢🁢🁢🁢🁢🁢🁢🁢🁢🁢🁢🁢🁢🁢🁢🁢🁢🁢🁢🁢🁢🁢🁢🁢🁢🁢🁢🁢🁢🁢🁢🁢🁢🁢🁢🁢🁢🁢🁢🁢🁢🁢🁢🁢🁢🁢🁢🁢🁢🁢🁢🁢🁢🁢🁢] 100% archived en[🁢🁢🁢🁢🁢🁢🁢🁢🁢🁢🁢🁢🁢🁢🁢🁢🁢🁢🁢🁢🁢🁢🁢🁢🁢🁢🁢🁢🁢🁢🁢🁢🁢🁢🁢🁢🁢🁢🁢🁢🁢🁢🁢🁢🁢🁢🁢🁢🁢🁢🁢🁢🁢🁢🁢🁢🁢🁢🁢🁢] 100% archived 1 locales/var/folders/3w/91hphlzs0rv_1twbkfyhvn6m0000gn/T/condisco-preflight.1kKWrm/DerivedData/Build/Products/Debug-iphonesimulator/Condisco.app/Metadata.appintents/nlu
/var/folders/3w/91hphlzs0rv_1twbkfyhvn6m0000gn/T/condisco-preflight.1kKWrm/DerivedData/Build/Products/Debug-iphonesimulator/Condisco.app/Metadata.appintents/nlu/707040c5708bb31e8dc1a832f1abfcc5.version


Ld /var/folders/3w/91hphlzs0rv_1twbkfyhvn6m0000gn/T/condisco-preflight.1kKWrm/DerivedData/Build/Products/Debug-iphonesimulator/Condisco.app/PlugIns/CondiscoTests.xctest/CondiscoTests normal (in target 'CondiscoTests' from project 'Condisco')
    cd /Users/spkoehl/Projects/VerbaLibera
    /Applications/Xcode.app/Contents/Developer/Toolchains/XcodeDefault.xctoolchain/usr/bin/clang -Xlinker -reproducible -target arm64-apple-ios17.0-simulator -bundle -isysroot /Applications/Xcode.app/Contents/Developer/Platforms/iPhoneSimulator.platform/Developer/SDKs/iPhoneSimulator27.0.sdk -O0 -Xlinker -no_warn_duplicate_libraries -L/var/folders/3w/91hphlzs0rv_1twbkfyhvn6m0000gn/T/condisco-preflight.1kKWrm/DerivedData/Build/Intermediates.noindex/EagerLinkingTBDs/Debug-iphonesimulator -L/var/folders/3w/91hphlzs0rv_1twbkfyhvn6m0000gn/T/condisco-preflight.1kKWrm/DerivedData/Build/Products/Debug-iphonesimulator -L/Applications/Xcode.app/Contents/Developer/Platforms/iPhoneSimulator.platform/Developer/usr/lib -F/var/folders/3w/91hphlzs0rv_1twbkfyhvn6m0000gn/T/condisco-preflight.1kKWrm/DerivedData/Build/Intermediates.noindex/EagerLinkingTBDs/Debug-iphonesimulator -F/var/folders/3w/91hphlzs0rv_1twbkfyhvn6m0000gn/T/condisco-preflight.1kKWrm/DerivedData/Build/Products/Debug-iphonesimulator -iframework /Applications/Xcode.app/Contents/Developer/Platforms/iPhoneSimulator.platform/Developer/Library/Frameworks -iframework /Applications/Xcode.app/Contents/Developer/Platforms/iPhoneSimulator.platform/Developer/SDKs/iPhoneSimulator27.0.sdk/Developer/Library/Frameworks -filelist /var/folders/3w/91hphlzs0rv_1twbkfyhvn6m0000gn/T/condisco-preflight.1kKWrm/DerivedData/Build/Intermediates.noindex/Condisco.build/Debug-iphonesimulator/CondiscoTests.build/Objects-normal/arm64/CondiscoTests.LinkFileList -Xlinker -rpath -Xlinker /usr/lib/swift -Xlinker -rpath -Xlinker @loader_path/Frameworks -Xlinker -rpath -Xlinker @executable_path/Frameworks -Xlinker -dead_strip -bundle_loader /var/folders/3w/91hphlzs0rv_1twbkfyhvn6m0000gn/T/condisco-preflight.1kKWrm/DerivedData/Build/Products/Debug-iphonesimulator/Condisco.app/Condisco -Xlinker -object_path_lto -Xlinker /var/folders/3w/91hphlzs0rv_1twbkfyhvn6m0000gn/T/condisco-preflight.1kKWrm/DerivedData/Build/Intermediates.noindex/Condisco.build/Debug-iphonesimulator/CondiscoTests.build/Objects-normal/arm64/CondiscoTests_lto.o -rdynamic -Xlinker -no_deduplicate -Xlinker -objc_abi_version -Xlinker 2 -Xlinker -dependency_info -Xlinker /var/folders/3w/91hphlzs0rv_1twbkfyhvn6m0000gn/T/condisco-preflight.1kKWrm/DerivedData/Build/Intermediates.noindex/Condisco.build/Debug-iphonesimulator/CondiscoTests.build/Objects-normal/arm64/CondiscoTests_dependency_info.dat -fobjc-link-runtime -L/Applications/Xcode.app/Contents/Developer/Toolchains/XcodeDefault.xctoolchain/usr/lib/swift/iphonesimulator -L/usr/lib/swift -Xlinker -add_ast_path -Xlinker /var/folders/3w/91hphlzs0rv_1twbkfyhvn6m0000gn/T/condisco-preflight.1kKWrm/DerivedData/Build/Intermediates.noindex/Condisco.build/Debug-iphonesimulator/CondiscoTests.build/Objects-normal/arm64/CondiscoTests.swiftmodule -Xlinker -needed_framework -Xlinker XCTest -framework XCTest -Xlinker -needed-lXCTestSwiftSupport -lXCTestSwiftSupport /var/folders/3w/91hphlzs0rv_1twbkfyhvn6m0000gn/T/condisco-preflight.1kKWrm/DerivedData/Build/Products/Debug-iphonesimulator/Condisco.app/Condisco.debug.dylib -Xlinker -no_adhoc_codesign -o /var/folders/3w/91hphlzs0rv_1twbkfyhvn6m0000gn/T/condisco-preflight.1kKWrm/DerivedData/Build/Products/Debug-iphonesimulator/Condisco.app/PlugIns/CondiscoTests.xctest/CondiscoTests

ProcessInfoPlistFile /var/folders/3w/91hphlzs0rv_1twbkfyhvn6m0000gn/T/condisco-preflight.1kKWrm/DerivedData/Build/Products/Debug-iphonesimulator/Condisco.app/PlugIns/CondiscoTests.xctest/Info.plist /var/folders/3w/91hphlzs0rv_1twbkfyhvn6m0000gn/T/condisco-preflight.1kKWrm/DerivedData/Build/Intermediates.noindex/Condisco.build/Debug-iphonesimulator/CondiscoTests.build/empty-CondiscoTests.plist (in target 'CondiscoTests' from project 'Condisco')
    cd /Users/spkoehl/Projects/VerbaLibera
    builtin-infoPlistUtility /var/folders/3w/91hphlzs0rv_1twbkfyhvn6m0000gn/T/condisco-preflight.1kKWrm/DerivedData/Build/Intermediates.noindex/Condisco.build/Debug-iphonesimulator/CondiscoTests.build/empty-CondiscoTests.plist -producttype com.apple.product-type.bundle.unit-test -expandbuildsettings -format binary -platform iphonesimulator -o /var/folders/3w/91hphlzs0rv_1twbkfyhvn6m0000gn/T/condisco-preflight.1kKWrm/DerivedData/Build/Products/Debug-iphonesimulator/Condisco.app/PlugIns/CondiscoTests.xctest/Info.plist

CopySwiftLibs /var/folders/3w/91hphlzs0rv_1twbkfyhvn6m0000gn/T/condisco-preflight.1kKWrm/DerivedData/Build/Products/Debug-iphonesimulator/Condisco.app/PlugIns/CondiscoTests.xctest (in target 'CondiscoTests' from project 'Condisco')
    cd /Users/spkoehl/Projects/VerbaLibera
    builtin-swiftStdLibTool --copy --verbose --sign - --scan-executable /var/folders/3w/91hphlzs0rv_1twbkfyhvn6m0000gn/T/condisco-preflight.1kKWrm/DerivedData/Build/Products/Debug-iphonesimulator/Condisco.app/PlugIns/CondiscoTests.xctest/CondiscoTests --scan-folder /var/folders/3w/91hphlzs0rv_1twbkfyhvn6m0000gn/T/condisco-preflight.1kKWrm/DerivedData/Build/Products/Debug-iphonesimulator/Condisco.app/PlugIns/CondiscoTests.xctest/Frameworks --scan-folder /var/folders/3w/91hphlzs0rv_1twbkfyhvn6m0000gn/T/condisco-preflight.1kKWrm/DerivedData/Build/Products/Debug-iphonesimulator/Condisco.app/PlugIns/CondiscoTests.xctest/PlugIns --scan-folder /var/folders/3w/91hphlzs0rv_1twbkfyhvn6m0000gn/T/condisco-preflight.1kKWrm/DerivedData/Build/Products/Debug-iphonesimulator/Condisco.app/PlugIns/CondiscoTests.xctest/SystemExtensions --scan-folder /var/folders/3w/91hphlzs0rv_1twbkfyhvn6m0000gn/T/condisco-preflight.1kKWrm/DerivedData/Build/Products/Debug-iphonesimulator/Condisco.app/PlugIns/CondiscoTests.xctest/Extensions --platform iphonesimulator --toolchain /Applications/Xcode.app/Contents/Developer/Toolchains/XcodeDefault.xctoolchain --destination /var/folders/3w/91hphlzs0rv_1twbkfyhvn6m0000gn/T/condisco-preflight.1kKWrm/DerivedData/Build/Products/Debug-iphonesimulator/Condisco.app/PlugIns/CondiscoTests.xctest/Frameworks --strip-bitcode --scan-executable /Applications/Xcode.app/Contents/Developer/Platforms/iPhoneSimulator.platform/Developer/usr/lib/libXCTestSwiftSupport.dylib --strip-bitcode-tool /Applications/Xcode.app/Contents/Developer/Toolchains/XcodeDefault.xctoolchain/usr/bin/bitcode_strip --emit-dependency-info /var/folders/3w/91hphlzs0rv_1twbkfyhvn6m0000gn/T/condisco-preflight.1kKWrm/DerivedData/Build/Intermediates.noindex/Condisco.build/Debug-iphonesimulator/CondiscoTests.build/SwiftStdLibToolInputDependencies.dep --filter-for-swift-os

ExtractAppIntentsMetadata (in target 'CondiscoTests' from project 'Condisco')
    cd /Users/spkoehl/Projects/VerbaLibera
    /Applications/Xcode.app/Contents/Developer/Toolchains/XcodeDefault.xctoolchain/usr/bin/appintentsmetadataprocessor --toolchain-dir /Applications/Xcode.app/Contents/Developer/Toolchains/XcodeDefault.xctoolchain --module-name CondiscoTests --sdk-root /Applications/Xcode.app/Contents/Developer/Platforms/iPhoneSimulator.platform/Developer/SDKs/iPhoneSimulator27.0.sdk --xcode-version 27A266a --platform-family iOS --deployment-target 17.0 --bundle-identifier com.sleuthysloth.condisco.Tests --output /var/folders/3w/91hphlzs0rv_1twbkfyhvn6m0000gn/T/condisco-preflight.1kKWrm/DerivedData/Build/Products/Debug-iphonesimulator/Condisco.app/PlugIns/CondiscoTests.xctest --target-triple arm64-apple-ios17.0-simulator --binary-file /var/folders/3w/91hphlzs0rv_1twbkfyhvn6m0000gn/T/condisco-preflight.1kKWrm/DerivedData/Build/Products/Debug-iphonesimulator/Condisco.app/PlugIns/CondiscoTests.xctest/CondiscoTests --dependency-file /var/folders/3w/91hphlzs0rv_1twbkfyhvn6m0000gn/T/condisco-preflight.1kKWrm/DerivedData/Build/Intermediates.noindex/Condisco.build/Debug-iphonesimulator/CondiscoTests.build/Objects-normal/arm64/CondiscoTests_dependency_info.dat --stringsdata-file /var/folders/3w/91hphlzs0rv_1twbkfyhvn6m0000gn/T/condisco-preflight.1kKWrm/DerivedData/Build/Intermediates.noindex/Condisco.build/Debug-iphonesimulator/CondiscoTests.build/Objects-normal/arm64/ExtractedAppShortcutsMetadata.stringsdata --source-file-list /var/folders/3w/91hphlzs0rv_1twbkfyhvn6m0000gn/T/condisco-preflight.1kKWrm/DerivedData/Build/Intermediates.noindex/Condisco.build/Debug-iphonesimulator/CondiscoTests.build/Objects-normal/arm64/CondiscoTests.SwiftFileList --metadata-file-list /var/folders/3w/91hphlzs0rv_1twbkfyhvn6m0000gn/T/condisco-preflight.1kKWrm/DerivedData/Build/Intermediates.noindex/Condisco.build/Debug-iphonesimulator/CondiscoTests.build/CondiscoTests.DependencyMetadataFileList --static-metadata-file-list /var/folders/3w/91hphlzs0rv_1twbkfyhvn6m0000gn/T/condisco-preflight.1kKWrm/DerivedData/Build/Intermediates.noindex/Condisco.build/Debug-iphonesimulator/CondiscoTests.build/CondiscoTests.DependencyStaticMetadataFileList --swift-const-vals-list /var/folders/3w/91hphlzs0rv_1twbkfyhvn6m0000gn/T/condisco-preflight.1kKWrm/DerivedData/Build/Intermediates.noindex/Condisco.build/Debug-iphonesimulator/CondiscoTests.build/Objects-normal/arm64/CondiscoTests.SwiftConstValuesFileList --compile-time-extraction --deployment-aware-processing --no-app-shortcuts-localization
2026-09-25 21:01:19.301 appintentsmetadataprocessor[27189:7001189] Starting appintentsmetadataprocessor export
2026-09-25 21:01:19.357 appintentsmetadataprocessor[27189:7001189] Extracted no relevant App Intents symbols, skipping writing output

AppIntentsSSUTraining (in target 'CondiscoTests' from project 'Condisco')
    cd /Users/spkoehl/Projects/VerbaLibera
    /Applications/Xcode.app/Contents/Developer/Toolchains/XcodeDefault.xctoolchain/usr/bin/appintentsnltrainingprocessor --infoplist-path /var/folders/3w/91hphlzs0rv_1twbkfyhvn6m0000gn/T/condisco-preflight.1kKWrm/DerivedData/Build/Products/Debug-iphonesimulator/Condisco.app/PlugIns/CondiscoTests.xctest/Info.plist --temp-dir-path /var/folders/3w/91hphlzs0rv_1twbkfyhvn6m0000gn/T/condisco-preflight.1kKWrm/DerivedData/Build/Intermediates.noindex/Condisco.build/Debug-iphonesimulator/CondiscoTests.build/ssu --bundle-id com.sleuthysloth.condisco.Tests --product-path /var/folders/3w/91hphlzs0rv_1twbkfyhvn6m0000gn/T/condisco-preflight.1kKWrm/DerivedData/Build/Products/Debug-iphonesimulator/Condisco.app/PlugIns/CondiscoTests.xctest --extracted-metadata-path /var/folders/3w/91hphlzs0rv_1twbkfyhvn6m0000gn/T/condisco-preflight.1kKWrm/DerivedData/Build/Products/Debug-iphonesimulator/Condisco.app/PlugIns/CondiscoTests.xctest/Metadata.appintents --metadata-file-list /var/folders/3w/91hphlzs0rv_1twbkfyhvn6m0000gn/T/condisco-preflight.1kKWrm/DerivedData/Build/Intermediates.noindex/Condisco.build/Debug-iphonesimulator/CondiscoTests.build/CondiscoTests.DependencyMetadataFileList --source-file /var/folders/3w/91hphlzs0rv_1twbkfyhvn6m0000gn/T/condisco-preflight.1kKWrm/DerivedData/Build/Products/Debug-iphonesimulator/Condisco.app/PlugIns/CondiscoTests.xctest/Info.plist --archive-ssu-assets
2026-09-25 21:01:19.385 appintentsnltrainingprocessor[27192:7001197] Parsing options for appintentsnltrainingprocessor
2026-09-25 21:01:19.386 appintentsnltrainingprocessor[27192:7001197] Starting AppIntents SSU YAML Generation
2026-09-25 21:01:19.386 appintentsnltrainingprocessor[27192:7001197] No AppShortcuts found - Skipping.

CodeSign /var/folders/3w/91hphlzs0rv_1twbkfyhvn6m0000gn/T/condisco-preflight.1kKWrm/DerivedData/Build/Products/Debug-iphonesimulator/Condisco.app/PlugIns/CondiscoTests.xctest (in target 'CondiscoTests' from project 'Condisco')
    cd /Users/spkoehl/Projects/VerbaLibera
    
    Signing Identity:     "Sign to Run Locally"
    
    /usr/bin/codesign --force --sign - --timestamp\=none --generate-entitlement-der /var/folders/3w/91hphlzs0rv_1twbkfyhvn6m0000gn/T/condisco-preflight.1kKWrm/DerivedData/Build/Products/Debug-iphonesimulator/Condisco.app/PlugIns/CondiscoTests.xctest

RegisterExecutionPolicyException /var/folders/3w/91hphlzs0rv_1twbkfyhvn6m0000gn/T/condisco-preflight.1kKWrm/DerivedData/Build/Products/Debug-iphonesimulator/Condisco.app/PlugIns/CondiscoTests.xctest (in target 'CondiscoTests' from project 'Condisco')
    cd /Users/spkoehl/Projects/VerbaLibera
    builtin-RegisterExecutionPolicyException /var/folders/3w/91hphlzs0rv_1twbkfyhvn6m0000gn/T/condisco-preflight.1kKWrm/DerivedData/Build/Products/Debug-iphonesimulator/Condisco.app/PlugIns/CondiscoTests.xctest

Touch /var/folders/3w/91hphlzs0rv_1twbkfyhvn6m0000gn/T/condisco-preflight.1kKWrm/DerivedData/Build/Products/Debug-iphonesimulator/Condisco.app/PlugIns/CondiscoTests.xctest (in target 'CondiscoTests' from project 'Condisco')
    cd /Users/spkoehl/Projects/VerbaLibera
    /usr/bin/touch -c /var/folders/3w/91hphlzs0rv_1twbkfyhvn6m0000gn/T/condisco-preflight.1kKWrm/DerivedData/Build/Products/Debug-iphonesimulator/Condisco.app/PlugIns/CondiscoTests.xctest

CodeSign /var/folders/3w/91hphlzs0rv_1twbkfyhvn6m0000gn/T/condisco-preflight.1kKWrm/DerivedData/Build/Products/Debug-iphonesimulator/Condisco.app/Condisco.debug.dylib (in target 'Condisco' from project 'Condisco')
    cd /Users/spkoehl/Projects/VerbaLibera
    
    Signing Identity:     "Sign to Run Locally"
    
    /usr/bin/codesign --force --sign - --timestamp\=none --generate-entitlement-der /var/folders/3w/91hphlzs0rv_1twbkfyhvn6m0000gn/T/condisco-preflight.1kKWrm/DerivedData/Build/Products/Debug-iphonesimulator/Condisco.app/Condisco.debug.dylib

CodeSign /var/folders/3w/91hphlzs0rv_1twbkfyhvn6m0000gn/T/condisco-preflight.1kKWrm/DerivedData/Build/Products/Debug-iphonesimulator/Condisco.app/__preview.dylib (in target 'Condisco' from project 'Condisco')
    cd /Users/spkoehl/Projects/VerbaLibera
    
    Signing Identity:     "Sign to Run Locally"
    
    /usr/bin/codesign --force --sign - --timestamp\=none --generate-entitlement-der /var/folders/3w/91hphlzs0rv_1twbkfyhvn6m0000gn/T/condisco-preflight.1kKWrm/DerivedData/Build/Products/Debug-iphonesimulator/Condisco.app/__preview.dylib

CodeSign /var/folders/3w/91hphlzs0rv_1twbkfyhvn6m0000gn/T/condisco-preflight.1kKWrm/DerivedData/Build/Products/Debug-iphonesimulator/Condisco.app (in target 'Condisco' from project 'Condisco')
    cd /Users/spkoehl/Projects/VerbaLibera
    
    Signing Identity:     "Sign to Run Locally"
    
    /usr/bin/codesign --force --sign - --entitlements /var/folders/3w/91hphlzs0rv_1twbkfyhvn6m0000gn/T/condisco-preflight.1kKWrm/DerivedData/Build/Intermediates.noindex/Condisco.build/Debug-iphonesimulator/Condisco.build/Condisco.app.xcent --timestamp\=none --generate-entitlement-der /var/folders/3w/91hphlzs0rv_1twbkfyhvn6m0000gn/T/condisco-preflight.1kKWrm/DerivedData/Build/Products/Debug-iphonesimulator/Condisco.app

ValidateEmbeddedBinary /var/folders/3w/91hphlzs0rv_1twbkfyhvn6m0000gn/T/condisco-preflight.1kKWrm/DerivedData/Build/Products/Debug-iphonesimulator/Condisco.app/PlugIns/CondiscoWidget.appex (in target 'Condisco' from project 'Condisco')
    cd /Users/spkoehl/Projects/VerbaLibera
    /Applications/Xcode.app/Contents/Developer/usr/bin/embeddedBinaryValidationUtility /var/folders/3w/91hphlzs0rv_1twbkfyhvn6m0000gn/T/condisco-preflight.1kKWrm/DerivedData/Build/Products/Debug-iphonesimulator/Condisco.app/PlugIns/CondiscoWidget.appex -signing-cert - -info-plist-path /var/folders/3w/91hphlzs0rv_1twbkfyhvn6m0000gn/T/condisco-preflight.1kKWrm/DerivedData/Build/Products/Debug-iphonesimulator/Condisco.app/Info.plist

RegisterExecutionPolicyException /var/folders/3w/91hphlzs0rv_1twbkfyhvn6m0000gn/T/condisco-preflight.1kKWrm/DerivedData/Build/Products/Debug-iphonesimulator/Condisco.app (in target 'Condisco' from project 'Condisco')
    cd /Users/spkoehl/Projects/VerbaLibera
    builtin-RegisterExecutionPolicyException /var/folders/3w/91hphlzs0rv_1twbkfyhvn6m0000gn/T/condisco-preflight.1kKWrm/DerivedData/Build/Products/Debug-iphonesimulator/Condisco.app

Validate /var/folders/3w/91hphlzs0rv_1twbkfyhvn6m0000gn/T/condisco-preflight.1kKWrm/DerivedData/Build/Products/Debug-iphonesimulator/Condisco.app (in target 'Condisco' from project 'Condisco')
    cd /Users/spkoehl/Projects/VerbaLibera
    builtin-validationUtility /var/folders/3w/91hphlzs0rv_1twbkfyhvn6m0000gn/T/condisco-preflight.1kKWrm/DerivedData/Build/Products/Debug-iphonesimulator/Condisco.app -shallow-bundle -infoplist-subpath Info.plist

Touch /var/folders/3w/91hphlzs0rv_1twbkfyhvn6m0000gn/T/condisco-preflight.1kKWrm/DerivedData/Build/Products/Debug-iphonesimulator/Condisco.app (in target 'Condisco' from project 'Condisco')
    cd /Users/spkoehl/Projects/VerbaLibera
    /usr/bin/touch -c /var/folders/3w/91hphlzs0rv_1twbkfyhvn6m0000gn/T/condisco-preflight.1kKWrm/DerivedData/Build/Products/Debug-iphonesimulator/Condisco.app

ProcessInfoPlistFile /var/folders/3w/91hphlzs0rv_1twbkfyhvn6m0000gn/T/condisco-preflight.1kKWrm/DerivedData/Build/Products/Debug-iphonesimulator/CondiscoUITests-Runner.app/PlugIns/CondiscoUITests.xctest/Info.plist /var/folders/3w/91hphlzs0rv_1twbkfyhvn6m0000gn/T/condisco-preflight.1kKWrm/DerivedData/Build/Intermediates.noindex/Condisco.build/Debug-iphonesimulator/CondiscoUITests.build/empty-CondiscoUITests.plist (in target 'CondiscoUITests' from project 'Condisco')
    cd /Users/spkoehl/Projects/VerbaLibera
    builtin-infoPlistUtility /var/folders/3w/91hphlzs0rv_1twbkfyhvn6m0000gn/T/condisco-preflight.1kKWrm/DerivedData/Build/Intermediates.noindex/Condisco.build/Debug-iphonesimulator/CondiscoUITests.build/empty-CondiscoUITests.plist -producttype com.apple.product-type.bundle.ui-testing -expandbuildsettings -format binary -platform iphonesimulator -additionalcontentfile /var/folders/3w/91hphlzs0rv_1twbkfyhvn6m0000gn/T/condisco-preflight.1kKWrm/DerivedData/Build/Intermediates.noindex/Condisco.build/Debug-iphonesimulator/CondiscoUITests.build/ProductTypeInfoPlistAdditions.plist -o /var/folders/3w/91hphlzs0rv_1twbkfyhvn6m0000gn/T/condisco-preflight.1kKWrm/DerivedData/Build/Products/Debug-iphonesimulator/CondiscoUITests-Runner.app/PlugIns/CondiscoUITests.xctest/Info.plist

Ld /var/folders/3w/91hphlzs0rv_1twbkfyhvn6m0000gn/T/condisco-preflight.1kKWrm/DerivedData/Build/Products/Debug-iphonesimulator/CondiscoUITests-Runner.app/PlugIns/CondiscoUITests.xctest/CondiscoUITests normal (in target 'CondiscoUITests' from project 'Condisco')
    cd /Users/spkoehl/Projects/VerbaLibera
    /Applications/Xcode.app/Contents/Developer/Toolchains/XcodeDefault.xctoolchain/usr/bin/clang -Xlinker -reproducible -target arm64-apple-ios17.0-simulator -bundle -isysroot /Applications/Xcode.app/Contents/Developer/Platforms/iPhoneSimulator.platform/Developer/SDKs/iPhoneSimulator27.0.sdk -O0 -Xlinker -no_warn_duplicate_libraries -L/var/folders/3w/91hphlzs0rv_1twbkfyhvn6m0000gn/T/condisco-preflight.1kKWrm/DerivedData/Build/Intermediates.noindex/EagerLinkingTBDs/Debug-iphonesimulator -L/var/folders/3w/91hphlzs0rv_1twbkfyhvn6m0000gn/T/condisco-preflight.1kKWrm/DerivedData/Build/Products/Debug-iphonesimulator -L/Applications/Xcode.app/Contents/Developer/Platforms/iPhoneSimulator.platform/Developer/usr/lib -F/var/folders/3w/91hphlzs0rv_1twbkfyhvn6m0000gn/T/condisco-preflight.1kKWrm/DerivedData/Build/Intermediates.noindex/EagerLinkingTBDs/Debug-iphonesimulator -F/var/folders/3w/91hphlzs0rv_1twbkfyhvn6m0000gn/T/condisco-preflight.1kKWrm/DerivedData/Build/Products/Debug-iphonesimulator -iframework /Applications/Xcode.app/Contents/Developer/Platforms/iPhoneSimulator.platform/Developer/Library/Frameworks -iframework /Applications/Xcode.app/Contents/Developer/Platforms/iPhoneSimulator.platform/Developer/SDKs/iPhoneSimulator27.0.sdk/Developer/Library/Frameworks -filelist /var/folders/3w/91hphlzs0rv_1twbkfyhvn6m0000gn/T/condisco-preflight.1kKWrm/DerivedData/Build/Intermediates.noindex/Condisco.build/Debug-iphonesimulator/CondiscoUITests.build/Objects-normal/arm64/CondiscoUITests.LinkFileList -Xlinker -rpath -Xlinker /usr/lib/swift -Xlinker -rpath -Xlinker @loader_path/Frameworks -Xlinker -dead_strip -Xlinker -object_path_lto -Xlinker /var/folders/3w/91hphlzs0rv_1twbkfyhvn6m0000gn/T/condisco-preflight.1kKWrm/DerivedData/Build/Intermediates.noindex/Condisco.build/Debug-iphonesimulator/CondiscoUITests.build/Objects-normal/arm64/CondiscoUITests_lto.o -rdynamic -Xlinker -no_deduplicate -Xlinker -objc_abi_version -Xlinker 2 -Xlinker -dependency_info -Xlinker /var/folders/3w/91hphlzs0rv_1twbkfyhvn6m0000gn/T/condisco-preflight.1kKWrm/DerivedData/Build/Intermediates.noindex/Condisco.build/Debug-iphonesimulator/CondiscoUITests.build/Objects-normal/arm64/CondiscoUITests_dependency_info.dat -fobjc-link-runtime -L/Applications/Xcode.app/Contents/Developer/Toolchains/XcodeDefault.xctoolchain/usr/lib/swift/iphonesimulator -L/usr/lib/swift -Xlinker -add_ast_path -Xlinker /var/folders/3w/91hphlzs0rv_1twbkfyhvn6m0000gn/T/condisco-preflight.1kKWrm/DerivedData/Build/Intermediates.noindex/Condisco.build/Debug-iphonesimulator/CondiscoUITests.build/Objects-normal/arm64/CondiscoUITests.swiftmodule -Xlinker -needed_framework -Xlinker XCTest -framework XCTest -Xlinker -needed-lXCTestSwiftSupport -lXCTestSwiftSupport -Xlinker -sectcreate -Xlinker __TEXT -Xlinker __entitlements -Xlinker /var/folders/3w/91hphlzs0rv_1twbkfyhvn6m0000gn/T/condisco-preflight.1kKWrm/DerivedData/Build/Intermediates.noindex/Condisco.build/Debug-iphonesimulator/CondiscoUITests.build/CondiscoUITests.xctest-Simulated.xcent -Xlinker -sectcreate -Xlinker __TEXT -Xlinker __ents_der -Xlinker /var/folders/3w/91hphlzs0rv_1twbkfyhvn6m0000gn/T/condisco-preflight.1kKWrm/DerivedData/Build/Intermediates.noindex/Condisco.build/Debug-iphonesimulator/CondiscoUITests.build/CondiscoUITests.xctest-Simulated.xcent.der -Xlinker -no_adhoc_codesign -o /var/folders/3w/91hphlzs0rv_1twbkfyhvn6m0000gn/T/condisco-preflight.1kKWrm/DerivedData/Build/Products/Debug-iphonesimulator/CondiscoUITests-Runner.app/PlugIns/CondiscoUITests.xctest/CondiscoUITests

CopySwiftLibs /var/folders/3w/91hphlzs0rv_1twbkfyhvn6m0000gn/T/condisco-preflight.1kKWrm/DerivedData/Build/Products/Debug-iphonesimulator/CondiscoUITests-Runner.app/PlugIns/CondiscoUITests.xctest (in target 'CondiscoUITests' from project 'Condisco')
    cd /Users/spkoehl/Projects/VerbaLibera
    builtin-swiftStdLibTool --copy --verbose --sign - --scan-executable /var/folders/3w/91hphlzs0rv_1twbkfyhvn6m0000gn/T/condisco-preflight.1kKWrm/DerivedData/Build/Products/Debug-iphonesimulator/CondiscoUITests-Runner.app/PlugIns/CondiscoUITests.xctest/CondiscoUITests --scan-folder /var/folders/3w/91hphlzs0rv_1twbkfyhvn6m0000gn/T/condisco-preflight.1kKWrm/DerivedData/Build/Products/Debug-iphonesimulator/CondiscoUITests-Runner.app/PlugIns/CondiscoUITests.xctest/Frameworks --scan-folder /var/folders/3w/91hphlzs0rv_1twbkfyhvn6m0000gn/T/condisco-preflight.1kKWrm/DerivedData/Build/Products/Debug-iphonesimulator/CondiscoUITests-Runner.app/PlugIns/CondiscoUITests.xctest/PlugIns --scan-folder /var/folders/3w/91hphlzs0rv_1twbkfyhvn6m0000gn/T/condisco-preflight.1kKWrm/DerivedData/Build/Products/Debug-iphonesimulator/CondiscoUITests-Runner.app/PlugIns/CondiscoUITests.xctest/SystemExtensions --scan-folder /var/folders/3w/91hphlzs0rv_1twbkfyhvn6m0000gn/T/condisco-preflight.1kKWrm/DerivedData/Build/Products/Debug-iphonesimulator/CondiscoUITests-Runner.app/PlugIns/CondiscoUITests.xctest/Extensions --platform iphonesimulator --toolchain /Applications/Xcode.app/Contents/Developer/Toolchains/XcodeDefault.xctoolchain --destination /var/folders/3w/91hphlzs0rv_1twbkfyhvn6m0000gn/T/condisco-preflight.1kKWrm/DerivedData/Build/Products/Debug-iphonesimulator/CondiscoUITests-Runner.app/PlugIns/CondiscoUITests.xctest/Frameworks --strip-bitcode --scan-executable /Applications/Xcode.app/Contents/Developer/Platforms/iPhoneSimulator.platform/Developer/usr/lib/libXCTestSwiftSupport.dylib --strip-bitcode-tool /Applications/Xcode.app/Contents/Developer/Toolchains/XcodeDefault.xctoolchain/usr/bin/bitcode_strip --emit-dependency-info /var/folders/3w/91hphlzs0rv_1twbkfyhvn6m0000gn/T/condisco-preflight.1kKWrm/DerivedData/Build/Intermediates.noindex/Condisco.build/Debug-iphonesimulator/CondiscoUITests.build/SwiftStdLibToolInputDependencies.dep --filter-for-swift-os

ExtractAppIntentsMetadata (in target 'CondiscoUITests' from project 'Condisco')
    cd /Users/spkoehl/Projects/VerbaLibera
    /Applications/Xcode.app/Contents/Developer/Toolchains/XcodeDefault.xctoolchain/usr/bin/appintentsmetadataprocessor --toolchain-dir /Applications/Xcode.app/Contents/Developer/Toolchains/XcodeDefault.xctoolchain --module-name CondiscoUITests --sdk-root /Applications/Xcode.app/Contents/Developer/Platforms/iPhoneSimulator.platform/Developer/SDKs/iPhoneSimulator27.0.sdk --xcode-version 27A266a --platform-family iOS --deployment-target 17.0 --bundle-identifier com.sleuthysloth.condisco.UITests --output /var/folders/3w/91hphlzs0rv_1twbkfyhvn6m0000gn/T/condisco-preflight.1kKWrm/DerivedData/Build/Products/Debug-iphonesimulator/CondiscoUITests-Runner.app/PlugIns/CondiscoUITests.xctest --target-triple arm64-apple-ios17.0-simulator --binary-file /var/folders/3w/91hphlzs0rv_1twbkfyhvn6m0000gn/T/condisco-preflight.1kKWrm/DerivedData/Build/Products/Debug-iphonesimulator/CondiscoUITests-Runner.app/PlugIns/CondiscoUITests.xctest/CondiscoUITests --dependency-file /var/folders/3w/91hphlzs0rv_1twbkfyhvn6m0000gn/T/condisco-preflight.1kKWrm/DerivedData/Build/Intermediates.noindex/Condisco.build/Debug-iphonesimulator/CondiscoUITests.build/Objects-normal/arm64/CondiscoUITests_dependency_info.dat --stringsdata-file /var/folders/3w/91hphlzs0rv_1twbkfyhvn6m0000gn/T/condisco-preflight.1kKWrm/DerivedData/Build/Intermediates.noindex/Condisco.build/Debug-iphonesimulator/CondiscoUITests.build/Objects-normal/arm64/ExtractedAppShortcutsMetadata.stringsdata --source-file-list /var/folders/3w/91hphlzs0rv_1twbkfyhvn6m0000gn/T/condisco-preflight.1kKWrm/DerivedData/Build/Intermediates.noindex/Condisco.build/Debug-iphonesimulator/CondiscoUITests.build/Objects-normal/arm64/CondiscoUITests.SwiftFileList --metadata-file-list /var/folders/3w/91hphlzs0rv_1twbkfyhvn6m0000gn/T/condisco-preflight.1kKWrm/DerivedData/Build/Intermediates.noindex/Condisco.build/Debug-iphonesimulator/CondiscoUITests.build/CondiscoUITests.DependencyMetadataFileList --static-metadata-file-list /var/folders/3w/91hphlzs0rv_1twbkfyhvn6m0000gn/T/condisco-preflight.1kKWrm/DerivedData/Build/Intermediates.noindex/Condisco.build/Debug-iphonesimulator/CondiscoUITests.build/CondiscoUITests.DependencyStaticMetadataFileList --swift-const-vals-list /var/folders/3w/91hphlzs0rv_1twbkfyhvn6m0000gn/T/condisco-preflight.1kKWrm/DerivedData/Build/Intermediates.noindex/Condisco.build/Debug-iphonesimulator/CondiscoUITests.build/Objects-normal/arm64/CondiscoUITests.SwiftConstValuesFileList --compile-time-extraction --deployment-aware-processing --no-app-shortcuts-localization
2026-09-25 21:01:23.531 appintentsmetadataprocessor[27221:7001476] Starting appintentsmetadataprocessor export
2026-09-25 21:01:23.549 appintentsmetadataprocessor[27221:7001476] warning: Metadata extraction skipped, no AppIntents.framework dependency found

AppIntentsSSUTraining (in target 'CondiscoUITests' from project 'Condisco')
    cd /Users/spkoehl/Projects/VerbaLibera
    /Applications/Xcode.app/Contents/Developer/Toolchains/XcodeDefault.xctoolchain/usr/bin/appintentsnltrainingprocessor --infoplist-path /var/folders/3w/91hphlzs0rv_1twbkfyhvn6m0000gn/T/condisco-preflight.1kKWrm/DerivedData/Build/Products/Debug-iphonesimulator/CondiscoUITests-Runner.app/PlugIns/CondiscoUITests.xctest/Info.plist --temp-dir-path /var/folders/3w/91hphlzs0rv_1twbkfyhvn6m0000gn/T/condisco-preflight.1kKWrm/DerivedData/Build/Intermediates.noindex/Condisco.build/Debug-iphonesimulator/CondiscoUITests.build/ssu --bundle-id com.sleuthysloth.condisco.UITests --product-path /var/folders/3w/91hphlzs0rv_1twbkfyhvn6m0000gn/T/condisco-preflight.1kKWrm/DerivedData/Build/Products/Debug-iphonesimulator/CondiscoUITests-Runner.app/PlugIns/CondiscoUITests.xctest --extracted-metadata-path /var/folders/3w/91hphlzs0rv_1twbkfyhvn6m0000gn/T/condisco-preflight.1kKWrm/DerivedData/Build/Products/Debug-iphonesimulator/CondiscoUITests-Runner.app/PlugIns/CondiscoUITests.xctest/Metadata.appintents --metadata-file-list /var/folders/3w/91hphlzs0rv_1twbkfyhvn6m0000gn/T/condisco-preflight.1kKWrm/DerivedData/Build/Intermediates.noindex/Condisco.build/Debug-iphonesimulator/CondiscoUITests.build/CondiscoUITests.DependencyMetadataFileList --source-file /var/folders/3w/91hphlzs0rv_1twbkfyhvn6m0000gn/T/condisco-preflight.1kKWrm/DerivedData/Build/Products/Debug-iphonesimulator/CondiscoUITests-Runner.app/PlugIns/CondiscoUITests.xctest/Info.plist --archive-ssu-assets
2026-09-25 21:01:23.661 appintentsnltrainingprocessor[27222:7001484] Parsing options for appintentsnltrainingprocessor
2026-09-25 21:01:23.662 appintentsnltrainingprocessor[27222:7001484] Starting AppIntents SSU YAML Generation
2026-09-25 21:01:23.667 appintentsnltrainingprocessor[27222:7001484] No AppShortcuts found - Skipping.

MkDir /var/folders/3w/91hphlzs0rv_1twbkfyhvn6m0000gn/T/condisco-preflight.1kKWrm/DerivedData/Build/Products/Debug-iphonesimulator/CondiscoUITests-Runner.app (in target 'CondiscoUITests' from project 'Condisco')
    cd /Users/spkoehl/Projects/VerbaLibera
    /bin/mkdir -p /var/folders/3w/91hphlzs0rv_1twbkfyhvn6m0000gn/T/condisco-preflight.1kKWrm/DerivedData/Build/Products/Debug-iphonesimulator/CondiscoUITests-Runner.app

CopyPlistFile /var/folders/3w/91hphlzs0rv_1twbkfyhvn6m0000gn/T/condisco-preflight.1kKWrm/DerivedData/Build/Products/Debug-iphonesimulator/CondiscoUITests-Runner.app/Info.plist /Applications/Xcode.app/Contents/Developer/Platforms/iPhoneSimulator.platform/Developer/Library/Xcode/Agents/XCTRunner.app/Info.plist (in target 'CondiscoUITests' from project 'Condisco')
    cd /Users/spkoehl/Projects/VerbaLibera
    builtin-copyPlist --validate --convert xml1 --macro-expansion WRAPPEDPRODUCTNAME CondiscoUITests-Runner --macro-expansion WRAPPEDPRODUCTBUNDLEIDENTIFIER com.sleuthysloth.condisco.UITests.xctrunner --macro-expansion TESTPRODUCTNAME CondiscoUITests --macro-expansion TESTPRODUCTBUNDLEIDENTIFIER com.sleuthysloth.condisco.UITests --copy-value UIDeviceFamily /var/folders/3w/91hphlzs0rv_1twbkfyhvn6m0000gn/T/condisco-preflight.1kKWrm/DerivedData/Build/Products/Debug-iphonesimulator/CondiscoUITests-Runner.app/PlugIns/CondiscoUITests.xctest/Info.plist --outdir /var/folders/3w/91hphlzs0rv_1twbkfyhvn6m0000gn/T/condisco-preflight.1kKWrm/DerivedData/Build/Products/Debug-iphonesimulator/CondiscoUITests-Runner.app -- /Applications/Xcode.app/Contents/Developer/Platforms/iPhoneSimulator.platform/Developer/Library/Xcode/Agents/XCTRunner.app/Info.plist

CopyAndPreserveArchs /var/folders/3w/91hphlzs0rv_1twbkfyhvn6m0000gn/T/condisco-preflight.1kKWrm/DerivedData/Build/Products/Debug-iphonesimulator/CondiscoUITests-Runner.app/CondiscoUITests-Runner (in target 'CondiscoUITests' from project 'Condisco')
    cd /Users/spkoehl/Projects/VerbaLibera
    /Applications/Xcode.app/Contents/Developer/Toolchains/XcodeDefault.xctoolchain/usr/bin/lipo /Applications/Xcode.app/Contents/Developer/Platforms/iPhoneSimulator.platform/Developer/Library/Xcode/Agents/XCTRunner.app/XCTRunner -output /var/folders/3w/91hphlzs0rv_1twbkfyhvn6m0000gn/T/condisco-preflight.1kKWrm/DerivedData/Build/Products/Debug-iphonesimulator/CondiscoUITests-Runner.app/CondiscoUITests-Runner -extract arm64

Copy /var/folders/3w/91hphlzs0rv_1twbkfyhvn6m0000gn/T/condisco-preflight.1kKWrm/DerivedData/Build/Products/Debug-iphonesimulator/CondiscoUITests-Runner.app/PkgInfo /Applications/Xcode.app/Contents/Developer/Platforms/iPhoneSimulator.platform/Developer/Library/Xcode/Agents/XCTRunner.app/PkgInfo (in target 'CondiscoUITests' from project 'Condisco')
    cd /Users/spkoehl/Projects/VerbaLibera
    builtin-copy -exclude .DS_Store -exclude CVS -exclude .svn -exclude .git -exclude .hg -resolve-src-symlinks /Applications/Xcode.app/Contents/Developer/Platforms/iPhoneSimulator.platform/Developer/Library/Xcode/Agents/XCTRunner.app/PkgInfo /var/folders/3w/91hphlzs0rv_1twbkfyhvn6m0000gn/T/condisco-preflight.1kKWrm/DerivedData/Build/Products/Debug-iphonesimulator/CondiscoUITests-Runner.app

CodeSign /var/folders/3w/91hphlzs0rv_1twbkfyhvn6m0000gn/T/condisco-preflight.1kKWrm/DerivedData/Build/Products/Debug-iphonesimulator/CondiscoUITests-Runner.app/PlugIns/CondiscoUITests.xctest (in target 'CondiscoUITests' from project 'Condisco')
    cd /Users/spkoehl/Projects/VerbaLibera
    
    Signing Identity:     "Sign to Run Locally"
    
    /usr/bin/codesign --force --sign - --timestamp\=none --generate-entitlement-der /var/folders/3w/91hphlzs0rv_1twbkfyhvn6m0000gn/T/condisco-preflight.1kKWrm/DerivedData/Build/Products/Debug-iphonesimulator/CondiscoUITests-Runner.app/PlugIns/CondiscoUITests.xctest

CodeSign /var/folders/3w/91hphlzs0rv_1twbkfyhvn6m0000gn/T/condisco-preflight.1kKWrm/DerivedData/Build/Products/Debug-iphonesimulator/CondiscoUITests-Runner.app (in target 'CondiscoUITests' from project 'Condisco')
    cd /Users/spkoehl/Projects/VerbaLibera
    
    Signing Identity:     "Sign to Run Locally"
    
    /usr/bin/codesign --force --sign - --timestamp\=none --generate-entitlement-der /var/folders/3w/91hphlzs0rv_1twbkfyhvn6m0000gn/T/condisco-preflight.1kKWrm/DerivedData/Build/Products/Debug-iphonesimulator/CondiscoUITests-Runner.app
/var/folders/3w/91hphlzs0rv_1twbkfyhvn6m0000gn/T/condisco-preflight.1kKWrm/DerivedData/Build/Products/Debug-iphonesimulator/CondiscoUITests-Runner.app: replacing existing signature

RegisterExecutionPolicyException /var/folders/3w/91hphlzs0rv_1twbkfyhvn6m0000gn/T/condisco-preflight.1kKWrm/DerivedData/Build/Products/Debug-iphonesimulator/CondiscoUITests-Runner.app/PlugIns/CondiscoUITests.xctest (in target 'CondiscoUITests' from project 'Condisco')
    cd /Users/spkoehl/Projects/VerbaLibera
    builtin-RegisterExecutionPolicyException /var/folders/3w/91hphlzs0rv_1twbkfyhvn6m0000gn/T/condisco-preflight.1kKWrm/DerivedData/Build/Products/Debug-iphonesimulator/CondiscoUITests-Runner.app/PlugIns/CondiscoUITests.xctest

Touch /var/folders/3w/91hphlzs0rv_1twbkfyhvn6m0000gn/T/condisco-preflight.1kKWrm/DerivedData/Build/Products/Debug-iphonesimulator/CondiscoUITests-Runner.app/PlugIns/CondiscoUITests.xctest (in target 'CondiscoUITests' from project 'Condisco')
    cd /Users/spkoehl/Projects/VerbaLibera
    /usr/bin/touch -c /var/folders/3w/91hphlzs0rv_1twbkfyhvn6m0000gn/T/condisco-preflight.1kKWrm/DerivedData/Build/Products/Debug-iphonesimulator/CondiscoUITests-Runner.app/PlugIns/CondiscoUITests.xctest

PruneExplicitPrecompiledModules /var/folders/3w/91hphlzs0rv_1twbkfyhvn6m0000gn/T/condisco-preflight.1kKWrm/DerivedData/Build/Intermediates.noindex/SwiftExplicitPrecompiledModules

PruneExplicitPrecompiledModules /var/folders/3w/91hphlzs0rv_1twbkfyhvn6m0000gn/T/condisco-preflight.1kKWrm/DerivedData/SDKExplicitPrecompiledModules

PruneExplicitPrecompiledModules /var/folders/3w/91hphlzs0rv_1twbkfyhvn6m0000gn/T/condisco-preflight.1kKWrm/DerivedData/Build/Intermediates.noindex/ExplicitPrecompiledModules

2026-09-25 21:01:56.542879-0700 Condisco[27236:7001925] [XPCErrors] non-launching port is incompatible with service identifier "com.apple.PointerUI.pointeruid.default-service"
2026-09-25 21:01:56.573555-0700 Condisco[27236:7001925] [API] cannot add handler to 0 from 0 - dropping
2026-09-25 21:01:56.576242-0700 Condisco[27236:7001925] [API] cannot add handler to 0 from 0 - dropping
2026-09-25 21:01:56.579824-0700 Condisco[27236:7001925] [API] cannot add handler to 0 from 0 - dropping
2026-09-25 21:01:56.579980-0700 Condisco[27236:7001925] [API] cannot add handler to 0 from 0 - dropping
Test Suite 'All tests' started at 2026-09-25 21:02:06.789.
Test Suite 'CondiscoTests.xctest' started at 2026-09-25 21:02:06.833.
Test Suite 'ActivityEvaluationTests' started at 2026-09-25 21:02:06.834.
Test Case '-[CondiscoTests.ActivityEvaluationTests testAssistanceTaintsOnlyPerActivityKinds]' started.
Test Case '-[CondiscoTests.ActivityEvaluationTests testAssistanceTaintsOnlyPerActivityKinds]' passed (0.023 seconds).
Test Case '-[CondiscoTests.ActivityEvaluationTests testClozeAllOrNothingGrading]' started.
Test Case '-[CondiscoTests.ActivityEvaluationTests testClozeAllOrNothingGrading]' passed (0.025 seconds).
Test Case '-[CondiscoTests.ActivityEvaluationTests testHintTextForClozeUsesFirstAnswerLetter]' started.
Test Case '-[CondiscoTests.ActivityEvaluationTests testHintTextForClozeUsesFirstAnswerLetter]' passed (0.001 seconds).
Test Case '-[CondiscoTests.ActivityEvaluationTests testInformationActivityRequiresContinue]' started.
Test Case '-[CondiscoTests.ActivityEvaluationTests testInformationActivityRequiresContinue]' passed (0.001 seconds).
Test Case '-[CondiscoTests.ActivityEvaluationTests testMatchingEvaluation]' started.
Test Case '-[CondiscoTests.ActivityEvaluationTests testMatchingEvaluation]' passed (0.055 seconds).
Test Case '-[CondiscoTests.ActivityEvaluationTests testOrderingEvaluation]' started.
Test Case '-[CondiscoTests.ActivityEvaluationTests testOrderingEvaluation]' passed (0.002 seconds).
Test Case '-[CondiscoTests.ActivityEvaluationTests testSelectionCorrectAndIncorrect]' started.
Test Case '-[CondiscoTests.ActivityEvaluationTests testSelectionCorrectAndIncorrect]' passed (0.002 seconds).
Test Case '-[CondiscoTests.ActivityEvaluationTests testSelectionRejectsMalformedSelections]' started.
Test Case '-[CondiscoTests.ActivityEvaluationTests testSelectionRejectsMalformedSelections]' passed (0.001 seconds).
Test Case '-[CondiscoTests.ActivityEvaluationTests testTextActivityGrading]' started.
Test Case '-[CondiscoTests.ActivityEvaluationTests testTextActivityGrading]' passed (0.009 seconds).
Test Case '-[CondiscoTests.ActivityEvaluationTests testValidDraftHelper]' started.
Test Case '-[CondiscoTests.ActivityEvaluationTests testValidDraftHelper]' passed (0.001 seconds).
Test Suite 'ActivityEvaluationTests' passed at 2026-09-25 21:02:06.967.
	 Executed 10 tests, with 0 failures (0 unexpected) in 0.120 (0.133) seconds
Test Suite 'AnswerEngineTests' started at 2026-09-25 21:02:06.973.
Test Case '-[CondiscoTests.AnswerEngineTests testAcceptedAlternativeTagsSecondForm]' started.
Test Case '-[CondiscoTests.AnswerEngineTests testAcceptedAlternativeTagsSecondForm]' passed (0.004 seconds).
Test Case '-[CondiscoTests.AnswerEngineTests testAuthoredErrorHitsCategoryAndExplains]' started.
Test Case '-[CondiscoTests.AnswerEngineTests testAuthoredErrorHitsCategoryAndExplains]' passed (0.004 seconds).
Test Case '-[CondiscoTests.AnswerEngineTests testBlankAndOverlongResponsesRejected]' started.
Test Case '-[CondiscoTests.AnswerEngineTests testBlankAndOverlongResponsesRejected]' passed (0.001 seconds).
Test Case '-[CondiscoTests.AnswerEngineTests testBoundedEditDistance]' started.
Test Case '-[CondiscoTests.AnswerEngineTests testBoundedEditDistance]' passed (0.002 seconds).
Test Case '-[CondiscoTests.AnswerEngineTests testCaseAndPunctuationAndWhitespaceTolerance]' started.
Test Case '-[CondiscoTests.AnswerEngineTests testCaseAndPunctuationAndWhitespaceTolerance]' passed (0.000 seconds).
Test Case '-[CondiscoTests.AnswerEngineTests testExactMatchGivesFullCredit]' started.
Test Case '-[CondiscoTests.AnswerEngineTests testExactMatchGivesFullCredit]' passed (0.000 seconds).
Test Case '-[CondiscoTests.AnswerEngineTests testExtraWordDetected]' started.
Test Case '-[CondiscoTests.AnswerEngineTests testExtraWordDetected]' passed (0.001 seconds).
Test Case '-[CondiscoTests.AnswerEngineTests testMissingWordDetected]' started.
Test Case '-[CondiscoTests.AnswerEngineTests testMissingWordDetected]' passed (0.001 seconds).
Test Case '-[CondiscoTests.AnswerEngineTests testNormalizePrimitives]' started.
Test Case '-[CondiscoTests.AnswerEngineTests testNormalizePrimitives]' passed (0.000 seconds).
Test Case '-[CondiscoTests.AnswerEngineTests testTypoAcceptedAsPartialCreditWhenAllowed]' started.
Test Case '-[CondiscoTests.AnswerEngineTests testTypoAcceptedAsPartialCreditWhenAllowed]' passed (0.001 seconds).
Test Case '-[CondiscoTests.AnswerEngineTests testTypoRejectedWhenStrict]' started.
Test Case '-[CondiscoTests.AnswerEngineTests testTypoRejectedWhenStrict]' passed (0.001 seconds).
Test Case '-[CondiscoTests.AnswerEngineTests testWordOrderProblemDetected]' started.
Test Case '-[CondiscoTests.AnswerEngineTests testWordOrderProblemDetected]' passed (0.001 seconds).
Test Case '-[CondiscoTests.AnswerEngineTests testWrongAnswerRejected]' started.
Test Case '-[CondiscoTests.AnswerEngineTests testWrongAnswerRejected]' passed (0.001 seconds).
Test Suite 'AnswerEngineTests' passed at 2026-09-25 21:02:07.039.
	 Executed 13 tests, with 0 failures (0 unexpected) in 0.017 (0.066) seconds
Test Suite 'FsrsStateTests' started at 2026-09-25 21:02:07.039.
Test Case '-[CondiscoTests.FsrsStateTests testFirstGoodReviewInitializesState]' started.
Test Case '-[CondiscoTests.FsrsStateTests testFirstGoodReviewInitializesState]' passed (0.002 seconds).
Test Case '-[CondiscoTests.FsrsStateTests testGradeForAttemptMapsOutcomes]' started.
Test Case '-[CondiscoTests.FsrsStateTests testGradeForAttemptMapsOutcomes]' passed (0.001 seconds).
Test Case '-[CondiscoTests.FsrsStateTests testLegacyPayloadWithoutRepetitionsDefaultsToZero]' started.
Test Case '-[CondiscoTests.FsrsStateTests testLegacyPayloadWithoutRepetitionsDefaultsToZero]' passed (0.005 seconds).
Test Case '-[CondiscoTests.FsrsStateTests testLegacySM2PayloadDecodesTolerantly]' started.
Test Case '-[CondiscoTests.FsrsStateTests testLegacySM2PayloadDecodesTolerantly]' passed (0.001 seconds).
Test Case '-[CondiscoTests.FsrsStateTests testRoundTripEncodeDecode]' started.
Test Case '-[CondiscoTests.FsrsStateTests testRoundTripEncodeDecode]' passed (0.002 seconds).
Test Suite 'FsrsStateTests' passed at 2026-09-25 21:02:07.052.
	 Executed 5 tests, with 0 failures (0 unexpected) in 0.011 (0.013) seconds
Test Suite 'LearningStoreTests' started at 2026-09-25 21:02:07.052.
Test Case '-[CondiscoTests.LearningStoreTests testAttemptProjectRoundTrip]' started.
Test Case '-[CondiscoTests.LearningStoreTests testAttemptProjectRoundTrip]' passed (0.045 seconds).
Test Case '-[CondiscoTests.LearningStoreTests testCheckpointSaveLoadRoundTrip]' started.
Test Case '-[CondiscoTests.LearningStoreTests testCheckpointSaveLoadRoundTrip]' passed (0.008 seconds).
Test Case '-[CondiscoTests.LearningStoreTests testClearCheckpointRecordsTombstone]' started.
Test Case '-[CondiscoTests.LearningStoreTests testClearCheckpointRecordsTombstone]' passed (0.005 seconds).
Test Case '-[CondiscoTests.LearningStoreTests testCorruptEventIdsStableOrderAndFirstBadRowNamed]' started.
Test Case '-[CondiscoTests.LearningStoreTests testCorruptEventIdsStableOrderAndFirstBadRowNamed]' passed (0.029 seconds).
Test Case '-[CondiscoTests.LearningStoreTests testCorruptRowIsNeverUploaded]' started.
Test Case '-[CondiscoTests.LearningStoreTests testCorruptRowIsNeverUploaded]' passed (0.010 seconds).
Test Case '-[CondiscoTests.LearningStoreTests testCorruptStoredEventPayloadRawLogsThrowTypedErrorNotCrash]' started.
Test Case '-[CondiscoTests.LearningStoreTests testCorruptStoredEventPayloadRawLogsThrowTypedErrorNotCrash]' passed (0.010 seconds).
Test Case '-[CondiscoTests.LearningStoreTests testCorruptStoredEventPayloadStillProjectsAndSyncs]' started.
Test Case '-[CondiscoTests.LearningStoreTests testCorruptStoredEventPayloadStillProjectsAndSyncs]' passed (0.006 seconds).
Test Case '-[CondiscoTests.LearningStoreTests testDueEvidenceIncludesScheduledKey]' started.
Test Case '-[CondiscoTests.LearningStoreTests testDueEvidenceIncludesScheduledKey]' passed (0.006 seconds).
Test Case '-[CondiscoTests.LearningStoreTests testDuplicateConflictingRecordThrowsConflict]' started.
Test Case '-[CondiscoTests.LearningStoreTests testDuplicateConflictingRecordThrowsConflict]' passed (0.005 seconds).
Test Case '-[CondiscoTests.LearningStoreTests testDuplicateIdenticalRecordDoesNotDuplicateRows]' started.
Test Case '-[CondiscoTests.LearningStoreTests testDuplicateIdenticalRecordDoesNotDuplicateRows]' passed (0.005 seconds).
Test Case '-[CondiscoTests.LearningStoreTests testDuplicateWithReorderedKeyPayloadIsNoOp]' started.
Test Case '-[CondiscoTests.LearningStoreTests testDuplicateWithReorderedKeyPayloadIsNoOp]' passed (0.006 seconds).
Test Case '-[CondiscoTests.LearningStoreTests testFailureAttemptIncrementsFailures]' started.
Test Case '-[CondiscoTests.LearningStoreTests testFailureAttemptIncrementsFailures]' passed (0.007 seconds).
Test Case '-[CondiscoTests.LearningStoreTests testIngestSyncedConflictingSameIdDoesNotDuplicateRows]' started.
Test Case '-[CondiscoTests.LearningStoreTests testIngestSyncedConflictingSameIdDoesNotDuplicateRows]' passed (0.005 seconds).
Test Case '-[CondiscoTests.LearningStoreTests testIngestSyncedContinuesPastCorruptLocalRow]' started.
Test Case '-[CondiscoTests.LearningStoreTests testIngestSyncedContinuesPastCorruptLocalRow]' passed (0.006 seconds).
Test Case '-[CondiscoTests.LearningStoreTests testIngestSyncedMarksEventsUploaded]' started.
Test Case '-[CondiscoTests.LearningStoreTests testIngestSyncedMarksEventsUploaded]' passed (0.005 seconds).
Test Case '-[CondiscoTests.LearningStoreTests testIngestSyncedReplayWithReorderedKeysIsIdempotent]' started.
Test Case '-[CondiscoTests.LearningStoreTests testIngestSyncedReplayWithReorderedKeysIsIdempotent]' passed (0.008 seconds).
Test Case '-[CondiscoTests.LearningStoreTests testKvAndDeviceId]' started.
Test Case '-[CondiscoTests.LearningStoreTests testKvAndDeviceId]' passed (0.005 seconds).
Test Case '-[CondiscoTests.LearningStoreTests testMissionTriedMarkerEmptyValueIsUntried]' started.
Test Case '-[CondiscoTests.LearningStoreTests testMissionTriedMarkerEmptyValueIsUntried]' passed (0.005 seconds).
Test Case '-[CondiscoTests.LearningStoreTests testMissionTriedMarkerLeavesSavedPhrasesUntouched]' started.
Test Case '-[CondiscoTests.LearningStoreTests testMissionTriedMarkerLeavesSavedPhrasesUntouched]' passed (0.007 seconds).
Test Case '-[CondiscoTests.LearningStoreTests testMissionTriedMarkerMissingKeyIsUntried]' started.
Test Case '-[CondiscoTests.LearningStoreTests testMissionTriedMarkerMissingKeyIsUntried]' passed (0.007 seconds).
Test Case '-[CondiscoTests.LearningStoreTests testMissionTriedMarkerRoundTrip]' started.
Test Case '-[CondiscoTests.LearningStoreTests testMissionTriedMarkerRoundTrip]' passed (0.007 seconds).
Test Case '-[CondiscoTests.LearningStoreTests testMissionTriedMarkerUnmarkViaDelete]' started.
Test Case '-[CondiscoTests.LearningStoreTests testMissionTriedMarkerUnmarkViaDelete]' passed (0.006 seconds).
Test Case '-[CondiscoTests.LearningStoreTests testOfflineFirstLocalPathsWorkWithoutSync]' started.
Test Case '-[CondiscoTests.LearningStoreTests testOfflineFirstLocalPathsWorkWithoutSync]' passed (0.017 seconds).
Test Case '-[CondiscoTests.LearningStoreTests testPackScopedTolerantReadReturnsGoodEventsAndReportsSkipped]' started.
Test Case '-[CondiscoTests.LearningStoreTests testPackScopedTolerantReadReturnsGoodEventsAndReportsSkipped]' passed (0.009 seconds).
Test Case '-[CondiscoTests.LearningStoreTests testRecordClozeValuesReorderedKeysIsNoOp]' started.
Test Case '-[CondiscoTests.LearningStoreTests testRecordClozeValuesReorderedKeysIsNoOp]' passed (0.013 seconds).
Test Case '-[CondiscoTests.LearningStoreTests testSavedPhraseSaveUnsaveRoundTrip]' started.
Test Case '-[CondiscoTests.LearningStoreTests testSavedPhraseSaveUnsaveRoundTrip]' passed (0.009 seconds).
Test Case '-[CondiscoTests.LearningStoreTests testTwoDeviceCheckpointLastWriteWinsAndTombstoneConvergence]' started.
Test Case '-[CondiscoTests.LearningStoreTests testTwoDeviceCheckpointLastWriteWinsAndTombstoneConvergence]' passed (0.013 seconds).
Test Case '-[CondiscoTests.LearningStoreTests testTwoDeviceEventMergeConvergesWithoutLossOrDuplicates]' started.
Test Case '-[CondiscoTests.LearningStoreTests testTwoDeviceEventMergeConvergesWithoutLossOrDuplicates]' passed (0.026 seconds).
Test Case '-[CondiscoTests.LearningStoreTests testTwoDeviceListenStateLastWriteWins]' started.
Test Case '-[CondiscoTests.LearningStoreTests testTwoDeviceListenStateLastWriteWins]' passed (0.011 seconds).
Test Case '-[CondiscoTests.LearningStoreTests testTwoDeviceSavedPhraseMergeTombstoneAndUnion]' started.
Test Case '-[CondiscoTests.LearningStoreTests testTwoDeviceSavedPhraseMergeTombstoneAndUnion]' passed (0.012 seconds).
Test Case '-[CondiscoTests.LearningStoreTests testWarmUpAttemptReschedulesFsrsIdenticallyToReview]' started.
Test Case '-[CondiscoTests.LearningStoreTests testWarmUpAttemptReschedulesFsrsIdenticallyToReview]' passed (0.028 seconds).
Test Case '-[CondiscoTests.LearningStoreTests testWarmUpEmptyWhenNothingDueEarlier]' started.
Test Case '-[CondiscoTests.LearningStoreTests testWarmUpEmptyWhenNothingDueEarlier]' passed (0.004 seconds).
Test Case '-[CondiscoTests.LearningStoreTests testWarmUpExcludesCurrentLessonEvidenceKeys]' started.
Test Case '-[CondiscoTests.LearningStoreTests testWarmUpExcludesCurrentLessonEvidenceKeys]' passed (0.002 seconds).
Test Case '-[CondiscoTests.LearningStoreTests testWarmUpExcludesReviewFallbackItems]' started.
Test Case '-[CondiscoTests.LearningStoreTests testWarmUpExcludesReviewFallbackItems]' passed (0.002 seconds).
Test Case '-[CondiscoTests.LearningStoreTests testWarmUpLeavesCheckpointSemanticsIntact]' started.
Test Case '-[CondiscoTests.LearningStoreTests testWarmUpLeavesCheckpointSemanticsIntact]' passed (0.030 seconds).
Test Case '-[CondiscoTests.LearningStoreTests testWarmUpNeverDuplicatesWithinMission]' started.
Test Case '-[CondiscoTests.LearningStoreTests testWarmUpNeverDuplicatesWithinMission]' passed (0.002 seconds).
Test Case '-[CondiscoTests.LearningStoreTests testWarmUpSelectsOldestFirstFromEarlierLessonsOnly]' started.
Test Case '-[CondiscoTests.LearningStoreTests testWarmUpSelectsOldestFirstFromEarlierLessonsOnly]' passed (0.002 seconds).
Test Suite 'LearningStoreTests' passed at 2026-09-25 21:02:07.448.
	 Executed 37 tests, with 0 failures (0 unexpected) in 0.383 (0.396) seconds
Test Suite 'LessonContextTests' started at 2026-09-25 21:02:07.449.
Test Case '-[CondiscoTests.LessonContextTests testRevisitedStoryQuestionDoesNotShowLaterSpoiler]' started.
Test Case '-[CondiscoTests.LessonContextTests testRevisitedStoryQuestionDoesNotShowLaterSpoiler]' passed (0.002 seconds).
Test Case '-[CondiscoTests.LessonContextTests testStoryQuestionShowsMostRecentStoryBeat]' started.
Test Case '-[CondiscoTests.LessonContextTests testStoryQuestionShowsMostRecentStoryBeat]' passed (0.001 seconds).
Test Suite 'LessonContextTests' passed at 2026-09-25 21:02:07.453.
	 Executed 2 tests, with 0 failures (0 unexpected) in 0.003 (0.004) seconds
Test Suite 'LessonSessionTests' started at 2026-09-25 21:02:07.453.
Test Case '-[CondiscoTests.LessonSessionTests testAdvanceOnIncompleteStepThrows]' started.
Test Case '-[CondiscoTests.LessonSessionTests testAdvanceOnIncompleteStepThrows]' passed (0.002 seconds).
Test Case '-[CondiscoTests.LessonSessionTests testAdvanceWithoutEvaluationThrows]' started.
Test Case '-[CondiscoTests.LessonSessionTests testAdvanceWithoutEvaluationThrows]' passed (0.001 seconds).
Test Case '-[CondiscoTests.LessonSessionTests testOpenSupportThrowsWhenStepHasNoSupportActivity]' started.
Test Case '-[CondiscoTests.LessonSessionTests testOpenSupportThrowsWhenStepHasNoSupportActivity]' passed (0.001 seconds).
Test Case '-[CondiscoTests.LessonSessionTests testResumeRestartsOnMissingLesson]' started.
Test Case '-[CondiscoTests.LessonSessionTests testResumeRestartsOnMissingLesson]' passed (0.001 seconds).
Test Case '-[CondiscoTests.LessonSessionTests testResumeRestartsOnRevisionMismatch]' started.
Test Case '-[CondiscoTests.LessonSessionTests testResumeRestartsOnRevisionMismatch]' passed (0.001 seconds).
Test Case '-[CondiscoTests.LessonSessionTests testStartLessonHappyPathRunsToCompletion]' started.
Test Case '-[CondiscoTests.LessonSessionTests testStartLessonHappyPathRunsToCompletion]' passed (0.004 seconds).
Test Case '-[CondiscoTests.LessonSessionTests testUnknownLessonThrows]' started.
Test Case '-[CondiscoTests.LessonSessionTests testUnknownLessonThrows]' passed (0.001 seconds).
Test Case '-[CondiscoTests.LessonSessionTests testWalkTrailCoversLinearLesson]' started.
Test Case '-[CondiscoTests.LessonSessionTests testWalkTrailCoversLinearLesson]' passed (0.001 seconds).
Test Suite 'LessonSessionTests' passed at 2026-09-25 21:02:07.465.
	 Executed 8 tests, with 0 failures (0 unexpected) in 0.010 (0.012) seconds
Test Suite 'MalformedContentTests' started at 2026-09-25 21:02:07.466.
Test Case '-[CondiscoTests.MalformedContentTests testMalformedEventPayloadRejectedAtDecode]' started.
Test Case '-[CondiscoTests.MalformedContentTests testMalformedEventPayloadRejectedAtDecode]' passed (0.005 seconds).
Test Case '-[CondiscoTests.MalformedContentTests testSchemaValidButInvalidPackFailsValidator]' started.
Test Case '-[CondiscoTests.MalformedContentTests testSchemaValidButInvalidPackFailsValidator]' passed (0.003 seconds).
Test Case '-[CondiscoTests.MalformedContentTests testTruncatedPackJSONThrowsSafeDecodingError]' started.
Test Case '-[CondiscoTests.MalformedContentTests testTruncatedPackJSONThrowsSafeDecodingError]' passed (0.001 seconds).
Test Case '-[CondiscoTests.MalformedContentTests testWronglyTypedPackFieldThrowsTypedError]' started.
Test Case '-[CondiscoTests.MalformedContentTests testWronglyTypedPackFieldThrowsTypedError]' passed (0.001 seconds).
Test Case '-[CondiscoTests.MalformedContentTests testWrongSchemaVersionPackThrowsTypedError]' started.
Test Case '-[CondiscoTests.MalformedContentTests testWrongSchemaVersionPackThrowsTypedError]' passed (0.001 seconds).
Test Suite 'MalformedContentTests' passed at 2026-09-25 21:02:07.479.
	 Executed 5 tests, with 0 failures (0 unexpected) in 0.011 (0.013) seconds
Test Suite 'NextLessonTests' started at 2026-09-25 21:02:07.479.
Test Case '-[CondiscoTests.NextLessonTests testContinueDeepLinkParsesToContinueRoute]' started.
Test Case '-[CondiscoTests.NextLessonTests testContinueDeepLinkParsesToContinueRoute]' passed (0.005 seconds).
Test Case '-[CondiscoTests.NextLessonTests testContinueResolutionFullyCompletePackReturnsNil]' started.
Test Case '-[CondiscoTests.NextLessonTests testContinueResolutionFullyCompletePackReturnsNil]' passed (0.005 seconds).
Test Case '-[CondiscoTests.NextLessonTests testContinueResolutionOrphanedCompletedIdsAndOrphanOnlyPack]' started.
Test Case '-[CondiscoTests.NextLessonTests testContinueResolutionOrphanedCompletedIdsAndOrphanOnlyPack]' passed (0.001 seconds).
Test Case '-[CondiscoTests.NextLessonTests testContinueResolutionPartialPackProgress]' started.
Test Case '-[CondiscoTests.NextLessonTests testContinueResolutionPartialPackProgress]' passed (0.001 seconds).
Test Case '-[CondiscoTests.NextLessonTests testHelperAndHomeOnlyCountParticipationCompleted]' started.
Test Case '-[CondiscoTests.NextLessonTests testHelperAndHomeOnlyCountParticipationCompleted]' passed (0.001 seconds).
Test Case '-[CondiscoTests.NextLessonTests testHelperReturnsFirstUncompletedInUnitOrder]' started.
Test Case '-[CondiscoTests.NextLessonTests testHelperReturnsFirstUncompletedInUnitOrder]' passed (0.001 seconds).
Test Case '-[CondiscoTests.NextLessonTests testHelperReturnsNilWhenEveryLessonIsComplete]' started.
Test Case '-[CondiscoTests.NextLessonTests testHelperReturnsNilWhenEveryLessonIsComplete]' passed (0.002 seconds).
Test Case '-[CondiscoTests.NextLessonTests testHelperSkipsOrphanedLessonAndStillFindsThePath]' started.
Test Case '-[CondiscoTests.NextLessonTests testHelperSkipsOrphanedLessonAndStillFindsThePath]' passed (0.001 seconds).
Test Case '-[CondiscoTests.NextLessonTests testHelperSkipsOrphanedLessonEvenWhenOnlyItRemains]' started.
Test Case '-[CondiscoTests.NextLessonTests testHelperSkipsOrphanedLessonEvenWhenOnlyItRemains]' passed (0.001 seconds).
Test Case '-[CondiscoTests.NextLessonTests testHomeAndHelperAgreeAcrossProgressLevels]' started.
Test Case '-[CondiscoTests.NextLessonTests testHomeAndHelperAgreeAcrossProgressLevels]' passed (0.005 seconds).
Test Case '-[CondiscoTests.NextLessonTests testHomeWidgetAndDeepLinkResolutionAgreeOnSameCompletedSet]' started.
Test Case '-[CondiscoTests.NextLessonTests testHomeWidgetAndDeepLinkResolutionAgreeOnSameCompletedSet]' passed (0.002 seconds).
Test Case '-[CondiscoTests.NextLessonTests testRealFrenchPathOrderMatchesAuthoredOrder]' started.
Test Case '-[CondiscoTests.NextLessonTests testRealFrenchPathOrderMatchesAuthoredOrder]' passed (0.001 seconds).
Test Case '-[CondiscoTests.NextLessonTests testWidgetSnapshotNextLessonMatchesHelper]' started.
Test Case '-[CondiscoTests.NextLessonTests testWidgetSnapshotNextLessonMatchesHelper]' passed (0.001 seconds).
Test Case '-[CondiscoTests.NextLessonTests testWidgetSnapshotPathCompleteWhenFullyCompleted]' started.
Test Case '-[CondiscoTests.NextLessonTests testWidgetSnapshotPathCompleteWhenFullyCompleted]' passed (0.001 seconds).
Test Case '-[CondiscoTests.NextLessonTests testWidgetSnapshotSkipsOrphanedLessons]' started.
Test Case '-[CondiscoTests.NextLessonTests testWidgetSnapshotSkipsOrphanedLessons]' passed (0.001 seconds).
Test Case '-[CondiscoTests.NextLessonTests testWidgetSnapshotUsesFocusPackSelectionLikeRefresh]' started.
Test Case '-[CondiscoTests.NextLessonTests testWidgetSnapshotUsesFocusPackSelectionLikeRefresh]' passed (0.001 seconds).
Test Suite 'NextLessonTests' passed at 2026-09-25 21:02:07.515.
	 Executed 16 tests, with 0 failures (0 unexpected) in 0.029 (0.035) seconds
Test Suite 'PackContentTests' started at 2026-09-25 21:02:07.515.
Test Case '-[CondiscoTests.PackContentTests testPacksLoadValidateAndCoverFiveLanguages]' started.
Test Case '-[CondiscoTests.PackContentTests testPacksLoadValidateAndCoverFiveLanguages]' passed (0.035 seconds).
Test Suite 'PackContentTests' passed at 2026-09-25 21:02:07.550.
	 Executed 1 test, with 0 failures (0 unexpected) in 0.035 (0.035) seconds
Test Suite 'PackFrenchTests' started at 2026-09-25 21:02:07.550.
Test Case '-[CondiscoTests.PackFrenchTests testAuthoredErrorsFireForPlausibleWrongAnswers]' started.
Test Case '-[CondiscoTests.PackFrenchTests testAuthoredErrorsFireForPlausibleWrongAnswers]' passed (0.006 seconds).
Test Case '-[CondiscoTests.PackFrenchTests testBatch1AcceptsNaturalAlternatives]' started.
Test Case '-[CondiscoTests.PackFrenchTests testBatch1AcceptsNaturalAlternatives]' passed (0.002 seconds).
Test Case '-[CondiscoTests.PackFrenchTests testBatch1GradedStepsHaveAuthoredHints]' started.
Test Case '-[CondiscoTests.PackFrenchTests testBatch1GradedStepsHaveAuthoredHints]' passed (0.007 seconds).
Test Case '-[CondiscoTests.PackFrenchTests testBatch1PromptNarrowingHolds]' started.
Test Case '-[CondiscoTests.PackFrenchTests testBatch1PromptNarrowingHolds]' passed (0.001 seconds).
Test Case '-[CondiscoTests.PackFrenchTests testBatch1TextActivitiesAuthorErrors]' started.
Test Case '-[CondiscoTests.PackFrenchTests testBatch1TextActivitiesAuthorErrors]' passed (0.004 seconds).
Test Case '-[CondiscoTests.PackFrenchTests testFrenchPackLoadsAndValidates]' started.
Test Case '-[CondiscoTests.PackFrenchTests testFrenchPackLoadsAndValidates]' passed (0.007 seconds).
Test Suite 'PackFrenchTests' passed at 2026-09-25 21:02:07.580.
	 Executed 6 tests, with 0 failures (0 unexpected) in 0.026 (0.029) seconds
Test Suite 'PackGermanTests' started at 2026-09-25 21:02:07.580.
Test Case '-[CondiscoTests.PackGermanTests testAuthoredErrorsFireForPlausibleWrongAnswers]' started.
Test Case '-[CondiscoTests.PackGermanTests testAuthoredErrorsFireForPlausibleWrongAnswers]' passed (0.003 seconds).
Test Case '-[CondiscoTests.PackGermanTests testBatch1AcceptsNaturalGermanAlternatives]' started.
Test Case '-[CondiscoTests.PackGermanTests testBatch1AcceptsNaturalGermanAlternatives]' passed (0.002 seconds).
Test Case '-[CondiscoTests.PackGermanTests testBatch1GradedStepsHaveAuthoredHints]' started.
Test Case '-[CondiscoTests.PackGermanTests testBatch1GradedStepsHaveAuthoredHints]' passed (0.001 seconds).
Test Case '-[CondiscoTests.PackGermanTests testBatch1TextActivitiesAuthorErrors]' started.
Test Case '-[CondiscoTests.PackGermanTests testBatch1TextActivitiesAuthorErrors]' passed (0.001 seconds).
Test Case '-[CondiscoTests.PackGermanTests testGermanPackLoadsAndValidates]' started.
Test Case '-[CondiscoTests.PackGermanTests testGermanPackLoadsAndValidates]' passed (0.006 seconds).
Test Case '-[CondiscoTests.PackGermanTests testPackCopyHasNoUnverifiedNativeReviewClaim]' started.
Test Case '-[CondiscoTests.PackGermanTests testPackCopyHasNoUnverifiedNativeReviewClaim]' passed (0.001 seconds).
Test Suite 'PackGermanTests' passed at 2026-09-25 21:02:07.597.
	 Executed 6 tests, with 0 failures (0 unexpected) in 0.014 (0.017) seconds
Test Suite 'PackItalianTests' started at 2026-09-25 21:02:07.597.
Test Case '-[CondiscoTests.PackItalianTests testCafeMissionOrderWordingAndAccent]' started.
Test Case '-[CondiscoTests.PackItalianTests testCafeMissionOrderWordingAndAccent]' passed (0.003 seconds).
Test Case '-[CondiscoTests.PackItalianTests testHomeBookSentenceAccentError]' started.
Test Case '-[CondiscoTests.PackItalianTests testHomeBookSentenceAccentError]' passed (0.001 seconds).
Test Case '-[CondiscoTests.PackItalianTests testHomeClozeArticleGrading]' started.
Test Case '-[CondiscoTests.PackItalianTests testHomeClozeArticleGrading]' passed (0.001 seconds).
Test Case '-[CondiscoTests.PackItalianTests testItalianPackLoadsAndValidates]' started.
Test Case '-[CondiscoTests.PackItalianTests testItalianPackLoadsAndValidates]' passed (0.006 seconds).
Test Case '-[CondiscoTests.PackItalianTests testNumbersMeaningAgeQuestion]' started.
Test Case '-[CondiscoTests.PackItalianTests testNumbersMeaningAgeQuestion]' passed (0.001 seconds).
Test Case '-[CondiscoTests.PackItalianTests testNumbersProduceAcceptsDigitForms]' started.
Test Case '-[CondiscoTests.PackItalianTests testNumbersProduceAcceptsDigitForms]' passed (0.001 seconds).
Test Case '-[CondiscoTests.PackItalianTests testPeopleMeaningAcceptsFormalLeiReading]' started.
Test Case '-[CondiscoTests.PackItalianTests testPeopleMeaningAcceptsFormalLeiReading]' passed (0.001 seconds).
Test Case '-[CondiscoTests.PackItalianTests testPluralClozeAgreementErrors]' started.
Test Case '-[CondiscoTests.PackItalianTests testPluralClozeAgreementErrors]' passed (0.001 seconds).
Test Case '-[CondiscoTests.PackItalianTests testRoutineEveryEveningAcceptedSet]' started.
Test Case '-[CondiscoTests.PackItalianTests testRoutineEveryEveningAcceptedSet]' passed (0.001 seconds).
Test Suite 'PackItalianTests' passed at 2026-09-25 21:02:07.615.
	 Executed 9 tests, with 0 failures (0 unexpected) in 0.015 (0.018) seconds
Test Suite 'PackPortugueseTests' started at 2026-09-25 21:02:07.616.
Test Case '-[CondiscoTests.PackPortugueseTests testAuthoredErrorsFireForPlausibleWrongAnswers]' started.
Test Case '-[CondiscoTests.PackPortugueseTests testAuthoredErrorsFireForPlausibleWrongAnswers]' passed (0.003 seconds).
Test Case '-[CondiscoTests.PackPortugueseTests testBatch1AcceptsNaturalAlternatives]' started.
Test Case '-[CondiscoTests.PackPortugueseTests testBatch1AcceptsNaturalAlternatives]' passed (0.001 seconds).
Test Case '-[CondiscoTests.PackPortugueseTests testBatch1GradedStepsHaveAuthoredHints]' started.
Test Case '-[CondiscoTests.PackPortugueseTests testBatch1GradedStepsHaveAuthoredHints]' passed (0.001 seconds).
Test Case '-[CondiscoTests.PackPortugueseTests testBatch1TextActivitiesAuthorErrors]' started.
Test Case '-[CondiscoTests.PackPortugueseTests testBatch1TextActivitiesAuthorErrors]' passed (0.001 seconds).
Test Case '-[CondiscoTests.PackPortugueseTests testEuropeanPossessiveFormIsTheAcceptedTarget]' started.
Test Case '-[CondiscoTests.PackPortugueseTests testEuropeanPossessiveFormIsTheAcceptedTarget]' passed (0.001 seconds).
Test Case '-[CondiscoTests.PackPortugueseTests testLegacyExercisesMatchEuropeanForms]' started.
Test Case '-[CondiscoTests.PackPortugueseTests testLegacyExercisesMatchEuropeanForms]' passed (0.001 seconds).
Test Case '-[CondiscoTests.PackPortugueseTests testPortuguesePackLoadsAndValidates]' started.
Test Case '-[CondiscoTests.PackPortugueseTests testPortuguesePackLoadsAndValidates]' passed (0.007 seconds).
Test Suite 'PackPortugueseTests' passed at 2026-09-25 21:02:07.635.
	 Executed 7 tests, with 0 failures (0 unexpected) in 0.016 (0.019) seconds
Test Suite 'PackSpanishTests' started at 2026-09-25 21:02:07.635.
Test Case '-[CondiscoTests.PackSpanishTests testAuthoredErrorsFireForPlausibleWrongAnswers]' started.
Test Case '-[CondiscoTests.PackSpanishTests testAuthoredErrorsFireForPlausibleWrongAnswers]' passed (0.004 seconds).
Test Case '-[CondiscoTests.PackSpanishTests testBatch1AcceptsNaturalSpanishAlternatives]' started.
Test Case '-[CondiscoTests.PackSpanishTests testBatch1AcceptsNaturalSpanishAlternatives]' passed (0.002 seconds).
Test Case '-[CondiscoTests.PackSpanishTests testBatch1GradedStepsHaveAuthoredHints]' started.
Test Case '-[CondiscoTests.PackSpanishTests testBatch1GradedStepsHaveAuthoredHints]' passed (0.001 seconds).
Test Case '-[CondiscoTests.PackSpanishTests testBatch1TextActivitiesAuthorErrors]' started.
Test Case '-[CondiscoTests.PackSpanishTests testBatch1TextActivitiesAuthorErrors]' passed (0.001 seconds).
Test Case '-[CondiscoTests.PackSpanishTests testSpanishPackLoadsAndValidates]' started.
Test Case '-[CondiscoTests.PackSpanishTests testSpanishPackLoadsAndValidates]' passed (0.005 seconds).
Test Suite 'PackSpanishTests' passed at 2026-09-25 21:02:07.649.
	 Executed 5 tests, with 0 failures (0 unexpected) in 0.012 (0.014) seconds
Test Suite 'PairPracticeCardTests' started at 2026-09-25 21:02:07.649.
Test Case '-[CondiscoTests.PairPracticeCardTests testDialogueTurnsEmptyForStoryLesson]' started.
Test Case '-[CondiscoTests.PairPracticeCardTests testDialogueTurnsEmptyForStoryLesson]' passed (0.002 seconds).
Test Case '-[CondiscoTests.PairPracticeCardTests testDialogueTurnsReturnOrderedTwoSpeakerTurnsForConversationLesson]' started.
Test Case '-[CondiscoTests.PairPracticeCardTests testDialogueTurnsReturnOrderedTwoSpeakerTurnsForConversationLesson]' passed (0.001 seconds).
Test Case '-[CondiscoTests.PairPracticeCardTests testPairCardCaptionContainsCourseContentOnly]' started.
Test Case '-[CondiscoTests.PairPracticeCardTests testPairCardCaptionContainsCourseContentOnly]' passed (0.032 seconds).
Test Suite 'PairPracticeCardTests' passed at 2026-09-25 21:02:07.684.
	 Executed 3 tests, with 0 failures (0 unexpected) in 0.034 (0.035) seconds
Test Suite 'PhraseSourceIdsForListenAndBrowserTests' started at 2026-09-25 21:02:07.684.
Test Case '-[CondiscoTests.PhraseSourceIdsForListenAndBrowserTests testEveryListenTrackResolvesToItsPack]' started.
Test Case '-[CondiscoTests.PhraseSourceIdsForListenAndBrowserTests testEveryListenTrackResolvesToItsPack]' passed (0.005 seconds).
Test Case '-[CondiscoTests.PhraseSourceIdsForListenAndBrowserTests testListenTrackExposesFullPackAndLessonSourceIds]' started.
Test Case '-[CondiscoTests.PhraseSourceIdsForListenAndBrowserTests testListenTrackExposesFullPackAndLessonSourceIds]' passed (0.001 seconds).
Test Suite 'PhraseSourceIdsForListenAndBrowserTests' passed at 2026-09-25 21:02:07.691.
	 Executed 2 tests, with 0 failures (0 unexpected) in 0.006 (0.007) seconds
Test Suite 'PlacementTests' started at 2026-09-25 21:02:07.691.
Test Case '-[CondiscoTests.PlacementTests testBandJoining]' started.
Test Case '-[CondiscoTests.PlacementTests testBandJoining]' passed (0.001 seconds).
Test Case '-[CondiscoTests.PlacementTests testBeginnerCanOmitAccentAndApostropheInSamePhrase]' started.
Test Case '-[CondiscoTests.PlacementTests testBeginnerCanOmitAccentAndApostropheInSamePhrase]' passed (0.001 seconds).
Test Case '-[CondiscoTests.PlacementTests testBlankScoreMapsToStart]' started.
Test Case '-[CondiscoTests.PlacementTests testBlankScoreMapsToStart]' passed (0.004 seconds).
Test Case '-[CondiscoTests.PlacementTests testFirstMissThenSevenCorrectNeverPlacesAtStart]' started.
Test Case '-[CondiscoTests.PlacementTests testFirstMissThenSevenCorrectNeverPlacesAtStart]' passed (0.000 seconds).
Test Case '-[CondiscoTests.PlacementTests testMissingAccentExplainsExactCorrectionAndAllowsProgress]' started.
Test Case '-[CondiscoTests.PlacementTests testMissingAccentExplainsExactCorrectionAndAllowsProgress]' passed (0.000 seconds).
Test Case '-[CondiscoTests.PlacementTests testPerfectScoreMapsToVictoryIndex]' started.
Test Case '-[CondiscoTests.PlacementTests testPerfectScoreMapsToVictoryIndex]' passed (0.000 seconds).
Test Case '-[CondiscoTests.PlacementTests testScoreClampsOutOfRange]' started.
Test Case '-[CondiscoTests.PlacementTests testScoreClampsOutOfRange]' passed (0.000 seconds).
Test Case '-[CondiscoTests.PlacementTests testScoreNeverOutranksVictoryIndex]' started.
Test Case '-[CondiscoTests.PlacementTests testScoreNeverOutranksVictoryIndex]' passed (0.000 seconds).
Test Case '-[CondiscoTests.PlacementTests testShortMeaningChangingAccentStillNeedsExplanation]' started.
Test Case '-[CondiscoTests.PlacementTests testShortMeaningChangingAccentStillNeedsExplanation]' passed (0.000 seconds).
Test Suite 'PlacementTests' passed at 2026-09-25 21:02:07.701.
	 Executed 9 tests, with 0 failures (0 unexpected) in 0.008 (0.009) seconds
Test Suite 'RecallWarmUpTests' started at 2026-09-25 21:02:07.701.
Test Case '-[CondiscoTests.RecallWarmUpTests testCapOfTwoKeepsOnlyTheTwoOldest]' started.
Test Case '-[CondiscoTests.RecallWarmUpTests testCapOfTwoKeepsOnlyTheTwoOldest]' passed (0.003 seconds).
Test Case '-[CondiscoTests.RecallWarmUpTests testCurrentLessonMissingFromPackYieldsNothing]' started.
Test Case '-[CondiscoTests.RecallWarmUpTests testCurrentLessonMissingFromPackYieldsNothing]' passed (0.001 seconds).
Test Suite 'RecallWarmUpTests' passed at 2026-09-25 21:02:07.705.
	 Executed 2 tests, with 0 failures (0 unexpected) in 0.003 (0.004) seconds
Test Suite 'RecapPhraseSaveTests' started at 2026-09-25 21:02:07.706.
Test Case '-[CondiscoTests.RecapPhraseSaveTests testEveryLessonRecapSaveCarriesNonEmptySourceIds]' started.
Test Case '-[CondiscoTests.RecapPhraseSaveTests testEveryLessonRecapSaveCarriesNonEmptySourceIds]' passed (0.002 seconds).
Test Case '-[CondiscoTests.RecapPhraseSaveTests testRecapSaveCarriesPackAndLessonSourceIds]' started.
Test Case '-[CondiscoTests.RecapPhraseSaveTests testRecapSaveCarriesPackAndLessonSourceIds]' passed (0.001 seconds).
Test Case '-[CondiscoTests.RecapPhraseSaveTests testStoredPhraseCarriesTheRecapSourceIds]' started.
Test Case '-[CondiscoTests.RecapPhraseSaveTests testStoredPhraseCarriesTheRecapSourceIds]' passed (0.000 seconds).
Test Suite 'RecapPhraseSaveTests' passed at 2026-09-25 21:02:07.709.
	 Executed 3 tests, with 0 failures (0 unexpected) in 0.003 (0.004) seconds
Test Suite 'RecapSplitTests' started at 2026-09-25 21:02:07.709.
Test Case '-[CondiscoTests.RecapSplitTests testFreshSplitStartsAtZero]' started.
Test Case '-[CondiscoTests.RecapSplitTests testFreshSplitStartsAtZero]' passed (0.003 seconds).
Test Case '-[CondiscoTests.RecapSplitTests testOneStepSubmittedThreeTimesCountsOnce]' started.
Test Case '-[CondiscoTests.RecapSplitTests testOneStepSubmittedThreeTimesCountsOnce]' passed (0.000 seconds).
Test Case '-[CondiscoTests.RecapSplitTests testRetriedTroubleSpotStaysWithHelp]' started.
Test Case '-[CondiscoTests.RecapSplitTests testRetriedTroubleSpotStaysWithHelp]' passed (0.001 seconds).
Test Case '-[CondiscoTests.RecapSplitTests testTwoStepsEachSubmittedOnce]' started.
Test Case '-[CondiscoTests.RecapSplitTests testTwoStepsEachSubmittedOnce]' passed (0.000 seconds).
Test Case '-[CondiscoTests.RecapSplitTests testUngradedAndBlockedExcluded]' started.
Test Case '-[CondiscoTests.RecapSplitTests testUngradedAndBlockedExcluded]' passed (0.001 seconds).
Test Suite 'RecapSplitTests' passed at 2026-09-25 21:02:07.716.
	 Executed 5 tests, with 0 failures (0 unexpected) in 0.005 (0.006) seconds
Test Suite 'ReviewCatalogProjectionTests' started at 2026-09-25 21:02:07.716.
Test Case '-[CondiscoTests.ReviewCatalogProjectionTests testFreshAttemptIsNotDueUntilItsSchedule]' started.
Test Case '-[CondiscoTests.ReviewCatalogProjectionTests testFreshAttemptIsNotDueUntilItsSchedule]' passed (0.012 seconds).
Test Case '-[CondiscoTests.ReviewCatalogProjectionTests testLoadDueMatchesProjectionExactly]' started.
Test Case '-[CondiscoTests.ReviewCatalogProjectionTests testLoadDueMatchesProjectionExactly]' passed (0.010 seconds).
Test Suite 'ReviewCatalogProjectionTests' passed at 2026-09-25 21:02:07.739.
	 Executed 2 tests, with 0 failures (0 unexpected) in 0.022 (0.023) seconds
Test Suite 'ReviewSessionLengthTests' started at 2026-09-25 21:02:07.739.
Test Case '-[CondiscoTests.ReviewSessionLengthTests testDeepLinkRequestsEverythingDue]' started.
Test Case '-[CondiscoTests.ReviewSessionLengthTests testDeepLinkRequestsEverythingDue]' passed (0.000 seconds).
Test Case '-[CondiscoTests.ReviewSessionLengthTests testHomeInvitationAlwaysPreselectsFive]' started.
Test Case '-[CondiscoTests.ReviewSessionLengthTests testHomeInvitationAlwaysPreselectsFive]' passed (0.001 seconds).
Test Case '-[CondiscoTests.ReviewSessionLengthTests testTabEntryKeepsCurrentChoice]' started.
Test Case '-[CondiscoTests.ReviewSessionLengthTests testTabEntryKeepsCurrentChoice]' passed (0.001 seconds).
Test Suite 'ReviewSessionLengthTests' passed at 2026-09-25 21:02:07.742.
	 Executed 3 tests, with 0 failures (0 unexpected) in 0.002 (0.002) seconds
Test Suite 'ScenarioLoopTests' started at 2026-09-25 21:02:07.742.
Test Case '-[CondiscoTests.ScenarioLoopTests testScenarioLoopHasNoScoreState]' started.
Test Case '-[CondiscoTests.ScenarioLoopTests testScenarioLoopHasNoScoreState]' passed (0.002 seconds).
Test Case '-[CondiscoTests.ScenarioLoopTests testScenarioLoopSkipsSpeakWhenMicUnavailable]' started.
Test Case '-[CondiscoTests.ScenarioLoopTests testScenarioLoopSkipsSpeakWhenMicUnavailable]' passed (0.000 seconds).
Test Case '-[CondiscoTests.ScenarioLoopTests testScenarioLoopTransitionsThroughAllSteps]' started.
Test Case '-[CondiscoTests.ScenarioLoopTests testScenarioLoopTransitionsThroughAllSteps]' passed (0.000 seconds).
Test Case '-[CondiscoTests.ScenarioLoopTests testScenarioSectionsEligibilityAndOrder]' started.
Test Case '-[CondiscoTests.ScenarioLoopTests testScenarioSectionsEligibilityAndOrder]' passed (0.000 seconds).
Test Case '-[CondiscoTests.ScenarioLoopTests testScenarioStepRateMatchesTransportSlowRate]' started.
Test Case '-[CondiscoTests.ScenarioLoopTests testScenarioStepRateMatchesTransportSlowRate]' passed (0.000 seconds).
Test Case '-[CondiscoTests.ScenarioLoopTests testScenarioStepRatePinsModelStepToSlowRate]' started.
Test Case '-[CondiscoTests.ScenarioLoopTests testScenarioStepRatePinsModelStepToSlowRate]' passed (0.000 seconds).
Test Case '-[CondiscoTests.ScenarioLoopTests testSectionEndFinalEligibleSectionRunsToDeclaredDuration]' started.
Test Case '-[CondiscoTests.ScenarioLoopTests testSectionEndFinalEligibleSectionRunsToDeclaredDuration]' passed (0.000 seconds).
Test Case '-[CondiscoTests.ScenarioLoopTests testSectionEndUsesNextTranscriptBoundaryOrTrackDuration]' started.
Test Case '-[CondiscoTests.ScenarioLoopTests testSectionEndUsesNextTranscriptBoundaryOrTrackDuration]' passed (0.000 seconds).
Test Case '-[CondiscoTests.ScenarioLoopTests testUntargetedSectionsAreSkippedAndStillBoundThePriorWindow]' started.
Test Case '-[CondiscoTests.ScenarioLoopTests testUntargetedSectionsAreSkippedAndStillBoundThePriorWindow]' passed (0.000 seconds).
Test Suite 'ScenarioLoopTests' passed at 2026-09-25 21:02:07.749.
	 Executed 9 tests, with 0 failures (0 unexpected) in 0.005 (0.007) seconds
Test Suite 'TodayPlanTests' started at 2026-09-25 21:02:07.749.
Test Case '-[CondiscoTests.TodayPlanTests testFallsBackToListenThenRest]' started.
Test Case '-[CondiscoTests.TodayPlanTests testFallsBackToListenThenRest]' passed (0.007 seconds).
Test Case '-[CondiscoTests.TodayPlanTests testFreshLearnerWithNoProgressLeadsToLesson]' started.
Test Case '-[CondiscoTests.TodayPlanTests testFreshLearnerWithNoProgressLeadsToLesson]' passed (0.001 seconds).
Test Case '-[CondiscoTests.TodayPlanTests testNoResumeNoLessonWithDueReviewsLeadsToReviewPrimary]' started.
Test Case '-[CondiscoTests.TodayPlanTests testNoResumeNoLessonWithDueReviewsLeadsToReviewPrimary]' passed (0.001 seconds).
Test Case '-[CondiscoTests.TodayPlanTests testNoResumeThenNextLessonWinsOverDueReviews]' started.
Test Case '-[CondiscoTests.TodayPlanTests testNoResumeThenNextLessonWinsOverDueReviews]' passed (0.001 seconds).
Test Case '-[CondiscoTests.TodayPlanTests testPathCompleteWithReviewsDueLeadsToReview]' started.
Test Case '-[CondiscoTests.TodayPlanTests testPathCompleteWithReviewsDueLeadsToReview]' passed (0.001 seconds).
Test Case '-[CondiscoTests.TodayPlanTests testResumeWinsOverLessonAndReviewsStillCarriesDueCount]' started.
Test Case '-[CondiscoTests.TodayPlanTests testResumeWinsOverLessonAndReviewsStillCarriesDueCount]' passed (0.001 seconds).
Test Suite 'TodayPlanTests' passed at 2026-09-25 21:02:07.762.
	 Executed 6 tests, with 0 failures (0 unexpected) in 0.011 (0.013) seconds
Test Suite 'CondiscoTests.xctest' passed at 2026-09-25 21:02:07.763.
	 Executed 174 tests, with 0 failures (0 unexpected) in 0.801 (0.929) seconds
Test Suite 'All tests' passed at 2026-09-25 21:02:07.763.
	 Executed 174 tests, with 0 failures (0 unexpected) in 0.801 (0.974) seconds
2026-09-25 21:02:08.490 xcodebuild[26868:6998395] [MT] IDETestOperationsObserverDebug: 44.501 elapsed -- Testing started completed.
2026-09-25 21:02:08.490 xcodebuild[26868:6998395] [MT] IDETestOperationsObserverDebug: 0.000 sec, +0.000 sec -- start
2026-09-25 21:02:08.490 xcodebuild[26868:6998395] [MT] IDETestOperationsObserverDebug: 44.501 sec, +44.501 sec -- end

Test session results, code coverage, and logs:
	/var/folders/3w/91hphlzs0rv_1twbkfyhvn6m0000gn/T/condisco-preflight.1kKWrm/DerivedData/Logs/Test/Test-Condisco-2026.09.25_21-00-05--0700.xcresult

** TEST SUCCEEDED **

Testing started
PASS unit tests (CondiscoTests)

== Step 5/5  UI smoke  (CondiscoUITests — --with-ui requested) ==
Command line invocation:
    /Applications/Xcode.app/Contents/Developer/usr/bin/xcodebuild test -project Condisco.xcodeproj -scheme Condisco -destination "platform=iOS Simulator,name=iPhone 18 Pro" "-only-testing:CondiscoUITests" -derivedDataPath /var/folders/3w/91hphlzs0rv_1twbkfyhvn6m0000gn/T//condisco-preflight.1kKWrm/DerivedData ONLY_ACTIVE_ARCH=YES

Build settings from command line:
    ONLY_ACTIVE_ARCH = YES

ComputePackagePrebuildTargetDependencyGraph

Prepare packages

CreateBuildRequest

SendProjectDescription

CreateBuildOperation

ComputeTargetDependencyGraph
note: Building targets in dependency order
note: Target dependency graph (4 targets)
    Target 'CondiscoUITests' in project 'Condisco'
        ➜ Explicit dependency on target 'Condisco' in project 'Condisco'
    Target 'CondiscoTests' in project 'Condisco'
        ➜ Explicit dependency on target 'Condisco' in project 'Condisco'
    Target 'Condisco' in project 'Condisco'
        ➜ Explicit dependency on target 'CondiscoWidget' in project 'Condisco'
    Target 'CondiscoWidget' in project 'Condisco' (no dependencies)

GatherProvisioningInputs

CreateBuildDescription

ClangStatCache /Applications/Xcode.app/Contents/Developer/Toolchains/XcodeDefault.xctoolchain/usr/bin/clang-stat-cache /Applications/Xcode.app/Contents/Developer/Platforms/iPhoneSimulator.platform/Developer/SDKs/iPhoneSimulator27.0.sdk /var/folders/3w/91hphlzs0rv_1twbkfyhvn6m0000gn/T/condisco-preflight.1kKWrm/DerivedData/SDKStatCaches.noindex/iphonesimulator27.0-24A430-8dc58220667be655e1bcc261a7455254.sdkstatcache
    cd /Users/spkoehl/Projects/VerbaLibera/Condisco.xcodeproj
    /Applications/Xcode.app/Contents/Developer/Toolchains/XcodeDefault.xctoolchain/usr/bin/clang-stat-cache /Applications/Xcode.app/Contents/Developer/Platforms/iPhoneSimulator.platform/Developer/SDKs/iPhoneSimulator27.0.sdk -o /var/folders/3w/91hphlzs0rv_1twbkfyhvn6m0000gn/T/condisco-preflight.1kKWrm/DerivedData/SDKStatCaches.noindex/iphonesimulator27.0-24A430-8dc58220667be655e1bcc261a7455254.sdkstatcache

Copy /var/folders/3w/91hphlzs0rv_1twbkfyhvn6m0000gn/T/condisco-preflight.1kKWrm/DerivedData/Build/Products/Debug-iphonesimulator/Condisco.app/PlugIns/CondiscoWidget.appex /var/folders/3w/91hphlzs0rv_1twbkfyhvn6m0000gn/T/condisco-preflight.1kKWrm/DerivedData/Build/Products/Debug-iphonesimulator/CondiscoWidget.appex (in target 'Condisco' from project 'Condisco')
    cd /Users/spkoehl/Projects/VerbaLibera
    builtin-copy -exclude .DS_Store -exclude CVS -exclude .svn -exclude .git -exclude .hg -resolve-src-symlinks -remove-static-executable /var/folders/3w/91hphlzs0rv_1twbkfyhvn6m0000gn/T/condisco-preflight.1kKWrm/DerivedData/Build/Products/Debug-iphonesimulator/CondiscoWidget.appex /var/folders/3w/91hphlzs0rv_1twbkfyhvn6m0000gn/T/condisco-preflight.1kKWrm/DerivedData/Build/Products/Debug-iphonesimulator/Condisco.app/PlugIns

ProcessInfoPlistFile /var/folders/3w/91hphlzs0rv_1twbkfyhvn6m0000gn/T/condisco-preflight.1kKWrm/DerivedData/Build/Products/Debug-iphonesimulator/Condisco.app/Info.plist /Users/spkoehl/Projects/VerbaLibera/Condisco/Info.plist (in target 'Condisco' from project 'Condisco')
    cd /Users/spkoehl/Projects/VerbaLibera
    builtin-infoPlistUtility /Users/spkoehl/Projects/VerbaLibera/Condisco/Info.plist -producttype com.apple.product-type.application -genpkginfo /var/folders/3w/91hphlzs0rv_1twbkfyhvn6m0000gn/T/condisco-preflight.1kKWrm/DerivedData/Build/Products/Debug-iphonesimulator/Condisco.app/PkgInfo -expandbuildsettings -format binary -platform iphonesimulator -additionalcontentfile /var/folders/3w/91hphlzs0rv_1twbkfyhvn6m0000gn/T/condisco-preflight.1kKWrm/DerivedData/Build/Intermediates.noindex/Condisco.build/Debug-iphonesimulator/Condisco.build/assetcatalog_generated_info.plist -scanforprivacyfile /var/folders/3w/91hphlzs0rv_1twbkfyhvn6m0000gn/T/condisco-preflight.1kKWrm/DerivedData/Build/Products/Debug-iphonesimulator/Condisco.app/PlugIns/CondiscoWidget.appex -o /var/folders/3w/91hphlzs0rv_1twbkfyhvn6m0000gn/T/condisco-preflight.1kKWrm/DerivedData/Build/Products/Debug-iphonesimulator/Condisco.app/Info.plist

CopySwiftLibs /var/folders/3w/91hphlzs0rv_1twbkfyhvn6m0000gn/T/condisco-preflight.1kKWrm/DerivedData/Build/Products/Debug-iphonesimulator/Condisco.app (in target 'Condisco' from project 'Condisco')
    cd /Users/spkoehl/Projects/VerbaLibera
    builtin-swiftStdLibTool --copy --verbose --sign - --scan-executable /var/folders/3w/91hphlzs0rv_1twbkfyhvn6m0000gn/T/condisco-preflight.1kKWrm/DerivedData/Build/Products/Debug-iphonesimulator/Condisco.app/Condisco.debug.dylib --scan-folder /var/folders/3w/91hphlzs0rv_1twbkfyhvn6m0000gn/T/condisco-preflight.1kKWrm/DerivedData/Build/Products/Debug-iphonesimulator/Condisco.app/Frameworks --scan-folder /var/folders/3w/91hphlzs0rv_1twbkfyhvn6m0000gn/T/condisco-preflight.1kKWrm/DerivedData/Build/Products/Debug-iphonesimulator/Condisco.app/PlugIns --scan-folder /var/folders/3w/91hphlzs0rv_1twbkfyhvn6m0000gn/T/condisco-preflight.1kKWrm/DerivedData/Build/Products/Debug-iphonesimulator/Condisco.app/SystemExtensions --scan-folder /var/folders/3w/91hphlzs0rv_1twbkfyhvn6m0000gn/T/condisco-preflight.1kKWrm/DerivedData/Build/Products/Debug-iphonesimulator/Condisco.app/Extensions --platform iphonesimulator --toolchain /Applications/Xcode.app/Contents/Developer/Toolchains/XcodeDefault.xctoolchain --destination /var/folders/3w/91hphlzs0rv_1twbkfyhvn6m0000gn/T/condisco-preflight.1kKWrm/DerivedData/Build/Products/Debug-iphonesimulator/Condisco.app/Frameworks --strip-bitcode --strip-bitcode-tool /Applications/Xcode.app/Contents/Developer/Toolchains/XcodeDefault.xctoolchain/usr/bin/bitcode_strip --emit-dependency-info /var/folders/3w/91hphlzs0rv_1twbkfyhvn6m0000gn/T/condisco-preflight.1kKWrm/DerivedData/Build/Intermediates.noindex/Condisco.build/Debug-iphonesimulator/Condisco.build/SwiftStdLibToolInputDependencies.dep --filter-for-swift-os

CodeSign /var/folders/3w/91hphlzs0rv_1twbkfyhvn6m0000gn/T/condisco-preflight.1kKWrm/DerivedData/Build/Products/Debug-iphonesimulator/Condisco.app/Condisco.debug.dylib (in target 'Condisco' from project 'Condisco')
    cd /Users/spkoehl/Projects/VerbaLibera
    
    Signing Identity:     "Sign to Run Locally"
    
    /usr/bin/codesign --force --sign - --timestamp\=none --generate-entitlement-der /var/folders/3w/91hphlzs0rv_1twbkfyhvn6m0000gn/T/condisco-preflight.1kKWrm/DerivedData/Build/Products/Debug-iphonesimulator/Condisco.app/Condisco.debug.dylib
/var/folders/3w/91hphlzs0rv_1twbkfyhvn6m0000gn/T/condisco-preflight.1kKWrm/DerivedData/Build/Products/Debug-iphonesimulator/Condisco.app/Condisco.debug.dylib: replacing existing signature

CodeSign /var/folders/3w/91hphlzs0rv_1twbkfyhvn6m0000gn/T/condisco-preflight.1kKWrm/DerivedData/Build/Products/Debug-iphonesimulator/Condisco.app/__preview.dylib (in target 'Condisco' from project 'Condisco')
    cd /Users/spkoehl/Projects/VerbaLibera
    
    Signing Identity:     "Sign to Run Locally"
    
    /usr/bin/codesign --force --sign - --timestamp\=none --generate-entitlement-der /var/folders/3w/91hphlzs0rv_1twbkfyhvn6m0000gn/T/condisco-preflight.1kKWrm/DerivedData/Build/Products/Debug-iphonesimulator/Condisco.app/__preview.dylib
/var/folders/3w/91hphlzs0rv_1twbkfyhvn6m0000gn/T/condisco-preflight.1kKWrm/DerivedData/Build/Products/Debug-iphonesimulator/Condisco.app/__preview.dylib: replacing existing signature

CodeSign /var/folders/3w/91hphlzs0rv_1twbkfyhvn6m0000gn/T/condisco-preflight.1kKWrm/DerivedData/Build/Products/Debug-iphonesimulator/Condisco.app (in target 'Condisco' from project 'Condisco')
    cd /Users/spkoehl/Projects/VerbaLibera
    
    Signing Identity:     "Sign to Run Locally"
    
    /usr/bin/codesign --force --sign - --entitlements /var/folders/3w/91hphlzs0rv_1twbkfyhvn6m0000gn/T/condisco-preflight.1kKWrm/DerivedData/Build/Intermediates.noindex/Condisco.build/Debug-iphonesimulator/Condisco.build/Condisco.app.xcent --timestamp\=none --generate-entitlement-der /var/folders/3w/91hphlzs0rv_1twbkfyhvn6m0000gn/T/condisco-preflight.1kKWrm/DerivedData/Build/Products/Debug-iphonesimulator/Condisco.app
/var/folders/3w/91hphlzs0rv_1twbkfyhvn6m0000gn/T/condisco-preflight.1kKWrm/DerivedData/Build/Products/Debug-iphonesimulator/Condisco.app: replacing existing signature

Validate /var/folders/3w/91hphlzs0rv_1twbkfyhvn6m0000gn/T/condisco-preflight.1kKWrm/DerivedData/Build/Products/Debug-iphonesimulator/Condisco.app (in target 'Condisco' from project 'Condisco')
    cd /Users/spkoehl/Projects/VerbaLibera
    builtin-validationUtility /var/folders/3w/91hphlzs0rv_1twbkfyhvn6m0000gn/T/condisco-preflight.1kKWrm/DerivedData/Build/Products/Debug-iphonesimulator/Condisco.app -shallow-bundle -infoplist-subpath Info.plist

ValidateEmbeddedBinary /var/folders/3w/91hphlzs0rv_1twbkfyhvn6m0000gn/T/condisco-preflight.1kKWrm/DerivedData/Build/Products/Debug-iphonesimulator/Condisco.app/PlugIns/CondiscoWidget.appex (in target 'Condisco' from project 'Condisco')
    cd /Users/spkoehl/Projects/VerbaLibera
    /Applications/Xcode.app/Contents/Developer/usr/bin/embeddedBinaryValidationUtility /var/folders/3w/91hphlzs0rv_1twbkfyhvn6m0000gn/T/condisco-preflight.1kKWrm/DerivedData/Build/Products/Debug-iphonesimulator/Condisco.app/PlugIns/CondiscoWidget.appex -signing-cert - -info-plist-path /var/folders/3w/91hphlzs0rv_1twbkfyhvn6m0000gn/T/condisco-preflight.1kKWrm/DerivedData/Build/Products/Debug-iphonesimulator/Condisco.app/Info.plist

PruneExplicitPrecompiledModules /var/folders/3w/91hphlzs0rv_1twbkfyhvn6m0000gn/T/condisco-preflight.1kKWrm/DerivedData/SDKExplicitPrecompiledModules

PruneExplicitPrecompiledModules /var/folders/3w/91hphlzs0rv_1twbkfyhvn6m0000gn/T/condisco-preflight.1kKWrm/DerivedData/Build/Intermediates.noindex/SwiftExplicitPrecompiledModules

PruneExplicitPrecompiledModules /var/folders/3w/91hphlzs0rv_1twbkfyhvn6m0000gn/T/condisco-preflight.1kKWrm/DerivedData/Build/Intermediates.noindex/ExplicitPrecompiledModules

2026-09-25 21:02:34.377540-0700 CondiscoUITests-Runner[27332:7003866] [Default] Running tests...
    t =      nans Interface orientation changed to Portrait
Test Suite 'All tests' started at 2026-09-25 21:02:52.930.
Test Suite 'CondiscoUITests.xctest' started at 2026-09-25 21:02:53.029.
Test Suite 'FirstRunUITests' started at 2026-09-25 21:02:53.032.
Test Case '-[CondiscoUITests.FirstRunUITests testFreshFrenchLearnerCanFinishFirstMissionAfterAccentAndWrongAnswer]' started.
    t =     0.01s Start Test at 2026-09-25 21:02:53.043
    t =     1.19s Set Up
    t =     1.26s Open com.sleuthysloth.condisco
    t =     1.26s     Launch com.sleuthysloth.condisco
2026-09-25 21:02:55.292 xcodebuild[27295:7003139] [MT] IDELaunchParametersSnapshot: debugger version lookup failed for path '<nil>': noURL
2026-09-25 21:02:55.292 xcodebuild[27295:7003139] [MT] IDELaunchParametersSnapshot: no debugger version
objc[27332]: Class UIAccessibilityLoaderWebShared is implemented in both /private/var/run/com.apple.security.cryptexd/mnt/com.apple.iPhoneOS.SimulatorRuntime-v24.1.434.0.s3a41r/Library/Developer/CoreSimulator/Profiles/Runtimes/iOS 27.0.simruntime/Contents/Resources/RuntimeRoot/System/Library/AccessibilityBundles/WebKit.axbundle/WebKit (0x109b8c398) and /private/var/run/com.apple.security.cryptexd/mnt/com.apple.iPhoneOS.SimulatorRuntime-v24.1.434.0.s3a41r/Library/Developer/CoreSimulator/Profiles/Runtimes/iOS 27.0.simruntime/Contents/Resources/RuntimeRoot/System/Library/AccessibilityBundles/WebCore.axbundle/WebCore (0x10a8e4310). This may cause spurious casting failures and mysterious crashes. One of the duplicates must be removed or renamed.
    t =    11.74s         Setting up automation session
    t =    31.16s         Wait for com.sleuthysloth.condisco to idle
    t =    49.53s Waiting 30.0s for "Choose a language" Button to exist
    t =    50.75s     Checking `Expect predicate `existsNoRetry == 1` for object "Choose a language" Button`
    t =    50.87s         Checking existence of `"Choose a language" Button`
    t =    56.16s Tap "Choose a language" Button
    t =    56.17s     Wait for com.sleuthysloth.condisco to idle
    t =    56.31s     Find the "Choose a language" Button
    t =    57.68s     Check for interrupting elements affecting "Choose a language" Button
    t =    62.72s     Synthesize event
    t =    73.58s     Wait for com.sleuthysloth.condisco to idle
    t =    81.18s Waiting 10.0s for "Which language are you learning?" StaticText to exist
    t =    82.25s     Checking `Expect predicate `existsNoRetry == 1` for object "Which language are you learning?" StaticText`
    t =    82.26s         Checking existence of `"Which language are you learning?" StaticText`
    t =    84.45s Checking existence of `"French foundations" StaticText`
    t =    84.50s Tap "Continue" Button
    t =    84.50s     Wait for com.sleuthysloth.condisco to idle
    t =    84.52s     Find the "Continue" Button
    t =    84.55s     Check for interrupting elements affecting "Continue" Button
    t =    85.11s     Synthesize event
    t =    86.08s     Wait for com.sleuthysloth.condisco to idle
    t =    88.31s Waiting 10.0s for Button (First Match) to exist
    t =    89.41s     Checking `Expect predicate `existsNoRetry == 1` for object Button (First Match)`
    t =    89.42s         Checking existence of `Button (First Match)`
    t =    89.76s Tap Button (First Match)
    t =    89.76s     Wait for com.sleuthysloth.condisco to idle
    t =    89.78s     Find the Button (First Match)
    t =    89.81s     Check for interrupting elements affecting "I'm starting fresh, Begin with your first mission. No experience needed." Button
    t =    90.29s     Synthesize event
    t =    91.21s     Wait for com.sleuthysloth.condisco to idle
    t =   106.52s Waiting 20.0s for "Start lesson" Button to exist
    t =   107.58s     Checking `Expect predicate `existsNoRetry == 1` for object "Start lesson" Button`
    t =   107.60s         Checking existence of `"Start lesson" Button`
    t =   108.66s Tap "Back to lessons" Button
    t =   108.66s     Wait for com.sleuthysloth.condisco to idle
    t =   108.68s     Find the "Back to lessons" Button
    t =   108.80s     Check for interrupting elements affecting "Back to lessons" Button
    t =   109.58s     Synthesize event
    t =   112.72s     Wait for com.sleuthysloth.condisco to idle
    t =   113.07s Waiting 30.0s for "Home" Button to exist
    t =   114.13s     Checking `Expect predicate `existsNoRetry == 1` for object "Home" Button`
    t =   114.28s         Checking existence of `"Home" Button`
    t =   116.08s Waiting 10.0s for "home.today.header" StaticText to exist
    t =   117.15s     Checking `Expect predicate `existsNoRetry == 1` for object "home.today.header" StaticText`
    t =   117.15s         Checking existence of `"home.today.header" StaticText`
    t =   117.27s Checking existence of `StaticText (First Match)`
    t =   117.46s Tap "You" Button
    t =   117.46s     Wait for com.sleuthysloth.condisco to idle
    t =   117.52s     Find the "You" Button
    t =   117.63s     Check for interrupting elements affecting "person" Button
    t =   118.35s     Synthesize event
    t =   119.46s     Wait for com.sleuthysloth.condisco to idle
    t =   126.60s Waiting 10.0s for "Your learning" StaticText to exist
    t =   127.67s     Checking `Expect predicate `existsNoRetry == 1` for object "Your learning" StaticText`
    t =   127.68s         Checking existence of `"Your learning" StaticText`
    t =   128.07s Checking existence of `"At a glance" StaticText`
    t =   128.12s Checking existence of `"Preferences" Button`
    t =   128.16s Checking existence of `"Account and data" Button`
    t =   128.21s Tap "Home" Button
    t =   128.21s     Wait for com.sleuthysloth.condisco to idle
    t =   128.22s     Find the "Home" Button
    t =   128.28s     Check for interrupting elements affecting "house" Button
    t =   128.55s     Synthesize event
    t =   129.16s     Wait for com.sleuthysloth.condisco to idle
    t =   131.36s Waiting 10.0s for "home.today.primary" Button to exist
    t =   132.44s     Checking `Expect predicate `existsNoRetry == 1` for object "home.today.primary" Button`
    t =   132.44s         Checking existence of `"home.today.primary" Button`
    t =   133.20s Find the "home.today.primary" Button
    t =   133.40s Find the "home.today.primary" Button
    t =   133.73s Tap "home.today.primary" Button
    t =   133.73s     Wait for com.sleuthysloth.condisco to idle
    t =   133.74s     Find the "home.today.primary" Button
    t =   133.78s     Check for interrupting elements affecting "home.today.primary" Button
    t =   134.05s     Synthesize event
    t =   134.44s     Wait for com.sleuthysloth.condisco to idle
    t =   136.82s Waiting 20.0s for "Start lesson" Button to exist
    t =   137.86s     Checking `Expect predicate `existsNoRetry == 1` for object "Start lesson" Button`
    t =   137.87s         Checking existence of `"Start lesson" Button`
    t =   138.37s Tap "Start lesson" Button
    t =   138.37s     Wait for com.sleuthysloth.condisco to idle
    t =   138.38s     Find the "Start lesson" Button
    t =   138.47s     Check for interrupting elements affecting "Start lesson" Button
    t =   138.81s     Synthesize event
    t =   139.28s     Wait for com.sleuthysloth.condisco to idle
    t =   145.55s Waiting 10.0s for "Got it" Button to exist
    t =   146.58s     Checking `Expect predicate `existsNoRetry == 1` for object "Got it" Button`
    t =   146.59s         Checking existence of `"Got it" Button`
    t =   147.27s Tap "Got it" Button
    t =   147.27s     Wait for com.sleuthysloth.condisco to idle
    t =   147.28s     Find the "Got it" Button
    t =   147.38s     Check for interrupting elements affecting "Got it" Button
    t =   147.75s     Synthesize event
    t =   148.44s     Wait for com.sleuthysloth.condisco to idle
    t =   149.84s Tap "Continue" Button
    t =   149.84s     Wait for com.sleuthysloth.condisco to idle
    t =   149.85s     Find the "Continue" Button
    t =   149.97s     Check for interrupting elements affecting "Continue" Button
    t =   150.16s     Synthesize event
    t =   150.50s     Wait for com.sleuthysloth.condisco to idle
    t =   151.01s Waiting 10.0s for "The server looks up from the counter. How do you greet them?" StaticText to exist
    t =   152.07s     Checking `Expect predicate `existsNoRetry == 1` for object "The server looks up from the counter. How do you greet them?" StaticText`
    t =   152.11s         Checking existence of `"The server looks up from the counter. How do you greet them?" StaticText`
    t =   156.40s Tap "Lessons" Button
    t =   156.40s     Wait for com.sleuthysloth.condisco to idle
    t =   156.42s     Find the "Lessons" Button
    t =   156.97s     Check for interrupting elements affecting "Lessons" Button
    t =   157.42s     Synthesize event
    t =   158.53s     Wait for com.sleuthysloth.condisco to idle
    t =   161.67s Waiting 15.0s for "home.today.primary" Button to exist
    t =   162.72s     Checking `Expect predicate `existsNoRetry == 1` for object "home.today.primary" Button`
    t =   162.73s         Checking existence of `"home.today.primary" Button`
    t =   163.62s Find the "home.today.primary" Button
    t =   163.69s Tap "home.today.primary" Button
    t =   163.69s     Wait for com.sleuthysloth.condisco to idle
    t =   163.70s     Find the "home.today.primary" Button
    t =   163.76s     Check for interrupting elements affecting "home.today.primary" Button
    t =   164.11s     Synthesize event
    t =   164.55s     Wait for com.sleuthysloth.condisco to idle
    t =   165.97s Waiting 15.0s for "The server looks up from the counter. How do you greet them?" StaticText to exist
    t =   167.00s     Checking `Expect predicate `existsNoRetry == 1` for object "The server looks up from the counter. How do you greet them?" StaticText`
    t =   167.01s         Checking existence of `"The server looks up from the counter. How do you greet them?" StaticText`
    t =   167.16s Tap "Bonjour." Button
    t =   167.16s     Wait for com.sleuthysloth.condisco to idle
    t =   167.17s     Find the "Bonjour." Button
    t =   167.20s     Check for interrupting elements affecting "Bonjour." Button
    t =   167.25s     Synthesize event
    t =   167.57s     Wait for com.sleuthysloth.condisco to idle
    t =   167.57s Waiting 10.0s for "Check" Button to exist
    t =   168.60s     Checking `Expect predicate `existsNoRetry == 1` for object "Check" Button`
    t =   168.61s         Checking existence of `"Check" Button`
    t =   168.67s Find the "Check" Button
    t =   168.73s Tap "Check" Button
    t =   168.73s     Wait for com.sleuthysloth.condisco to idle
    t =   168.74s     Find the "Check" Button
    t =   168.82s     Check for interrupting elements affecting "Check" Button
    t =   168.94s     Synthesize event
    t =   169.35s     Wait for com.sleuthysloth.condisco to idle
    t =   169.36s Waiting 15.0s for "Next step" Button to exist
    t =   170.40s     Checking `Expect predicate `existsNoRetry == 1` for object "Next step" Button`
    t =   170.40s         Checking existence of `"Next step" Button`
    t =   170.46s Tap "Next step" Button
    t =   170.46s     Wait for com.sleuthysloth.condisco to idle
    t =   170.47s     Find the "Next step" Button
    t =   170.51s     Check for interrupting elements affecting "Next step" Button
    t =   170.55s     Synthesize event
    t =   170.86s     Wait for com.sleuthysloth.condisco to idle
    t =   170.86s Waiting 10.0s for "Build the order: A coffee, please." StaticText to exist
    t =   171.90s     Checking `Expect predicate `existsNoRetry == 1` for object "Build the order: A coffee, please." StaticText`
    t =   171.90s         Checking existence of `"Build the order: A coffee, please." StaticText`
    t =   171.98s Tap "Add Un" Button
    t =   171.98s     Wait for com.sleuthysloth.condisco to idle
    t =   171.98s     Find the "Add Un" Button
    t =   172.03s     Check for interrupting elements affecting "Add Un" Button
    t =   172.08s     Synthesize event
    t =   172.38s     Wait for com.sleuthysloth.condisco to idle
    t =   172.39s Tap "Add café," Button
    t =   172.39s     Wait for com.sleuthysloth.condisco to idle
    t =   172.39s     Find the "Add café," Button
    t =   172.43s     Check for interrupting elements affecting "Add café," Button
    t =   172.46s     Synthesize event
    t =   172.75s     Wait for com.sleuthysloth.condisco to idle
    t =   172.79s Tap "Add s’il vous plaît." Button
    t =   172.79s     Wait for com.sleuthysloth.condisco to idle
    t =   172.80s     Find the "Add s’il vous plaît." Button
    t =   172.88s     Check for interrupting elements affecting "Add s’il vous plaît." Button
    t =   172.93s     Synthesize event
    t =   173.23s     Wait for com.sleuthysloth.condisco to idle
    t =   173.23s Waiting 10.0s for "Check" Button to exist
    t =   174.26s     Checking `Expect predicate `existsNoRetry == 1` for object "Check" Button`
    t =   174.26s         Checking existence of `"Check" Button`
    t =   174.32s Find the "Check" Button
    t =   174.36s Tap "Check" Button
    t =   174.36s     Wait for com.sleuthysloth.condisco to idle
    t =   174.36s     Find the "Check" Button
    t =   174.39s     Check for interrupting elements affecting "Check" Button
    t =   174.45s     Synthesize event
    t =   174.76s     Wait for com.sleuthysloth.condisco to idle
    t =   174.76s Waiting 15.0s for "Next step" Button to exist
    t =   175.79s     Checking `Expect predicate `existsNoRetry == 1` for object "Next step" Button`
    t =   175.79s         Checking existence of `"Next step" Button`
    t =   175.86s Tap "Next step" Button
    t =   175.86s     Wait for com.sleuthysloth.condisco to idle
    t =   175.86s     Find the "Next step" Button
    t =   175.90s     Check for interrupting elements affecting "Next step" Button
    t =   175.93s     Synthesize event
    t =   176.22s     Wait for com.sleuthysloth.condisco to idle
    t =   176.23s Waiting 10.0s for "The cup reaches the counter. What do you say?" StaticText to exist
    t =   177.25s     Checking `Expect predicate `existsNoRetry == 1` for object "The cup reaches the counter. What do you say?" StaticText`
    t =   177.25s         Checking existence of `"The cup reaches the counter. What do you say?" StaticText`
    t =   177.31s Tap "Merci." Button
    t =   177.32s     Wait for com.sleuthysloth.condisco to idle
    t =   177.32s     Find the "Merci." Button
    t =   177.36s     Check for interrupting elements affecting "Merci." Button
    t =   177.41s     Synthesize event
    t =   177.70s     Wait for com.sleuthysloth.condisco to idle
    t =   177.71s Waiting 10.0s for "Check" Button to exist
    t =   178.73s     Checking `Expect predicate `existsNoRetry == 1` for object "Check" Button`
    t =   178.74s         Checking existence of `"Check" Button`
    t =   178.79s Find the "Check" Button
    t =   178.84s Tap "Check" Button
    t =   178.84s     Wait for com.sleuthysloth.condisco to idle
    t =   178.84s     Find the "Check" Button
    t =   178.88s     Check for interrupting elements affecting "Check" Button
    t =   178.92s     Synthesize event
    t =   179.21s     Wait for com.sleuthysloth.condisco to idle
    t =   179.23s Waiting 15.0s for "Next step" Button to exist
    t =   180.25s     Checking `Expect predicate `existsNoRetry == 1` for object "Next step" Button`
    t =   180.25s         Checking existence of `"Next step" Button`
    t =   180.31s Tap "Next step" Button
    t =   180.31s     Wait for com.sleuthysloth.condisco to idle
    t =   180.31s     Find the "Next step" Button
    t =   180.36s     Check for interrupting elements affecting "Next step" Button
    t =   180.40s     Synthesize event
    t =   180.69s     Wait for com.sleuthysloth.condisco to idle
    t =   180.70s Waiting 10.0s for "I've thought about it — let me answer" Button to exist
    t =   181.72s     Checking `Expect predicate `existsNoRetry == 1` for object "I've thought about it — let me answer" Button`
    t =   181.72s         Checking existence of `"I've thought about it — let me answer" Button`
    t =   181.87s Tap "I've thought about it — let me answer" Button
    t =   181.87s     Wait for com.sleuthysloth.condisco to idle
    t =   181.87s     Find the "I've thought about it — let me answer" Button
    t =   181.91s     Check for interrupting elements affecting "I've thought about it — let me answer" Button
    t =   181.95s     Synthesize event
    t =   182.40s     Wait for com.sleuthysloth.condisco to idle
    t =   184.32s Waiting 10.0s for TextView (First Match) to exist
    t =   185.37s     Checking `Expect predicate `existsNoRetry == 1` for object TextView (First Match)`
    t =   185.37s         Checking existence of `TextView (First Match)`
    t =   185.56s Tap TextView (First Match)
    t =   185.56s     Wait for com.sleuthysloth.condisco to idle
    t =   185.56s     Find the TextView (First Match)
    t =   185.60s     Check for interrupting elements affecting "Your answer" TextView
    t =   185.65s     Synthesize event
    t =   185.95s     Wait for com.sleuthysloth.condisco to idle
    t =   195.81s Type 'Un cafe, s’il vous...' into "Your answer" TextView
    t =   195.82s     Wait for com.sleuthysloth.condisco to idle
    t =   195.92s     Find the "Your answer" TextView
    t =   196.84s     Check for interrupting elements affecting "Your answer" TextView
    t =   197.21s     Synthesize event
    t =   198.56s     Wait for com.sleuthysloth.condisco to idle
    t =   200.10s Waiting 10.0s for "Check" Button to exist
    t =   201.12s     Checking `Expect predicate `existsNoRetry == 1` for object "Check" Button`
    t =   201.12s         Checking existence of `"Check" Button`
    t =   202.50s Checking existence of `Keyboard (Descendants matching type Keyboard)`
    t =   202.61s Find the "Check" Button
    t =   202.74s Find the Keyboard (Descendants matching type Keyboard)
    t =   202.83s Tap "Check" Button
    t =   202.83s     Wait for com.sleuthysloth.condisco to idle
    t =   202.84s     Find the "Check" Button
    t =   202.94s     Check for interrupting elements affecting "Check" Button
    t =   203.17s     Synthesize event
    t =   203.83s     Wait for com.sleuthysloth.condisco to idle
    t =   204.62s Waiting 10.0s for StaticText (First Match) to exist
    t =   205.72s     Checking `Expect predicate `existsNoRetry == 1` for object StaticText (First Match)`
    t =   205.73s         Checking existence of `StaticText (First Match)`
    t =   205.95s Checking existence of `StaticText (First Match)`
    t =   206.01s Tap "Next step" Button
    t =   206.01s     Wait for com.sleuthysloth.condisco to idle
    t =   206.02s     Find the "Next step" Button
    t =   206.27s     Check for interrupting elements affecting "Next step" Button
    t =   206.56s     Synthesize event
    t =   206.99s     Wait for com.sleuthysloth.condisco to idle
    t =   207.23s Waiting 10.0s for "Match the three lines you used to their meanings." StaticText to exist
    t =   208.24s     Checking `Expect predicate `existsNoRetry == 1` for object "Match the three lines you used to their meanings." StaticText`
    t =   208.24s         Checking existence of `"Match the three lines you used to their meanings." StaticText`
    t =   208.34s Tap "Bonjour." Button
    t =   208.34s     Wait for com.sleuthysloth.condisco to idle
    t =   208.34s     Find the "Bonjour." Button
    t =   208.43s     Check for interrupting elements affecting "Bonjour." Button
    t =   208.52s     Synthesize event
    t =   208.90s     Wait for com.sleuthysloth.condisco to idle
    t =   209.06s Tap "Hello." Button
    t =   209.06s     Wait for com.sleuthysloth.condisco to idle
    t =   209.07s     Find the "Hello." Button
    t =   209.18s     Check for interrupting elements affecting "Hello." Button
    t =   209.27s     Synthesize event
    t =   209.57s     Wait for com.sleuthysloth.condisco to idle
    t =   209.57s Tap "Un café, s’il vous plaît." Button
    t =   209.58s     Wait for com.sleuthysloth.condisco to idle
    t =   209.58s     Find the "Un café, s’il vous plaît." Button
    t =   209.72s     Check for interrupting elements affecting "Un café, s’il vous plaît." Button
    t =   209.79s     Synthesize event
    t =   210.11s     Wait for com.sleuthysloth.condisco to idle
    t =   210.12s Tap "A coffee, please." Button
    t =   210.12s     Wait for com.sleuthysloth.condisco to idle
    t =   210.12s     Find the "A coffee, please." Button
    t =   210.21s     Check for interrupting elements affecting "A coffee, please." Button
    t =   210.28s     Synthesize event
    t =   210.59s     Wait for com.sleuthysloth.condisco to idle
    t =   210.60s Tap "Merci." Button
    t =   210.60s     Wait for com.sleuthysloth.condisco to idle
    t =   210.61s     Find the "Merci." Button
    t =   210.76s     Check for interrupting elements affecting "Merci." Button
    t =   210.87s     Synthesize event
    t =   211.24s     Wait for com.sleuthysloth.condisco to idle
    t =   211.25s Tap "Thank you." Button
    t =   211.25s     Wait for com.sleuthysloth.condisco to idle
    t =   211.25s     Find the "Thank you." Button
    t =   211.39s     Check for interrupting elements affecting "Thank you." Button
    t =   211.58s     Synthesize event
    t =   212.04s     Wait for com.sleuthysloth.condisco to idle
    t =   212.47s Waiting 10.0s for "Check" Button to exist
    t =   213.52s     Checking `Expect predicate `existsNoRetry == 1` for object "Check" Button`
    t =   213.58s         Checking existence of `"Check" Button`
    t =   214.45s Find the "Check" Button
    t =   214.52s Tap "Check" Button
    t =   214.52s     Wait for com.sleuthysloth.condisco to idle
    t =   214.53s     Find the "Check" Button
    t =   214.60s     Check for interrupting elements affecting "Check" Button
    t =   214.95s     Synthesize event
    t =   215.40s     Wait for com.sleuthysloth.condisco to idle
    t =   216.67s Waiting 15.0s for "Next step" Button to exist
    t =   217.70s     Checking `Expect predicate `existsNoRetry == 1` for object "Next step" Button`
    t =   217.71s         Checking existence of `"Next step" Button`
    t =   219.67s Tap "Next step" Button
    t =   219.67s     Wait for com.sleuthysloth.condisco to idle
    t =   219.69s     Find the "Next step" Button
    t =   219.81s     Check for interrupting elements affecting "Next step" Button
    t =   220.25s     Synthesize event
    t =   220.96s     Wait for com.sleuthysloth.condisco to idle
    t =   222.57s Waiting 10.0s for StaticText (First Match) to exist
    t =   223.59s     Checking `Expect predicate `existsNoRetry == 1` for object StaticText (First Match)`
    t =   223.66s         Checking existence of `StaticText (First Match)`
    t =   223.95s Waiting 10.0s for TextView (First Match) to exist
    t =   224.99s     Checking `Expect predicate `existsNoRetry == 1` for object TextView (First Match)`
    t =   224.99s         Checking existence of `TextView (First Match)`
    t =   225.15s Tap TextView (First Match)
    t =   225.15s     Wait for com.sleuthysloth.condisco to idle
    t =   225.18s     Find the TextView (First Match)
    t =   225.33s     Check for interrupting elements affecting "Your answer" TextView
    t =   226.65s     Synthesize event
    t =   228.30s     Wait for com.sleuthysloth.condisco to idle
    t =   236.15s Type 'No idea yet' into "Your answer" TextView
    t =   236.15s     Wait for com.sleuthysloth.condisco to idle
    t =   236.74s     Find the "Your answer" TextView
    t =   237.40s     Check for interrupting elements affecting "Your answer" TextView
    t =   237.64s     Synthesize event
    t =   238.09s     Wait for com.sleuthysloth.condisco to idle
    t =   240.54s Waiting 10.0s for "Check" Button to exist
    t =   241.55s     Checking `Expect predicate `existsNoRetry == 1` for object "Check" Button`
    t =   241.56s         Checking existence of `"Check" Button`
    t =   242.78s Checking existence of `Keyboard (Descendants matching type Keyboard)`
    t =   242.89s Find the "Check" Button
    t =   242.95s Find the Keyboard (Descendants matching type Keyboard)
    t =   243.00s Tap "Check" Button
    t =   243.00s     Wait for com.sleuthysloth.condisco to idle
    t =   243.00s     Find the "Check" Button
    t =   243.08s     Check for interrupting elements affecting "Check" Button
    t =   243.15s     Synthesize event
    t =   243.54s     Wait for com.sleuthysloth.condisco to idle
    t =   244.14s Waiting 15.0s for "Continue with model answer" Button to exist
    t =   245.17s     Checking `Expect predicate `existsNoRetry == 1` for object "Continue with model answer" Button`
    t =   245.17s         Checking existence of `"Continue with model answer" Button`
    t =   245.21s Checking existence of `StaticText (First Match)`
    t =   245.25s Tap "Continue with model answer" Button
    t =   245.25s     Wait for com.sleuthysloth.condisco to idle
    t =   245.26s     Find the "Continue with model answer" Button
    t =   245.30s     Check for interrupting elements affecting "Continue with model answer" Button
    t =   245.34s     Synthesize event
    t =   245.63s     Wait for com.sleuthysloth.condisco to idle
    t =   246.22s Waiting 15.0s for "Back to lessons" Button to exist
    t =   247.25s     Checking `Expect predicate `existsNoRetry == 1` for object "Back to lessons" Button`
    t =   247.26s         Checking existence of `"Back to lessons" Button`
    t =   247.40s Tap "Back to lessons" Button
    t =   247.40s     Wait for com.sleuthysloth.condisco to idle
    t =   247.46s     Find the "Back to lessons" Button
    t =   247.52s     Check for interrupting elements affecting "Back to lessons" Button
    t =   247.59s     Synthesize event
    t =   247.61s         Scroll element to visible
    t =   247.68s         Find the "Back to lessons" Button
    t =   247.76s         Computed hit point {201, 806.99999999999966} after scrolling to visible
    t =   248.05s     Wait for com.sleuthysloth.condisco to idle
    t =   248.59s Waiting 15.0s for "Review" Button to exist
    t =   249.63s     Checking `Expect predicate `existsNoRetry == 1` for object "Review" Button`
    t =   249.63s         Checking existence of `"Review" Button`
    t =   249.67s Tap "Review" Button
    t =   249.67s     Wait for com.sleuthysloth.condisco to idle
    t =   249.68s     Find the "Review" Button
    t =   249.71s     Check for interrupting elements affecting "arrow.triangle.2.circlepath" Button
    t =   249.74s     Synthesize event
    t =   250.05s     Wait for com.sleuthysloth.condisco to idle
    t =   252.10s Waiting 15.0s for "Review" NavigationBar to exist
    t =   253.12s     Checking `Expect predicate `existsNoRetry == 1` for object "Review" NavigationBar`
    t =   253.12s         Checking existence of `"Review" NavigationBar`
    t =   253.23s Tear Down
Test Case '-[CondiscoUITests.FirstRunUITests testFreshFrenchLearnerCanFinishFirstMissionAfterAccentAndWrongAnswer]' passed (253.708 seconds).
Test Suite 'FirstRunUITests' passed at 2026-09-25 21:07:06.758.
	 Executed 1 test, with 0 failures (0 unexpected) in 253.708 (253.726) seconds
Test Suite 'CondiscoUITests.xctest' passed at 2026-09-25 21:07:06.772.
	 Executed 1 test, with 0 failures (0 unexpected) in 253.708 (253.742) seconds
Test Suite 'All tests' passed at 2026-09-25 21:07:06.772.
	 Executed 1 test, with 0 failures (0 unexpected) in 253.708 (253.842) seconds
2026-09-25 21:07:07.364 xcodebuild[27295:7003139] [MT] IDETestOperationsObserverDebug: 286.292 elapsed -- Testing started completed.
2026-09-25 21:07:07.364 xcodebuild[27295:7003139] [MT] IDETestOperationsObserverDebug: 0.000 sec, +0.000 sec -- start
2026-09-25 21:07:07.364 xcodebuild[27295:7003139] [MT] IDETestOperationsObserverDebug: 286.292 sec, +286.292 sec -- end

Test session results, code coverage, and logs:
	/var/folders/3w/91hphlzs0rv_1twbkfyhvn6m0000gn/T/condisco-preflight.1kKWrm/DerivedData/Logs/Test/Test-Condisco-2026.09.25_21-02-16--0700.xcresult

** TEST SUCCEEDED **

Testing started
PASS UI smoke (CondiscoUITests)

=======================================================
  PREFLIGHT PASSED — every required step is green.
=======================================================
