
== Step 1/6  Pack + media integrity  (tools/check_packs.sh) ==
/Users/spkoehl/Projects/VerbaLibera/tools/check_packs.swift:233:13: warning: variable 'body' was never mutated; consider changing to 'let' constant [#VariableNeverMutated]
 231 |     /// element, keeping the reported chain stable across runs.
 232 |     private static func canonicalCycle(_ cycle: [String]) -> [String] {
 233 |         var body = Array(cycle.dropLast())
     |             `- warning: variable 'body' was never mutated; consider changing to 'let' constant [#VariableNeverMutated]
 234 |         guard !body.isEmpty else { return cycle }
 235 |         var best = body

[#VariableNeverMutated]: <https://docs.swift.org/compiler/documentation/diagnostics/variable-never-mutated>
PASS french: 50 lessons
PASS italian: 49 lessons
PASS german: 52 lessons
PASS portuguese: 52 lessons
PASS spanish: 100 lessons
PASS all five languages; 72 shared-feedback replies; invalid legacy policy rejected
PASS es-foundations checkpoints: es-cp-foundation[foundation, 3 items], es-cp-developing[developing, 3 items], es-cp-independent[independent, 3 items]
PASS es-foundations sustained: 8 text(s) [message-thread, short-article, personal-narrative, short-article, short-article, message-thread, personal-narrative, short-article], 8 listening passage(s) — es-sustained-listen-llamada[5 sections, 2 voices], es-b1-listen-aeropuerto[4 sections, 2 voices], es-b1-listen-oferta[4 sections, 2 voices], es-b1-listen-fiesta[4 sections, 2 voices], es-b1-listen-anecdota[4 sections, 2 voices], es-b1-listen-discusion[4 sections, 2 voices], es-b1-listen-reparacion[4 sections, 2 voices], es-b1-listen-charla[4 sections, 2 voices]
PASS fr-foundations dialogues: fr-meeting[validated-only, 3 nodes], fr-cafe[validated-only, 4 nodes]
PASS it-foundations dialogues: it-meeting[validated-only, 3 nodes], it-cafe[validated-only, 4 nodes]
PASS es-foundations dialogues: es-cafe-turno[host es-cafe-requests-foundation, 9 nodes], es-a2-planes-sabado[host es-a2-planes-intenciones, 7 nodes], es-b1-dialogo-vuelo[host es-b1-reprogramar-dialogo, 10 nodes], es-b1-dialogo-oferta[host es-b1-decision-dialogo, 8 nodes], es-b1-dialogo-fiesta[host es-b1-plan-dialogo, 8 nodes], es-b1-dialogo-historia[host es-b1-reaccion-dialogo, 7 nodes], es-b1-dialogo-consecuencia[host es-b1-cambio-dialogo, 7 nodes], es-b1-dialogo-opinion[host es-b1-opinion-dialogo, 7 nodes], es-b1-dialogo-problema[host es-b1-problema-dialogo, 8 nodes], es-b1-dialogo-aclaracion[host es-b1-aclarar-dialogo, 8 nodes]
== structural integrity (5.4) ==
  ok fr-foundations: 74 reviewOf, 117 legacy concept/vocab, 0 example-media, 2 dialogue refs checked
  ok it-foundations: 29 reviewOf, 143 legacy concept/vocab, 0 example-media, 2 dialogue refs checked
  ok de-foundations: 92 reviewOf, 107 legacy concept/vocab, 0 example-media, 0 dialogue refs checked
  ok pt-foundations: 279 reviewOf, 294 legacy concept/vocab, 0 example-media, 0 dialogue refs checked
  ok es-foundations: 372 reviewOf, 388 legacy concept/vocab, 0 example-media, 10 dialogue refs checked
PASS reference integrity: 846 reviewOf refs, 1049 legacy concept/vocabulary sets, 0 example-level media refs, 14 dialogue gates — every reference resolves (lesson prerequisites and activity-level refs are PackValidator territory)
  ok fr-foundations: 50 lessons, 7 entry lessons, 0 unreachable, 0 cycles
  ok it-foundations: 49 lessons, 7 entry lessons, 0 unreachable, 0 cycles
  ok de-foundations: 52 lessons, 7 entry lessons, 0 unreachable, 0 cycles
  ok pt-foundations: 52 lessons, 7 entry lessons, 0 unreachable, 0 cycles
  ok es-foundations: 100 lessons, 7 entry lessons, 0 unreachable, 0 cycles
PASS lesson reachability: 303 lessons across 5 packs — every lesson is transitively reachable from a fresh start, no prerequisite cycles
PASS unsupported kinds are rejected by decode: activity/stimulus/checkpoint-item probes with an unknown kind all throw (covered by decode, re-verified by probe)
  ok es-foundations checkpoints: 13 item prompt/question texts vs 843 distinct lesson-activity texts — 0 exact-normalized duplicate(s)
PASS checkpoint unseen-wording: 13 item texts across 1 pack(s) — every checkpoint prompt/question uses wording unseen in lesson activity prompts (plan 5.3)
  ok es-foundations sustained: 48 question texts vs 843 distinct lesson-activity texts and 13 distinct checkpoint texts — 0 exact-normalized duplicate(s)
PASS sustained-material unseen-wording: 48 question texts across 1 pack(s) — every sustained question uses wording unseen in lesson activity prompts, checkpoint item texts, and other sustained questions (plan 6.1)
  ok es-foundations open tasks: goal/model wording vs lesson activities, checkpoint items, sustained questions and other open tasks — 0 exact-normalized duplicate(s)
PASS open-task unseen-wording: 11 task texts across 1 pack(s) — every open-task goal and model uses wording unseen in lesson activities, checkpoint items, sustained questions, and other open tasks (plan 6.2)
  ok fr-foundations dialogues: 14 learner-facing strings vs lesson activities, checkpoint items, sustained questions and open tasks — 0 exact-normalized duplicate(s)
  ok it-foundations dialogues: 28 learner-facing strings vs lesson activities, checkpoint items, sustained questions and open tasks — 0 exact-normalized duplicate(s)
  ok es-foundations dialogues: 286 learner-facing strings vs lesson activities, checkpoint items, sustained questions and open tasks — 0 exact-normalized duplicate(s)
PASS dialogue unseen-wording: 286 strings across 3 pack(s) — every exchange line/meaning/choice/prompt/model/rubric uses wording unseen in lesson activity texts, checkpoint items, sustained questions, and open-task goal/model texts (plan 6.3)
PASS structural integrity: references resolve; every lesson reachable from a fresh start; checkpoints use unseen wording; sustained questions use unseen wording; open tasks use unseen wording; exchanges use unseen wording; unknown kinds rejected by decode
== fr-foundations.json media ==
  device-speech (intentional)  fr-polite-coffee-audio  /audio/french-ordering/fr-ordering-politely-answer.wav
  device-speech (intentional)  fr-identity-foundation-model  /audio/french-foundations/fr-identity-foundation-model.wav
  device-speech (intentional)  fr-people-foundation-model  /audio/french-foundations/fr-people-foundation-model.wav
  device-speech (intentional)  fr-family-foundation-model  /audio/french-foundations/fr-family-foundation-model.wav
  device-speech (intentional)  fr-numbers-foundation-model  /audio/french-foundations/fr-numbers-foundation-model.wav
  summary: 5 declared, 0 on disk, 5 missing (5 allowlisted for device speech)
== it-foundations.json media ==
  device-speech (intentional)  it-polite-coffee-audio  /audio/italian/it-ordering-politely-answer.wav
  device-speech (intentional)  it-identity-foundation-model  /audio/italian-foundations/it-identity-foundation-model.wav
  device-speech (intentional)  it-people-foundation-model  /audio/italian-foundations/it-people-foundation-model.wav
  device-speech (intentional)  it-family-foundation-model  /audio/italian-foundations/it-family-foundation-model.wav
  device-speech (intentional)  it-numbers-foundation-model  /audio/italian-foundations/it-numbers-foundation-model.wav
  device-speech (intentional)  it-descriptions-foundation-model  /audio/italian-foundations/it-descriptions-foundation-model.wav
  device-speech (intentional)  it-plural-foundation-model  /audio/italian-foundations/it-plural-foundation-model.wav
  device-speech (intentional)  it-negation-foundation-model  /audio/italian-foundations/it-negation-foundation-model.wav
  device-speech (intentional)  it-food-foundation-model  /audio/italian-foundations/it-food-foundation-model.wav
  device-speech (intentional)  it-possession-foundation-model  /audio/italian-foundations/it-possession-foundation-model.wav
  device-speech (intentional)  it-requests-foundation-model  /audio/italian-foundations/it-requests-foundation-model.wav
  device-speech (intentional)  it-past-foundation-model  /audio/italian-foundations/it-past-foundation-model.wav
  device-speech (intentional)  it-plans-foundation-model  /audio/italian-foundations/it-plans-foundation-model.wav
  device-speech (intentional)  it-days-foundation-model  /audio/italian-foundations/it-days-foundation-model.wav
  device-speech (intentional)  it-market-foundation-model  /audio/italian-foundations/it-market-foundation-model.wav
  device-speech (intentional)  it-emergency-foundation-model  /audio/italian-foundations/it-emergency-foundation-model.wav
  ok  it-market-listen-audio  /audio/italian-foundations/it-market-foundation-listen.mp3
  summary: 17 declared, 1 on disk, 16 missing (16 allowlisted for device speech)
== de-foundations.json media ==
  summary: 0 declared, 0 on disk, 0 missing (0 allowlisted for device speech)
== pt-foundations.json media ==
  summary: 0 declared, 0 on disk, 0 missing (0 allowlisted for device speech)
== es-foundations.json media ==
  device-speech (intentional)  es-cafe-listen-audio  /audio/spanish-foundations/es-cafe-listen-exchange.wav
  device-speech (intentional)  es-cafe-listen-model  /audio/spanish-foundations/es-cafe-listen-model.wav
  summary: 2 declared, 0 on disk, 2 missing (2 allowlisted for device speech)
== listen-tracks ==
  ok  french  fr-identity-foundation  /audio/french-foundations/fr-identity-listen.mp3
  ok  italian  it-market-foundation  /audio/italian-foundations/it-market-foundation-listen.mp3
  ok  german  de-introductions-foundation  /audio/german-foundations/de-introductions-foundation-listen.mp3
  ok  portuguese  pt-introductions-foundation  /audio/portuguese-foundations/pt-introductions-foundation-listen.mp3
  ok  spanish  es-introductions-foundation  /audio/spanish-foundations/es-introductions-foundation-listen.mp3
== MISSING ASSETS ==
  MISSING fr-foundations fr-polite-coffee-audio /audio/french-ordering/fr-ordering-politely-answer.wav — device-speech (intentional) — referenced by lesson fr-cafe-order-foundation step fr-cafe-order-foundation-step-fr-cafe-order-foundation-listen-model, lesson fr-cafe-order-foundation legacy dictation fr-cafe-order-foundation-listen-model
  MISSING fr-foundations fr-identity-foundation-model /audio/french-foundations/fr-identity-foundation-model.wav — device-speech (intentional) — referenced by lesson fr-identity-foundation step fr-identity-foundation-step-fr-identity-foundation-listen-model, lesson fr-identity-foundation legacy dictation fr-identity-foundation-listen-model
  MISSING fr-foundations fr-people-foundation-model /audio/french-foundations/fr-people-foundation-model.wav — device-speech (intentional) — referenced by lesson fr-people-foundation step fr-people-foundation-step-fr-people-foundation-listen-model, lesson fr-people-foundation legacy dictation fr-people-foundation-listen-model
  MISSING fr-foundations fr-family-foundation-model /audio/french-foundations/fr-family-foundation-model.wav — device-speech (intentional) — referenced by lesson fr-family-foundation step fr-family-foundation-step-fr-family-foundation-listen-model, lesson fr-family-foundation legacy dictation fr-family-foundation-listen-model
  MISSING fr-foundations fr-numbers-foundation-model /audio/french-foundations/fr-numbers-foundation-model.wav — device-speech (intentional) — referenced by lesson fr-numbers-foundation step fr-numbers-foundation-step-fr-numbers-foundation-listen-model, lesson fr-numbers-foundation legacy dictation fr-numbers-foundation-listen-model
  MISSING it-foundations it-polite-coffee-audio /audio/italian/it-ordering-politely-answer.wav — device-speech (intentional) — referenced by lesson it-requests-foundation step it-requests-foundation-step-it-requests-foundation-listen, lesson it-requests-foundation legacy dictation it-requests-foundation-listen, lesson it-cafe-order-foundation step it-cafe-order-foundation-step-say, lesson it-cafe-order-foundation step it-cafe-order-foundation-step-it-cafe-order-foundation-listen-model, lesson it-cafe-order-foundation legacy dictation it-cafe-order-foundation-listen-model
  MISSING it-foundations it-identity-foundation-model /audio/italian-foundations/it-identity-foundation-model.wav — device-speech (intentional) — referenced by lesson it-identity-foundation step it-identity-foundation-step-it-identity-foundation-listen-model, lesson it-identity-foundation legacy dictation it-identity-foundation-listen-model
  MISSING it-foundations it-people-foundation-model /audio/italian-foundations/it-people-foundation-model.wav — device-speech (intentional) — referenced by lesson it-people-foundation step it-people-foundation-step-say, lesson it-people-foundation step it-people-foundation-step-it-people-foundation-listen-model, lesson it-people-foundation legacy dictation it-people-foundation-listen-model
  MISSING it-foundations it-family-foundation-model /audio/italian-foundations/it-family-foundation-model.wav — device-speech (intentional) — referenced by lesson it-family-foundation step it-family-foundation-step-say, lesson it-family-foundation step it-family-foundation-step-it-family-foundation-listen-model, lesson it-family-foundation legacy dictation it-family-foundation-listen-model
  MISSING it-foundations it-numbers-foundation-model /audio/italian-foundations/it-numbers-foundation-model.wav — device-speech (intentional) — referenced by lesson it-numbers-foundation step it-numbers-foundation-step-rb9, lesson it-numbers-foundation step it-numbers-foundation-step-rb10, lesson it-numbers-foundation legacy dictation it-numbers-foundation-listen-model
  MISSING it-foundations it-descriptions-foundation-model /audio/italian-foundations/it-descriptions-foundation-model.wav — device-speech (intentional) — referenced by lesson it-descriptions-foundation step it-descriptions-foundation-step-rb8, lesson it-descriptions-foundation step it-descriptions-foundation-step-rb10, lesson it-descriptions-foundation legacy dictation it-descriptions-foundation-listen-model
  MISSING it-foundations it-plural-foundation-model /audio/italian-foundations/it-plural-foundation-model.wav — device-speech (intentional) — referenced by lesson it-plural-foundation step it-plural-foundation-step-rb9, lesson it-plural-foundation step it-plural-foundation-step-rb10, lesson it-plural-foundation legacy dictation it-plural-foundation-listen-model
  MISSING it-foundations it-negation-foundation-model /audio/italian-foundations/it-negation-foundation-model.wav — device-speech (intentional) — referenced by lesson it-negation-foundation step it-negation-foundation-step-rb10, lesson it-negation-foundation legacy dictation it-negation-foundation-listen-model
  MISSING it-foundations it-food-foundation-model /audio/italian-foundations/it-food-foundation-model.wav — device-speech (intentional) — referenced by lesson it-food-foundation step it-food-foundation-step-say, lesson it-food-foundation step it-food-foundation-step-it-food-foundation-listen-model, lesson it-food-foundation legacy dictation it-food-foundation-listen-model
  MISSING it-foundations it-possession-foundation-model /audio/italian-foundations/it-possession-foundation-model.wav — device-speech (intentional) — referenced by lesson it-possession-foundation step it-possession-foundation-step-rb9, lesson it-possession-foundation step it-possession-foundation-step-rb10, lesson it-possession-foundation legacy dictation it-possession-foundation-listen-model
  MISSING it-foundations it-requests-foundation-model /audio/italian-foundations/it-requests-foundation-model.wav — device-speech (intentional) — referenced by lesson it-requests-foundation step it-requests-foundation-step-say, lesson it-requests-foundation step it-requests-foundation-step-it-requests-foundation-listen-model, lesson it-requests-foundation legacy dictation it-requests-foundation-listen-model
  MISSING it-foundations it-past-foundation-model /audio/italian-foundations/it-past-foundation-model.wav — device-speech (intentional) — referenced by lesson it-past-foundation step it-past-foundation-step-rb7, lesson it-past-foundation legacy dictation it-past-foundation-listen-model
  MISSING it-foundations it-plans-foundation-model /audio/italian-foundations/it-plans-foundation-model.wav — device-speech (intentional) — referenced by lesson it-plans-foundation step it-plans-foundation-step-rb9, lesson it-plans-foundation legacy dictation it-plans-foundation-listen-model
  MISSING it-foundations it-days-foundation-model /audio/italian-foundations/it-days-foundation-model.wav — device-speech (intentional) — referenced by lesson it-days-foundation step it-days-foundation-step-rb9, lesson it-days-foundation step it-days-foundation-step-rb10, lesson it-days-foundation legacy dictation it-days-foundation-listen-model
  MISSING it-foundations it-market-foundation-model /audio/italian-foundations/it-market-foundation-model.wav — device-speech (intentional) — referenced by lesson it-market-foundation step it-market-foundation-step-say, lesson it-market-foundation step it-market-foundation-step-it-market-foundation-listen-model, lesson it-market-foundation legacy dictation it-market-foundation-listen-model
  MISSING it-foundations it-emergency-foundation-model /audio/italian-foundations/it-emergency-foundation-model.wav — device-speech (intentional) — referenced by lesson it-emergency-foundation step it-emergency-foundation-step-rb10, lesson it-emergency-foundation legacy dictation it-emergency-foundation-listen-model
  MISSING es-foundations es-cafe-listen-audio /audio/spanish-foundations/es-cafe-listen-exchange.wav — device-speech (intentional) — referenced by lesson es-cafe-mission step es-cafe-mission-step-10, lesson es-cafe-mission step es-cafe-mission-step-11, lesson es-cafe-mission step es-cafe-mission-step-12, lesson es-cafe-mission step es-cafe-mission-step-13
  MISSING es-foundations es-cafe-listen-model /audio/spanish-foundations/es-cafe-listen-model.wav — device-speech (intentional) — referenced by lesson es-cafe-mission step es-cafe-mission-step-14
PASS Content media inventory: every declared asset resolves with matching type/hash, or is allowlisted for device speech
== attribution citations ==
  ok  fr-foundations fr-polite-coffee-audio: cites docs/audio-provenance/index.md — exists
  ok  it-foundations it-polite-coffee-audio: cites docs/audio-provenance/index.md — exists
  ok  it-foundations it-market-listen-audio: cites docs/audio-provenance/italian-market-listen.json — exists
  ok  es-foundations es-cafe-listen-audio: cites docs/audio-provenance/spanish-cafe-listen-pilot.json — exists
  ok  es-foundations es-cafe-listen-model: cites docs/audio-provenance/spanish-cafe-listen-pilot.json — exists
PASS attribution citations: every docs/… reference resolves to a file in the repo
== listen-tracks integrity ==
  ok duration french: declared 755.58s, actual 755.640s (delta 0.060s)
  ok sections french [#0 'Welcome']: startS 0.0s
  ok sections french [#1 'Two words']: startS 13.78s
  ok sections french [#2 'Think: Marc']: startS 31.53s
  ok sections french [#3 'Marie and Paul']: startS 52.68s
  ok sections french [#4 'One letter']: startS 64.6s
  ok sections french [#5 'Think: Marie']: startS 75.48s
  ok sections french [#6 'Transfer: Sophie']: startS 95.15s
  ok sections french [#7 'Bonjour and Salut']: startS 114.78s
  ok sections french [#8 'Think: New friend']: startS 145.58s
  ok sections french [#9 'Tu and Vous']: startS 169.88s
  ok sections french [#10 'Think: Addressing a shopkeeper']: startS 203.75s
  ok sections french [#11 'Numbers: one through five']: startS 231.4s
  ok sections french [#12 'Think: six through ten']: startS 267.55s
  ok sections french [#13 'J'ai']: startS 295.07s
  ok sections french [#14 'Think: Building with J'ai']: startS 326.0s
  ok sections french [#15 'Transfer: The greeting stack']: startS 355.22s
  ok sections french [#16 'Colors: rouge, bleu, vert']: startS 390.17s
  ok sections french [#17 'Think: Color agreement']: startS 425.87s
  ok sections french [#18 'Il est']: startS 461.45s
  ok sections french [#19 'Think: What time is it?']: startS 496.37s
  ok sections french [#20 'Colors and time together']: startS 523.77s
  ok sections french [#21 'Je vais']: startS 553.82s
  ok sections french [#22 'Think: Where are you going?']: startS 584.37s
  ok sections french [#23 'Full dialogue: The bakery']: startS 621.13s
  ok sections french [#24 'Dialogue: Polite requests']: startS 654.4s
  ok sections french [#25 'Dialogue: Numbers and payment']: startS 689.0s
  ok sections french [#26 'Closing: What you built']: startS 720.1s
  ok duration italian: declared 663.92s, actual 663.984s (delta 0.064s)
  ok sections italian [#0 'Part 1: Welcome']: startS 0.0s
  ok sections italian [#1 'Part 2: Numbers framing']: startS 19.48s
  ok sections italian [#2 'Part 3: Numbers teens']: startS 36.25s
  ok sections italian [#3 'Part 4: Think number']: startS 57.78s
  ok sections italian [#4 'Part 5: Un una']: startS 71.9s
  ok sections italian [#5 'Part 6: Etto']: startS 90.95s
  ok sections italian [#6 'Part 7: Costa think']: startS 107.08s
  ok sections italian [#7 'Part 8: Costano think']: startS 125.7s
  ok sections italian [#8 'Part 9: Prices']: startS 141.75s
  ok sections italian [#9 'Part 10: Vorrei']: startS 158.25s
  ok sections italian [#10 'Part 11: Courtesy']: startS 174.03s
  ok sections italian [#11 'Part 12: Dialogue setup']: startS 186.8s
  ok sections italian [#12 'Part 13: Transfer — market to restaurant']: startS 209.77s
  ok sections italian [#13 'Part 14: At the table — ordering']: startS 243.35s
  ok sections italian [#14 'Part 15: Menu blocks']: startS 270.1s
  ok sections italian [#15 'Part 16: Think — order the pasta']: startS 294.55s
  ok sections italian [#16 'Part 17: Think — order wine and water']: startS 316.43s
  ok sections italian [#17 'Part 18: Asking for the bill']: startS 338.33s
  ok sections italian [#18 'Part 19: Think — the bill']: startS 360.65s
  ok sections italian [#19 'Part 20: Family — my father, my mother']: startS 383.4s
  ok sections italian [#20 'Part 21: Family — brother, sister, parents']: startS 407.7s
  ok sections italian [#21 'Part 22: Transfer — family meets the table']: startS 430.25s
  ok sections italian [#22 'Part 23: Think — introducing family']: startS 457.5s
  ok sections italian [#23 'Part 24: Telling time — the question']: startS 478.55s
  ok sections italian [#24 'Part 25: One o'clock']: startS 499.58s
  ok sections italian [#25 'Part 26: Two, three, eight o'clock']: startS 522.18s
  ok sections italian [#26 'Part 27: Think — building a time']: startS 543.58s
  ok sections italian [#27 'Part 28: Transfer — time plus reservation']: startS 563.68s
  ok sections italian [#28 'Part 29: Full restaurant dialogue']: startS 595.38s
  ok sections italian [#29 'Part 30: Closing']: startS 634.15s
  ok duration german: declared 772.92s, actual 772.968s (delta 0.048s)
  ok sections german [#0 'Start with a greeting']: startS 0.0s
  ok sections german [#1 'Retrieve the greeting']: startS 18.14s
  ok sections german [#2 'Introduce your name']: startS 41.33s
  ok sections german [#3 'Recall the introduction']: startS 59.03s
  ok sections german [#4 'Meet a second speaker']: startS 83.23s
  ok sections german [#5 'Change the speaker']: startS 101.32s
  ok sections german [#6 'Return to the first name']: startS 125.3s
  ok sections german [#7 'Another way to identify yourself']: startS 149.65s
  ok sections german [#8 'Choose the shorter meaning']: startS 168.24s
  ok sections german [#9 'Transfer the new block']: startS 191.81s
  ok sections german [#10 'Put a greeting before your name']: startS 215.27s
  ok sections german [#11 'Introduce yourself on arrival']: startS 233.81s
  ok sections german [#12 'Ask for coffee']: startS 259.16s
  ok sections german [#13 'Retrieve the drink request']: startS 277.05s
  ok sections german [#14 'Add politeness']: startS 300.42s
  ok sections german [#15 'Hear the complete request']: startS 315.81s
  ok sections german [#16 'Order politely']: startS 332.9s
  ok sections german [#17 'Choose a different drink']: startS 357.67s
  ok sections german [#18 'Transfer politeness to tea']: startS 375.63s
  ok sections german [#19 'Switch back to coffee']: startS 399.76s
  ok sections german [#20 'Thank the person']: startS 424.73s
  ok sections german [#21 'Retrieve a thank you']: startS 439.54s
  ok sections german [#22 'Hear a complete counter exchange']: startS 466.43s
  ok sections german [#23 'Make your first visit']: startS 485.06s
  ok sections german [#24 'Change the order to tea']: startS 511.0s
  ok sections german [#25 'Return to introductions']: startS 535.73s
  ok sections german [#26 'Choose your identity pattern']: startS 561.6s
  ok sections german [#27 'A final independent request']: startS 585.77s
  ok sections german [#28 'Numbers: one through five']: startS 613.35s
  ok sections german [#29 'Think: Counting items']: startS 646.91s
  ok sections german [#30 'Telling time']: startS 669.71s
  ok sections german [#31 'Think: Your schedule']: startS 696.12s
  ok sections german [#32 'Transfer: Restaurant arrival']: startS 715.18s
  ok sections german [#33 'Full dialogue: The restaurant']: startS 745.11s
  ok duration portuguese: declared 785.17s, actual 785.232s (delta 0.062s)
  ok sections portuguese [#0 'Start with a greeting']: startS 0.0s
  ok sections portuguese [#1 'Retrieve the greeting']: startS 18.38s
  ok sections portuguese [#2 'Introduce your name']: startS 41.8s
  ok sections portuguese [#3 'Recall the introduction']: startS 60.6s
  ok sections portuguese [#4 'Meet a second speaker']: startS 85.42s
  ok sections portuguese [#5 'Change the speaker']: startS 104.22s
  ok sections portuguese [#6 'Return to the first name']: startS 128.93s
  ok sections portuguese [#7 'Another way to identify yourself']: startS 153.9s
  ok sections portuguese [#8 'Choose the shorter meaning']: startS 173.07s
  ok sections portuguese [#9 'Transfer the new block']: startS 197.05s
  ok sections portuguese [#10 'Put a greeting before your name']: startS 221.02s
  ok sections portuguese [#11 'Introduce yourself on arrival']: startS 239.75s
  ok sections portuguese [#12 'Ask for coffee']: startS 265.27s
  ok sections portuguese [#13 'Retrieve the drink request']: startS 283.4s
  ok sections portuguese [#14 'Add politeness']: startS 307.1s
  ok sections portuguese [#15 'Hear the complete request']: startS 323.05s
  ok sections portuguese [#16 'Order politely']: startS 341.07s
  ok sections portuguese [#17 'Choose a different drink']: startS 366.77s
  ok sections portuguese [#18 'Transfer politeness to tea']: startS 384.92s
  ok sections portuguese [#19 'Switch back to coffee']: startS 410.2s
  ok sections portuguese [#20 'Thank the person']: startS 436.1s
  ok sections portuguese [#21 'Hear the other speaker form']: startS 454.02s
  ok sections portuguese [#22 'Hear a complete counter exchange']: startS 474.35s
  ok sections portuguese [#23 'Make your first visit']: startS 493.45s
  ok sections portuguese [#24 'Change the order to tea']: startS 519.85s
  ok sections portuguese [#25 'Return to introductions']: startS 544.92s
  ok sections portuguese [#26 'Choose your identity pattern']: startS 570.98s
  ok sections portuguese [#27 'A final independent request']: startS 595.55s
  ok sections portuguese [#28 'Numbers: one through five']: startS 624.28s
  ok sections portuguese [#29 'Think: Counting items']: startS 657.5s
  ok sections portuguese [#30 'Telling time']: startS 681.0s
  ok sections portuguese [#31 'Think: Your schedule']: startS 708.03s
  ok sections portuguese [#32 'Transfer: Shopping arrival']: startS 727.58s
  ok sections portuguese [#33 'Full dialogue: The café']: startS 757.43s
  ok duration spanish: declared 795.60s, actual 795.648s (delta 0.048s)
  ok sections spanish [#0 'Start with a greeting']: startS 0.0s
  ok sections spanish [#1 'Retrieve the greeting']: startS 18.27s
  ok sections spanish [#2 'Introduce your name']: startS 41.6s
  ok sections spanish [#3 'Recall the introduction']: startS 60.77s
  ok sections spanish [#4 'Meet a second speaker']: startS 85.33s
  ok sections spanish [#5 'Change the speaker']: startS 103.9s
  ok sections spanish [#6 'Return to the first name']: startS 128.38s
  ok sections spanish [#7 'Another way to identify yourself']: startS 153.07s
  ok sections spanish [#8 'Choose the shorter meaning']: startS 170.02s
  ok sections spanish [#9 'Transfer the new block']: startS 193.62s
  ok sections spanish [#10 'Put a greeting before your name']: startS 217.2s
  ok sections spanish [#11 'Introduce yourself on arrival']: startS 235.75s
  ok sections spanish [#12 'Ask for coffee']: startS 261.1s
  ok sections spanish [#13 'Retrieve the drink request']: startS 278.27s
  ok sections spanish [#14 'Add politeness']: startS 301.82s
  ok sections spanish [#15 'Hear the complete request']: startS 317.72s
  ok sections spanish [#16 'Order politely']: startS 335.25s
  ok sections spanish [#17 'Choose a different drink']: startS 360.45s
  ok sections spanish [#18 'Transfer politeness to tea']: startS 378.4s
  ok sections spanish [#19 'Switch back to coffee']: startS 403.17s
  ok sections spanish [#20 'Thank the person']: startS 428.57s
  ok sections spanish [#21 'Retrieve a thank you']: startS 443.87s
  ok sections spanish [#22 'Hear a complete counter exchange']: startS 471.25s
  ok sections spanish [#23 'Make your first visit']: startS 489.75s
  ok sections spanish [#24 'Change the order to tea']: startS 515.55s
  ok sections spanish [#25 'Return to introductions']: startS 540.05s
  ok sections spanish [#26 'Choose your identity pattern']: startS 565.92s
  ok sections spanish [#27 'A final independent request']: startS 590.12s
  ok sections spanish [#28 'Numbers: one through five']: startS 618.35s
  ok sections spanish [#29 'Think: How many?']: startS 653.48s
  ok sections spanish [#30 'Telling time']: startS 684.4s
  ok sections spanish [#31 'Think: Your schedule']: startS 713.98s
  ok sections spanish [#32 'Transfer: Restaurant arrival']: startS 735.73s
  ok sections spanish [#33 'Full dialogue: The restaurant']: startS 765.63s
== device-speech allowlist text audit ==
  PASS es-cafe-listen-audio: lesson es-cafe-mission step es-cafe-mission-step-10 — visible prompt/transcript
  PASS es-cafe-listen-audio: lesson es-cafe-mission step es-cafe-mission-step-11 — visible prompt/transcript
  PASS es-cafe-listen-audio: lesson es-cafe-mission step es-cafe-mission-step-12 — visible prompt/transcript
  PASS es-cafe-listen-audio: lesson es-cafe-mission step es-cafe-mission-step-13 — visible prompt/transcript
  PASS es-cafe-listen-model: lesson es-cafe-mission step es-cafe-mission-step-14 — visible prompt/transcript
  PASS fr-family-foundation-model: lesson fr-family-foundation step fr-family-foundation-step-fr-family-foundation-listen-model — visible prompt/transcript
  PASS fr-family-foundation-model: lesson fr-family-foundation legacy dictation fr-family-foundation-listen-model — visible prompt/transcript
  PASS fr-identity-foundation-model: lesson fr-identity-foundation step fr-identity-foundation-step-fr-identity-foundation-listen-model — visible prompt/transcript
  PASS fr-identity-foundation-model: lesson fr-identity-foundation legacy dictation fr-identity-foundation-listen-model — visible prompt/transcript
  PASS fr-numbers-foundation-model: lesson fr-numbers-foundation step fr-numbers-foundation-step-fr-numbers-foundation-listen-model — visible prompt/transcript
  PASS fr-numbers-foundation-model: lesson fr-numbers-foundation legacy dictation fr-numbers-foundation-listen-model — visible prompt/transcript
  PASS fr-people-foundation-model: lesson fr-people-foundation step fr-people-foundation-step-fr-people-foundation-listen-model — visible prompt/transcript
  PASS fr-people-foundation-model: lesson fr-people-foundation legacy dictation fr-people-foundation-listen-model — visible prompt/transcript
  PASS fr-polite-coffee-audio: lesson fr-cafe-order-foundation step fr-cafe-order-foundation-step-fr-cafe-order-foundation-listen-model — visible prompt/transcript
  PASS fr-polite-coffee-audio: lesson fr-cafe-order-foundation legacy dictation fr-cafe-order-foundation-listen-model — visible prompt/transcript
  PASS it-days-foundation-model: lesson it-days-foundation step it-days-foundation-step-rb9 — visible prompt/transcript
  PASS it-days-foundation-model: lesson it-days-foundation step it-days-foundation-step-rb10 — visible prompt/transcript
  PASS it-days-foundation-model: lesson it-days-foundation legacy dictation it-days-foundation-listen-model — visible prompt/transcript
  PASS it-descriptions-foundation-model: lesson it-descriptions-foundation step it-descriptions-foundation-step-rb8 — visible prompt/transcript
  PASS it-descriptions-foundation-model: lesson it-descriptions-foundation step it-descriptions-foundation-step-rb10 — visible prompt/transcript
  PASS it-descriptions-foundation-model: lesson it-descriptions-foundation legacy dictation it-descriptions-foundation-listen-model — visible prompt/transcript
  PASS it-emergency-foundation-model: lesson it-emergency-foundation step it-emergency-foundation-step-rb10 — visible prompt/transcript
  PASS it-emergency-foundation-model: lesson it-emergency-foundation legacy dictation it-emergency-foundation-listen-model — visible prompt/transcript
  PASS it-family-foundation-model: lesson it-family-foundation step it-family-foundation-step-say — visible prompt/transcript
  PASS it-family-foundation-model: lesson it-family-foundation step it-family-foundation-step-it-family-foundation-listen-model — visible prompt/transcript
  PASS it-family-foundation-model: lesson it-family-foundation legacy dictation it-family-foundation-listen-model — visible prompt/transcript
  PASS it-food-foundation-model: lesson it-food-foundation step it-food-foundation-step-say — visible prompt/transcript
  PASS it-food-foundation-model: lesson it-food-foundation step it-food-foundation-step-it-food-foundation-listen-model — visible prompt/transcript
  PASS it-food-foundation-model: lesson it-food-foundation legacy dictation it-food-foundation-listen-model — visible prompt/transcript
  PASS it-identity-foundation-model: lesson it-identity-foundation step it-identity-foundation-step-it-identity-foundation-listen-model — visible prompt/transcript
  PASS it-identity-foundation-model: lesson it-identity-foundation legacy dictation it-identity-foundation-listen-model — visible prompt/transcript
  PASS it-market-foundation-model: lesson it-market-foundation step it-market-foundation-step-say — visible prompt/transcript
  PASS it-market-foundation-model: lesson it-market-foundation step it-market-foundation-step-it-market-foundation-listen-model — visible prompt/transcript
  PASS it-market-foundation-model: lesson it-market-foundation legacy dictation it-market-foundation-listen-model — visible prompt/transcript
  PASS it-negation-foundation-model: lesson it-negation-foundation step it-negation-foundation-step-rb10 — visible prompt/transcript
  PASS it-negation-foundation-model: lesson it-negation-foundation legacy dictation it-negation-foundation-listen-model — visible prompt/transcript
  PASS it-numbers-foundation-model: lesson it-numbers-foundation step it-numbers-foundation-step-rb9 — visible prompt/transcript
  PASS it-numbers-foundation-model: lesson it-numbers-foundation step it-numbers-foundation-step-rb10 — visible prompt/transcript
  PASS it-numbers-foundation-model: lesson it-numbers-foundation legacy dictation it-numbers-foundation-listen-model — visible prompt/transcript
  PASS it-past-foundation-model: lesson it-past-foundation step it-past-foundation-step-rb7 — visible prompt/transcript
  PASS it-past-foundation-model: lesson it-past-foundation legacy dictation it-past-foundation-listen-model — visible prompt/transcript
  PASS it-people-foundation-model: lesson it-people-foundation step it-people-foundation-step-say — visible prompt/transcript
  PASS it-people-foundation-model: lesson it-people-foundation step it-people-foundation-step-it-people-foundation-listen-model — visible prompt/transcript
  PASS it-people-foundation-model: lesson it-people-foundation legacy dictation it-people-foundation-listen-model — visible prompt/transcript
  PASS it-plans-foundation-model: lesson it-plans-foundation step it-plans-foundation-step-rb9 — visible prompt/transcript
  PASS it-plans-foundation-model: lesson it-plans-foundation legacy dictation it-plans-foundation-listen-model — visible prompt/transcript
  PASS it-plural-foundation-model: lesson it-plural-foundation step it-plural-foundation-step-rb9 — visible prompt/transcript
  PASS it-plural-foundation-model: lesson it-plural-foundation step it-plural-foundation-step-rb10 — visible prompt/transcript
  PASS it-plural-foundation-model: lesson it-plural-foundation legacy dictation it-plural-foundation-listen-model — visible prompt/transcript
  PASS it-polite-coffee-audio: lesson it-requests-foundation step it-requests-foundation-step-it-requests-foundation-listen — visible prompt/transcript
  PASS it-polite-coffee-audio: lesson it-requests-foundation legacy dictation it-requests-foundation-listen — visible prompt/transcript
  PASS it-polite-coffee-audio: lesson it-cafe-order-foundation step it-cafe-order-foundation-step-say — visible prompt/transcript
  PASS it-polite-coffee-audio: lesson it-cafe-order-foundation step it-cafe-order-foundation-step-it-cafe-order-foundation-listen-model — visible prompt/transcript
  PASS it-polite-coffee-audio: lesson it-cafe-order-foundation legacy dictation it-cafe-order-foundation-listen-model — visible prompt/transcript
  PASS it-possession-foundation-model: lesson it-possession-foundation step it-possession-foundation-step-rb9 — visible prompt/transcript
  PASS it-possession-foundation-model: lesson it-possession-foundation step it-possession-foundation-step-rb10 — visible prompt/transcript
  PASS it-possession-foundation-model: lesson it-possession-foundation legacy dictation it-possession-foundation-listen-model — visible prompt/transcript
  PASS it-requests-foundation-model: lesson it-requests-foundation step it-requests-foundation-step-say — visible prompt/transcript
  PASS it-requests-foundation-model: lesson it-requests-foundation step it-requests-foundation-step-it-requests-foundation-listen-model — visible prompt/transcript
  PASS it-requests-foundation-model: lesson it-requests-foundation legacy dictation it-requests-foundation-listen-model — visible prompt/transcript
PASS listen tracks: declared durations match the audio; sections are ordered and in range; every device-speech step has visible text
PASS pack + media integrity (check_packs.sh)

== Step 2/6  Editorial backlog report  (tools/audit_editorial.sh — report only, not a gate) ==
SUMMARY fr-foundations (french): total 64 — error-feedback gap 0 surfaces, hint-gap 0/349 steps, ungraded 64 information + 0 self-compare, mission/story final-response gap 0/15
SUMMARY it-foundations (italian): total 72 — error-feedback gap 0 surfaces, hint-gap 0/362 steps, ungraded 60 information + 12 self-compare, mission/story final-response gap 0/13
SUMMARY de-foundations (german): total 68 — error-feedback gap 0 surfaces, hint-gap 0/337 steps, ungraded 68 information + 0 self-compare, mission/story final-response gap 0/16
SUMMARY pt-foundations (portuguese): total 60 — error-feedback gap 0 surfaces, hint-gap 0/344 steps, ungraded 60 information + 0 self-compare, mission/story final-response gap 0/16
SUMMARY es-foundations (spanish): total 142 — error-feedback gap 0 surfaces, hint-gap 0/694 steps, ungraded 133 information + 9 self-compare, mission/story final-response gap 0/26
== OPEN-ENDED GRADING CHECK ==
EXIT-GATE (open-ended free production falsely auto-graded): PASS (0) — free-phrase 0, interrogative 0; informational: comprehension 142
SUMMARY all five packs audited; exit 0 means packs loaded — treat counts as a backlog, not a pass/fail
PASS editorial audit ran — backlog counts above are informational, not a gate

== Step 3/6  Modality-claims audit  (tools/audit_outcomes.py) ==
OUTCOMES AUDIT — declared modality skills vs actual activity types
Pack             Lessons Declaring  Audio-back Self-cmp Write-kinds  Unbacked
-----------------------------------------------------------------------------
fr-foundations        50        50           5        0         181         0
it-foundations        49        49          16       12         209         0
de-foundations        52        52           0        0         178         0
pt-foundations        52        52           0        0         181         0
es-foundations       100       100           1        9         423         0
FINDINGS — none; every declared modality claim is backed -> exit 0
PASS modality-claims audit (audit_outcomes.py) — every declared claim is backed

== Step 4/6  Generated lesson catalog is a faithful snapshot  (tools/gen_lesson_catalog.py) ==
PASS LessonCatalog.generated.swift regenerates byte-identically from the packs

== Step 5/6  Unit tests  (CondiscoTests) ==
Command line invocation:
    /Applications/Xcode.app/Contents/Developer/usr/bin/xcodebuild test -project Condisco.xcodeproj -scheme Condisco -destination "platform=iOS Simulator,name=iPhone 18 Pro" "-only-testing:CondiscoTests" -derivedDataPath /var/folders/3w/91hphlzs0rv_1twbkfyhvn6m0000gn/T//condisco-preflight.bh4YjN/DerivedData ONLY_ACTIVE_ARCH=YES

Build settings from command line:
    ONLY_ACTIVE_ARCH = YES

ComputePackagePrebuildTargetDependencyGraph

Prepare packages

CreateBuildRequest

SendProjectDescription

CreateBuildOperation

ComputeTargetDependencyGraph
note: Building targets in dependency order
note: Target dependency graph (4 targets)
    Target 'CondiscoUITests' in project 'Condisco'
        ➜ Explicit dependency on target 'Condisco' in project 'Condisco'
    Target 'CondiscoTests' in project 'Condisco'
        ➜ Explicit dependency on target 'Condisco' in project 'Condisco'
    Target 'Condisco' in project 'Condisco'
        ➜ Explicit dependency on target 'CondiscoWidget' in project 'Condisco'
    Target 'CondiscoWidget' in project 'Condisco' (no dependencies)

GatherProvisioningInputs

CreateBuildDescription

ExecuteExternalTool /Applications/Xcode.app/Contents/Developer/Toolchains/XcodeDefault.xctoolchain/usr/bin/swiftc --version

ExecuteExternalTool /Applications/Xcode.app/Contents/Developer/usr/bin/actool --print-asset-tag-combinations --output-format xml1 /Users/spkoehl/Projects/VerbaLibera/Condisco/Assets.xcassets

ExecuteExternalTool /Applications/Xcode.app/Contents/Developer/Toolchains/XcodeDefault.xctoolchain/usr/bin/clang -v -E -dM -isysroot /Applications/Xcode.app/Contents/Developer/Platforms/iPhoneSimulator.platform/Developer/SDKs/iPhoneSimulator27.0.sdk -x c -c /dev/null

ExecuteExternalTool /Applications/Xcode.app/Contents/Developer/Toolchains/XcodeDefault.xctoolchain/usr/bin/ld -version_details

ExecuteExternalTool /Applications/Xcode.app/Contents/Developer/usr/bin/actool --version --output-format xml1

Build description signature: c5a3f1ec368706213abbd8323bea7446
Build description path: /var/folders/3w/91hphlzs0rv_1twbkfyhvn6m0000gn/T/condisco-preflight.bh4YjN/DerivedData/Build/Intermediates.noindex/XCBuildData/c5a3f1ec368706213abbd8323bea7446.xcbuilddata
CreateBuildDirectory /var/folders/3w/91hphlzs0rv_1twbkfyhvn6m0000gn/T/condisco-preflight.bh4YjN/DerivedData/SDKExplicitPrecompiledModules
    cd /Users/spkoehl/Projects/VerbaLibera/Condisco.xcodeproj
    builtin-create-build-directory /var/folders/3w/91hphlzs0rv_1twbkfyhvn6m0000gn/T/condisco-preflight.bh4YjN/DerivedData/SDKExplicitPrecompiledModules

CreateBuildDirectory /var/folders/3w/91hphlzs0rv_1twbkfyhvn6m0000gn/T/condisco-preflight.bh4YjN/DerivedData/CompilationCache.noindex
    cd /Users/spkoehl/Projects/VerbaLibera/Condisco.xcodeproj
    builtin-create-build-directory /var/folders/3w/91hphlzs0rv_1twbkfyhvn6m0000gn/T/condisco-preflight.bh4YjN/DerivedData/CompilationCache.noindex

CreateBuildDirectory /var/folders/3w/91hphlzs0rv_1twbkfyhvn6m0000gn/T/condisco-preflight.bh4YjN/DerivedData/ModuleCache.noindex
    cd /Users/spkoehl/Projects/VerbaLibera/Condisco.xcodeproj
    builtin-create-build-directory /var/folders/3w/91hphlzs0rv_1twbkfyhvn6m0000gn/T/condisco-preflight.bh4YjN/DerivedData/ModuleCache.noindex

CreateBuildDirectory /var/folders/3w/91hphlzs0rv_1twbkfyhvn6m0000gn/T/condisco-preflight.bh4YjN/DerivedData/Build/Products
    cd /Users/spkoehl/Projects/VerbaLibera/Condisco.xcodeproj
    builtin-create-build-directory /var/folders/3w/91hphlzs0rv_1twbkfyhvn6m0000gn/T/condisco-preflight.bh4YjN/DerivedData/Build/Products

CreateBuildDirectory /var/folders/3w/91hphlzs0rv_1twbkfyhvn6m0000gn/T/condisco-preflight.bh4YjN/DerivedData/Build/Intermediates.noindex
    cd /Users/spkoehl/Projects/VerbaLibera/Condisco.xcodeproj
    builtin-create-build-directory /var/folders/3w/91hphlzs0rv_1twbkfyhvn6m0000gn/T/condisco-preflight.bh4YjN/DerivedData/Build/Intermediates.noindex

ClangStatCache /Applications/Xcode.app/Contents/Developer/Toolchains/XcodeDefault.xctoolchain/usr/bin/clang-stat-cache /Applications/Xcode.app/Contents/Developer/Platforms/iPhoneSimulator.platform/Developer/SDKs/iPhoneSimulator27.0.sdk /var/folders/3w/91hphlzs0rv_1twbkfyhvn6m0000gn/T/condisco-preflight.bh4YjN/DerivedData/SDKStatCaches.noindex/iphonesimulator27.0-24A430-8dc58220667be655e1bcc261a7455254.sdkstatcache
    cd /Users/spkoehl/Projects/VerbaLibera/Condisco.xcodeproj
    /Applications/Xcode.app/Contents/Developer/Toolchains/XcodeDefault.xctoolchain/usr/bin/clang-stat-cache /Applications/Xcode.app/Contents/Developer/Platforms/iPhoneSimulator.platform/Developer/SDKs/iPhoneSimulator27.0.sdk -o /var/folders/3w/91hphlzs0rv_1twbkfyhvn6m0000gn/T/condisco-preflight.bh4YjN/DerivedData/SDKStatCaches.noindex/iphonesimulator27.0-24A430-8dc58220667be655e1bcc261a7455254.sdkstatcache

CreateBuildDirectory /var/folders/3w/91hphlzs0rv_1twbkfyhvn6m0000gn/T/condisco-preflight.bh4YjN/DerivedData/Build/Products/Debug-iphonesimulator
    cd /Users/spkoehl/Projects/VerbaLibera/Condisco.xcodeproj
    builtin-create-build-directory /var/folders/3w/91hphlzs0rv_1twbkfyhvn6m0000gn/T/condisco-preflight.bh4YjN/DerivedData/Build/Products/Debug-iphonesimulator

CreateBuildDirectory /var/folders/3w/91hphlzs0rv_1twbkfyhvn6m0000gn/T/condisco-preflight.bh4YjN/DerivedData/Build/Intermediates.noindex/SwiftExplicitPrecompiledModules
    cd /Users/spkoehl/Projects/VerbaLibera/Condisco.xcodeproj
    builtin-create-build-directory /var/folders/3w/91hphlzs0rv_1twbkfyhvn6m0000gn/T/condisco-preflight.bh4YjN/DerivedData/Build/Intermediates.noindex/SwiftExplicitPrecompiledModules

CreateBuildDirectory /var/folders/3w/91hphlzs0rv_1twbkfyhvn6m0000gn/T/condisco-preflight.bh4YjN/DerivedData/Build/Intermediates.noindex/PrecompiledHeaders
    cd /Users/spkoehl/Projects/VerbaLibera/Condisco.xcodeproj
    builtin-create-build-directory /var/folders/3w/91hphlzs0rv_1twbkfyhvn6m0000gn/T/condisco-preflight.bh4YjN/DerivedData/Build/Intermediates.noindex/PrecompiledHeaders

CreateBuildDirectory /var/folders/3w/91hphlzs0rv_1twbkfyhvn6m0000gn/T/condisco-preflight.bh4YjN/DerivedData/Build/Intermediates.noindex/ExplicitPrecompiledModules
    cd /Users/spkoehl/Projects/VerbaLibera/Condisco.xcodeproj
    builtin-create-build-directory /var/folders/3w/91hphlzs0rv_1twbkfyhvn6m0000gn/T/condisco-preflight.bh4YjN/DerivedData/Build/Intermediates.noindex/ExplicitPrecompiledModules

WriteAuxiliaryFile /var/folders/3w/91hphlzs0rv_1twbkfyhvn6m0000gn/T/condisco-preflight.bh4YjN/DerivedData/Build/Intermediates.noindex/Condisco.build/Debug-iphonesimulator/Condisco-a06d22f186627733d537732b5233bd82-VFS-iphonesimulator/all-product-headers.yaml
    cd /Users/spkoehl/Projects/VerbaLibera/Condisco.xcodeproj
    write-file /var/folders/3w/91hphlzs0rv_1twbkfyhvn6m0000gn/T/condisco-preflight.bh4YjN/DerivedData/Build/Intermediates.noindex/Condisco.build/Debug-iphonesimulator/Condisco-a06d22f186627733d537732b5233bd82-VFS-iphonesimulator/all-product-headers.yaml

CreateBuildDirectory /var/folders/3w/91hphlzs0rv_1twbkfyhvn6m0000gn/T/condisco-preflight.bh4YjN/DerivedData/Build/Intermediates.noindex/EagerLinkingTBDs/Debug-iphonesimulator
    cd /Users/spkoehl/Projects/VerbaLibera/Condisco.xcodeproj
    builtin-create-build-directory /var/folders/3w/91hphlzs0rv_1twbkfyhvn6m0000gn/T/condisco-preflight.bh4YjN/DerivedData/Build/Intermediates.noindex/EagerLinkingTBDs/Debug-iphonesimulator

WriteAuxiliaryFile /var/folders/3w/91hphlzs0rv_1twbkfyhvn6m0000gn/T/condisco-preflight.bh4YjN/DerivedData/Build/Intermediates.noindex/Condisco.build/Debug-iphonesimulator/CondiscoWidget.build/Objects-normal/arm64/CondiscoWidget.SwiftConstValuesFileList (in target 'CondiscoWidget' from project 'Condisco')
    cd /Users/spkoehl/Projects/VerbaLibera
    write-file /var/folders/3w/91hphlzs0rv_1twbkfyhvn6m0000gn/T/condisco-preflight.bh4YjN/DerivedData/Build/Intermediates.noindex/Condisco.build/Debug-iphonesimulator/CondiscoWidget.build/Objects-normal/arm64/CondiscoWidget.SwiftConstValuesFileList

WriteAuxiliaryFile /var/folders/3w/91hphlzs0rv_1twbkfyhvn6m0000gn/T/condisco-preflight.bh4YjN/DerivedData/Build/Intermediates.noindex/Condisco.build/Debug-iphonesimulator/CondiscoWidget.build/Objects-normal/arm64/CondiscoWidget_const_extract_protocols.json (in target 'CondiscoWidget' from project 'Condisco')
    cd /Users/spkoehl/Projects/VerbaLibera
    write-file /var/folders/3w/91hphlzs0rv_1twbkfyhvn6m0000gn/T/condisco-preflight.bh4YjN/DerivedData/Build/Intermediates.noindex/Condisco.build/Debug-iphonesimulator/CondiscoWidget.build/Objects-normal/arm64/CondiscoWidget_const_extract_protocols.json

WriteAuxiliaryFile /var/folders/3w/91hphlzs0rv_1twbkfyhvn6m0000gn/T/condisco-preflight.bh4YjN/DerivedData/Build/Intermediates.noindex/Condisco.build/Debug-iphonesimulator/CondiscoWidget.build/Objects-normal/arm64/CondiscoWidget.LinkFileList (in target 'CondiscoWidget' from project 'Condisco')
    cd /Users/spkoehl/Projects/VerbaLibera
    write-file /var/folders/3w/91hphlzs0rv_1twbkfyhvn6m0000gn/T/condisco-preflight.bh4YjN/DerivedData/Build/Intermediates.noindex/Condisco.build/Debug-iphonesimulator/CondiscoWidget.build/Objects-normal/arm64/CondiscoWidget.LinkFileList

WriteAuxiliaryFile /var/folders/3w/91hphlzs0rv_1twbkfyhvn6m0000gn/T/condisco-preflight.bh4YjN/DerivedData/Build/Intermediates.noindex/Condisco.build/Debug-iphonesimulator/CondiscoWidget.build/Objects-normal/arm64/CondiscoWidget.SwiftFileList (in target 'CondiscoWidget' from project 'Condisco')
    cd /Users/spkoehl/Projects/VerbaLibera
    write-file /var/folders/3w/91hphlzs0rv_1twbkfyhvn6m0000gn/T/condisco-preflight.bh4YjN/DerivedData/Build/Intermediates.noindex/Condisco.build/Debug-iphonesimulator/CondiscoWidget.build/Objects-normal/arm64/CondiscoWidget.SwiftFileList

WriteAuxiliaryFile /var/folders/3w/91hphlzs0rv_1twbkfyhvn6m0000gn/T/condisco-preflight.bh4YjN/DerivedData/Build/Intermediates.noindex/Condisco.build/Debug-iphonesimulator/CondiscoWidget.build/Objects-normal/arm64/CondiscoWidget-OutputFileMap.json (in target 'CondiscoWidget' from project 'Condisco')
    cd /Users/spkoehl/Projects/VerbaLibera
    write-file /var/folders/3w/91hphlzs0rv_1twbkfyhvn6m0000gn/T/condisco-preflight.bh4YjN/DerivedData/Build/Intermediates.noindex/Condisco.build/Debug-iphonesimulator/CondiscoWidget.build/Objects-normal/arm64/CondiscoWidget-OutputFileMap.json

WriteAuxiliaryFile /var/folders/3w/91hphlzs0rv_1twbkfyhvn6m0000gn/T/condisco-preflight.bh4YjN/DerivedData/Build/Intermediates.noindex/Condisco.build/Debug-iphonesimulator/CondiscoWidget.build/CondiscoWidget.DependencyStaticMetadataFileList (in target 'CondiscoWidget' from project 'Condisco')
    cd /Users/spkoehl/Projects/VerbaLibera
    write-file /var/folders/3w/91hphlzs0rv_1twbkfyhvn6m0000gn/T/condisco-preflight.bh4YjN/DerivedData/Build/Intermediates.noindex/Condisco.build/Debug-iphonesimulator/CondiscoWidget.build/CondiscoWidget.DependencyStaticMetadataFileList

WriteAuxiliaryFile /var/folders/3w/91hphlzs0rv_1twbkfyhvn6m0000gn/T/condisco-preflight.bh4YjN/DerivedData/Build/Intermediates.noindex/Condisco.build/Debug-iphonesimulator/CondiscoWidget.build/CondiscoWidget.hmap (in target 'CondiscoWidget' from project 'Condisco')
    cd /Users/spkoehl/Projects/VerbaLibera
    write-file /var/folders/3w/91hphlzs0rv_1twbkfyhvn6m0000gn/T/condisco-preflight.bh4YjN/DerivedData/Build/Intermediates.noindex/Condisco.build/Debug-iphonesimulator/CondiscoWidget.build/CondiscoWidget.hmap

WriteAuxiliaryFile /var/folders/3w/91hphlzs0rv_1twbkfyhvn6m0000gn/T/condisco-preflight.bh4YjN/DerivedData/Build/Intermediates.noindex/Condisco.build/Debug-iphonesimulator/CondiscoWidget.build/DerivedSources/Entitlements-Simulated.plist (in target 'CondiscoWidget' from project 'Condisco')
    cd /Users/spkoehl/Projects/VerbaLibera
    write-file /var/folders/3w/91hphlzs0rv_1twbkfyhvn6m0000gn/T/condisco-preflight.bh4YjN/DerivedData/Build/Intermediates.noindex/Condisco.build/Debug-iphonesimulator/CondiscoWidget.build/DerivedSources/Entitlements-Simulated.plist

WriteAuxiliaryFile /var/folders/3w/91hphlzs0rv_1twbkfyhvn6m0000gn/T/condisco-preflight.bh4YjN/DerivedData/Build/Intermediates.noindex/Condisco.build/Debug-iphonesimulator/CondiscoWidget.build/CondiscoWidget.DependencyMetadataFileList (in target 'CondiscoWidget' from project 'Condisco')
    cd /Users/spkoehl/Projects/VerbaLibera
    write-file /var/folders/3w/91hphlzs0rv_1twbkfyhvn6m0000gn/T/condisco-preflight.bh4YjN/DerivedData/Build/Intermediates.noindex/Condisco.build/Debug-iphonesimulator/CondiscoWidget.build/CondiscoWidget.DependencyMetadataFileList

WriteAuxiliaryFile /var/folders/3w/91hphlzs0rv_1twbkfyhvn6m0000gn/T/condisco-preflight.bh4YjN/DerivedData/Build/Intermediates.noindex/Condisco.build/Debug-iphonesimulator/CondiscoWidget.build/CondiscoWidget-project-headers.hmap (in target 'CondiscoWidget' from project 'Condisco')
    cd /Users/spkoehl/Projects/VerbaLibera
    write-file /var/folders/3w/91hphlzs0rv_1twbkfyhvn6m0000gn/T/condisco-preflight.bh4YjN/DerivedData/Build/Intermediates.noindex/Condisco.build/Debug-iphonesimulator/CondiscoWidget.build/CondiscoWidget-project-headers.hmap

WriteAuxiliaryFile /var/folders/3w/91hphlzs0rv_1twbkfyhvn6m0000gn/T/condisco-preflight.bh4YjN/DerivedData/Build/Intermediates.noindex/Condisco.build/Debug-iphonesimulator/CondiscoWidget.build/CondiscoWidget-own-target-headers.hmap (in target 'CondiscoWidget' from project 'Condisco')
    cd /Users/spkoehl/Projects/VerbaLibera
    write-file /var/folders/3w/91hphlzs0rv_1twbkfyhvn6m0000gn/T/condisco-preflight.bh4YjN/DerivedData/Build/Intermediates.noindex/Condisco.build/Debug-iphonesimulator/CondiscoWidget.build/CondiscoWidget-own-target-headers.hmap

WriteAuxiliaryFile /var/folders/3w/91hphlzs0rv_1twbkfyhvn6m0000gn/T/condisco-preflight.bh4YjN/DerivedData/Build/Intermediates.noindex/Condisco.build/Debug-iphonesimulator/CondiscoWidget.build/CondiscoWidget-generated-files.hmap (in target 'CondiscoWidget' from project 'Condisco')
    cd /Users/spkoehl/Projects/VerbaLibera
    write-file /var/folders/3w/91hphlzs0rv_1twbkfyhvn6m0000gn/T/condisco-preflight.bh4YjN/DerivedData/Build/Intermediates.noindex/Condisco.build/Debug-iphonesimulator/CondiscoWidget.build/CondiscoWidget-generated-files.hmap

WriteAuxiliaryFile /var/folders/3w/91hphlzs0rv_1twbkfyhvn6m0000gn/T/condisco-preflight.bh4YjN/DerivedData/Build/Intermediates.noindex/Condisco.build/Debug-iphonesimulator/CondiscoWidget.build/CondiscoWidget-all-target-headers.hmap (in target 'CondiscoWidget' from project 'Condisco')
    cd /Users/spkoehl/Projects/VerbaLibera
    write-file /var/folders/3w/91hphlzs0rv_1twbkfyhvn6m0000gn/T/condisco-preflight.bh4YjN/DerivedData/Build/Intermediates.noindex/Condisco.build/Debug-iphonesimulator/CondiscoWidget.build/CondiscoWidget-all-target-headers.hmap

WriteAuxiliaryFile /var/folders/3w/91hphlzs0rv_1twbkfyhvn6m0000gn/T/condisco-preflight.bh4YjN/DerivedData/Build/Intermediates.noindex/Condisco.build/Debug-iphonesimulator/CondiscoWidget.build/CondiscoWidget-all-non-framework-target-headers.hmap (in target 'CondiscoWidget' from project 'Condisco')
    cd /Users/spkoehl/Projects/VerbaLibera
    write-file /var/folders/3w/91hphlzs0rv_1twbkfyhvn6m0000gn/T/condisco-preflight.bh4YjN/DerivedData/Build/Intermediates.noindex/Condisco.build/Debug-iphonesimulator/CondiscoWidget.build/CondiscoWidget-all-non-framework-target-headers.hmap

WriteAuxiliaryFile /var/folders/3w/91hphlzs0rv_1twbkfyhvn6m0000gn/T/condisco-preflight.bh4YjN/DerivedData/Build/Intermediates.noindex/Condisco.build/Debug-iphonesimulator/CondiscoWidget.build/CondiscoWidget-DebugEntryPoint-normal-arm64.txt (in target 'CondiscoWidget' from project 'Condisco')
    cd /Users/spkoehl/Projects/VerbaLibera
    write-file /var/folders/3w/91hphlzs0rv_1twbkfyhvn6m0000gn/T/condisco-preflight.bh4YjN/DerivedData/Build/Intermediates.noindex/Condisco.build/Debug-iphonesimulator/CondiscoWidget.build/CondiscoWidget-DebugEntryPoint-normal-arm64.txt

WriteAuxiliaryFile /var/folders/3w/91hphlzs0rv_1twbkfyhvn6m0000gn/T/condisco-preflight.bh4YjN/DerivedData/Build/Intermediates.noindex/Condisco.build/Debug-iphonesimulator/CondiscoWidget.build/CondiscoWidget-DebugDylibPath-normal-arm64.txt (in target 'CondiscoWidget' from project 'Condisco')
    cd /Users/spkoehl/Projects/VerbaLibera
    write-file /var/folders/3w/91hphlzs0rv_1twbkfyhvn6m0000gn/T/condisco-preflight.bh4YjN/DerivedData/Build/Intermediates.noindex/Condisco.build/Debug-iphonesimulator/CondiscoWidget.build/CondiscoWidget-DebugDylibPath-normal-arm64.txt

WriteAuxiliaryFile /var/folders/3w/91hphlzs0rv_1twbkfyhvn6m0000gn/T/condisco-preflight.bh4YjN/DerivedData/Build/Intermediates.noindex/Condisco.build/Debug-iphonesimulator/CondiscoWidget.build/CondiscoWidget-DebugDylibInstallName-normal-arm64.txt (in target 'CondiscoWidget' from project 'Condisco')
    cd /Users/spkoehl/Projects/VerbaLibera
    write-file /var/folders/3w/91hphlzs0rv_1twbkfyhvn6m0000gn/T/condisco-preflight.bh4YjN/DerivedData/Build/Intermediates.noindex/Condisco.build/Debug-iphonesimulator/CondiscoWidget.build/CondiscoWidget-DebugDylibInstallName-normal-arm64.txt

WriteAuxiliaryFile /var/folders/3w/91hphlzs0rv_1twbkfyhvn6m0000gn/T/condisco-preflight.bh4YjN/DerivedData/Build/Intermediates.noindex/Condisco.build/Debug-iphonesimulator/CondiscoUITests.build/empty-CondiscoUITests.plist (in target 'CondiscoUITests' from project 'Condisco')
    cd /Users/spkoehl/Projects/VerbaLibera
    write-file /var/folders/3w/91hphlzs0rv_1twbkfyhvn6m0000gn/T/condisco-preflight.bh4YjN/DerivedData/Build/Intermediates.noindex/Condisco.build/Debug-iphonesimulator/CondiscoUITests.build/empty-CondiscoUITests.plist

WriteAuxiliaryFile /var/folders/3w/91hphlzs0rv_1twbkfyhvn6m0000gn/T/condisco-preflight.bh4YjN/DerivedData/Build/Intermediates.noindex/Condisco.build/Debug-iphonesimulator/CondiscoUITests.build/ProductTypeInfoPlistAdditions.plist (in target 'CondiscoUITests' from project 'Condisco')
    cd /Users/spkoehl/Projects/VerbaLibera
    write-file /var/folders/3w/91hphlzs0rv_1twbkfyhvn6m0000gn/T/condisco-preflight.bh4YjN/DerivedData/Build/Intermediates.noindex/Condisco.build/Debug-iphonesimulator/CondiscoUITests.build/ProductTypeInfoPlistAdditions.plist

WriteAuxiliaryFile /var/folders/3w/91hphlzs0rv_1twbkfyhvn6m0000gn/T/condisco-preflight.bh4YjN/DerivedData/Build/Intermediates.noindex/Condisco.build/Debug-iphonesimulator/CondiscoUITests.build/Objects-normal/arm64/CondiscoUITests_const_extract_protocols.json (in target 'CondiscoUITests' from project 'Condisco')
    cd /Users/spkoehl/Projects/VerbaLibera
    write-file /var/folders/3w/91hphlzs0rv_1twbkfyhvn6m0000gn/T/condisco-preflight.bh4YjN/DerivedData/Build/Intermediates.noindex/Condisco.build/Debug-iphonesimulator/CondiscoUITests.build/Objects-normal/arm64/CondiscoUITests_const_extract_protocols.json

WriteAuxiliaryFile /var/folders/3w/91hphlzs0rv_1twbkfyhvn6m0000gn/T/condisco-preflight.bh4YjN/DerivedData/Build/Intermediates.noindex/Condisco.build/Debug-iphonesimulator/CondiscoUITests.build/Objects-normal/arm64/CondiscoUITests.SwiftFileList (in target 'CondiscoUITests' from project 'Condisco')
    cd /Users/spkoehl/Projects/VerbaLibera
    write-file /var/folders/3w/91hphlzs0rv_1twbkfyhvn6m0000gn/T/condisco-preflight.bh4YjN/DerivedData/Build/Intermediates.noindex/Condisco.build/Debug-iphonesimulator/CondiscoUITests.build/Objects-normal/arm64/CondiscoUITests.SwiftFileList

WriteAuxiliaryFile /var/folders/3w/91hphlzs0rv_1twbkfyhvn6m0000gn/T/condisco-preflight.bh4YjN/DerivedData/Build/Intermediates.noindex/Condisco.build/Debug-iphonesimulator/CondiscoUITests.build/Objects-normal/arm64/CondiscoUITests.SwiftConstValuesFileList (in target 'CondiscoUITests' from project 'Condisco')
    cd /Users/spkoehl/Projects/VerbaLibera
    write-file /var/folders/3w/91hphlzs0rv_1twbkfyhvn6m0000gn/T/condisco-preflight.bh4YjN/DerivedData/Build/Intermediates.noindex/Condisco.build/Debug-iphonesimulator/CondiscoUITests.build/Objects-normal/arm64/CondiscoUITests.SwiftConstValuesFileList

WriteAuxiliaryFile /var/folders/3w/91hphlzs0rv_1twbkfyhvn6m0000gn/T/condisco-preflight.bh4YjN/DerivedData/Build/Intermediates.noindex/Condisco.build/Debug-iphonesimulator/CondiscoUITests.build/Objects-normal/arm64/CondiscoUITests.LinkFileList (in target 'CondiscoUITests' from project 'Condisco')
    cd /Users/spkoehl/Projects/VerbaLibera
    write-file /var/folders/3w/91hphlzs0rv_1twbkfyhvn6m0000gn/T/condisco-preflight.bh4YjN/DerivedData/Build/Intermediates.noindex/Condisco.build/Debug-iphonesimulator/CondiscoUITests.build/Objects-normal/arm64/CondiscoUITests.LinkFileList

WriteAuxiliaryFile /var/folders/3w/91hphlzs0rv_1twbkfyhvn6m0000gn/T/condisco-preflight.bh4YjN/DerivedData/Build/Intermediates.noindex/Condisco.build/Debug-iphonesimulator/CondiscoUITests.build/Objects-normal/arm64/CondiscoUITests-OutputFileMap.json (in target 'CondiscoUITests' from project 'Condisco')
    cd /Users/spkoehl/Projects/VerbaLibera
    write-file /var/folders/3w/91hphlzs0rv_1twbkfyhvn6m0000gn/T/condisco-preflight.bh4YjN/DerivedData/Build/Intermediates.noindex/Condisco.build/Debug-iphonesimulator/CondiscoUITests.build/Objects-normal/arm64/CondiscoUITests-OutputFileMap.json

WriteAuxiliaryFile /var/folders/3w/91hphlzs0rv_1twbkfyhvn6m0000gn/T/condisco-preflight.bh4YjN/DerivedData/Build/Intermediates.noindex/Condisco.build/Debug-iphonesimulator/CondiscoUITests.build/CondiscoUITests.hmap (in target 'CondiscoUITests' from project 'Condisco')
    cd /Users/spkoehl/Projects/VerbaLibera
    write-file /var/folders/3w/91hphlzs0rv_1twbkfyhvn6m0000gn/T/condisco-preflight.bh4YjN/DerivedData/Build/Intermediates.noindex/Condisco.build/Debug-iphonesimulator/CondiscoUITests.build/CondiscoUITests.hmap

WriteAuxiliaryFile /var/folders/3w/91hphlzs0rv_1twbkfyhvn6m0000gn/T/condisco-preflight.bh4YjN/DerivedData/Build/Intermediates.noindex/Condisco.build/Debug-iphonesimulator/CondiscoUITests.build/DerivedSources/Entitlements-Simulated.plist (in target 'CondiscoUITests' from project 'Condisco')
    cd /Users/spkoehl/Projects/VerbaLibera
    write-file /var/folders/3w/91hphlzs0rv_1twbkfyhvn6m0000gn/T/condisco-preflight.bh4YjN/DerivedData/Build/Intermediates.noindex/Condisco.build/Debug-iphonesimulator/CondiscoUITests.build/DerivedSources/Entitlements-Simulated.plist

WriteAuxiliaryFile /var/folders/3w/91hphlzs0rv_1twbkfyhvn6m0000gn/T/condisco-preflight.bh4YjN/DerivedData/Build/Intermediates.noindex/Condisco.build/Debug-iphonesimulator/CondiscoUITests.build/CondiscoUITests.DependencyStaticMetadataFileList (in target 'CondiscoUITests' from project 'Condisco')
    cd /Users/spkoehl/Projects/VerbaLibera
    write-file /var/folders/3w/91hphlzs0rv_1twbkfyhvn6m0000gn/T/condisco-preflight.bh4YjN/DerivedData/Build/Intermediates.noindex/Condisco.build/Debug-iphonesimulator/CondiscoUITests.build/CondiscoUITests.DependencyStaticMetadataFileList

WriteAuxiliaryFile /var/folders/3w/91hphlzs0rv_1twbkfyhvn6m0000gn/T/condisco-preflight.bh4YjN/DerivedData/Build/Intermediates.noindex/Condisco.build/Debug-iphonesimulator/CondiscoUITests.build/CondiscoUITests.DependencyMetadataFileList (in target 'CondiscoUITests' from project 'Condisco')
    cd /Users/spkoehl/Projects/VerbaLibera
    write-file /var/folders/3w/91hphlzs0rv_1twbkfyhvn6m0000gn/T/condisco-preflight.bh4YjN/DerivedData/Build/Intermediates.noindex/Condisco.build/Debug-iphonesimulator/CondiscoUITests.build/CondiscoUITests.DependencyMetadataFileList

WriteAuxiliaryFile /var/folders/3w/91hphlzs0rv_1twbkfyhvn6m0000gn/T/condisco-preflight.bh4YjN/DerivedData/Build/Intermediates.noindex/Condisco.build/Debug-iphonesimulator/CondiscoUITests.build/CondiscoUITests-project-headers.hmap (in target 'CondiscoUITests' from project 'Condisco')
    cd /Users/spkoehl/Projects/VerbaLibera
    write-file /var/folders/3w/91hphlzs0rv_1twbkfyhvn6m0000gn/T/condisco-preflight.bh4YjN/DerivedData/Build/Intermediates.noindex/Condisco.build/Debug-iphonesimulator/CondiscoUITests.build/CondiscoUITests-project-headers.hmap

WriteAuxiliaryFile /var/folders/3w/91hphlzs0rv_1twbkfyhvn6m0000gn/T/condisco-preflight.bh4YjN/DerivedData/Build/Intermediates.noindex/Condisco.build/Debug-iphonesimulator/CondiscoUITests.build/CondiscoUITests-own-target-headers.hmap (in target 'CondiscoUITests' from project 'Condisco')
    cd /Users/spkoehl/Projects/VerbaLibera
    write-file /var/folders/3w/91hphlzs0rv_1twbkfyhvn6m0000gn/T/condisco-preflight.bh4YjN/DerivedData/Build/Intermediates.noindex/Condisco.build/Debug-iphonesimulator/CondiscoUITests.build/CondiscoUITests-own-target-headers.hmap

WriteAuxiliaryFile /var/folders/3w/91hphlzs0rv_1twbkfyhvn6m0000gn/T/condisco-preflight.bh4YjN/DerivedData/Build/Intermediates.noindex/Condisco.build/Debug-iphonesimulator/CondiscoUITests.build/CondiscoUITests-generated-files.hmap (in target 'CondiscoUITests' from project 'Condisco')
    cd /Users/spkoehl/Projects/VerbaLibera
    write-file /var/folders/3w/91hphlzs0rv_1twbkfyhvn6m0000gn/T/condisco-preflight.bh4YjN/DerivedData/Build/Intermediates.noindex/Condisco.build/Debug-iphonesimulator/CondiscoUITests.build/CondiscoUITests-generated-files.hmap

WriteAuxiliaryFile /var/folders/3w/91hphlzs0rv_1twbkfyhvn6m0000gn/T/condisco-preflight.bh4YjN/DerivedData/Build/Intermediates.noindex/Condisco.build/Debug-iphonesimulator/CondiscoUITests.build/CondiscoUITests-all-target-headers.hmap (in target 'CondiscoUITests' from project 'Condisco')
    cd /Users/spkoehl/Projects/VerbaLibera
    write-file /var/folders/3w/91hphlzs0rv_1twbkfyhvn6m0000gn/T/condisco-preflight.bh4YjN/DerivedData/Build/Intermediates.noindex/Condisco.build/Debug-iphonesimulator/CondiscoUITests.build/CondiscoUITests-all-target-headers.hmap

WriteAuxiliaryFile /var/folders/3w/91hphlzs0rv_1twbkfyhvn6m0000gn/T/condisco-preflight.bh4YjN/DerivedData/Build/Intermediates.noindex/Condisco.build/Debug-iphonesimulator/CondiscoUITests.build/CondiscoUITests-all-non-framework-target-headers.hmap (in target 'CondiscoUITests' from project 'Condisco')
    cd /Users/spkoehl/Projects/VerbaLibera
    write-file /var/folders/3w/91hphlzs0rv_1twbkfyhvn6m0000gn/T/condisco-preflight.bh4YjN/DerivedData/Build/Intermediates.noindex/Condisco.build/Debug-iphonesimulator/CondiscoUITests.build/CondiscoUITests-all-non-framework-target-headers.hmap

WriteAuxiliaryFile /var/folders/3w/91hphlzs0rv_1twbkfyhvn6m0000gn/T/condisco-preflight.bh4YjN/DerivedData/Build/Intermediates.noindex/Condisco.build/Debug-iphonesimulator/CondiscoTests.build/empty-CondiscoTests.plist (in target 'CondiscoTests' from project 'Condisco')
    cd /Users/spkoehl/Projects/VerbaLibera
    write-file /var/folders/3w/91hphlzs0rv_1twbkfyhvn6m0000gn/T/condisco-preflight.bh4YjN/DerivedData/Build/Intermediates.noindex/Condisco.build/Debug-iphonesimulator/CondiscoTests.build/empty-CondiscoTests.plist

WriteAuxiliaryFile /var/folders/3w/91hphlzs0rv_1twbkfyhvn6m0000gn/T/condisco-preflight.bh4YjN/DerivedData/Build/Intermediates.noindex/Condisco.build/Debug-iphonesimulator/CondiscoTests.build/Objects-normal/arm64/CondiscoTests_const_extract_protocols.json (in target 'CondiscoTests' from project 'Condisco')
    cd /Users/spkoehl/Projects/VerbaLibera
    write-file /var/folders/3w/91hphlzs0rv_1twbkfyhvn6m0000gn/T/condisco-preflight.bh4YjN/DerivedData/Build/Intermediates.noindex/Condisco.build/Debug-iphonesimulator/CondiscoTests.build/Objects-normal/arm64/CondiscoTests_const_extract_protocols.json

WriteAuxiliaryFile /var/folders/3w/91hphlzs0rv_1twbkfyhvn6m0000gn/T/condisco-preflight.bh4YjN/DerivedData/Build/Intermediates.noindex/Condisco.build/Debug-iphonesimulator/CondiscoTests.build/Objects-normal/arm64/CondiscoTests.SwiftFileList (in target 'CondiscoTests' from project 'Condisco')
    cd /Users/spkoehl/Projects/VerbaLibera
    write-file /var/folders/3w/91hphlzs0rv_1twbkfyhvn6m0000gn/T/condisco-preflight.bh4YjN/DerivedData/Build/Intermediates.noindex/Condisco.build/Debug-iphonesimulator/CondiscoTests.build/Objects-normal/arm64/CondiscoTests.SwiftFileList

WriteAuxiliaryFile /var/folders/3w/91hphlzs0rv_1twbkfyhvn6m0000gn/T/condisco-preflight.bh4YjN/DerivedData/Build/Intermediates.noindex/Condisco.build/Debug-iphonesimulator/CondiscoTests.build/Objects-normal/arm64/CondiscoTests.SwiftConstValuesFileList (in target 'CondiscoTests' from project 'Condisco')
    cd /Users/spkoehl/Projects/VerbaLibera
    write-file /var/folders/3w/91hphlzs0rv_1twbkfyhvn6m0000gn/T/condisco-preflight.bh4YjN/DerivedData/Build/Intermediates.noindex/Condisco.build/Debug-iphonesimulator/CondiscoTests.build/Objects-normal/arm64/CondiscoTests.SwiftConstValuesFileList

WriteAuxiliaryFile /var/folders/3w/91hphlzs0rv_1twbkfyhvn6m0000gn/T/condisco-preflight.bh4YjN/DerivedData/Build/Intermediates.noindex/Condisco.build/Debug-iphonesimulator/CondiscoTests.build/Objects-normal/arm64/CondiscoTests.LinkFileList (in target 'CondiscoTests' from project 'Condisco')
    cd /Users/spkoehl/Projects/VerbaLibera
    write-file /var/folders/3w/91hphlzs0rv_1twbkfyhvn6m0000gn/T/condisco-preflight.bh4YjN/DerivedData/Build/Intermediates.noindex/Condisco.build/Debug-iphonesimulator/CondiscoTests.build/Objects-normal/arm64/CondiscoTests.LinkFileList

WriteAuxiliaryFile /var/folders/3w/91hphlzs0rv_1twbkfyhvn6m0000gn/T/condisco-preflight.bh4YjN/DerivedData/Build/Intermediates.noindex/Condisco.build/Debug-iphonesimulator/CondiscoTests.build/Objects-normal/arm64/CondiscoTests-OutputFileMap.json (in target 'CondiscoTests' from project 'Condisco')
    cd /Users/spkoehl/Projects/VerbaLibera
    write-file /var/folders/3w/91hphlzs0rv_1twbkfyhvn6m0000gn/T/condisco-preflight.bh4YjN/DerivedData/Build/Intermediates.noindex/Condisco.build/Debug-iphonesimulator/CondiscoTests.build/Objects-normal/arm64/CondiscoTests-OutputFileMap.json

WriteAuxiliaryFile /var/folders/3w/91hphlzs0rv_1twbkfyhvn6m0000gn/T/condisco-preflight.bh4YjN/DerivedData/Build/Intermediates.noindex/Condisco.build/Debug-iphonesimulator/CondiscoTests.build/CondiscoTests.hmap (in target 'CondiscoTests' from project 'Condisco')
    cd /Users/spkoehl/Projects/VerbaLibera
    write-file /var/folders/3w/91hphlzs0rv_1twbkfyhvn6m0000gn/T/condisco-preflight.bh4YjN/DerivedData/Build/Intermediates.noindex/Condisco.build/Debug-iphonesimulator/CondiscoTests.build/CondiscoTests.hmap

WriteAuxiliaryFile /var/folders/3w/91hphlzs0rv_1twbkfyhvn6m0000gn/T/condisco-preflight.bh4YjN/DerivedData/Build/Intermediates.noindex/Condisco.build/Debug-iphonesimulator/CondiscoTests.build/CondiscoTests.DependencyStaticMetadataFileList (in target 'CondiscoTests' from project 'Condisco')
    cd /Users/spkoehl/Projects/VerbaLibera
    write-file /var/folders/3w/91hphlzs0rv_1twbkfyhvn6m0000gn/T/condisco-preflight.bh4YjN/DerivedData/Build/Intermediates.noindex/Condisco.build/Debug-iphonesimulator/CondiscoTests.build/CondiscoTests.DependencyStaticMetadataFileList

WriteAuxiliaryFile /var/folders/3w/91hphlzs0rv_1twbkfyhvn6m0000gn/T/condisco-preflight.bh4YjN/DerivedData/Build/Intermediates.noindex/Condisco.build/Debug-iphonesimulator/CondiscoTests.build/CondiscoTests.DependencyMetadataFileList (in target 'CondiscoTests' from project 'Condisco')
    cd /Users/spkoehl/Projects/VerbaLibera
    write-file /var/folders/3w/91hphlzs0rv_1twbkfyhvn6m0000gn/T/condisco-preflight.bh4YjN/DerivedData/Build/Intermediates.noindex/Condisco.build/Debug-iphonesimulator/CondiscoTests.build/CondiscoTests.DependencyMetadataFileList

WriteAuxiliaryFile /var/folders/3w/91hphlzs0rv_1twbkfyhvn6m0000gn/T/condisco-preflight.bh4YjN/DerivedData/Build/Intermediates.noindex/Condisco.build/Debug-iphonesimulator/CondiscoTests.build/CondiscoTests-project-headers.hmap (in target 'CondiscoTests' from project 'Condisco')
    cd /Users/spkoehl/Projects/VerbaLibera
    write-file /var/folders/3w/91hphlzs0rv_1twbkfyhvn6m0000gn/T/condisco-preflight.bh4YjN/DerivedData/Build/Intermediates.noindex/Condisco.build/Debug-iphonesimulator/CondiscoTests.build/CondiscoTests-project-headers.hmap

WriteAuxiliaryFile /var/folders/3w/91hphlzs0rv_1twbkfyhvn6m0000gn/T/condisco-preflight.bh4YjN/DerivedData/Build/Intermediates.noindex/Condisco.build/Debug-iphonesimulator/CondiscoTests.build/CondiscoTests-own-target-headers.hmap (in target 'CondiscoTests' from project 'Condisco')
    cd /Users/spkoehl/Projects/VerbaLibera
    write-file /var/folders/3w/91hphlzs0rv_1twbkfyhvn6m0000gn/T/condisco-preflight.bh4YjN/DerivedData/Build/Intermediates.noindex/Condisco.build/Debug-iphonesimulator/CondiscoTests.build/CondiscoTests-own-target-headers.hmap

WriteAuxiliaryFile /var/folders/3w/91hphlzs0rv_1twbkfyhvn6m0000gn/T/condisco-preflight.bh4YjN/DerivedData/Build/Intermediates.noindex/Condisco.build/Debug-iphonesimulator/CondiscoTests.build/CondiscoTests-generated-files.hmap (in target 'CondiscoTests' from project 'Condisco')
    cd /Users/spkoehl/Projects/VerbaLibera
    write-file /var/folders/3w/91hphlzs0rv_1twbkfyhvn6m0000gn/T/condisco-preflight.bh4YjN/DerivedData/Build/Intermediates.noindex/Condisco.build/Debug-iphonesimulator/CondiscoTests.build/CondiscoTests-generated-files.hmap

WriteAuxiliaryFile /var/folders/3w/91hphlzs0rv_1twbkfyhvn6m0000gn/T/condisco-preflight.bh4YjN/DerivedData/Build/Intermediates.noindex/Condisco.build/Debug-iphonesimulator/CondiscoTests.build/CondiscoTests-all-target-headers.hmap (in target 'CondiscoTests' from project 'Condisco')
    cd /Users/spkoehl/Projects/VerbaLibera
    write-file /var/folders/3w/91hphlzs0rv_1twbkfyhvn6m0000gn/T/condisco-preflight.bh4YjN/DerivedData/Build/Intermediates.noindex/Condisco.build/Debug-iphonesimulator/CondiscoTests.build/CondiscoTests-all-target-headers.hmap

WriteAuxiliaryFile /var/folders/3w/91hphlzs0rv_1twbkfyhvn6m0000gn/T/condisco-preflight.bh4YjN/DerivedData/Build/Intermediates.noindex/Condisco.build/Debug-iphonesimulator/CondiscoTests.build/CondiscoTests-all-non-framework-target-headers.hmap (in target 'CondiscoTests' from project 'Condisco')
    cd /Users/spkoehl/Projects/VerbaLibera
    write-file /var/folders/3w/91hphlzs0rv_1twbkfyhvn6m0000gn/T/condisco-preflight.bh4YjN/DerivedData/Build/Intermediates.noindex/Condisco.build/Debug-iphonesimulator/CondiscoTests.build/CondiscoTests-all-non-framework-target-headers.hmap

WriteAuxiliaryFile /var/folders/3w/91hphlzs0rv_1twbkfyhvn6m0000gn/T/condisco-preflight.bh4YjN/DerivedData/Build/Intermediates.noindex/Condisco.build/Debug-iphonesimulator/Condisco.build/Objects-normal/arm64/Condisco_const_extract_protocols.json (in target 'Condisco' from project 'Condisco')
    cd /Users/spkoehl/Projects/VerbaLibera
    write-file /var/folders/3w/91hphlzs0rv_1twbkfyhvn6m0000gn/T/condisco-preflight.bh4YjN/DerivedData/Build/Intermediates.noindex/Condisco.build/Debug-iphonesimulator/Condisco.build/Objects-normal/arm64/Condisco_const_extract_protocols.json

WriteAuxiliaryFile /var/folders/3w/91hphlzs0rv_1twbkfyhvn6m0000gn/T/condisco-preflight.bh4YjN/DerivedData/Build/Intermediates.noindex/Condisco.build/Debug-iphonesimulator/Condisco.build/Objects-normal/arm64/Condisco.SwiftConstValuesFileList (in target 'Condisco' from project 'Condisco')
    cd /Users/spkoehl/Projects/VerbaLibera
    write-file /var/folders/3w/91hphlzs0rv_1twbkfyhvn6m0000gn/T/condisco-preflight.bh4YjN/DerivedData/Build/Intermediates.noindex/Condisco.build/Debug-iphonesimulator/Condisco.build/Objects-normal/arm64/Condisco.SwiftConstValuesFileList

WriteAuxiliaryFile /var/folders/3w/91hphlzs0rv_1twbkfyhvn6m0000gn/T/condisco-preflight.bh4YjN/DerivedData/Build/Intermediates.noindex/Condisco.build/Debug-iphonesimulator/Condisco.build/Objects-normal/arm64/Condisco.SwiftFileList (in target 'Condisco' from project 'Condisco')
    cd /Users/spkoehl/Projects/VerbaLibera
    write-file /var/folders/3w/91hphlzs0rv_1twbkfyhvn6m0000gn/T/condisco-preflight.bh4YjN/DerivedData/Build/Intermediates.noindex/Condisco.build/Debug-iphonesimulator/Condisco.build/Objects-normal/arm64/Condisco.SwiftFileList

WriteAuxiliaryFile /var/folders/3w/91hphlzs0rv_1twbkfyhvn6m0000gn/T/condisco-preflight.bh4YjN/DerivedData/Build/Intermediates.noindex/Condisco.build/Debug-iphonesimulator/Condisco.build/Objects-normal/arm64/Condisco.LinkFileList (in target 'Condisco' from project 'Condisco')
    cd /Users/spkoehl/Projects/VerbaLibera
    write-file /var/folders/3w/91hphlzs0rv_1twbkfyhvn6m0000gn/T/condisco-preflight.bh4YjN/DerivedData/Build/Intermediates.noindex/Condisco.build/Debug-iphonesimulator/Condisco.build/Objects-normal/arm64/Condisco.LinkFileList

WriteAuxiliaryFile /var/folders/3w/91hphlzs0rv_1twbkfyhvn6m0000gn/T/condisco-preflight.bh4YjN/DerivedData/Build/Intermediates.noindex/Condisco.build/Debug-iphonesimulator/Condisco.build/Objects-normal/arm64/Condisco-OutputFileMap.json (in target 'Condisco' from project 'Condisco')
    cd /Users/spkoehl/Projects/VerbaLibera
    write-file /var/folders/3w/91hphlzs0rv_1twbkfyhvn6m0000gn/T/condisco-preflight.bh4YjN/DerivedData/Build/Intermediates.noindex/Condisco.build/Debug-iphonesimulator/Condisco.build/Objects-normal/arm64/Condisco-OutputFileMap.json

WriteAuxiliaryFile /var/folders/3w/91hphlzs0rv_1twbkfyhvn6m0000gn/T/condisco-preflight.bh4YjN/DerivedData/Build/Intermediates.noindex/Condisco.build/Debug-iphonesimulator/Condisco.build/DerivedSources/Entitlements-Simulated.plist (in target 'Condisco' from project 'Condisco')
    cd /Users/spkoehl/Projects/VerbaLibera
    write-file /var/folders/3w/91hphlzs0rv_1twbkfyhvn6m0000gn/T/condisco-preflight.bh4YjN/DerivedData/Build/Intermediates.noindex/Condisco.build/Debug-iphonesimulator/Condisco.build/DerivedSources/Entitlements-Simulated.plist

WriteAuxiliaryFile /var/folders/3w/91hphlzs0rv_1twbkfyhvn6m0000gn/T/condisco-preflight.bh4YjN/DerivedData/Build/Intermediates.noindex/Condisco.build/Debug-iphonesimulator/Condisco.build/Condisco.hmap (in target 'Condisco' from project 'Condisco')
    cd /Users/spkoehl/Projects/VerbaLibera
    write-file /var/folders/3w/91hphlzs0rv_1twbkfyhvn6m0000gn/T/condisco-preflight.bh4YjN/DerivedData/Build/Intermediates.noindex/Condisco.build/Debug-iphonesimulator/Condisco.build/Condisco.hmap

WriteAuxiliaryFile /var/folders/3w/91hphlzs0rv_1twbkfyhvn6m0000gn/T/condisco-preflight.bh4YjN/DerivedData/Build/Intermediates.noindex/Condisco.build/Debug-iphonesimulator/Condisco.build/Condisco.DependencyStaticMetadataFileList (in target 'Condisco' from project 'Condisco')
    cd /Users/spkoehl/Projects/VerbaLibera
    write-file /var/folders/3w/91hphlzs0rv_1twbkfyhvn6m0000gn/T/condisco-preflight.bh4YjN/DerivedData/Build/Intermediates.noindex/Condisco.build/Debug-iphonesimulator/Condisco.build/Condisco.DependencyStaticMetadataFileList

WriteAuxiliaryFile /var/folders/3w/91hphlzs0rv_1twbkfyhvn6m0000gn/T/condisco-preflight.bh4YjN/DerivedData/Build/Intermediates.noindex/Condisco.build/Debug-iphonesimulator/Condisco.build/Condisco.DependencyMetadataFileList (in target 'Condisco' from project 'Condisco')
    cd /Users/spkoehl/Projects/VerbaLibera
    write-file /var/folders/3w/91hphlzs0rv_1twbkfyhvn6m0000gn/T/condisco-preflight.bh4YjN/DerivedData/Build/Intermediates.noindex/Condisco.build/Debug-iphonesimulator/Condisco.build/Condisco.DependencyMetadataFileList

WriteAuxiliaryFile /var/folders/3w/91hphlzs0rv_1twbkfyhvn6m0000gn/T/condisco-preflight.bh4YjN/DerivedData/Build/Intermediates.noindex/Condisco.build/Debug-iphonesimulator/Condisco.build/Condisco-project-headers.hmap (in target 'Condisco' from project 'Condisco')
    cd /Users/spkoehl/Projects/VerbaLibera
    write-file /var/folders/3w/91hphlzs0rv_1twbkfyhvn6m0000gn/T/condisco-preflight.bh4YjN/DerivedData/Build/Intermediates.noindex/Condisco.build/Debug-iphonesimulator/Condisco.build/Condisco-project-headers.hmap

WriteAuxiliaryFile /var/folders/3w/91hphlzs0rv_1twbkfyhvn6m0000gn/T/condisco-preflight.bh4YjN/DerivedData/Build/Intermediates.noindex/Condisco.build/Debug-iphonesimulator/Condisco.build/Condisco-own-target-headers.hmap (in target 'Condisco' from project 'Condisco')
    cd /Users/spkoehl/Projects/VerbaLibera
    write-file /var/folders/3w/91hphlzs0rv_1twbkfyhvn6m0000gn/T/condisco-preflight.bh4YjN/DerivedData/Build/Intermediates.noindex/Condisco.build/Debug-iphonesimulator/Condisco.build/Condisco-own-target-headers.hmap

WriteAuxiliaryFile /var/folders/3w/91hphlzs0rv_1twbkfyhvn6m0000gn/T/condisco-preflight.bh4YjN/DerivedData/Build/Intermediates.noindex/Condisco.build/Debug-iphonesimulator/Condisco.build/Condisco-generated-files.hmap (in target 'Condisco' from project 'Condisco')
    cd /Users/spkoehl/Projects/VerbaLibera
    write-file /var/folders/3w/91hphlzs0rv_1twbkfyhvn6m0000gn/T/condisco-preflight.bh4YjN/DerivedData/Build/Intermediates.noindex/Condisco.build/Debug-iphonesimulator/Condisco.build/Condisco-generated-files.hmap

WriteAuxiliaryFile /var/folders/3w/91hphlzs0rv_1twbkfyhvn6m0000gn/T/condisco-preflight.bh4YjN/DerivedData/Build/Intermediates.noindex/Condisco.build/Debug-iphonesimulator/Condisco.build/Condisco-all-target-headers.hmap (in target 'Condisco' from project 'Condisco')
    cd /Users/spkoehl/Projects/VerbaLibera
    write-file /var/folders/3w/91hphlzs0rv_1twbkfyhvn6m0000gn/T/condisco-preflight.bh4YjN/DerivedData/Build/Intermediates.noindex/Condisco.build/Debug-iphonesimulator/Condisco.build/Condisco-all-target-headers.hmap

WriteAuxiliaryFile /var/folders/3w/91hphlzs0rv_1twbkfyhvn6m0000gn/T/condisco-preflight.bh4YjN/DerivedData/Build/Intermediates.noindex/Condisco.build/Debug-iphonesimulator/Condisco.build/Condisco-all-non-framework-target-headers.hmap (in target 'Condisco' from project 'Condisco')
    cd /Users/spkoehl/Projects/VerbaLibera
    write-file /var/folders/3w/91hphlzs0rv_1twbkfyhvn6m0000gn/T/condisco-preflight.bh4YjN/DerivedData/Build/Intermediates.noindex/Condisco.build/Debug-iphonesimulator/Condisco.build/Condisco-all-non-framework-target-headers.hmap

WriteAuxiliaryFile /var/folders/3w/91hphlzs0rv_1twbkfyhvn6m0000gn/T/condisco-preflight.bh4YjN/DerivedData/Build/Intermediates.noindex/Condisco.build/Debug-iphonesimulator/Condisco.build/Condisco-DebugDylibPath-normal-arm64.txt (in target 'Condisco' from project 'Condisco')
    cd /Users/spkoehl/Projects/VerbaLibera
    write-file /var/folders/3w/91hphlzs0rv_1twbkfyhvn6m0000gn/T/condisco-preflight.bh4YjN/DerivedData/Build/Intermediates.noindex/Condisco.build/Debug-iphonesimulator/Condisco.build/Condisco-DebugDylibPath-normal-arm64.txt

WriteAuxiliaryFile /var/folders/3w/91hphlzs0rv_1twbkfyhvn6m0000gn/T/condisco-preflight.bh4YjN/DerivedData/Build/Intermediates.noindex/Condisco.build/Debug-iphonesimulator/Condisco.build/Condisco-DebugDylibInstallName-normal-arm64.txt (in target 'Condisco' from project 'Condisco')
    cd /Users/spkoehl/Projects/VerbaLibera
    write-file /var/folders/3w/91hphlzs0rv_1twbkfyhvn6m0000gn/T/condisco-preflight.bh4YjN/DerivedData/Build/Intermediates.noindex/Condisco.build/Debug-iphonesimulator/Condisco.build/Condisco-DebugDylibInstallName-normal-arm64.txt

MkDir /var/folders/3w/91hphlzs0rv_1twbkfyhvn6m0000gn/T/condisco-preflight.bh4YjN/DerivedData/Build/Products/Debug-iphonesimulator/CondiscoWidget.appex (in target 'CondiscoWidget' from project 'Condisco')
    cd /Users/spkoehl/Projects/VerbaLibera
    /bin/mkdir -p /var/folders/3w/91hphlzs0rv_1twbkfyhvn6m0000gn/T/condisco-preflight.bh4YjN/DerivedData/Build/Products/Debug-iphonesimulator/CondiscoWidget.appex

MkDir /var/folders/3w/91hphlzs0rv_1twbkfyhvn6m0000gn/T/condisco-preflight.bh4YjN/DerivedData/Build/Products/Debug-iphonesimulator/CondiscoUITests-Runner.app/PlugIns/CondiscoUITests.xctest (in target 'CondiscoUITests' from project 'Condisco')
    cd /Users/spkoehl/Projects/VerbaLibera
    /bin/mkdir -p /var/folders/3w/91hphlzs0rv_1twbkfyhvn6m0000gn/T/condisco-preflight.bh4YjN/DerivedData/Build/Products/Debug-iphonesimulator/CondiscoUITests-Runner.app/PlugIns/CondiscoUITests.xctest

MkDir /var/folders/3w/91hphlzs0rv_1twbkfyhvn6m0000gn/T/condisco-preflight.bh4YjN/DerivedData/Build/Products/Debug-iphonesimulator/Condisco.app/PlugIns/CondiscoTests.xctest (in target 'CondiscoTests' from project 'Condisco')
    cd /Users/spkoehl/Projects/VerbaLibera
    /bin/mkdir -p /var/folders/3w/91hphlzs0rv_1twbkfyhvn6m0000gn/T/condisco-preflight.bh4YjN/DerivedData/Build/Products/Debug-iphonesimulator/Condisco.app/PlugIns/CondiscoTests.xctest

MkDir /var/folders/3w/91hphlzs0rv_1twbkfyhvn6m0000gn/T/condisco-preflight.bh4YjN/DerivedData/Build/Products/Debug-iphonesimulator/Condisco.app/PlugIns (in target 'Condisco' from project 'Condisco')
    cd /Users/spkoehl/Projects/VerbaLibera
    /bin/mkdir -p /var/folders/3w/91hphlzs0rv_1twbkfyhvn6m0000gn/T/condisco-preflight.bh4YjN/DerivedData/Build/Products/Debug-iphonesimulator/Condisco.app/PlugIns

MkDir /var/folders/3w/91hphlzs0rv_1twbkfyhvn6m0000gn/T/condisco-preflight.bh4YjN/DerivedData/Build/Products/Debug-iphonesimulator/Condisco.app (in target 'Condisco' from project 'Condisco')
    cd /Users/spkoehl/Projects/VerbaLibera
    /bin/mkdir -p /var/folders/3w/91hphlzs0rv_1twbkfyhvn6m0000gn/T/condisco-preflight.bh4YjN/DerivedData/Build/Products/Debug-iphonesimulator/Condisco.app

ProcessProductPackaging /Users/spkoehl/Projects/VerbaLibera/CondiscoWidget/CondiscoWidget.entitlements /var/folders/3w/91hphlzs0rv_1twbkfyhvn6m0000gn/T/condisco-preflight.bh4YjN/DerivedData/Build/Intermediates.noindex/Condisco.build/Debug-iphonesimulator/CondiscoWidget.build/CondiscoWidget.appex.xcent (in target 'CondiscoWidget' from project 'Condisco')
    cd /Users/spkoehl/Projects/VerbaLibera
    
    Entitlements:
    
    {
}
    
    builtin-productPackagingUtility /Users/spkoehl/Projects/VerbaLibera/CondiscoWidget/CondiscoWidget.entitlements -entitlements -format xml -o /var/folders/3w/91hphlzs0rv_1twbkfyhvn6m0000gn/T/condisco-preflight.bh4YjN/DerivedData/Build/Intermediates.noindex/Condisco.build/Debug-iphonesimulator/CondiscoWidget.build/CondiscoWidget.appex.xcent

ProcessProductPackaging /Users/spkoehl/Projects/VerbaLibera/CondiscoWidget/CondiscoWidget.entitlements /var/folders/3w/91hphlzs0rv_1twbkfyhvn6m0000gn/T/condisco-preflight.bh4YjN/DerivedData/Build/Intermediates.noindex/Condisco.build/Debug-iphonesimulator/CondiscoWidget.build/CondiscoWidget.appex-Simulated.xcent (in target 'CondiscoWidget' from project 'Condisco')
    cd /Users/spkoehl/Projects/VerbaLibera
    
    Entitlements:
    
    {
    "application-identifier" = "PN9T9MT37J.com.sleuthysloth.condisco.CondiscoWidget";
    "com.apple.security.application-groups" =     (
        "group.com.sleuthysloth.condisco"
    );
}
    
    builtin-productPackagingUtility /Users/spkoehl/Projects/VerbaLibera/CondiscoWidget/CondiscoWidget.entitlements -entitlements -format xml -o /var/folders/3w/91hphlzs0rv_1twbkfyhvn6m0000gn/T/condisco-preflight.bh4YjN/DerivedData/Build/Intermediates.noindex/Condisco.build/Debug-iphonesimulator/CondiscoWidget.build/CondiscoWidget.appex-Simulated.xcent

ProcessProductPackagingDER /var/folders/3w/91hphlzs0rv_1twbkfyhvn6m0000gn/T/condisco-preflight.bh4YjN/DerivedData/Build/Intermediates.noindex/Condisco.build/Debug-iphonesimulator/CondiscoWidget.build/CondiscoWidget.appex.xcent /var/folders/3w/91hphlzs0rv_1twbkfyhvn6m0000gn/T/condisco-preflight.bh4YjN/DerivedData/Build/Intermediates.noindex/Condisco.build/Debug-iphonesimulator/CondiscoWidget.build/CondiscoWidget.appex.xcent.der (in target 'CondiscoWidget' from project 'Condisco')
    cd /Users/spkoehl/Projects/VerbaLibera
    /usr/bin/derq query -f xml -i /var/folders/3w/91hphlzs0rv_1twbkfyhvn6m0000gn/T/condisco-preflight.bh4YjN/DerivedData/Build/Intermediates.noindex/Condisco.build/Debug-iphonesimulator/CondiscoWidget.build/CondiscoWidget.appex.xcent -o /var/folders/3w/91hphlzs0rv_1twbkfyhvn6m0000gn/T/condisco-preflight.bh4YjN/DerivedData/Build/Intermediates.noindex/Condisco.build/Debug-iphonesimulator/CondiscoWidget.build/CondiscoWidget.appex.xcent.der --raw

ProcessProductPackagingDER /var/folders/3w/91hphlzs0rv_1twbkfyhvn6m0000gn/T/condisco-preflight.bh4YjN/DerivedData/Build/Intermediates.noindex/Condisco.build/Debug-iphonesimulator/CondiscoWidget.build/CondiscoWidget.appex-Simulated.xcent /var/folders/3w/91hphlzs0rv_1twbkfyhvn6m0000gn/T/condisco-preflight.bh4YjN/DerivedData/Build/Intermediates.noindex/Condisco.build/Debug-iphonesimulator/CondiscoWidget.build/CondiscoWidget.appex-Simulated.xcent.der (in target 'CondiscoWidget' from project 'Condisco')
    cd /Users/spkoehl/Projects/VerbaLibera
    /usr/bin/derq query -f xml -i /var/folders/3w/91hphlzs0rv_1twbkfyhvn6m0000gn/T/condisco-preflight.bh4YjN/DerivedData/Build/Intermediates.noindex/Condisco.build/Debug-iphonesimulator/CondiscoWidget.build/CondiscoWidget.appex-Simulated.xcent -o /var/folders/3w/91hphlzs0rv_1twbkfyhvn6m0000gn/T/condisco-preflight.bh4YjN/DerivedData/Build/Intermediates.noindex/Condisco.build/Debug-iphonesimulator/CondiscoWidget.build/CondiscoWidget.appex-Simulated.xcent.der --raw

ProcessInfoPlistFile /var/folders/3w/91hphlzs0rv_1twbkfyhvn6m0000gn/T/condisco-preflight.bh4YjN/DerivedData/Build/Products/Debug-iphonesimulator/CondiscoWidget.appex/Info.plist /Users/spkoehl/Projects/VerbaLibera/CondiscoWidget/Info.plist (in target 'CondiscoWidget' from project 'Condisco')
    cd /Users/spkoehl/Projects/VerbaLibera
    builtin-infoPlistUtility /Users/spkoehl/Projects/VerbaLibera/CondiscoWidget/Info.plist -producttype com.apple.product-type.app-extension -expandbuildsettings -format binary -platform iphonesimulator -o /var/folders/3w/91hphlzs0rv_1twbkfyhvn6m0000gn/T/condisco-preflight.bh4YjN/DerivedData/Build/Products/Debug-iphonesimulator/CondiscoWidget.appex/Info.plist

Ld /var/folders/3w/91hphlzs0rv_1twbkfyhvn6m0000gn/T/condisco-preflight.bh4YjN/DerivedData/Build/Products/Debug-iphonesimulator/CondiscoWidget.appex/__preview.dylib normal (in target 'CondiscoWidget' from project 'Condisco')
    cd /Users/spkoehl/Projects/VerbaLibera
    /Applications/Xcode.app/Contents/Developer/Toolchains/XcodeDefault.xctoolchain/usr/bin/clang -Xlinker -reproducible -target arm64-apple-ios17.0-simulator -dynamiclib -isysroot /Applications/Xcode.app/Contents/Developer/Platforms/iPhoneSimulator.platform/Developer/SDKs/iPhoneSimulator27.0.sdk -O0 -Xlinker -no_warn_duplicate_libraries -L/var/folders/3w/91hphlzs0rv_1twbkfyhvn6m0000gn/T/condisco-preflight.bh4YjN/DerivedData/Build/Products/Debug-iphonesimulator -F/var/folders/3w/91hphlzs0rv_1twbkfyhvn6m0000gn/T/condisco-preflight.bh4YjN/DerivedData/Build/Products/Debug-iphonesimulator -install_name @rpath/CondiscoWidget.debug.dylib -Xlinker -dead_strip -rdynamic -Xlinker -no_deduplicate -Xlinker -objc_abi_version -Xlinker 2 -Xlinker -dependency_info -Xlinker /var/folders/3w/91hphlzs0rv_1twbkfyhvn6m0000gn/T/condisco-preflight.bh4YjN/DerivedData/Build/Intermediates.noindex/Condisco.build/Debug-iphonesimulator/CondiscoWidget.build/Objects-normal/arm64/CondiscoWidget_dependency_info.dat -Xlinker -sectcreate -Xlinker __TEXT -Xlinker __entitlements -Xlinker /var/folders/3w/91hphlzs0rv_1twbkfyhvn6m0000gn/T/condisco-preflight.bh4YjN/DerivedData/Build/Intermediates.noindex/Condisco.build/Debug-iphonesimulator/CondiscoWidget.build/CondiscoWidget.appex-Simulated.xcent -Xlinker -sectcreate -Xlinker __TEXT -Xlinker __ents_der -Xlinker /var/folders/3w/91hphlzs0rv_1twbkfyhvn6m0000gn/T/condisco-preflight.bh4YjN/DerivedData/Build/Intermediates.noindex/Condisco.build/Debug-iphonesimulator/CondiscoWidget.build/CondiscoWidget.appex-Simulated.xcent.der -Xlinker -no_adhoc_codesign -o /var/folders/3w/91hphlzs0rv_1twbkfyhvn6m0000gn/T/condisco-preflight.bh4YjN/DerivedData/Build/Products/Debug-iphonesimulator/CondiscoWidget.appex/__preview.dylib

SwiftDriver CondiscoWidget normal arm64 com.apple.xcode.tools.swift.compiler (in target 'CondiscoWidget' from project 'Condisco')
    cd /Users/spkoehl/Projects/VerbaLibera
    builtin-SwiftDriver -- /Applications/Xcode.app/Contents/Developer/Toolchains/XcodeDefault.xctoolchain/usr/bin/swiftc -module-name CondiscoWidget -Onone @/var/folders/3w/91hphlzs0rv_1twbkfyhvn6m0000gn/T/condisco-preflight.bh4YjN/DerivedData/Build/Intermediates.noindex/Condisco.build/Debug-iphonesimulator/CondiscoWidget.build/Objects-normal/arm64/CondiscoWidget.SwiftFileList -DDEBUG -enable-bare-slash-regex -enable-experimental-feature DebugDescriptionMacro -sdk /Applications/Xcode.app/Contents/Developer/Platforms/iPhoneSimulator.platform/Developer/SDKs/iPhoneSimulator27.0.sdk -target arm64-apple-ios17.0-simulator -g -module-cache-path /var/folders/3w/91hphlzs0rv_1twbkfyhvn6m0000gn/T/condisco-preflight.bh4YjN/DerivedData/ModuleCache.noindex -Xfrontend -serialize-debugging-options -application-extension -enable-testing -index-store-path /var/folders/3w/91hphlzs0rv_1twbkfyhvn6m0000gn/T/condisco-preflight.bh4YjN/DerivedData/Index.noindex/DataStore -Xcc -D_LIBCPP_HARDENING_MODE\=_LIBCPP_HARDENING_MODE_DEBUG -swift-version 5 -I /var/folders/3w/91hphlzs0rv_1twbkfyhvn6m0000gn/T/condisco-preflight.bh4YjN/DerivedData/Build/Products/Debug-iphonesimulator -F /var/folders/3w/91hphlzs0rv_1twbkfyhvn6m0000gn/T/condisco-preflight.bh4YjN/DerivedData/Build/Products/Debug-iphonesimulator -emit-localized-strings -emit-localized-strings-path /var/folders/3w/91hphlzs0rv_1twbkfyhvn6m0000gn/T/condisco-preflight.bh4YjN/DerivedData/Build/Intermediates.noindex/Condisco.build/Debug-iphonesimulator/CondiscoWidget.build/Objects-normal/arm64 -c -j6 -enable-batch-mode -incremental -Xcc -ivfsstatcache -Xcc /var/folders/3w/91hphlzs0rv_1twbkfyhvn6m0000gn/T/condisco-preflight.bh4YjN/DerivedData/SDKStatCaches.noindex/iphonesimulator27.0-24A430-8dc58220667be655e1bcc261a7455254.sdkstatcache -output-file-map /var/folders/3w/91hphlzs0rv_1twbkfyhvn6m0000gn/T/condisco-preflight.bh4YjN/DerivedData/Build/Intermediates.noindex/Condisco.build/Debug-iphonesimulator/CondiscoWidget.build/Objects-normal/arm64/CondiscoWidget-OutputFileMap.json -save-temps -no-color-diagnostics -explicit-module-build -module-cache-path /var/folders/3w/91hphlzs0rv_1twbkfyhvn6m0000gn/T/condisco-preflight.bh4YjN/DerivedData/Build/Intermediates.noindex/SwiftExplicitPrecompiledModules -clang-scanner-module-cache-path /var/folders/3w/91hphlzs0rv_1twbkfyhvn6m0000gn/T/condisco-preflight.bh4YjN/DerivedData/ModuleCache.noindex -sdk-module-cache-path /var/folders/3w/91hphlzs0rv_1twbkfyhvn6m0000gn/T/condisco-preflight.bh4YjN/DerivedData/SDKExplicitPrecompiledModules -emit-dependencies -emit-module -emit-module-path /var/folders/3w/91hphlzs0rv_1twbkfyhvn6m0000gn/T/condisco-preflight.bh4YjN/DerivedData/Build/Intermediates.noindex/Condisco.build/Debug-iphonesimulator/CondiscoWidget.build/Objects-normal/arm64/CondiscoWidget.swiftmodule -serialize-diagnostics -dependency-scan-serialize-diagnostics-path /var/folders/3w/91hphlzs0rv_1twbkfyhvn6m0000gn/T/condisco-preflight.bh4YjN/DerivedData/Build/Intermediates.noindex/Condisco.build/Debug-iphonesimulator/CondiscoWidget.build/Objects-normal/arm64/CondiscoWidget-dependency-scan.dia -validate-clang-modules-once -clang-build-session-file /var/folders/3w/91hphlzs0rv_1twbkfyhvn6m0000gn/T/condisco-preflight.bh4YjN/DerivedData/ModuleCache.noindex/Session.modulevalidation -Xcc -fmodules-prune-interval\=86400 -Xcc -fmodules-prune-after\=345600 -emit-const-values -const-gather-protocols-list /var/folders/3w/91hphlzs0rv_1twbkfyhvn6m0000gn/T/condisco-preflight.bh4YjN/DerivedData/Build/Intermediates.noindex/Condisco.build/Debug-iphonesimulator/CondiscoWidget.build/Objects-normal/arm64/CondiscoWidget_const_extract_protocols.json -Xcc -iquote -Xcc /var/folders/3w/91hphlzs0rv_1twbkfyhvn6m0000gn/T/condisco-preflight.bh4YjN/DerivedData/Build/Intermediates.noindex/Condisco.build/Debug-iphonesimulator/CondiscoWidget.build/CondiscoWidget-generated-files.hmap -Xcc -I/var/folders/3w/91hphlzs0rv_1twbkfyhvn6m0000gn/T/condisco-preflight.bh4YjN/DerivedData/Build/Intermediates.noindex/Condisco.build/Debug-iphonesimulator/CondiscoWidget.build/CondiscoWidget-own-target-headers.hmap -Xcc -I/var/folders/3w/91hphlzs0rv_1twbkfyhvn6m0000gn/T/condisco-preflight.bh4YjN/DerivedData/Build/Intermediates.noindex/Condisco.build/Debug-iphonesimulator/CondiscoWidget.build/CondiscoWidget-all-target-headers.hmap -Xcc -iquote -Xcc /var/folders/3w/91hphlzs0rv_1twbkfyhvn6m0000gn/T/condisco-preflight.bh4YjN/DerivedData/Build/Intermediates.noindex/Condisco.build/Debug-iphonesimulator/CondiscoWidget.build/CondiscoWidget-project-headers.hmap -Xcc -I/var/folders/3w/91hphlzs0rv_1twbkfyhvn6m0000gn/T/condisco-preflight.bh4YjN/DerivedData/Build/Products/Debug-iphonesimulator/include -Xcc -I/var/folders/3w/91hphlzs0rv_1twbkfyhvn6m0000gn/T/condisco-preflight.bh4YjN/DerivedData/Build/Intermediates.noindex/Condisco.build/Debug-iphonesimulator/CondiscoWidget.build/DerivedSources-normal/arm64 -Xcc -I/var/folders/3w/91hphlzs0rv_1twbkfyhvn6m0000gn/T/condisco-preflight.bh4YjN/DerivedData/Build/Intermediates.noindex/Condisco.build/Debug-iphonesimulator/CondiscoWidget.build/DerivedSources/arm64 -Xcc -I/var/folders/3w/91hphlzs0rv_1twbkfyhvn6m0000gn/T/condisco-preflight.bh4YjN/DerivedData/Build/Intermediates.noindex/Condisco.build/Debug-iphonesimulator/CondiscoWidget.build/DerivedSources -Xcc -DDEBUG\=1 -Xcc -DDEBUG\=1 -emit-objc-header -emit-objc-header-path /var/folders/3w/91hphlzs0rv_1twbkfyhvn6m0000gn/T/condisco-preflight.bh4YjN/DerivedData/Build/Intermediates.noindex/Condisco.build/Debug-iphonesimulator/CondiscoWidget.build/Objects-normal/arm64/CondiscoWidget-Swift.h -working-directory /Users/spkoehl/Projects/VerbaLibera -experimental-emit-module-separately -disable-cmo

SwiftExplicitDependencyGeneratePcm arm64 /var/folders/3w/91hphlzs0rv_1twbkfyhvn6m0000gn/T/condisco-preflight.bh4YjN/DerivedData/SDKExplicitPrecompiledModules/ptrcheck-DOW5SOEGI6IQN7NJHYWY9TL1J.pcm

SwiftExplicitDependencyGeneratePcm arm64 /var/folders/3w/91hphlzs0rv_1twbkfyhvn6m0000gn/T/condisco-preflight.bh4YjN/DerivedData/SDKExplicitPrecompiledModules/ptrauth-7KQV5XVSKVN0EUOYKOT32UI5H.pcm

SwiftExplicitDependencyGeneratePcm arm64 /var/folders/3w/91hphlzs0rv_1twbkfyhvn6m0000gn/T/condisco-preflight.bh4YjN/DerivedData/SDKExplicitPrecompiledModules/_AvailabilityInternal-6VG4B2ACI65EPLE4EL9L2TTRB.pcm

SwiftExplicitDependencyGeneratePcm arm64 /var/folders/3w/91hphlzs0rv_1twbkfyhvn6m0000gn/T/condisco-preflight.bh4YjN/DerivedData/SDKExplicitPrecompiledModules/_Builtin_stdarg-EFDITOT0OA1NQ1FPMMP0K4H63.pcm

SwiftExplicitDependencyGeneratePcm arm64 /var/folders/3w/91hphlzs0rv_1twbkfyhvn6m0000gn/T/condisco-preflight.bh4YjN/DerivedData/SDKExplicitPrecompiledModules/DeveloperToolsSupport-11BO9LVKJMNCF5P6NWB1L66PO.pcm

SwiftExplicitDependencyGeneratePcm arm64 /var/folders/3w/91hphlzs0rv_1twbkfyhvn6m0000gn/T/condisco-preflight.bh4YjN/DerivedData/SDKExplicitPrecompiledModules/_Builtin_float-18RTRMLUKNETLO1BFA3VMJFB7.pcm

SwiftExplicitDependencyGeneratePcm arm64 /var/folders/3w/91hphlzs0rv_1twbkfyhvn6m0000gn/T/condisco-preflight.bh4YjN/DerivedData/SDKExplicitPrecompiledModules/_Builtin_stdbool-87Z74U2DYLPBFKNYJWCPOBPHG.pcm

SwiftExplicitDependencyGeneratePcm arm64 /var/folders/3w/91hphlzs0rv_1twbkfyhvn6m0000gn/T/condisco-preflight.bh4YjN/DerivedData/SDKExplicitPrecompiledModules/_Builtin_stddef-7QAURBXNEUZJCC4JIEV4F37TP.pcm

SwiftExplicitDependencyGeneratePcm arm64 /var/folders/3w/91hphlzs0rv_1twbkfyhvn6m0000gn/T/condisco-preflight.bh4YjN/DerivedData/SDKExplicitPrecompiledModules/SwiftShims-7R50V2UJOZC1J50P7AUY1KT3Z.pcm

SwiftExplicitDependencyGeneratePcm arm64 /var/folders/3w/91hphlzs0rv_1twbkfyhvn6m0000gn/T/condisco-preflight.bh4YjN/DerivedData/SDKExplicitPrecompiledModules/ActivityKit-91BS7K6OF8FMJ782J1QHXMEWF.pcm

SwiftExplicitDependencyGeneratePcm arm64 /var/folders/3w/91hphlzs0rv_1twbkfyhvn6m0000gn/T/condisco-preflight.bh4YjN/DerivedData/SDKExplicitPrecompiledModules/_SwiftConcurrencyShims-25Q158V5ZP9CUBM8NL467L0WJ.pcm

SwiftExplicitDependencyGeneratePcm arm64 /var/folders/3w/91hphlzs0rv_1twbkfyhvn6m0000gn/T/condisco-preflight.bh4YjN/DerivedData/SDKExplicitPrecompiledModules/_DarwinFoundation1-4CF6FZD46913GTQG16JWLTC4Q.pcm

SwiftExplicitDependencyGeneratePcm arm64 /var/folders/3w/91hphlzs0rv_1twbkfyhvn6m0000gn/T/condisco-preflight.bh4YjN/DerivedData/SDKExplicitPrecompiledModules/_DarwinFoundation2-9CQZNK0COPJ6G1WJ2SZSMUVZ1.pcm

SwiftExplicitDependencyGeneratePcm arm64 /var/folders/3w/91hphlzs0rv_1twbkfyhvn6m0000gn/T/condisco-preflight.bh4YjN/DerivedData/SDKExplicitPrecompiledModules/ExtensionFoundation-CC8PZV7VSHYJFVAD3TESXYQ1Z.pcm

SwiftExplicitDependencyGeneratePcm arm64 /var/folders/3w/91hphlzs0rv_1twbkfyhvn6m0000gn/T/condisco-preflight.bh4YjN/DerivedData/SDKExplicitPrecompiledModules/_Builtin_limits-CWBY0CXSFPLISFPB74F97QVNY.pcm

SwiftExplicitDependencyGeneratePcm arm64 /var/folders/3w/91hphlzs0rv_1twbkfyhvn6m0000gn/T/condisco-preflight.bh4YjN/DerivedData/SDKExplicitPrecompiledModules/sys_types-7ZAM7OSWFNVJW22L7SV966IL2.pcm

SwiftExplicitDependencyGeneratePcm arm64 /var/folders/3w/91hphlzs0rv_1twbkfyhvn6m0000gn/T/condisco-preflight.bh4YjN/DerivedData/SDKExplicitPrecompiledModules/_Builtin_stdint-4XO7CQH0BG5YWLVQT9HCZC3TK.pcm

SwiftExplicitDependencyGeneratePcm arm64 /var/folders/3w/91hphlzs0rv_1twbkfyhvn6m0000gn/T/condisco-preflight.bh4YjN/DerivedData/SDKExplicitPrecompiledModules/string_h-CLZ2MVAFGJ8GHLI3L4J7I7MN5.pcm

SwiftExplicitDependencyGeneratePcm arm64 /var/folders/3w/91hphlzs0rv_1twbkfyhvn6m0000gn/T/condisco-preflight.bh4YjN/DerivedData/SDKExplicitPrecompiledModules/_Builtin_tgmath-ELZR54LXYMYIC6FYIU81RLOIY.pcm

SwiftExplicitDependencyGeneratePcm arm64 /var/folders/3w/91hphlzs0rv_1twbkfyhvn6m0000gn/T/condisco-preflight.bh4YjN/DerivedData/SDKExplicitPrecompiledModules/_Builtin_intrinsics-76KAPY5L2GT2TVJ002N9ODRF3.pcm

SwiftExplicitDependencyGeneratePcm arm64 /var/folders/3w/91hphlzs0rv_1twbkfyhvn6m0000gn/T/condisco-preflight.bh4YjN/DerivedData/SDKExplicitPrecompiledModules/_Builtin_stdatomic-BSKTIYQ0I3V9FQMFPUY821JD0.pcm

SwiftExplicitDependencyGeneratePcm arm64 /var/folders/3w/91hphlzs0rv_1twbkfyhvn6m0000gn/T/condisco-preflight.bh4YjN/DerivedData/SDKExplicitPrecompiledModules/_DarwinFoundation3-641SR564YCAYN53BI58IZPXLS.pcm

SwiftExplicitDependencyGeneratePcm arm64 /var/folders/3w/91hphlzs0rv_1twbkfyhvn6m0000gn/T/condisco-preflight.bh4YjN/DerivedData/SDKExplicitPrecompiledModules/_Builtin_inttypes-67ZNEE4KRO030X1V5E8GAK0WX.pcm

SwiftExplicitDependencyGeneratePcm arm64 /var/folders/3w/91hphlzs0rv_1twbkfyhvn6m0000gn/T/condisco-preflight.bh4YjN/DerivedData/SDKExplicitPrecompiledModules/Darwin-9YRB0X8C2H2ZGQFS50TN0DUTH.pcm

SwiftExplicitDependencyGeneratePcm arm64 /var/folders/3w/91hphlzs0rv_1twbkfyhvn6m0000gn/T/condisco-preflight.bh4YjN/DerivedData/SDKExplicitPrecompiledModules/simd-680U1MO5UNOHFA40LNW5BUE6F.pcm

SwiftExplicitDependencyGeneratePcm arm64 /var/folders/3w/91hphlzs0rv_1twbkfyhvn6m0000gn/T/condisco-preflight.bh4YjN/DerivedData/SDKExplicitPrecompiledModules/ObjectiveC-MMLX8KO6G6KBI00B6CZEJWHQ.pcm

SwiftExplicitDependencyGeneratePcm arm64 /var/folders/3w/91hphlzs0rv_1twbkfyhvn6m0000gn/T/condisco-preflight.bh4YjN/DerivedData/SDKExplicitPrecompiledModules/MachO-F0GSH2LRB4N7LFCVNOWKRDO07.pcm

SwiftExplicitDependencyGeneratePcm arm64 /var/folders/3w/91hphlzs0rv_1twbkfyhvn6m0000gn/T/condisco-preflight.bh4YjN/DerivedData/SDKExplicitPrecompiledModules/os_object-4AQDQ9Q2ND79KNYVYFIHCYUCV.pcm

SwiftExplicitDependencyGeneratePcm arm64 /var/folders/3w/91hphlzs0rv_1twbkfyhvn6m0000gn/T/condisco-preflight.bh4YjN/DerivedData/SDKExplicitPrecompiledModules/os_workgroup-CWMCEFNQFLQ5A3U0TLKIF9TUQ.pcm

SwiftExplicitDependencyGeneratePcm arm64 /var/folders/3w/91hphlzs0rv_1twbkfyhvn6m0000gn/T/condisco-preflight.bh4YjN/DerivedData/SDKExplicitPrecompiledModules/Spatial-3POGWEMRS5ATZ08TY40N2RA15.pcm

SwiftExplicitDependencyGeneratePcm arm64 /var/folders/3w/91hphlzs0rv_1twbkfyhvn6m0000gn/T/condisco-preflight.bh4YjN/DerivedData/SDKExplicitPrecompiledModules/Dispatch-5XNJMK054TTWWP2OE1KGI4LAB.pcm

SwiftExplicitDependencyGeneratePcm arm64 /var/folders/3w/91hphlzs0rv_1twbkfyhvn6m0000gn/T/condisco-preflight.bh4YjN/DerivedData/SDKExplicitPrecompiledModules/CoreFoundation-26KMWPJQPKH6XKM3K2XKEL2BG.pcm

SwiftExplicitDependencyGeneratePcm arm64 /var/folders/3w/91hphlzs0rv_1twbkfyhvn6m0000gn/T/condisco-preflight.bh4YjN/DerivedData/SDKExplicitPrecompiledModules/dnssd-2UAZNNOGWN2EWR80LRFR753X5.pcm

SwiftExplicitDependencyGeneratePcm arm64 /var/folders/3w/91hphlzs0rv_1twbkfyhvn6m0000gn/T/condisco-preflight.bh4YjN/DerivedData/SDKExplicitPrecompiledModules/XPC-89SEIZBCH10VW0D4AK4SRSU7F.pcm

SwiftExplicitDependencyGeneratePcm arm64 /var/folders/3w/91hphlzs0rv_1twbkfyhvn6m0000gn/T/condisco-preflight.bh4YjN/DerivedData/SDKExplicitPrecompiledModules/os-CQWM3LYQFMCPZJAJQ8OW1ZLPP.pcm

SwiftExplicitDependencyGeneratePcm arm64 /var/folders/3w/91hphlzs0rv_1twbkfyhvn6m0000gn/T/condisco-preflight.bh4YjN/DerivedData/SDKExplicitPrecompiledModules/CoreAudioTypes-AHKT73TG5UZQIO90JS5HMB1EF.pcm

SwiftExplicitDependencyGeneratePcm arm64 /var/folders/3w/91hphlzs0rv_1twbkfyhvn6m0000gn/T/condisco-preflight.bh4YjN/DerivedData/SDKExplicitPrecompiledModules/Security-6OR8D7PTWHSLMM6DV0UV4L4II.pcm

SwiftExplicitDependencyGeneratePcm arm64 /var/folders/3w/91hphlzs0rv_1twbkfyhvn6m0000gn/T/condisco-preflight.bh4YjN/DerivedData/SDKExplicitPrecompiledModules/CoreGraphics-5Y52LBBE6Z6ZZAX593J5E0Z5F.pcm

SwiftExplicitDependencyGeneratePcm arm64 /var/folders/3w/91hphlzs0rv_1twbkfyhvn6m0000gn/T/condisco-preflight.bh4YjN/DerivedData/SDKExplicitPrecompiledModules/CFNetwork-EZGA1KI5M24XNEXB55DTP0E7C.pcm

SwiftExplicitDependencyGeneratePcm arm64 /var/folders/3w/91hphlzs0rv_1twbkfyhvn6m0000gn/T/condisco-preflight.bh4YjN/DerivedData/SDKExplicitPrecompiledModules/CoreAudio-83R1YGIK8X91AYM6OESAE2HOY.pcm

SwiftExplicitDependencyGeneratePcm arm64 /var/folders/3w/91hphlzs0rv_1twbkfyhvn6m0000gn/T/condisco-preflight.bh4YjN/DerivedData/SDKExplicitPrecompiledModules/Foundation-2XKLDXLYCBD2JNPU11EJCON9B.pcm

SwiftExplicitDependencyGeneratePcm arm64 /var/folders/3w/91hphlzs0rv_1twbkfyhvn6m0000gn/T/condisco-preflight.bh4YjN/DerivedData/SDKExplicitPrecompiledModules/ImageIO-3QV6OUFD6E0OZ7X515UZD31E4.pcm

SwiftExplicitDependencyGeneratePcm arm64 /var/folders/3w/91hphlzs0rv_1twbkfyhvn6m0000gn/T/condisco-preflight.bh4YjN/DerivedData/SDKExplicitPrecompiledModules/CoreText-64ARS5ET9IH8VI6TT48H5DJBW.pcm

SwiftExplicitDependencyGeneratePcm arm64 /var/folders/3w/91hphlzs0rv_1twbkfyhvn6m0000gn/T/condisco-preflight.bh4YjN/DerivedData/SDKExplicitPrecompiledModules/Symbols-2L0F63M250Y3HD3LALW2EZ280.pcm

SwiftExplicitDependencyGeneratePcm arm64 /var/folders/3w/91hphlzs0rv_1twbkfyhvn6m0000gn/T/condisco-preflight.bh4YjN/DerivedData/SDKExplicitPrecompiledModules/_LocationEssentials-6CQM5IL3XVDEBZMAHJ8TDJUFM.pcm

SwiftExplicitDependencyGeneratePcm arm64 /var/folders/3w/91hphlzs0rv_1twbkfyhvn6m0000gn/T/condisco-preflight.bh4YjN/DerivedData/SDKExplicitPrecompiledModules/RelevanceKit-4E5QN73O6GDPPQC8YNFJCMPN7.pcm

SwiftExplicitDependencyGeneratePcm arm64 /var/folders/3w/91hphlzs0rv_1twbkfyhvn6m0000gn/T/condisco-preflight.bh4YjN/DerivedData/SDKExplicitPrecompiledModules/FileProvider-5KFLERXD9I0SV0Q2S6NO7S17M.pcm

SwiftExplicitDependencyGeneratePcm arm64 /var/folders/3w/91hphlzs0rv_1twbkfyhvn6m0000gn/T/condisco-preflight.bh4YjN/DerivedData/SDKExplicitPrecompiledModules/UserNotifications-65O6D3T7BYNTGXSQ25VMCQAI0.pcm

SwiftExplicitDependencyGeneratePcm arm64 /var/folders/3w/91hphlzs0rv_1twbkfyhvn6m0000gn/T/condisco-preflight.bh4YjN/DerivedData/SDKExplicitPrecompiledModules/AppIntents-8RFBKU0YA3RL0J9KZ0P9T96ER.pcm

SwiftExplicitDependencyGeneratePcm arm64 /var/folders/3w/91hphlzs0rv_1twbkfyhvn6m0000gn/T/condisco-preflight.bh4YjN/DerivedData/SDKExplicitPrecompiledModules/Network-3ZRQP49YAWIYFXLQSF3JR2WCY.pcm

SwiftExplicitDependencyGeneratePcm arm64 /var/folders/3w/91hphlzs0rv_1twbkfyhvn6m0000gn/T/condisco-preflight.bh4YjN/DerivedData/SDKExplicitPrecompiledModules/CoreTransferable-9WCOI7LSL9YYSCIZ6RXAFOZW.pcm

SwiftExplicitDependencyGeneratePcm arm64 /var/folders/3w/91hphlzs0rv_1twbkfyhvn6m0000gn/T/condisco-preflight.bh4YjN/DerivedData/SDKExplicitPrecompiledModules/UIUtilities-7SD9XOUOFH8JOI3JVV7VP516E.pcm

SwiftExplicitDependencyGeneratePcm arm64 /var/folders/3w/91hphlzs0rv_1twbkfyhvn6m0000gn/T/condisco-preflight.bh4YjN/DerivedData/SDKExplicitPrecompiledModules/OpenGLES-ADUEUA41D1RKRACBUKPMUPEV9.pcm

SwiftExplicitDependencyGeneratePcm arm64 /var/folders/3w/91hphlzs0rv_1twbkfyhvn6m0000gn/T/condisco-preflight.bh4YjN/DerivedData/SDKExplicitPrecompiledModules/CoreData-BH83IB8GM56HO7PYL6FQJUHYC.pcm

SwiftExplicitDependencyGeneratePcm arm64 /var/folders/3w/91hphlzs0rv_1twbkfyhvn6m0000gn/T/condisco-preflight.bh4YjN/DerivedData/SDKExplicitPrecompiledModules/UniformTypeIdentifiers-1RC9O045D18L0HYCSBI01BZSK.pcm

SwiftExplicitDependencyGeneratePcm arm64 /var/folders/3w/91hphlzs0rv_1twbkfyhvn6m0000gn/T/condisco-preflight.bh4YjN/DerivedData/SDKExplicitPrecompiledModules/CoreLocation-4RC4623KL2SLT9RI0W48AQBQV.pcm

SwiftExplicitDependencyGeneratePcm arm64 /var/folders/3w/91hphlzs0rv_1twbkfyhvn6m0000gn/T/condisco-preflight.bh4YjN/DerivedData/SDKExplicitPrecompiledModules/IOSurface-7GTQRROETD7VB49H7KZHJBX6I.pcm

SwiftExplicitDependencyGeneratePcm arm64 /var/folders/3w/91hphlzs0rv_1twbkfyhvn6m0000gn/T/condisco-preflight.bh4YjN/DerivedData/SDKExplicitPrecompiledModules/WidgetKit-DEHZRUTDZL3CY9WT459LB8SJP.pcm

SwiftExplicitDependencyGeneratePcm arm64 /var/folders/3w/91hphlzs0rv_1twbkfyhvn6m0000gn/T/condisco-preflight.bh4YjN/DerivedData/SDKExplicitPrecompiledModules/CoreSpotlight-ARWD04O2IIUZJXZIE0CYJJ9S5.pcm

SwiftExplicitDependencyGeneratePcm arm64 /var/folders/3w/91hphlzs0rv_1twbkfyhvn6m0000gn/T/condisco-preflight.bh4YjN/DerivedData/SDKExplicitPrecompiledModules/Accessibility-DJN8DDYHKEL57VY8K889MRCVL.pcm

SwiftExplicitDependencyGeneratePcm arm64 /var/folders/3w/91hphlzs0rv_1twbkfyhvn6m0000gn/T/condisco-preflight.bh4YjN/DerivedData/SDKExplicitPrecompiledModules/DataDetection-BT7LWZL0XXSNWNHYYCX5VC0IT.pcm

SwiftExplicitDependencyGeneratePcm arm64 /var/folders/3w/91hphlzs0rv_1twbkfyhvn6m0000gn/T/condisco-preflight.bh4YjN/DerivedData/SDKExplicitPrecompiledModules/AppIntentsTypeSupport-DMDO03RRPQ2XWAJ55SAUE3J4O.pcm

SwiftExplicitDependencyGeneratePcm arm64 /var/folders/3w/91hphlzs0rv_1twbkfyhvn6m0000gn/T/condisco-preflight.bh4YjN/DerivedData/SDKExplicitPrecompiledModules/Metal-3U4OHPJ645HQ0SPWRXN34DFP8.pcm

SwiftExplicitDependencyGeneratePcm arm64 /var/folders/3w/91hphlzs0rv_1twbkfyhvn6m0000gn/T/condisco-preflight.bh4YjN/DerivedData/SDKExplicitPrecompiledModules/OSLog-4S957TSOGL537B5FEMXHWQF0P.pcm

SwiftExplicitDependencyGeneratePcm arm64 /var/folders/3w/91hphlzs0rv_1twbkfyhvn6m0000gn/T/condisco-preflight.bh4YjN/DerivedData/SDKExplicitPrecompiledModules/CoreMotion-6MFM0CHB63L72LRXMXNZ8LRKQ.pcm

SwiftExplicitDependencyGeneratePcm arm64 /var/folders/3w/91hphlzs0rv_1twbkfyhvn6m0000gn/T/condisco-preflight.bh4YjN/DerivedData/SDKExplicitPrecompiledModules/Intents-CCV3XS3PHFU7C6EE0B7XXD8M1.pcm

SwiftExplicitDependencyGeneratePcm arm64 /var/folders/3w/91hphlzs0rv_1twbkfyhvn6m0000gn/T/condisco-preflight.bh4YjN/DerivedData/SDKExplicitPrecompiledModules/CoreVideo-D046VQXNHK9YF70PIK9G377E4.pcm

SwiftExplicitDependencyGeneratePcm arm64 /var/folders/3w/91hphlzs0rv_1twbkfyhvn6m0000gn/T/condisco-preflight.bh4YjN/DerivedData/SDKExplicitPrecompiledModules/CoreMedia-4WFIADUNM7E8NITBSARS44TN.pcm

SwiftExplicitDependencyGeneratePcm arm64 /var/folders/3w/91hphlzs0rv_1twbkfyhvn6m0000gn/T/condisco-preflight.bh4YjN/DerivedData/SDKExplicitPrecompiledModules/QuartzCore-2BGYC7GFP3MCX703599TU228Q.pcm

SwiftExplicitDependencyGeneratePcm arm64 /var/folders/3w/91hphlzs0rv_1twbkfyhvn6m0000gn/T/condisco-preflight.bh4YjN/DerivedData/SDKExplicitPrecompiledModules/CoreImage-FU1OK1RYWRK5V3THJJ1GNUSW.pcm

SwiftExplicitDependencyGeneratePcm arm64 /var/folders/3w/91hphlzs0rv_1twbkfyhvn6m0000gn/T/condisco-preflight.bh4YjN/DerivedData/SDKExplicitPrecompiledModules/SwiftUICore-B0ELDD9ZBU08YH68U9GCX5PVR.pcm

SwiftExplicitDependencyGeneratePcm arm64 /var/folders/3w/91hphlzs0rv_1twbkfyhvn6m0000gn/T/condisco-preflight.bh4YjN/DerivedData/SDKExplicitPrecompiledModules/UIKit-2F50E00SLW1COQKAY0ABFBRA9.pcm

SwiftExplicitDependencyGeneratePcm arm64 /var/folders/3w/91hphlzs0rv_1twbkfyhvn6m0000gn/T/condisco-preflight.bh4YjN/DerivedData/SDKExplicitPrecompiledModules/SwiftUI-2TNO9HV0R5KRIXFD0G8M6ONFN.pcm

SwiftCompile normal arm64 Compiling\ CondiscoWidget.swift /Users/spkoehl/Projects/VerbaLibera/CondiscoWidget/CondiscoWidget.swift (in target 'CondiscoWidget' from project 'Condisco')

SwiftCompile normal arm64 /Users/spkoehl/Projects/VerbaLibera/CondiscoWidget/CondiscoWidget.swift (in target 'CondiscoWidget' from project 'Condisco')
    cd /Users/spkoehl/Projects/VerbaLibera
    builtin-SwiftPerFileCompile CondiscoWidget.swift

SwiftCompile normal arm64 Compiling\ WidgetSnapshot.swift /Users/spkoehl/Projects/VerbaLibera/Condisco/Store/WidgetSnapshot.swift (in target 'CondiscoWidget' from project 'Condisco')

SwiftCompile normal arm64 /Users/spkoehl/Projects/VerbaLibera/Condisco/Store/WidgetSnapshot.swift (in target 'CondiscoWidget' from project 'Condisco')
    cd /Users/spkoehl/Projects/VerbaLibera
    builtin-SwiftPerFileCompile WidgetSnapshot.swift

SwiftEmitModule normal arm64 Emitting\ module\ for\ CondiscoWidget (in target 'CondiscoWidget' from project 'Condisco')

SwiftCompile normal arm64 (in target 'CondiscoWidget' from project 'Condisco')
    cd /Users/spkoehl/Projects/VerbaLibera
    

SwiftDriverJobDiscovery normal arm64 Emitting module for CondiscoWidget (in target 'CondiscoWidget' from project 'Condisco')

SwiftDriver\ Compilation\ Requirements CondiscoWidget normal arm64 com.apple.xcode.tools.swift.compiler (in target 'CondiscoWidget' from project 'Condisco')
    cd /Users/spkoehl/Projects/VerbaLibera
    builtin-Swift-Compilation-Requirements -- /Applications/Xcode.app/Contents/Developer/Toolchains/XcodeDefault.xctoolchain/usr/bin/swiftc -module-name CondiscoWidget -Onone @/var/folders/3w/91hphlzs0rv_1twbkfyhvn6m0000gn/T/condisco-preflight.bh4YjN/DerivedData/Build/Intermediates.noindex/Condisco.build/Debug-iphonesimulator/CondiscoWidget.build/Objects-normal/arm64/CondiscoWidget.SwiftFileList -DDEBUG -enable-bare-slash-regex -enable-experimental-feature DebugDescriptionMacro -sdk /Applications/Xcode.app/Contents/Developer/Platforms/iPhoneSimulator.platform/Developer/SDKs/iPhoneSimulator27.0.sdk -target arm64-apple-ios17.0-simulator -g -module-cache-path /var/folders/3w/91hphlzs0rv_1twbkfyhvn6m0000gn/T/condisco-preflight.bh4YjN/DerivedData/ModuleCache.noindex -Xfrontend -serialize-debugging-options -application-extension -enable-testing -index-store-path /var/folders/3w/91hphlzs0rv_1twbkfyhvn6m0000gn/T/condisco-preflight.bh4YjN/DerivedData/Index.noindex/DataStore -Xcc -D_LIBCPP_HARDENING_MODE\=_LIBCPP_HARDENING_MODE_DEBUG -swift-version 5 -I /var/folders/3w/91hphlzs0rv_1twbkfyhvn6m0000gn/T/condisco-preflight.bh4YjN/DerivedData/Build/Products/Debug-iphonesimulator -F /var/folders/3w/91hphlzs0rv_1twbkfyhvn6m0000gn/T/condisco-preflight.bh4YjN/DerivedData/Build/Products/Debug-iphonesimulator -emit-localized-strings -emit-localized-strings-path /var/folders/3w/91hphlzs0rv_1twbkfyhvn6m0000gn/T/condisco-preflight.bh4YjN/DerivedData/Build/Intermediates.noindex/Condisco.build/Debug-iphonesimulator/CondiscoWidget.build/Objects-normal/arm64 -c -j6 -enable-batch-mode -incremental -Xcc -ivfsstatcache -Xcc /var/folders/3w/91hphlzs0rv_1twbkfyhvn6m0000gn/T/condisco-preflight.bh4YjN/DerivedData/SDKStatCaches.noindex/iphonesimulator27.0-24A430-8dc58220667be655e1bcc261a7455254.sdkstatcache -output-file-map /var/folders/3w/91hphlzs0rv_1twbkfyhvn6m0000gn/T/condisco-preflight.bh4YjN/DerivedData/Build/Intermediates.noindex/Condisco.build/Debug-iphonesimulator/CondiscoWidget.build/Objects-normal/arm64/CondiscoWidget-OutputFileMap.json -save-temps -no-color-diagnostics -explicit-module-build -module-cache-path /var/folders/3w/91hphlzs0rv_1twbkfyhvn6m0000gn/T/condisco-preflight.bh4YjN/DerivedData/Build/Intermediates.noindex/SwiftExplicitPrecompiledModules -clang-scanner-module-cache-path /var/folders/3w/91hphlzs0rv_1twbkfyhvn6m0000gn/T/condisco-preflight.bh4YjN/DerivedData/ModuleCache.noindex -sdk-module-cache-path /var/folders/3w/91hphlzs0rv_1twbkfyhvn6m0000gn/T/condisco-preflight.bh4YjN/DerivedData/SDKExplicitPrecompiledModules -emit-dependencies -emit-module -emit-module-path /var/folders/3w/91hphlzs0rv_1twbkfyhvn6m0000gn/T/condisco-preflight.bh4YjN/DerivedData/Build/Intermediates.noindex/Condisco.build/Debug-iphonesimulator/CondiscoWidget.build/Objects-normal/arm64/CondiscoWidget.swiftmodule -serialize-diagnostics -dependency-scan-serialize-diagnostics-path /var/folders/3w/91hphlzs0rv_1twbkfyhvn6m0000gn/T/condisco-preflight.bh4YjN/DerivedData/Build/Intermediates.noindex/Condisco.build/Debug-iphonesimulator/CondiscoWidget.build/Objects-normal/arm64/CondiscoWidget-dependency-scan.dia -validate-clang-modules-once -clang-build-session-file /var/folders/3w/91hphlzs0rv_1twbkfyhvn6m0000gn/T/condisco-preflight.bh4YjN/DerivedData/ModuleCache.noindex/Session.modulevalidation -Xcc -fmodules-prune-interval\=86400 -Xcc -fmodules-prune-after\=345600 -emit-const-values -const-gather-protocols-list /var/folders/3w/91hphlzs0rv_1twbkfyhvn6m0000gn/T/condisco-preflight.bh4YjN/DerivedData/Build/Intermediates.noindex/Condisco.build/Debug-iphonesimulator/CondiscoWidget.build/Objects-normal/arm64/CondiscoWidget_const_extract_protocols.json -Xcc -iquote -Xcc /var/folders/3w/91hphlzs0rv_1twbkfyhvn6m0000gn/T/condisco-preflight.bh4YjN/DerivedData/Build/Intermediates.noindex/Condisco.build/Debug-iphonesimulator/CondiscoWidget.build/CondiscoWidget-generated-files.hmap -Xcc -I/var/folders/3w/91hphlzs0rv_1twbkfyhvn6m0000gn/T/condisco-preflight.bh4YjN/DerivedData/Build/Intermediates.noindex/Condisco.build/Debug-iphonesimulator/CondiscoWidget.build/CondiscoWidget-own-target-headers.hmap -Xcc -I/var/folders/3w/91hphlzs0rv_1twbkfyhvn6m0000gn/T/condisco-preflight.bh4YjN/DerivedData/Build/Intermediates.noindex/Condisco.build/Debug-iphonesimulator/CondiscoWidget.build/CondiscoWidget-all-target-headers.hmap -Xcc -iquote -Xcc /var/folders/3w/91hphlzs0rv_1twbkfyhvn6m0000gn/T/condisco-preflight.bh4YjN/DerivedData/Build/Intermediates.noindex/Condisco.build/Debug-iphonesimulator/CondiscoWidget.build/CondiscoWidget-project-headers.hmap -Xcc -I/var/folders/3w/91hphlzs0rv_1twbkfyhvn6m0000gn/T/condisco-preflight.bh4YjN/DerivedData/Build/Products/Debug-iphonesimulator/include -Xcc -I/var/folders/3w/91hphlzs0rv_1twbkfyhvn6m0000gn/T/condisco-preflight.bh4YjN/DerivedData/Build/Intermediates.noindex/Condisco.build/Debug-iphonesimulator/CondiscoWidget.build/DerivedSources-normal/arm64 -Xcc -I/var/folders/3w/91hphlzs0rv_1twbkfyhvn6m0000gn/T/condisco-preflight.bh4YjN/DerivedData/Build/Intermediates.noindex/Condisco.build/Debug-iphonesimulator/CondiscoWidget.build/DerivedSources/arm64 -Xcc -I/var/folders/3w/91hphlzs0rv_1twbkfyhvn6m0000gn/T/condisco-preflight.bh4YjN/DerivedData/Build/Intermediates.noindex/Condisco.build/Debug-iphonesimulator/CondiscoWidget.build/DerivedSources -Xcc -DDEBUG\=1 -Xcc -DDEBUG\=1 -emit-objc-header -emit-objc-header-path /var/folders/3w/91hphlzs0rv_1twbkfyhvn6m0000gn/T/condisco-preflight.bh4YjN/DerivedData/Build/Intermediates.noindex/Condisco.build/Debug-iphonesimulator/CondiscoWidget.build/Objects-normal/arm64/CondiscoWidget-Swift.h -working-directory /Users/spkoehl/Projects/VerbaLibera -experimental-emit-module-separately -disable-cmo

SwiftMergeGeneratedHeaders /var/folders/3w/91hphlzs0rv_1twbkfyhvn6m0000gn/T/condisco-preflight.bh4YjN/DerivedData/Build/Intermediates.noindex/Condisco.build/Debug-iphonesimulator/CondiscoWidget.build/DerivedSources/CondiscoWidget-Swift.h /var/folders/3w/91hphlzs0rv_1twbkfyhvn6m0000gn/T/condisco-preflight.bh4YjN/DerivedData/Build/Intermediates.noindex/Condisco.build/Debug-iphonesimulator/CondiscoWidget.build/Objects-normal/arm64/CondiscoWidget-Swift.h (in target 'CondiscoWidget' from project 'Condisco')
    cd /Users/spkoehl/Projects/VerbaLibera
    builtin-swiftHeaderTool -arch arm64 /var/folders/3w/91hphlzs0rv_1twbkfyhvn6m0000gn/T/condisco-preflight.bh4YjN/DerivedData/Build/Intermediates.noindex/Condisco.build/Debug-iphonesimulator/CondiscoWidget.build/Objects-normal/arm64/CondiscoWidget-Swift.h -o /var/folders/3w/91hphlzs0rv_1twbkfyhvn6m0000gn/T/condisco-preflight.bh4YjN/DerivedData/Build/Intermediates.noindex/Condisco.build/Debug-iphonesimulator/CondiscoWidget.build/DerivedSources/CondiscoWidget-Swift.h

Copy /var/folders/3w/91hphlzs0rv_1twbkfyhvn6m0000gn/T/condisco-preflight.bh4YjN/DerivedData/Build/Products/Debug-iphonesimulator/CondiscoWidget.swiftmodule/arm64-apple-ios-simulator.swiftdoc /var/folders/3w/91hphlzs0rv_1twbkfyhvn6m0000gn/T/condisco-preflight.bh4YjN/DerivedData/Build/Intermediates.noindex/Condisco.build/Debug-iphonesimulator/CondiscoWidget.build/Objects-normal/arm64/CondiscoWidget.swiftdoc (in target 'CondiscoWidget' from project 'Condisco')
    cd /Users/spkoehl/Projects/VerbaLibera
    builtin-copy -exclude .DS_Store -exclude CVS -exclude .svn -exclude .git -exclude .hg -resolve-src-symlinks -rename /var/folders/3w/91hphlzs0rv_1twbkfyhvn6m0000gn/T/condisco-preflight.bh4YjN/DerivedData/Build/Intermediates.noindex/Condisco.build/Debug-iphonesimulator/CondiscoWidget.build/Objects-normal/arm64/CondiscoWidget.swiftdoc /var/folders/3w/91hphlzs0rv_1twbkfyhvn6m0000gn/T/condisco-preflight.bh4YjN/DerivedData/Build/Products/Debug-iphonesimulator/CondiscoWidget.swiftmodule/arm64-apple-ios-simulator.swiftdoc

Copy /var/folders/3w/91hphlzs0rv_1twbkfyhvn6m0000gn/T/condisco-preflight.bh4YjN/DerivedData/Build/Products/Debug-iphonesimulator/CondiscoWidget.swiftmodule/arm64-apple-ios-simulator.swiftmodule /var/folders/3w/91hphlzs0rv_1twbkfyhvn6m0000gn/T/condisco-preflight.bh4YjN/DerivedData/Build/Intermediates.noindex/Condisco.build/Debug-iphonesimulator/CondiscoWidget.build/Objects-normal/arm64/CondiscoWidget.swiftmodule (in target 'CondiscoWidget' from project 'Condisco')
    cd /Users/spkoehl/Projects/VerbaLibera
    builtin-copy -exclude .DS_Store -exclude CVS -exclude .svn -exclude .git -exclude .hg -resolve-src-symlinks -rename /var/folders/3w/91hphlzs0rv_1twbkfyhvn6m0000gn/T/condisco-preflight.bh4YjN/DerivedData/Build/Intermediates.noindex/Condisco.build/Debug-iphonesimulator/CondiscoWidget.build/Objects-normal/arm64/CondiscoWidget.swiftmodule /var/folders/3w/91hphlzs0rv_1twbkfyhvn6m0000gn/T/condisco-preflight.bh4YjN/DerivedData/Build/Products/Debug-iphonesimulator/CondiscoWidget.swiftmodule/arm64-apple-ios-simulator.swiftmodule

Copy /var/folders/3w/91hphlzs0rv_1twbkfyhvn6m0000gn/T/condisco-preflight.bh4YjN/DerivedData/Build/Products/Debug-iphonesimulator/CondiscoWidget.swiftmodule/arm64-apple-ios-simulator.abi.json /var/folders/3w/91hphlzs0rv_1twbkfyhvn6m0000gn/T/condisco-preflight.bh4YjN/DerivedData/Build/Intermediates.noindex/Condisco.build/Debug-iphonesimulator/CondiscoWidget.build/Objects-normal/arm64/CondiscoWidget.abi.json (in target 'CondiscoWidget' from project 'Condisco')
    cd /Users/spkoehl/Projects/VerbaLibera
    builtin-copy -exclude .DS_Store -exclude CVS -exclude .svn -exclude .git -exclude .hg -resolve-src-symlinks -rename /var/folders/3w/91hphlzs0rv_1twbkfyhvn6m0000gn/T/condisco-preflight.bh4YjN/DerivedData/Build/Intermediates.noindex/Condisco.build/Debug-iphonesimulator/CondiscoWidget.build/Objects-normal/arm64/CondiscoWidget.abi.json /var/folders/3w/91hphlzs0rv_1twbkfyhvn6m0000gn/T/condisco-preflight.bh4YjN/DerivedData/Build/Products/Debug-iphonesimulator/CondiscoWidget.swiftmodule/arm64-apple-ios-simulator.abi.json

Copy /var/folders/3w/91hphlzs0rv_1twbkfyhvn6m0000gn/T/condisco-preflight.bh4YjN/DerivedData/Build/Products/Debug-iphonesimulator/CondiscoWidget.swiftmodule/Project/arm64-apple-ios-simulator.swiftsourceinfo /var/folders/3w/91hphlzs0rv_1twbkfyhvn6m0000gn/T/condisco-preflight.bh4YjN/DerivedData/Build/Intermediates.noindex/Condisco.build/Debug-iphonesimulator/CondiscoWidget.build/Objects-normal/arm64/CondiscoWidget.swiftsourceinfo (in target 'CondiscoWidget' from project 'Condisco')
    cd /Users/spkoehl/Projects/VerbaLibera
    builtin-copy -exclude .DS_Store -exclude CVS -exclude .svn -exclude .git -exclude .hg -resolve-src-symlinks -rename /var/folders/3w/91hphlzs0rv_1twbkfyhvn6m0000gn/T/condisco-preflight.bh4YjN/DerivedData/Build/Intermediates.noindex/Condisco.build/Debug-iphonesimulator/CondiscoWidget.build/Objects-normal/arm64/CondiscoWidget.swiftsourceinfo /var/folders/3w/91hphlzs0rv_1twbkfyhvn6m0000gn/T/condisco-preflight.bh4YjN/DerivedData/Build/Products/Debug-iphonesimulator/CondiscoWidget.swiftmodule/Project/arm64-apple-ios-simulator.swiftsourceinfo

ProcessProductPackaging /Users/spkoehl/Projects/VerbaLibera/Condisco/Condisco.entitlements /var/folders/3w/91hphlzs0rv_1twbkfyhvn6m0000gn/T/condisco-preflight.bh4YjN/DerivedData/Build/Intermediates.noindex/Condisco.build/Debug-iphonesimulator/Condisco.build/Condisco.app.xcent (in target 'Condisco' from project 'Condisco')
    cd /Users/spkoehl/Projects/VerbaLibera
    
    Entitlements:
    
    {
}
    
    builtin-productPackagingUtility /Users/spkoehl/Projects/VerbaLibera/Condisco/Condisco.entitlements -entitlements -format xml -o /var/folders/3w/91hphlzs0rv_1twbkfyhvn6m0000gn/T/condisco-preflight.bh4YjN/DerivedData/Build/Intermediates.noindex/Condisco.build/Debug-iphonesimulator/Condisco.build/Condisco.app.xcent

ProcessProductPackaging /Users/spkoehl/Projects/VerbaLibera/Condisco/Condisco.entitlements /var/folders/3w/91hphlzs0rv_1twbkfyhvn6m0000gn/T/condisco-preflight.bh4YjN/DerivedData/Build/Intermediates.noindex/Condisco.build/Debug-iphonesimulator/Condisco.build/Condisco.app-Simulated.xcent (in target 'Condisco' from project 'Condisco')
    cd /Users/spkoehl/Projects/VerbaLibera
    
    Entitlements:
    
    {
    "application-identifier" = "PN9T9MT37J.com.sleuthysloth.condisco";
    "com.apple.security.application-groups" =     (
        "group.com.sleuthysloth.condisco"
    );
}
    
    builtin-productPackagingUtility /Users/spkoehl/Projects/VerbaLibera/Condisco/Condisco.entitlements -entitlements -format xml -o /var/folders/3w/91hphlzs0rv_1twbkfyhvn6m0000gn/T/condisco-preflight.bh4YjN/DerivedData/Build/Intermediates.noindex/Condisco.build/Debug-iphonesimulator/Condisco.build/Condisco.app-Simulated.xcent

ProcessProductPackagingDER /var/folders/3w/91hphlzs0rv_1twbkfyhvn6m0000gn/T/condisco-preflight.bh4YjN/DerivedData/Build/Intermediates.noindex/Condisco.build/Debug-iphonesimulator/Condisco.build/Condisco.app.xcent /var/folders/3w/91hphlzs0rv_1twbkfyhvn6m0000gn/T/condisco-preflight.bh4YjN/DerivedData/Build/Intermediates.noindex/Condisco.build/Debug-iphonesimulator/Condisco.build/Condisco.app.xcent.der (in target 'Condisco' from project 'Condisco')
    cd /Users/spkoehl/Projects/VerbaLibera
    /usr/bin/derq query -f xml -i /var/folders/3w/91hphlzs0rv_1twbkfyhvn6m0000gn/T/condisco-preflight.bh4YjN/DerivedData/Build/Intermediates.noindex/Condisco.build/Debug-iphonesimulator/Condisco.build/Condisco.app.xcent -o /var/folders/3w/91hphlzs0rv_1twbkfyhvn6m0000gn/T/condisco-preflight.bh4YjN/DerivedData/Build/Intermediates.noindex/Condisco.build/Debug-iphonesimulator/Condisco.build/Condisco.app.xcent.der --raw

ProcessProductPackagingDER /var/folders/3w/91hphlzs0rv_1twbkfyhvn6m0000gn/T/condisco-preflight.bh4YjN/DerivedData/Build/Intermediates.noindex/Condisco.build/Debug-iphonesimulator/Condisco.build/Condisco.app-Simulated.xcent /var/folders/3w/91hphlzs0rv_1twbkfyhvn6m0000gn/T/condisco-preflight.bh4YjN/DerivedData/Build/Intermediates.noindex/Condisco.build/Debug-iphonesimulator/Condisco.build/Condisco.app-Simulated.xcent.der (in target 'Condisco' from project 'Condisco')
    cd /Users/spkoehl/Projects/VerbaLibera
    /usr/bin/derq query -f xml -i /var/folders/3w/91hphlzs0rv_1twbkfyhvn6m0000gn/T/condisco-preflight.bh4YjN/DerivedData/Build/Intermediates.noindex/Condisco.build/Debug-iphonesimulator/Condisco.build/Condisco.app-Simulated.xcent -o /var/folders/3w/91hphlzs0rv_1twbkfyhvn6m0000gn/T/condisco-preflight.bh4YjN/DerivedData/Build/Intermediates.noindex/Condisco.build/Debug-iphonesimulator/Condisco.build/Condisco.app-Simulated.xcent.der --raw

MkDir /var/folders/3w/91hphlzs0rv_1twbkfyhvn6m0000gn/T/condisco-preflight.bh4YjN/DerivedData/Build/Intermediates.noindex/Condisco.build/Debug-iphonesimulator/Condisco.build/assetcatalog_output/thinned (in target 'Condisco' from project 'Condisco')
    cd /Users/spkoehl/Projects/VerbaLibera
    /bin/mkdir -p /var/folders/3w/91hphlzs0rv_1twbkfyhvn6m0000gn/T/condisco-preflight.bh4YjN/DerivedData/Build/Intermediates.noindex/Condisco.build/Debug-iphonesimulator/Condisco.build/assetcatalog_output/thinned

MkDir /var/folders/3w/91hphlzs0rv_1twbkfyhvn6m0000gn/T/condisco-preflight.bh4YjN/DerivedData/Build/Intermediates.noindex/Condisco.build/Debug-iphonesimulator/Condisco.build/assetcatalog_output/unthinned (in target 'Condisco' from project 'Condisco')
    cd /Users/spkoehl/Projects/VerbaLibera
    /bin/mkdir -p /var/folders/3w/91hphlzs0rv_1twbkfyhvn6m0000gn/T/condisco-preflight.bh4YjN/DerivedData/Build/Intermediates.noindex/Condisco.build/Debug-iphonesimulator/Condisco.build/assetcatalog_output/unthinned

GenerateAssetSymbols /Users/spkoehl/Projects/VerbaLibera/Condisco/Assets.xcassets (in target 'Condisco' from project 'Condisco')
    cd /Users/spkoehl/Projects/VerbaLibera
    /Applications/Xcode.app/Contents/Developer/usr/bin/actool /Users/spkoehl/Projects/VerbaLibera/Condisco/Assets.xcassets --compile /var/folders/3w/91hphlzs0rv_1twbkfyhvn6m0000gn/T/condisco-preflight.bh4YjN/DerivedData/Build/Products/Debug-iphonesimulator/Condisco.app --output-format human-readable-text --notices --warnings --export-dependency-info /var/folders/3w/91hphlzs0rv_1twbkfyhvn6m0000gn/T/condisco-preflight.bh4YjN/DerivedData/Build/Intermediates.noindex/Condisco.build/Debug-iphonesimulator/Condisco.build/assetcatalog_dependencies --output-partial-info-plist /var/folders/3w/91hphlzs0rv_1twbkfyhvn6m0000gn/T/condisco-preflight.bh4YjN/DerivedData/Build/Intermediates.noindex/Condisco.build/Debug-iphonesimulator/Condisco.build/assetcatalog_generated_info.plist --app-icon AppIcon --accent-color AccentColor --compress-pngs --enable-on-demand-resources YES --development-region en --target-device iphone --target-device ipad --minimum-deployment-target 17.0 --platform iphonesimulator --bundle-identifier com.sleuthysloth.condisco --generate-swift-asset-symbol-extensions NO --generate-swift-asset-symbols /var/folders/3w/91hphlzs0rv_1twbkfyhvn6m0000gn/T/condisco-preflight.bh4YjN/DerivedData/Build/Intermediates.noindex/Condisco.build/Debug-iphonesimulator/Condisco.build/DerivedSources/GeneratedAssetSymbols.swift --generate-objc-asset-symbols /var/folders/3w/91hphlzs0rv_1twbkfyhvn6m0000gn/T/condisco-preflight.bh4YjN/DerivedData/Build/Intermediates.noindex/Condisco.build/Debug-iphonesimulator/Condisco.build/DerivedSources/GeneratedAssetSymbols.h --generate-asset-symbol-index /var/folders/3w/91hphlzs0rv_1twbkfyhvn6m0000gn/T/condisco-preflight.bh4YjN/DerivedData/Build/Intermediates.noindex/Condisco.build/Debug-iphonesimulator/Condisco.build/DerivedSources/GeneratedAssetSymbols-Index.plist
/* com.apple.actool.compilation-results */
/var/folders/3w/91hphlzs0rv_1twbkfyhvn6m0000gn/T/condisco-preflight.bh4YjN/DerivedData/Build/Intermediates.noindex/Condisco.build/Debug-iphonesimulator/Condisco.build/DerivedSources/GeneratedAssetSymbols-Index.plist
/var/folders/3w/91hphlzs0rv_1twbkfyhvn6m0000gn/T/condisco-preflight.bh4YjN/DerivedData/Build/Intermediates.noindex/Condisco.build/Debug-iphonesimulator/Condisco.build/DerivedSources/GeneratedAssetSymbols.h
/var/folders/3w/91hphlzs0rv_1twbkfyhvn6m0000gn/T/condisco-preflight.bh4YjN/DerivedData/Build/Intermediates.noindex/Condisco.build/Debug-iphonesimulator/Condisco.build/DerivedSources/GeneratedAssetSymbols.swift


CompileAssetCatalogVariant thinned /var/folders/3w/91hphlzs0rv_1twbkfyhvn6m0000gn/T/condisco-preflight.bh4YjN/DerivedData/Build/Products/Debug-iphonesimulator/Condisco.app /Users/spkoehl/Projects/VerbaLibera/Condisco/Assets.xcassets (in target 'Condisco' from project 'Condisco')
    cd /Users/spkoehl/Projects/VerbaLibera
    /Applications/Xcode.app/Contents/Developer/usr/bin/actool /Users/spkoehl/Projects/VerbaLibera/Condisco/Assets.xcassets --compile /var/folders/3w/91hphlzs0rv_1twbkfyhvn6m0000gn/T/condisco-preflight.bh4YjN/DerivedData/Build/Intermediates.noindex/Condisco.build/Debug-iphonesimulator/Condisco.build/assetcatalog_output/thinned --output-format human-readable-text --notices --warnings --export-dependency-info /var/folders/3w/91hphlzs0rv_1twbkfyhvn6m0000gn/T/condisco-preflight.bh4YjN/DerivedData/Build/Intermediates.noindex/Condisco.build/Debug-iphonesimulator/Condisco.build/assetcatalog_dependencies_thinned --output-partial-info-plist /var/folders/3w/91hphlzs0rv_1twbkfyhvn6m0000gn/T/condisco-preflight.bh4YjN/DerivedData/Build/Intermediates.noindex/Condisco.build/Debug-iphonesimulator/Condisco.build/assetcatalog_generated_info.plist_thinned --app-icon AppIcon --accent-color AccentColor --compress-pngs --enable-on-demand-resources YES --filter-for-thinning-device-configuration iPhone19,2 --filter-for-device-os-version 27.0 --development-region en --target-device iphone --target-device ipad --minimum-deployment-target 17.0 --platform iphonesimulator
/* com.apple.actool.compilation-results */
/var/folders/3w/91hphlzs0rv_1twbkfyhvn6m0000gn/T/condisco-preflight.bh4YjN/DerivedData/Build/Intermediates.noindex/Condisco.build/Debug-iphonesimulator/Condisco.build/assetcatalog_generated_info.plist_thinned
/var/folders/3w/91hphlzs0rv_1twbkfyhvn6m0000gn/T/condisco-preflight.bh4YjN/DerivedData/Build/Intermediates.noindex/Condisco.build/Debug-iphonesimulator/Condisco.build/assetcatalog_output/thinned/AppIcon60x60@2x.png
/var/folders/3w/91hphlzs0rv_1twbkfyhvn6m0000gn/T/condisco-preflight.bh4YjN/DerivedData/Build/Intermediates.noindex/Condisco.build/Debug-iphonesimulator/Condisco.build/assetcatalog_output/thinned/AppIcon76x76@2x~ipad.png
/var/folders/3w/91hphlzs0rv_1twbkfyhvn6m0000gn/T/condisco-preflight.bh4YjN/DerivedData/Build/Intermediates.noindex/Condisco.build/Debug-iphonesimulator/Condisco.build/assetcatalog_output/thinned/Assets.car


SwiftDriver Condisco normal arm64 com.apple.xcode.tools.swift.compiler (in target 'Condisco' from project 'Condisco')
    cd /Users/spkoehl/Projects/VerbaLibera
    builtin-SwiftDriver -- /Applications/Xcode.app/Contents/Developer/Toolchains/XcodeDefault.xctoolchain/usr/bin/swiftc -module-name Condisco -Onone @/var/folders/3w/91hphlzs0rv_1twbkfyhvn6m0000gn/T/condisco-preflight.bh4YjN/DerivedData/Build/Intermediates.noindex/Condisco.build/Debug-iphonesimulator/Condisco.build/Objects-normal/arm64/Condisco.SwiftFileList -DDEBUG -enable-bare-slash-regex -enable-experimental-feature DebugDescriptionMacro -sdk /Applications/Xcode.app/Contents/Developer/Platforms/iPhoneSimulator.platform/Developer/SDKs/iPhoneSimulator27.0.sdk -target arm64-apple-ios17.0-simulator -g -module-cache-path /var/folders/3w/91hphlzs0rv_1twbkfyhvn6m0000gn/T/condisco-preflight.bh4YjN/DerivedData/ModuleCache.noindex -Xfrontend -serialize-debugging-options -enable-testing -index-store-path /var/folders/3w/91hphlzs0rv_1twbkfyhvn6m0000gn/T/condisco-preflight.bh4YjN/DerivedData/Index.noindex/DataStore -Xcc -D_LIBCPP_HARDENING_MODE\=_LIBCPP_HARDENING_MODE_DEBUG -swift-version 5 -I /var/folders/3w/91hphlzs0rv_1twbkfyhvn6m0000gn/T/condisco-preflight.bh4YjN/DerivedData/Build/Products/Debug-iphonesimulator -F /var/folders/3w/91hphlzs0rv_1twbkfyhvn6m0000gn/T/condisco-preflight.bh4YjN/DerivedData/Build/Products/Debug-iphonesimulator -emit-localized-strings -emit-localized-strings-path /var/folders/3w/91hphlzs0rv_1twbkfyhvn6m0000gn/T/condisco-preflight.bh4YjN/DerivedData/Build/Intermediates.noindex/Condisco.build/Debug-iphonesimulator/Condisco.build/Objects-normal/arm64 -c -j6 -enable-batch-mode -incremental -Xcc -ivfsstatcache -Xcc /var/folders/3w/91hphlzs0rv_1twbkfyhvn6m0000gn/T/condisco-preflight.bh4YjN/DerivedData/SDKStatCaches.noindex/iphonesimulator27.0-24A430-8dc58220667be655e1bcc261a7455254.sdkstatcache -output-file-map /var/folders/3w/91hphlzs0rv_1twbkfyhvn6m0000gn/T/condisco-preflight.bh4YjN/DerivedData/Build/Intermediates.noindex/Condisco.build/Debug-iphonesimulator/Condisco.build/Objects-normal/arm64/Condisco-OutputFileMap.json -save-temps -no-color-diagnostics -explicit-module-build -module-cache-path /var/folders/3w/91hphlzs0rv_1twbkfyhvn6m0000gn/T/condisco-preflight.bh4YjN/DerivedData/Build/Intermediates.noindex/SwiftExplicitPrecompiledModules -clang-scanner-module-cache-path /var/folders/3w/91hphlzs0rv_1twbkfyhvn6m0000gn/T/condisco-preflight.bh4YjN/DerivedData/ModuleCache.noindex -sdk-module-cache-path /var/folders/3w/91hphlzs0rv_1twbkfyhvn6m0000gn/T/condisco-preflight.bh4YjN/DerivedData/SDKExplicitPrecompiledModules -emit-dependencies -emit-module -emit-module-path /var/folders/3w/91hphlzs0rv_1twbkfyhvn6m0000gn/T/condisco-preflight.bh4YjN/DerivedData/Build/Intermediates.noindex/Condisco.build/Debug-iphonesimulator/Condisco.build/Objects-normal/arm64/Condisco.swiftmodule -serialize-diagnostics -dependency-scan-serialize-diagnostics-path /var/folders/3w/91hphlzs0rv_1twbkfyhvn6m0000gn/T/condisco-preflight.bh4YjN/DerivedData/Build/Intermediates.noindex/Condisco.build/Debug-iphonesimulator/Condisco.build/Objects-normal/arm64/Condisco-dependency-scan.dia -validate-clang-modules-once -clang-build-session-file /var/folders/3w/91hphlzs0rv_1twbkfyhvn6m0000gn/T/condisco-preflight.bh4YjN/DerivedData/ModuleCache.noindex/Session.modulevalidation -Xcc -fmodules-prune-interval\=86400 -Xcc -fmodules-prune-after\=345600 -emit-const-values -const-gather-protocols-list /var/folders/3w/91hphlzs0rv_1twbkfyhvn6m0000gn/T/condisco-preflight.bh4YjN/DerivedData/Build/Intermediates.noindex/Condisco.build/Debug-iphonesimulator/Condisco.build/Objects-normal/arm64/Condisco_const_extract_protocols.json -Xcc -iquote -Xcc /var/folders/3w/91hphlzs0rv_1twbkfyhvn6m0000gn/T/condisco-preflight.bh4YjN/DerivedData/Build/Intermediates.noindex/Condisco.build/Debug-iphonesimulator/Condisco.build/Condisco-generated-files.hmap -Xcc -I/var/folders/3w/91hphlzs0rv_1twbkfyhvn6m0000gn/T/condisco-preflight.bh4YjN/DerivedData/Build/Intermediates.noindex/Condisco.build/Debug-iphonesimulator/Condisco.build/Condisco-own-target-headers.hmap -Xcc -I/var/folders/3w/91hphlzs0rv_1twbkfyhvn6m0000gn/T/condisco-preflight.bh4YjN/DerivedData/Build/Intermediates.noindex/Condisco.build/Debug-iphonesimulator/Condisco.build/Condisco-all-target-headers.hmap -Xcc -iquote -Xcc /var/folders/3w/91hphlzs0rv_1twbkfyhvn6m0000gn/T/condisco-preflight.bh4YjN/DerivedData/Build/Intermediates.noindex/Condisco.build/Debug-iphonesimulator/Condisco.build/Condisco-project-headers.hmap -Xcc -I/var/folders/3w/91hphlzs0rv_1twbkfyhvn6m0000gn/T/condisco-preflight.bh4YjN/DerivedData/Build/Products/Debug-iphonesimulator/include -Xcc -I/var/folders/3w/91hphlzs0rv_1twbkfyhvn6m0000gn/T/condisco-preflight.bh4YjN/DerivedData/Build/Intermediates.noindex/Condisco.build/Debug-iphonesimulator/Condisco.build/DerivedSources-normal/arm64 -Xcc -I/var/folders/3w/91hphlzs0rv_1twbkfyhvn6m0000gn/T/condisco-preflight.bh4YjN/DerivedData/Build/Intermediates.noindex/Condisco.build/Debug-iphonesimulator/Condisco.build/DerivedSources/arm64 -Xcc -I/var/folders/3w/91hphlzs0rv_1twbkfyhvn6m0000gn/T/condisco-preflight.bh4YjN/DerivedData/Build/Intermediates.noindex/Condisco.build/Debug-iphonesimulator/Condisco.build/DerivedSources -Xcc -DDEBUG\=1 -Xcc -DDEBUG\=1 -emit-objc-header -emit-objc-header-path /var/folders/3w/91hphlzs0rv_1twbkfyhvn6m0000gn/T/condisco-preflight.bh4YjN/DerivedData/Build/Intermediates.noindex/Condisco.build/Debug-iphonesimulator/Condisco.build/Objects-normal/arm64/Condisco-Swift.h -working-directory /Users/spkoehl/Projects/VerbaLibera -experimental-emit-module-separately -disable-cmo

SwiftExplicitDependencyGeneratePcm arm64 /var/folders/3w/91hphlzs0rv_1twbkfyhvn6m0000gn/T/condisco-preflight.bh4YjN/DerivedData/SDKExplicitPrecompiledModules/_Builtin_stdarg-23TF0JXL9MNQEZA966OXY8LDK.pcm

SwiftExplicitDependencyGeneratePcm arm64 /var/folders/3w/91hphlzs0rv_1twbkfyhvn6m0000gn/T/condisco-preflight.bh4YjN/DerivedData/SDKExplicitPrecompiledModules/_StoreKit_SwiftUI-6LKB839NAJTKN9GLS6MZLFSPG.pcm

SwiftExplicitDependencyGeneratePcm arm64 /var/folders/3w/91hphlzs0rv_1twbkfyhvn6m0000gn/T/condisco-preflight.bh4YjN/DerivedData/SDKExplicitPrecompiledModules/_SwiftConcurrencyShims-2PLS9XZ5HHD05VBNMJ4XAXRZ8.pcm

SwiftExplicitDependencyGeneratePcm arm64 /var/folders/3w/91hphlzs0rv_1twbkfyhvn6m0000gn/T/condisco-preflight.bh4YjN/DerivedData/SDKExplicitPrecompiledModules/DeveloperToolsSupport-AN2EWPDH6QVAVCJ9DXA94FGED.pcm

SwiftExplicitDependencyGeneratePcm arm64 /var/folders/3w/91hphlzs0rv_1twbkfyhvn6m0000gn/T/condisco-preflight.bh4YjN/DerivedData/SDKExplicitPrecompiledModules/_Builtin_float-BSRS54QKHQRRIOGSRWRA1PXWJ.pcm

SwiftExplicitDependencyGeneratePcm arm64 /var/folders/3w/91hphlzs0rv_1twbkfyhvn6m0000gn/T/condisco-preflight.bh4YjN/DerivedData/SDKExplicitPrecompiledModules/_AvailabilityInternal-88O0PTHB23HYN1XAB3OWJ04UX.pcm

SwiftExplicitDependencyGeneratePcm arm64 /var/folders/3w/91hphlzs0rv_1twbkfyhvn6m0000gn/T/condisco-preflight.bh4YjN/DerivedData/SDKExplicitPrecompiledModules/SwiftShims-2OLCP12E8BK3JZFXYQ9H1ZXPL.pcm

SwiftExplicitDependencyGeneratePcm arm64 /var/folders/3w/91hphlzs0rv_1twbkfyhvn6m0000gn/T/condisco-preflight.bh4YjN/DerivedData/SDKExplicitPrecompiledModules/ptrcheck-ANX7GOFMAMTERNWXAICJNEVPA.pcm

SwiftExplicitDependencyGeneratePcm arm64 /var/folders/3w/91hphlzs0rv_1twbkfyhvn6m0000gn/T/condisco-preflight.bh4YjN/DerivedData/SDKExplicitPrecompiledModules/_Builtin_stdbool-592RZ2DHANXP1G124GPLCO4WK.pcm

SwiftExplicitDependencyGeneratePcm arm64 /var/folders/3w/91hphlzs0rv_1twbkfyhvn6m0000gn/T/condisco-preflight.bh4YjN/DerivedData/SDKExplicitPrecompiledModules/_Builtin_stddef-CORHMY3A9NBISDGXR5X8RU6HV.pcm

SwiftExplicitDependencyGeneratePcm arm64 /var/folders/3w/91hphlzs0rv_1twbkfyhvn6m0000gn/T/condisco-preflight.bh4YjN/DerivedData/SDKExplicitPrecompiledModules/_DarwinFoundation1-8R5S8X4ODNF4JFNRL7OV0OQLK.pcm

SwiftExplicitDependencyGeneratePcm arm64 /var/folders/3w/91hphlzs0rv_1twbkfyhvn6m0000gn/T/condisco-preflight.bh4YjN/DerivedData/SDKExplicitPrecompiledModules/ActivityKit-8ZLHEPR3BDFQ48EDIFIG1TUPP.pcm

SwiftExplicitDependencyGeneratePcm arm64 /var/folders/3w/91hphlzs0rv_1twbkfyhvn6m0000gn/T/condisco-preflight.bh4YjN/DerivedData/SDKExplicitPrecompiledModules/ptrauth-DQN5ED6328Q9R9YLN6I18OOPA.pcm

SwiftExplicitDependencyGeneratePcm arm64 /var/folders/3w/91hphlzs0rv_1twbkfyhvn6m0000gn/T/condisco-preflight.bh4YjN/DerivedData/SDKExplicitPrecompiledModules/ExtensionFoundation-4B16O6634COP0VPA49NX4L7OC.pcm

SwiftExplicitDependencyGeneratePcm arm64 /var/folders/3w/91hphlzs0rv_1twbkfyhvn6m0000gn/T/condisco-preflight.bh4YjN/DerivedData/SDKExplicitPrecompiledModules/_Builtin_limits-CMXNLHUR551OPR3XTVSJBSEZ9.pcm

SwiftExplicitDependencyGeneratePcm arm64 /var/folders/3w/91hphlzs0rv_1twbkfyhvn6m0000gn/T/condisco-preflight.bh4YjN/DerivedData/SDKExplicitPrecompiledModules/SQLite3-1O759K3NUSC59I88I3IB93IYU.pcm

SwiftExplicitDependencyGeneratePcm arm64 /var/folders/3w/91hphlzs0rv_1twbkfyhvn6m0000gn/T/condisco-preflight.bh4YjN/DerivedData/SDKExplicitPrecompiledModules/_DarwinFoundation2-3JB8IPOMS78G74YQGXGWESSAW.pcm

SwiftExplicitDependencyGeneratePcm arm64 /var/folders/3w/91hphlzs0rv_1twbkfyhvn6m0000gn/T/condisco-preflight.bh4YjN/DerivedData/SDKExplicitPrecompiledModules/_Builtin_tgmath-7QX57SQUB8J6154DAWKZU2QP7.pcm

SwiftExplicitDependencyGeneratePcm arm64 /var/folders/3w/91hphlzs0rv_1twbkfyhvn6m0000gn/T/condisco-preflight.bh4YjN/DerivedData/SDKExplicitPrecompiledModules/sys_types-3ZQUR110P9E1OG42GCHKRDB7P.pcm

SwiftExplicitDependencyGeneratePcm arm64 /var/folders/3w/91hphlzs0rv_1twbkfyhvn6m0000gn/T/condisco-preflight.bh4YjN/DerivedData/SDKExplicitPrecompiledModules/string_h-90O8A1L0ZPZIBP1JC3EH64KYQ.pcm

SwiftExplicitDependencyGeneratePcm arm64 /var/folders/3w/91hphlzs0rv_1twbkfyhvn6m0000gn/T/condisco-preflight.bh4YjN/DerivedData/SDKExplicitPrecompiledModules/_Builtin_stdint-DA1FCYOXZHAX72PRCSTGMWYFM.pcm

SwiftExplicitDependencyGeneratePcm arm64 /var/folders/3w/91hphlzs0rv_1twbkfyhvn6m0000gn/T/condisco-preflight.bh4YjN/DerivedData/SDKExplicitPrecompiledModules/_DarwinFoundation3-UVMG2CM3DMXSXMBBBMSM7JKA.pcm

SwiftExplicitDependencyGeneratePcm arm64 /var/folders/3w/91hphlzs0rv_1twbkfyhvn6m0000gn/T/condisco-preflight.bh4YjN/DerivedData/SDKExplicitPrecompiledModules/_Builtin_stdatomic-9694J28ZDRBI5MOOGLPH9XVDL.pcm

SwiftExplicitDependencyGeneratePcm arm64 /var/folders/3w/91hphlzs0rv_1twbkfyhvn6m0000gn/T/condisco-preflight.bh4YjN/DerivedData/SDKExplicitPrecompiledModules/_Builtin_intrinsics-DMB5EEGPBPO3QVEYFTLQP75BD.pcm

SwiftExplicitDependencyGeneratePcm arm64 /var/folders/3w/91hphlzs0rv_1twbkfyhvn6m0000gn/T/condisco-preflight.bh4YjN/DerivedData/SDKExplicitPrecompiledModules/_Builtin_inttypes-37WT8B4H97S7WN9BPBXFRI45F.pcm

SwiftDriverJobDiscovery normal arm64 Compiling WidgetSnapshot.swift (in target 'CondiscoWidget' from project 'Condisco')

SwiftExplicitDependencyGeneratePcm arm64 /var/folders/3w/91hphlzs0rv_1twbkfyhvn6m0000gn/T/condisco-preflight.bh4YjN/DerivedData/SDKExplicitPrecompiledModules/Darwin-BF7EEF8581CLUNS73VKVOYTK6.pcm

SwiftExplicitDependencyGeneratePcm arm64 /var/folders/3w/91hphlzs0rv_1twbkfyhvn6m0000gn/T/condisco-preflight.bh4YjN/DerivedData/SDKExplicitPrecompiledModules/simd-BEVZOT8V0RHU1PNSO1NQFC3RA.pcm

SwiftExplicitDependencyGeneratePcm arm64 /var/folders/3w/91hphlzs0rv_1twbkfyhvn6m0000gn/T/condisco-preflight.bh4YjN/DerivedData/SDKExplicitPrecompiledModules/MachO-6JADGQ9SOJWZZ8RPDKE63C44.pcm

SwiftExplicitDependencyGeneratePcm arm64 /var/folders/3w/91hphlzs0rv_1twbkfyhvn6m0000gn/T/condisco-preflight.bh4YjN/DerivedData/SDKExplicitPrecompiledModules/ObjectiveC-A6I0FCW573U91T2ZS4UP1VH3A.pcm

SwiftExplicitDependencyGeneratePcm arm64 /var/folders/3w/91hphlzs0rv_1twbkfyhvn6m0000gn/T/condisco-preflight.bh4YjN/DerivedData/SDKExplicitPrecompiledModules/os_object-DEK12FVU1LI7R15ADN4KQ02XI.pcm

SwiftExplicitDependencyGeneratePcm arm64 /var/folders/3w/91hphlzs0rv_1twbkfyhvn6m0000gn/T/condisco-preflight.bh4YjN/DerivedData/SDKExplicitPrecompiledModules/os_workgroup-64RXA28YH2ROPNPTAPN8DCYXN.pcm

SwiftExplicitDependencyGeneratePcm arm64 /var/folders/3w/91hphlzs0rv_1twbkfyhvn6m0000gn/T/condisco-preflight.bh4YjN/DerivedData/SDKExplicitPrecompiledModules/Spatial-DCM2YTAH9ZKGDEIGQJXLONYSS.pcm

SwiftExplicitDependencyGeneratePcm arm64 /var/folders/3w/91hphlzs0rv_1twbkfyhvn6m0000gn/T/condisco-preflight.bh4YjN/DerivedData/SDKExplicitPrecompiledModules/Dispatch-FSS478W3I62IHZXQV9ABN5S6.pcm

SwiftExplicitDependencyGeneratePcm arm64 /var/folders/3w/91hphlzs0rv_1twbkfyhvn6m0000gn/T/condisco-preflight.bh4YjN/DerivedData/SDKExplicitPrecompiledModules/CoreFoundation-JNQQ92FL79WOZUHO11C4V4CZ.pcm

SwiftExplicitDependencyGeneratePcm arm64 /var/folders/3w/91hphlzs0rv_1twbkfyhvn6m0000gn/T/condisco-preflight.bh4YjN/DerivedData/SDKExplicitPrecompiledModules/dnssd-4TQ2AQEARJ7YYTWJP5NSWUV1W.pcm

SwiftExplicitDependencyGeneratePcm arm64 /var/folders/3w/91hphlzs0rv_1twbkfyhvn6m0000gn/T/condisco-preflight.bh4YjN/DerivedData/SDKExplicitPrecompiledModules/XPC-CTPP1YYR855770NSJ3V4CQZAG.pcm

SwiftExplicitDependencyGeneratePcm arm64 /var/folders/3w/91hphlzs0rv_1twbkfyhvn6m0000gn/T/condisco-preflight.bh4YjN/DerivedData/SDKExplicitPrecompiledModules/os-9QQGJ3Q5IZNQGHR1FXJZLGWAG.pcm

SwiftExplicitDependencyGeneratePcm arm64 /var/folders/3w/91hphlzs0rv_1twbkfyhvn6m0000gn/T/condisco-preflight.bh4YjN/DerivedData/SDKExplicitPrecompiledModules/CoreAudioTypes-66MZJWO17M8H0M712F9HCAJP8.pcm

SwiftExplicitDependencyGeneratePcm arm64 /var/folders/3w/91hphlzs0rv_1twbkfyhvn6m0000gn/T/condisco-preflight.bh4YjN/DerivedData/SDKExplicitPrecompiledModules/CoreGraphics-2LDNCVE0248QJ33NPVBY351C6.pcm

SwiftExplicitDependencyGeneratePcm arm64 /var/folders/3w/91hphlzs0rv_1twbkfyhvn6m0000gn/T/condisco-preflight.bh4YjN/DerivedData/SDKExplicitPrecompiledModules/CFNetwork-EVC6YLZ4B0TOZ1QNTOPQO8RYW.pcm

SwiftExplicitDependencyGeneratePcm arm64 /var/folders/3w/91hphlzs0rv_1twbkfyhvn6m0000gn/T/condisco-preflight.bh4YjN/DerivedData/SDKExplicitPrecompiledModules/Security-52EMEAS8J1IUSXQJSAA9GPVVS.pcm

SwiftExplicitDependencyGeneratePcm arm64 /var/folders/3w/91hphlzs0rv_1twbkfyhvn6m0000gn/T/condisco-preflight.bh4YjN/DerivedData/SDKExplicitPrecompiledModules/CoreAudio-78E9INVAI3B5I30XU1SJENUO9.pcm

SwiftExplicitDependencyGeneratePcm arm64 /var/folders/3w/91hphlzs0rv_1twbkfyhvn6m0000gn/T/condisco-preflight.bh4YjN/DerivedData/SDKExplicitPrecompiledModules/ImageIO-BU4BQT8VRCJYY69CBWMFCAW49.pcm

SwiftExplicitDependencyGeneratePcm arm64 /var/folders/3w/91hphlzs0rv_1twbkfyhvn6m0000gn/T/condisco-preflight.bh4YjN/DerivedData/SDKExplicitPrecompiledModules/CoreText-3D2Q397ZZONGN9BLO5G4AHAVS.pcm

SwiftExplicitDependencyGeneratePcm arm64 /var/folders/3w/91hphlzs0rv_1twbkfyhvn6m0000gn/T/condisco-preflight.bh4YjN/DerivedData/SDKExplicitPrecompiledModules/Foundation-6L06GM7HSUONW46DBN09BHUDL.pcm

SwiftExplicitDependencyGeneratePcm arm64 /var/folders/3w/91hphlzs0rv_1twbkfyhvn6m0000gn/T/condisco-preflight.bh4YjN/DerivedData/SDKExplicitPrecompiledModules/Symbols-6EGT3FGLEP5WO8XMILOY61KNZ.pcm

SwiftExplicitDependencyGeneratePcm arm64 /var/folders/3w/91hphlzs0rv_1twbkfyhvn6m0000gn/T/condisco-preflight.bh4YjN/DerivedData/SDKExplicitPrecompiledModules/UserNotifications-AP1V2PSEJJLINGTQL46VGBOGW.pcm

SwiftExplicitDependencyGeneratePcm arm64 /var/folders/3w/91hphlzs0rv_1twbkfyhvn6m0000gn/T/condisco-preflight.bh4YjN/DerivedData/SDKExplicitPrecompiledModules/LocalAuthentication-2K59UBOWEZ1E85H60I4KR4RFK.pcm

SwiftExplicitDependencyGeneratePcm arm64 /var/folders/3w/91hphlzs0rv_1twbkfyhvn6m0000gn/T/condisco-preflight.bh4YjN/DerivedData/SDKExplicitPrecompiledModules/Network-BE40GECGRRXDE4EFERR6SLIWB.pcm

SwiftExplicitDependencyGeneratePcm arm64 /var/folders/3w/91hphlzs0rv_1twbkfyhvn6m0000gn/T/condisco-preflight.bh4YjN/DerivedData/SDKExplicitPrecompiledModules/Accessibility-31BT7I8S42D9ILMWOCXBAB8L2.pcm

SwiftExplicitDependencyGeneratePcm arm64 /var/folders/3w/91hphlzs0rv_1twbkfyhvn6m0000gn/T/condisco-preflight.bh4YjN/DerivedData/SDKExplicitPrecompiledModules/RelevanceKit-9ZW08V0445N0IP4KKXCKDFH1O.pcm

SwiftExplicitDependencyGeneratePcm arm64 /var/folders/3w/91hphlzs0rv_1twbkfyhvn6m0000gn/T/condisco-preflight.bh4YjN/DerivedData/SDKExplicitPrecompiledModules/_LocationEssentials-C2GSMLNYAF73IJ2H7NE16ZFS4.pcm

SwiftExplicitDependencyGeneratePcm arm64 /var/folders/3w/91hphlzs0rv_1twbkfyhvn6m0000gn/T/condisco-preflight.bh4YjN/DerivedData/SDKExplicitPrecompiledModules/OSLog-C4SW6JV605Y5EOTW4GVOVRUU7.pcm

SwiftExplicitDependencyGeneratePcm arm64 /var/folders/3w/91hphlzs0rv_1twbkfyhvn6m0000gn/T/condisco-preflight.bh4YjN/DerivedData/SDKExplicitPrecompiledModules/CoreData-6F8A4F7YYET16QM4AP0LGF30K.pcm

SwiftExplicitDependencyGeneratePcm arm64 /var/folders/3w/91hphlzs0rv_1twbkfyhvn6m0000gn/T/condisco-preflight.bh4YjN/DerivedData/SDKExplicitPrecompiledModules/UniformTypeIdentifiers-EQIYQMJ8JZEQTATTHVNGC830W.pcm

SwiftExplicitDependencyGeneratePcm arm64 /var/folders/3w/91hphlzs0rv_1twbkfyhvn6m0000gn/T/condisco-preflight.bh4YjN/DerivedData/SDKExplicitPrecompiledModules/UIUtilities-11V0LDMDKPMVIOR7QNWUKX3ZU.pcm

SwiftExplicitDependencyGeneratePcm arm64 /var/folders/3w/91hphlzs0rv_1twbkfyhvn6m0000gn/T/condisco-preflight.bh4YjN/DerivedData/SDKExplicitPrecompiledModules/CoreTransferable-401GFMEW0B0KHUMKFQO249EHZ.pcm

SwiftExplicitDependencyGeneratePcm arm64 /var/folders/3w/91hphlzs0rv_1twbkfyhvn6m0000gn/T/condisco-preflight.bh4YjN/DerivedData/SDKExplicitPrecompiledModules/AppIntents-P7ZVAXUTERTQZWFNPOGPH6LD.pcm

SwiftExplicitDependencyGeneratePcm arm64 /var/folders/3w/91hphlzs0rv_1twbkfyhvn6m0000gn/T/condisco-preflight.bh4YjN/DerivedData/SDKExplicitPrecompiledModules/CoreSpotlight-977N1E70SMU8UZT65QLVT6IXR.pcm

SwiftExplicitDependencyGeneratePcm arm64 /var/folders/3w/91hphlzs0rv_1twbkfyhvn6m0000gn/T/condisco-preflight.bh4YjN/DerivedData/SDKExplicitPrecompiledModules/AVRouting-2LQ2XS8Z3CV45Z9A3WRZEKNJC.pcm

SwiftExplicitDependencyGeneratePcm arm64 /var/folders/3w/91hphlzs0rv_1twbkfyhvn6m0000gn/T/condisco-preflight.bh4YjN/DerivedData/SDKExplicitPrecompiledModules/CoreMIDI-EA159B0ZVMV2TPOGWRGEI7QG3.pcm

SwiftExplicitDependencyGeneratePcm arm64 /var/folders/3w/91hphlzs0rv_1twbkfyhvn6m0000gn/T/condisco-preflight.bh4YjN/DerivedData/SDKExplicitPrecompiledModules/FileProvider-90JD8VBNM297ZLB4VUQCO1VWS.pcm

SwiftExplicitDependencyGeneratePcm arm64 /var/folders/3w/91hphlzs0rv_1twbkfyhvn6m0000gn/T/condisco-preflight.bh4YjN/DerivedData/SDKExplicitPrecompiledModules/IOSurface-BWJ1D045DGK49VAJHFR1C8F52.pcm

SwiftExplicitDependencyGeneratePcm arm64 /var/folders/3w/91hphlzs0rv_1twbkfyhvn6m0000gn/T/condisco-preflight.bh4YjN/DerivedData/SDKExplicitPrecompiledModules/CoreLocation-5OCV00IT2795KQPJSI8TSD3K4.pcm

SwiftExplicitDependencyGeneratePcm arm64 /var/folders/3w/91hphlzs0rv_1twbkfyhvn6m0000gn/T/condisco-preflight.bh4YjN/DerivedData/SDKExplicitPrecompiledModules/OpenGLES-58O6INN19ELE3QTWKLWGW6FSR.pcm

SwiftExplicitDependencyGeneratePcm arm64 /var/folders/3w/91hphlzs0rv_1twbkfyhvn6m0000gn/T/condisco-preflight.bh4YjN/DerivedData/SDKExplicitPrecompiledModules/BackgroundAssets-83J741ZZMM16ZAYAWHJV6NFGM.pcm

SwiftExplicitDependencyGeneratePcm arm64 /var/folders/3w/91hphlzs0rv_1twbkfyhvn6m0000gn/T/condisco-preflight.bh4YjN/DerivedData/SDKExplicitPrecompiledModules/AppIntentsTypeSupport-4PSSC5SGXKFTDPJLERKBDCHXO.pcm

SwiftExplicitDependencyGeneratePcm arm64 /var/folders/3w/91hphlzs0rv_1twbkfyhvn6m0000gn/T/condisco-preflight.bh4YjN/DerivedData/SDKExplicitPrecompiledModules/DataDetection-ED8EGV2VOACTR0538M6WM4EGX.pcm

SwiftExplicitDependencyGeneratePcm arm64 /var/folders/3w/91hphlzs0rv_1twbkfyhvn6m0000gn/T/condisco-preflight.bh4YjN/DerivedData/SDKExplicitPrecompiledModules/Metal-DMALHK0UXF5HT6BO4Z5376TLX.pcm

SwiftExplicitDependencyGeneratePcm arm64 /var/folders/3w/91hphlzs0rv_1twbkfyhvn6m0000gn/T/condisco-preflight.bh4YjN/DerivedData/SDKExplicitPrecompiledModules/Intents-DQKDP6I63F8ZU1SRX4XRBZPFS.pcm

SwiftExplicitDependencyGeneratePcm arm64 /var/folders/3w/91hphlzs0rv_1twbkfyhvn6m0000gn/T/condisco-preflight.bh4YjN/DerivedData/SDKExplicitPrecompiledModules/CloudKit-8MKEXSKJGSSTUSTIFOLGH5UCW.pcm

SwiftExplicitDependencyGeneratePcm arm64 /var/folders/3w/91hphlzs0rv_1twbkfyhvn6m0000gn/T/condisco-preflight.bh4YjN/DerivedData/SDKExplicitPrecompiledModules/CoreMotion-8E3K4HZGLESJ675C6KHRCKE8T.pcm

SwiftExplicitDependencyGeneratePcm arm64 /var/folders/3w/91hphlzs0rv_1twbkfyhvn6m0000gn/T/condisco-preflight.bh4YjN/DerivedData/SDKExplicitPrecompiledModules/WidgetKit-ELJSNNUG7S3M5BOFGP2BG6TL1.pcm

SwiftExplicitDependencyGeneratePcm arm64 /var/folders/3w/91hphlzs0rv_1twbkfyhvn6m0000gn/T/condisco-preflight.bh4YjN/DerivedData/SDKExplicitPrecompiledModules/AudioToolbox-9JLJ7D4QE7WIWT9WE4CCZYSYK.pcm

LinkAssetCatalog /Users/spkoehl/Projects/VerbaLibera/Condisco/Assets.xcassets (in target 'Condisco' from project 'Condisco')
    cd /Users/spkoehl/Projects/VerbaLibera
    builtin-linkAssetCatalog --thinned /var/folders/3w/91hphlzs0rv_1twbkfyhvn6m0000gn/T/condisco-preflight.bh4YjN/DerivedData/Build/Intermediates.noindex/Condisco.build/Debug-iphonesimulator/Condisco.build/assetcatalog_output/thinned --thinned-dependencies /var/folders/3w/91hphlzs0rv_1twbkfyhvn6m0000gn/T/condisco-preflight.bh4YjN/DerivedData/Build/Intermediates.noindex/Condisco.build/Debug-iphonesimulator/Condisco.build/assetcatalog_dependencies_thinned --thinned-info-plist-content /var/folders/3w/91hphlzs0rv_1twbkfyhvn6m0000gn/T/condisco-preflight.bh4YjN/DerivedData/Build/Intermediates.noindex/Condisco.build/Debug-iphonesimulator/Condisco.build/assetcatalog_generated_info.plist_thinned --unthinned /var/folders/3w/91hphlzs0rv_1twbkfyhvn6m0000gn/T/condisco-preflight.bh4YjN/DerivedData/Build/Intermediates.noindex/Condisco.build/Debug-iphonesimulator/Condisco.build/assetcatalog_output/unthinned --unthinned-dependencies /var/folders/3w/91hphlzs0rv_1twbkfyhvn6m0000gn/T/condisco-preflight.bh4YjN/DerivedData/Build/Intermediates.noindex/Condisco.build/Debug-iphonesimulator/Condisco.build/assetcatalog_dependencies_unthinned --unthinned-info-plist-content /var/folders/3w/91hphlzs0rv_1twbkfyhvn6m0000gn/T/condisco-preflight.bh4YjN/DerivedData/Build/Intermediates.noindex/Condisco.build/Debug-iphonesimulator/Condisco.build/assetcatalog_generated_info.plist_unthinned --output /var/folders/3w/91hphlzs0rv_1twbkfyhvn6m0000gn/T/condisco-preflight.bh4YjN/DerivedData/Build/Products/Debug-iphonesimulator/Condisco.app --plist-output /var/folders/3w/91hphlzs0rv_1twbkfyhvn6m0000gn/T/condisco-preflight.bh4YjN/DerivedData/Build/Intermediates.noindex/Condisco.build/Debug-iphonesimulator/Condisco.build/assetcatalog_generated_info.plist
note: Emplaced /var/folders/3w/91hphlzs0rv_1twbkfyhvn6m0000gn/T/condisco-preflight.bh4YjN/DerivedData/Build/Products/Debug-iphonesimulator/Condisco.app/AppIcon76x76@2x~ipad.png (in target 'Condisco' from project 'Condisco')
note: Emplaced /var/folders/3w/91hphlzs0rv_1twbkfyhvn6m0000gn/T/condisco-preflight.bh4YjN/DerivedData/Build/Products/Debug-iphonesimulator/Condisco.app/Assets.car (in target 'Condisco' from project 'Condisco')
note: Emplaced /var/folders/3w/91hphlzs0rv_1twbkfyhvn6m0000gn/T/condisco-preflight.bh4YjN/DerivedData/Build/Products/Debug-iphonesimulator/Condisco.app/AppIcon60x60@2x.png (in target 'Condisco' from project 'Condisco')

SwiftExplicitDependencyGeneratePcm arm64 /var/folders/3w/91hphlzs0rv_1twbkfyhvn6m0000gn/T/condisco-preflight.bh4YjN/DerivedData/SDKExplicitPrecompiledModules/CoreVideo-ATMN3PQB6W14CKV2V0X5XT1UH.pcm

SwiftExplicitDependencyGeneratePcm arm64 /var/folders/3w/91hphlzs0rv_1twbkfyhvn6m0000gn/T/condisco-preflight.bh4YjN/DerivedData/SDKExplicitPrecompiledModules/QuartzCore-4KJP2A5MLK4IPJJKYWDOY1ORO.pcm

SwiftExplicitDependencyGeneratePcm arm64 /var/folders/3w/91hphlzs0rv_1twbkfyhvn6m0000gn/T/condisco-preflight.bh4YjN/DerivedData/SDKExplicitPrecompiledModules/CoreImage-C2QC9R3CQ61EI7A39INJOL4HS.pcm

SwiftExplicitDependencyGeneratePcm arm64 /var/folders/3w/91hphlzs0rv_1twbkfyhvn6m0000gn/T/condisco-preflight.bh4YjN/DerivedData/SDKExplicitPrecompiledModules/CoreMedia-4432BQRE9U5HTRY3BFKIY02BA.pcm

SwiftExplicitDependencyGeneratePcm arm64 /var/folders/3w/91hphlzs0rv_1twbkfyhvn6m0000gn/T/condisco-preflight.bh4YjN/DerivedData/SDKExplicitPrecompiledModules/SwiftUICore-AK0UFFOWUQLCFP89J2F80D7RD.pcm

SwiftExplicitDependencyGeneratePcm arm64 /var/folders/3w/91hphlzs0rv_1twbkfyhvn6m0000gn/T/condisco-preflight.bh4YjN/DerivedData/SDKExplicitPrecompiledModules/MediaToolbox-DMRKXWJEPA2OVOYSNOOCY7FJB.pcm

SwiftExplicitDependencyGeneratePcm arm64 /var/folders/3w/91hphlzs0rv_1twbkfyhvn6m0000gn/T/condisco-preflight.bh4YjN/DerivedData/SDKExplicitPrecompiledModules/AVFAudio-CPG2WFA32HPB1EHKJWJ8EJ5GF.pcm

SwiftExplicitDependencyGeneratePcm arm64 /var/folders/3w/91hphlzs0rv_1twbkfyhvn6m0000gn/T/condisco-preflight.bh4YjN/DerivedData/SDKExplicitPrecompiledModules/VideoToolbox-B84SR1YYO2VEDL943I2W21P9N.pcm

SwiftExplicitDependencyGeneratePcm arm64 /var/folders/3w/91hphlzs0rv_1twbkfyhvn6m0000gn/T/condisco-preflight.bh4YjN/DerivedData/SDKExplicitPrecompiledModules/UIKit-AC1SBAGU826MUA7PVZUWSC7NU.pcm

SwiftExplicitDependencyGeneratePcm arm64 /var/folders/3w/91hphlzs0rv_1twbkfyhvn6m0000gn/T/condisco-preflight.bh4YjN/DerivedData/SDKExplicitPrecompiledModules/AVFoundation-F581JNVIACX1EB8CV9P9ZBDYG.pcm

SwiftDriverJobDiscovery normal arm64 Compiling CondiscoWidget.swift (in target 'CondiscoWidget' from project 'Condisco')

SwiftDriver\ Compilation CondiscoWidget normal arm64 com.apple.xcode.tools.swift.compiler (in target 'CondiscoWidget' from project 'Condisco')
    cd /Users/spkoehl/Projects/VerbaLibera
    builtin-Swift-Compilation -- /Applications/Xcode.app/Contents/Developer/Toolchains/XcodeDefault.xctoolchain/usr/bin/swiftc -module-name CondiscoWidget -Onone @/var/folders/3w/91hphlzs0rv_1twbkfyhvn6m0000gn/T/condisco-preflight.bh4YjN/DerivedData/Build/Intermediates.noindex/Condisco.build/Debug-iphonesimulator/CondiscoWidget.build/Objects-normal/arm64/CondiscoWidget.SwiftFileList -DDEBUG -enable-bare-slash-regex -enable-experimental-feature DebugDescriptionMacro -sdk /Applications/Xcode.app/Contents/Developer/Platforms/iPhoneSimulator.platform/Developer/SDKs/iPhoneSimulator27.0.sdk -target arm64-apple-ios17.0-simulator -g -module-cache-path /var/folders/3w/91hphlzs0rv_1twbkfyhvn6m0000gn/T/condisco-preflight.bh4YjN/DerivedData/ModuleCache.noindex -Xfrontend -serialize-debugging-options -application-extension -enable-testing -index-store-path /var/folders/3w/91hphlzs0rv_1twbkfyhvn6m0000gn/T/condisco-preflight.bh4YjN/DerivedData/Index.noindex/DataStore -Xcc -D_LIBCPP_HARDENING_MODE\=_LIBCPP_HARDENING_MODE_DEBUG -swift-version 5 -I /var/folders/3w/91hphlzs0rv_1twbkfyhvn6m0000gn/T/condisco-preflight.bh4YjN/DerivedData/Build/Products/Debug-iphonesimulator -F /var/folders/3w/91hphlzs0rv_1twbkfyhvn6m0000gn/T/condisco-preflight.bh4YjN/DerivedData/Build/Products/Debug-iphonesimulator -emit-localized-strings -emit-localized-strings-path /var/folders/3w/91hphlzs0rv_1twbkfyhvn6m0000gn/T/condisco-preflight.bh4YjN/DerivedData/Build/Intermediates.noindex/Condisco.build/Debug-iphonesimulator/CondiscoWidget.build/Objects-normal/arm64 -c -j6 -enable-batch-mode -incremental -Xcc -ivfsstatcache -Xcc /var/folders/3w/91hphlzs0rv_1twbkfyhvn6m0000gn/T/condisco-preflight.bh4YjN/DerivedData/SDKStatCaches.noindex/iphonesimulator27.0-24A430-8dc58220667be655e1bcc261a7455254.sdkstatcache -output-file-map /var/folders/3w/91hphlzs0rv_1twbkfyhvn6m0000gn/T/condisco-preflight.bh4YjN/DerivedData/Build/Intermediates.noindex/Condisco.build/Debug-iphonesimulator/CondiscoWidget.build/Objects-normal/arm64/CondiscoWidget-OutputFileMap.json -save-temps -no-color-diagnostics -explicit-module-build -module-cache-path /var/folders/3w/91hphlzs0rv_1twbkfyhvn6m0000gn/T/condisco-preflight.bh4YjN/DerivedData/Build/Intermediates.noindex/SwiftExplicitPrecompiledModules -clang-scanner-module-cache-path /var/folders/3w/91hphlzs0rv_1twbkfyhvn6m0000gn/T/condisco-preflight.bh4YjN/DerivedData/ModuleCache.noindex -sdk-module-cache-path /var/folders/3w/91hphlzs0rv_1twbkfyhvn6m0000gn/T/condisco-preflight.bh4YjN/DerivedData/SDKExplicitPrecompiledModules -emit-dependencies -emit-module -emit-module-path /var/folders/3w/91hphlzs0rv_1twbkfyhvn6m0000gn/T/condisco-preflight.bh4YjN/DerivedData/Build/Intermediates.noindex/Condisco.build/Debug-iphonesimulator/CondiscoWidget.build/Objects-normal/arm64/CondiscoWidget.swiftmodule -serialize-diagnostics -dependency-scan-serialize-diagnostics-path /var/folders/3w/91hphlzs0rv_1twbkfyhvn6m0000gn/T/condisco-preflight.bh4YjN/DerivedData/Build/Intermediates.noindex/Condisco.build/Debug-iphonesimulator/CondiscoWidget.build/Objects-normal/arm64/CondiscoWidget-dependency-scan.dia -validate-clang-modules-once -clang-build-session-file /var/folders/3w/91hphlzs0rv_1twbkfyhvn6m0000gn/T/condisco-preflight.bh4YjN/DerivedData/ModuleCache.noindex/Session.modulevalidation -Xcc -fmodules-prune-interval\=86400 -Xcc -fmodules-prune-after\=345600 -emit-const-values -const-gather-protocols-list /var/folders/3w/91hphlzs0rv_1twbkfyhvn6m0000gn/T/condisco-preflight.bh4YjN/DerivedData/Build/Intermediates.noindex/Condisco.build/Debug-iphonesimulator/CondiscoWidget.build/Objects-normal/arm64/CondiscoWidget_const_extract_protocols.json -Xcc -iquote -Xcc /var/folders/3w/91hphlzs0rv_1twbkfyhvn6m0000gn/T/condisco-preflight.bh4YjN/DerivedData/Build/Intermediates.noindex/Condisco.build/Debug-iphonesimulator/CondiscoWidget.build/CondiscoWidget-generated-files.hmap -Xcc -I/var/folders/3w/91hphlzs0rv_1twbkfyhvn6m0000gn/T/condisco-preflight.bh4YjN/DerivedData/Build/Intermediates.noindex/Condisco.build/Debug-iphonesimulator/CondiscoWidget.build/CondiscoWidget-own-target-headers.hmap -Xcc -I/var/folders/3w/91hphlzs0rv_1twbkfyhvn6m0000gn/T/condisco-preflight.bh4YjN/DerivedData/Build/Intermediates.noindex/Condisco.build/Debug-iphonesimulator/CondiscoWidget.build/CondiscoWidget-all-target-headers.hmap -Xcc -iquote -Xcc /var/folders/3w/91hphlzs0rv_1twbkfyhvn6m0000gn/T/condisco-preflight.bh4YjN/DerivedData/Build/Intermediates.noindex/Condisco.build/Debug-iphonesimulator/CondiscoWidget.build/CondiscoWidget-project-headers.hmap -Xcc -I/var/folders/3w/91hphlzs0rv_1twbkfyhvn6m0000gn/T/condisco-preflight.bh4YjN/DerivedData/Build/Products/Debug-iphonesimulator/include -Xcc -I/var/folders/3w/91hphlzs0rv_1twbkfyhvn6m0000gn/T/condisco-preflight.bh4YjN/DerivedData/Build/Intermediates.noindex/Condisco.build/Debug-iphonesimulator/CondiscoWidget.build/DerivedSources-normal/arm64 -Xcc -I/var/folders/3w/91hphlzs0rv_1twbkfyhvn6m0000gn/T/condisco-preflight.bh4YjN/DerivedData/Build/Intermediates.noindex/Condisco.build/Debug-iphonesimulator/CondiscoWidget.build/DerivedSources/arm64 -Xcc -I/var/folders/3w/91hphlzs0rv_1twbkfyhvn6m0000gn/T/condisco-preflight.bh4YjN/DerivedData/Build/Intermediates.noindex/Condisco.build/Debug-iphonesimulator/CondiscoWidget.build/DerivedSources -Xcc -DDEBUG\=1 -Xcc -DDEBUG\=1 -emit-objc-header -emit-objc-header-path /var/folders/3w/91hphlzs0rv_1twbkfyhvn6m0000gn/T/condisco-preflight.bh4YjN/DerivedData/Build/Intermediates.noindex/Condisco.build/Debug-iphonesimulator/CondiscoWidget.build/Objects-normal/arm64/CondiscoWidget-Swift.h -working-directory /Users/spkoehl/Projects/VerbaLibera -experimental-emit-module-separately -disable-cmo

Ld /var/folders/3w/91hphlzs0rv_1twbkfyhvn6m0000gn/T/condisco-preflight.bh4YjN/DerivedData/Build/Products/Debug-iphonesimulator/CondiscoWidget.appex/CondiscoWidget.debug.dylib normal (in target 'CondiscoWidget' from project 'Condisco')
    cd /Users/spkoehl/Projects/VerbaLibera
    /Applications/Xcode.app/Contents/Developer/Toolchains/XcodeDefault.xctoolchain/usr/bin/clang -Xlinker -reproducible -target arm64-apple-ios17.0-simulator -dynamiclib -isysroot /Applications/Xcode.app/Contents/Developer/Platforms/iPhoneSimulator.platform/Developer/SDKs/iPhoneSimulator27.0.sdk -O0 -Xlinker -no_warn_duplicate_libraries -L/var/folders/3w/91hphlzs0rv_1twbkfyhvn6m0000gn/T/condisco-preflight.bh4YjN/DerivedData/Build/Intermediates.noindex/EagerLinkingTBDs/Debug-iphonesimulator -L/var/folders/3w/91hphlzs0rv_1twbkfyhvn6m0000gn/T/condisco-preflight.bh4YjN/DerivedData/Build/Products/Debug-iphonesimulator -F/var/folders/3w/91hphlzs0rv_1twbkfyhvn6m0000gn/T/condisco-preflight.bh4YjN/DerivedData/Build/Intermediates.noindex/EagerLinkingTBDs/Debug-iphonesimulator -F/var/folders/3w/91hphlzs0rv_1twbkfyhvn6m0000gn/T/condisco-preflight.bh4YjN/DerivedData/Build/Products/Debug-iphonesimulator -filelist /var/folders/3w/91hphlzs0rv_1twbkfyhvn6m0000gn/T/condisco-preflight.bh4YjN/DerivedData/Build/Intermediates.noindex/Condisco.build/Debug-iphonesimulator/CondiscoWidget.build/Objects-normal/arm64/CondiscoWidget.LinkFileList -install_name @rpath/CondiscoWidget.debug.dylib -Xlinker -rpath -Xlinker /usr/lib/swift -Xlinker -dead_strip -Xlinker -object_path_lto -Xlinker /var/folders/3w/91hphlzs0rv_1twbkfyhvn6m0000gn/T/condisco-preflight.bh4YjN/DerivedData/Build/Intermediates.noindex/Condisco.build/Debug-iphonesimulator/CondiscoWidget.build/Objects-normal/arm64/CondiscoWidget_lto.o -rdynamic -Xlinker -no_deduplicate -Xlinker -objc_abi_version -Xlinker 2 -Xlinker -dependency_info -Xlinker /var/folders/3w/91hphlzs0rv_1twbkfyhvn6m0000gn/T/condisco-preflight.bh4YjN/DerivedData/Build/Intermediates.noindex/Condisco.build/Debug-iphonesimulator/CondiscoWidget.build/Objects-normal/arm64/CondiscoWidget_dependency_info.dat -fapplication-extension -fobjc-link-runtime -L/Applications/Xcode.app/Contents/Developer/Toolchains/XcodeDefault.xctoolchain/usr/lib/swift/iphonesimulator -L/usr/lib/swift -Xlinker -add_ast_path -Xlinker /var/folders/3w/91hphlzs0rv_1twbkfyhvn6m0000gn/T/condisco-preflight.bh4YjN/DerivedData/Build/Intermediates.noindex/Condisco.build/Debug-iphonesimulator/CondiscoWidget.build/Objects-normal/arm64/CondiscoWidget.swiftmodule -Xlinker -alias -Xlinker _NSExtensionMain -Xlinker ___debug_main_executable_dylib_entry_point -Xlinker -no_adhoc_codesign -o /var/folders/3w/91hphlzs0rv_1twbkfyhvn6m0000gn/T/condisco-preflight.bh4YjN/DerivedData/Build/Products/Debug-iphonesimulator/CondiscoWidget.appex/CondiscoWidget.debug.dylib

SwiftExplicitDependencyGeneratePcm arm64 /var/folders/3w/91hphlzs0rv_1twbkfyhvn6m0000gn/T/condisco-preflight.bh4YjN/DerivedData/SDKExplicitPrecompiledModules/AuthenticationServices-63MKQSWGOY7WBIF5TMA41F7HI.pcm

SwiftExplicitDependencyGeneratePcm arm64 /var/folders/3w/91hphlzs0rv_1twbkfyhvn6m0000gn/T/condisco-preflight.bh4YjN/DerivedData/SDKExplicitPrecompiledModules/SwiftUI-5JJ5YHLG0ALX02HUWOB380O2X.pcm

SwiftExplicitDependencyGeneratePcm arm64 /var/folders/3w/91hphlzs0rv_1twbkfyhvn6m0000gn/T/condisco-preflight.bh4YjN/DerivedData/SDKExplicitPrecompiledModules/StoreKit-CA4LUVOGXP9GRKIXFA8FI3K2I.pcm

SwiftExplicitDependencyGeneratePcm arm64 /var/folders/3w/91hphlzs0rv_1twbkfyhvn6m0000gn/T/condisco-preflight.bh4YjN/DerivedData/SDKExplicitPrecompiledModules/MediaPlayer-9IDN24IPMJITDH1H9P2HDUNDS.pcm

SwiftEmitModule normal arm64 Emitting\ module\ for\ Condisco (in target 'Condisco' from project 'Condisco')

SwiftCompile normal arm64 (in target 'Condisco' from project 'Condisco')
    cd /Users/spkoehl/Projects/VerbaLibera
    

SwiftCompile normal arm64 Compiling\ ReviewModels.swift,\ ReviewView.swift,\ ReviewReminders.swift,\ FlashcardsView.swift,\ AnkiExport.swift,\ HandsFreeReview.swift,\ A11ySettings.swift,\ EmptyStateArt.swift,\ AppleSignIn.swift,\ CloudKitSync.swift /Users/spkoehl/Projects/VerbaLibera/Condisco/Review/ReviewModels.swift /Users/spkoehl/Projects/VerbaLibera/Condisco/Review/ReviewView.swift /Users/spkoehl/Projects/VerbaLibera/Condisco/Review/ReviewReminders.swift /Users/spkoehl/Projects/VerbaLibera/Condisco/Review/FlashcardsView.swift /Users/spkoehl/Projects/VerbaLibera/Condisco/Review/AnkiExport.swift /Users/spkoehl/Projects/VerbaLibera/Condisco/Review/HandsFreeReview.swift /Users/spkoehl/Projects/VerbaLibera/Condisco/Theme/A11ySettings.swift /Users/spkoehl/Projects/VerbaLibera/Condisco/Theme/EmptyStateArt.swift /Users/spkoehl/Projects/VerbaLibera/Condisco/Auth/AppleSignIn.swift /Users/spkoehl/Projects/VerbaLibera/Condisco/Sync/CloudKitSync.swift (in target 'Condisco' from project 'Condisco')

SwiftCompile normal arm64 /Users/spkoehl/Projects/VerbaLibera/Condisco/Review/ReviewModels.swift (in target 'Condisco' from project 'Condisco')
    cd /Users/spkoehl/Projects/VerbaLibera
    builtin-SwiftPerFileCompile ReviewModels.swift

SwiftCompile normal arm64 /Users/spkoehl/Projects/VerbaLibera/Condisco/Review/ReviewView.swift (in target 'Condisco' from project 'Condisco')
    cd /Users/spkoehl/Projects/VerbaLibera
    builtin-SwiftPerFileCompile ReviewView.swift

SwiftCompile normal arm64 /Users/spkoehl/Projects/VerbaLibera/Condisco/Review/ReviewReminders.swift (in target 'Condisco' from project 'Condisco')
    cd /Users/spkoehl/Projects/VerbaLibera
    builtin-SwiftPerFileCompile ReviewReminders.swift

SwiftCompile normal arm64 /Users/spkoehl/Projects/VerbaLibera/Condisco/Review/FlashcardsView.swift (in target 'Condisco' from project 'Condisco')
    cd /Users/spkoehl/Projects/VerbaLibera
    builtin-SwiftPerFileCompile FlashcardsView.swift

SwiftCompile normal arm64 /Users/spkoehl/Projects/VerbaLibera/Condisco/Review/AnkiExport.swift (in target 'Condisco' from project 'Condisco')
    cd /Users/spkoehl/Projects/VerbaLibera
    builtin-SwiftPerFileCompile AnkiExport.swift

SwiftCompile normal arm64 /Users/spkoehl/Projects/VerbaLibera/Condisco/Review/HandsFreeReview.swift (in target 'Condisco' from project 'Condisco')
    cd /Users/spkoehl/Projects/VerbaLibera
    builtin-SwiftPerFileCompile HandsFreeReview.swift

SwiftCompile normal arm64 /Users/spkoehl/Projects/VerbaLibera/Condisco/Theme/A11ySettings.swift (in target 'Condisco' from project 'Condisco')
    cd /Users/spkoehl/Projects/VerbaLibera
    builtin-SwiftPerFileCompile A11ySettings.swift

SwiftCompile normal arm64 /Users/spkoehl/Projects/VerbaLibera/Condisco/Theme/EmptyStateArt.swift (in target 'Condisco' from project 'Condisco')
    cd /Users/spkoehl/Projects/VerbaLibera
    builtin-SwiftPerFileCompile EmptyStateArt.swift

SwiftCompile normal arm64 /Users/spkoehl/Projects/VerbaLibera/Condisco/Auth/AppleSignIn.swift (in target 'Condisco' from project 'Condisco')
    cd /Users/spkoehl/Projects/VerbaLibera
    builtin-SwiftPerFileCompile AppleSignIn.swift

SwiftCompile normal arm64 /Users/spkoehl/Projects/VerbaLibera/Condisco/Sync/CloudKitSync.swift (in target 'Condisco' from project 'Condisco')
    cd /Users/spkoehl/Projects/VerbaLibera
    builtin-SwiftPerFileCompile CloudKitSync.swift

/Users/spkoehl/Projects/VerbaLibera/Condisco/Review/ReviewView.swift:155:19: warning: immutable value 'store' was never used; consider replacing with '_' or removing it [#NoUsage]
153 |     /// spinner, because the reload is synchronous.
154 |     func applyScope() {
155 |         guard let store, !packs.isEmpty else { return }
    |                   `- warning: immutable value 'store' was never used; consider replacing with '_' or removing it [#NoUsage]
156 |         do {
157 |             try reloadScoped()

[#NoUsage]: <https://docs.swift.org/compiler/documentation/diagnostics/no-usage>
SwiftCompile normal arm64 Compiling\ LearningStore.swift,\ PackLoader.swift,\ AnswerEngine.swift,\ ActivityEvaluation.swift,\ LessonSession.swift,\ CoursesView.swift,\ FamilyLayouts.swift,\ ActivityViews.swift,\ TextInputViews.swift,\ InteractiveViews.swift /Users/spkoehl/Projects/VerbaLibera/Condisco/Store/LearningStore.swift /Users/spkoehl/Projects/VerbaLibera/Condisco/Store/PackLoader.swift /Users/spkoehl/Projects/VerbaLibera/Condisco/Engine/AnswerEngine.swift /Users/spkoehl/Projects/VerbaLibera/Condisco/Engine/ActivityEvaluation.swift /Users/spkoehl/Projects/VerbaLibera/Condisco/Engine/LessonSession.swift /Users/spkoehl/Projects/VerbaLibera/Condisco/Lesson/CoursesView.swift /Users/spkoehl/Projects/VerbaLibera/Condisco/Lesson/FamilyLayouts.swift /Users/spkoehl/Projects/VerbaLibera/Condisco/Lesson/ActivityViews.swift /Users/spkoehl/Projects/VerbaLibera/Condisco/Lesson/TextInputViews.swift /Users/spkoehl/Projects/VerbaLibera/Condisco/Lesson/InteractiveViews.swift (in target 'Condisco' from project 'Condisco')

SwiftCompile normal arm64 /Users/spkoehl/Projects/VerbaLibera/Condisco/Store/LearningStore.swift (in target 'Condisco' from project 'Condisco')
    cd /Users/spkoehl/Projects/VerbaLibera
    builtin-SwiftPerFileCompile LearningStore.swift

SwiftCompile normal arm64 /Users/spkoehl/Projects/VerbaLibera/Condisco/Store/PackLoader.swift (in target 'Condisco' from project 'Condisco')
    cd /Users/spkoehl/Projects/VerbaLibera
    builtin-SwiftPerFileCompile PackLoader.swift

SwiftCompile normal arm64 /Users/spkoehl/Projects/VerbaLibera/Condisco/Engine/AnswerEngine.swift (in target 'Condisco' from project 'Condisco')
    cd /Users/spkoehl/Projects/VerbaLibera
    builtin-SwiftPerFileCompile AnswerEngine.swift

SwiftCompile normal arm64 /Users/spkoehl/Projects/VerbaLibera/Condisco/Engine/ActivityEvaluation.swift (in target 'Condisco' from project 'Condisco')
    cd /Users/spkoehl/Projects/VerbaLibera
    builtin-SwiftPerFileCompile ActivityEvaluation.swift

SwiftCompile normal arm64 /Users/spkoehl/Projects/VerbaLibera/Condisco/Engine/LessonSession.swift (in target 'Condisco' from project 'Condisco')
    cd /Users/spkoehl/Projects/VerbaLibera
    builtin-SwiftPerFileCompile LessonSession.swift

SwiftCompile normal arm64 /Users/spkoehl/Projects/VerbaLibera/Condisco/Lesson/CoursesView.swift (in target 'Condisco' from project 'Condisco')
    cd /Users/spkoehl/Projects/VerbaLibera
    builtin-SwiftPerFileCompile CoursesView.swift

SwiftCompile normal arm64 /Users/spkoehl/Projects/VerbaLibera/Condisco/Lesson/FamilyLayouts.swift (in target 'Condisco' from project 'Condisco')
    cd /Users/spkoehl/Projects/VerbaLibera
    builtin-SwiftPerFileCompile FamilyLayouts.swift

SwiftCompile normal arm64 /Users/spkoehl/Projects/VerbaLibera/Condisco/Lesson/ActivityViews.swift (in target 'Condisco' from project 'Condisco')
    cd /Users/spkoehl/Projects/VerbaLibera
    builtin-SwiftPerFileCompile ActivityViews.swift

SwiftCompile normal arm64 /Users/spkoehl/Projects/VerbaLibera/Condisco/Lesson/TextInputViews.swift (in target 'Condisco' from project 'Condisco')
    cd /Users/spkoehl/Projects/VerbaLibera
    builtin-SwiftPerFileCompile TextInputViews.swift

SwiftCompile normal arm64 /Users/spkoehl/Projects/VerbaLibera/Condisco/Lesson/InteractiveViews.swift (in target 'Condisco' from project 'Condisco')
    cd /Users/spkoehl/Projects/VerbaLibera
    builtin-SwiftPerFileCompile InteractiveViews.swift

SwiftCompile normal arm64 Compiling\ CondiscoIntents.swift,\ SpotlightIndex.swift,\ LessonCatalog.generated.swift,\ WidgetSnapshot.swift,\ WidgetSnapshotWriter.swift,\ ImportValidator.swift,\ LibraryReview.swift,\ LibraryImportValidator.swift,\ LibraryView.swift,\ GeneratedAssetSymbols.swift /Users/spkoehl/Projects/VerbaLibera/Condisco/DeepLink/CondiscoIntents.swift /Users/spkoehl/Projects/VerbaLibera/Condisco/DeepLink/SpotlightIndex.swift /Users/spkoehl/Projects/VerbaLibera/Condisco/DeepLink/LessonCatalog.generated.swift /Users/spkoehl/Projects/VerbaLibera/Condisco/Store/WidgetSnapshot.swift /Users/spkoehl/Projects/VerbaLibera/Condisco/Store/WidgetSnapshotWriter.swift /Users/spkoehl/Projects/VerbaLibera/Condisco/Store/ImportValidator.swift /Users/spkoehl/Projects/VerbaLibera/Condisco/Review/LibraryReview.swift /Users/spkoehl/Projects/VerbaLibera/Condisco/Store/LibraryImportValidator.swift /Users/spkoehl/Projects/VerbaLibera/Condisco/Lesson/LibraryView.swift /var/folders/3w/91hphlzs0rv_1twbkfyhvn6m0000gn/T/condisco-preflight.bh4YjN/DerivedData/Build/Intermediates.noindex/Condisco.build/Debug-iphonesimulator/Condisco.build/DerivedSources/GeneratedAssetSymbols.swift (in target 'Condisco' from project 'Condisco')
/Users/spkoehl/Projects/VerbaLibera/Condisco/Lesson/LibraryView.swift:878:35: warning: result of call to 'commit(store:document:target:meaning:savedAt:)' is unused [#NoUsage]
876 |         do {
877 |             let store = try LearningStore.inDocuments()
878 |             try LibrarySavePhrase.commit(
    |                                   `- warning: result of call to 'commit(store:document:target:meaning:savedAt:)' is unused [#NoUsage]
879 |                 store: store, document: document,
880 |                 target: target, meaning: meaning)

[#NoUsage]: <https://docs.swift.org/compiler/documentation/diagnostics/no-usage>

SwiftCompile normal arm64 /Users/spkoehl/Projects/VerbaLibera/Condisco/DeepLink/CondiscoIntents.swift (in target 'Condisco' from project 'Condisco')
    cd /Users/spkoehl/Projects/VerbaLibera
    builtin-SwiftPerFileCompile CondiscoIntents.swift

SwiftCompile normal arm64 /Users/spkoehl/Projects/VerbaLibera/Condisco/DeepLink/SpotlightIndex.swift (in target 'Condisco' from project 'Condisco')
    cd /Users/spkoehl/Projects/VerbaLibera
    builtin-SwiftPerFileCompile SpotlightIndex.swift

SwiftCompile normal arm64 /Users/spkoehl/Projects/VerbaLibera/Condisco/DeepLink/LessonCatalog.generated.swift (in target 'Condisco' from project 'Condisco')
    cd /Users/spkoehl/Projects/VerbaLibera
    builtin-SwiftPerFileCompile LessonCatalog.generated.swift

SwiftCompile normal arm64 /Users/spkoehl/Projects/VerbaLibera/Condisco/Store/WidgetSnapshot.swift (in target 'Condisco' from project 'Condisco')
    cd /Users/spkoehl/Projects/VerbaLibera
    builtin-SwiftPerFileCompile WidgetSnapshot.swift

SwiftCompile normal arm64 /Users/spkoehl/Projects/VerbaLibera/Condisco/Store/WidgetSnapshotWriter.swift (in target 'Condisco' from project 'Condisco')
    cd /Users/spkoehl/Projects/VerbaLibera
    builtin-SwiftPerFileCompile WidgetSnapshotWriter.swift

SwiftCompile normal arm64 /Users/spkoehl/Projects/VerbaLibera/Condisco/Store/ImportValidator.swift (in target 'Condisco' from project 'Condisco')
    cd /Users/spkoehl/Projects/VerbaLibera
    builtin-SwiftPerFileCompile ImportValidator.swift

SwiftCompile normal arm64 /Users/spkoehl/Projects/VerbaLibera/Condisco/Review/LibraryReview.swift (in target 'Condisco' from project 'Condisco')
    cd /Users/spkoehl/Projects/VerbaLibera
    builtin-SwiftPerFileCompile LibraryReview.swift

SwiftCompile normal arm64 /Users/spkoehl/Projects/VerbaLibera/Condisco/Store/LibraryImportValidator.swift (in target 'Condisco' from project 'Condisco')
    cd /Users/spkoehl/Projects/VerbaLibera
    builtin-SwiftPerFileCompile LibraryImportValidator.swift

SwiftCompile normal arm64 /Users/spkoehl/Projects/VerbaLibera/Condisco/Lesson/LibraryView.swift (in target 'Condisco' from project 'Condisco')
    cd /Users/spkoehl/Projects/VerbaLibera
    builtin-SwiftPerFileCompile LibraryView.swift

SwiftCompile normal arm64 /var/folders/3w/91hphlzs0rv_1twbkfyhvn6m0000gn/T/condisco-preflight.bh4YjN/DerivedData/Build/Intermediates.noindex/Condisco.build/Debug-iphonesimulator/Condisco.build/DerivedSources/GeneratedAssetSymbols.swift (in target 'Condisco' from project 'Condisco')
    cd /Users/spkoehl/Projects/VerbaLibera
    builtin-SwiftPerFileCompile GeneratedAssetSymbols.swift

SwiftCompile normal arm64 Compiling\ StimulusViews.swift,\ LessonPlayerView.swift,\ Welcome.swift,\ PlacementTest.swift,\ LessonCoachMarks.swift,\ VocabularyBrowser.swift,\ VoiceRecorder.swift,\ VoiceSettings.swift,\ ListenModels.swift,\ ListenView.swift /Users/spkoehl/Projects/VerbaLibera/Condisco/Lesson/StimulusViews.swift /Users/spkoehl/Projects/VerbaLibera/Condisco/Lesson/LessonPlayerView.swift /Users/spkoehl/Projects/VerbaLibera/Condisco/Onboarding/Welcome.swift /Users/spkoehl/Projects/VerbaLibera/Condisco/Onboarding/PlacementTest.swift /Users/spkoehl/Projects/VerbaLibera/Condisco/Lesson/LessonCoachMarks.swift /Users/spkoehl/Projects/VerbaLibera/Condisco/Lesson/VocabularyBrowser.swift /Users/spkoehl/Projects/VerbaLibera/Condisco/Lesson/VoiceRecorder.swift /Users/spkoehl/Projects/VerbaLibera/Condisco/Lesson/VoiceSettings.swift /Users/spkoehl/Projects/VerbaLibera/Condisco/Listen/ListenModels.swift /Users/spkoehl/Projects/VerbaLibera/Condisco/Listen/ListenView.swift (in target 'Condisco' from project 'Condisco')

SwiftCompile normal arm64 /Users/spkoehl/Projects/VerbaLibera/Condisco/Lesson/StimulusViews.swift (in target 'Condisco' from project 'Condisco')
    cd /Users/spkoehl/Projects/VerbaLibera
    builtin-SwiftPerFileCompile StimulusViews.swift

SwiftCompile normal arm64 /Users/spkoehl/Projects/VerbaLibera/Condisco/Lesson/LessonPlayerView.swift (in target 'Condisco' from project 'Condisco')
    cd /Users/spkoehl/Projects/VerbaLibera
    builtin-SwiftPerFileCompile LessonPlayerView.swift

SwiftCompile normal arm64 /Users/spkoehl/Projects/VerbaLibera/Condisco/Onboarding/Welcome.swift (in target 'Condisco' from project 'Condisco')
    cd /Users/spkoehl/Projects/VerbaLibera
    builtin-SwiftPerFileCompile Welcome.swift

SwiftCompile normal arm64 /Users/spkoehl/Projects/VerbaLibera/Condisco/Onboarding/PlacementTest.swift (in target 'Condisco' from project 'Condisco')
    cd /Users/spkoehl/Projects/VerbaLibera
    builtin-SwiftPerFileCompile PlacementTest.swift

SwiftCompile normal arm64 /Users/spkoehl/Projects/VerbaLibera/Condisco/Lesson/LessonCoachMarks.swift (in target 'Condisco' from project 'Condisco')
    cd /Users/spkoehl/Projects/VerbaLibera
    builtin-SwiftPerFileCompile LessonCoachMarks.swift

SwiftCompile normal arm64 /Users/spkoehl/Projects/VerbaLibera/Condisco/Lesson/VocabularyBrowser.swift (in target 'Condisco' from project 'Condisco')
    cd /Users/spkoehl/Projects/VerbaLibera
    builtin-SwiftPerFileCompile VocabularyBrowser.swift

SwiftCompile normal arm64 /Users/spkoehl/Projects/VerbaLibera/Condisco/Lesson/VoiceRecorder.swift (in target 'Condisco' from project 'Condisco')
    cd /Users/spkoehl/Projects/VerbaLibera
    builtin-SwiftPerFileCompile VoiceRecorder.swift

SwiftCompile normal arm64 /Users/spkoehl/Projects/VerbaLibera/Condisco/Lesson/VoiceSettings.swift (in target 'Condisco' from project 'Condisco')
    cd /Users/spkoehl/Projects/VerbaLibera
    builtin-SwiftPerFileCompile VoiceSettings.swift

SwiftCompile normal arm64 /Users/spkoehl/Projects/VerbaLibera/Condisco/Listen/ListenModels.swift (in target 'Condisco' from project 'Condisco')
    cd /Users/spkoehl/Projects/VerbaLibera
    builtin-SwiftPerFileCompile ListenModels.swift

SwiftCompile normal arm64 /Users/spkoehl/Projects/VerbaLibera/Condisco/Listen/ListenView.swift (in target 'Condisco' from project 'Condisco')
    cd /Users/spkoehl/Projects/VerbaLibera
    builtin-SwiftPerFileCompile ListenView.swift

SwiftCompile normal arm64 Compiling\ YouModel.swift,\ YouView.swift,\ Support.swift,\ PhraseCard.swift,\ ShadowMode.swift,\ Phrasebook.swift,\ Glossary.swift,\ LessonMoments.swift,\ CheckpointFlow.swift,\ DeepLink.swift /Users/spkoehl/Projects/VerbaLibera/Condisco/You/YouModel.swift /Users/spkoehl/Projects/VerbaLibera/Condisco/You/YouView.swift /Users/spkoehl/Projects/VerbaLibera/Condisco/You/Support.swift /Users/spkoehl/Projects/VerbaLibera/Condisco/Lesson/PhraseCard.swift /Users/spkoehl/Projects/VerbaLibera/Condisco/Listen/ShadowMode.swift /Users/spkoehl/Projects/VerbaLibera/Condisco/Lesson/Phrasebook.swift /Users/spkoehl/Projects/VerbaLibera/Condisco/Lesson/Glossary.swift /Users/spkoehl/Projects/VerbaLibera/Condisco/Lesson/LessonMoments.swift /Users/spkoehl/Projects/VerbaLibera/Condisco/Lesson/CheckpointFlow.swift /Users/spkoehl/Projects/VerbaLibera/Condisco/DeepLink/DeepLink.swift (in target 'Condisco' from project 'Condisco')

SwiftCompile normal arm64 /Users/spkoehl/Projects/VerbaLibera/Condisco/You/YouModel.swift (in target 'Condisco' from project 'Condisco')
    cd /Users/spkoehl/Projects/VerbaLibera
    builtin-SwiftPerFileCompile YouModel.swift

SwiftCompile normal arm64 /Users/spkoehl/Projects/VerbaLibera/Condisco/You/YouView.swift (in target 'Condisco' from project 'Condisco')
    cd /Users/spkoehl/Projects/VerbaLibera
    builtin-SwiftPerFileCompile YouView.swift

SwiftCompile normal arm64 /Users/spkoehl/Projects/VerbaLibera/Condisco/You/Support.swift (in target 'Condisco' from project 'Condisco')
    cd /Users/spkoehl/Projects/VerbaLibera
    builtin-SwiftPerFileCompile Support.swift

SwiftCompile normal arm64 /Users/spkoehl/Projects/VerbaLibera/Condisco/Lesson/PhraseCard.swift (in target 'Condisco' from project 'Condisco')
    cd /Users/spkoehl/Projects/VerbaLibera
    builtin-SwiftPerFileCompile PhraseCard.swift

SwiftCompile normal arm64 /Users/spkoehl/Projects/VerbaLibera/Condisco/Listen/ShadowMode.swift (in target 'Condisco' from project 'Condisco')
    cd /Users/spkoehl/Projects/VerbaLibera
    builtin-SwiftPerFileCompile ShadowMode.swift

SwiftCompile normal arm64 /Users/spkoehl/Projects/VerbaLibera/Condisco/Lesson/Phrasebook.swift (in target 'Condisco' from project 'Condisco')
    cd /Users/spkoehl/Projects/VerbaLibera
    builtin-SwiftPerFileCompile Phrasebook.swift

SwiftCompile normal arm64 /Users/spkoehl/Projects/VerbaLibera/Condisco/Lesson/Glossary.swift (in target 'Condisco' from project 'Condisco')
    cd /Users/spkoehl/Projects/VerbaLibera
    builtin-SwiftPerFileCompile Glossary.swift

SwiftCompile normal arm64 /Users/spkoehl/Projects/VerbaLibera/Condisco/Lesson/LessonMoments.swift (in target 'Condisco' from project 'Condisco')
    cd /Users/spkoehl/Projects/VerbaLibera
    builtin-SwiftPerFileCompile LessonMoments.swift

SwiftCompile normal arm64 /Users/spkoehl/Projects/VerbaLibera/Condisco/Lesson/CheckpointFlow.swift (in target 'Condisco' from project 'Condisco')
    cd /Users/spkoehl/Projects/VerbaLibera
    builtin-SwiftPerFileCompile CheckpointFlow.swift

SwiftCompile normal arm64 /Users/spkoehl/Projects/VerbaLibera/Condisco/DeepLink/DeepLink.swift (in target 'Condisco' from project 'Condisco')
    cd /Users/spkoehl/Projects/VerbaLibera
    builtin-SwiftPerFileCompile DeepLink.swift

ConstructStubExecutorLinkFileList /var/folders/3w/91hphlzs0rv_1twbkfyhvn6m0000gn/T/condisco-preflight.bh4YjN/DerivedData/Build/Intermediates.noindex/Condisco.build/Debug-iphonesimulator/CondiscoWidget.build/CondiscoWidget-ExecutorLinkFileList-normal-arm64.txt (in target 'CondiscoWidget' from project 'Condisco')
    cd /Users/spkoehl/Projects/VerbaLibera
    construct-stub-executor-link-file-list /var/folders/3w/91hphlzs0rv_1twbkfyhvn6m0000gn/T/condisco-preflight.bh4YjN/DerivedData/Build/Products/Debug-iphonesimulator/CondiscoWidget.appex/CondiscoWidget.debug.dylib /Applications/Xcode.app/Contents/Developer/Platforms/iPhoneSimulator.platform/Developer/usr/lib/libPreviewsJITStubExecutor_no_swift_entry_point.a /Applications/Xcode.app/Contents/Developer/Platforms/iPhoneSimulator.platform/Developer/usr/lib/libPreviewsJITStubExecutor.a --output /var/folders/3w/91hphlzs0rv_1twbkfyhvn6m0000gn/T/condisco-preflight.bh4YjN/DerivedData/Build/Intermediates.noindex/Condisco.build/Debug-iphonesimulator/CondiscoWidget.build/CondiscoWidget-ExecutorLinkFileList-normal-arm64.txt
note: Using stub executor library with Swift entry point. (in target 'CondiscoWidget' from project 'Condisco')

SwiftDriverJobDiscovery normal arm64 Emitting module for Condisco (in target 'Condisco' from project 'Condisco')

SwiftDriver\ Compilation\ Requirements Condisco normal arm64 com.apple.xcode.tools.swift.compiler (in target 'Condisco' from project 'Condisco')
    cd /Users/spkoehl/Projects/VerbaLibera
    builtin-Swift-Compilation-Requirements -- /Applications/Xcode.app/Contents/Developer/Toolchains/XcodeDefault.xctoolchain/usr/bin/swiftc -module-name Condisco -Onone @/var/folders/3w/91hphlzs0rv_1twbkfyhvn6m0000gn/T/condisco-preflight.bh4YjN/DerivedData/Build/Intermediates.noindex/Condisco.build/Debug-iphonesimulator/Condisco.build/Objects-normal/arm64/Condisco.SwiftFileList -DDEBUG -enable-bare-slash-regex -enable-experimental-feature DebugDescriptionMacro -sdk /Applications/Xcode.app/Contents/Developer/Platforms/iPhoneSimulator.platform/Developer/SDKs/iPhoneSimulator27.0.sdk -target arm64-apple-ios17.0-simulator -g -module-cache-path /var/folders/3w/91hphlzs0rv_1twbkfyhvn6m0000gn/T/condisco-preflight.bh4YjN/DerivedData/ModuleCache.noindex -Xfrontend -serialize-debugging-options -enable-testing -index-store-path /var/folders/3w/91hphlzs0rv_1twbkfyhvn6m0000gn/T/condisco-preflight.bh4YjN/DerivedData/Index.noindex/DataStore -Xcc -D_LIBCPP_HARDENING_MODE\=_LIBCPP_HARDENING_MODE_DEBUG -swift-version 5 -I /var/folders/3w/91hphlzs0rv_1twbkfyhvn6m0000gn/T/condisco-preflight.bh4YjN/DerivedData/Build/Products/Debug-iphonesimulator -F /var/folders/3w/91hphlzs0rv_1twbkfyhvn6m0000gn/T/condisco-preflight.bh4YjN/DerivedData/Build/Products/Debug-iphonesimulator -emit-localized-strings -emit-localized-strings-path /var/folders/3w/91hphlzs0rv_1twbkfyhvn6m0000gn/T/condisco-preflight.bh4YjN/DerivedData/Build/Intermediates.noindex/Condisco.build/Debug-iphonesimulator/Condisco.build/Objects-normal/arm64 -c -j6 -enable-batch-mode -incremental -Xcc -ivfsstatcache -Xcc /var/folders/3w/91hphlzs0rv_1twbkfyhvn6m0000gn/T/condisco-preflight.bh4YjN/DerivedData/SDKStatCaches.noindex/iphonesimulator27.0-24A430-8dc58220667be655e1bcc261a7455254.sdkstatcache -output-file-map /var/folders/3w/91hphlzs0rv_1twbkfyhvn6m0000gn/T/condisco-preflight.bh4YjN/DerivedData/Build/Intermediates.noindex/Condisco.build/Debug-iphonesimulator/Condisco.build/Objects-normal/arm64/Condisco-OutputFileMap.json -save-temps -no-color-diagnostics -explicit-module-build -module-cache-path /var/folders/3w/91hphlzs0rv_1twbkfyhvn6m0000gn/T/condisco-preflight.bh4YjN/DerivedData/Build/Intermediates.noindex/SwiftExplicitPrecompiledModules -clang-scanner-module-cache-path /var/folders/3w/91hphlzs0rv_1twbkfyhvn6m0000gn/T/condisco-preflight.bh4YjN/DerivedData/ModuleCache.noindex -sdk-module-cache-path /var/folders/3w/91hphlzs0rv_1twbkfyhvn6m0000gn/T/condisco-preflight.bh4YjN/DerivedData/SDKExplicitPrecompiledModules -emit-dependencies -emit-module -emit-module-path /var/folders/3w/91hphlzs0rv_1twbkfyhvn6m0000gn/T/condisco-preflight.bh4YjN/DerivedData/Build/Intermediates.noindex/Condisco.build/Debug-iphonesimulator/Condisco.build/Objects-normal/arm64/Condisco.swiftmodule -serialize-diagnostics -dependency-scan-serialize-diagnostics-path /var/folders/3w/91hphlzs0rv_1twbkfyhvn6m0000gn/T/condisco-preflight.bh4YjN/DerivedData/Build/Intermediates.noindex/Condisco.build/Debug-iphonesimulator/Condisco.build/Objects-normal/arm64/Condisco-dependency-scan.dia -validate-clang-modules-once -clang-build-session-file /var/folders/3w/91hphlzs0rv_1twbkfyhvn6m0000gn/T/condisco-preflight.bh4YjN/DerivedData/ModuleCache.noindex/Session.modulevalidation -Xcc -fmodules-prune-interval\=86400 -Xcc -fmodules-prune-after\=345600 -emit-const-values -const-gather-protocols-list /var/folders/3w/91hphlzs0rv_1twbkfyhvn6m0000gn/T/condisco-preflight.bh4YjN/DerivedData/Build/Intermediates.noindex/Condisco.build/Debug-iphonesimulator/Condisco.build/Objects-normal/arm64/Condisco_const_extract_protocols.json -Xcc -iquote -Xcc /var/folders/3w/91hphlzs0rv_1twbkfyhvn6m0000gn/T/condisco-preflight.bh4YjN/DerivedData/Build/Intermediates.noindex/Condisco.build/Debug-iphonesimulator/Condisco.build/Condisco-generated-files.hmap -Xcc -I/var/folders/3w/91hphlzs0rv_1twbkfyhvn6m0000gn/T/condisco-preflight.bh4YjN/DerivedData/Build/Intermediates.noindex/Condisco.build/Debug-iphonesimulator/Condisco.build/Condisco-own-target-headers.hmap -Xcc -I/var/folders/3w/91hphlzs0rv_1twbkfyhvn6m0000gn/T/condisco-preflight.bh4YjN/DerivedData/Build/Intermediates.noindex/Condisco.build/Debug-iphonesimulator/Condisco.build/Condisco-all-target-headers.hmap -Xcc -iquote -Xcc /var/folders/3w/91hphlzs0rv_1twbkfyhvn6m0000gn/T/condisco-preflight.bh4YjN/DerivedData/Build/Intermediates.noindex/Condisco.build/Debug-iphonesimulator/Condisco.build/Condisco-project-headers.hmap -Xcc -I/var/folders/3w/91hphlzs0rv_1twbkfyhvn6m0000gn/T/condisco-preflight.bh4YjN/DerivedData/Build/Products/Debug-iphonesimulator/include -Xcc -I/var/folders/3w/91hphlzs0rv_1twbkfyhvn6m0000gn/T/condisco-preflight.bh4YjN/DerivedData/Build/Intermediates.noindex/Condisco.build/Debug-iphonesimulator/Condisco.build/DerivedSources-normal/arm64 -Xcc -I/var/folders/3w/91hphlzs0rv_1twbkfyhvn6m0000gn/T/condisco-preflight.bh4YjN/DerivedData/Build/Intermediates.noindex/Condisco.build/Debug-iphonesimulator/Condisco.build/DerivedSources/arm64 -Xcc -I/var/folders/3w/91hphlzs0rv_1twbkfyhvn6m0000gn/T/condisco-preflight.bh4YjN/DerivedData/Build/Intermediates.noindex/Condisco.build/Debug-iphonesimulator/Condisco.build/DerivedSources -Xcc -DDEBUG\=1 -Xcc -DDEBUG\=1 -emit-objc-header -emit-objc-header-path /var/folders/3w/91hphlzs0rv_1twbkfyhvn6m0000gn/T/condisco-preflight.bh4YjN/DerivedData/Build/Intermediates.noindex/Condisco.build/Debug-iphonesimulator/Condisco.build/Objects-normal/arm64/Condisco-Swift.h -working-directory /Users/spkoehl/Projects/VerbaLibera -experimental-emit-module-separately -disable-cmo

Ld /var/folders/3w/91hphlzs0rv_1twbkfyhvn6m0000gn/T/condisco-preflight.bh4YjN/DerivedData/Build/Products/Debug-iphonesimulator/CondiscoWidget.appex/CondiscoWidget normal (in target 'CondiscoWidget' from project 'Condisco')
    cd /Users/spkoehl/Projects/VerbaLibera
    /Applications/Xcode.app/Contents/Developer/Toolchains/XcodeDefault.xctoolchain/usr/bin/clang -Xlinker -reproducible -target arm64-apple-ios17.0-simulator -isysroot /Applications/Xcode.app/Contents/Developer/Platforms/iPhoneSimulator.platform/Developer/SDKs/iPhoneSimulator27.0.sdk -O0 -Xlinker -no_warn_duplicate_libraries -L/var/folders/3w/91hphlzs0rv_1twbkfyhvn6m0000gn/T/condisco-preflight.bh4YjN/DerivedData/Build/Products/Debug-iphonesimulator -F/var/folders/3w/91hphlzs0rv_1twbkfyhvn6m0000gn/T/condisco-preflight.bh4YjN/DerivedData/Build/Products/Debug-iphonesimulator -Xlinker -rpath -Xlinker @executable_path -rdynamic -Xlinker -no_deduplicate -Xlinker -objc_abi_version -Xlinker 2 -e ___debug_blank_executor_main -Xlinker -sectcreate -Xlinker __TEXT -Xlinker __debug_dylib -Xlinker /var/folders/3w/91hphlzs0rv_1twbkfyhvn6m0000gn/T/condisco-preflight.bh4YjN/DerivedData/Build/Intermediates.noindex/Condisco.build/Debug-iphonesimulator/CondiscoWidget.build/CondiscoWidget-DebugDylibPath-normal-arm64.txt -Xlinker -sectcreate -Xlinker __TEXT -Xlinker __debug_entry -Xlinker /var/folders/3w/91hphlzs0rv_1twbkfyhvn6m0000gn/T/condisco-preflight.bh4YjN/DerivedData/Build/Intermediates.noindex/Condisco.build/Debug-iphonesimulator/CondiscoWidget.build/CondiscoWidget-DebugEntryPoint-normal-arm64.txt -Xlinker -sectcreate -Xlinker __TEXT -Xlinker __debug_instlnm -Xlinker /var/folders/3w/91hphlzs0rv_1twbkfyhvn6m0000gn/T/condisco-preflight.bh4YjN/DerivedData/Build/Intermediates.noindex/Condisco.build/Debug-iphonesimulator/CondiscoWidget.build/CondiscoWidget-DebugDylibInstallName-normal-arm64.txt -Xlinker -filelist -Xlinker /var/folders/3w/91hphlzs0rv_1twbkfyhvn6m0000gn/T/condisco-preflight.bh4YjN/DerivedData/Build/Intermediates.noindex/Condisco.build/Debug-iphonesimulator/CondiscoWidget.build/CondiscoWidget-ExecutorLinkFileList-normal-arm64.txt -Xlinker -sectcreate -Xlinker __TEXT -Xlinker __entitlements -Xlinker /var/folders/3w/91hphlzs0rv_1twbkfyhvn6m0000gn/T/condisco-preflight.bh4YjN/DerivedData/Build/Intermediates.noindex/Condisco.build/Debug-iphonesimulator/CondiscoWidget.build/CondiscoWidget.appex-Simulated.xcent -Xlinker -sectcreate -Xlinker __TEXT -Xlinker __ents_der -Xlinker /var/folders/3w/91hphlzs0rv_1twbkfyhvn6m0000gn/T/condisco-preflight.bh4YjN/DerivedData/Build/Intermediates.noindex/Condisco.build/Debug-iphonesimulator/CondiscoWidget.build/CondiscoWidget.appex-Simulated.xcent.der /var/folders/3w/91hphlzs0rv_1twbkfyhvn6m0000gn/T/condisco-preflight.bh4YjN/DerivedData/Build/Products/Debug-iphonesimulator/CondiscoWidget.appex/CondiscoWidget.debug.dylib -Xlinker -no_adhoc_codesign -o /var/folders/3w/91hphlzs0rv_1twbkfyhvn6m0000gn/T/condisco-preflight.bh4YjN/DerivedData/Build/Products/Debug-iphonesimulator/CondiscoWidget.appex/CondiscoWidget

SwiftMergeGeneratedHeaders /var/folders/3w/91hphlzs0rv_1twbkfyhvn6m0000gn/T/condisco-preflight.bh4YjN/DerivedData/Build/Intermediates.noindex/Condisco.build/Debug-iphonesimulator/Condisco.build/DerivedSources/Condisco-Swift.h /var/folders/3w/91hphlzs0rv_1twbkfyhvn6m0000gn/T/condisco-preflight.bh4YjN/DerivedData/Build/Intermediates.noindex/Condisco.build/Debug-iphonesimulator/Condisco.build/Objects-normal/arm64/Condisco-Swift.h (in target 'Condisco' from project 'Condisco')
    cd /Users/spkoehl/Projects/VerbaLibera
    builtin-swiftHeaderTool -arch arm64 /var/folders/3w/91hphlzs0rv_1twbkfyhvn6m0000gn/T/condisco-preflight.bh4YjN/DerivedData/Build/Intermediates.noindex/Condisco.build/Debug-iphonesimulator/Condisco.build/Objects-normal/arm64/Condisco-Swift.h -o /var/folders/3w/91hphlzs0rv_1twbkfyhvn6m0000gn/T/condisco-preflight.bh4YjN/DerivedData/Build/Intermediates.noindex/Condisco.build/Debug-iphonesimulator/Condisco.build/DerivedSources/Condisco-Swift.h

Copy /var/folders/3w/91hphlzs0rv_1twbkfyhvn6m0000gn/T/condisco-preflight.bh4YjN/DerivedData/Build/Products/Debug-iphonesimulator/Condisco.swiftmodule/arm64-apple-ios-simulator.swiftmodule /var/folders/3w/91hphlzs0rv_1twbkfyhvn6m0000gn/T/condisco-preflight.bh4YjN/DerivedData/Build/Intermediates.noindex/Condisco.build/Debug-iphonesimulator/Condisco.build/Objects-normal/arm64/Condisco.swiftmodule (in target 'Condisco' from project 'Condisco')
    cd /Users/spkoehl/Projects/VerbaLibera
    builtin-copy -exclude .DS_Store -exclude CVS -exclude .svn -exclude .git -exclude .hg -resolve-src-symlinks -rename /var/folders/3w/91hphlzs0rv_1twbkfyhvn6m0000gn/T/condisco-preflight.bh4YjN/DerivedData/Build/Intermediates.noindex/Condisco.build/Debug-iphonesimulator/Condisco.build/Objects-normal/arm64/Condisco.swiftmodule /var/folders/3w/91hphlzs0rv_1twbkfyhvn6m0000gn/T/condisco-preflight.bh4YjN/DerivedData/Build/Products/Debug-iphonesimulator/Condisco.swiftmodule/arm64-apple-ios-simulator.swiftmodule

Copy /var/folders/3w/91hphlzs0rv_1twbkfyhvn6m0000gn/T/condisco-preflight.bh4YjN/DerivedData/Build/Products/Debug-iphonesimulator/Condisco.swiftmodule/arm64-apple-ios-simulator.swiftdoc /var/folders/3w/91hphlzs0rv_1twbkfyhvn6m0000gn/T/condisco-preflight.bh4YjN/DerivedData/Build/Intermediates.noindex/Condisco.build/Debug-iphonesimulator/Condisco.build/Objects-normal/arm64/Condisco.swiftdoc (in target 'Condisco' from project 'Condisco')
    cd /Users/spkoehl/Projects/VerbaLibera
    builtin-copy -exclude .DS_Store -exclude CVS -exclude .svn -exclude .git -exclude .hg -resolve-src-symlinks -rename /var/folders/3w/91hphlzs0rv_1twbkfyhvn6m0000gn/T/condisco-preflight.bh4YjN/DerivedData/Build/Intermediates.noindex/Condisco.build/Debug-iphonesimulator/Condisco.build/Objects-normal/arm64/Condisco.swiftdoc /var/folders/3w/91hphlzs0rv_1twbkfyhvn6m0000gn/T/condisco-preflight.bh4YjN/DerivedData/Build/Products/Debug-iphonesimulator/Condisco.swiftmodule/arm64-apple-ios-simulator.swiftdoc

Copy /var/folders/3w/91hphlzs0rv_1twbkfyhvn6m0000gn/T/condisco-preflight.bh4YjN/DerivedData/Build/Products/Debug-iphonesimulator/Condisco.swiftmodule/arm64-apple-ios-simulator.abi.json /var/folders/3w/91hphlzs0rv_1twbkfyhvn6m0000gn/T/condisco-preflight.bh4YjN/DerivedData/Build/Intermediates.noindex/Condisco.build/Debug-iphonesimulator/Condisco.build/Objects-normal/arm64/Condisco.abi.json (in target 'Condisco' from project 'Condisco')
    cd /Users/spkoehl/Projects/VerbaLibera
    builtin-copy -exclude .DS_Store -exclude CVS -exclude .svn -exclude .git -exclude .hg -resolve-src-symlinks -rename /var/folders/3w/91hphlzs0rv_1twbkfyhvn6m0000gn/T/condisco-preflight.bh4YjN/DerivedData/Build/Intermediates.noindex/Condisco.build/Debug-iphonesimulator/Condisco.build/Objects-normal/arm64/Condisco.abi.json /var/folders/3w/91hphlzs0rv_1twbkfyhvn6m0000gn/T/condisco-preflight.bh4YjN/DerivedData/Build/Products/Debug-iphonesimulator/Condisco.swiftmodule/arm64-apple-ios-simulator.abi.json

Copy /var/folders/3w/91hphlzs0rv_1twbkfyhvn6m0000gn/T/condisco-preflight.bh4YjN/DerivedData/Build/Products/Debug-iphonesimulator/Condisco.swiftmodule/Project/arm64-apple-ios-simulator.swiftsourceinfo /var/folders/3w/91hphlzs0rv_1twbkfyhvn6m0000gn/T/condisco-preflight.bh4YjN/DerivedData/Build/Intermediates.noindex/Condisco.build/Debug-iphonesimulator/Condisco.build/Objects-normal/arm64/Condisco.swiftsourceinfo (in target 'Condisco' from project 'Condisco')
    cd /Users/spkoehl/Projects/VerbaLibera
    builtin-copy -exclude .DS_Store -exclude CVS -exclude .svn -exclude .git -exclude .hg -resolve-src-symlinks -rename /var/folders/3w/91hphlzs0rv_1twbkfyhvn6m0000gn/T/condisco-preflight.bh4YjN/DerivedData/Build/Intermediates.noindex/Condisco.build/Debug-iphonesimulator/Condisco.build/Objects-normal/arm64/Condisco.swiftsourceinfo /var/folders/3w/91hphlzs0rv_1twbkfyhvn6m0000gn/T/condisco-preflight.bh4YjN/DerivedData/Build/Products/Debug-iphonesimulator/Condisco.swiftmodule/Project/arm64-apple-ios-simulator.swiftsourceinfo

SwiftCompile normal arm64 Compiling\ CondiscoApp.swift,\ ContentView.swift,\ HomeView.swift,\ MonthView.swift,\ ProgressCard.swift,\ DesignTokens.swift,\ CoursePack.swift,\ Database.swift,\ Fsrs.swift,\ LearningEvents.swift /Users/spkoehl/Projects/VerbaLibera/Condisco/CondiscoApp.swift /Users/spkoehl/Projects/VerbaLibera/Condisco/ContentView.swift /Users/spkoehl/Projects/VerbaLibera/Condisco/Home/HomeView.swift /Users/spkoehl/Projects/VerbaLibera/Condisco/Home/MonthView.swift /Users/spkoehl/Projects/VerbaLibera/Condisco/Home/ProgressCard.swift /Users/spkoehl/Projects/VerbaLibera/Condisco/Theme/DesignTokens.swift /Users/spkoehl/Projects/VerbaLibera/Condisco/Models/CoursePack.swift /Users/spkoehl/Projects/VerbaLibera/Condisco/Store/Database.swift /Users/spkoehl/Projects/VerbaLibera/Condisco/Store/Fsrs.swift /Users/spkoehl/Projects/VerbaLibera/Condisco/Store/LearningEvents.swift (in target 'Condisco' from project 'Condisco')

SwiftCompile normal arm64 /Users/spkoehl/Projects/VerbaLibera/Condisco/CondiscoApp.swift (in target 'Condisco' from project 'Condisco')
    cd /Users/spkoehl/Projects/VerbaLibera
    builtin-SwiftPerFileCompile CondiscoApp.swift

SwiftCompile normal arm64 /Users/spkoehl/Projects/VerbaLibera/Condisco/ContentView.swift (in target 'Condisco' from project 'Condisco')
    cd /Users/spkoehl/Projects/VerbaLibera
    builtin-SwiftPerFileCompile ContentView.swift

SwiftCompile normal arm64 /Users/spkoehl/Projects/VerbaLibera/Condisco/Home/HomeView.swift (in target 'Condisco' from project 'Condisco')
    cd /Users/spkoehl/Projects/VerbaLibera
    builtin-SwiftPerFileCompile HomeView.swift

SwiftCompile normal arm64 /Users/spkoehl/Projects/VerbaLibera/Condisco/Home/MonthView.swift (in target 'Condisco' from project 'Condisco')
    cd /Users/spkoehl/Projects/VerbaLibera
    builtin-SwiftPerFileCompile MonthView.swift

SwiftCompile normal arm64 /Users/spkoehl/Projects/VerbaLibera/Condisco/Home/ProgressCard.swift (in target 'Condisco' from project 'Condisco')
    cd /Users/spkoehl/Projects/VerbaLibera
    builtin-SwiftPerFileCompile ProgressCard.swift

SwiftCompile normal arm64 /Users/spkoehl/Projects/VerbaLibera/Condisco/Theme/DesignTokens.swift (in target 'Condisco' from project 'Condisco')
    cd /Users/spkoehl/Projects/VerbaLibera
    builtin-SwiftPerFileCompile DesignTokens.swift

SwiftCompile normal arm64 /Users/spkoehl/Projects/VerbaLibera/Condisco/Models/CoursePack.swift (in target 'Condisco' from project 'Condisco')
    cd /Users/spkoehl/Projects/VerbaLibera
    builtin-SwiftPerFileCompile CoursePack.swift

SwiftCompile normal arm64 /Users/spkoehl/Projects/VerbaLibera/Condisco/Store/Database.swift (in target 'Condisco' from project 'Condisco')
    cd /Users/spkoehl/Projects/VerbaLibera
    builtin-SwiftPerFileCompile Database.swift

SwiftCompile normal arm64 /Users/spkoehl/Projects/VerbaLibera/Condisco/Store/Fsrs.swift (in target 'Condisco' from project 'Condisco')
    cd /Users/spkoehl/Projects/VerbaLibera
    builtin-SwiftPerFileCompile Fsrs.swift

SwiftCompile normal arm64 /Users/spkoehl/Projects/VerbaLibera/Condisco/Store/LearningEvents.swift (in target 'Condisco' from project 'Condisco')
    cd /Users/spkoehl/Projects/VerbaLibera
    builtin-SwiftPerFileCompile LearningEvents.swift

SwiftDriverJobDiscovery normal arm64 Compiling CondiscoIntents.swift, SpotlightIndex.swift, LessonCatalog.generated.swift, WidgetSnapshot.swift, WidgetSnapshotWriter.swift, ImportValidator.swift, LibraryReview.swift, LibraryImportValidator.swift, LibraryView.swift, GeneratedAssetSymbols.swift (in target 'Condisco' from project 'Condisco')

ExtractAppIntentsMetadata (in target 'CondiscoWidget' from project 'Condisco')
    cd /Users/spkoehl/Projects/VerbaLibera
    /Applications/Xcode.app/Contents/Developer/Toolchains/XcodeDefault.xctoolchain/usr/bin/appintentsmetadataprocessor --toolchain-dir /Applications/Xcode.app/Contents/Developer/Toolchains/XcodeDefault.xctoolchain --module-name CondiscoWidget --sdk-root /Applications/Xcode.app/Contents/Developer/Platforms/iPhoneSimulator.platform/Developer/SDKs/iPhoneSimulator27.0.sdk --xcode-version 27A266a --platform-family iOS --deployment-target 17.0 --bundle-identifier com.sleuthysloth.condisco.CondiscoWidget --output /var/folders/3w/91hphlzs0rv_1twbkfyhvn6m0000gn/T/condisco-preflight.bh4YjN/DerivedData/Build/Products/Debug-iphonesimulator/CondiscoWidget.appex --target-triple arm64-apple-ios17.0-simulator --binary-file /var/folders/3w/91hphlzs0rv_1twbkfyhvn6m0000gn/T/condisco-preflight.bh4YjN/DerivedData/Build/Products/Debug-iphonesimulator/CondiscoWidget.appex/CondiscoWidget --dependency-file /var/folders/3w/91hphlzs0rv_1twbkfyhvn6m0000gn/T/condisco-preflight.bh4YjN/DerivedData/Build/Intermediates.noindex/Condisco.build/Debug-iphonesimulator/CondiscoWidget.build/Objects-normal/arm64/CondiscoWidget_dependency_info.dat --stringsdata-file /var/folders/3w/91hphlzs0rv_1twbkfyhvn6m0000gn/T/condisco-preflight.bh4YjN/DerivedData/Build/Intermediates.noindex/Condisco.build/Debug-iphonesimulator/CondiscoWidget.build/Objects-normal/arm64/ExtractedAppShortcutsMetadata.stringsdata --source-file-list /var/folders/3w/91hphlzs0rv_1twbkfyhvn6m0000gn/T/condisco-preflight.bh4YjN/DerivedData/Build/Intermediates.noindex/Condisco.build/Debug-iphonesimulator/CondiscoWidget.build/Objects-normal/arm64/CondiscoWidget.SwiftFileList --metadata-file-list /var/folders/3w/91hphlzs0rv_1twbkfyhvn6m0000gn/T/condisco-preflight.bh4YjN/DerivedData/Build/Intermediates.noindex/Condisco.build/Debug-iphonesimulator/CondiscoWidget.build/CondiscoWidget.DependencyMetadataFileList --static-metadata-file-list /var/folders/3w/91hphlzs0rv_1twbkfyhvn6m0000gn/T/condisco-preflight.bh4YjN/DerivedData/Build/Intermediates.noindex/Condisco.build/Debug-iphonesimulator/CondiscoWidget.build/CondiscoWidget.DependencyStaticMetadataFileList --swift-const-vals-list /var/folders/3w/91hphlzs0rv_1twbkfyhvn6m0000gn/T/condisco-preflight.bh4YjN/DerivedData/Build/Intermediates.noindex/Condisco.build/Debug-iphonesimulator/CondiscoWidget.build/Objects-normal/arm64/CondiscoWidget.SwiftConstValuesFileList --compile-time-extraction --deployment-aware-processing --no-app-shortcuts-localization
2026-09-27 05:15:20.014 appintentsmetadataprocessor[34486:2277272] Starting appintentsmetadataprocessor export
2026-09-27 05:15:20.193 appintentsmetadataprocessor[34486:2277272] Extracted no relevant App Intents symbols, skipping writing output

AppIntentsSSUTraining (in target 'CondiscoWidget' from project 'Condisco')
    cd /Users/spkoehl/Projects/VerbaLibera
    /Applications/Xcode.app/Contents/Developer/Toolchains/XcodeDefault.xctoolchain/usr/bin/appintentsnltrainingprocessor --infoplist-path /var/folders/3w/91hphlzs0rv_1twbkfyhvn6m0000gn/T/condisco-preflight.bh4YjN/DerivedData/Build/Products/Debug-iphonesimulator/CondiscoWidget.appex/Info.plist --temp-dir-path /var/folders/3w/91hphlzs0rv_1twbkfyhvn6m0000gn/T/condisco-preflight.bh4YjN/DerivedData/Build/Intermediates.noindex/Condisco.build/Debug-iphonesimulator/CondiscoWidget.build/ssu --bundle-id com.sleuthysloth.condisco.CondiscoWidget --product-path /var/folders/3w/91hphlzs0rv_1twbkfyhvn6m0000gn/T/condisco-preflight.bh4YjN/DerivedData/Build/Products/Debug-iphonesimulator/CondiscoWidget.appex --extracted-metadata-path /var/folders/3w/91hphlzs0rv_1twbkfyhvn6m0000gn/T/condisco-preflight.bh4YjN/DerivedData/Build/Products/Debug-iphonesimulator/CondiscoWidget.appex/Metadata.appintents --metadata-file-list /var/folders/3w/91hphlzs0rv_1twbkfyhvn6m0000gn/T/condisco-preflight.bh4YjN/DerivedData/Build/Intermediates.noindex/Condisco.build/Debug-iphonesimulator/CondiscoWidget.build/CondiscoWidget.DependencyMetadataFileList --source-file /var/folders/3w/91hphlzs0rv_1twbkfyhvn6m0000gn/T/condisco-preflight.bh4YjN/DerivedData/Build/Products/Debug-iphonesimulator/CondiscoWidget.appex/Info.plist --archive-ssu-assets
2026-09-27 05:15:20.257 appintentsnltrainingprocessor[34487:2277290] Parsing options for appintentsnltrainingprocessor
2026-09-27 05:15:20.257 appintentsnltrainingprocessor[34487:2277290] Starting AppIntents SSU YAML Generation
2026-09-27 05:15:20.261 appintentsnltrainingprocessor[34487:2277290] No AppShortcuts found - Skipping.

ProcessProductPackaging "" /var/folders/3w/91hphlzs0rv_1twbkfyhvn6m0000gn/T/condisco-preflight.bh4YjN/DerivedData/Build/Intermediates.noindex/Condisco.build/Debug-iphonesimulator/CondiscoUITests.build/CondiscoUITests.xctest-Simulated.xcent (in target 'CondiscoUITests' from project 'Condisco')
    cd /Users/spkoehl/Projects/VerbaLibera
    
    Entitlements:
    
    {
    "application-identifier" = "PN9T9MT37J.com.sleuthysloth.condisco.UITests.xctrunner";
    "keychain-access-groups" =     (
        "PN9T9MT37J.com.sleuthysloth.condisco.UITests.xctrunner"
    );
}
    
    builtin-productPackagingUtility -entitlements -format xml -o /var/folders/3w/91hphlzs0rv_1twbkfyhvn6m0000gn/T/condisco-preflight.bh4YjN/DerivedData/Build/Intermediates.noindex/Condisco.build/Debug-iphonesimulator/CondiscoUITests.build/CondiscoUITests.xctest-Simulated.xcent

ProcessProductPackagingDER /var/folders/3w/91hphlzs0rv_1twbkfyhvn6m0000gn/T/condisco-preflight.bh4YjN/DerivedData/Build/Intermediates.noindex/Condisco.build/Debug-iphonesimulator/CondiscoUITests.build/CondiscoUITests.xctest-Simulated.xcent /var/folders/3w/91hphlzs0rv_1twbkfyhvn6m0000gn/T/condisco-preflight.bh4YjN/DerivedData/Build/Intermediates.noindex/Condisco.build/Debug-iphonesimulator/CondiscoUITests.build/CondiscoUITests.xctest-Simulated.xcent.der (in target 'CondiscoUITests' from project 'Condisco')
    cd /Users/spkoehl/Projects/VerbaLibera
    /usr/bin/derq query -f xml -i /var/folders/3w/91hphlzs0rv_1twbkfyhvn6m0000gn/T/condisco-preflight.bh4YjN/DerivedData/Build/Intermediates.noindex/Condisco.build/Debug-iphonesimulator/CondiscoUITests.build/CondiscoUITests.xctest-Simulated.xcent -o /var/folders/3w/91hphlzs0rv_1twbkfyhvn6m0000gn/T/condisco-preflight.bh4YjN/DerivedData/Build/Intermediates.noindex/Condisco.build/Debug-iphonesimulator/CondiscoUITests.build/CondiscoUITests.xctest-Simulated.xcent.der --raw

CodeSign /var/folders/3w/91hphlzs0rv_1twbkfyhvn6m0000gn/T/condisco-preflight.bh4YjN/DerivedData/Build/Products/Debug-iphonesimulator/CondiscoWidget.appex/CondiscoWidget.debug.dylib (in target 'CondiscoWidget' from project 'Condisco')
    cd /Users/spkoehl/Projects/VerbaLibera
    
    Signing Identity:     "Sign to Run Locally"
    
    /usr/bin/codesign --force --sign - --timestamp\=none --generate-entitlement-der /var/folders/3w/91hphlzs0rv_1twbkfyhvn6m0000gn/T/condisco-preflight.bh4YjN/DerivedData/Build/Products/Debug-iphonesimulator/CondiscoWidget.appex/CondiscoWidget.debug.dylib

CodeSign /var/folders/3w/91hphlzs0rv_1twbkfyhvn6m0000gn/T/condisco-preflight.bh4YjN/DerivedData/Build/Products/Debug-iphonesimulator/CondiscoWidget.appex/__preview.dylib (in target 'CondiscoWidget' from project 'Condisco')
    cd /Users/spkoehl/Projects/VerbaLibera
    
    Signing Identity:     "Sign to Run Locally"
    
    /usr/bin/codesign --force --sign - --timestamp\=none --generate-entitlement-der /var/folders/3w/91hphlzs0rv_1twbkfyhvn6m0000gn/T/condisco-preflight.bh4YjN/DerivedData/Build/Products/Debug-iphonesimulator/CondiscoWidget.appex/__preview.dylib

CodeSign /var/folders/3w/91hphlzs0rv_1twbkfyhvn6m0000gn/T/condisco-preflight.bh4YjN/DerivedData/Build/Products/Debug-iphonesimulator/CondiscoWidget.appex (in target 'CondiscoWidget' from project 'Condisco')
    cd /Users/spkoehl/Projects/VerbaLibera
    
    Signing Identity:     "Sign to Run Locally"
    
    /usr/bin/codesign --force --sign - --entitlements /var/folders/3w/91hphlzs0rv_1twbkfyhvn6m0000gn/T/condisco-preflight.bh4YjN/DerivedData/Build/Intermediates.noindex/Condisco.build/Debug-iphonesimulator/CondiscoWidget.build/CondiscoWidget.appex.xcent --timestamp\=none --generate-entitlement-der /var/folders/3w/91hphlzs0rv_1twbkfyhvn6m0000gn/T/condisco-preflight.bh4YjN/DerivedData/Build/Products/Debug-iphonesimulator/CondiscoWidget.appex

SwiftDriver CondiscoUITests normal arm64 com.apple.xcode.tools.swift.compiler (in target 'CondiscoUITests' from project 'Condisco')
    cd /Users/spkoehl/Projects/VerbaLibera
    builtin-SwiftDriver -- /Applications/Xcode.app/Contents/Developer/Toolchains/XcodeDefault.xctoolchain/usr/bin/swiftc -module-name CondiscoUITests -Onone @/var/folders/3w/91hphlzs0rv_1twbkfyhvn6m0000gn/T/condisco-preflight.bh4YjN/DerivedData/Build/Intermediates.noindex/Condisco.build/Debug-iphonesimulator/CondiscoUITests.build/Objects-normal/arm64/CondiscoUITests.SwiftFileList -DDEBUG -module-alias Testing\=_Testing_Unavailable -plugin-path /Applications/Xcode.app/Contents/Developer/Toolchains/XcodeDefault.xctoolchain/usr/lib/swift/host/plugins/testing -enable-bare-slash-regex -enable-experimental-feature DebugDescriptionMacro -sdk /Applications/Xcode.app/Contents/Developer/Platforms/iPhoneSimulator.platform/Developer/SDKs/iPhoneSimulator27.0.sdk -target arm64-apple-ios17.0-simulator -g -module-cache-path /var/folders/3w/91hphlzs0rv_1twbkfyhvn6m0000gn/T/condisco-preflight.bh4YjN/DerivedData/ModuleCache.noindex -Xfrontend -serialize-debugging-options -enable-testing -index-store-path /var/folders/3w/91hphlzs0rv_1twbkfyhvn6m0000gn/T/condisco-preflight.bh4YjN/DerivedData/Index.noindex/DataStore -Xcc -D_LIBCPP_HARDENING_MODE\=_LIBCPP_HARDENING_MODE_DEBUG -swift-version 5 -I /var/folders/3w/91hphlzs0rv_1twbkfyhvn6m0000gn/T/condisco-preflight.bh4YjN/DerivedData/Build/Products/Debug-iphonesimulator -Isystem /Applications/Xcode.app/Contents/Developer/Platforms/iPhoneSimulator.platform/Developer/usr/lib -F /var/folders/3w/91hphlzs0rv_1twbkfyhvn6m0000gn/T/condisco-preflight.bh4YjN/DerivedData/Build/Products/Debug-iphonesimulator -F /Applications/Xcode.app/Contents/Developer/Platforms/iPhoneSimulator.platform/Developer/Library/Frameworks -F /Applications/Xcode.app/Contents/Developer/Platforms/iPhoneSimulator.platform/Developer/SDKs/iPhoneSimulator27.0.sdk/Developer/Library/Frameworks -emit-localized-strings -emit-localized-strings-path /var/folders/3w/91hphlzs0rv_1twbkfyhvn6m0000gn/T/condisco-preflight.bh4YjN/DerivedData/Build/Intermediates.noindex/Condisco.build/Debug-iphonesimulator/CondiscoUITests.build/Objects-normal/arm64 -c -j6 -enable-batch-mode -incremental -Xcc -ivfsstatcache -Xcc /var/folders/3w/91hphlzs0rv_1twbkfyhvn6m0000gn/T/condisco-preflight.bh4YjN/DerivedData/SDKStatCaches.noindex/iphonesimulator27.0-24A430-8dc58220667be655e1bcc261a7455254.sdkstatcache -output-file-map /var/folders/3w/91hphlzs0rv_1twbkfyhvn6m0000gn/T/condisco-preflight.bh4YjN/DerivedData/Build/Intermediates.noindex/Condisco.build/Debug-iphonesimulator/CondiscoUITests.build/Objects-normal/arm64/CondiscoUITests-OutputFileMap.json -save-temps -no-color-diagnostics -explicit-module-build -module-cache-path /var/folders/3w/91hphlzs0rv_1twbkfyhvn6m0000gn/T/condisco-preflight.bh4YjN/DerivedData/Build/Intermediates.noindex/SwiftExplicitPrecompiledModules -clang-scanner-module-cache-path /var/folders/3w/91hphlzs0rv_1twbkfyhvn6m0000gn/T/condisco-preflight.bh4YjN/DerivedData/ModuleCache.noindex -sdk-module-cache-path /var/folders/3w/91hphlzs0rv_1twbkfyhvn6m0000gn/T/condisco-preflight.bh4YjN/DerivedData/SDKExplicitPrecompiledModules -emit-dependencies -emit-module -emit-module-path /var/folders/3w/91hphlzs0rv_1twbkfyhvn6m0000gn/T/condisco-preflight.bh4YjN/DerivedData/Build/Intermediates.noindex/Condisco.build/Debug-iphonesimulator/CondiscoUITests.build/Objects-normal/arm64/CondiscoUITests.swiftmodule -serialize-diagnostics -dependency-scan-serialize-diagnostics-path /var/folders/3w/91hphlzs0rv_1twbkfyhvn6m0000gn/T/condisco-preflight.bh4YjN/DerivedData/Build/Intermediates.noindex/Condisco.build/Debug-iphonesimulator/CondiscoUITests.build/Objects-normal/arm64/CondiscoUITests-dependency-scan.dia -validate-clang-modules-once -clang-build-session-file /var/folders/3w/91hphlzs0rv_1twbkfyhvn6m0000gn/T/condisco-preflight.bh4YjN/DerivedData/ModuleCache.noindex/Session.modulevalidation -Xcc -fmodules-prune-interval\=86400 -Xcc -fmodules-prune-after\=345600 -emit-const-values -const-gather-protocols-list /var/folders/3w/91hphlzs0rv_1twbkfyhvn6m0000gn/T/condisco-preflight.bh4YjN/DerivedData/Build/Intermediates.noindex/Condisco.build/Debug-iphonesimulator/CondiscoUITests.build/Objects-normal/arm64/CondiscoUITests_const_extract_protocols.json -Xcc -iquote -Xcc /var/folders/3w/91hphlzs0rv_1twbkfyhvn6m0000gn/T/condisco-preflight.bh4YjN/DerivedData/Build/Intermediates.noindex/Condisco.build/Debug-iphonesimulator/CondiscoUITests.build/CondiscoUITests-generated-files.hmap -Xcc -I/var/folders/3w/91hphlzs0rv_1twbkfyhvn6m0000gn/T/condisco-preflight.bh4YjN/DerivedData/Build/Intermediates.noindex/Condisco.build/Debug-iphonesimulator/CondiscoUITests.build/CondiscoUITests-own-target-headers.hmap -Xcc -I/var/folders/3w/91hphlzs0rv_1twbkfyhvn6m0000gn/T/condisco-preflight.bh4YjN/DerivedData/Build/Intermediates.noindex/Condisco.build/Debug-iphonesimulator/CondiscoUITests.build/CondiscoUITests-all-target-headers.hmap -Xcc -iquote -Xcc /var/folders/3w/91hphlzs0rv_1twbkfyhvn6m0000gn/T/condisco-preflight.bh4YjN/DerivedData/Build/Intermediates.noindex/Condisco.build/Debug-iphonesimulator/CondiscoUITests.build/CondiscoUITests-project-headers.hmap -Xcc -I/var/folders/3w/91hphlzs0rv_1twbkfyhvn6m0000gn/T/condisco-preflight.bh4YjN/DerivedData/Build/Products/Debug-iphonesimulator/include -Xcc -I/var/folders/3w/91hphlzs0rv_1twbkfyhvn6m0000gn/T/condisco-preflight.bh4YjN/DerivedData/Build/Intermediates.noindex/Condisco.build/Debug-iphonesimulator/CondiscoUITests.build/DerivedSources-normal/arm64 -Xcc -I/var/folders/3w/91hphlzs0rv_1twbkfyhvn6m0000gn/T/condisco-preflight.bh4YjN/DerivedData/Build/Intermediates.noindex/Condisco.build/Debug-iphonesimulator/CondiscoUITests.build/DerivedSources/arm64 -Xcc -I/var/folders/3w/91hphlzs0rv_1twbkfyhvn6m0000gn/T/condisco-preflight.bh4YjN/DerivedData/Build/Intermediates.noindex/Condisco.build/Debug-iphonesimulator/CondiscoUITests.build/DerivedSources -Xcc -DDEBUG\=1 -emit-objc-header -emit-objc-header-path /var/folders/3w/91hphlzs0rv_1twbkfyhvn6m0000gn/T/condisco-preflight.bh4YjN/DerivedData/Build/Intermediates.noindex/Condisco.build/Debug-iphonesimulator/CondiscoUITests.build/Objects-normal/arm64/CondiscoUITests-Swift.h -working-directory /Users/spkoehl/Projects/VerbaLibera -experimental-emit-module-separately -disable-cmo

RegisterExecutionPolicyException /var/folders/3w/91hphlzs0rv_1twbkfyhvn6m0000gn/T/condisco-preflight.bh4YjN/DerivedData/Build/Products/Debug-iphonesimulator/CondiscoWidget.appex (in target 'CondiscoWidget' from project 'Condisco')
    cd /Users/spkoehl/Projects/VerbaLibera
    builtin-RegisterExecutionPolicyException /var/folders/3w/91hphlzs0rv_1twbkfyhvn6m0000gn/T/condisco-preflight.bh4YjN/DerivedData/Build/Products/Debug-iphonesimulator/CondiscoWidget.appex

SwiftExplicitDependencyGeneratePcm arm64 /var/folders/3w/91hphlzs0rv_1twbkfyhvn6m0000gn/T/condisco-preflight.bh4YjN/DerivedData/Build/Intermediates.noindex/SwiftExplicitPrecompiledModules/XCUIAutomation-AVQ41GRJ4N578NVTRL1ZOZO75.pcm

SwiftExplicitDependencyCompileModuleFromInterface arm64 /var/folders/3w/91hphlzs0rv_1twbkfyhvn6m0000gn/T/condisco-preflight.bh4YjN/DerivedData/Build/Intermediates.noindex/SwiftExplicitPrecompiledModules/XCUIAutomation-2T35OY22Q748T.swiftmodule

SwiftExplicitDependencyGeneratePcm arm64 /var/folders/3w/91hphlzs0rv_1twbkfyhvn6m0000gn/T/condisco-preflight.bh4YjN/DerivedData/Build/Intermediates.noindex/SwiftExplicitPrecompiledModules/XCTest-4KDXJC655P1F6XOF7OUVQB7EF.pcm

SwiftDriverJobDiscovery normal arm64 Compiling ReviewModels.swift, ReviewView.swift, ReviewReminders.swift, FlashcardsView.swift, AnkiExport.swift, HandsFreeReview.swift, A11ySettings.swift, EmptyStateArt.swift, AppleSignIn.swift, CloudKitSync.swift (in target 'Condisco' from project 'Condisco')

Touch /var/folders/3w/91hphlzs0rv_1twbkfyhvn6m0000gn/T/condisco-preflight.bh4YjN/DerivedData/Build/Products/Debug-iphonesimulator/CondiscoWidget.appex (in target 'CondiscoWidget' from project 'Condisco')
    cd /Users/spkoehl/Projects/VerbaLibera
    /usr/bin/touch -c /var/folders/3w/91hphlzs0rv_1twbkfyhvn6m0000gn/T/condisco-preflight.bh4YjN/DerivedData/Build/Products/Debug-iphonesimulator/CondiscoWidget.appex

Ld /var/folders/3w/91hphlzs0rv_1twbkfyhvn6m0000gn/T/condisco-preflight.bh4YjN/DerivedData/Build/Products/Debug-iphonesimulator/Condisco.app/__preview.dylib normal (in target 'Condisco' from project 'Condisco')
    cd /Users/spkoehl/Projects/VerbaLibera
    /Applications/Xcode.app/Contents/Developer/Toolchains/XcodeDefault.xctoolchain/usr/bin/clang -Xlinker -reproducible -target arm64-apple-ios17.0-simulator -dynamiclib -isysroot /Applications/Xcode.app/Contents/Developer/Platforms/iPhoneSimulator.platform/Developer/SDKs/iPhoneSimulator27.0.sdk -O0 -Xlinker -no_warn_duplicate_libraries -L/var/folders/3w/91hphlzs0rv_1twbkfyhvn6m0000gn/T/condisco-preflight.bh4YjN/DerivedData/Build/Products/Debug-iphonesimulator -F/var/folders/3w/91hphlzs0rv_1twbkfyhvn6m0000gn/T/condisco-preflight.bh4YjN/DerivedData/Build/Products/Debug-iphonesimulator -install_name @rpath/Condisco.debug.dylib -Xlinker -dead_strip -rdynamic -Xlinker -no_deduplicate -Xlinker -objc_abi_version -Xlinker 2 -Xlinker -dependency_info -Xlinker /var/folders/3w/91hphlzs0rv_1twbkfyhvn6m0000gn/T/condisco-preflight.bh4YjN/DerivedData/Build/Intermediates.noindex/Condisco.build/Debug-iphonesimulator/Condisco.build/Objects-normal/arm64/Condisco_dependency_info.dat -Xlinker -sectcreate -Xlinker __TEXT -Xlinker __entitlements -Xlinker /var/folders/3w/91hphlzs0rv_1twbkfyhvn6m0000gn/T/condisco-preflight.bh4YjN/DerivedData/Build/Intermediates.noindex/Condisco.build/Debug-iphonesimulator/Condisco.build/Condisco.app-Simulated.xcent -Xlinker -sectcreate -Xlinker __TEXT -Xlinker __ents_der -Xlinker /var/folders/3w/91hphlzs0rv_1twbkfyhvn6m0000gn/T/condisco-preflight.bh4YjN/DerivedData/Build/Intermediates.noindex/Condisco.build/Debug-iphonesimulator/Condisco.build/Condisco.app-Simulated.xcent.der -Xlinker -no_adhoc_codesign -o /var/folders/3w/91hphlzs0rv_1twbkfyhvn6m0000gn/T/condisco-preflight.bh4YjN/DerivedData/Build/Products/Debug-iphonesimulator/Condisco.app/__preview.dylib

CpResource /var/folders/3w/91hphlzs0rv_1twbkfyhvn6m0000gn/T/condisco-preflight.bh4YjN/DerivedData/Build/Products/Debug-iphonesimulator/Condisco.app/Content /Users/spkoehl/Projects/VerbaLibera/Condisco/Content (in target 'Condisco' from project 'Condisco')
    cd /Users/spkoehl/Projects/VerbaLibera
    builtin-copy -exclude .DS_Store -exclude CVS -exclude .svn -exclude .git -exclude .hg -resolve-src-symlinks /Users/spkoehl/Projects/VerbaLibera/Condisco/Content /var/folders/3w/91hphlzs0rv_1twbkfyhvn6m0000gn/T/condisco-preflight.bh4YjN/DerivedData/Build/Products/Debug-iphonesimulator/Condisco.app

SwiftExplicitDependencyCompileModuleFromInterface arm64 /var/folders/3w/91hphlzs0rv_1twbkfyhvn6m0000gn/T/condisco-preflight.bh4YjN/DerivedData/Build/Intermediates.noindex/SwiftExplicitPrecompiledModules/XCTest-IRLUTHSG0TF3.swiftmodule

SwiftDriver CondiscoTests normal arm64 com.apple.xcode.tools.swift.compiler (in target 'CondiscoTests' from project 'Condisco')
    cd /Users/spkoehl/Projects/VerbaLibera
    builtin-SwiftDriver -- /Applications/Xcode.app/Contents/Developer/Toolchains/XcodeDefault.xctoolchain/usr/bin/swiftc -module-name CondiscoTests -Onone @/var/folders/3w/91hphlzs0rv_1twbkfyhvn6m0000gn/T/condisco-preflight.bh4YjN/DerivedData/Build/Intermediates.noindex/Condisco.build/Debug-iphonesimulator/CondiscoTests.build/Objects-normal/arm64/CondiscoTests.SwiftFileList -DDEBUG -plugin-path /Applications/Xcode.app/Contents/Developer/Toolchains/XcodeDefault.xctoolchain/usr/lib/swift/host/plugins/testing -enable-bare-slash-regex -enable-experimental-feature DebugDescriptionMacro -sdk /Applications/Xcode.app/Contents/Developer/Platforms/iPhoneSimulator.platform/Developer/SDKs/iPhoneSimulator27.0.sdk -target arm64-apple-ios17.0-simulator -g -module-cache-path /var/folders/3w/91hphlzs0rv_1twbkfyhvn6m0000gn/T/condisco-preflight.bh4YjN/DerivedData/ModuleCache.noindex -Xfrontend -serialize-debugging-options -enable-testing -index-store-path /var/folders/3w/91hphlzs0rv_1twbkfyhvn6m0000gn/T/condisco-preflight.bh4YjN/DerivedData/Index.noindex/DataStore -Xcc -D_LIBCPP_HARDENING_MODE\=_LIBCPP_HARDENING_MODE_DEBUG -swift-version 5 -I /var/folders/3w/91hphlzs0rv_1twbkfyhvn6m0000gn/T/condisco-preflight.bh4YjN/DerivedData/Build/Products/Debug-iphonesimulator -Isystem /Applications/Xcode.app/Contents/Developer/Platforms/iPhoneSimulator.platform/Developer/usr/lib -F /var/folders/3w/91hphlzs0rv_1twbkfyhvn6m0000gn/T/condisco-preflight.bh4YjN/DerivedData/Build/Products/Debug-iphonesimulator -F /Applications/Xcode.app/Contents/Developer/Platforms/iPhoneSimulator.platform/Developer/Library/Frameworks -F /Applications/Xcode.app/Contents/Developer/Platforms/iPhoneSimulator.platform/Developer/SDKs/iPhoneSimulator27.0.sdk/Developer/Library/Frameworks -emit-localized-strings -emit-localized-strings-path /var/folders/3w/91hphlzs0rv_1twbkfyhvn6m0000gn/T/condisco-preflight.bh4YjN/DerivedData/Build/Intermediates.noindex/Condisco.build/Debug-iphonesimulator/CondiscoTests.build/Objects-normal/arm64 -c -j6 -enable-batch-mode -incremental -Xcc -ivfsstatcache -Xcc /var/folders/3w/91hphlzs0rv_1twbkfyhvn6m0000gn/T/condisco-preflight.bh4YjN/DerivedData/SDKStatCaches.noindex/iphonesimulator27.0-24A430-8dc58220667be655e1bcc261a7455254.sdkstatcache -output-file-map /var/folders/3w/91hphlzs0rv_1twbkfyhvn6m0000gn/T/condisco-preflight.bh4YjN/DerivedData/Build/Intermediates.noindex/Condisco.build/Debug-iphonesimulator/CondiscoTests.build/Objects-normal/arm64/CondiscoTests-OutputFileMap.json -save-temps -no-color-diagnostics -explicit-module-build -module-cache-path /var/folders/3w/91hphlzs0rv_1twbkfyhvn6m0000gn/T/condisco-preflight.bh4YjN/DerivedData/Build/Intermediates.noindex/SwiftExplicitPrecompiledModules -clang-scanner-module-cache-path /var/folders/3w/91hphlzs0rv_1twbkfyhvn6m0000gn/T/condisco-preflight.bh4YjN/DerivedData/ModuleCache.noindex -sdk-module-cache-path /var/folders/3w/91hphlzs0rv_1twbkfyhvn6m0000gn/T/condisco-preflight.bh4YjN/DerivedData/SDKExplicitPrecompiledModules -emit-dependencies -emit-module -emit-module-path /var/folders/3w/91hphlzs0rv_1twbkfyhvn6m0000gn/T/condisco-preflight.bh4YjN/DerivedData/Build/Intermediates.noindex/Condisco.build/Debug-iphonesimulator/CondiscoTests.build/Objects-normal/arm64/CondiscoTests.swiftmodule -serialize-diagnostics -dependency-scan-serialize-diagnostics-path /var/folders/3w/91hphlzs0rv_1twbkfyhvn6m0000gn/T/condisco-preflight.bh4YjN/DerivedData/Build/Intermediates.noindex/Condisco.build/Debug-iphonesimulator/CondiscoTests.build/Objects-normal/arm64/CondiscoTests-dependency-scan.dia -validate-clang-modules-once -clang-build-session-file /var/folders/3w/91hphlzs0rv_1twbkfyhvn6m0000gn/T/condisco-preflight.bh4YjN/DerivedData/ModuleCache.noindex/Session.modulevalidation -Xcc -fmodules-prune-interval\=86400 -Xcc -fmodules-prune-after\=345600 -emit-const-values -const-gather-protocols-list /var/folders/3w/91hphlzs0rv_1twbkfyhvn6m0000gn/T/condisco-preflight.bh4YjN/DerivedData/Build/Intermediates.noindex/Condisco.build/Debug-iphonesimulator/CondiscoTests.build/Objects-normal/arm64/CondiscoTests_const_extract_protocols.json -Xcc -iquote -Xcc /var/folders/3w/91hphlzs0rv_1twbkfyhvn6m0000gn/T/condisco-preflight.bh4YjN/DerivedData/Build/Intermediates.noindex/Condisco.build/Debug-iphonesimulator/CondiscoTests.build/CondiscoTests-generated-files.hmap -Xcc -I/var/folders/3w/91hphlzs0rv_1twbkfyhvn6m0000gn/T/condisco-preflight.bh4YjN/DerivedData/Build/Intermediates.noindex/Condisco.build/Debug-iphonesimulator/CondiscoTests.build/CondiscoTests-own-target-headers.hmap -Xcc -I/var/folders/3w/91hphlzs0rv_1twbkfyhvn6m0000gn/T/condisco-preflight.bh4YjN/DerivedData/Build/Intermediates.noindex/Condisco.build/Debug-iphonesimulator/CondiscoTests.build/CondiscoTests-all-target-headers.hmap -Xcc -iquote -Xcc /var/folders/3w/91hphlzs0rv_1twbkfyhvn6m0000gn/T/condisco-preflight.bh4YjN/DerivedData/Build/Intermediates.noindex/Condisco.build/Debug-iphonesimulator/CondiscoTests.build/CondiscoTests-project-headers.hmap -Xcc -I/var/folders/3w/91hphlzs0rv_1twbkfyhvn6m0000gn/T/condisco-preflight.bh4YjN/DerivedData/Build/Products/Debug-iphonesimulator/include -Xcc -I/var/folders/3w/91hphlzs0rv_1twbkfyhvn6m0000gn/T/condisco-preflight.bh4YjN/DerivedData/Build/Intermediates.noindex/Condisco.build/Debug-iphonesimulator/CondiscoTests.build/DerivedSources-normal/arm64 -Xcc -I/var/folders/3w/91hphlzs0rv_1twbkfyhvn6m0000gn/T/condisco-preflight.bh4YjN/DerivedData/Build/Intermediates.noindex/Condisco.build/Debug-iphonesimulator/CondiscoTests.build/DerivedSources/arm64 -Xcc -I/var/folders/3w/91hphlzs0rv_1twbkfyhvn6m0000gn/T/condisco-preflight.bh4YjN/DerivedData/Build/Intermediates.noindex/Condisco.build/Debug-iphonesimulator/CondiscoTests.build/DerivedSources -Xcc -DDEBUG\=1 -emit-objc-header -emit-objc-header-path /var/folders/3w/91hphlzs0rv_1twbkfyhvn6m0000gn/T/condisco-preflight.bh4YjN/DerivedData/Build/Intermediates.noindex/Condisco.build/Debug-iphonesimulator/CondiscoTests.build/Objects-normal/arm64/CondiscoTests-Swift.h -working-directory /Users/spkoehl/Projects/VerbaLibera -experimental-emit-module-separately -disable-cmo

SwiftEmitModule normal arm64 Emitting\ module\ for\ CondiscoUITests (in target 'CondiscoUITests' from project 'Condisco')

SwiftCompile normal arm64 (in target 'CondiscoUITests' from project 'Condisco')
    cd /Users/spkoehl/Projects/VerbaLibera
    

SwiftCompile normal arm64 Compiling\ FirstRunUITests.swift /Users/spkoehl/Projects/VerbaLibera/Condisco/UITests/FirstRunUITests.swift (in target 'CondiscoUITests' from project 'Condisco')

SwiftCompile normal arm64 /Users/spkoehl/Projects/VerbaLibera/Condisco/UITests/FirstRunUITests.swift (in target 'CondiscoUITests' from project 'Condisco')
    cd /Users/spkoehl/Projects/VerbaLibera
    builtin-SwiftPerFileCompile FirstRunUITests.swift

SwiftDriverJobDiscovery normal arm64 Emitting module for CondiscoUITests (in target 'CondiscoUITests' from project 'Condisco')

SwiftDriver\ Compilation\ Requirements CondiscoUITests normal arm64 com.apple.xcode.tools.swift.compiler (in target 'CondiscoUITests' from project 'Condisco')
    cd /Users/spkoehl/Projects/VerbaLibera
    builtin-Swift-Compilation-Requirements -- /Applications/Xcode.app/Contents/Developer/Toolchains/XcodeDefault.xctoolchain/usr/bin/swiftc -module-name CondiscoUITests -Onone @/var/folders/3w/91hphlzs0rv_1twbkfyhvn6m0000gn/T/condisco-preflight.bh4YjN/DerivedData/Build/Intermediates.noindex/Condisco.build/Debug-iphonesimulator/CondiscoUITests.build/Objects-normal/arm64/CondiscoUITests.SwiftFileList -DDEBUG -module-alias Testing\=_Testing_Unavailable -plugin-path /Applications/Xcode.app/Contents/Developer/Toolchains/XcodeDefault.xctoolchain/usr/lib/swift/host/plugins/testing -enable-bare-slash-regex -enable-experimental-feature DebugDescriptionMacro -sdk /Applications/Xcode.app/Contents/Developer/Platforms/iPhoneSimulator.platform/Developer/SDKs/iPhoneSimulator27.0.sdk -target arm64-apple-ios17.0-simulator -g -module-cache-path /var/folders/3w/91hphlzs0rv_1twbkfyhvn6m0000gn/T/condisco-preflight.bh4YjN/DerivedData/ModuleCache.noindex -Xfrontend -serialize-debugging-options -enable-testing -index-store-path /var/folders/3w/91hphlzs0rv_1twbkfyhvn6m0000gn/T/condisco-preflight.bh4YjN/DerivedData/Index.noindex/DataStore -Xcc -D_LIBCPP_HARDENING_MODE\=_LIBCPP_HARDENING_MODE_DEBUG -swift-version 5 -I /var/folders/3w/91hphlzs0rv_1twbkfyhvn6m0000gn/T/condisco-preflight.bh4YjN/DerivedData/Build/Products/Debug-iphonesimulator -Isystem /Applications/Xcode.app/Contents/Developer/Platforms/iPhoneSimulator.platform/Developer/usr/lib -F /var/folders/3w/91hphlzs0rv_1twbkfyhvn6m0000gn/T/condisco-preflight.bh4YjN/DerivedData/Build/Products/Debug-iphonesimulator -F /Applications/Xcode.app/Contents/Developer/Platforms/iPhoneSimulator.platform/Developer/Library/Frameworks -F /Applications/Xcode.app/Contents/Developer/Platforms/iPhoneSimulator.platform/Developer/SDKs/iPhoneSimulator27.0.sdk/Developer/Library/Frameworks -emit-localized-strings -emit-localized-strings-path /var/folders/3w/91hphlzs0rv_1twbkfyhvn6m0000gn/T/condisco-preflight.bh4YjN/DerivedData/Build/Intermediates.noindex/Condisco.build/Debug-iphonesimulator/CondiscoUITests.build/Objects-normal/arm64 -c -j6 -enable-batch-mode -incremental -Xcc -ivfsstatcache -Xcc /var/folders/3w/91hphlzs0rv_1twbkfyhvn6m0000gn/T/condisco-preflight.bh4YjN/DerivedData/SDKStatCaches.noindex/iphonesimulator27.0-24A430-8dc58220667be655e1bcc261a7455254.sdkstatcache -output-file-map /var/folders/3w/91hphlzs0rv_1twbkfyhvn6m0000gn/T/condisco-preflight.bh4YjN/DerivedData/Build/Intermediates.noindex/Condisco.build/Debug-iphonesimulator/CondiscoUITests.build/Objects-normal/arm64/CondiscoUITests-OutputFileMap.json -save-temps -no-color-diagnostics -explicit-module-build -module-cache-path /var/folders/3w/91hphlzs0rv_1twbkfyhvn6m0000gn/T/condisco-preflight.bh4YjN/DerivedData/Build/Intermediates.noindex/SwiftExplicitPrecompiledModules -clang-scanner-module-cache-path /var/folders/3w/91hphlzs0rv_1twbkfyhvn6m0000gn/T/condisco-preflight.bh4YjN/DerivedData/ModuleCache.noindex -sdk-module-cache-path /var/folders/3w/91hphlzs0rv_1twbkfyhvn6m0000gn/T/condisco-preflight.bh4YjN/DerivedData/SDKExplicitPrecompiledModules -emit-dependencies -emit-module -emit-module-path /var/folders/3w/91hphlzs0rv_1twbkfyhvn6m0000gn/T/condisco-preflight.bh4YjN/DerivedData/Build/Intermediates.noindex/Condisco.build/Debug-iphonesimulator/CondiscoUITests.build/Objects-normal/arm64/CondiscoUITests.swiftmodule -serialize-diagnostics -dependency-scan-serialize-diagnostics-path /var/folders/3w/91hphlzs0rv_1twbkfyhvn6m0000gn/T/condisco-preflight.bh4YjN/DerivedData/Build/Intermediates.noindex/Condisco.build/Debug-iphonesimulator/CondiscoUITests.build/Objects-normal/arm64/CondiscoUITests-dependency-scan.dia -validate-clang-modules-once -clang-build-session-file /var/folders/3w/91hphlzs0rv_1twbkfyhvn6m0000gn/T/condisco-preflight.bh4YjN/DerivedData/ModuleCache.noindex/Session.modulevalidation -Xcc -fmodules-prune-interval\=86400 -Xcc -fmodules-prune-after\=345600 -emit-const-values -const-gather-protocols-list /var/folders/3w/91hphlzs0rv_1twbkfyhvn6m0000gn/T/condisco-preflight.bh4YjN/DerivedData/Build/Intermediates.noindex/Condisco.build/Debug-iphonesimulator/CondiscoUITests.build/Objects-normal/arm64/CondiscoUITests_const_extract_protocols.json -Xcc -iquote -Xcc /var/folders/3w/91hphlzs0rv_1twbkfyhvn6m0000gn/T/condisco-preflight.bh4YjN/DerivedData/Build/Intermediates.noindex/Condisco.build/Debug-iphonesimulator/CondiscoUITests.build/CondiscoUITests-generated-files.hmap -Xcc -I/var/folders/3w/91hphlzs0rv_1twbkfyhvn6m0000gn/T/condisco-preflight.bh4YjN/DerivedData/Build/Intermediates.noindex/Condisco.build/Debug-iphonesimulator/CondiscoUITests.build/CondiscoUITests-own-target-headers.hmap -Xcc -I/var/folders/3w/91hphlzs0rv_1twbkfyhvn6m0000gn/T/condisco-preflight.bh4YjN/DerivedData/Build/Intermediates.noindex/Condisco.build/Debug-iphonesimulator/CondiscoUITests.build/CondiscoUITests-all-target-headers.hmap -Xcc -iquote -Xcc /var/folders/3w/91hphlzs0rv_1twbkfyhvn6m0000gn/T/condisco-preflight.bh4YjN/DerivedData/Build/Intermediates.noindex/Condisco.build/Debug-iphonesimulator/CondiscoUITests.build/CondiscoUITests-project-headers.hmap -Xcc -I/var/folders/3w/91hphlzs0rv_1twbkfyhvn6m0000gn/T/condisco-preflight.bh4YjN/DerivedData/Build/Products/Debug-iphonesimulator/include -Xcc -I/var/folders/3w/91hphlzs0rv_1twbkfyhvn6m0000gn/T/condisco-preflight.bh4YjN/DerivedData/Build/Intermediates.noindex/Condisco.build/Debug-iphonesimulator/CondiscoUITests.build/DerivedSources-normal/arm64 -Xcc -I/var/folders/3w/91hphlzs0rv_1twbkfyhvn6m0000gn/T/condisco-preflight.bh4YjN/DerivedData/Build/Intermediates.noindex/Condisco.build/Debug-iphonesimulator/CondiscoUITests.build/DerivedSources/arm64 -Xcc -I/var/folders/3w/91hphlzs0rv_1twbkfyhvn6m0000gn/T/condisco-preflight.bh4YjN/DerivedData/Build/Intermediates.noindex/Condisco.build/Debug-iphonesimulator/CondiscoUITests.build/DerivedSources -Xcc -DDEBUG\=1 -emit-objc-header -emit-objc-header-path /var/folders/3w/91hphlzs0rv_1twbkfyhvn6m0000gn/T/condisco-preflight.bh4YjN/DerivedData/Build/Intermediates.noindex/Condisco.build/Debug-iphonesimulator/CondiscoUITests.build/Objects-normal/arm64/CondiscoUITests-Swift.h -working-directory /Users/spkoehl/Projects/VerbaLibera -experimental-emit-module-separately -disable-cmo

SwiftEmitModule normal arm64 Emitting\ module\ for\ CondiscoTests (in target 'CondiscoTests' from project 'Condisco')

SwiftCompile normal arm64 (in target 'CondiscoTests' from project 'Condisco')
    cd /Users/spkoehl/Projects/VerbaLibera
    

SwiftMergeGeneratedHeaders /var/folders/3w/91hphlzs0rv_1twbkfyhvn6m0000gn/T/condisco-preflight.bh4YjN/DerivedData/Build/Intermediates.noindex/Condisco.build/Debug-iphonesimulator/CondiscoUITests.build/DerivedSources/CondiscoUITests-Swift.h /var/folders/3w/91hphlzs0rv_1twbkfyhvn6m0000gn/T/condisco-preflight.bh4YjN/DerivedData/Build/Intermediates.noindex/Condisco.build/Debug-iphonesimulator/CondiscoUITests.build/Objects-normal/arm64/CondiscoUITests-Swift.h (in target 'CondiscoUITests' from project 'Condisco')
    cd /Users/spkoehl/Projects/VerbaLibera
    builtin-swiftHeaderTool -arch arm64 /var/folders/3w/91hphlzs0rv_1twbkfyhvn6m0000gn/T/condisco-preflight.bh4YjN/DerivedData/Build/Intermediates.noindex/Condisco.build/Debug-iphonesimulator/CondiscoUITests.build/Objects-normal/arm64/CondiscoUITests-Swift.h -o /var/folders/3w/91hphlzs0rv_1twbkfyhvn6m0000gn/T/condisco-preflight.bh4YjN/DerivedData/Build/Intermediates.noindex/Condisco.build/Debug-iphonesimulator/CondiscoUITests.build/DerivedSources/CondiscoUITests-Swift.h

SwiftDriverJobDiscovery normal arm64 Compiling FirstRunUITests.swift (in target 'CondiscoUITests' from project 'Condisco')

Copy /var/folders/3w/91hphlzs0rv_1twbkfyhvn6m0000gn/T/condisco-preflight.bh4YjN/DerivedData/Build/Products/Debug-iphonesimulator/CondiscoUITests.swiftmodule/arm64-apple-ios-simulator.swiftmodule /var/folders/3w/91hphlzs0rv_1twbkfyhvn6m0000gn/T/condisco-preflight.bh4YjN/DerivedData/Build/Intermediates.noindex/Condisco.build/Debug-iphonesimulator/CondiscoUITests.build/Objects-normal/arm64/CondiscoUITests.swiftmodule (in target 'CondiscoUITests' from project 'Condisco')
    cd /Users/spkoehl/Projects/VerbaLibera
    builtin-copy -exclude .DS_Store -exclude CVS -exclude .svn -exclude .git -exclude .hg -resolve-src-symlinks -rename /var/folders/3w/91hphlzs0rv_1twbkfyhvn6m0000gn/T/condisco-preflight.bh4YjN/DerivedData/Build/Intermediates.noindex/Condisco.build/Debug-iphonesimulator/CondiscoUITests.build/Objects-normal/arm64/CondiscoUITests.swiftmodule /var/folders/3w/91hphlzs0rv_1twbkfyhvn6m0000gn/T/condisco-preflight.bh4YjN/DerivedData/Build/Products/Debug-iphonesimulator/CondiscoUITests.swiftmodule/arm64-apple-ios-simulator.swiftmodule

Copy /var/folders/3w/91hphlzs0rv_1twbkfyhvn6m0000gn/T/condisco-preflight.bh4YjN/DerivedData/Build/Products/Debug-iphonesimulator/CondiscoUITests.swiftmodule/arm64-apple-ios-simulator.swiftdoc /var/folders/3w/91hphlzs0rv_1twbkfyhvn6m0000gn/T/condisco-preflight.bh4YjN/DerivedData/Build/Intermediates.noindex/Condisco.build/Debug-iphonesimulator/CondiscoUITests.build/Objects-normal/arm64/CondiscoUITests.swiftdoc (in target 'CondiscoUITests' from project 'Condisco')
    cd /Users/spkoehl/Projects/VerbaLibera
    builtin-copy -exclude .DS_Store -exclude CVS -exclude .svn -exclude .git -exclude .hg -resolve-src-symlinks -rename /var/folders/3w/91hphlzs0rv_1twbkfyhvn6m0000gn/T/condisco-preflight.bh4YjN/DerivedData/Build/Intermediates.noindex/Condisco.build/Debug-iphonesimulator/CondiscoUITests.build/Objects-normal/arm64/CondiscoUITests.swiftdoc /var/folders/3w/91hphlzs0rv_1twbkfyhvn6m0000gn/T/condisco-preflight.bh4YjN/DerivedData/Build/Products/Debug-iphonesimulator/CondiscoUITests.swiftmodule/arm64-apple-ios-simulator.swiftdoc

Copy /var/folders/3w/91hphlzs0rv_1twbkfyhvn6m0000gn/T/condisco-preflight.bh4YjN/DerivedData/Build/Products/Debug-iphonesimulator/CondiscoUITests.swiftmodule/arm64-apple-ios-simulator.abi.json /var/folders/3w/91hphlzs0rv_1twbkfyhvn6m0000gn/T/condisco-preflight.bh4YjN/DerivedData/Build/Intermediates.noindex/Condisco.build/Debug-iphonesimulator/CondiscoUITests.build/Objects-normal/arm64/CondiscoUITests.abi.json (in target 'CondiscoUITests' from project 'Condisco')
    cd /Users/spkoehl/Projects/VerbaLibera
    builtin-copy -exclude .DS_Store -exclude CVS -exclude .svn -exclude .git -exclude .hg -resolve-src-symlinks -rename /var/folders/3w/91hphlzs0rv_1twbkfyhvn6m0000gn/T/condisco-preflight.bh4YjN/DerivedData/Build/Intermediates.noindex/Condisco.build/Debug-iphonesimulator/CondiscoUITests.build/Objects-normal/arm64/CondiscoUITests.abi.json /var/folders/3w/91hphlzs0rv_1twbkfyhvn6m0000gn/T/condisco-preflight.bh4YjN/DerivedData/Build/Products/Debug-iphonesimulator/CondiscoUITests.swiftmodule/arm64-apple-ios-simulator.abi.json

Copy /var/folders/3w/91hphlzs0rv_1twbkfyhvn6m0000gn/T/condisco-preflight.bh4YjN/DerivedData/Build/Products/Debug-iphonesimulator/CondiscoUITests.swiftmodule/Project/arm64-apple-ios-simulator.swiftsourceinfo /var/folders/3w/91hphlzs0rv_1twbkfyhvn6m0000gn/T/condisco-preflight.bh4YjN/DerivedData/Build/Intermediates.noindex/Condisco.build/Debug-iphonesimulator/CondiscoUITests.build/Objects-normal/arm64/CondiscoUITests.swiftsourceinfo (in target 'CondiscoUITests' from project 'Condisco')
    cd /Users/spkoehl/Projects/VerbaLibera
    builtin-copy -exclude .DS_Store -exclude CVS -exclude .svn -exclude .git -exclude .hg -resolve-src-symlinks -rename /var/folders/3w/91hphlzs0rv_1twbkfyhvn6m0000gn/T/condisco-preflight.bh4YjN/DerivedData/Build/Intermediates.noindex/Condisco.build/Debug-iphonesimulator/CondiscoUITests.build/Objects-normal/arm64/CondiscoUITests.swiftsourceinfo /var/folders/3w/91hphlzs0rv_1twbkfyhvn6m0000gn/T/condisco-preflight.bh4YjN/DerivedData/Build/Products/Debug-iphonesimulator/CondiscoUITests.swiftmodule/Project/arm64-apple-ios-simulator.swiftsourceinfo

SwiftCompile normal arm64 Compiling\ AccessibilitySweepUITests.swift /Users/spkoehl/Projects/VerbaLibera/Condisco/UITests/AccessibilitySweepUITests.swift (in target 'CondiscoUITests' from project 'Condisco')

SwiftCompile normal arm64 /Users/spkoehl/Projects/VerbaLibera/Condisco/UITests/AccessibilitySweepUITests.swift (in target 'CondiscoUITests' from project 'Condisco')
    cd /Users/spkoehl/Projects/VerbaLibera
    builtin-SwiftPerFileCompile AccessibilitySweepUITests.swift

SwiftDriverJobDiscovery normal arm64 Compiling AccessibilitySweepUITests.swift (in target 'CondiscoUITests' from project 'Condisco')

SwiftCompile normal arm64 Compiling\ StoreTests.swift,\ PackFrenchTests.swift /Users/spkoehl/Projects/VerbaLibera/Condisco/Tests/StoreTests.swift /Users/spkoehl/Projects/VerbaLibera/Condisco/Tests/PackFrenchTests.swift (in target 'CondiscoTests' from project 'Condisco')

SwiftCompile normal arm64 /Users/spkoehl/Projects/VerbaLibera/Condisco/Tests/StoreTests.swift (in target 'CondiscoTests' from project 'Condisco')
    cd /Users/spkoehl/Projects/VerbaLibera
    builtin-SwiftPerFileCompile StoreTests.swift

SwiftCompile normal arm64 /Users/spkoehl/Projects/VerbaLibera/Condisco/Tests/PackFrenchTests.swift (in target 'CondiscoTests' from project 'Condisco')
    cd /Users/spkoehl/Projects/VerbaLibera
    builtin-SwiftPerFileCompile PackFrenchTests.swift

SwiftDriver\ Compilation CondiscoUITests normal arm64 com.apple.xcode.tools.swift.compiler (in target 'CondiscoUITests' from project 'Condisco')
    cd /Users/spkoehl/Projects/VerbaLibera
    builtin-Swift-Compilation -- /Applications/Xcode.app/Contents/Developer/Toolchains/XcodeDefault.xctoolchain/usr/bin/swiftc -module-name CondiscoUITests -Onone @/var/folders/3w/91hphlzs0rv_1twbkfyhvn6m0000gn/T/condisco-preflight.bh4YjN/DerivedData/Build/Intermediates.noindex/Condisco.build/Debug-iphonesimulator/CondiscoUITests.build/Objects-normal/arm64/CondiscoUITests.SwiftFileList -DDEBUG -module-alias Testing\=_Testing_Unavailable -plugin-path /Applications/Xcode.app/Contents/Developer/Toolchains/XcodeDefault.xctoolchain/usr/lib/swift/host/plugins/testing -enable-bare-slash-regex -enable-experimental-feature DebugDescriptionMacro -sdk /Applications/Xcode.app/Contents/Developer/Platforms/iPhoneSimulator.platform/Developer/SDKs/iPhoneSimulator27.0.sdk -target arm64-apple-ios17.0-simulator -g -module-cache-path /var/folders/3w/91hphlzs0rv_1twbkfyhvn6m0000gn/T/condisco-preflight.bh4YjN/DerivedData/ModuleCache.noindex -Xfrontend -serialize-debugging-options -enable-testing -index-store-path /var/folders/3w/91hphlzs0rv_1twbkfyhvn6m0000gn/T/condisco-preflight.bh4YjN/DerivedData/Index.noindex/DataStore -Xcc -D_LIBCPP_HARDENING_MODE\=_LIBCPP_HARDENING_MODE_DEBUG -swift-version 5 -I /var/folders/3w/91hphlzs0rv_1twbkfyhvn6m0000gn/T/condisco-preflight.bh4YjN/DerivedData/Build/Products/Debug-iphonesimulator -Isystem /Applications/Xcode.app/Contents/Developer/Platforms/iPhoneSimulator.platform/Developer/usr/lib -F /var/folders/3w/91hphlzs0rv_1twbkfyhvn6m0000gn/T/condisco-preflight.bh4YjN/DerivedData/Build/Products/Debug-iphonesimulator -F /Applications/Xcode.app/Contents/Developer/Platforms/iPhoneSimulator.platform/Developer/Library/Frameworks -F /Applications/Xcode.app/Contents/Developer/Platforms/iPhoneSimulator.platform/Developer/SDKs/iPhoneSimulator27.0.sdk/Developer/Library/Frameworks -emit-localized-strings -emit-localized-strings-path /var/folders/3w/91hphlzs0rv_1twbkfyhvn6m0000gn/T/condisco-preflight.bh4YjN/DerivedData/Build/Intermediates.noindex/Condisco.build/Debug-iphonesimulator/CondiscoUITests.build/Objects-normal/arm64 -c -j6 -enable-batch-mode -incremental -Xcc -ivfsstatcache -Xcc /var/folders/3w/91hphlzs0rv_1twbkfyhvn6m0000gn/T/condisco-preflight.bh4YjN/DerivedData/SDKStatCaches.noindex/iphonesimulator27.0-24A430-8dc58220667be655e1bcc261a7455254.sdkstatcache -output-file-map /var/folders/3w/91hphlzs0rv_1twbkfyhvn6m0000gn/T/condisco-preflight.bh4YjN/DerivedData/Build/Intermediates.noindex/Condisco.build/Debug-iphonesimulator/CondiscoUITests.build/Objects-normal/arm64/CondiscoUITests-OutputFileMap.json -save-temps -no-color-diagnostics -explicit-module-build -module-cache-path /var/folders/3w/91hphlzs0rv_1twbkfyhvn6m0000gn/T/condisco-preflight.bh4YjN/DerivedData/Build/Intermediates.noindex/SwiftExplicitPrecompiledModules -clang-scanner-module-cache-path /var/folders/3w/91hphlzs0rv_1twbkfyhvn6m0000gn/T/condisco-preflight.bh4YjN/DerivedData/ModuleCache.noindex -sdk-module-cache-path /var/folders/3w/91hphlzs0rv_1twbkfyhvn6m0000gn/T/condisco-preflight.bh4YjN/DerivedData/SDKExplicitPrecompiledModules -emit-dependencies -emit-module -emit-module-path /var/folders/3w/91hphlzs0rv_1twbkfyhvn6m0000gn/T/condisco-preflight.bh4YjN/DerivedData/Build/Intermediates.noindex/Condisco.build/Debug-iphonesimulator/CondiscoUITests.build/Objects-normal/arm64/CondiscoUITests.swiftmodule -serialize-diagnostics -dependency-scan-serialize-diagnostics-path /var/folders/3w/91hphlzs0rv_1twbkfyhvn6m0000gn/T/condisco-preflight.bh4YjN/DerivedData/Build/Intermediates.noindex/Condisco.build/Debug-iphonesimulator/CondiscoUITests.build/Objects-normal/arm64/CondiscoUITests-dependency-scan.dia -validate-clang-modules-once -clang-build-session-file /var/folders/3w/91hphlzs0rv_1twbkfyhvn6m0000gn/T/condisco-preflight.bh4YjN/DerivedData/ModuleCache.noindex/Session.modulevalidation -Xcc -fmodules-prune-interval\=86400 -Xcc -fmodules-prune-after\=345600 -emit-const-values -const-gather-protocols-list /var/folders/3w/91hphlzs0rv_1twbkfyhvn6m0000gn/T/condisco-preflight.bh4YjN/DerivedData/Build/Intermediates.noindex/Condisco.build/Debug-iphonesimulator/CondiscoUITests.build/Objects-normal/arm64/CondiscoUITests_const_extract_protocols.json -Xcc -iquote -Xcc /var/folders/3w/91hphlzs0rv_1twbkfyhvn6m0000gn/T/condisco-preflight.bh4YjN/DerivedData/Build/Intermediates.noindex/Condisco.build/Debug-iphonesimulator/CondiscoUITests.build/CondiscoUITests-generated-files.hmap -Xcc -I/var/folders/3w/91hphlzs0rv_1twbkfyhvn6m0000gn/T/condisco-preflight.bh4YjN/DerivedData/Build/Intermediates.noindex/Condisco.build/Debug-iphonesimulator/CondiscoUITests.build/CondiscoUITests-own-target-headers.hmap -Xcc -I/var/folders/3w/91hphlzs0rv_1twbkfyhvn6m0000gn/T/condisco-preflight.bh4YjN/DerivedData/Build/Intermediates.noindex/Condisco.build/Debug-iphonesimulator/CondiscoUITests.build/CondiscoUITests-all-target-headers.hmap -Xcc -iquote -Xcc /var/folders/3w/91hphlzs0rv_1twbkfyhvn6m0000gn/T/condisco-preflight.bh4YjN/DerivedData/Build/Intermediates.noindex/Condisco.build/Debug-iphonesimulator/CondiscoUITests.build/CondiscoUITests-project-headers.hmap -Xcc -I/var/folders/3w/91hphlzs0rv_1twbkfyhvn6m0000gn/T/condisco-preflight.bh4YjN/DerivedData/Build/Products/Debug-iphonesimulator/include -Xcc -I/var/folders/3w/91hphlzs0rv_1twbkfyhvn6m0000gn/T/condisco-preflight.bh4YjN/DerivedData/Build/Intermediates.noindex/Condisco.build/Debug-iphonesimulator/CondiscoUITests.build/DerivedSources-normal/arm64 -Xcc -I/var/folders/3w/91hphlzs0rv_1twbkfyhvn6m0000gn/T/condisco-preflight.bh4YjN/DerivedData/Build/Intermediates.noindex/Condisco.build/Debug-iphonesimulator/CondiscoUITests.build/DerivedSources/arm64 -Xcc -I/var/folders/3w/91hphlzs0rv_1twbkfyhvn6m0000gn/T/condisco-preflight.bh4YjN/DerivedData/Build/Intermediates.noindex/Condisco.build/Debug-iphonesimulator/CondiscoUITests.build/DerivedSources -Xcc -DDEBUG\=1 -emit-objc-header -emit-objc-header-path /var/folders/3w/91hphlzs0rv_1twbkfyhvn6m0000gn/T/condisco-preflight.bh4YjN/DerivedData/Build/Intermediates.noindex/Condisco.build/Debug-iphonesimulator/CondiscoUITests.build/Objects-normal/arm64/CondiscoUITests-Swift.h -working-directory /Users/spkoehl/Projects/VerbaLibera -experimental-emit-module-separately -disable-cmo

SwiftDriverJobDiscovery normal arm64 Emitting module for CondiscoTests (in target 'CondiscoTests' from project 'Condisco')

SwiftDriver\ Compilation\ Requirements CondiscoTests normal arm64 com.apple.xcode.tools.swift.compiler (in target 'CondiscoTests' from project 'Condisco')
    cd /Users/spkoehl/Projects/VerbaLibera
    builtin-Swift-Compilation-Requirements -- /Applications/Xcode.app/Contents/Developer/Toolchains/XcodeDefault.xctoolchain/usr/bin/swiftc -module-name CondiscoTests -Onone @/var/folders/3w/91hphlzs0rv_1twbkfyhvn6m0000gn/T/condisco-preflight.bh4YjN/DerivedData/Build/Intermediates.noindex/Condisco.build/Debug-iphonesimulator/CondiscoTests.build/Objects-normal/arm64/CondiscoTests.SwiftFileList -DDEBUG -plugin-path /Applications/Xcode.app/Contents/Developer/Toolchains/XcodeDefault.xctoolchain/usr/lib/swift/host/plugins/testing -enable-bare-slash-regex -enable-experimental-feature DebugDescriptionMacro -sdk /Applications/Xcode.app/Contents/Developer/Platforms/iPhoneSimulator.platform/Developer/SDKs/iPhoneSimulator27.0.sdk -target arm64-apple-ios17.0-simulator -g -module-cache-path /var/folders/3w/91hphlzs0rv_1twbkfyhvn6m0000gn/T/condisco-preflight.bh4YjN/DerivedData/ModuleCache.noindex -Xfrontend -serialize-debugging-options -enable-testing -index-store-path /var/folders/3w/91hphlzs0rv_1twbkfyhvn6m0000gn/T/condisco-preflight.bh4YjN/DerivedData/Index.noindex/DataStore -Xcc -D_LIBCPP_HARDENING_MODE\=_LIBCPP_HARDENING_MODE_DEBUG -swift-version 5 -I /var/folders/3w/91hphlzs0rv_1twbkfyhvn6m0000gn/T/condisco-preflight.bh4YjN/DerivedData/Build/Products/Debug-iphonesimulator -Isystem /Applications/Xcode.app/Contents/Developer/Platforms/iPhoneSimulator.platform/Developer/usr/lib -F /var/folders/3w/91hphlzs0rv_1twbkfyhvn6m0000gn/T/condisco-preflight.bh4YjN/DerivedData/Build/Products/Debug-iphonesimulator -F /Applications/Xcode.app/Contents/Developer/Platforms/iPhoneSimulator.platform/Developer/Library/Frameworks -F /Applications/Xcode.app/Contents/Developer/Platforms/iPhoneSimulator.platform/Developer/SDKs/iPhoneSimulator27.0.sdk/Developer/Library/Frameworks -emit-localized-strings -emit-localized-strings-path /var/folders/3w/91hphlzs0rv_1twbkfyhvn6m0000gn/T/condisco-preflight.bh4YjN/DerivedData/Build/Intermediates.noindex/Condisco.build/Debug-iphonesimulator/CondiscoTests.build/Objects-normal/arm64 -c -j6 -enable-batch-mode -incremental -Xcc -ivfsstatcache -Xcc /var/folders/3w/91hphlzs0rv_1twbkfyhvn6m0000gn/T/condisco-preflight.bh4YjN/DerivedData/SDKStatCaches.noindex/iphonesimulator27.0-24A430-8dc58220667be655e1bcc261a7455254.sdkstatcache -output-file-map /var/folders/3w/91hphlzs0rv_1twbkfyhvn6m0000gn/T/condisco-preflight.bh4YjN/DerivedData/Build/Intermediates.noindex/Condisco.build/Debug-iphonesimulator/CondiscoTests.build/Objects-normal/arm64/CondiscoTests-OutputFileMap.json -save-temps -no-color-diagnostics -explicit-module-build -module-cache-path /var/folders/3w/91hphlzs0rv_1twbkfyhvn6m0000gn/T/condisco-preflight.bh4YjN/DerivedData/Build/Intermediates.noindex/SwiftExplicitPrecompiledModules -clang-scanner-module-cache-path /var/folders/3w/91hphlzs0rv_1twbkfyhvn6m0000gn/T/condisco-preflight.bh4YjN/DerivedData/ModuleCache.noindex -sdk-module-cache-path /var/folders/3w/91hphlzs0rv_1twbkfyhvn6m0000gn/T/condisco-preflight.bh4YjN/DerivedData/SDKExplicitPrecompiledModules -emit-dependencies -emit-module -emit-module-path /var/folders/3w/91hphlzs0rv_1twbkfyhvn6m0000gn/T/condisco-preflight.bh4YjN/DerivedData/Build/Intermediates.noindex/Condisco.build/Debug-iphonesimulator/CondiscoTests.build/Objects-normal/arm64/CondiscoTests.swiftmodule -serialize-diagnostics -dependency-scan-serialize-diagnostics-path /var/folders/3w/91hphlzs0rv_1twbkfyhvn6m0000gn/T/condisco-preflight.bh4YjN/DerivedData/Build/Intermediates.noindex/Condisco.build/Debug-iphonesimulator/CondiscoTests.build/Objects-normal/arm64/CondiscoTests-dependency-scan.dia -validate-clang-modules-once -clang-build-session-file /var/folders/3w/91hphlzs0rv_1twbkfyhvn6m0000gn/T/condisco-preflight.bh4YjN/DerivedData/ModuleCache.noindex/Session.modulevalidation -Xcc -fmodules-prune-interval\=86400 -Xcc -fmodules-prune-after\=345600 -emit-const-values -const-gather-protocols-list /var/folders/3w/91hphlzs0rv_1twbkfyhvn6m0000gn/T/condisco-preflight.bh4YjN/DerivedData/Build/Intermediates.noindex/Condisco.build/Debug-iphonesimulator/CondiscoTests.build/Objects-normal/arm64/CondiscoTests_const_extract_protocols.json -Xcc -iquote -Xcc /var/folders/3w/91hphlzs0rv_1twbkfyhvn6m0000gn/T/condisco-preflight.bh4YjN/DerivedData/Build/Intermediates.noindex/Condisco.build/Debug-iphonesimulator/CondiscoTests.build/CondiscoTests-generated-files.hmap -Xcc -I/var/folders/3w/91hphlzs0rv_1twbkfyhvn6m0000gn/T/condisco-preflight.bh4YjN/DerivedData/Build/Intermediates.noindex/Condisco.build/Debug-iphonesimulator/CondiscoTests.build/CondiscoTests-own-target-headers.hmap -Xcc -I/var/folders/3w/91hphlzs0rv_1twbkfyhvn6m0000gn/T/condisco-preflight.bh4YjN/DerivedData/Build/Intermediates.noindex/Condisco.build/Debug-iphonesimulator/CondiscoTests.build/CondiscoTests-all-target-headers.hmap -Xcc -iquote -Xcc /var/folders/3w/91hphlzs0rv_1twbkfyhvn6m0000gn/T/condisco-preflight.bh4YjN/DerivedData/Build/Intermediates.noindex/Condisco.build/Debug-iphonesimulator/CondiscoTests.build/CondiscoTests-project-headers.hmap -Xcc -I/var/folders/3w/91hphlzs0rv_1twbkfyhvn6m0000gn/T/condisco-preflight.bh4YjN/DerivedData/Build/Products/Debug-iphonesimulator/include -Xcc -I/var/folders/3w/91hphlzs0rv_1twbkfyhvn6m0000gn/T/condisco-preflight.bh4YjN/DerivedData/Build/Intermediates.noindex/Condisco.build/Debug-iphonesimulator/CondiscoTests.build/DerivedSources-normal/arm64 -Xcc -I/var/folders/3w/91hphlzs0rv_1twbkfyhvn6m0000gn/T/condisco-preflight.bh4YjN/DerivedData/Build/Intermediates.noindex/Condisco.build/Debug-iphonesimulator/CondiscoTests.build/DerivedSources/arm64 -Xcc -I/var/folders/3w/91hphlzs0rv_1twbkfyhvn6m0000gn/T/condisco-preflight.bh4YjN/DerivedData/Build/Intermediates.noindex/Condisco.build/Debug-iphonesimulator/CondiscoTests.build/DerivedSources -Xcc -DDEBUG\=1 -emit-objc-header -emit-objc-header-path /var/folders/3w/91hphlzs0rv_1twbkfyhvn6m0000gn/T/condisco-preflight.bh4YjN/DerivedData/Build/Intermediates.noindex/Condisco.build/Debug-iphonesimulator/CondiscoTests.build/Objects-normal/arm64/CondiscoTests-Swift.h -working-directory /Users/spkoehl/Projects/VerbaLibera -experimental-emit-module-separately -disable-cmo

SwiftCompile normal arm64 Compiling\ PackGermanTests.swift /Users/spkoehl/Projects/VerbaLibera/Condisco/Tests/PackGermanTests.swift (in target 'CondiscoTests' from project 'Condisco')

SwiftCompile normal arm64 /Users/spkoehl/Projects/VerbaLibera/Condisco/Tests/PackGermanTests.swift (in target 'CondiscoTests' from project 'Condisco')
    cd /Users/spkoehl/Projects/VerbaLibera
    builtin-SwiftPerFileCompile PackGermanTests.swift

SwiftMergeGeneratedHeaders /var/folders/3w/91hphlzs0rv_1twbkfyhvn6m0000gn/T/condisco-preflight.bh4YjN/DerivedData/Build/Intermediates.noindex/Condisco.build/Debug-iphonesimulator/CondiscoTests.build/DerivedSources/CondiscoTests-Swift.h /var/folders/3w/91hphlzs0rv_1twbkfyhvn6m0000gn/T/condisco-preflight.bh4YjN/DerivedData/Build/Intermediates.noindex/Condisco.build/Debug-iphonesimulator/CondiscoTests.build/Objects-normal/arm64/CondiscoTests-Swift.h (in target 'CondiscoTests' from project 'Condisco')
    cd /Users/spkoehl/Projects/VerbaLibera
    builtin-swiftHeaderTool -arch arm64 /var/folders/3w/91hphlzs0rv_1twbkfyhvn6m0000gn/T/condisco-preflight.bh4YjN/DerivedData/Build/Intermediates.noindex/Condisco.build/Debug-iphonesimulator/CondiscoTests.build/Objects-normal/arm64/CondiscoTests-Swift.h -o /var/folders/3w/91hphlzs0rv_1twbkfyhvn6m0000gn/T/condisco-preflight.bh4YjN/DerivedData/Build/Intermediates.noindex/Condisco.build/Debug-iphonesimulator/CondiscoTests.build/DerivedSources/CondiscoTests-Swift.h

SwiftDriverJobDiscovery normal arm64 Compiling PackGermanTests.swift (in target 'CondiscoTests' from project 'Condisco')

Copy /var/folders/3w/91hphlzs0rv_1twbkfyhvn6m0000gn/T/condisco-preflight.bh4YjN/DerivedData/Build/Products/Debug-iphonesimulator/CondiscoTests.swiftmodule/arm64-apple-ios-simulator.swiftmodule /var/folders/3w/91hphlzs0rv_1twbkfyhvn6m0000gn/T/condisco-preflight.bh4YjN/DerivedData/Build/Intermediates.noindex/Condisco.build/Debug-iphonesimulator/CondiscoTests.build/Objects-normal/arm64/CondiscoTests.swiftmodule (in target 'CondiscoTests' from project 'Condisco')
    cd /Users/spkoehl/Projects/VerbaLibera
    builtin-copy -exclude .DS_Store -exclude CVS -exclude .svn -exclude .git -exclude .hg -resolve-src-symlinks -rename /var/folders/3w/91hphlzs0rv_1twbkfyhvn6m0000gn/T/condisco-preflight.bh4YjN/DerivedData/Build/Intermediates.noindex/Condisco.build/Debug-iphonesimulator/CondiscoTests.build/Objects-normal/arm64/CondiscoTests.swiftmodule /var/folders/3w/91hphlzs0rv_1twbkfyhvn6m0000gn/T/condisco-preflight.bh4YjN/DerivedData/Build/Products/Debug-iphonesimulator/CondiscoTests.swiftmodule/arm64-apple-ios-simulator.swiftmodule

Copy /var/folders/3w/91hphlzs0rv_1twbkfyhvn6m0000gn/T/condisco-preflight.bh4YjN/DerivedData/Build/Products/Debug-iphonesimulator/CondiscoTests.swiftmodule/arm64-apple-ios-simulator.swiftdoc /var/folders/3w/91hphlzs0rv_1twbkfyhvn6m0000gn/T/condisco-preflight.bh4YjN/DerivedData/Build/Intermediates.noindex/Condisco.build/Debug-iphonesimulator/CondiscoTests.build/Objects-normal/arm64/CondiscoTests.swiftdoc (in target 'CondiscoTests' from project 'Condisco')
    cd /Users/spkoehl/Projects/VerbaLibera
    builtin-copy -exclude .DS_Store -exclude CVS -exclude .svn -exclude .git -exclude .hg -resolve-src-symlinks -rename /var/folders/3w/91hphlzs0rv_1twbkfyhvn6m0000gn/T/condisco-preflight.bh4YjN/DerivedData/Build/Intermediates.noindex/Condisco.build/Debug-iphonesimulator/CondiscoTests.build/Objects-normal/arm64/CondiscoTests.swiftdoc /var/folders/3w/91hphlzs0rv_1twbkfyhvn6m0000gn/T/condisco-preflight.bh4YjN/DerivedData/Build/Products/Debug-iphonesimulator/CondiscoTests.swiftmodule/arm64-apple-ios-simulator.swiftdoc

Copy /var/folders/3w/91hphlzs0rv_1twbkfyhvn6m0000gn/T/condisco-preflight.bh4YjN/DerivedData/Build/Products/Debug-iphonesimulator/CondiscoTests.swiftmodule/arm64-apple-ios-simulator.abi.json /var/folders/3w/91hphlzs0rv_1twbkfyhvn6m0000gn/T/condisco-preflight.bh4YjN/DerivedData/Build/Intermediates.noindex/Condisco.build/Debug-iphonesimulator/CondiscoTests.build/Objects-normal/arm64/CondiscoTests.abi.json (in target 'CondiscoTests' from project 'Condisco')
    cd /Users/spkoehl/Projects/VerbaLibera
    builtin-copy -exclude .DS_Store -exclude CVS -exclude .svn -exclude .git -exclude .hg -resolve-src-symlinks -rename /var/folders/3w/91hphlzs0rv_1twbkfyhvn6m0000gn/T/condisco-preflight.bh4YjN/DerivedData/Build/Intermediates.noindex/Condisco.build/Debug-iphonesimulator/CondiscoTests.build/Objects-normal/arm64/CondiscoTests.abi.json /var/folders/3w/91hphlzs0rv_1twbkfyhvn6m0000gn/T/condisco-preflight.bh4YjN/DerivedData/Build/Products/Debug-iphonesimulator/CondiscoTests.swiftmodule/arm64-apple-ios-simulator.abi.json

Copy /var/folders/3w/91hphlzs0rv_1twbkfyhvn6m0000gn/T/condisco-preflight.bh4YjN/DerivedData/Build/Products/Debug-iphonesimulator/CondiscoTests.swiftmodule/Project/arm64-apple-ios-simulator.swiftsourceinfo /var/folders/3w/91hphlzs0rv_1twbkfyhvn6m0000gn/T/condisco-preflight.bh4YjN/DerivedData/Build/Intermediates.noindex/Condisco.build/Debug-iphonesimulator/CondiscoTests.build/Objects-normal/arm64/CondiscoTests.swiftsourceinfo (in target 'CondiscoTests' from project 'Condisco')
    cd /Users/spkoehl/Projects/VerbaLibera
    builtin-copy -exclude .DS_Store -exclude CVS -exclude .svn -exclude .git -exclude .hg -resolve-src-symlinks -rename /var/folders/3w/91hphlzs0rv_1twbkfyhvn6m0000gn/T/condisco-preflight.bh4YjN/DerivedData/Build/Intermediates.noindex/Condisco.build/Debug-iphonesimulator/CondiscoTests.build/Objects-normal/arm64/CondiscoTests.swiftsourceinfo /var/folders/3w/91hphlzs0rv_1twbkfyhvn6m0000gn/T/condisco-preflight.bh4YjN/DerivedData/Build/Products/Debug-iphonesimulator/CondiscoTests.swiftmodule/Project/arm64-apple-ios-simulator.swiftsourceinfo

SwiftCompile normal arm64 Compiling\ PackItalianTests.swift /Users/spkoehl/Projects/VerbaLibera/Condisco/Tests/PackItalianTests.swift (in target 'CondiscoTests' from project 'Condisco')

SwiftCompile normal arm64 /Users/spkoehl/Projects/VerbaLibera/Condisco/Tests/PackItalianTests.swift (in target 'CondiscoTests' from project 'Condisco')
    cd /Users/spkoehl/Projects/VerbaLibera
    builtin-SwiftPerFileCompile PackItalianTests.swift

SwiftDriverJobDiscovery normal arm64 Compiling LearningStore.swift, PackLoader.swift, AnswerEngine.swift, ActivityEvaluation.swift, LessonSession.swift, CoursesView.swift, FamilyLayouts.swift, ActivityViews.swift, TextInputViews.swift, InteractiveViews.swift (in target 'Condisco' from project 'Condisco')

SwiftCompile normal arm64 Compiling\ PackPortugueseTests.swift /Users/spkoehl/Projects/VerbaLibera/Condisco/Tests/PackPortugueseTests.swift (in target 'CondiscoTests' from project 'Condisco')
/Users/spkoehl/Projects/VerbaLibera/Condisco/Tests/PackPortugueseTests.swift:443:13: warning: variable 'act' was never mutated; consider changing to 'let' constant [#VariableNeverMutated]
 441 |             "hotel phrase strip must carry the European form: \(pairs.map(\.target))")
 442 | 
 443 |         var act = try activity("pt-hotel-mission-act-3", in: pack)
     |             `- warning: variable 'act' was never mutated; consider changing to 'let' constant [#VariableNeverMutated]
 444 |         guard case .ordering(let spec) = act else {
 445 |             throw XCTSkip("expected ordering for pt-hotel-mission-act-3")

[#VariableNeverMutated]: <https://docs.swift.org/compiler/documentation/diagnostics/variable-never-mutated>

SwiftCompile normal arm64 /Users/spkoehl/Projects/VerbaLibera/Condisco/Tests/PackPortugueseTests.swift (in target 'CondiscoTests' from project 'Condisco')
    cd /Users/spkoehl/Projects/VerbaLibera
    builtin-SwiftPerFileCompile PackPortugueseTests.swift

SwiftCompile normal arm64 Compiling\ PlacementTests.swift,\ EngineTests.swift /Users/spkoehl/Projects/VerbaLibera/Condisco/Tests/PlacementTests.swift /Users/spkoehl/Projects/VerbaLibera/Condisco/Tests/EngineTests.swift (in target 'CondiscoTests' from project 'Condisco')

SwiftCompile normal arm64 /Users/spkoehl/Projects/VerbaLibera/Condisco/Tests/PlacementTests.swift (in target 'CondiscoTests' from project 'Condisco')
    cd /Users/spkoehl/Projects/VerbaLibera
    builtin-SwiftPerFileCompile PlacementTests.swift

SwiftCompile normal arm64 /Users/spkoehl/Projects/VerbaLibera/Condisco/Tests/EngineTests.swift (in target 'CondiscoTests' from project 'Condisco')
    cd /Users/spkoehl/Projects/VerbaLibera
    builtin-SwiftPerFileCompile EngineTests.swift

SwiftDriverJobDiscovery normal arm64 Compiling YouModel.swift, YouView.swift, Support.swift, PhraseCard.swift, ShadowMode.swift, Phrasebook.swift, Glossary.swift, LessonMoments.swift, CheckpointFlow.swift, DeepLink.swift (in target 'Condisco' from project 'Condisco')

SwiftCompile normal arm64 Compiling\ PackSpanishTests.swift /Users/spkoehl/Projects/VerbaLibera/Condisco/Tests/PackSpanishTests.swift (in target 'CondiscoTests' from project 'Condisco')
/Users/spkoehl/Projects/VerbaLibera/Condisco/Tests/PackSpanishTests.swift:1693:27: warning: enum case 'audio' has 2 associated values; matching them as a tuple is deprecated [#deprecation]
1691 | 
1692 |         // Media + stimulus exist and are bound.
1693 |         guard case .audio(let stimMediaId)? = pack.stimulus(id: "es-cafe-listen-stim") else {
     |                           `- warning: enum case 'audio' has 2 associated values; matching them as a tuple is deprecated [#deprecation]
1694 |             return XCTFail("es-cafe-listen-stim must be an audio stimulus")
1695 |         }

<unknown>:0: note: 'audio(id:mediaId:)' declared here
/Users/spkoehl/Projects/VerbaLibera/Condisco/Tests/PackSpanishTests.swift:1902:24: warning: immutable value 'id' was never used; consider replacing with '_' or removing it [#NoUsage]
1900 |             lesson["steps"] = kept.map { step -> [String: Any] in
1901 |                 var step = step
1902 |                 if let id = step["id"] as? String,
     |                        `- warning: immutable value 'id' was never used; consider replacing with '_' or removing it [#NoUsage]
1903 |                    let next = step["nextStepId"] as? String,
1904 |                    let replacement = removedNext[next] {

/Users/spkoehl/Projects/VerbaLibera/Condisco/Tests/PackSpanishTests.swift:2864:24: warning: immutable value 'id' was never used; consider replacing with '_' or removing it [#NoUsage]
2862 |             lesson["steps"] = kept.map { step -> [String: Any] in
2863 |                 var step = step
2864 |                 if let id = step["id"] as? String,
     |                        `- warning: immutable value 'id' was never used; consider replacing with '_' or removing it [#NoUsage]
2865 |                    let next = step["nextStepId"] as? String,
2866 |                    let replacement = removedNext[next] {

[#NoUsage]: <https://docs.swift.org/compiler/documentation/diagnostics/no-usage>

SwiftCompile normal arm64 /Users/spkoehl/Projects/VerbaLibera/Condisco/Tests/PackSpanishTests.swift (in target 'CondiscoTests' from project 'Condisco')
    cd /Users/spkoehl/Projects/VerbaLibera
    builtin-SwiftPerFileCompile PackSpanishTests.swift

SwiftDriverJobDiscovery normal arm64 Compiling PackItalianTests.swift (in target 'CondiscoTests' from project 'Condisco')

SwiftDriverJobDiscovery normal arm64 Compiling PackPortugueseTests.swift (in target 'CondiscoTests' from project 'Condisco')

SwiftDriverJobDiscovery normal arm64 Compiling PlacementTests.swift, EngineTests.swift (in target 'CondiscoTests' from project 'Condisco')

SwiftDriverJobDiscovery normal arm64 Compiling StimulusViews.swift, LessonPlayerView.swift, Welcome.swift, PlacementTest.swift, LessonCoachMarks.swift, VocabularyBrowser.swift, VoiceRecorder.swift, VoiceSettings.swift, ListenModels.swift, ListenView.swift (in target 'Condisco' from project 'Condisco')

SwiftDriverJobDiscovery normal arm64 Compiling CondiscoApp.swift, ContentView.swift, HomeView.swift, MonthView.swift, ProgressCard.swift, DesignTokens.swift, CoursePack.swift, Database.swift, Fsrs.swift, LearningEvents.swift (in target 'Condisco' from project 'Condisco')

SwiftDriver\ Compilation Condisco normal arm64 com.apple.xcode.tools.swift.compiler (in target 'Condisco' from project 'Condisco')
    cd /Users/spkoehl/Projects/VerbaLibera
    builtin-Swift-Compilation -- /Applications/Xcode.app/Contents/Developer/Toolchains/XcodeDefault.xctoolchain/usr/bin/swiftc -module-name Condisco -Onone @/var/folders/3w/91hphlzs0rv_1twbkfyhvn6m0000gn/T/condisco-preflight.bh4YjN/DerivedData/Build/Intermediates.noindex/Condisco.build/Debug-iphonesimulator/Condisco.build/Objects-normal/arm64/Condisco.SwiftFileList -DDEBUG -enable-bare-slash-regex -enable-experimental-feature DebugDescriptionMacro -sdk /Applications/Xcode.app/Contents/Developer/Platforms/iPhoneSimulator.platform/Developer/SDKs/iPhoneSimulator27.0.sdk -target arm64-apple-ios17.0-simulator -g -module-cache-path /var/folders/3w/91hphlzs0rv_1twbkfyhvn6m0000gn/T/condisco-preflight.bh4YjN/DerivedData/ModuleCache.noindex -Xfrontend -serialize-debugging-options -enable-testing -index-store-path /var/folders/3w/91hphlzs0rv_1twbkfyhvn6m0000gn/T/condisco-preflight.bh4YjN/DerivedData/Index.noindex/DataStore -Xcc -D_LIBCPP_HARDENING_MODE\=_LIBCPP_HARDENING_MODE_DEBUG -swift-version 5 -I /var/folders/3w/91hphlzs0rv_1twbkfyhvn6m0000gn/T/condisco-preflight.bh4YjN/DerivedData/Build/Products/Debug-iphonesimulator -F /var/folders/3w/91hphlzs0rv_1twbkfyhvn6m0000gn/T/condisco-preflight.bh4YjN/DerivedData/Build/Products/Debug-iphonesimulator -emit-localized-strings -emit-localized-strings-path /var/folders/3w/91hphlzs0rv_1twbkfyhvn6m0000gn/T/condisco-preflight.bh4YjN/DerivedData/Build/Intermediates.noindex/Condisco.build/Debug-iphonesimulator/Condisco.build/Objects-normal/arm64 -c -j6 -enable-batch-mode -incremental -Xcc -ivfsstatcache -Xcc /var/folders/3w/91hphlzs0rv_1twbkfyhvn6m0000gn/T/condisco-preflight.bh4YjN/DerivedData/SDKStatCaches.noindex/iphonesimulator27.0-24A430-8dc58220667be655e1bcc261a7455254.sdkstatcache -output-file-map /var/folders/3w/91hphlzs0rv_1twbkfyhvn6m0000gn/T/condisco-preflight.bh4YjN/DerivedData/Build/Intermediates.noindex/Condisco.build/Debug-iphonesimulator/Condisco.build/Objects-normal/arm64/Condisco-OutputFileMap.json -save-temps -no-color-diagnostics -explicit-module-build -module-cache-path /var/folders/3w/91hphlzs0rv_1twbkfyhvn6m0000gn/T/condisco-preflight.bh4YjN/DerivedData/Build/Intermediates.noindex/SwiftExplicitPrecompiledModules -clang-scanner-module-cache-path /var/folders/3w/91hphlzs0rv_1twbkfyhvn6m0000gn/T/condisco-preflight.bh4YjN/DerivedData/ModuleCache.noindex -sdk-module-cache-path /var/folders/3w/91hphlzs0rv_1twbkfyhvn6m0000gn/T/condisco-preflight.bh4YjN/DerivedData/SDKExplicitPrecompiledModules -emit-dependencies -emit-module -emit-module-path /var/folders/3w/91hphlzs0rv_1twbkfyhvn6m0000gn/T/condisco-preflight.bh4YjN/DerivedData/Build/Intermediates.noindex/Condisco.build/Debug-iphonesimulator/Condisco.build/Objects-normal/arm64/Condisco.swiftmodule -serialize-diagnostics -dependency-scan-serialize-diagnostics-path /var/folders/3w/91hphlzs0rv_1twbkfyhvn6m0000gn/T/condisco-preflight.bh4YjN/DerivedData/Build/Intermediates.noindex/Condisco.build/Debug-iphonesimulator/Condisco.build/Objects-normal/arm64/Condisco-dependency-scan.dia -validate-clang-modules-once -clang-build-session-file /var/folders/3w/91hphlzs0rv_1twbkfyhvn6m0000gn/T/condisco-preflight.bh4YjN/DerivedData/ModuleCache.noindex/Session.modulevalidation -Xcc -fmodules-prune-interval\=86400 -Xcc -fmodules-prune-after\=345600 -emit-const-values -const-gather-protocols-list /var/folders/3w/91hphlzs0rv_1twbkfyhvn6m0000gn/T/condisco-preflight.bh4YjN/DerivedData/Build/Intermediates.noindex/Condisco.build/Debug-iphonesimulator/Condisco.build/Objects-normal/arm64/Condisco_const_extract_protocols.json -Xcc -iquote -Xcc /var/folders/3w/91hphlzs0rv_1twbkfyhvn6m0000gn/T/condisco-preflight.bh4YjN/DerivedData/Build/Intermediates.noindex/Condisco.build/Debug-iphonesimulator/Condisco.build/Condisco-generated-files.hmap -Xcc -I/var/folders/3w/91hphlzs0rv_1twbkfyhvn6m0000gn/T/condisco-preflight.bh4YjN/DerivedData/Build/Intermediates.noindex/Condisco.build/Debug-iphonesimulator/Condisco.build/Condisco-own-target-headers.hmap -Xcc -I/var/folders/3w/91hphlzs0rv_1twbkfyhvn6m0000gn/T/condisco-preflight.bh4YjN/DerivedData/Build/Intermediates.noindex/Condisco.build/Debug-iphonesimulator/Condisco.build/Condisco-all-target-headers.hmap -Xcc -iquote -Xcc /var/folders/3w/91hphlzs0rv_1twbkfyhvn6m0000gn/T/condisco-preflight.bh4YjN/DerivedData/Build/Intermediates.noindex/Condisco.build/Debug-iphonesimulator/Condisco.build/Condisco-project-headers.hmap -Xcc -I/var/folders/3w/91hphlzs0rv_1twbkfyhvn6m0000gn/T/condisco-preflight.bh4YjN/DerivedData/Build/Products/Debug-iphonesimulator/include -Xcc -I/var/folders/3w/91hphlzs0rv_1twbkfyhvn6m0000gn/T/condisco-preflight.bh4YjN/DerivedData/Build/Intermediates.noindex/Condisco.build/Debug-iphonesimulator/Condisco.build/DerivedSources-normal/arm64 -Xcc -I/var/folders/3w/91hphlzs0rv_1twbkfyhvn6m0000gn/T/condisco-preflight.bh4YjN/DerivedData/Build/Intermediates.noindex/Condisco.build/Debug-iphonesimulator/Condisco.build/DerivedSources/arm64 -Xcc -I/var/folders/3w/91hphlzs0rv_1twbkfyhvn6m0000gn/T/condisco-preflight.bh4YjN/DerivedData/Build/Intermediates.noindex/Condisco.build/Debug-iphonesimulator/Condisco.build/DerivedSources -Xcc -DDEBUG\=1 -Xcc -DDEBUG\=1 -emit-objc-header -emit-objc-header-path /var/folders/3w/91hphlzs0rv_1twbkfyhvn6m0000gn/T/condisco-preflight.bh4YjN/DerivedData/Build/Intermediates.noindex/Condisco.build/Debug-iphonesimulator/Condisco.build/Objects-normal/arm64/Condisco-Swift.h -working-directory /Users/spkoehl/Projects/VerbaLibera -experimental-emit-module-separately -disable-cmo

Ld /var/folders/3w/91hphlzs0rv_1twbkfyhvn6m0000gn/T/condisco-preflight.bh4YjN/DerivedData/Build/Products/Debug-iphonesimulator/Condisco.app/Condisco.debug.dylib normal (in target 'Condisco' from project 'Condisco')
    cd /Users/spkoehl/Projects/VerbaLibera
    /Applications/Xcode.app/Contents/Developer/Toolchains/XcodeDefault.xctoolchain/usr/bin/clang -Xlinker -reproducible -target arm64-apple-ios17.0-simulator -dynamiclib -isysroot /Applications/Xcode.app/Contents/Developer/Platforms/iPhoneSimulator.platform/Developer/SDKs/iPhoneSimulator27.0.sdk -O0 -Xlinker -no_warn_duplicate_libraries -L/var/folders/3w/91hphlzs0rv_1twbkfyhvn6m0000gn/T/condisco-preflight.bh4YjN/DerivedData/Build/Intermediates.noindex/EagerLinkingTBDs/Debug-iphonesimulator -L/var/folders/3w/91hphlzs0rv_1twbkfyhvn6m0000gn/T/condisco-preflight.bh4YjN/DerivedData/Build/Products/Debug-iphonesimulator -F/var/folders/3w/91hphlzs0rv_1twbkfyhvn6m0000gn/T/condisco-preflight.bh4YjN/DerivedData/Build/Intermediates.noindex/EagerLinkingTBDs/Debug-iphonesimulator -F/var/folders/3w/91hphlzs0rv_1twbkfyhvn6m0000gn/T/condisco-preflight.bh4YjN/DerivedData/Build/Products/Debug-iphonesimulator -filelist /var/folders/3w/91hphlzs0rv_1twbkfyhvn6m0000gn/T/condisco-preflight.bh4YjN/DerivedData/Build/Intermediates.noindex/Condisco.build/Debug-iphonesimulator/Condisco.build/Objects-normal/arm64/Condisco.LinkFileList -install_name @rpath/Condisco.debug.dylib -Xlinker -rpath -Xlinker /usr/lib/swift -Xlinker -rpath -Xlinker @executable_path/Frameworks -Xlinker -dead_strip -Xlinker -object_path_lto -Xlinker /var/folders/3w/91hphlzs0rv_1twbkfyhvn6m0000gn/T/condisco-preflight.bh4YjN/DerivedData/Build/Intermediates.noindex/Condisco.build/Debug-iphonesimulator/Condisco.build/Objects-normal/arm64/Condisco_lto.o -rdynamic -Xlinker -no_deduplicate -Xlinker -objc_abi_version -Xlinker 2 -Xlinker -dependency_info -Xlinker /var/folders/3w/91hphlzs0rv_1twbkfyhvn6m0000gn/T/condisco-preflight.bh4YjN/DerivedData/Build/Intermediates.noindex/Condisco.build/Debug-iphonesimulator/Condisco.build/Objects-normal/arm64/Condisco_dependency_info.dat -fobjc-link-runtime -L/Applications/Xcode.app/Contents/Developer/Toolchains/XcodeDefault.xctoolchain/usr/lib/swift/iphonesimulator -L/usr/lib/swift -Xlinker -add_ast_path -Xlinker /var/folders/3w/91hphlzs0rv_1twbkfyhvn6m0000gn/T/condisco-preflight.bh4YjN/DerivedData/Build/Intermediates.noindex/Condisco.build/Debug-iphonesimulator/Condisco.build/Objects-normal/arm64/Condisco.swiftmodule -Xlinker -alias -Xlinker _main -Xlinker ___debug_main_executable_dylib_entry_point -lsqlite3 -Xlinker -no_adhoc_codesign -o /var/folders/3w/91hphlzs0rv_1twbkfyhvn6m0000gn/T/condisco-preflight.bh4YjN/DerivedData/Build/Products/Debug-iphonesimulator/Condisco.app/Condisco.debug.dylib

SwiftDriverJobDiscovery normal arm64 Compiling PackSpanishTests.swift (in target 'CondiscoTests' from project 'Condisco')

ConstructStubExecutorLinkFileList /var/folders/3w/91hphlzs0rv_1twbkfyhvn6m0000gn/T/condisco-preflight.bh4YjN/DerivedData/Build/Intermediates.noindex/Condisco.build/Debug-iphonesimulator/Condisco.build/Condisco-ExecutorLinkFileList-normal-arm64.txt (in target 'Condisco' from project 'Condisco')
    cd /Users/spkoehl/Projects/VerbaLibera
    construct-stub-executor-link-file-list /var/folders/3w/91hphlzs0rv_1twbkfyhvn6m0000gn/T/condisco-preflight.bh4YjN/DerivedData/Build/Products/Debug-iphonesimulator/Condisco.app/Condisco.debug.dylib /Applications/Xcode.app/Contents/Developer/Platforms/iPhoneSimulator.platform/Developer/usr/lib/libPreviewsJITStubExecutor_no_swift_entry_point.a /Applications/Xcode.app/Contents/Developer/Platforms/iPhoneSimulator.platform/Developer/usr/lib/libPreviewsJITStubExecutor.a --output /var/folders/3w/91hphlzs0rv_1twbkfyhvn6m0000gn/T/condisco-preflight.bh4YjN/DerivedData/Build/Intermediates.noindex/Condisco.build/Debug-iphonesimulator/Condisco.build/Condisco-ExecutorLinkFileList-normal-arm64.txt
note: Using stub executor library with Swift entry point. (in target 'Condisco' from project 'Condisco')

Ld /var/folders/3w/91hphlzs0rv_1twbkfyhvn6m0000gn/T/condisco-preflight.bh4YjN/DerivedData/Build/Products/Debug-iphonesimulator/Condisco.app/Condisco normal (in target 'Condisco' from project 'Condisco')
    cd /Users/spkoehl/Projects/VerbaLibera
    /Applications/Xcode.app/Contents/Developer/Toolchains/XcodeDefault.xctoolchain/usr/bin/clang -Xlinker -reproducible -target arm64-apple-ios17.0-simulator -isysroot /Applications/Xcode.app/Contents/Developer/Platforms/iPhoneSimulator.platform/Developer/SDKs/iPhoneSimulator27.0.sdk -O0 -Xlinker -no_warn_duplicate_libraries -L/var/folders/3w/91hphlzs0rv_1twbkfyhvn6m0000gn/T/condisco-preflight.bh4YjN/DerivedData/Build/Products/Debug-iphonesimulator -F/var/folders/3w/91hphlzs0rv_1twbkfyhvn6m0000gn/T/condisco-preflight.bh4YjN/DerivedData/Build/Products/Debug-iphonesimulator -Xlinker -rpath -Xlinker @executable_path -Xlinker -rpath -Xlinker @executable_path/Frameworks -rdynamic -Xlinker -no_deduplicate -Xlinker -objc_abi_version -Xlinker 2 -e ___debug_blank_executor_main -Xlinker -sectcreate -Xlinker __TEXT -Xlinker __debug_dylib -Xlinker /var/folders/3w/91hphlzs0rv_1twbkfyhvn6m0000gn/T/condisco-preflight.bh4YjN/DerivedData/Build/Intermediates.noindex/Condisco.build/Debug-iphonesimulator/Condisco.build/Condisco-DebugDylibPath-normal-arm64.txt -Xlinker -sectcreate -Xlinker __TEXT -Xlinker __debug_instlnm -Xlinker /var/folders/3w/91hphlzs0rv_1twbkfyhvn6m0000gn/T/condisco-preflight.bh4YjN/DerivedData/Build/Intermediates.noindex/Condisco.build/Debug-iphonesimulator/Condisco.build/Condisco-DebugDylibInstallName-normal-arm64.txt -Xlinker -filelist -Xlinker /var/folders/3w/91hphlzs0rv_1twbkfyhvn6m0000gn/T/condisco-preflight.bh4YjN/DerivedData/Build/Intermediates.noindex/Condisco.build/Debug-iphonesimulator/Condisco.build/Condisco-ExecutorLinkFileList-normal-arm64.txt -Xlinker -sectcreate -Xlinker __TEXT -Xlinker __entitlements -Xlinker /var/folders/3w/91hphlzs0rv_1twbkfyhvn6m0000gn/T/condisco-preflight.bh4YjN/DerivedData/Build/Intermediates.noindex/Condisco.build/Debug-iphonesimulator/Condisco.build/Condisco.app-Simulated.xcent -Xlinker -sectcreate -Xlinker __TEXT -Xlinker __ents_der -Xlinker /var/folders/3w/91hphlzs0rv_1twbkfyhvn6m0000gn/T/condisco-preflight.bh4YjN/DerivedData/Build/Intermediates.noindex/Condisco.build/Debug-iphonesimulator/Condisco.build/Condisco.app-Simulated.xcent.der /var/folders/3w/91hphlzs0rv_1twbkfyhvn6m0000gn/T/condisco-preflight.bh4YjN/DerivedData/Build/Products/Debug-iphonesimulator/Condisco.app/Condisco.debug.dylib -Xlinker -no_adhoc_codesign -o /var/folders/3w/91hphlzs0rv_1twbkfyhvn6m0000gn/T/condisco-preflight.bh4YjN/DerivedData/Build/Products/Debug-iphonesimulator/Condisco.app/Condisco

Copy /var/folders/3w/91hphlzs0rv_1twbkfyhvn6m0000gn/T/condisco-preflight.bh4YjN/DerivedData/Build/Products/Debug-iphonesimulator/Condisco.app/PlugIns/CondiscoWidget.appex /var/folders/3w/91hphlzs0rv_1twbkfyhvn6m0000gn/T/condisco-preflight.bh4YjN/DerivedData/Build/Products/Debug-iphonesimulator/CondiscoWidget.appex (in target 'Condisco' from project 'Condisco')
    cd /Users/spkoehl/Projects/VerbaLibera
    builtin-copy -exclude .DS_Store -exclude CVS -exclude .svn -exclude .git -exclude .hg -resolve-src-symlinks -remove-static-executable /var/folders/3w/91hphlzs0rv_1twbkfyhvn6m0000gn/T/condisco-preflight.bh4YjN/DerivedData/Build/Products/Debug-iphonesimulator/CondiscoWidget.appex /var/folders/3w/91hphlzs0rv_1twbkfyhvn6m0000gn/T/condisco-preflight.bh4YjN/DerivedData/Build/Products/Debug-iphonesimulator/Condisco.app/PlugIns

ProcessInfoPlistFile /var/folders/3w/91hphlzs0rv_1twbkfyhvn6m0000gn/T/condisco-preflight.bh4YjN/DerivedData/Build/Products/Debug-iphonesimulator/Condisco.app/Info.plist /Users/spkoehl/Projects/VerbaLibera/Condisco/Info.plist (in target 'Condisco' from project 'Condisco')
    cd /Users/spkoehl/Projects/VerbaLibera
    builtin-infoPlistUtility /Users/spkoehl/Projects/VerbaLibera/Condisco/Info.plist -producttype com.apple.product-type.application -genpkginfo /var/folders/3w/91hphlzs0rv_1twbkfyhvn6m0000gn/T/condisco-preflight.bh4YjN/DerivedData/Build/Products/Debug-iphonesimulator/Condisco.app/PkgInfo -expandbuildsettings -format binary -platform iphonesimulator -additionalcontentfile /var/folders/3w/91hphlzs0rv_1twbkfyhvn6m0000gn/T/condisco-preflight.bh4YjN/DerivedData/Build/Intermediates.noindex/Condisco.build/Debug-iphonesimulator/Condisco.build/assetcatalog_generated_info.plist -scanforprivacyfile /var/folders/3w/91hphlzs0rv_1twbkfyhvn6m0000gn/T/condisco-preflight.bh4YjN/DerivedData/Build/Products/Debug-iphonesimulator/Condisco.app/PlugIns/CondiscoWidget.appex -o /var/folders/3w/91hphlzs0rv_1twbkfyhvn6m0000gn/T/condisco-preflight.bh4YjN/DerivedData/Build/Products/Debug-iphonesimulator/Condisco.app/Info.plist

CopySwiftLibs /var/folders/3w/91hphlzs0rv_1twbkfyhvn6m0000gn/T/condisco-preflight.bh4YjN/DerivedData/Build/Products/Debug-iphonesimulator/Condisco.app (in target 'Condisco' from project 'Condisco')
    cd /Users/spkoehl/Projects/VerbaLibera
    builtin-swiftStdLibTool --copy --verbose --sign - --scan-executable /var/folders/3w/91hphlzs0rv_1twbkfyhvn6m0000gn/T/condisco-preflight.bh4YjN/DerivedData/Build/Products/Debug-iphonesimulator/Condisco.app/Condisco.debug.dylib --scan-folder /var/folders/3w/91hphlzs0rv_1twbkfyhvn6m0000gn/T/condisco-preflight.bh4YjN/DerivedData/Build/Products/Debug-iphonesimulator/Condisco.app/Frameworks --scan-folder /var/folders/3w/91hphlzs0rv_1twbkfyhvn6m0000gn/T/condisco-preflight.bh4YjN/DerivedData/Build/Products/Debug-iphonesimulator/Condisco.app/PlugIns --scan-folder /var/folders/3w/91hphlzs0rv_1twbkfyhvn6m0000gn/T/condisco-preflight.bh4YjN/DerivedData/Build/Products/Debug-iphonesimulator/Condisco.app/SystemExtensions --scan-folder /var/folders/3w/91hphlzs0rv_1twbkfyhvn6m0000gn/T/condisco-preflight.bh4YjN/DerivedData/Build/Products/Debug-iphonesimulator/Condisco.app/Extensions --platform iphonesimulator --toolchain /Applications/Xcode.app/Contents/Developer/Toolchains/XcodeDefault.xctoolchain --destination /var/folders/3w/91hphlzs0rv_1twbkfyhvn6m0000gn/T/condisco-preflight.bh4YjN/DerivedData/Build/Products/Debug-iphonesimulator/Condisco.app/Frameworks --strip-bitcode --strip-bitcode-tool /Applications/Xcode.app/Contents/Developer/Toolchains/XcodeDefault.xctoolchain/usr/bin/bitcode_strip --emit-dependency-info /var/folders/3w/91hphlzs0rv_1twbkfyhvn6m0000gn/T/condisco-preflight.bh4YjN/DerivedData/Build/Intermediates.noindex/Condisco.build/Debug-iphonesimulator/Condisco.build/SwiftStdLibToolInputDependencies.dep --filter-for-swift-os

ExtractAppIntentsMetadata (in target 'Condisco' from project 'Condisco')
    cd /Users/spkoehl/Projects/VerbaLibera
    /Applications/Xcode.app/Contents/Developer/Toolchains/XcodeDefault.xctoolchain/usr/bin/appintentsmetadataprocessor --toolchain-dir /Applications/Xcode.app/Contents/Developer/Toolchains/XcodeDefault.xctoolchain --module-name Condisco --sdk-root /Applications/Xcode.app/Contents/Developer/Platforms/iPhoneSimulator.platform/Developer/SDKs/iPhoneSimulator27.0.sdk --xcode-version 27A266a --platform-family iOS --deployment-target 17.0 --bundle-identifier com.sleuthysloth.condisco --output /var/folders/3w/91hphlzs0rv_1twbkfyhvn6m0000gn/T/condisco-preflight.bh4YjN/DerivedData/Build/Products/Debug-iphonesimulator/Condisco.app --target-triple arm64-apple-ios17.0-simulator --binary-file /var/folders/3w/91hphlzs0rv_1twbkfyhvn6m0000gn/T/condisco-preflight.bh4YjN/DerivedData/Build/Products/Debug-iphonesimulator/Condisco.app/Condisco --dependency-file /var/folders/3w/91hphlzs0rv_1twbkfyhvn6m0000gn/T/condisco-preflight.bh4YjN/DerivedData/Build/Intermediates.noindex/Condisco.build/Debug-iphonesimulator/Condisco.build/Objects-normal/arm64/Condisco_dependency_info.dat --stringsdata-file /var/folders/3w/91hphlzs0rv_1twbkfyhvn6m0000gn/T/condisco-preflight.bh4YjN/DerivedData/Build/Intermediates.noindex/Condisco.build/Debug-iphonesimulator/Condisco.build/Objects-normal/arm64/ExtractedAppShortcutsMetadata.stringsdata --source-file-list /var/folders/3w/91hphlzs0rv_1twbkfyhvn6m0000gn/T/condisco-preflight.bh4YjN/DerivedData/Build/Intermediates.noindex/Condisco.build/Debug-iphonesimulator/Condisco.build/Objects-normal/arm64/Condisco.SwiftFileList --metadata-file-list /var/folders/3w/91hphlzs0rv_1twbkfyhvn6m0000gn/T/condisco-preflight.bh4YjN/DerivedData/Build/Intermediates.noindex/Condisco.build/Debug-iphonesimulator/Condisco.build/Condisco.DependencyMetadataFileList --static-metadata-file-list /var/folders/3w/91hphlzs0rv_1twbkfyhvn6m0000gn/T/condisco-preflight.bh4YjN/DerivedData/Build/Intermediates.noindex/Condisco.build/Debug-iphonesimulator/Condisco.build/Condisco.DependencyStaticMetadataFileList --swift-const-vals-list /var/folders/3w/91hphlzs0rv_1twbkfyhvn6m0000gn/T/condisco-preflight.bh4YjN/DerivedData/Build/Intermediates.noindex/Condisco.build/Debug-iphonesimulator/Condisco.build/Objects-normal/arm64/Condisco.SwiftConstValuesFileList --compile-time-extraction --deployment-aware-processing --no-app-shortcuts-localization
2026-09-27 05:15:32.466 appintentsmetadataprocessor[34828:2278218] Starting appintentsmetadataprocessor export
2026-09-27 05:15:32.608 appintentsmetadataprocessor[34828:2278218] Writing Metadata.appintents
2026-09-27 05:15:32.608 appintentsmetadataprocessor[34828:2278218] Metadata root: /var/folders/3w/91hphlzs0rv_1twbkfyhvn6m0000gn/T/condisco-preflight.bh4YjN/DerivedData/Build/Products/Debug-iphonesimulator/Condisco.app/Metadata.appintents

SwiftDriverJobDiscovery normal arm64 Compiling StoreTests.swift, PackFrenchTests.swift (in target 'CondiscoTests' from project 'Condisco')

SwiftDriver\ Compilation CondiscoTests normal arm64 com.apple.xcode.tools.swift.compiler (in target 'CondiscoTests' from project 'Condisco')
    cd /Users/spkoehl/Projects/VerbaLibera
    builtin-Swift-Compilation -- /Applications/Xcode.app/Contents/Developer/Toolchains/XcodeDefault.xctoolchain/usr/bin/swiftc -module-name CondiscoTests -Onone @/var/folders/3w/91hphlzs0rv_1twbkfyhvn6m0000gn/T/condisco-preflight.bh4YjN/DerivedData/Build/Intermediates.noindex/Condisco.build/Debug-iphonesimulator/CondiscoTests.build/Objects-normal/arm64/CondiscoTests.SwiftFileList -DDEBUG -plugin-path /Applications/Xcode.app/Contents/Developer/Toolchains/XcodeDefault.xctoolchain/usr/lib/swift/host/plugins/testing -enable-bare-slash-regex -enable-experimental-feature DebugDescriptionMacro -sdk /Applications/Xcode.app/Contents/Developer/Platforms/iPhoneSimulator.platform/Developer/SDKs/iPhoneSimulator27.0.sdk -target arm64-apple-ios17.0-simulator -g -module-cache-path /var/folders/3w/91hphlzs0rv_1twbkfyhvn6m0000gn/T/condisco-preflight.bh4YjN/DerivedData/ModuleCache.noindex -Xfrontend -serialize-debugging-options -enable-testing -index-store-path /var/folders/3w/91hphlzs0rv_1twbkfyhvn6m0000gn/T/condisco-preflight.bh4YjN/DerivedData/Index.noindex/DataStore -Xcc -D_LIBCPP_HARDENING_MODE\=_LIBCPP_HARDENING_MODE_DEBUG -swift-version 5 -I /var/folders/3w/91hphlzs0rv_1twbkfyhvn6m0000gn/T/condisco-preflight.bh4YjN/DerivedData/Build/Products/Debug-iphonesimulator -Isystem /Applications/Xcode.app/Contents/Developer/Platforms/iPhoneSimulator.platform/Developer/usr/lib -F /var/folders/3w/91hphlzs0rv_1twbkfyhvn6m0000gn/T/condisco-preflight.bh4YjN/DerivedData/Build/Products/Debug-iphonesimulator -F /Applications/Xcode.app/Contents/Developer/Platforms/iPhoneSimulator.platform/Developer/Library/Frameworks -F /Applications/Xcode.app/Contents/Developer/Platforms/iPhoneSimulator.platform/Developer/SDKs/iPhoneSimulator27.0.sdk/Developer/Library/Frameworks -emit-localized-strings -emit-localized-strings-path /var/folders/3w/91hphlzs0rv_1twbkfyhvn6m0000gn/T/condisco-preflight.bh4YjN/DerivedData/Build/Intermediates.noindex/Condisco.build/Debug-iphonesimulator/CondiscoTests.build/Objects-normal/arm64 -c -j6 -enable-batch-mode -incremental -Xcc -ivfsstatcache -Xcc /var/folders/3w/91hphlzs0rv_1twbkfyhvn6m0000gn/T/condisco-preflight.bh4YjN/DerivedData/SDKStatCaches.noindex/iphonesimulator27.0-24A430-8dc58220667be655e1bcc261a7455254.sdkstatcache -output-file-map /var/folders/3w/91hphlzs0rv_1twbkfyhvn6m0000gn/T/condisco-preflight.bh4YjN/DerivedData/Build/Intermediates.noindex/Condisco.build/Debug-iphonesimulator/CondiscoTests.build/Objects-normal/arm64/CondiscoTests-OutputFileMap.json -save-temps -no-color-diagnostics -explicit-module-build -module-cache-path /var/folders/3w/91hphlzs0rv_1twbkfyhvn6m0000gn/T/condisco-preflight.bh4YjN/DerivedData/Build/Intermediates.noindex/SwiftExplicitPrecompiledModules -clang-scanner-module-cache-path /var/folders/3w/91hphlzs0rv_1twbkfyhvn6m0000gn/T/condisco-preflight.bh4YjN/DerivedData/ModuleCache.noindex -sdk-module-cache-path /var/folders/3w/91hphlzs0rv_1twbkfyhvn6m0000gn/T/condisco-preflight.bh4YjN/DerivedData/SDKExplicitPrecompiledModules -emit-dependencies -emit-module -emit-module-path /var/folders/3w/91hphlzs0rv_1twbkfyhvn6m0000gn/T/condisco-preflight.bh4YjN/DerivedData/Build/Intermediates.noindex/Condisco.build/Debug-iphonesimulator/CondiscoTests.build/Objects-normal/arm64/CondiscoTests.swiftmodule -serialize-diagnostics -dependency-scan-serialize-diagnostics-path /var/folders/3w/91hphlzs0rv_1twbkfyhvn6m0000gn/T/condisco-preflight.bh4YjN/DerivedData/Build/Intermediates.noindex/Condisco.build/Debug-iphonesimulator/CondiscoTests.build/Objects-normal/arm64/CondiscoTests-dependency-scan.dia -validate-clang-modules-once -clang-build-session-file /var/folders/3w/91hphlzs0rv_1twbkfyhvn6m0000gn/T/condisco-preflight.bh4YjN/DerivedData/ModuleCache.noindex/Session.modulevalidation -Xcc -fmodules-prune-interval\=86400 -Xcc -fmodules-prune-after\=345600 -emit-const-values -const-gather-protocols-list /var/folders/3w/91hphlzs0rv_1twbkfyhvn6m0000gn/T/condisco-preflight.bh4YjN/DerivedData/Build/Intermediates.noindex/Condisco.build/Debug-iphonesimulator/CondiscoTests.build/Objects-normal/arm64/CondiscoTests_const_extract_protocols.json -Xcc -iquote -Xcc /var/folders/3w/91hphlzs0rv_1twbkfyhvn6m0000gn/T/condisco-preflight.bh4YjN/DerivedData/Build/Intermediates.noindex/Condisco.build/Debug-iphonesimulator/CondiscoTests.build/CondiscoTests-generated-files.hmap -Xcc -I/var/folders/3w/91hphlzs0rv_1twbkfyhvn6m0000gn/T/condisco-preflight.bh4YjN/DerivedData/Build/Intermediates.noindex/Condisco.build/Debug-iphonesimulator/CondiscoTests.build/CondiscoTests-own-target-headers.hmap -Xcc -I/var/folders/3w/91hphlzs0rv_1twbkfyhvn6m0000gn/T/condisco-preflight.bh4YjN/DerivedData/Build/Intermediates.noindex/Condisco.build/Debug-iphonesimulator/CondiscoTests.build/CondiscoTests-all-target-headers.hmap -Xcc -iquote -Xcc /var/folders/3w/91hphlzs0rv_1twbkfyhvn6m0000gn/T/condisco-preflight.bh4YjN/DerivedData/Build/Intermediates.noindex/Condisco.build/Debug-iphonesimulator/CondiscoTests.build/CondiscoTests-project-headers.hmap -Xcc -I/var/folders/3w/91hphlzs0rv_1twbkfyhvn6m0000gn/T/condisco-preflight.bh4YjN/DerivedData/Build/Products/Debug-iphonesimulator/include -Xcc -I/var/folders/3w/91hphlzs0rv_1twbkfyhvn6m0000gn/T/condisco-preflight.bh4YjN/DerivedData/Build/Intermediates.noindex/Condisco.build/Debug-iphonesimulator/CondiscoTests.build/DerivedSources-normal/arm64 -Xcc -I/var/folders/3w/91hphlzs0rv_1twbkfyhvn6m0000gn/T/condisco-preflight.bh4YjN/DerivedData/Build/Intermediates.noindex/Condisco.build/Debug-iphonesimulator/CondiscoTests.build/DerivedSources/arm64 -Xcc -I/var/folders/3w/91hphlzs0rv_1twbkfyhvn6m0000gn/T/condisco-preflight.bh4YjN/DerivedData/Build/Intermediates.noindex/Condisco.build/Debug-iphonesimulator/CondiscoTests.build/DerivedSources -Xcc -DDEBUG\=1 -emit-objc-header -emit-objc-header-path /var/folders/3w/91hphlzs0rv_1twbkfyhvn6m0000gn/T/condisco-preflight.bh4YjN/DerivedData/Build/Intermediates.noindex/Condisco.build/Debug-iphonesimulator/CondiscoTests.build/Objects-normal/arm64/CondiscoTests-Swift.h -working-directory /Users/spkoehl/Projects/VerbaLibera -experimental-emit-module-separately -disable-cmo

AppIntentsSSUTraining (in target 'Condisco' from project 'Condisco')
    cd /Users/spkoehl/Projects/VerbaLibera
    /Applications/Xcode.app/Contents/Developer/Toolchains/XcodeDefault.xctoolchain/usr/bin/appintentsnltrainingprocessor --infoplist-path /var/folders/3w/91hphlzs0rv_1twbkfyhvn6m0000gn/T/condisco-preflight.bh4YjN/DerivedData/Build/Products/Debug-iphonesimulator/Condisco.app/Info.plist --temp-dir-path /var/folders/3w/91hphlzs0rv_1twbkfyhvn6m0000gn/T/condisco-preflight.bh4YjN/DerivedData/Build/Intermediates.noindex/Condisco.build/Debug-iphonesimulator/Condisco.build/ssu --bundle-id com.sleuthysloth.condisco --product-path /var/folders/3w/91hphlzs0rv_1twbkfyhvn6m0000gn/T/condisco-preflight.bh4YjN/DerivedData/Build/Products/Debug-iphonesimulator/Condisco.app --extracted-metadata-path /var/folders/3w/91hphlzs0rv_1twbkfyhvn6m0000gn/T/condisco-preflight.bh4YjN/DerivedData/Build/Products/Debug-iphonesimulator/Condisco.app/Metadata.appintents --metadata-file-list /var/folders/3w/91hphlzs0rv_1twbkfyhvn6m0000gn/T/condisco-preflight.bh4YjN/DerivedData/Build/Intermediates.noindex/Condisco.build/Debug-iphonesimulator/Condisco.build/Condisco.DependencyMetadataFileList --source-file /var/folders/3w/91hphlzs0rv_1twbkfyhvn6m0000gn/T/condisco-preflight.bh4YjN/DerivedData/Build/Products/Debug-iphonesimulator/Condisco.app/Info.plist --archive-ssu-assets
2026-09-27 05:15:32.658 appintentsnltrainingprocessor[34829:2278222] Parsing options for appintentsnltrainingprocessor
2026-09-27 05:15:32.658 appintentsnltrainingprocessor[34829:2278222] Starting AppIntents SSU YAML Generation
2026-09-27 05:15:32.673 appintentsnltrainingprocessor[34829:2278222] Training 'Continue learning in ${+applicationName}|Continue my lesson in ${+applicationName}|Resume learning in ${+applicationName}' for en
2026-09-27 05:15:32.673 appintentsnltrainingprocessor[34829:2278222] Training 'Start a lesson in ${+applicationName}|Open a lesson in ${+applicationName}|Start learning in ${+applicationName}' for en
2026-09-27 05:15:32.673 appintentsnltrainingprocessor[34829:2278222] Training 'Start my review in ${+applicationName}|Review my phrases in ${+applicationName}|Start reviewing in ${+applicationName}' for en
2026-09-27 05:15:32.673 appintentsnltrainingprocessor[34829:2278222] Training Negative Phrases '' for en
2026-09-27 05:15:32.673 appintentsnltrainingprocessor[34829:2278222] Application name 'Condisco' for en
2026-09-27 05:15:32.684 appintentsnltrainingprocessor[34829:2278222] Generated AppIntents SSU YAML files in file:///var/folders/3w/91hphlzs0rv_1twbkfyhvn6m0000gn/T/condisco-preflight.bh4YjN/DerivedData/Build/Intermediates.noindex/Condisco.build/Debug-iphonesimulator/Condisco.build/ssu/
2026-09-27 05:15:32.684 appintentsnltrainingprocessor[34829:2278222] Copied AppIntents SSU YAML files to file:///var/folders/3w/91hphlzs0rv_1twbkfyhvn6m0000gn/T/condisco-preflight.bh4YjN/DerivedData/Build/Products/Debug-iphonesimulator/Condisco.app/Metadata.appintents/
Archiving all locales.
[------------------------------------------------------------] 0% archiving en[🁢🁢🁢🁢🁢🁢🁢🁢🁢🁢🁢🁢🁢🁢🁢🁢🁢🁢🁢🁢🁢🁢🁢🁢🁢🁢🁢🁢🁢🁢🁢🁢🁢🁢🁢🁢🁢🁢🁢🁢🁢🁢🁢🁢🁢🁢🁢🁢🁢🁢🁢🁢🁢🁢🁢🁢🁢🁢🁢🁢] 100% archived en[🁢🁢🁢🁢🁢🁢🁢🁢🁢🁢🁢🁢🁢🁢🁢🁢🁢🁢🁢🁢🁢🁢🁢🁢🁢🁢🁢🁢🁢🁢🁢🁢🁢🁢🁢🁢🁢🁢🁢🁢🁢🁢🁢🁢🁢🁢🁢🁢🁢🁢🁢🁢🁢🁢🁢🁢🁢🁢🁢🁢] 100% archived 1 locales/var/folders/3w/91hphlzs0rv_1twbkfyhvn6m0000gn/T/condisco-preflight.bh4YjN/DerivedData/Build/Products/Debug-iphonesimulator/Condisco.app/Metadata.appintents/nlu
/var/folders/3w/91hphlzs0rv_1twbkfyhvn6m0000gn/T/condisco-preflight.bh4YjN/DerivedData/Build/Products/Debug-iphonesimulator/Condisco.app/Metadata.appintents/nlu/0231e242df2d62371a26fd64e4095339.version


Ld /var/folders/3w/91hphlzs0rv_1twbkfyhvn6m0000gn/T/condisco-preflight.bh4YjN/DerivedData/Build/Products/Debug-iphonesimulator/Condisco.app/PlugIns/CondiscoTests.xctest/CondiscoTests normal (in target 'CondiscoTests' from project 'Condisco')
    cd /Users/spkoehl/Projects/VerbaLibera
    /Applications/Xcode.app/Contents/Developer/Toolchains/XcodeDefault.xctoolchain/usr/bin/clang -Xlinker -reproducible -target arm64-apple-ios17.0-simulator -bundle -isysroot /Applications/Xcode.app/Contents/Developer/Platforms/iPhoneSimulator.platform/Developer/SDKs/iPhoneSimulator27.0.sdk -O0 -Xlinker -no_warn_duplicate_libraries -L/var/folders/3w/91hphlzs0rv_1twbkfyhvn6m0000gn/T/condisco-preflight.bh4YjN/DerivedData/Build/Intermediates.noindex/EagerLinkingTBDs/Debug-iphonesimulator -L/var/folders/3w/91hphlzs0rv_1twbkfyhvn6m0000gn/T/condisco-preflight.bh4YjN/DerivedData/Build/Products/Debug-iphonesimulator -L/Applications/Xcode.app/Contents/Developer/Platforms/iPhoneSimulator.platform/Developer/usr/lib -F/var/folders/3w/91hphlzs0rv_1twbkfyhvn6m0000gn/T/condisco-preflight.bh4YjN/DerivedData/Build/Intermediates.noindex/EagerLinkingTBDs/Debug-iphonesimulator -F/var/folders/3w/91hphlzs0rv_1twbkfyhvn6m0000gn/T/condisco-preflight.bh4YjN/DerivedData/Build/Products/Debug-iphonesimulator -iframework /Applications/Xcode.app/Contents/Developer/Platforms/iPhoneSimulator.platform/Developer/Library/Frameworks -iframework /Applications/Xcode.app/Contents/Developer/Platforms/iPhoneSimulator.platform/Developer/SDKs/iPhoneSimulator27.0.sdk/Developer/Library/Frameworks -filelist /var/folders/3w/91hphlzs0rv_1twbkfyhvn6m0000gn/T/condisco-preflight.bh4YjN/DerivedData/Build/Intermediates.noindex/Condisco.build/Debug-iphonesimulator/CondiscoTests.build/Objects-normal/arm64/CondiscoTests.LinkFileList -Xlinker -rpath -Xlinker /usr/lib/swift -Xlinker -rpath -Xlinker @loader_path/Frameworks -Xlinker -rpath -Xlinker @executable_path/Frameworks -Xlinker -dead_strip -bundle_loader /var/folders/3w/91hphlzs0rv_1twbkfyhvn6m0000gn/T/condisco-preflight.bh4YjN/DerivedData/Build/Products/Debug-iphonesimulator/Condisco.app/Condisco -Xlinker -object_path_lto -Xlinker /var/folders/3w/91hphlzs0rv_1twbkfyhvn6m0000gn/T/condisco-preflight.bh4YjN/DerivedData/Build/Intermediates.noindex/Condisco.build/Debug-iphonesimulator/CondiscoTests.build/Objects-normal/arm64/CondiscoTests_lto.o -rdynamic -Xlinker -no_deduplicate -Xlinker -objc_abi_version -Xlinker 2 -Xlinker -dependency_info -Xlinker /var/folders/3w/91hphlzs0rv_1twbkfyhvn6m0000gn/T/condisco-preflight.bh4YjN/DerivedData/Build/Intermediates.noindex/Condisco.build/Debug-iphonesimulator/CondiscoTests.build/Objects-normal/arm64/CondiscoTests_dependency_info.dat -fobjc-link-runtime -L/Applications/Xcode.app/Contents/Developer/Toolchains/XcodeDefault.xctoolchain/usr/lib/swift/iphonesimulator -L/usr/lib/swift -Xlinker -add_ast_path -Xlinker /var/folders/3w/91hphlzs0rv_1twbkfyhvn6m0000gn/T/condisco-preflight.bh4YjN/DerivedData/Build/Intermediates.noindex/Condisco.build/Debug-iphonesimulator/CondiscoTests.build/Objects-normal/arm64/CondiscoTests.swiftmodule -Xlinker -needed_framework -Xlinker XCTest -framework XCTest -Xlinker -needed-lXCTestSwiftSupport -lXCTestSwiftSupport /var/folders/3w/91hphlzs0rv_1twbkfyhvn6m0000gn/T/condisco-preflight.bh4YjN/DerivedData/Build/Products/Debug-iphonesimulator/Condisco.app/Condisco.debug.dylib -Xlinker -no_adhoc_codesign -o /var/folders/3w/91hphlzs0rv_1twbkfyhvn6m0000gn/T/condisco-preflight.bh4YjN/DerivedData/Build/Products/Debug-iphonesimulator/Condisco.app/PlugIns/CondiscoTests.xctest/CondiscoTests

ProcessInfoPlistFile /var/folders/3w/91hphlzs0rv_1twbkfyhvn6m0000gn/T/condisco-preflight.bh4YjN/DerivedData/Build/Products/Debug-iphonesimulator/Condisco.app/PlugIns/CondiscoTests.xctest/Info.plist /var/folders/3w/91hphlzs0rv_1twbkfyhvn6m0000gn/T/condisco-preflight.bh4YjN/DerivedData/Build/Intermediates.noindex/Condisco.build/Debug-iphonesimulator/CondiscoTests.build/empty-CondiscoTests.plist (in target 'CondiscoTests' from project 'Condisco')
    cd /Users/spkoehl/Projects/VerbaLibera
    builtin-infoPlistUtility /var/folders/3w/91hphlzs0rv_1twbkfyhvn6m0000gn/T/condisco-preflight.bh4YjN/DerivedData/Build/Intermediates.noindex/Condisco.build/Debug-iphonesimulator/CondiscoTests.build/empty-CondiscoTests.plist -producttype com.apple.product-type.bundle.unit-test -expandbuildsettings -format binary -platform iphonesimulator -o /var/folders/3w/91hphlzs0rv_1twbkfyhvn6m0000gn/T/condisco-preflight.bh4YjN/DerivedData/Build/Products/Debug-iphonesimulator/Condisco.app/PlugIns/CondiscoTests.xctest/Info.plist

ExtractAppIntentsMetadata (in target 'CondiscoTests' from project 'Condisco')
    cd /Users/spkoehl/Projects/VerbaLibera
    /Applications/Xcode.app/Contents/Developer/Toolchains/XcodeDefault.xctoolchain/usr/bin/appintentsmetadataprocessor --toolchain-dir /Applications/Xcode.app/Contents/Developer/Toolchains/XcodeDefault.xctoolchain --module-name CondiscoTests --sdk-root /Applications/Xcode.app/Contents/Developer/Platforms/iPhoneSimulator.platform/Developer/SDKs/iPhoneSimulator27.0.sdk --xcode-version 27A266a --platform-family iOS --deployment-target 17.0 --bundle-identifier com.sleuthysloth.condisco.Tests --output /var/folders/3w/91hphlzs0rv_1twbkfyhvn6m0000gn/T/condisco-preflight.bh4YjN/DerivedData/Build/Products/Debug-iphonesimulator/Condisco.app/PlugIns/CondiscoTests.xctest --target-triple arm64-apple-ios17.0-simulator --binary-file /var/folders/3w/91hphlzs0rv_1twbkfyhvn6m0000gn/T/condisco-preflight.bh4YjN/DerivedData/Build/Products/Debug-iphonesimulator/Condisco.app/PlugIns/CondiscoTests.xctest/CondiscoTests --dependency-file /var/folders/3w/91hphlzs0rv_1twbkfyhvn6m0000gn/T/condisco-preflight.bh4YjN/DerivedData/Build/Intermediates.noindex/Condisco.build/Debug-iphonesimulator/CondiscoTests.build/Objects-normal/arm64/CondiscoTests_dependency_info.dat --stringsdata-file /var/folders/3w/91hphlzs0rv_1twbkfyhvn6m0000gn/T/condisco-preflight.bh4YjN/DerivedData/Build/Intermediates.noindex/Condisco.build/Debug-iphonesimulator/CondiscoTests.build/Objects-normal/arm64/ExtractedAppShortcutsMetadata.stringsdata --source-file-list /var/folders/3w/91hphlzs0rv_1twbkfyhvn6m0000gn/T/condisco-preflight.bh4YjN/DerivedData/Build/Intermediates.noindex/Condisco.build/Debug-iphonesimulator/CondiscoTests.build/Objects-normal/arm64/CondiscoTests.SwiftFileList --metadata-file-list /var/folders/3w/91hphlzs0rv_1twbkfyhvn6m0000gn/T/condisco-preflight.bh4YjN/DerivedData/Build/Intermediates.noindex/Condisco.build/Debug-iphonesimulator/CondiscoTests.build/CondiscoTests.DependencyMetadataFileList --static-metadata-file-list /var/folders/3w/91hphlzs0rv_1twbkfyhvn6m0000gn/T/condisco-preflight.bh4YjN/DerivedData/Build/Intermediates.noindex/Condisco.build/Debug-iphonesimulator/CondiscoTests.build/CondiscoTests.DependencyStaticMetadataFileList --swift-const-vals-list /var/folders/3w/91hphlzs0rv_1twbkfyhvn6m0000gn/T/condisco-preflight.bh4YjN/DerivedData/Build/Intermediates.noindex/Condisco.build/Debug-iphonesimulator/CondiscoTests.build/Objects-normal/arm64/CondiscoTests.SwiftConstValuesFileList --compile-time-extraction --deployment-aware-processing --no-app-shortcuts-localization
2026-09-27 05:15:33.166 appintentsmetadataprocessor[34834:2278251] Starting appintentsmetadataprocessor export
2026-09-27 05:15:33.216 appintentsmetadataprocessor[34834:2278251] Extracted no relevant App Intents symbols, skipping writing output

CopySwiftLibs /var/folders/3w/91hphlzs0rv_1twbkfyhvn6m0000gn/T/condisco-preflight.bh4YjN/DerivedData/Build/Products/Debug-iphonesimulator/Condisco.app/PlugIns/CondiscoTests.xctest (in target 'CondiscoTests' from project 'Condisco')
    cd /Users/spkoehl/Projects/VerbaLibera
    builtin-swiftStdLibTool --copy --verbose --sign - --scan-executable /var/folders/3w/91hphlzs0rv_1twbkfyhvn6m0000gn/T/condisco-preflight.bh4YjN/DerivedData/Build/Products/Debug-iphonesimulator/Condisco.app/PlugIns/CondiscoTests.xctest/CondiscoTests --scan-folder /var/folders/3w/91hphlzs0rv_1twbkfyhvn6m0000gn/T/condisco-preflight.bh4YjN/DerivedData/Build/Products/Debug-iphonesimulator/Condisco.app/PlugIns/CondiscoTests.xctest/Frameworks --scan-folder /var/folders/3w/91hphlzs0rv_1twbkfyhvn6m0000gn/T/condisco-preflight.bh4YjN/DerivedData/Build/Products/Debug-iphonesimulator/Condisco.app/PlugIns/CondiscoTests.xctest/PlugIns --scan-folder /var/folders/3w/91hphlzs0rv_1twbkfyhvn6m0000gn/T/condisco-preflight.bh4YjN/DerivedData/Build/Products/Debug-iphonesimulator/Condisco.app/PlugIns/CondiscoTests.xctest/SystemExtensions --scan-folder /var/folders/3w/91hphlzs0rv_1twbkfyhvn6m0000gn/T/condisco-preflight.bh4YjN/DerivedData/Build/Products/Debug-iphonesimulator/Condisco.app/PlugIns/CondiscoTests.xctest/Extensions --platform iphonesimulator --toolchain /Applications/Xcode.app/Contents/Developer/Toolchains/XcodeDefault.xctoolchain --destination /var/folders/3w/91hphlzs0rv_1twbkfyhvn6m0000gn/T/condisco-preflight.bh4YjN/DerivedData/Build/Products/Debug-iphonesimulator/Condisco.app/PlugIns/CondiscoTests.xctest/Frameworks --strip-bitcode --scan-executable /Applications/Xcode.app/Contents/Developer/Platforms/iPhoneSimulator.platform/Developer/usr/lib/libXCTestSwiftSupport.dylib --strip-bitcode-tool /Applications/Xcode.app/Contents/Developer/Toolchains/XcodeDefault.xctoolchain/usr/bin/bitcode_strip --emit-dependency-info /var/folders/3w/91hphlzs0rv_1twbkfyhvn6m0000gn/T/condisco-preflight.bh4YjN/DerivedData/Build/Intermediates.noindex/Condisco.build/Debug-iphonesimulator/CondiscoTests.build/SwiftStdLibToolInputDependencies.dep --filter-for-swift-os

AppIntentsSSUTraining (in target 'CondiscoTests' from project 'Condisco')
    cd /Users/spkoehl/Projects/VerbaLibera
    /Applications/Xcode.app/Contents/Developer/Toolchains/XcodeDefault.xctoolchain/usr/bin/appintentsnltrainingprocessor --infoplist-path /var/folders/3w/91hphlzs0rv_1twbkfyhvn6m0000gn/T/condisco-preflight.bh4YjN/DerivedData/Build/Products/Debug-iphonesimulator/Condisco.app/PlugIns/CondiscoTests.xctest/Info.plist --temp-dir-path /var/folders/3w/91hphlzs0rv_1twbkfyhvn6m0000gn/T/condisco-preflight.bh4YjN/DerivedData/Build/Intermediates.noindex/Condisco.build/Debug-iphonesimulator/CondiscoTests.build/ssu --bundle-id com.sleuthysloth.condisco.Tests --product-path /var/folders/3w/91hphlzs0rv_1twbkfyhvn6m0000gn/T/condisco-preflight.bh4YjN/DerivedData/Build/Products/Debug-iphonesimulator/Condisco.app/PlugIns/CondiscoTests.xctest --extracted-metadata-path /var/folders/3w/91hphlzs0rv_1twbkfyhvn6m0000gn/T/condisco-preflight.bh4YjN/DerivedData/Build/Products/Debug-iphonesimulator/Condisco.app/PlugIns/CondiscoTests.xctest/Metadata.appintents --metadata-file-list /var/folders/3w/91hphlzs0rv_1twbkfyhvn6m0000gn/T/condisco-preflight.bh4YjN/DerivedData/Build/Intermediates.noindex/Condisco.build/Debug-iphonesimulator/CondiscoTests.build/CondiscoTests.DependencyMetadataFileList --source-file /var/folders/3w/91hphlzs0rv_1twbkfyhvn6m0000gn/T/condisco-preflight.bh4YjN/DerivedData/Build/Products/Debug-iphonesimulator/Condisco.app/PlugIns/CondiscoTests.xctest/Info.plist --archive-ssu-assets
2026-09-27 05:15:33.241 appintentsnltrainingprocessor[34835:2278255] Parsing options for appintentsnltrainingprocessor
2026-09-27 05:15:33.241 appintentsnltrainingprocessor[34835:2278255] Starting AppIntents SSU YAML Generation
2026-09-27 05:15:33.241 appintentsnltrainingprocessor[34835:2278255] No AppShortcuts found - Skipping.

CodeSign /var/folders/3w/91hphlzs0rv_1twbkfyhvn6m0000gn/T/condisco-preflight.bh4YjN/DerivedData/Build/Products/Debug-iphonesimulator/Condisco.app/PlugIns/CondiscoTests.xctest (in target 'CondiscoTests' from project 'Condisco')
    cd /Users/spkoehl/Projects/VerbaLibera
    
    Signing Identity:     "Sign to Run Locally"
    
    /usr/bin/codesign --force --sign - --timestamp\=none --generate-entitlement-der /var/folders/3w/91hphlzs0rv_1twbkfyhvn6m0000gn/T/condisco-preflight.bh4YjN/DerivedData/Build/Products/Debug-iphonesimulator/Condisco.app/PlugIns/CondiscoTests.xctest

RegisterExecutionPolicyException /var/folders/3w/91hphlzs0rv_1twbkfyhvn6m0000gn/T/condisco-preflight.bh4YjN/DerivedData/Build/Products/Debug-iphonesimulator/Condisco.app/PlugIns/CondiscoTests.xctest (in target 'CondiscoTests' from project 'Condisco')
    cd /Users/spkoehl/Projects/VerbaLibera
    builtin-RegisterExecutionPolicyException /var/folders/3w/91hphlzs0rv_1twbkfyhvn6m0000gn/T/condisco-preflight.bh4YjN/DerivedData/Build/Products/Debug-iphonesimulator/Condisco.app/PlugIns/CondiscoTests.xctest

Touch /var/folders/3w/91hphlzs0rv_1twbkfyhvn6m0000gn/T/condisco-preflight.bh4YjN/DerivedData/Build/Products/Debug-iphonesimulator/Condisco.app/PlugIns/CondiscoTests.xctest (in target 'CondiscoTests' from project 'Condisco')
    cd /Users/spkoehl/Projects/VerbaLibera
    /usr/bin/touch -c /var/folders/3w/91hphlzs0rv_1twbkfyhvn6m0000gn/T/condisco-preflight.bh4YjN/DerivedData/Build/Products/Debug-iphonesimulator/Condisco.app/PlugIns/CondiscoTests.xctest

CodeSign /var/folders/3w/91hphlzs0rv_1twbkfyhvn6m0000gn/T/condisco-preflight.bh4YjN/DerivedData/Build/Products/Debug-iphonesimulator/Condisco.app/Condisco.debug.dylib (in target 'Condisco' from project 'Condisco')
    cd /Users/spkoehl/Projects/VerbaLibera
    
    Signing Identity:     "Sign to Run Locally"
    
    /usr/bin/codesign --force --sign - --timestamp\=none --generate-entitlement-der /var/folders/3w/91hphlzs0rv_1twbkfyhvn6m0000gn/T/condisco-preflight.bh4YjN/DerivedData/Build/Products/Debug-iphonesimulator/Condisco.app/Condisco.debug.dylib

CodeSign /var/folders/3w/91hphlzs0rv_1twbkfyhvn6m0000gn/T/condisco-preflight.bh4YjN/DerivedData/Build/Products/Debug-iphonesimulator/Condisco.app/__preview.dylib (in target 'Condisco' from project 'Condisco')
    cd /Users/spkoehl/Projects/VerbaLibera
    
    Signing Identity:     "Sign to Run Locally"
    
    /usr/bin/codesign --force --sign - --timestamp\=none --generate-entitlement-der /var/folders/3w/91hphlzs0rv_1twbkfyhvn6m0000gn/T/condisco-preflight.bh4YjN/DerivedData/Build/Products/Debug-iphonesimulator/Condisco.app/__preview.dylib

CodeSign /var/folders/3w/91hphlzs0rv_1twbkfyhvn6m0000gn/T/condisco-preflight.bh4YjN/DerivedData/Build/Products/Debug-iphonesimulator/Condisco.app (in target 'Condisco' from project 'Condisco')
    cd /Users/spkoehl/Projects/VerbaLibera
    
    Signing Identity:     "Sign to Run Locally"
    
    /usr/bin/codesign --force --sign - --entitlements /var/folders/3w/91hphlzs0rv_1twbkfyhvn6m0000gn/T/condisco-preflight.bh4YjN/DerivedData/Build/Intermediates.noindex/Condisco.build/Debug-iphonesimulator/Condisco.build/Condisco.app.xcent --timestamp\=none --generate-entitlement-der /var/folders/3w/91hphlzs0rv_1twbkfyhvn6m0000gn/T/condisco-preflight.bh4YjN/DerivedData/Build/Products/Debug-iphonesimulator/Condisco.app

ValidateEmbeddedBinary /var/folders/3w/91hphlzs0rv_1twbkfyhvn6m0000gn/T/condisco-preflight.bh4YjN/DerivedData/Build/Products/Debug-iphonesimulator/Condisco.app/PlugIns/CondiscoWidget.appex (in target 'Condisco' from project 'Condisco')
    cd /Users/spkoehl/Projects/VerbaLibera
    /Applications/Xcode.app/Contents/Developer/usr/bin/embeddedBinaryValidationUtility /var/folders/3w/91hphlzs0rv_1twbkfyhvn6m0000gn/T/condisco-preflight.bh4YjN/DerivedData/Build/Products/Debug-iphonesimulator/Condisco.app/PlugIns/CondiscoWidget.appex -signing-cert - -info-plist-path /var/folders/3w/91hphlzs0rv_1twbkfyhvn6m0000gn/T/condisco-preflight.bh4YjN/DerivedData/Build/Products/Debug-iphonesimulator/Condisco.app/Info.plist

RegisterExecutionPolicyException /var/folders/3w/91hphlzs0rv_1twbkfyhvn6m0000gn/T/condisco-preflight.bh4YjN/DerivedData/Build/Products/Debug-iphonesimulator/Condisco.app (in target 'Condisco' from project 'Condisco')
    cd /Users/spkoehl/Projects/VerbaLibera
    builtin-RegisterExecutionPolicyException /var/folders/3w/91hphlzs0rv_1twbkfyhvn6m0000gn/T/condisco-preflight.bh4YjN/DerivedData/Build/Products/Debug-iphonesimulator/Condisco.app

Validate /var/folders/3w/91hphlzs0rv_1twbkfyhvn6m0000gn/T/condisco-preflight.bh4YjN/DerivedData/Build/Products/Debug-iphonesimulator/Condisco.app (in target 'Condisco' from project 'Condisco')
    cd /Users/spkoehl/Projects/VerbaLibera
    builtin-validationUtility /var/folders/3w/91hphlzs0rv_1twbkfyhvn6m0000gn/T/condisco-preflight.bh4YjN/DerivedData/Build/Products/Debug-iphonesimulator/Condisco.app -shallow-bundle -infoplist-subpath Info.plist

Touch /var/folders/3w/91hphlzs0rv_1twbkfyhvn6m0000gn/T/condisco-preflight.bh4YjN/DerivedData/Build/Products/Debug-iphonesimulator/Condisco.app (in target 'Condisco' from project 'Condisco')
    cd /Users/spkoehl/Projects/VerbaLibera
    /usr/bin/touch -c /var/folders/3w/91hphlzs0rv_1twbkfyhvn6m0000gn/T/condisco-preflight.bh4YjN/DerivedData/Build/Products/Debug-iphonesimulator/Condisco.app

ProcessInfoPlistFile /var/folders/3w/91hphlzs0rv_1twbkfyhvn6m0000gn/T/condisco-preflight.bh4YjN/DerivedData/Build/Products/Debug-iphonesimulator/CondiscoUITests-Runner.app/PlugIns/CondiscoUITests.xctest/Info.plist /var/folders/3w/91hphlzs0rv_1twbkfyhvn6m0000gn/T/condisco-preflight.bh4YjN/DerivedData/Build/Intermediates.noindex/Condisco.build/Debug-iphonesimulator/CondiscoUITests.build/empty-CondiscoUITests.plist (in target 'CondiscoUITests' from project 'Condisco')
    cd /Users/spkoehl/Projects/VerbaLibera
    builtin-infoPlistUtility /var/folders/3w/91hphlzs0rv_1twbkfyhvn6m0000gn/T/condisco-preflight.bh4YjN/DerivedData/Build/Intermediates.noindex/Condisco.build/Debug-iphonesimulator/CondiscoUITests.build/empty-CondiscoUITests.plist -producttype com.apple.product-type.bundle.ui-testing -expandbuildsettings -format binary -platform iphonesimulator -additionalcontentfile /var/folders/3w/91hphlzs0rv_1twbkfyhvn6m0000gn/T/condisco-preflight.bh4YjN/DerivedData/Build/Intermediates.noindex/Condisco.build/Debug-iphonesimulator/CondiscoUITests.build/ProductTypeInfoPlistAdditions.plist -o /var/folders/3w/91hphlzs0rv_1twbkfyhvn6m0000gn/T/condisco-preflight.bh4YjN/DerivedData/Build/Products/Debug-iphonesimulator/CondiscoUITests-Runner.app/PlugIns/CondiscoUITests.xctest/Info.plist

Ld /var/folders/3w/91hphlzs0rv_1twbkfyhvn6m0000gn/T/condisco-preflight.bh4YjN/DerivedData/Build/Products/Debug-iphonesimulator/CondiscoUITests-Runner.app/PlugIns/CondiscoUITests.xctest/CondiscoUITests normal (in target 'CondiscoUITests' from project 'Condisco')
    cd /Users/spkoehl/Projects/VerbaLibera
    /Applications/Xcode.app/Contents/Developer/Toolchains/XcodeDefault.xctoolchain/usr/bin/clang -Xlinker -reproducible -target arm64-apple-ios17.0-simulator -bundle -isysroot /Applications/Xcode.app/Contents/Developer/Platforms/iPhoneSimulator.platform/Developer/SDKs/iPhoneSimulator27.0.sdk -O0 -Xlinker -no_warn_duplicate_libraries -L/var/folders/3w/91hphlzs0rv_1twbkfyhvn6m0000gn/T/condisco-preflight.bh4YjN/DerivedData/Build/Intermediates.noindex/EagerLinkingTBDs/Debug-iphonesimulator -L/var/folders/3w/91hphlzs0rv_1twbkfyhvn6m0000gn/T/condisco-preflight.bh4YjN/DerivedData/Build/Products/Debug-iphonesimulator -L/Applications/Xcode.app/Contents/Developer/Platforms/iPhoneSimulator.platform/Developer/usr/lib -F/var/folders/3w/91hphlzs0rv_1twbkfyhvn6m0000gn/T/condisco-preflight.bh4YjN/DerivedData/Build/Intermediates.noindex/EagerLinkingTBDs/Debug-iphonesimulator -F/var/folders/3w/91hphlzs0rv_1twbkfyhvn6m0000gn/T/condisco-preflight.bh4YjN/DerivedData/Build/Products/Debug-iphonesimulator -iframework /Applications/Xcode.app/Contents/Developer/Platforms/iPhoneSimulator.platform/Developer/Library/Frameworks -iframework /Applications/Xcode.app/Contents/Developer/Platforms/iPhoneSimulator.platform/Developer/SDKs/iPhoneSimulator27.0.sdk/Developer/Library/Frameworks -filelist /var/folders/3w/91hphlzs0rv_1twbkfyhvn6m0000gn/T/condisco-preflight.bh4YjN/DerivedData/Build/Intermediates.noindex/Condisco.build/Debug-iphonesimulator/CondiscoUITests.build/Objects-normal/arm64/CondiscoUITests.LinkFileList -Xlinker -rpath -Xlinker /usr/lib/swift -Xlinker -rpath -Xlinker @loader_path/Frameworks -Xlinker -dead_strip -Xlinker -object_path_lto -Xlinker /var/folders/3w/91hphlzs0rv_1twbkfyhvn6m0000gn/T/condisco-preflight.bh4YjN/DerivedData/Build/Intermediates.noindex/Condisco.build/Debug-iphonesimulator/CondiscoUITests.build/Objects-normal/arm64/CondiscoUITests_lto.o -rdynamic -Xlinker -no_deduplicate -Xlinker -objc_abi_version -Xlinker 2 -Xlinker -dependency_info -Xlinker /var/folders/3w/91hphlzs0rv_1twbkfyhvn6m0000gn/T/condisco-preflight.bh4YjN/DerivedData/Build/Intermediates.noindex/Condisco.build/Debug-iphonesimulator/CondiscoUITests.build/Objects-normal/arm64/CondiscoUITests_dependency_info.dat -fobjc-link-runtime -L/Applications/Xcode.app/Contents/Developer/Toolchains/XcodeDefault.xctoolchain/usr/lib/swift/iphonesimulator -L/usr/lib/swift -Xlinker -add_ast_path -Xlinker /var/folders/3w/91hphlzs0rv_1twbkfyhvn6m0000gn/T/condisco-preflight.bh4YjN/DerivedData/Build/Intermediates.noindex/Condisco.build/Debug-iphonesimulator/CondiscoUITests.build/Objects-normal/arm64/CondiscoUITests.swiftmodule -Xlinker -needed_framework -Xlinker XCTest -framework XCTest -Xlinker -needed-lXCTestSwiftSupport -lXCTestSwiftSupport -Xlinker -sectcreate -Xlinker __TEXT -Xlinker __entitlements -Xlinker /var/folders/3w/91hphlzs0rv_1twbkfyhvn6m0000gn/T/condisco-preflight.bh4YjN/DerivedData/Build/Intermediates.noindex/Condisco.build/Debug-iphonesimulator/CondiscoUITests.build/CondiscoUITests.xctest-Simulated.xcent -Xlinker -sectcreate -Xlinker __TEXT -Xlinker __ents_der -Xlinker /var/folders/3w/91hphlzs0rv_1twbkfyhvn6m0000gn/T/condisco-preflight.bh4YjN/DerivedData/Build/Intermediates.noindex/Condisco.build/Debug-iphonesimulator/CondiscoUITests.build/CondiscoUITests.xctest-Simulated.xcent.der -Xlinker -no_adhoc_codesign -o /var/folders/3w/91hphlzs0rv_1twbkfyhvn6m0000gn/T/condisco-preflight.bh4YjN/DerivedData/Build/Products/Debug-iphonesimulator/CondiscoUITests-Runner.app/PlugIns/CondiscoUITests.xctest/CondiscoUITests

ExtractAppIntentsMetadata (in target 'CondiscoUITests' from project 'Condisco')
    cd /Users/spkoehl/Projects/VerbaLibera
    /Applications/Xcode.app/Contents/Developer/Toolchains/XcodeDefault.xctoolchain/usr/bin/appintentsmetadataprocessor --toolchain-dir /Applications/Xcode.app/Contents/Developer/Toolchains/XcodeDefault.xctoolchain --module-name CondiscoUITests --sdk-root /Applications/Xcode.app/Contents/Developer/Platforms/iPhoneSimulator.platform/Developer/SDKs/iPhoneSimulator27.0.sdk --xcode-version 27A266a --platform-family iOS --deployment-target 17.0 --bundle-identifier com.sleuthysloth.condisco.UITests --output /var/folders/3w/91hphlzs0rv_1twbkfyhvn6m0000gn/T/condisco-preflight.bh4YjN/DerivedData/Build/Products/Debug-iphonesimulator/CondiscoUITests-Runner.app/PlugIns/CondiscoUITests.xctest --target-triple arm64-apple-ios17.0-simulator --binary-file /var/folders/3w/91hphlzs0rv_1twbkfyhvn6m0000gn/T/condisco-preflight.bh4YjN/DerivedData/Build/Products/Debug-iphonesimulator/CondiscoUITests-Runner.app/PlugIns/CondiscoUITests.xctest/CondiscoUITests --dependency-file /var/folders/3w/91hphlzs0rv_1twbkfyhvn6m0000gn/T/condisco-preflight.bh4YjN/DerivedData/Build/Intermediates.noindex/Condisco.build/Debug-iphonesimulator/CondiscoUITests.build/Objects-normal/arm64/CondiscoUITests_dependency_info.dat --stringsdata-file /var/folders/3w/91hphlzs0rv_1twbkfyhvn6m0000gn/T/condisco-preflight.bh4YjN/DerivedData/Build/Intermediates.noindex/Condisco.build/Debug-iphonesimulator/CondiscoUITests.build/Objects-normal/arm64/ExtractedAppShortcutsMetadata.stringsdata --source-file-list /var/folders/3w/91hphlzs0rv_1twbkfyhvn6m0000gn/T/condisco-preflight.bh4YjN/DerivedData/Build/Intermediates.noindex/Condisco.build/Debug-iphonesimulator/CondiscoUITests.build/Objects-normal/arm64/CondiscoUITests.SwiftFileList --metadata-file-list /var/folders/3w/91hphlzs0rv_1twbkfyhvn6m0000gn/T/condisco-preflight.bh4YjN/DerivedData/Build/Intermediates.noindex/Condisco.build/Debug-iphonesimulator/CondiscoUITests.build/CondiscoUITests.DependencyMetadataFileList --static-metadata-file-list /var/folders/3w/91hphlzs0rv_1twbkfyhvn6m0000gn/T/condisco-preflight.bh4YjN/DerivedData/Build/Intermediates.noindex/Condisco.build/Debug-iphonesimulator/CondiscoUITests.build/CondiscoUITests.DependencyStaticMetadataFileList --swift-const-vals-list /var/folders/3w/91hphlzs0rv_1twbkfyhvn6m0000gn/T/condisco-preflight.bh4YjN/DerivedData/Build/Intermediates.noindex/Condisco.build/Debug-iphonesimulator/CondiscoUITests.build/Objects-normal/arm64/CondiscoUITests.SwiftConstValuesFileList --compile-time-extraction --deployment-aware-processing --no-app-shortcuts-localization
2026-09-27 05:15:35.436 appintentsmetadataprocessor[34845:2278355] Starting appintentsmetadataprocessor export
2026-09-27 05:15:35.438 appintentsmetadataprocessor[34845:2278355] warning: Metadata extraction skipped, no AppIntents.framework dependency found

CopySwiftLibs /var/folders/3w/91hphlzs0rv_1twbkfyhvn6m0000gn/T/condisco-preflight.bh4YjN/DerivedData/Build/Products/Debug-iphonesimulator/CondiscoUITests-Runner.app/PlugIns/CondiscoUITests.xctest (in target 'CondiscoUITests' from project 'Condisco')
    cd /Users/spkoehl/Projects/VerbaLibera
    builtin-swiftStdLibTool --copy --verbose --sign - --scan-executable /var/folders/3w/91hphlzs0rv_1twbkfyhvn6m0000gn/T/condisco-preflight.bh4YjN/DerivedData/Build/Products/Debug-iphonesimulator/CondiscoUITests-Runner.app/PlugIns/CondiscoUITests.xctest/CondiscoUITests --scan-folder /var/folders/3w/91hphlzs0rv_1twbkfyhvn6m0000gn/T/condisco-preflight.bh4YjN/DerivedData/Build/Products/Debug-iphonesimulator/CondiscoUITests-Runner.app/PlugIns/CondiscoUITests.xctest/Frameworks --scan-folder /var/folders/3w/91hphlzs0rv_1twbkfyhvn6m0000gn/T/condisco-preflight.bh4YjN/DerivedData/Build/Products/Debug-iphonesimulator/CondiscoUITests-Runner.app/PlugIns/CondiscoUITests.xctest/PlugIns --scan-folder /var/folders/3w/91hphlzs0rv_1twbkfyhvn6m0000gn/T/condisco-preflight.bh4YjN/DerivedData/Build/Products/Debug-iphonesimulator/CondiscoUITests-Runner.app/PlugIns/CondiscoUITests.xctest/SystemExtensions --scan-folder /var/folders/3w/91hphlzs0rv_1twbkfyhvn6m0000gn/T/condisco-preflight.bh4YjN/DerivedData/Build/Products/Debug-iphonesimulator/CondiscoUITests-Runner.app/PlugIns/CondiscoUITests.xctest/Extensions --platform iphonesimulator --toolchain /Applications/Xcode.app/Contents/Developer/Toolchains/XcodeDefault.xctoolchain --destination /var/folders/3w/91hphlzs0rv_1twbkfyhvn6m0000gn/T/condisco-preflight.bh4YjN/DerivedData/Build/Products/Debug-iphonesimulator/CondiscoUITests-Runner.app/PlugIns/CondiscoUITests.xctest/Frameworks --strip-bitcode --scan-executable /Applications/Xcode.app/Contents/Developer/Platforms/iPhoneSimulator.platform/Developer/usr/lib/libXCTestSwiftSupport.dylib --strip-bitcode-tool /Applications/Xcode.app/Contents/Developer/Toolchains/XcodeDefault.xctoolchain/usr/bin/bitcode_strip --emit-dependency-info /var/folders/3w/91hphlzs0rv_1twbkfyhvn6m0000gn/T/condisco-preflight.bh4YjN/DerivedData/Build/Intermediates.noindex/Condisco.build/Debug-iphonesimulator/CondiscoUITests.build/SwiftStdLibToolInputDependencies.dep --filter-for-swift-os

AppIntentsSSUTraining (in target 'CondiscoUITests' from project 'Condisco')
    cd /Users/spkoehl/Projects/VerbaLibera
    /Applications/Xcode.app/Contents/Developer/Toolchains/XcodeDefault.xctoolchain/usr/bin/appintentsnltrainingprocessor --infoplist-path /var/folders/3w/91hphlzs0rv_1twbkfyhvn6m0000gn/T/condisco-preflight.bh4YjN/DerivedData/Build/Products/Debug-iphonesimulator/CondiscoUITests-Runner.app/PlugIns/CondiscoUITests.xctest/Info.plist --temp-dir-path /var/folders/3w/91hphlzs0rv_1twbkfyhvn6m0000gn/T/condisco-preflight.bh4YjN/DerivedData/Build/Intermediates.noindex/Condisco.build/Debug-iphonesimulator/CondiscoUITests.build/ssu --bundle-id com.sleuthysloth.condisco.UITests --product-path /var/folders/3w/91hphlzs0rv_1twbkfyhvn6m0000gn/T/condisco-preflight.bh4YjN/DerivedData/Build/Products/Debug-iphonesimulator/CondiscoUITests-Runner.app/PlugIns/CondiscoUITests.xctest --extracted-metadata-path /var/folders/3w/91hphlzs0rv_1twbkfyhvn6m0000gn/T/condisco-preflight.bh4YjN/DerivedData/Build/Products/Debug-iphonesimulator/CondiscoUITests-Runner.app/PlugIns/CondiscoUITests.xctest/Metadata.appintents --metadata-file-list /var/folders/3w/91hphlzs0rv_1twbkfyhvn6m0000gn/T/condisco-preflight.bh4YjN/DerivedData/Build/Intermediates.noindex/Condisco.build/Debug-iphonesimulator/CondiscoUITests.build/CondiscoUITests.DependencyMetadataFileList --source-file /var/folders/3w/91hphlzs0rv_1twbkfyhvn6m0000gn/T/condisco-preflight.bh4YjN/DerivedData/Build/Products/Debug-iphonesimulator/CondiscoUITests-Runner.app/PlugIns/CondiscoUITests.xctest/Info.plist --archive-ssu-assets
2026-09-27 05:15:35.464 appintentsnltrainingprocessor[34846:2278356] Parsing options for appintentsnltrainingprocessor
2026-09-27 05:15:35.464 appintentsnltrainingprocessor[34846:2278356] Starting AppIntents SSU YAML Generation
2026-09-27 05:15:35.464 appintentsnltrainingprocessor[34846:2278356] No AppShortcuts found - Skipping.

Copy /var/folders/3w/91hphlzs0rv_1twbkfyhvn6m0000gn/T/condisco-preflight.bh4YjN/DerivedData/Build/Products/Debug-iphonesimulator/CondiscoUITests-Runner.app/PkgInfo /Applications/Xcode.app/Contents/Developer/Platforms/iPhoneSimulator.platform/Developer/Library/Xcode/Agents/XCTRunner.app/PkgInfo (in target 'CondiscoUITests' from project 'Condisco')
    cd /Users/spkoehl/Projects/VerbaLibera
    builtin-copy -exclude .DS_Store -exclude CVS -exclude .svn -exclude .git -exclude .hg -resolve-src-symlinks /Applications/Xcode.app/Contents/Developer/Platforms/iPhoneSimulator.platform/Developer/Library/Xcode/Agents/XCTRunner.app/PkgInfo /var/folders/3w/91hphlzs0rv_1twbkfyhvn6m0000gn/T/condisco-preflight.bh4YjN/DerivedData/Build/Products/Debug-iphonesimulator/CondiscoUITests-Runner.app

CopyAndPreserveArchs /var/folders/3w/91hphlzs0rv_1twbkfyhvn6m0000gn/T/condisco-preflight.bh4YjN/DerivedData/Build/Products/Debug-iphonesimulator/CondiscoUITests-Runner.app/CondiscoUITests-Runner (in target 'CondiscoUITests' from project 'Condisco')
    cd /Users/spkoehl/Projects/VerbaLibera
    /Applications/Xcode.app/Contents/Developer/Toolchains/XcodeDefault.xctoolchain/usr/bin/lipo /Applications/Xcode.app/Contents/Developer/Platforms/iPhoneSimulator.platform/Developer/Library/Xcode/Agents/XCTRunner.app/XCTRunner -output /var/folders/3w/91hphlzs0rv_1twbkfyhvn6m0000gn/T/condisco-preflight.bh4YjN/DerivedData/Build/Products/Debug-iphonesimulator/CondiscoUITests-Runner.app/CondiscoUITests-Runner -extract arm64

CopyPlistFile /var/folders/3w/91hphlzs0rv_1twbkfyhvn6m0000gn/T/condisco-preflight.bh4YjN/DerivedData/Build/Products/Debug-iphonesimulator/CondiscoUITests-Runner.app/Info.plist /Applications/Xcode.app/Contents/Developer/Platforms/iPhoneSimulator.platform/Developer/Library/Xcode/Agents/XCTRunner.app/Info.plist (in target 'CondiscoUITests' from project 'Condisco')
    cd /Users/spkoehl/Projects/VerbaLibera
    builtin-copyPlist --validate --convert xml1 --macro-expansion WRAPPEDPRODUCTNAME CondiscoUITests-Runner --macro-expansion WRAPPEDPRODUCTBUNDLEIDENTIFIER com.sleuthysloth.condisco.UITests.xctrunner --macro-expansion TESTPRODUCTNAME CondiscoUITests --macro-expansion TESTPRODUCTBUNDLEIDENTIFIER com.sleuthysloth.condisco.UITests --copy-value UIDeviceFamily /var/folders/3w/91hphlzs0rv_1twbkfyhvn6m0000gn/T/condisco-preflight.bh4YjN/DerivedData/Build/Products/Debug-iphonesimulator/CondiscoUITests-Runner.app/PlugIns/CondiscoUITests.xctest/Info.plist --outdir /var/folders/3w/91hphlzs0rv_1twbkfyhvn6m0000gn/T/condisco-preflight.bh4YjN/DerivedData/Build/Products/Debug-iphonesimulator/CondiscoUITests-Runner.app -- /Applications/Xcode.app/Contents/Developer/Platforms/iPhoneSimulator.platform/Developer/Library/Xcode/Agents/XCTRunner.app/Info.plist

MkDir /var/folders/3w/91hphlzs0rv_1twbkfyhvn6m0000gn/T/condisco-preflight.bh4YjN/DerivedData/Build/Products/Debug-iphonesimulator/CondiscoUITests-Runner.app (in target 'CondiscoUITests' from project 'Condisco')
    cd /Users/spkoehl/Projects/VerbaLibera
    /bin/mkdir -p /var/folders/3w/91hphlzs0rv_1twbkfyhvn6m0000gn/T/condisco-preflight.bh4YjN/DerivedData/Build/Products/Debug-iphonesimulator/CondiscoUITests-Runner.app

CodeSign /var/folders/3w/91hphlzs0rv_1twbkfyhvn6m0000gn/T/condisco-preflight.bh4YjN/DerivedData/Build/Products/Debug-iphonesimulator/CondiscoUITests-Runner.app/PlugIns/CondiscoUITests.xctest (in target 'CondiscoUITests' from project 'Condisco')
    cd /Users/spkoehl/Projects/VerbaLibera
    
    Signing Identity:     "Sign to Run Locally"
    
    /usr/bin/codesign --force --sign - --timestamp\=none --generate-entitlement-der /var/folders/3w/91hphlzs0rv_1twbkfyhvn6m0000gn/T/condisco-preflight.bh4YjN/DerivedData/Build/Products/Debug-iphonesimulator/CondiscoUITests-Runner.app/PlugIns/CondiscoUITests.xctest

CodeSign /var/folders/3w/91hphlzs0rv_1twbkfyhvn6m0000gn/T/condisco-preflight.bh4YjN/DerivedData/Build/Products/Debug-iphonesimulator/CondiscoUITests-Runner.app (in target 'CondiscoUITests' from project 'Condisco')
    cd /Users/spkoehl/Projects/VerbaLibera
    
    Signing Identity:     "Sign to Run Locally"
    
    /usr/bin/codesign --force --sign - --timestamp\=none --generate-entitlement-der /var/folders/3w/91hphlzs0rv_1twbkfyhvn6m0000gn/T/condisco-preflight.bh4YjN/DerivedData/Build/Products/Debug-iphonesimulator/CondiscoUITests-Runner.app
/var/folders/3w/91hphlzs0rv_1twbkfyhvn6m0000gn/T/condisco-preflight.bh4YjN/DerivedData/Build/Products/Debug-iphonesimulator/CondiscoUITests-Runner.app: replacing existing signature

RegisterExecutionPolicyException /var/folders/3w/91hphlzs0rv_1twbkfyhvn6m0000gn/T/condisco-preflight.bh4YjN/DerivedData/Build/Products/Debug-iphonesimulator/CondiscoUITests-Runner.app/PlugIns/CondiscoUITests.xctest (in target 'CondiscoUITests' from project 'Condisco')
    cd /Users/spkoehl/Projects/VerbaLibera
    builtin-RegisterExecutionPolicyException /var/folders/3w/91hphlzs0rv_1twbkfyhvn6m0000gn/T/condisco-preflight.bh4YjN/DerivedData/Build/Products/Debug-iphonesimulator/CondiscoUITests-Runner.app/PlugIns/CondiscoUITests.xctest

Touch /var/folders/3w/91hphlzs0rv_1twbkfyhvn6m0000gn/T/condisco-preflight.bh4YjN/DerivedData/Build/Products/Debug-iphonesimulator/CondiscoUITests-Runner.app/PlugIns/CondiscoUITests.xctest (in target 'CondiscoUITests' from project 'Condisco')
    cd /Users/spkoehl/Projects/VerbaLibera
    /usr/bin/touch -c /var/folders/3w/91hphlzs0rv_1twbkfyhvn6m0000gn/T/condisco-preflight.bh4YjN/DerivedData/Build/Products/Debug-iphonesimulator/CondiscoUITests-Runner.app/PlugIns/CondiscoUITests.xctest

PruneExplicitPrecompiledModules /var/folders/3w/91hphlzs0rv_1twbkfyhvn6m0000gn/T/condisco-preflight.bh4YjN/DerivedData/SDKExplicitPrecompiledModules

PruneExplicitPrecompiledModules /var/folders/3w/91hphlzs0rv_1twbkfyhvn6m0000gn/T/condisco-preflight.bh4YjN/DerivedData/Build/Intermediates.noindex/ExplicitPrecompiledModules

PruneExplicitPrecompiledModules /var/folders/3w/91hphlzs0rv_1twbkfyhvn6m0000gn/T/condisco-preflight.bh4YjN/DerivedData/Build/Intermediates.noindex/SwiftExplicitPrecompiledModules

2026-09-27 05:17:18.479476-0700 Condisco[35853:2283479] [General] Failed to send CA Event for app launch measurements for ca_event_type: 0 event_name: com.apple.app_launch_measurement.FirstFramePresentationMetric
2026-09-27 05:17:18.486416-0700 Condisco[35853:2281979] [XPCErrors] non-launching port is incompatible with service identifier "com.apple.PointerUI.pointeruid.default-service"
2026-09-27 05:17:18.496973-0700 Condisco[35853:2281979] [API] cannot add handler to 0 from 0 - dropping
2026-09-27 05:17:18.497211-0700 Condisco[35853:2281979] [API] cannot add handler to 0 from 0 - dropping
2026-09-27 05:17:18.498002-0700 Condisco[35853:2281979] [API] cannot add handler to 0 from 0 - dropping
2026-09-27 05:17:18.498068-0700 Condisco[35853:2281979] [API] cannot add handler to 0 from 0 - dropping
2026-09-27 05:17:18.632197-0700 Condisco[35853:2283479] [General] Failed to send CA Event for app launch measurements for ca_event_type: 1 event_name: com.apple.app_launch_measurement.ExtendedLaunchMetrics
Test Suite 'All tests' started at 2026-09-27 05:17:21.179.
Test Suite 'CondiscoTests.xctest' started at 2026-09-27 05:17:21.181.
Test Suite 'ActivityEvaluationTests' started at 2026-09-27 05:17:21.181.
Test Case '-[CondiscoTests.ActivityEvaluationTests testAssistanceTaintsOnlyPerActivityKinds]' started.
Test Case '-[CondiscoTests.ActivityEvaluationTests testAssistanceTaintsOnlyPerActivityKinds]' passed (0.004 seconds).
Test Case '-[CondiscoTests.ActivityEvaluationTests testClozeAllOrNothingGrading]' started.
Test Case '-[CondiscoTests.ActivityEvaluationTests testClozeAllOrNothingGrading]' passed (0.004 seconds).
Test Case '-[CondiscoTests.ActivityEvaluationTests testHintTextForClozeUsesFirstAnswerLetter]' started.
Test Case '-[CondiscoTests.ActivityEvaluationTests testHintTextForClozeUsesFirstAnswerLetter]' passed (0.000 seconds).
Test Case '-[CondiscoTests.ActivityEvaluationTests testInformationActivityRequiresContinue]' started.
Test Case '-[CondiscoTests.ActivityEvaluationTests testInformationActivityRequiresContinue]' passed (0.136 seconds).
Test Case '-[CondiscoTests.ActivityEvaluationTests testMatchingEvaluation]' started.
Test Case '-[CondiscoTests.ActivityEvaluationTests testMatchingEvaluation]' passed (0.000 seconds).
Test Case '-[CondiscoTests.ActivityEvaluationTests testOrderingEvaluation]' started.
Test Case '-[CondiscoTests.ActivityEvaluationTests testOrderingEvaluation]' passed (0.001 seconds).
Test Case '-[CondiscoTests.ActivityEvaluationTests testSelectionCorrectAndIncorrect]' started.
Test Case '-[CondiscoTests.ActivityEvaluationTests testSelectionCorrectAndIncorrect]' passed (0.001 seconds).
Test Case '-[CondiscoTests.ActivityEvaluationTests testSelectionRejectsMalformedSelections]' started.
Test Case '-[CondiscoTests.ActivityEvaluationTests testSelectionRejectsMalformedSelections]' passed (0.001 seconds).
Test Case '-[CondiscoTests.ActivityEvaluationTests testTextActivityGrading]' started.
Test Case '-[CondiscoTests.ActivityEvaluationTests testTextActivityGrading]' passed (0.003 seconds).
Test Case '-[CondiscoTests.ActivityEvaluationTests testValidDraftHelper]' started.
Test Case '-[CondiscoTests.ActivityEvaluationTests testValidDraftHelper]' passed (0.001 seconds).
Test Suite 'ActivityEvaluationTests' passed at 2026-09-27 05:17:21.360.
	 Executed 10 tests, with 0 failures (0 unexpected) in 0.150 (0.179) seconds
Test Suite 'AnswerEngineTests' started at 2026-09-27 05:17:21.362.
Test Case '-[CondiscoTests.AnswerEngineTests testAcceptedAlternativeTagsSecondForm]' started.
Test Case '-[CondiscoTests.AnswerEngineTests testAcceptedAlternativeTagsSecondForm]' passed (0.005 seconds).
Test Case '-[CondiscoTests.AnswerEngineTests testAuthoredErrorHitsCategoryAndExplains]' started.
Test Case '-[CondiscoTests.AnswerEngineTests testAuthoredErrorHitsCategoryAndExplains]' passed (0.000 seconds).
Test Case '-[CondiscoTests.AnswerEngineTests testBlankAndOverlongResponsesRejected]' started.
Test Case '-[CondiscoTests.AnswerEngineTests testBlankAndOverlongResponsesRejected]' passed (0.001 seconds).
Test Case '-[CondiscoTests.AnswerEngineTests testBoundedEditDistance]' started.
Test Case '-[CondiscoTests.AnswerEngineTests testBoundedEditDistance]' passed (0.001 seconds).
Test Case '-[CondiscoTests.AnswerEngineTests testCaseAndPunctuationAndWhitespaceTolerance]' started.
Test Case '-[CondiscoTests.AnswerEngineTests testCaseAndPunctuationAndWhitespaceTolerance]' passed (0.000 seconds).
Test Case '-[CondiscoTests.AnswerEngineTests testExactMatchGivesFullCredit]' started.
Test Case '-[CondiscoTests.AnswerEngineTests testExactMatchGivesFullCredit]' passed (0.003 seconds).
Test Case '-[CondiscoTests.AnswerEngineTests testExtraWordDetected]' started.
Test Case '-[CondiscoTests.AnswerEngineTests testExtraWordDetected]' passed (0.001 seconds).
Test Case '-[CondiscoTests.AnswerEngineTests testMissingWordDetected]' started.
Test Case '-[CondiscoTests.AnswerEngineTests testMissingWordDetected]' passed (0.001 seconds).
Test Case '-[CondiscoTests.AnswerEngineTests testNormalizePrimitives]' started.
Test Case '-[CondiscoTests.AnswerEngineTests testNormalizePrimitives]' passed (0.000 seconds).
Test Case '-[CondiscoTests.AnswerEngineTests testTypoAcceptedAsPartialCreditWhenAllowed]' started.
Test Case '-[CondiscoTests.AnswerEngineTests testTypoAcceptedAsPartialCreditWhenAllowed]' passed (0.001 seconds).
Test Case '-[CondiscoTests.AnswerEngineTests testTypoRejectedWhenStrict]' started.
Test Case '-[CondiscoTests.AnswerEngineTests testTypoRejectedWhenStrict]' passed (0.001 seconds).
Test Case '-[CondiscoTests.AnswerEngineTests testWordOrderProblemDetected]' started.
Test Case '-[CondiscoTests.AnswerEngineTests testWordOrderProblemDetected]' passed (0.001 seconds).
Test Case '-[CondiscoTests.AnswerEngineTests testWrongAnswerRejected]' started.
Test Case '-[CondiscoTests.AnswerEngineTests testWrongAnswerRejected]' passed (0.001 seconds).
Test Suite 'AnswerEngineTests' passed at 2026-09-27 05:17:21.380.
	 Executed 13 tests, with 0 failures (0 unexpected) in 0.014 (0.018) seconds
Test Suite 'CheckpointAttemptTests' started at 2026-09-27 05:17:21.380.
Test Case '-[CondiscoTests.CheckpointAttemptTests testCheckpointAttemptRecordsTaskModalityAssistanceRatingAndDate]' started.
Test Case '-[CondiscoTests.CheckpointAttemptTests testCheckpointAttemptRecordsTaskModalityAssistanceRatingAndDate]' passed (0.015 seconds).
Test Case '-[CondiscoTests.CheckpointAttemptTests testCheckpointAttemptSurvivesExportValidateImportRoundTrip]' started.
Test Case '-[CondiscoTests.CheckpointAttemptTests testCheckpointAttemptSurvivesExportValidateImportRoundTrip]' passed (0.021 seconds).
Test Case '-[CondiscoTests.CheckpointAttemptTests testCheckpointAttemptWithoutRevealCarriesNoIndependentCredit]' started.
Test Case '-[CondiscoTests.CheckpointAttemptTests testCheckpointAttemptWithoutRevealCarriesNoIndependentCredit]' passed (0.005 seconds).
Test Case '-[CondiscoTests.CheckpointAttemptTests testCheckpointRetakeAppendsWithoutDuplicatingCompletion]' started.
Test Case '-[CondiscoTests.CheckpointAttemptTests testCheckpointRetakeAppendsWithoutDuplicatingCompletion]' passed (0.006 seconds).
Test Case '-[CondiscoTests.CheckpointAttemptTests testLowSelfRatedCheckpointStillLeavesLearnerFreeToContinue]' started.
Test Case '-[CondiscoTests.CheckpointAttemptTests testLowSelfRatedCheckpointStillLeavesLearnerFreeToContinue]' passed (0.006 seconds).
Test Suite 'CheckpointAttemptTests' passed at 2026-09-27 05:17:21.434.
	 Executed 5 tests, with 0 failures (0 unexpected) in 0.053 (0.054) seconds
Test Suite 'CheckpointFlowTests' started at 2026-09-27 05:17:21.434.
Test Case '-[CondiscoTests.CheckpointFlowTests testCheckpointCopyNamesSourcesAndBansLevelClaims]' started.
Test Case '-[CondiscoTests.CheckpointFlowTests testCheckpointCopyNamesSourcesAndBansLevelClaims]' passed (0.002 seconds).
Test Case '-[CondiscoTests.CheckpointFlowTests testDevelopingReadingRevisitStaysInDevelopingStage]' started.
Test Case '-[CondiscoTests.CheckpointFlowTests testDevelopingReadingRevisitStaysInDevelopingStage]' passed (0.019 seconds).
Test Case '-[CondiscoTests.CheckpointFlowTests testFlowAttemptsNeverTouchLessonProgress]' started.
Test Case '-[CondiscoTests.CheckpointFlowTests testFlowAttemptsNeverTouchLessonProgress]' passed (0.007 seconds).
Test Case '-[CondiscoTests.CheckpointFlowTests testFlowReadingResultsGradeSelectionStyle]' started.
Test Case '-[CondiscoTests.CheckpointFlowTests testFlowReadingResultsGradeSelectionStyle]' passed (0.001 seconds).
Test Case '-[CondiscoTests.CheckpointFlowTests testFlowRecordingPathHonorsRevealBeforeAnswer]' started.
Test Case '-[CondiscoTests.CheckpointFlowTests testFlowRecordingPathHonorsRevealBeforeAnswer]' passed (0.006 seconds).
Test Case '-[CondiscoTests.CheckpointFlowTests testFoundationReadingRevisitResolvesToRealFoundationLessons]' started.
Test Case '-[CondiscoTests.CheckpointFlowTests testFoundationReadingRevisitResolvesToRealFoundationLessons]' passed (0.012 seconds).
Test Case '-[CondiscoTests.CheckpointFlowTests testFoundationSpeakingMissSuggestsTheSpeakingLesson]' started.
Test Case '-[CondiscoTests.CheckpointFlowTests testFoundationSpeakingMissSuggestsTheSpeakingLesson]' passed (0.019 seconds).
Test Case '-[CondiscoTests.CheckpointFlowTests testRevisitSuggestionsAreEmptyWhenDerivationIsHonestlyThin]' started.
Test Case '-[CondiscoTests.CheckpointFlowTests testRevisitSuggestionsAreEmptyWhenDerivationIsHonestlyThin]' passed (0.024 seconds).
Test Suite 'CheckpointFlowTests' passed at 2026-09-27 05:17:21.527.
	 Executed 8 tests, with 0 failures (0 unexpected) in 0.090 (0.093) seconds
Test Suite 'DataExportTests' started at 2026-09-27 05:17:21.527.
Test Case '-[CondiscoTests.DataExportTests testDeletingThenReimportingRestoresDocumentWithoutTouchingPhraseReviewState]' started.
Test Case '-[CondiscoTests.DataExportTests testDeletingThenReimportingRestoresDocumentWithoutTouchingPhraseReviewState]' passed (0.025 seconds).
Test Case '-[CondiscoTests.DataExportTests testExportContainsEventsCheckpointTombstonesPhrasesAndListenState]' started.
Test Case '-[CondiscoTests.DataExportTests testExportContainsEventsCheckpointTombstonesPhrasesAndListenState]' passed (0.025 seconds).
Test Case '-[CondiscoTests.DataExportTests testExportContainsNoDocumentContentInCloudKitOrWidgetPaths]' started.
Test Case '-[CondiscoTests.DataExportTests testExportContainsNoDocumentContentInCloudKitOrWidgetPaths]' passed (0.064 seconds).
Test Case '-[CondiscoTests.DataExportTests testExportContainsNoSecretsRecordingsOrDeviceBookkeeping]' started.
Test Case '-[CondiscoTests.DataExportTests testExportContainsNoSecretsRecordingsOrDeviceBookkeeping]' passed (0.008 seconds).
Test Case '-[CondiscoTests.DataExportTests testExportDocumentSectionAbsentInLegacyAndVersion1Files]' started.
Test Case '-[CondiscoTests.DataExportTests testExportDocumentSectionAbsentInLegacyAndVersion1Files]' passed (0.008 seconds).
Test Case '-[CondiscoTests.DataExportTests testExportHeaderHasFormatVersionAndAppIdentifier]' started.
Test Case '-[CondiscoTests.DataExportTests testExportHeaderHasFormatVersionAndAppIdentifier]' passed (0.005 seconds).
Test Case '-[CondiscoTests.DataExportTests testExportIncludesPlacementRecommendations]' started.
Test Case '-[CondiscoTests.DataExportTests testExportIncludesPlacementRecommendations]' passed (0.006 seconds).
Test Case '-[CondiscoTests.DataExportTests testExportRoundTripsDocumentsTitlesDatesContentAndLinks]' started.
Test Case '-[CondiscoTests.DataExportTests testExportRoundTripsDocumentsTitlesDatesContentAndLinks]' passed (0.010 seconds).
Test Case '-[CondiscoTests.DataExportTests testExportRoundTripsIdentifiersAndRawTimestamps]' started.
Test Case '-[CondiscoTests.DataExportTests testExportRoundTripsIdentifiersAndRawTimestamps]' passed (0.007 seconds).
Test Case '-[CondiscoTests.DataExportTests testImportPreviewCountsLinesIncludeDocuments]' started.
Test Case '-[CondiscoTests.DataExportTests testImportPreviewCountsLinesIncludeDocuments]' passed (0.011 seconds).
Test Case '-[CondiscoTests.DataExportTests testImportRestoresDocumentsAndLinksWithoutTouchingOtherSections]' started.
Test Case '-[CondiscoTests.DataExportTests testImportRestoresDocumentsAndLinksWithoutTouchingOtherSections]' passed (0.017 seconds).
Test Case '-[CondiscoTests.DataExportTests testReimportingExportIsIdempotent]' started.
Test Case '-[CondiscoTests.DataExportTests testReimportingExportIsIdempotent]' passed (0.007 seconds).
Test Suite 'DataExportTests' passed at 2026-09-27 05:17:21.724.
	 Executed 12 tests, with 0 failures (0 unexpected) in 0.192 (0.196) seconds
Test Suite 'DialogueSessionTests' started at 2026-09-27 05:17:21.724.
Test Case '-[CondiscoTests.DialogueSessionTests testClarificationRouteRejoinsMainThread]' started.
Test Case '-[CondiscoTests.DialogueSessionTests testClarificationRouteRejoinsMainThread]' passed (0.001 seconds).
Test Case '-[CondiscoTests.DialogueSessionTests testDialogueMainPathRunsToCompletion]' started.
Test Case '-[CondiscoTests.DialogueSessionTests testDialogueMainPathRunsToCompletion]' passed (0.005 seconds).
Test Case '-[CondiscoTests.DialogueSessionTests testForceQuitResumeKeepsPositionAndTurnOrder]' started.
Test Case '-[CondiscoTests.DialogueSessionTests testForceQuitResumeKeepsPositionAndTurnOrder]' passed (0.001 seconds).
Test Case '-[CondiscoTests.DialogueSessionTests testPlansExchangeMisunderstandingAboutDay]' started.
Test Case '-[CondiscoTests.DialogueSessionTests testPlansExchangeMisunderstandingAboutDay]' passed (0.000 seconds).
Test Case '-[CondiscoTests.DialogueSessionTests testPractiseAgainStartsFreshAttempt]' started.
Test Case '-[CondiscoTests.DialogueSessionTests testPractiseAgainStartsFreshAttempt]' passed (0.000 seconds).
Test Case '-[CondiscoTests.DialogueSessionTests testRecapDataContainsOnlyLearnerSuppliedResponses]' started.
Test Case '-[CondiscoTests.DialogueSessionTests testRecapDataContainsOnlyLearnerSuppliedResponses]' passed (0.000 seconds).
Test Case '-[CondiscoTests.DialogueSessionTests testResumeReturnsNilForBrokenThread]' started.
Test Case '-[CondiscoTests.DialogueSessionTests testResumeReturnsNilForBrokenThread]' passed (0.000 seconds).
Test Case '-[CondiscoTests.DialogueSessionTests testStartDialogueRequiresHostedExchange]' started.
Test Case '-[CondiscoTests.DialogueSessionTests testStartDialogueRequiresHostedExchange]' passed (0.000 seconds).
Test Suite 'DialogueSessionTests' passed at 2026-09-27 05:17:21.736.
	 Executed 8 tests, with 0 failures (0 unexpected) in 0.010 (0.012) seconds
Test Suite 'DialogueStoreTests' started at 2026-09-27 05:17:21.736.
Test Case '-[CondiscoTests.DialogueStoreTests testDialogueCheckpointRoundTripPreservesExchange]' started.
Test Case '-[CondiscoTests.DialogueStoreTests testDialogueCheckpointRoundTripPreservesExchange]' passed (0.012 seconds).
Test Case '-[CondiscoTests.DialogueStoreTests testDialogueCopyBansGradingClaims]' started.
Test Case '-[CondiscoTests.DialogueStoreTests testDialogueCopyBansGradingClaims]' passed (0.008 seconds).
Test Case '-[CondiscoTests.DialogueStoreTests testDialogueOpenTurnModelRevealIsRecorded]' started.
Test Case '-[CondiscoTests.DialogueStoreTests testDialogueOpenTurnModelRevealIsRecorded]' passed (0.008 seconds).
Test Case '-[CondiscoTests.DialogueStoreTests testDialogueReplayRecordsNoDuplicateEvents]' started.
Test Case '-[CondiscoTests.DialogueStoreTests testDialogueReplayRecordsNoDuplicateEvents]' passed (0.006 seconds).
Test Case '-[CondiscoTests.DialogueStoreTests testDialogueTurnsRecordInAuthoredTurnOrder]' started.
Test Case '-[CondiscoTests.DialogueStoreTests testDialogueTurnsRecordInAuthoredTurnOrder]' passed (0.006 seconds).
Test Case '-[CondiscoTests.DialogueStoreTests testDialogueTurnUnknownBindingQuarantines]' started.
Test Case '-[CondiscoTests.DialogueStoreTests testDialogueTurnUnknownBindingQuarantines]' passed (0.008 seconds).
Test Case '-[CondiscoTests.DialogueStoreTests testOldCheckpointWithoutDialogueStateStillDecodes]' started.
Test Case '-[CondiscoTests.DialogueStoreTests testOldCheckpointWithoutDialogueStateStillDecodes]' passed (0.002 seconds).
Test Suite 'DialogueStoreTests' passed at 2026-09-27 05:17:21.789.
	 Executed 7 tests, with 0 failures (0 unexpected) in 0.051 (0.054) seconds
Test Suite 'FsrsStateTests' started at 2026-09-27 05:17:21.789.
Test Case '-[CondiscoTests.FsrsStateTests testFirstGoodReviewInitializesState]' started.
Test Case '-[CondiscoTests.FsrsStateTests testFirstGoodReviewInitializesState]' passed (0.001 seconds).
Test Case '-[CondiscoTests.FsrsStateTests testGradeForAttemptMapsOutcomes]' started.
Test Case '-[CondiscoTests.FsrsStateTests testGradeForAttemptMapsOutcomes]' passed (0.001 seconds).
Test Case '-[CondiscoTests.FsrsStateTests testLegacyPayloadWithoutRepetitionsDefaultsToZero]' started.
Test Case '-[CondiscoTests.FsrsStateTests testLegacyPayloadWithoutRepetitionsDefaultsToZero]' passed (0.001 seconds).
Test Case '-[CondiscoTests.FsrsStateTests testLegacySM2PayloadDecodesTolerantly]' started.
Test Case '-[CondiscoTests.FsrsStateTests testLegacySM2PayloadDecodesTolerantly]' passed (0.000 seconds).
Test Case '-[CondiscoTests.FsrsStateTests testRoundTripEncodeDecode]' started.
Test Case '-[CondiscoTests.FsrsStateTests testRoundTripEncodeDecode]' passed (0.000 seconds).
Test Suite 'FsrsStateTests' passed at 2026-09-27 05:17:21.794.
	 Executed 5 tests, with 0 failures (0 unexpected) in 0.003 (0.005) seconds
Test Suite 'ImportRestoreTests' started at 2026-09-27 05:17:21.794.
Test Case '-[CondiscoTests.ImportRestoreTests testConflictingEventIDAbortsImportLeavingStoreByteIdentical]' started.
Test Case '-[CondiscoTests.ImportRestoreTests testConflictingEventIDAbortsImportLeavingStoreByteIdentical]' passed (0.014 seconds).
Test Case '-[CondiscoTests.ImportRestoreTests testDanglingStepCompletionRejected]' started.
Test Case '-[CondiscoTests.ImportRestoreTests testDanglingStepCompletionRejected]' passed (0.002 seconds).
Test Case '-[CondiscoTests.ImportRestoreTests testDuplicateEventIDsRejected]' started.
Test Case '-[CondiscoTests.ImportRestoreTests testDuplicateEventIDsRejected]' passed (0.001 seconds).
Test Case '-[CondiscoTests.ImportRestoreTests testEventForPackNotInBundleIsRetained]' started.
Test Case '-[CondiscoTests.ImportRestoreTests testEventForPackNotInBundleIsRetained]' passed (0.011 seconds).
Test Case '-[CondiscoTests.ImportRestoreTests testInvalidListenPositionRejectedZeroWrites]' started.
Test Case '-[CondiscoTests.ImportRestoreTests testInvalidListenPositionRejectedZeroWrites]' passed (0.010 seconds).
Test Case '-[CondiscoTests.ImportRestoreTests testLegacyExportWithoutFormatVersionImports]' started.
Test Case '-[CondiscoTests.ImportRestoreTests testLegacyExportWithoutFormatVersionImports]' passed (0.016 seconds).
Test Case '-[CondiscoTests.ImportRestoreTests testOversizedFileRejectedBySizeCap]' started.
Test Case '-[CondiscoTests.ImportRestoreTests testOversizedFileRejectedBySizeCap]' passed (0.010 seconds).
Test Case '-[CondiscoTests.ImportRestoreTests testRepeatImportIsANoOp]' started.
Test Case '-[CondiscoTests.ImportRestoreTests testRepeatImportIsANoOp]' passed (0.006 seconds).
Test Case '-[CondiscoTests.ImportRestoreTests testTruncatedAndCorruptJSONRejectedWithZeroWrites]' started.
Test Case '-[CondiscoTests.ImportRestoreTests testTruncatedAndCorruptJSONRejectedWithZeroWrites]' passed (0.005 seconds).
Test Case '-[CondiscoTests.ImportRestoreTests testUnsupportedFormatVersionRejectedZeroWrites]' started.
Test Case '-[CondiscoTests.ImportRestoreTests testUnsupportedFormatVersionRejectedZeroWrites]' passed (0.004 seconds).
Test Case '-[CondiscoTests.ImportRestoreTests testValidExportImportRestoresCountsIdentifiersAndProjections]' started.
Test Case '-[CondiscoTests.ImportRestoreTests testValidExportImportRestoresCountsIdentifiersAndProjections]' passed (0.009 seconds).
Test Case '-[CondiscoTests.ImportRestoreTests testWrongAppMarkerRejected]' started.
Test Case '-[CondiscoTests.ImportRestoreTests testWrongAppMarkerRejected]' passed (0.001 seconds).
Test Suite 'ImportRestoreTests' passed at 2026-09-27 05:17:21.888.
	 Executed 12 tests, with 0 failures (0 unexpected) in 0.090 (0.094) seconds
Test Suite 'ImportedDocumentTests' started at 2026-09-27 05:17:21.888.
Test Case '-[CondiscoTests.ImportedDocumentTests testDocumentDeleteRemovesOnlyDocumentAndLinkRows]' started.
Test Case '-[CondiscoTests.ImportedDocumentTests testDocumentDeleteRemovesOnlyDocumentAndLinkRows]' passed (0.010 seconds).
Test Case '-[CondiscoTests.ImportedDocumentTests testDocumentSaveAndReadBackPreservesTitleDateAndContent]' started.
Test Case '-[CondiscoTests.ImportedDocumentTests testDocumentSaveAndReadBackPreservesTitleDateAndContent]' passed (0.008 seconds).
Test Case '-[CondiscoTests.ImportedDocumentTests testPhraseLinkDeduplicatesOnDoubleInsert]' started.
Test Case '-[CondiscoTests.ImportedDocumentTests testPhraseLinkDeduplicatesOnDoubleInsert]' passed (0.009 seconds).
Test Case '-[CondiscoTests.ImportedDocumentTests testUnsavePhraseCleansLinks]' started.
Test Case '-[CondiscoTests.ImportedDocumentTests testUnsavePhraseCleansLinks]' passed (0.015 seconds).
Test Suite 'ImportedDocumentTests' passed at 2026-09-27 05:17:21.931.
	 Executed 4 tests, with 0 failures (0 unexpected) in 0.041 (0.043) seconds
Test Suite 'LearningStoreTests' started at 2026-09-27 05:17:21.931.
Test Case '-[CondiscoTests.LearningStoreTests testAttemptProjectRoundTrip]' started.
Test Case '-[CondiscoTests.LearningStoreTests testAttemptProjectRoundTrip]' passed (0.011 seconds).
Test Case '-[CondiscoTests.LearningStoreTests testCheckpointSaveLoadRoundTrip]' started.
Test Case '-[CondiscoTests.LearningStoreTests testCheckpointSaveLoadRoundTrip]' passed (0.010 seconds).
Test Case '-[CondiscoTests.LearningStoreTests testClearCheckpointRecordsTombstone]' started.
Test Case '-[CondiscoTests.LearningStoreTests testClearCheckpointRecordsTombstone]' passed (0.009 seconds).
Test Case '-[CondiscoTests.LearningStoreTests testCorruptEventIdsStableOrderAndFirstBadRowNamed]' started.
Test Case '-[CondiscoTests.LearningStoreTests testCorruptEventIdsStableOrderAndFirstBadRowNamed]' passed (0.015 seconds).
Test Case '-[CondiscoTests.LearningStoreTests testCorruptRowIsNeverUploaded]' started.
Test Case '-[CondiscoTests.LearningStoreTests testCorruptRowIsNeverUploaded]' passed (0.007 seconds).
Test Case '-[CondiscoTests.LearningStoreTests testCorruptStoredEventPayloadRawLogsThrowTypedErrorNotCrash]' started.
Test Case '-[CondiscoTests.LearningStoreTests testCorruptStoredEventPayloadRawLogsThrowTypedErrorNotCrash]' passed (0.007 seconds).
Test Case '-[CondiscoTests.LearningStoreTests testCorruptStoredEventPayloadStillProjectsAndSyncs]' started.
Test Case '-[CondiscoTests.LearningStoreTests testCorruptStoredEventPayloadStillProjectsAndSyncs]' passed (0.006 seconds).
Test Case '-[CondiscoTests.LearningStoreTests testDueEvidenceIncludesScheduledKey]' started.
Test Case '-[CondiscoTests.LearningStoreTests testDueEvidenceIncludesScheduledKey]' passed (0.006 seconds).
Test Case '-[CondiscoTests.LearningStoreTests testDuplicateConflictingRecordThrowsConflict]' started.
Test Case '-[CondiscoTests.LearningStoreTests testDuplicateConflictingRecordThrowsConflict]' passed (0.005 seconds).
Test Case '-[CondiscoTests.LearningStoreTests testDuplicateIdenticalRecordDoesNotDuplicateRows]' started.
Test Case '-[CondiscoTests.LearningStoreTests testDuplicateIdenticalRecordDoesNotDuplicateRows]' passed (0.006 seconds).
Test Case '-[CondiscoTests.LearningStoreTests testDuplicateWithReorderedKeyPayloadIsNoOp]' started.
Test Case '-[CondiscoTests.LearningStoreTests testDuplicateWithReorderedKeyPayloadIsNoOp]' passed (0.005 seconds).
Test Case '-[CondiscoTests.LearningStoreTests testFailureAttemptIncrementsFailures]' started.
Test Case '-[CondiscoTests.LearningStoreTests testFailureAttemptIncrementsFailures]' passed (0.005 seconds).
Test Case '-[CondiscoTests.LearningStoreTests testIngestSyncedConflictingSameIdDoesNotDuplicateRows]' started.
Test Case '-[CondiscoTests.LearningStoreTests testIngestSyncedConflictingSameIdDoesNotDuplicateRows]' passed (0.005 seconds).
Test Case '-[CondiscoTests.LearningStoreTests testIngestSyncedContinuesPastCorruptLocalRow]' started.
Test Case '-[CondiscoTests.LearningStoreTests testIngestSyncedContinuesPastCorruptLocalRow]' passed (0.006 seconds).
Test Case '-[CondiscoTests.LearningStoreTests testIngestSyncedMarksEventsUploaded]' started.
Test Case '-[CondiscoTests.LearningStoreTests testIngestSyncedMarksEventsUploaded]' passed (0.007 seconds).
Test Case '-[CondiscoTests.LearningStoreTests testIngestSyncedReplayWithReorderedKeysIsIdempotent]' started.
Test Case '-[CondiscoTests.LearningStoreTests testIngestSyncedReplayWithReorderedKeysIsIdempotent]' passed (0.008 seconds).
Test Case '-[CondiscoTests.LearningStoreTests testKnownMarkCanSkipAndRestoreNextLessonWithoutPracticeEvidence]' started.
Test Case '-[CondiscoTests.LearningStoreTests testKnownMarkCanSkipAndRestoreNextLessonWithoutPracticeEvidence]' passed (0.012 seconds).
Test Case '-[CondiscoTests.LearningStoreTests testKvAndDeviceId]' started.
Test Case '-[CondiscoTests.LearningStoreTests testKvAndDeviceId]' passed (0.011 seconds).
Test Case '-[CondiscoTests.LearningStoreTests testLegacyBuildDatabaseUpgradesInPlaceWithoutDataLoss]' started.
Test Case '-[CondiscoTests.LearningStoreTests testLegacyBuildDatabaseUpgradesInPlaceWithoutDataLoss]' passed (0.024 seconds).
Test Case '-[CondiscoTests.LearningStoreTests testMissionTriedMarkerEmptyValueIsUntried]' started.
Test Case '-[CondiscoTests.LearningStoreTests testMissionTriedMarkerEmptyValueIsUntried]' passed (0.008 seconds).
Test Case '-[CondiscoTests.LearningStoreTests testMissionTriedMarkerLeavesSavedPhrasesUntouched]' started.
Test Case '-[CondiscoTests.LearningStoreTests testMissionTriedMarkerLeavesSavedPhrasesUntouched]' passed (0.009 seconds).
Test Case '-[CondiscoTests.LearningStoreTests testMissionTriedMarkerMissingKeyIsUntried]' started.
Test Case '-[CondiscoTests.LearningStoreTests testMissionTriedMarkerMissingKeyIsUntried]' passed (0.008 seconds).
Test Case '-[CondiscoTests.LearningStoreTests testMissionTriedMarkerRoundTrip]' started.
Test Case '-[CondiscoTests.LearningStoreTests testMissionTriedMarkerRoundTrip]' passed (0.007 seconds).
Test Case '-[CondiscoTests.LearningStoreTests testMissionTriedMarkerUnmarkViaDelete]' started.
Test Case '-[CondiscoTests.LearningStoreTests testMissionTriedMarkerUnmarkViaDelete]' passed (0.006 seconds).
Test Case '-[CondiscoTests.LearningStoreTests testOfflineFirstLocalPathsWorkWithoutSync]' started.
Test Case '-[CondiscoTests.LearningStoreTests testOfflineFirstLocalPathsWorkWithoutSync]' passed (0.012 seconds).
Test Case '-[CondiscoTests.LearningStoreTests testOldPackVersionEventsProjectWithoutLossOrQuarantine]' started.
Test Case '-[CondiscoTests.LearningStoreTests testOldPackVersionEventsProjectWithoutLossOrQuarantine]' passed (0.011 seconds).
Test Case '-[CondiscoTests.LearningStoreTests testPackScopedTolerantReadReturnsGoodEventsAndReportsSkipped]' started.
Test Case '-[CondiscoTests.LearningStoreTests testPackScopedTolerantReadReturnsGoodEventsAndReportsSkipped]' passed (0.008 seconds).
Test Case '-[CondiscoTests.LearningStoreTests testRecordClozeValuesReorderedKeysIsNoOp]' started.
Test Case '-[CondiscoTests.LearningStoreTests testRecordClozeValuesReorderedKeysIsNoOp]' passed (0.006 seconds).
Test Case '-[CondiscoTests.LearningStoreTests testReopenPreservesAllRowsAndDeviceIdentity]' started.
Test Case '-[CondiscoTests.LearningStoreTests testReopenPreservesAllRowsAndDeviceIdentity]' passed (0.007 seconds).
Test Case '-[CondiscoTests.LearningStoreTests testSavedPhraseSaveUnsaveRoundTrip]' started.
Test Case '-[CondiscoTests.LearningStoreTests testSavedPhraseSaveUnsaveRoundTrip]' passed (0.005 seconds).
Test Case '-[CondiscoTests.LearningStoreTests testTwoDeviceCheckpointLastWriteWinsAndTombstoneConvergence]' started.
Test Case '-[CondiscoTests.LearningStoreTests testTwoDeviceCheckpointLastWriteWinsAndTombstoneConvergence]' passed (0.013 seconds).
Test Case '-[CondiscoTests.LearningStoreTests testTwoDeviceEventMergeConvergesWithoutLossOrDuplicates]' started.
Test Case '-[CondiscoTests.LearningStoreTests testTwoDeviceEventMergeConvergesWithoutLossOrDuplicates]' passed (0.027 seconds).
Test Case '-[CondiscoTests.LearningStoreTests testTwoDeviceListenStateLastWriteWins]' started.
Test Case '-[CondiscoTests.LearningStoreTests testTwoDeviceListenStateLastWriteWins]' passed (0.016 seconds).
Test Case '-[CondiscoTests.LearningStoreTests testTwoDeviceSavedPhraseMergeTombstoneAndUnion]' started.
Test Case '-[CondiscoTests.LearningStoreTests testTwoDeviceSavedPhraseMergeTombstoneAndUnion]' passed (0.015 seconds).
Test Case '-[CondiscoTests.LearningStoreTests testWarmUpAttemptReschedulesFsrsIdenticallyToReview]' started.
Test Case '-[CondiscoTests.LearningStoreTests testWarmUpAttemptReschedulesFsrsIdenticallyToReview]' passed (0.026 seconds).
Test Case '-[CondiscoTests.LearningStoreTests testWarmUpEmptyWhenNothingDueEarlier]' started.
Test Case '-[CondiscoTests.LearningStoreTests testWarmUpEmptyWhenNothingDueEarlier]' passed (0.003 seconds).
Test Case '-[CondiscoTests.LearningStoreTests testWarmUpExcludesCurrentLessonEvidenceKeys]' started.
Test Case '-[CondiscoTests.LearningStoreTests testWarmUpExcludesCurrentLessonEvidenceKeys]' passed (0.002 seconds).
Test Case '-[CondiscoTests.LearningStoreTests testWarmUpExcludesReviewFallbackItems]' started.
Test Case '-[CondiscoTests.LearningStoreTests testWarmUpExcludesReviewFallbackItems]' passed (0.003 seconds).
Test Case '-[CondiscoTests.LearningStoreTests testWarmUpLeavesCheckpointSemanticsIntact]' started.
Test Case '-[CondiscoTests.LearningStoreTests testWarmUpLeavesCheckpointSemanticsIntact]' passed (0.015 seconds).
Test Case '-[CondiscoTests.LearningStoreTests testWarmUpNeverDuplicatesWithinMission]' started.
Test Case '-[CondiscoTests.LearningStoreTests testWarmUpNeverDuplicatesWithinMission]' passed (0.002 seconds).
Test Case '-[CondiscoTests.LearningStoreTests testWarmUpSelectsOldestFirstFromEarlierLessonsOnly]' started.
Test Case '-[CondiscoTests.LearningStoreTests testWarmUpSelectsOldestFirstFromEarlierLessonsOnly]' passed (0.002 seconds).
Test Suite 'LearningStoreTests' passed at 2026-09-27 05:17:22.319.
	 Executed 41 tests, with 0 failures (0 unexpected) in 0.374 (0.388) seconds
Test Suite 'LegacyUserDefaultsMigrationTests' started at 2026-09-27 05:17:22.319.
Test Case '-[CondiscoTests.LegacyUserDefaultsMigrationTests testFocusLanguageKeyReadExactlyAsHomeReadsIt]' started.
Test Case '-[CondiscoTests.LegacyUserDefaultsMigrationTests testFocusLanguageKeyReadExactlyAsHomeReadsIt]' passed (0.002 seconds).
Test Case '-[CondiscoTests.LegacyUserDefaultsMigrationTests testLegacyPlacementKeyRoundTripsThroughPlacementStore]' started.
Test Case '-[CondiscoTests.LegacyUserDefaultsMigrationTests testLegacyPlacementKeyRoundTripsThroughPlacementStore]' passed (0.003 seconds).
Test Case '-[CondiscoTests.LegacyUserDefaultsMigrationTests testLegacyReminderKeysReadAtInit]' started.
Test Case '-[CondiscoTests.LegacyUserDefaultsMigrationTests testLegacyReminderKeysReadAtInit]' passed (0.004 seconds).
Test Case '-[CondiscoTests.LegacyUserDefaultsMigrationTests testLegacySignInDisplayNameKeySurvives]' started.
Test Case '-[CondiscoTests.LegacyUserDefaultsMigrationTests testLegacySignInDisplayNameKeySurvives]' passed (0.002 seconds).
Test Case '-[CondiscoTests.LegacyUserDefaultsMigrationTests testLegacyVoiceKeyRoundTripsThroughVoiceStore]' started.
Test Case '-[CondiscoTests.LegacyUserDefaultsMigrationTests testLegacyVoiceKeyRoundTripsThroughVoiceStore]' passed (0.003 seconds).
Test Suite 'LegacyUserDefaultsMigrationTests' passed at 2026-09-27 05:17:22.334.
	 Executed 5 tests, with 0 failures (0 unexpected) in 0.013 (0.015) seconds
Test Suite 'LessonContextTests' started at 2026-09-27 05:17:22.334.
Test Case '-[CondiscoTests.LessonContextTests testRevisitedStoryQuestionDoesNotShowLaterSpoiler]' started.
Test Case '-[CondiscoTests.LessonContextTests testRevisitedStoryQuestionDoesNotShowLaterSpoiler]' passed (0.001 seconds).
Test Case '-[CondiscoTests.LessonContextTests testStoryQuestionShowsMostRecentStoryBeat]' started.
Test Case '-[CondiscoTests.LessonContextTests testStoryQuestionShowsMostRecentStoryBeat]' passed (0.001 seconds).
Test Suite 'LessonContextTests' passed at 2026-09-27 05:17:22.336.
	 Executed 2 tests, with 0 failures (0 unexpected) in 0.002 (0.002) seconds
Test Suite 'LessonSessionTests' started at 2026-09-27 05:17:22.336.
Test Case '-[CondiscoTests.LessonSessionTests testAdvanceOnIncompleteStepThrows]' started.
Test Case '-[CondiscoTests.LessonSessionTests testAdvanceOnIncompleteStepThrows]' passed (0.002 seconds).
Test Case '-[CondiscoTests.LessonSessionTests testAdvanceWithoutEvaluationThrows]' started.
Test Case '-[CondiscoTests.LessonSessionTests testAdvanceWithoutEvaluationThrows]' passed (0.001 seconds).
Test Case '-[CondiscoTests.LessonSessionTests testOpenSupportThrowsWhenStepHasNoSupportActivity]' started.
Test Case '-[CondiscoTests.LessonSessionTests testOpenSupportThrowsWhenStepHasNoSupportActivity]' passed (0.000 seconds).
Test Case '-[CondiscoTests.LessonSessionTests testResumeRestartsOnMissingLesson]' started.
Test Case '-[CondiscoTests.LessonSessionTests testResumeRestartsOnMissingLesson]' passed (0.000 seconds).
Test Case '-[CondiscoTests.LessonSessionTests testResumeRestartsOnRevisionMismatch]' started.
Test Case '-[CondiscoTests.LessonSessionTests testResumeRestartsOnRevisionMismatch]' passed (0.000 seconds).
Test Case '-[CondiscoTests.LessonSessionTests testStartLessonHappyPathRunsToCompletion]' started.
Test Case '-[CondiscoTests.LessonSessionTests testStartLessonHappyPathRunsToCompletion]' passed (0.002 seconds).
Test Case '-[CondiscoTests.LessonSessionTests testUnknownLessonThrows]' started.
Test Case '-[CondiscoTests.LessonSessionTests testUnknownLessonThrows]' passed (0.000 seconds).
Test Case '-[CondiscoTests.LessonSessionTests testWalkTrailCoversLinearLesson]' started.
Test Case '-[CondiscoTests.LessonSessionTests testWalkTrailCoversLinearLesson]' passed (0.000 seconds).
Test Suite 'LessonSessionTests' passed at 2026-09-27 05:17:22.345.
	 Executed 8 tests, with 0 failures (0 unexpected) in 0.007 (0.009) seconds
Test Suite 'LibraryCommitTests' started at 2026-09-27 05:17:22.345.
Test Case '-[CondiscoTests.LibraryCommitTests testDocumentTitleFromFileURLStripsExtension]' started.
Test Case '-[CondiscoTests.LibraryCommitTests testDocumentTitleFromFileURLStripsExtension]' passed (0.002 seconds).
Test Case '-[CondiscoTests.LibraryCommitTests testImportCommitFallsBackToUntitledForBlankTitle]' started.
Test Case '-[CondiscoTests.LibraryCommitTests testImportCommitFallsBackToUntitledForBlankTitle]' passed (0.002 seconds).
Test Case '-[CondiscoTests.LibraryCommitTests testImportCommitRejectsNonUTF8AndWritesNothing]' started.
Test Case '-[CondiscoTests.LibraryCommitTests testImportCommitRejectsNonUTF8AndWritesNothing]' passed (0.008 seconds).
Test Case '-[CondiscoTests.LibraryCommitTests testImportCommitRejectsOversizeAndWritesNothing]' started.
Test Case '-[CondiscoTests.LibraryCommitTests testImportCommitRejectsOversizeAndWritesNothing]' passed (0.006 seconds).
Test Case '-[CondiscoTests.LibraryCommitTests testImportCommitValidatesBytesAndWritesDocumentRow]' started.
Test Case '-[CondiscoTests.LibraryCommitTests testImportCommitValidatesBytesAndWritesDocumentRow]' passed (0.006 seconds).
Test Case '-[CondiscoTests.LibraryCommitTests testPhraseTargetTrimsSelectionAndCapsAtTwoHundredChars]' started.
Test Case '-[CondiscoTests.LibraryCommitTests testPhraseTargetTrimsSelectionAndCapsAtTwoHundredChars]' passed (0.001 seconds).
Test Case '-[CondiscoTests.LibraryCommitTests testSaveSheetCommitWritesPhraseAndLinkWithEmptyPackSources]' started.
Test Case '-[CondiscoTests.LibraryCommitTests testSaveSheetCommitWritesPhraseAndLinkWithEmptyPackSources]' passed (0.006 seconds).
Test Suite 'LibraryCommitTests' passed at 2026-09-27 05:17:22.377.
	 Executed 7 tests, with 0 failures (0 unexpected) in 0.030 (0.032) seconds
Test Suite 'LibraryImportValidatorTests' started at 2026-09-27 05:17:22.377.
Test Case '-[CondiscoTests.LibraryImportValidatorTests testEmptyTextRejected]' started.
Test Case '-[CondiscoTests.LibraryImportValidatorTests testEmptyTextRejected]' passed (0.001 seconds).
Test Case '-[CondiscoTests.LibraryImportValidatorTests testNonUTF8DataRejectedWithPlainCopy]' started.
Test Case '-[CondiscoTests.LibraryImportValidatorTests testNonUTF8DataRejectedWithPlainCopy]' passed (0.000 seconds).
Test Case '-[CondiscoTests.LibraryImportValidatorTests testOverSizedTextRejectedWithPlainCopy]' started.
Test Case '-[CondiscoTests.LibraryImportValidatorTests testOverSizedTextRejectedWithPlainCopy]' passed (0.001 seconds).
Test Case '-[CondiscoTests.LibraryImportValidatorTests testValidUTF8TextAccepted]' started.
Test Case '-[CondiscoTests.LibraryImportValidatorTests testValidUTF8TextAccepted]' passed (0.001 seconds).
Test Suite 'LibraryImportValidatorTests' passed at 2026-09-27 05:17:22.382.
	 Executed 4 tests, with 0 failures (0 unexpected) in 0.003 (0.005) seconds
Test Suite 'LibraryReviewTests' started at 2026-09-27 05:17:22.382.
Test Case '-[CondiscoTests.LibraryReviewTests testDuplicateSaveProducesOneRowOneEvidenceKey]' started.
Test Case '-[CondiscoTests.LibraryReviewTests testDuplicateSaveProducesOneRowOneEvidenceKey]' passed (0.007 seconds).
Test Case '-[CondiscoTests.LibraryReviewTests testLibraryProjectionMirrorsLessonFoldExactly]' started.
Test Case '-[CondiscoTests.LibraryReviewTests testLibraryProjectionMirrorsLessonFoldExactly]' passed (0.013 seconds).
Test Case '-[CondiscoTests.LibraryReviewTests testPhraseReviewEvidenceKeyIsDeterministicPerPhraseId]' started.
Test Case '-[CondiscoTests.LibraryReviewTests testPhraseReviewEvidenceKeyIsDeterministicPerPhraseId]' passed (0.002 seconds).
Test Case '-[CondiscoTests.LibraryReviewTests testPhraseWithoutLinkIsNotACandidate]' started.
Test Case '-[CondiscoTests.LibraryReviewTests testPhraseWithoutLinkIsNotACandidate]' passed (0.009 seconds).
Test Suite 'LibraryReviewTests' passed at 2026-09-27 05:17:22.414.
	 Executed 4 tests, with 0 failures (0 unexpected) in 0.030 (0.032) seconds
Test Suite 'MalformedContentTests' started at 2026-09-27 05:17:22.415.
Test Case '-[CondiscoTests.MalformedContentTests testMalformedEventPayloadRejectedAtDecode]' started.
Test Case '-[CondiscoTests.MalformedContentTests testMalformedEventPayloadRejectedAtDecode]' passed (0.001 seconds).
Test Case '-[CondiscoTests.MalformedContentTests testSchemaValidButInvalidPackFailsValidator]' started.
Test Case '-[CondiscoTests.MalformedContentTests testSchemaValidButInvalidPackFailsValidator]' passed (0.001 seconds).
Test Case '-[CondiscoTests.MalformedContentTests testTruncatedPackJSONThrowsSafeDecodingError]' started.
Test Case '-[CondiscoTests.MalformedContentTests testTruncatedPackJSONThrowsSafeDecodingError]' passed (0.001 seconds).
Test Case '-[CondiscoTests.MalformedContentTests testWronglyTypedPackFieldThrowsTypedError]' started.
Test Case '-[CondiscoTests.MalformedContentTests testWronglyTypedPackFieldThrowsTypedError]' passed (0.001 seconds).
Test Case '-[CondiscoTests.MalformedContentTests testWrongSchemaVersionPackThrowsTypedError]' started.
Test Case '-[CondiscoTests.MalformedContentTests testWrongSchemaVersionPackThrowsTypedError]' passed (0.001 seconds).
Test Suite 'MalformedContentTests' passed at 2026-09-27 05:17:22.420.
	 Executed 5 tests, with 0 failures (0 unexpected) in 0.004 (0.006) seconds
Test Suite 'NextLessonTests' started at 2026-09-27 05:17:22.420.
Test Case '-[CondiscoTests.NextLessonTests testContinueDeepLinkParsesToContinueRoute]' started.
Test Case '-[CondiscoTests.NextLessonTests testContinueDeepLinkParsesToContinueRoute]' passed (0.001 seconds).
Test Case '-[CondiscoTests.NextLessonTests testContinueResolutionFullyCompletePackReturnsNil]' started.
Test Case '-[CondiscoTests.NextLessonTests testContinueResolutionFullyCompletePackReturnsNil]' passed (0.002 seconds).
Test Case '-[CondiscoTests.NextLessonTests testContinueResolutionOrphanedCompletedIdsAndOrphanOnlyPack]' started.
Test Case '-[CondiscoTests.NextLessonTests testContinueResolutionOrphanedCompletedIdsAndOrphanOnlyPack]' passed (0.001 seconds).
Test Case '-[CondiscoTests.NextLessonTests testContinueResolutionPartialPackProgress]' started.
Test Case '-[CondiscoTests.NextLessonTests testContinueResolutionPartialPackProgress]' passed (0.001 seconds).
Test Case '-[CondiscoTests.NextLessonTests testHelperReturnsFirstUncompletedInUnitOrder]' started.
Test Case '-[CondiscoTests.NextLessonTests testHelperReturnsFirstUncompletedInUnitOrder]' passed (0.001 seconds).
Test Case '-[CondiscoTests.NextLessonTests testHelperReturnsNilWhenEveryLessonIsComplete]' started.
Test Case '-[CondiscoTests.NextLessonTests testHelperReturnsNilWhenEveryLessonIsComplete]' passed (0.001 seconds).
Test Case '-[CondiscoTests.NextLessonTests testHelperSkipsOrphanedLessonAndStillFindsThePath]' started.
Test Case '-[CondiscoTests.NextLessonTests testHelperSkipsOrphanedLessonAndStillFindsThePath]' passed (0.001 seconds).
Test Case '-[CondiscoTests.NextLessonTests testHelperSkipsOrphanedLessonEvenWhenOnlyItRemains]' started.
Test Case '-[CondiscoTests.NextLessonTests testHelperSkipsOrphanedLessonEvenWhenOnlyItRemains]' passed (0.001 seconds).
Test Case '-[CondiscoTests.NextLessonTests testHomeAndHelperAgreeAcrossProgressLevels]' started.
Test Case '-[CondiscoTests.NextLessonTests testHomeAndHelperAgreeAcrossProgressLevels]' passed (0.002 seconds).
Test Case '-[CondiscoTests.NextLessonTests testHomeWidgetAndDeepLinkResolutionAgreeOnSameCompletedSet]' started.
Test Case '-[CondiscoTests.NextLessonTests testHomeWidgetAndDeepLinkResolutionAgreeOnSameCompletedSet]' passed (0.001 seconds).
Test Case '-[CondiscoTests.NextLessonTests testItalianPastUnitComesBeforeFutureOnThePath]' started.
Test Case '-[CondiscoTests.NextLessonTests testItalianPastUnitComesBeforeFutureOnThePath]' passed (0.001 seconds).
Test Case '-[CondiscoTests.NextLessonTests testKnownAndLegacyCreditsAdvanceHomePath]' started.
Test Case '-[CondiscoTests.NextLessonTests testKnownAndLegacyCreditsAdvanceHomePath]' passed (0.001 seconds).
Test Case '-[CondiscoTests.NextLessonTests testRealFrenchPathOrderMatchesAuthoredOrder]' started.
Test Case '-[CondiscoTests.NextLessonTests testRealFrenchPathOrderMatchesAuthoredOrder]' passed (0.001 seconds).
Test Case '-[CondiscoTests.NextLessonTests testWidgetSnapshotNextLessonMatchesHelper]' started.
Test Case '-[CondiscoTests.NextLessonTests testWidgetSnapshotNextLessonMatchesHelper]' passed (0.001 seconds).
Test Case '-[CondiscoTests.NextLessonTests testWidgetSnapshotPathCompleteWhenFullyCompleted]' started.
Test Case '-[CondiscoTests.NextLessonTests testWidgetSnapshotPathCompleteWhenFullyCompleted]' passed (0.001 seconds).
Test Case '-[CondiscoTests.NextLessonTests testWidgetSnapshotSkipsOrphanedLessons]' started.
Test Case '-[CondiscoTests.NextLessonTests testWidgetSnapshotSkipsOrphanedLessons]' passed (0.001 seconds).
Test Case '-[CondiscoTests.NextLessonTests testWidgetSnapshotUsesFocusPackSelectionLikeRefresh]' started.
Test Case '-[CondiscoTests.NextLessonTests testWidgetSnapshotUsesFocusPackSelectionLikeRefresh]' passed (0.001 seconds).
Test Suite 'NextLessonTests' passed at 2026-09-27 05:17:22.443.
	 Executed 17 tests, with 0 failures (0 unexpected) in 0.018 (0.022) seconds
Test Suite 'OpenTaskAttemptTests' started at 2026-09-27 05:17:22.443.
Test Case '-[CondiscoTests.OpenTaskAttemptTests testOpenTaskAttemptRecordsBindingModalityAssistanceRatingAndReveal]' started.
Test Case '-[CondiscoTests.OpenTaskAttemptTests testOpenTaskAttemptRecordsBindingModalityAssistanceRatingAndReveal]' passed (0.016 seconds).
Test Case '-[CondiscoTests.OpenTaskAttemptTests testOpenTaskEvaluationNeverGradesAnOpenResponse]' started.
Test Case '-[CondiscoTests.OpenTaskAttemptTests testOpenTaskEvaluationNeverGradesAnOpenResponse]' passed (0.002 seconds).
Test Case '-[CondiscoTests.OpenTaskAttemptTests testOpenTaskProjectionQuarantinesStaleOrRemodelledRows]' started.
Test Case '-[CondiscoTests.OpenTaskAttemptTests testOpenTaskProjectionQuarantinesStaleOrRemodelledRows]' passed (0.016 seconds).
Test Case '-[CondiscoTests.OpenTaskAttemptTests testOpenTaskRetakeAppendsWithoutDuplicatingCompletion]' started.
Test Case '-[CondiscoTests.OpenTaskAttemptTests testOpenTaskRetakeAppendsWithoutDuplicatingCompletion]' passed (0.014 seconds).
Test Case '-[CondiscoTests.OpenTaskAttemptTests testOpenTaskRevealOrHelpVoidsIndependence]' started.
Test Case '-[CondiscoTests.OpenTaskAttemptTests testOpenTaskRevealOrHelpVoidsIndependence]' passed (0.013 seconds).
Test Case '-[CondiscoTests.OpenTaskAttemptTests testOpenTaskStepCompletionCompletesParticipationLesson]' started.
Test Case '-[CondiscoTests.OpenTaskAttemptTests testOpenTaskStepCompletionCompletesParticipationLesson]' passed (0.023 seconds).
Test Case '-[CondiscoTests.OpenTaskAttemptTests testOpenTaskUnknownBindingRecordsNothing]' started.
Test Case '-[CondiscoTests.OpenTaskAttemptTests testOpenTaskUnknownBindingRecordsNothing]' passed (0.008 seconds).
Test Case '-[CondiscoTests.OpenTaskAttemptTests testValidatorRejectsOpenTaskWithEmptyGoal]' started.
Test Case '-[CondiscoTests.OpenTaskAttemptTests testValidatorRejectsOpenTaskWithEmptyGoal]' passed (0.096 seconds).
Test Case '-[CondiscoTests.OpenTaskAttemptTests testValidatorRejectsOpenTaskWithMissingRubric]' started.
Test Case '-[CondiscoTests.OpenTaskAttemptTests testValidatorRejectsOpenTaskWithMissingRubric]' passed (0.064 seconds).
Test Suite 'OpenTaskAttemptTests' passed at 2026-09-27 05:17:22.700.
	 Executed 9 tests, with 0 failures (0 unexpected) in 0.253 (0.257) seconds
Test Suite 'OpenTaskFlowTests' started at 2026-09-27 05:17:22.701.
Test Case '-[CondiscoTests.OpenTaskFlowTests testDraftPersistsAcrossReinitAtFiveThousandCharacters]' started.
Test Case '-[CondiscoTests.OpenTaskFlowTests testDraftPersistsAcrossReinitAtFiveThousandCharacters]' passed (0.012 seconds).
Test Case '-[CondiscoTests.OpenTaskFlowTests testOpenTaskCopyBansGradingClaims]' started.
Test Case '-[CondiscoTests.OpenTaskFlowTests testOpenTaskCopyBansGradingClaims]' passed (0.006 seconds).
Test Case '-[CondiscoTests.OpenTaskFlowTests testRecordingDeletionRemovesLocalFile]' started.
Test Case '-[CondiscoTests.OpenTaskFlowTests testRecordingDeletionRemovesLocalFile]' passed (0.003 seconds).
Test Case '-[CondiscoTests.OpenTaskFlowTests testRetryAfterRevealStaysDistinguishableFromIndependent]' started.
Test Case '-[CondiscoTests.OpenTaskFlowTests testRetryAfterRevealStaysDistinguishableFromIndependent]' passed (0.014 seconds).
Test Case '-[CondiscoTests.OpenTaskFlowTests testSpokenSubmissionRequiresRecordingOrMicDeniedTicks]' started.
Test Case '-[CondiscoTests.OpenTaskFlowTests testSpokenSubmissionRequiresRecordingOrMicDeniedTicks]' passed (0.001 seconds).
Test Case '-[CondiscoTests.OpenTaskFlowTests testWrittenSubmissionRequiresContentAndAcceptsLongDrafts]' started.
Test Case '-[CondiscoTests.OpenTaskFlowTests testWrittenSubmissionRequiresContentAndAcceptsLongDrafts]' passed (0.001 seconds).
Test Suite 'OpenTaskFlowTests' passed at 2026-09-27 05:17:22.741.
	 Executed 6 tests, with 0 failures (0 unexpected) in 0.037 (0.040) seconds
Test Suite 'PackContentTests' started at 2026-09-27 05:17:22.741.
Test Case '-[CondiscoTests.PackContentTests testPacksLoadValidateAndCoverFiveLanguages]' started.
Test Case '-[CondiscoTests.PackContentTests testPacksLoadValidateAndCoverFiveLanguages]' passed (0.047 seconds).
Test Suite 'PackContentTests' passed at 2026-09-27 05:17:22.788.
	 Executed 1 test, with 0 failures (0 unexpected) in 0.047 (0.047) seconds
Test Suite 'PackFrenchTests' started at 2026-09-27 05:17:22.788.
Test Case '-[CondiscoTests.PackFrenchTests testAuthoredErrorsFireForPlausibleWrongAnswers]' started.
Test Case '-[CondiscoTests.PackFrenchTests testAuthoredErrorsFireForPlausibleWrongAnswers]' passed (0.004 seconds).
Test Case '-[CondiscoTests.PackFrenchTests testBatch1AcceptsNaturalAlternatives]' started.
Test Case '-[CondiscoTests.PackFrenchTests testBatch1AcceptsNaturalAlternatives]' passed (0.002 seconds).
Test Case '-[CondiscoTests.PackFrenchTests testBatch1GradedStepsHaveAuthoredHints]' started.
Test Case '-[CondiscoTests.PackFrenchTests testBatch1GradedStepsHaveAuthoredHints]' passed (0.003 seconds).
Test Case '-[CondiscoTests.PackFrenchTests testBatch1PromptNarrowingHolds]' started.
Test Case '-[CondiscoTests.PackFrenchTests testBatch1PromptNarrowingHolds]' passed (0.002 seconds).
Test Case '-[CondiscoTests.PackFrenchTests testBatch1TextActivitiesAuthorErrors]' started.
Test Case '-[CondiscoTests.PackFrenchTests testBatch1TextActivitiesAuthorErrors]' passed (0.003 seconds).
Test Case '-[CondiscoTests.PackFrenchTests testBatch2AcceptsNaturalAlternatives]' started.
Test Case '-[CondiscoTests.PackFrenchTests testBatch2AcceptsNaturalAlternatives]' passed (0.002 seconds).
Test Case '-[CondiscoTests.PackFrenchTests testBatch2ErrorsFireForPlausibleWrongAnswers]' started.
Test Case '-[CondiscoTests.PackFrenchTests testBatch2ErrorsFireForPlausibleWrongAnswers]' passed (0.006 seconds).
Test Case '-[CondiscoTests.PackFrenchTests testBatch2GradedStepsHaveAuthoredHints]' started.
Test Case '-[CondiscoTests.PackFrenchTests testBatch2GradedStepsHaveAuthoredHints]' passed (0.005 seconds).
Test Case '-[CondiscoTests.PackFrenchTests testBatch2MissionsEndWithTextFinalResponse]' started.
Test Case '-[CondiscoTests.PackFrenchTests testBatch2MissionsEndWithTextFinalResponse]' passed (0.002 seconds).
Test Case '-[CondiscoTests.PackFrenchTests testBatch2TextActivitiesAuthorErrors]' started.
Test Case '-[CondiscoTests.PackFrenchTests testBatch2TextActivitiesAuthorErrors]' passed (0.004 seconds).
Test Case '-[CondiscoTests.PackFrenchTests testBatch3ErrorsFireForPlausibleWrongAnswers]' started.
Test Case '-[CondiscoTests.PackFrenchTests testBatch3ErrorsFireForPlausibleWrongAnswers]' passed (0.004 seconds).
Test Case '-[CondiscoTests.PackFrenchTests testBatch3GradedStepsHaveAuthoredHints]' started.
Test Case '-[CondiscoTests.PackFrenchTests testBatch3GradedStepsHaveAuthoredHints]' passed (0.004 seconds).
Test Case '-[CondiscoTests.PackFrenchTests testBatch3PromptAnswerAlignmentHolds]' started.
Test Case '-[CondiscoTests.PackFrenchTests testBatch3PromptAnswerAlignmentHolds]' passed (0.005 seconds).
Test Case '-[CondiscoTests.PackFrenchTests testBatch3StoriesEndWithTextFinalResponse]' started.
Test Case '-[CondiscoTests.PackFrenchTests testBatch3StoriesEndWithTextFinalResponse]' passed (0.001 seconds).
Test Case '-[CondiscoTests.PackFrenchTests testBatch3TextActivitiesAuthorErrors]' started.
Test Case '-[CondiscoTests.PackFrenchTests testBatch3TextActivitiesAuthorErrors]' passed (0.004 seconds).
Test Case '-[CondiscoTests.PackFrenchTests testBatch4AcceptsNaturalAlternatives]' started.
Test Case '-[CondiscoTests.PackFrenchTests testBatch4AcceptsNaturalAlternatives]' passed (0.001 seconds).
Test Case '-[CondiscoTests.PackFrenchTests testBatch4ErrorsFireForPlausibleWrongAnswers]' started.
Test Case '-[CondiscoTests.PackFrenchTests testBatch4ErrorsFireForPlausibleWrongAnswers]' passed (0.013 seconds).
Test Case '-[CondiscoTests.PackFrenchTests testBatch4GradedStepsHaveAuthoredHints]' started.
Test Case '-[CondiscoTests.PackFrenchTests testBatch4GradedStepsHaveAuthoredHints]' passed (0.006 seconds).
Test Case '-[CondiscoTests.PackFrenchTests testBatch4PromptNarrowingHolds]' started.
Test Case '-[CondiscoTests.PackFrenchTests testBatch4PromptNarrowingHolds]' passed (0.003 seconds).
Test Case '-[CondiscoTests.PackFrenchTests testBatch4TextActivitiesAuthorErrors]' started.
Test Case '-[CondiscoTests.PackFrenchTests testBatch4TextActivitiesAuthorErrors]' passed (0.006 seconds).
Test Case '-[CondiscoTests.PackFrenchTests testBatch5AcceptsNaturalAlternatives]' started.
Test Case '-[CondiscoTests.PackFrenchTests testBatch5AcceptsNaturalAlternatives]' passed (0.002 seconds).
Test Case '-[CondiscoTests.PackFrenchTests testBatch5ConversationsEndWithTextFinalResponse]' started.
Test Case '-[CondiscoTests.PackFrenchTests testBatch5ConversationsEndWithTextFinalResponse]' passed (0.001 seconds).
Test Case '-[CondiscoTests.PackFrenchTests testBatch5ErrorsFireForPlausibleWrongAnswers]' started.
Test Case '-[CondiscoTests.PackFrenchTests testBatch5ErrorsFireForPlausibleWrongAnswers]' passed (0.005 seconds).
Test Case '-[CondiscoTests.PackFrenchTests testBatch5GradedStepsHaveAuthoredHints]' started.
Test Case '-[CondiscoTests.PackFrenchTests testBatch5GradedStepsHaveAuthoredHints]' passed (0.004 seconds).
Test Case '-[CondiscoTests.PackFrenchTests testBatch5PromptNarrowingHolds]' started.
Test Case '-[CondiscoTests.PackFrenchTests testBatch5PromptNarrowingHolds]' passed (0.002 seconds).
Test Case '-[CondiscoTests.PackFrenchTests testBatch5TextActivitiesAuthorErrors]' started.
Test Case '-[CondiscoTests.PackFrenchTests testBatch5TextActivitiesAuthorErrors]' passed (0.004 seconds).
Test Case '-[CondiscoTests.PackFrenchTests testBatch6AcceptsNaturalAlternatives]' started.
Test Case '-[CondiscoTests.PackFrenchTests testBatch6AcceptsNaturalAlternatives]' passed (0.001 seconds).
Test Case '-[CondiscoTests.PackFrenchTests testBatch6ErrorsFireForPlausibleWrongAnswers]' started.
Test Case '-[CondiscoTests.PackFrenchTests testBatch6ErrorsFireForPlausibleWrongAnswers]' passed (0.006 seconds).
Test Case '-[CondiscoTests.PackFrenchTests testBatch6GradedStepsHaveAuthoredHints]' started.
Test Case '-[CondiscoTests.PackFrenchTests testBatch6GradedStepsHaveAuthoredHints]' passed (0.005 seconds).
Test Case '-[CondiscoTests.PackFrenchTests testBatch6LessonsEndOnGradedResponse]' started.
Test Case '-[CondiscoTests.PackFrenchTests testBatch6LessonsEndOnGradedResponse]' passed (0.001 seconds).
Test Case '-[CondiscoTests.PackFrenchTests testBatch6PromptNarrowingHolds]' started.
Test Case '-[CondiscoTests.PackFrenchTests testBatch6PromptNarrowingHolds]' passed (0.001 seconds).
Test Case '-[CondiscoTests.PackFrenchTests testBatch6TextActivitiesAuthorErrors]' started.
Test Case '-[CondiscoTests.PackFrenchTests testBatch6TextActivitiesAuthorErrors]' passed (0.006 seconds).
Test Case '-[CondiscoTests.PackFrenchTests testComprehensionVariantWidening]' started.
Test Case '-[CondiscoTests.PackFrenchTests testComprehensionVariantWidening]' passed (0.001 seconds).
Test Case '-[CondiscoTests.PackFrenchTests testFrenchPackLoadsAndValidates]' started.
Test Case '-[CondiscoTests.PackFrenchTests testFrenchPackLoadsAndValidates]' passed (0.005 seconds).
Test Suite 'PackFrenchTests' passed at 2026-09-27 05:17:22.922.
	 Executed 34 tests, with 0 failures (0 unexpected) in 0.124 (0.134) seconds
Test Suite 'PackGermanTests' started at 2026-09-27 05:17:22.922.
Test Case '-[CondiscoTests.PackGermanTests testAuthoredErrorsFireForPlausibleWrongAnswers]' started.
Test Case '-[CondiscoTests.PackGermanTests testAuthoredErrorsFireForPlausibleWrongAnswers]' passed (0.002 seconds).
Test Case '-[CondiscoTests.PackGermanTests testBatch1AcceptsNaturalGermanAlternatives]' started.
Test Case '-[CondiscoTests.PackGermanTests testBatch1AcceptsNaturalGermanAlternatives]' passed (0.001 seconds).
Test Case '-[CondiscoTests.PackGermanTests testBatch1GradedStepsHaveAuthoredHints]' started.
Test Case '-[CondiscoTests.PackGermanTests testBatch1GradedStepsHaveAuthoredHints]' passed (0.001 seconds).
Test Case '-[CondiscoTests.PackGermanTests testBatch1TextActivitiesAuthorErrors]' started.
Test Case '-[CondiscoTests.PackGermanTests testBatch1TextActivitiesAuthorErrors]' passed (0.001 seconds).
Test Case '-[CondiscoTests.PackGermanTests testBatch2AcceptsAuthoredAnswers]' started.
Test Case '-[CondiscoTests.PackGermanTests testBatch2AcceptsAuthoredAnswers]' passed (0.002 seconds).
Test Case '-[CondiscoTests.PackGermanTests testBatch2AuthoredErrorsFireForPlausibleWrongAnswers]' started.
Test Case '-[CondiscoTests.PackGermanTests testBatch2AuthoredErrorsFireForPlausibleWrongAnswers]' passed (0.004 seconds).
Test Case '-[CondiscoTests.PackGermanTests testBatch2GradedStepsHaveAuthoredHints]' started.
Test Case '-[CondiscoTests.PackGermanTests testBatch2GradedStepsHaveAuthoredHints]' passed (0.004 seconds).
Test Case '-[CondiscoTests.PackGermanTests testBatch2TextAndClozeActivitiesAuthorErrors]' started.
Test Case '-[CondiscoTests.PackGermanTests testBatch2TextAndClozeActivitiesAuthorErrors]' passed (0.004 seconds).
Test Case '-[CondiscoTests.PackGermanTests testBatch3AcceptsAuthoredAnswers]' started.
Test Case '-[CondiscoTests.PackGermanTests testBatch3AcceptsAuthoredAnswers]' passed (0.005 seconds).
Test Case '-[CondiscoTests.PackGermanTests testBatch3AuthoredErrorsFireForPlausibleWrongAnswers]' started.
Test Case '-[CondiscoTests.PackGermanTests testBatch3AuthoredErrorsFireForPlausibleWrongAnswers]' passed (0.008 seconds).
Test Case '-[CondiscoTests.PackGermanTests testBatch3GradedStepsHaveAuthoredHints]' started.
Test Case '-[CondiscoTests.PackGermanTests testBatch3GradedStepsHaveAuthoredHints]' passed (0.004 seconds).
Test Case '-[CondiscoTests.PackGermanTests testBatch3TextAndClozeActivitiesAuthorErrors]' started.
Test Case '-[CondiscoTests.PackGermanTests testBatch3TextAndClozeActivitiesAuthorErrors]' passed (0.004 seconds).
Test Case '-[CondiscoTests.PackGermanTests testBatch4AcceptsAuthoredAnswers]' started.
Test Case '-[CondiscoTests.PackGermanTests testBatch4AcceptsAuthoredAnswers]' passed (0.007 seconds).
Test Case '-[CondiscoTests.PackGermanTests testBatch4AuthoredErrorsFireForPlausibleWrongAnswers]' started.
Test Case '-[CondiscoTests.PackGermanTests testBatch4AuthoredErrorsFireForPlausibleWrongAnswers]' passed (0.011 seconds).
Test Case '-[CondiscoTests.PackGermanTests testBatch4GradedStepsHaveAuthoredHints]' started.
Test Case '-[CondiscoTests.PackGermanTests testBatch4GradedStepsHaveAuthoredHints]' passed (0.008 seconds).
Test Case '-[CondiscoTests.PackGermanTests testBatch4TextAndClozeActivitiesAuthorErrors]' started.
Test Case '-[CondiscoTests.PackGermanTests testBatch4TextAndClozeActivitiesAuthorErrors]' passed (0.007 seconds).
Test Case '-[CondiscoTests.PackGermanTests testBatch5AcceptsAuthoredAnswers]' started.
Test Case '-[CondiscoTests.PackGermanTests testBatch5AcceptsAuthoredAnswers]' passed (0.002 seconds).
Test Case '-[CondiscoTests.PackGermanTests testBatch5AuthoredErrorsFireForPlausibleWrongAnswers]' started.
Test Case '-[CondiscoTests.PackGermanTests testBatch5AuthoredErrorsFireForPlausibleWrongAnswers]' passed (0.006 seconds).
Test Case '-[CondiscoTests.PackGermanTests testBatch5GradedStepsHaveAuthoredHints]' started.
Test Case '-[CondiscoTests.PackGermanTests testBatch5GradedStepsHaveAuthoredHints]' passed (0.004 seconds).
Test Case '-[CondiscoTests.PackGermanTests testBatch5TextAndClozeActivitiesAuthorErrors]' started.
Test Case '-[CondiscoTests.PackGermanTests testBatch5TextAndClozeActivitiesAuthorErrors]' passed (0.005 seconds).
Test Case '-[CondiscoTests.PackGermanTests testBatch6AcceptsAuthoredAnswers]' started.
Test Case '-[CondiscoTests.PackGermanTests testBatch6AcceptsAuthoredAnswers]' passed (0.005 seconds).
Test Case '-[CondiscoTests.PackGermanTests testBatch6AuthoredErrorsFireForPlausibleWrongAnswers]' started.
Test Case '-[CondiscoTests.PackGermanTests testBatch6AuthoredErrorsFireForPlausibleWrongAnswers]' passed (0.010 seconds).
Test Case '-[CondiscoTests.PackGermanTests testBatch6GradedStepsHaveAuthoredHints]' started.
Test Case '-[CondiscoTests.PackGermanTests testBatch6GradedStepsHaveAuthoredHints]' passed (0.007 seconds).
Test Case '-[CondiscoTests.PackGermanTests testBatch6TextAndClozeActivitiesAuthorErrors]' started.
Test Case '-[CondiscoTests.PackGermanTests testBatch6TextAndClozeActivitiesAuthorErrors]' passed (0.009 seconds).
Test Case '-[CondiscoTests.PackGermanTests testGermanPackLoadsAndValidates]' started.
Test Case '-[CondiscoTests.PackGermanTests testGermanPackLoadsAndValidates]' passed (0.006 seconds).
Test Case '-[CondiscoTests.PackGermanTests testPackCopyHasNoUnverifiedNativeReviewClaim]' started.
Test Case '-[CondiscoTests.PackGermanTests testPackCopyHasNoUnverifiedNativeReviewClaim]' passed (0.001 seconds).
Test Suite 'PackGermanTests' passed at 2026-09-27 05:17:23.057.
	 Executed 26 tests, with 0 failures (0 unexpected) in 0.128 (0.135) seconds
Test Suite 'PackItalianTests' started at 2026-09-27 05:17:23.057.
Test Case '-[CondiscoTests.PackItalianTests testAlbergoPoliteDarmiRequest]' started.
Test Case '-[CondiscoTests.PackItalianTests testAlbergoPoliteDarmiRequest]' passed (0.001 seconds).
Test Case '-[CondiscoTests.PackItalianTests testAlbergoShowerSubjectAgreement]' started.
Test Case '-[CondiscoTests.PackItalianTests testAlbergoShowerSubjectAgreement]' passed (0.001 seconds).
Test Case '-[CondiscoTests.PackItalianTests testCafeBuildClozeUnArticle]' started.
Test Case '-[CondiscoTests.PackItalianTests testCafeBuildClozeUnArticle]' passed (0.001 seconds).
Test Case '-[CondiscoTests.PackItalianTests testCafeBuildTeaAccent]' started.
Test Case '-[CondiscoTests.PackItalianTests testCafeBuildTeaAccent]' passed (0.001 seconds).
Test Case '-[CondiscoTests.PackItalianTests testCafeMissionOrderWordingAndAccent]' started.
Test Case '-[CondiscoTests.PackItalianTests testCafeMissionOrderWordingAndAccent]' passed (0.001 seconds).
Test Case '-[CondiscoTests.PackItalianTests testCafeOrderClozeFavore]' started.
Test Case '-[CondiscoTests.PackItalianTests testCafeOrderClozeFavore]' passed (0.001 seconds).
Test Case '-[CondiscoTests.PackItalianTests testCafeOrderProducePoliteOrder]' started.
Test Case '-[CondiscoTests.PackItalianTests testCafeOrderProducePoliteOrder]' passed (0.001 seconds).
Test Case '-[CondiscoTests.PackItalianTests testCafeOrderTransferPriceQuestion]' started.
Test Case '-[CondiscoTests.PackItalianTests testCafeOrderTransferPriceQuestion]' passed (0.001 seconds).
Test Case '-[CondiscoTests.PackItalianTests testComparativiClozePiu]' started.
Test Case '-[CondiscoTests.PackItalianTests testComparativiClozePiu]' passed (0.001 seconds).
Test Case '-[CondiscoTests.PackItalianTests testComparativiReadAcceptsPassageWording]' started.
Test Case '-[CondiscoTests.PackItalianTests testComparativiReadAcceptsPassageWording]' passed (0.001 seconds).
Test Case '-[CondiscoTests.PackItalianTests testComparativiThinkConcordance]' started.
Test Case '-[CondiscoTests.PackItalianTests testComparativiThinkConcordance]' passed (0.001 seconds).
Test Case '-[CondiscoTests.PackItalianTests testCondizionaleClozeDovrei]' started.
Test Case '-[CondiscoTests.PackItalianTests testCondizionaleClozeDovrei]' passed (0.001 seconds).
Test Case '-[CondiscoTests.PackItalianTests testCondizionaleCortesiaRb3Taxi]' started.
Test Case '-[CondiscoTests.PackItalianTests testCondizionaleCortesiaRb3Taxi]' passed (0.001 seconds).
Test Case '-[CondiscoTests.PackItalianTests testCondizionaleCortesiaThinkVorrei]' started.
Test Case '-[CondiscoTests.PackItalianTests testCondizionaleCortesiaThinkVorrei]' passed (0.001 seconds).
Test Case '-[CondiscoTests.PackItalianTests testCondizionaleCortesiaVaryPronoun]' started.
Test Case '-[CondiscoTests.PackItalianTests testCondizionaleCortesiaVaryPronoun]' passed (0.001 seconds).
Test Case '-[CondiscoTests.PackItalianTests testCondizionaleThinkComprerei]' started.
Test Case '-[CondiscoTests.PackItalianTests testCondizionaleThinkComprerei]' passed (0.001 seconds).
Test Case '-[CondiscoTests.PackItalianTests testCongiuntivoClozeFareForm]' started.
Test Case '-[CondiscoTests.PackItalianTests testCongiuntivoClozeFareForm]' passed (0.001 seconds).
Test Case '-[CondiscoTests.PackItalianTests testCongiuntivoVaryDoubtPlacement]' started.
Test Case '-[CondiscoTests.PackItalianTests testCongiuntivoVaryDoubtPlacement]' passed (0.001 seconds).
Test Case '-[CondiscoTests.PackItalianTests testDaysClozeCardinalDate]' started.
Test Case '-[CondiscoTests.PackItalianTests testDaysClozeCardinalDate]' passed (0.001 seconds).
Test Case '-[CondiscoTests.PackItalianTests testDaysListenModelAccents]' started.
Test Case '-[CondiscoTests.PackItalianTests testDaysListenModelAccents]' passed (0.001 seconds).
Test Case '-[CondiscoTests.PackItalianTests testDaysReadAcceptsDigitDate]' started.
Test Case '-[CondiscoTests.PackItalianTests testDaysReadAcceptsDigitDate]' passed (0.001 seconds).
Test Case '-[CondiscoTests.PackItalianTests testDirectionsFinalArrivalStatement]' started.
Test Case '-[CondiscoTests.PackItalianTests testDirectionsFinalArrivalStatement]' passed (0.001 seconds).
Test Case '-[CondiscoTests.PackItalianTests testDirectionsStationArticleCloze]' started.
Test Case '-[CondiscoTests.PackItalianTests testDirectionsStationArticleCloze]' passed (0.001 seconds).
Test Case '-[CondiscoTests.PackItalianTests testEarlyWordsCostaSingular]' started.
Test Case '-[CondiscoTests.PackItalianTests testEarlyWordsCostaSingular]' passed (0.001 seconds).
Test Case '-[CondiscoTests.PackItalianTests testEarlyWordsIntroProDropVariant]' started.
Test Case '-[CondiscoTests.PackItalianTests testEarlyWordsIntroProDropVariant]' passed (0.001 seconds).
Test Case '-[CondiscoTests.PackItalianTests testEarlyWordsPrendoExplicitIo]' started.
Test Case '-[CondiscoTests.PackItalianTests testEarlyWordsPrendoExplicitIo]' passed (0.001 seconds).
Test Case '-[CondiscoTests.PackItalianTests testEmergencyClozeElision]' started.
Test Case '-[CondiscoTests.PackItalianTests testEmergencyClozeElision]' passed (0.001 seconds).
Test Case '-[CondiscoTests.PackItalianTests testEmergencyProduceRequestForm]' started.
Test Case '-[CondiscoTests.PackItalianTests testEmergencyProduceRequestForm]' passed (0.001 seconds).
Test Case '-[CondiscoTests.PackItalianTests testEssereParticipiClozeAbbiamo]' started.
Test Case '-[CondiscoTests.PackItalianTests testEssereParticipiClozeAbbiamo]' passed (0.001 seconds).
Test Case '-[CondiscoTests.PackItalianTests testEssereParticipiProduceHanno]' started.
Test Case '-[CondiscoTests.PackItalianTests testEssereParticipiProduceHanno]' passed (0.001 seconds).
Test Case '-[CondiscoTests.PackItalianTests testFoodClozeIoFormPrendo]' started.
Test Case '-[CondiscoTests.PackItalianTests testFoodClozeIoFormPrendo]' passed (0.001 seconds).
Test Case '-[CondiscoTests.PackItalianTests testFoodConstructionClozeNonPrendo]' started.
Test Case '-[CondiscoTests.PackItalianTests testFoodConstructionClozeNonPrendo]' passed (0.001 seconds).
Test Case '-[CondiscoTests.PackItalianTests testFoodConstructionRefusalAccent]' started.
Test Case '-[CondiscoTests.PackItalianTests testFoodConstructionRefusalAccent]' passed (0.001 seconds).
Test Case '-[CondiscoTests.PackItalianTests testFoodStoryTransferPoliteRegister]' started.
Test Case '-[CondiscoTests.PackItalianTests testFoodStoryTransferPoliteRegister]' passed (0.002 seconds).
Test Case '-[CondiscoTests.PackItalianTests testFuturoSempliceClozeSaro]' started.
Test Case '-[CondiscoTests.PackItalianTests testFuturoSempliceClozeSaro]' passed (0.001 seconds).
Test Case '-[CondiscoTests.PackItalianTests testFuturoSempliceThinkMangeranno]' started.
Test Case '-[CondiscoTests.PackItalianTests testFuturoSempliceThinkMangeranno]' passed (0.001 seconds).
Test Case '-[CondiscoTests.PackItalianTests testFuturoUsiClozeChiamero]' started.
Test Case '-[CondiscoTests.PackItalianTests testFuturoUsiClozeChiamero]' passed (0.001 seconds).
Test Case '-[CondiscoTests.PackItalianTests testFuturoUsiClozeLavoreremo]' started.
Test Case '-[CondiscoTests.PackItalianTests testFuturoUsiClozeLavoreremo]' passed (0.001 seconds).
Test Case '-[CondiscoTests.PackItalianTests testHealthProduceBodyPartArticle]' started.
Test Case '-[CondiscoTests.PackItalianTests testHealthProduceBodyPartArticle]' passed (0.001 seconds).
Test Case '-[CondiscoTests.PackItalianTests testHealthRb5ReportSentence]' started.
Test Case '-[CondiscoTests.PackItalianTests testHealthRb5ReportSentence]' passed (0.001 seconds).
Test Case '-[CondiscoTests.PackItalianTests testHomeBookSentenceAccentError]' started.
Test Case '-[CondiscoTests.PackItalianTests testHomeBookSentenceAccentError]' passed (0.001 seconds).
Test Case '-[CondiscoTests.PackItalianTests testHomeClozeArticleGrading]' started.
Test Case '-[CondiscoTests.PackItalianTests testHomeClozeArticleGrading]' passed (0.001 seconds).
Test Case '-[CondiscoTests.PackItalianTests testIdentityPeopleFamilyReadsAcceptFullAnswers]' started.
Test Case '-[CondiscoTests.PackItalianTests testIdentityPeopleFamilyReadsAcceptFullAnswers]' passed (0.001 seconds).
Test Case '-[CondiscoTests.PackItalianTests testImperfettoClozeHoMangiato]' started.
Test Case '-[CondiscoTests.PackItalianTests testImperfettoClozeHoMangiato]' passed (0.001 seconds).
Test Case '-[CondiscoTests.PackItalianTests testImperfettoProduceStudiato]' started.
Test Case '-[CondiscoTests.PackItalianTests testImperfettoProduceStudiato]' passed (0.001 seconds).
Test Case '-[CondiscoTests.PackItalianTests testInvitationsMeaningPoliteNo]' started.
Test Case '-[CondiscoTests.PackItalianTests testInvitationsMeaningPoliteNo]' passed (0.001 seconds).
Test Case '-[CondiscoTests.PackItalianTests testInvitationsRb5VenireCasaMia]' started.
Test Case '-[CondiscoTests.PackItalianTests testInvitationsRb5VenireCasaMia]' passed (0.001 seconds).
Test Case '-[CondiscoTests.PackItalianTests testItalianPackLoadsAndValidates]' started.
Test Case '-[CondiscoTests.PackItalianTests testItalianPackLoadsAndValidates]' passed (0.008 seconds).
Test Case '-[CondiscoTests.PackItalianTests testLavoroImpersonalSiForms]' started.
Test Case '-[CondiscoTests.PackItalianTests testLavoroImpersonalSiForms]' passed (0.002 seconds).
Test Case '-[CondiscoTests.PackItalianTests testMarketClozePluralPriceVerb]' started.
Test Case '-[CondiscoTests.PackItalianTests testMarketClozePluralPriceVerb]' passed (0.001 seconds).
Test Case '-[CondiscoTests.PackItalianTests testMarketFinalTakeResponse]' started.
Test Case '-[CondiscoTests.PackItalianTests testMarketFinalTakeResponse]' passed (0.001 seconds).
Test Case '-[CondiscoTests.PackItalianTests testMarketKiloCostaSingularRule]' started.
Test Case '-[CondiscoTests.PackItalianTests testMarketKiloCostaSingularRule]' passed (0.001 seconds).
Test Case '-[CondiscoTests.PackItalianTests testMarketListenModelSingularVerb]' started.
Test Case '-[CondiscoTests.PackItalianTests testMarketListenModelSingularVerb]' passed (0.001 seconds).
Test Case '-[CondiscoTests.PackItalianTests testMarketMeaningPluralGloss]' started.
Test Case '-[CondiscoTests.PackItalianTests testMarketMeaningPluralGloss]' passed (0.001 seconds).
Test Case '-[CondiscoTests.PackItalianTests testMarketQuestionKiloAgreement]' started.
Test Case '-[CondiscoTests.PackItalianTests testMarketQuestionKiloAgreement]' passed (0.001 seconds).
Test Case '-[CondiscoTests.PackItalianTests testMarketReadBreadPrice]' started.
Test Case '-[CondiscoTests.PackItalianTests testMarketReadBreadPrice]' passed (0.001 seconds).
Test Case '-[CondiscoTests.PackItalianTests testNeCiClozeNeFromDi]' started.
Test Case '-[CondiscoTests.PackItalianTests testNeCiClozeNeFromDi]' passed (0.001 seconds).
Test Case '-[CondiscoTests.PackItalianTests testNeCiThinkCiVado]' started.
Test Case '-[CondiscoTests.PackItalianTests testNeCiThinkCiVado]' passed (0.001 seconds).
Test Case '-[CondiscoTests.PackItalianTests testNegationClozeNonBeforeVerb]' started.
Test Case '-[CondiscoTests.PackItalianTests testNegationClozeNonBeforeVerb]' passed (0.001 seconds).
Test Case '-[CondiscoTests.PackItalianTests testNegationProduceAcceptsDroppedPronoun]' started.
Test Case '-[CondiscoTests.PackItalianTests testNegationProduceAcceptsDroppedPronoun]' passed (0.001 seconds).
Test Case '-[CondiscoTests.PackItalianTests testNegationReadAcceptsGenderNeutralForms]' started.
Test Case '-[CondiscoTests.PackItalianTests testNegationReadAcceptsGenderNeutralForms]' passed (0.001 seconds).
Test Case '-[CondiscoTests.PackItalianTests testNumbersMeaningAgeQuestion]' started.
Test Case '-[CondiscoTests.PackItalianTests testNumbersMeaningAgeQuestion]' passed (0.001 seconds).
Test Case '-[CondiscoTests.PackItalianTests testNumbersProduceAcceptsDigitForms]' started.
Test Case '-[CondiscoTests.PackItalianTests testNumbersProduceAcceptsDigitForms]' passed (0.001 seconds).
Test Case '-[CondiscoTests.PackItalianTests testPassatoImperfettoClozeHannoChiamato]' started.
Test Case '-[CondiscoTests.PackItalianTests testPassatoImperfettoClozeHannoChiamato]' passed (0.001 seconds).
Test Case '-[CondiscoTests.PackItalianTests testPassatoImperfettoProduceMariaHa]' started.
Test Case '-[CondiscoTests.PackItalianTests testPassatoImperfettoProduceMariaHa]' passed (0.001 seconds).
Test Case '-[CondiscoTests.PackItalianTests testPassatoProssimoClozeHaMaria]' started.
Test Case '-[CondiscoTests.PackItalianTests testPassatoProssimoClozeHaMaria]' passed (0.001 seconds).
Test Case '-[CondiscoTests.PackItalianTests testPassatoProssimoThinkHoComprato]' started.
Test Case '-[CondiscoTests.PackItalianTests testPassatoProssimoThinkHoComprato]' passed (0.001 seconds).
Test Case '-[CondiscoTests.PackItalianTests testPastClozeAvereHelper]' started.
Test Case '-[CondiscoTests.PackItalianTests testPastClozeAvereHelper]' passed (0.001 seconds).
Test Case '-[CondiscoTests.PackItalianTests testPastMeaningAcceptsHaveStudied]' started.
Test Case '-[CondiscoTests.PackItalianTests testPastMeaningAcceptsHaveStudied]' passed (0.001 seconds).
Test Case '-[CondiscoTests.PackItalianTests testPeopleMeaningAcceptsFormalLeiReading]' started.
Test Case '-[CondiscoTests.PackItalianTests testPeopleMeaningAcceptsFormalLeiReading]' passed (0.001 seconds).
Test Case '-[CondiscoTests.PackItalianTests testPharmacyMeaningSingularCosts]' started.
Test Case '-[CondiscoTests.PackItalianTests testPharmacyMeaningSingularCosts]' passed (0.001 seconds).
Test Case '-[CondiscoTests.PackItalianTests testPharmacyRb5FormalGoodbye]' started.
Test Case '-[CondiscoTests.PackItalianTests testPharmacyRb5FormalGoodbye]' passed (0.001 seconds).
Test Case '-[CondiscoTests.PackItalianTests testPlansClozeAndareIoForm]' started.
Test Case '-[CondiscoTests.PackItalianTests testPlansClozeAndareIoForm]' passed (0.001 seconds).
Test Case '-[CondiscoTests.PackItalianTests testPluralClozeAgreementErrors]' started.
Test Case '-[CondiscoTests.PackItalianTests testPluralClozeAgreementErrors]' passed (0.001 seconds).
Test Case '-[CondiscoTests.PackItalianTests testPossessionClozeFeminineMia]' started.
Test Case '-[CondiscoTests.PackItalianTests testPossessionClozeFeminineMia]' passed (0.001 seconds).
Test Case '-[CondiscoTests.PackItalianTests testPossessionProduceAccentAndArticle]' started.
Test Case '-[CondiscoTests.PackItalianTests testPossessionProduceAccentAndArticle]' passed (0.001 seconds).
Test Case '-[CondiscoTests.PackItalianTests testPossessionReadAcceptsPassagePhrase]' started.
Test Case '-[CondiscoTests.PackItalianTests testPossessionReadAcceptsPassagePhrase]' passed (0.001 seconds).
Test Case '-[CondiscoTests.PackItalianTests testProgettiFuturiNearFutureBridge]' started.
Test Case '-[CondiscoTests.PackItalianTests testProgettiFuturiNearFutureBridge]' passed (0.001 seconds).
Test Case '-[CondiscoTests.PackItalianTests testReflexiveClozeStudioIoForm]' started.
Test Case '-[CondiscoTests.PackItalianTests testReflexiveClozeStudioIoForm]' passed (0.001 seconds).
Test Case '-[CondiscoTests.PackItalianTests testReflexiveProduceTuLavori]' started.
Test Case '-[CondiscoTests.PackItalianTests testReflexiveProduceTuLavori]' passed (0.001 seconds).
Test Case '-[CondiscoTests.PackItalianTests testRelativiClozeDiCui]' started.
Test Case '-[CondiscoTests.PackItalianTests testRelativiClozeDiCui]' passed (0.001 seconds).
Test Case '-[CondiscoTests.PackItalianTests testRelativiVaryConCui]' started.
Test Case '-[CondiscoTests.PackItalianTests testRelativiVaryConCui]' passed (0.001 seconds).
Test Case '-[CondiscoTests.PackItalianTests testRequestsClozeInfinitiveAfterPosso]' started.
Test Case '-[CondiscoTests.PackItalianTests testRequestsClozeInfinitiveAfterPosso]' passed (0.001 seconds).
Test Case '-[CondiscoTests.PackItalianTests testRequestsListenModelDictation]' started.
Test Case '-[CondiscoTests.PackItalianTests testRequestsListenModelDictation]' passed (0.001 seconds).
Test Case '-[CondiscoTests.PackItalianTests testRequestsTransferPermissionQuestion]' started.
Test Case '-[CondiscoTests.PackItalianTests testRequestsTransferPermissionQuestion]' passed (0.001 seconds).
Test Case '-[CondiscoTests.PackItalianTests testRestaurantBillPoliteRequest]' started.
Test Case '-[CondiscoTests.PackItalianTests testRestaurantBillPoliteRequest]' passed (0.001 seconds).
Test Case '-[CondiscoTests.PackItalianTests testRestaurantFinalGoodbye]' started.
Test Case '-[CondiscoTests.PackItalianTests testRestaurantFinalGoodbye]' passed (0.001 seconds).
Test Case '-[CondiscoTests.PackItalianTests testRoutineEveryEveningAcceptedSet]' started.
Test Case '-[CondiscoTests.PackItalianTests testRoutineEveryEveningAcceptedSet]' passed (0.001 seconds).
Test Case '-[CondiscoTests.PackItalianTests testStareGerundioBusWaiting]' started.
Test Case '-[CondiscoTests.PackItalianTests testStareGerundioBusWaiting]' passed (0.001 seconds).
Test Case '-[CondiscoTests.PackItalianTests testStareGerundioClozeIoForm]' started.
Test Case '-[CondiscoTests.PackItalianTests testStareGerundioClozeIoForm]' passed (0.001 seconds).
Test Case '-[CondiscoTests.PackItalianTests testStareGerundioRainShelter]' started.
Test Case '-[CondiscoTests.PackItalianTests testStareGerundioRainShelter]' passed (0.001 seconds).
Test Case '-[CondiscoTests.PackItalianTests testStareGerundioVaryTransform]' started.
Test Case '-[CondiscoTests.PackItalianTests testStareGerundioVaryTransform]' passed (0.001 seconds).
Test Case '-[CondiscoTests.PackItalianTests testTimeClozeOneOclockSingular]' started.
Test Case '-[CondiscoTests.PackItalianTests testTimeClozeOneOclockSingular]' passed (0.001 seconds).
Test Case '-[CondiscoTests.PackItalianTests testTimeProduceHalfPastForms]' started.
Test Case '-[CondiscoTests.PackItalianTests testTimeProduceHalfPastForms]' passed (0.001 seconds).
Test Case '-[CondiscoTests.PackItalianTests testTimeTrainQuarterToDirection]' started.
Test Case '-[CondiscoTests.PackItalianTests testTimeTrainQuarterToDirection]' passed (0.001 seconds).
Test Case '-[CondiscoTests.PackItalianTests testTransportArrivalConjugation]' started.
Test Case '-[CondiscoTests.PackItalianTests testTransportArrivalConjugation]' passed (0.001 seconds).
Test Case '-[CondiscoTests.PackItalianTests testTransportClozeStationArticle]' started.
Test Case '-[CondiscoTests.PackItalianTests testTransportClozeStationArticle]' passed (0.001 seconds).
Test Case '-[CondiscoTests.PackItalianTests testTransportGoToRomeForms]' started.
Test Case '-[CondiscoTests.PackItalianTests testTransportGoToRomeForms]' passed (0.001 seconds).
Test Case '-[CondiscoTests.PackItalianTests testTransportMeaningQuestionForm]' started.
Test Case '-[CondiscoTests.PackItalianTests testTransportMeaningQuestionForm]' passed (0.001 seconds).
Test Case '-[CondiscoTests.PackItalianTests testVorreiAct6PriceQuestion]' started.
Test Case '-[CondiscoTests.PackItalianTests testVorreiAct6PriceQuestion]' passed (0.001 seconds).
Test Case '-[CondiscoTests.PackItalianTests testVorreiAct8GuardandoGerund]' started.
Test Case '-[CondiscoTests.PackItalianTests testVorreiAct8GuardandoGerund]' passed (0.001 seconds).
Test Case '-[CondiscoTests.PackItalianTests testVorreiAct9LaPrendo]' started.
Test Case '-[CondiscoTests.PackItalianTests testVorreiAct9LaPrendo]' passed (0.001 seconds).
Test Case '-[CondiscoTests.PackItalianTests testWaveBMissionsHaveAuthoredErrors]' started.
Test Case '-[CondiscoTests.PackItalianTests testWaveBMissionsHaveAuthoredErrors]' passed (0.007 seconds).
Test Case '-[CondiscoTests.PackItalianTests testWaveBMissionsHaveAuthoredStepHints]' started.
Test Case '-[CondiscoTests.PackItalianTests testWaveBMissionsHaveAuthoredStepHints]' passed (0.007 seconds).
Test Case '-[CondiscoTests.PackItalianTests testWaveCStoriesHaveAuthoredErrors]' started.
Test Case '-[CondiscoTests.PackItalianTests testWaveCStoriesHaveAuthoredErrors]' passed (0.005 seconds).
Test Case '-[CondiscoTests.PackItalianTests testWaveCStoriesHaveAuthoredStepHints]' started.
Test Case '-[CondiscoTests.PackItalianTests testWaveCStoriesHaveAuthoredStepHints]' passed (0.005 seconds).
Test Case '-[CondiscoTests.PackItalianTests testWaveDDiscoveriesHaveAuthoredErrors]' started.
Test Case '-[CondiscoTests.PackItalianTests testWaveDDiscoveriesHaveAuthoredErrors]' passed (0.007 seconds).
Test Case '-[CondiscoTests.PackItalianTests testWaveDDiscoveriesHaveAuthoredStepHints]' started.
Test Case '-[CondiscoTests.PackItalianTests testWaveDDiscoveriesHaveAuthoredStepHints]' passed (0.008 seconds).
Test Case '-[CondiscoTests.PackItalianTests testWaveFConstructionRecallHaveAuthoredErrors]' started.
Test Case '-[CondiscoTests.PackItalianTests testWaveFConstructionRecallHaveAuthoredErrors]' passed (0.014 seconds).
Test Case '-[CondiscoTests.PackItalianTests testWaveFConstructionRecallHaveAuthoredStepHints]' started.
Test Case '-[CondiscoTests.PackItalianTests testWaveFConstructionRecallHaveAuthoredStepHints]' passed (0.014 seconds).
Test Case '-[CondiscoTests.PackItalianTests testWeatherColdTodayFarePattern]' started.
Test Case '-[CondiscoTests.PackItalianTests testWeatherColdTodayFarePattern]' passed (0.001 seconds).
Test Case '-[CondiscoTests.PackItalianTests testWeatherMeaningSunnyEnglish]' started.
Test Case '-[CondiscoTests.PackItalianTests testWeatherMeaningSunnyEnglish]' passed (0.001 seconds).
Test Case '-[CondiscoTests.PackItalianTests testWeatherMondaySunForms]' started.
Test Case '-[CondiscoTests.PackItalianTests testWeatherMondaySunForms]' passed (0.001 seconds).
Test Case '-[CondiscoTests.PackItalianTests testWeatherSeasonsClozeFarePattern]' started.
Test Case '-[CondiscoTests.PackItalianTests testWeatherSeasonsClozeFarePattern]' passed (0.001 seconds).
Test Suite 'PackItalianTests' passed at 2026-09-27 05:17:23.268.
	 Executed 114 tests, with 0 failures (0 unexpected) in 0.175 (0.211) seconds
Test Suite 'PackLoaderRecoveryTests' started at 2026-09-27 05:17:23.268.
Test Case '-[CondiscoTests.PackLoaderRecoveryTests testCorruptedFirstPackSkippedOthersStillLoad]' started.
Test Case '-[CondiscoTests.PackLoaderRecoveryTests testCorruptedFirstPackSkippedOthersStillLoad]' passed (0.172 seconds).
Test Case '-[CondiscoTests.PackLoaderRecoveryTests testCorruptedMiddlePackSkippedOthersStillLoad]' started.
Test Case '-[CondiscoTests.PackLoaderRecoveryTests testCorruptedMiddlePackSkippedOthersStillLoad]' passed (0.136 seconds).
Test Case '-[CondiscoTests.PackLoaderRecoveryTests testFullyCorruptedBundleThrowsActionableErrorNamingFiles]' started.
Test Case '-[CondiscoTests.PackLoaderRecoveryTests testFullyCorruptedBundleThrowsActionableErrorNamingFiles]' passed (0.003 seconds).
Test Suite 'PackLoaderRecoveryTests' passed at 2026-09-27 05:17:23.581.
	 Executed 3 tests, with 0 failures (0 unexpected) in 0.311 (0.313) seconds
Test Suite 'PackPortugueseTests' started at 2026-09-27 05:17:23.581.
Test Case '-[CondiscoTests.PackPortugueseTests testAuthoredErrorsFireForPlausibleWrongAnswers]' started.
Test Case '-[CondiscoTests.PackPortugueseTests testAuthoredErrorsFireForPlausibleWrongAnswers]' passed (0.002 seconds).
Test Case '-[CondiscoTests.PackPortugueseTests testBatch1AcceptsNaturalAlternatives]' started.
Test Case '-[CondiscoTests.PackPortugueseTests testBatch1AcceptsNaturalAlternatives]' passed (0.001 seconds).
Test Case '-[CondiscoTests.PackPortugueseTests testBatch1GradedStepsHaveAuthoredHints]' started.
Test Case '-[CondiscoTests.PackPortugueseTests testBatch1GradedStepsHaveAuthoredHints]' passed (0.001 seconds).
Test Case '-[CondiscoTests.PackPortugueseTests testBatch1TextActivitiesAuthorErrors]' started.
Test Case '-[CondiscoTests.PackPortugueseTests testBatch1TextActivitiesAuthorErrors]' passed (0.001 seconds).
Test Case '-[CondiscoTests.PackPortugueseTests testComprehensionReadsAcceptPortugueseForms]' started.
Test Case '-[CondiscoTests.PackPortugueseTests testComprehensionReadsAcceptPortugueseForms]' passed (0.004 seconds).
Test Case '-[CondiscoTests.PackPortugueseTests testEuropeanPossessiveFormIsTheAcceptedTarget]' started.
Test Case '-[CondiscoTests.PackPortugueseTests testEuropeanPossessiveFormIsTheAcceptedTarget]' passed (0.001 seconds).
Test Case '-[CondiscoTests.PackPortugueseTests testHotelMissionEuropeanPossessive]' started.
Test Case '-[CondiscoTests.PackPortugueseTests testHotelMissionEuropeanPossessive]' passed (0.001 seconds).
Test Case '-[CondiscoTests.PackPortugueseTests testLegacyExercisesMatchEuropeanForms]' started.
Test Case '-[CondiscoTests.PackPortugueseTests testLegacyExercisesMatchEuropeanForms]' passed (0.000 seconds).
Test Case '-[CondiscoTests.PackPortugueseTests testPortuguesePackLoadsAndValidates]' started.
Test Case '-[CondiscoTests.PackPortugueseTests testPortuguesePackLoadsAndValidates]' passed (0.006 seconds).
Test Case '-[CondiscoTests.PackPortugueseTests testWaveBAcceptsNaturalAlternatives]' started.
Test Case '-[CondiscoTests.PackPortugueseTests testWaveBAcceptsNaturalAlternatives]' passed (0.001 seconds).
Test Case '-[CondiscoTests.PackPortugueseTests testWaveBAuthoredErrorsFireForPlausibleWrongAnswers]' started.
Test Case '-[CondiscoTests.PackPortugueseTests testWaveBAuthoredErrorsFireForPlausibleWrongAnswers]' passed (0.003 seconds).
Test Case '-[CondiscoTests.PackPortugueseTests testWaveBFinalStepsAreTextResponses]' started.
Test Case '-[CondiscoTests.PackPortugueseTests testWaveBFinalStepsAreTextResponses]' passed (0.001 seconds).
Test Case '-[CondiscoTests.PackPortugueseTests testWaveBGradedStepsHaveAuthoredHints]' started.
Test Case '-[CondiscoTests.PackPortugueseTests testWaveBGradedStepsHaveAuthoredHints]' passed (0.004 seconds).
Test Case '-[CondiscoTests.PackPortugueseTests testWaveBOrderingBuildsTheTaughtSentence]' started.
Test Case '-[CondiscoTests.PackPortugueseTests testWaveBOrderingBuildsTheTaughtSentence]' passed (0.001 seconds).
Test Case '-[CondiscoTests.PackPortugueseTests testWaveBTextActivitiesAuthorErrors]' started.
Test Case '-[CondiscoTests.PackPortugueseTests testWaveBTextActivitiesAuthorErrors]' passed (0.004 seconds).
Test Case '-[CondiscoTests.PackPortugueseTests testWaveCAcceptsNaturalAlternatives]' started.
Test Case '-[CondiscoTests.PackPortugueseTests testWaveCAcceptsNaturalAlternatives]' passed (0.002 seconds).
Test Case '-[CondiscoTests.PackPortugueseTests testWaveCAuthoredErrorsFireForPlausibleWrongAnswers]' started.
Test Case '-[CondiscoTests.PackPortugueseTests testWaveCAuthoredErrorsFireForPlausibleWrongAnswers]' passed (0.004 seconds).
Test Case '-[CondiscoTests.PackPortugueseTests testWaveCGradedStepsHaveAuthoredHints]' started.
Test Case '-[CondiscoTests.PackPortugueseTests testWaveCGradedStepsHaveAuthoredHints]' passed (0.006 seconds).
Test Case '-[CondiscoTests.PackPortugueseTests testWaveCStoryFinalStepsAreTextResponses]' started.
Test Case '-[CondiscoTests.PackPortugueseTests testWaveCStoryFinalStepsAreTextResponses]' passed (0.002 seconds).
Test Case '-[CondiscoTests.PackPortugueseTests testWaveCTextActivitiesAuthorErrors]' started.
Test Case '-[CondiscoTests.PackPortugueseTests testWaveCTextActivitiesAuthorErrors]' passed (0.006 seconds).
Test Case '-[CondiscoTests.PackPortugueseTests testWaveDAcceptsNaturalAlternatives]' started.
Test Case '-[CondiscoTests.PackPortugueseTests testWaveDAcceptsNaturalAlternatives]' passed (0.002 seconds).
Test Case '-[CondiscoTests.PackPortugueseTests testWaveDAuthoredErrorsFireForPlausibleWrongAnswers]' started.
Test Case '-[CondiscoTests.PackPortugueseTests testWaveDAuthoredErrorsFireForPlausibleWrongAnswers]' passed (0.006 seconds).
Test Case '-[CondiscoTests.PackPortugueseTests testWaveDDiscoveryFinalStepsAreTextResponses]' started.
Test Case '-[CondiscoTests.PackPortugueseTests testWaveDDiscoveryFinalStepsAreTextResponses]' passed (0.002 seconds).
Test Case '-[CondiscoTests.PackPortugueseTests testWaveDGradedStepsHaveAuthoredHints]' started.
Test Case '-[CondiscoTests.PackPortugueseTests testWaveDGradedStepsHaveAuthoredHints]' passed (0.008 seconds).
Test Case '-[CondiscoTests.PackPortugueseTests testWaveDTextActivitiesAuthorErrors]' started.
Test Case '-[CondiscoTests.PackPortugueseTests testWaveDTextActivitiesAuthorErrors]' passed (0.009 seconds).
Test Case '-[CondiscoTests.PackPortugueseTests testWaveEAcceptsNaturalAlternatives]' started.
Test Case '-[CondiscoTests.PackPortugueseTests testWaveEAcceptsNaturalAlternatives]' passed (0.002 seconds).
Test Case '-[CondiscoTests.PackPortugueseTests testWaveEAuthoredErrorsFireForPlausibleWrongAnswers]' started.
Test Case '-[CondiscoTests.PackPortugueseTests testWaveEAuthoredErrorsFireForPlausibleWrongAnswers]' passed (0.003 seconds).
Test Case '-[CondiscoTests.PackPortugueseTests testWaveEConversationFinalStepsAreTextResponses]' started.
Test Case '-[CondiscoTests.PackPortugueseTests testWaveEConversationFinalStepsAreTextResponses]' passed (0.001 seconds).
Test Case '-[CondiscoTests.PackPortugueseTests testWaveEGradedStepsHaveAuthoredHints]' started.
Test Case '-[CondiscoTests.PackPortugueseTests testWaveEGradedStepsHaveAuthoredHints]' passed (0.005 seconds).
Test Case '-[CondiscoTests.PackPortugueseTests testWaveETextActivitiesAuthorErrors]' started.
Test Case '-[CondiscoTests.PackPortugueseTests testWaveETextActivitiesAuthorErrors]' passed (0.004 seconds).
Test Case '-[CondiscoTests.PackPortugueseTests testWaveFAcceptsNaturalAlternatives]' started.
Test Case '-[CondiscoTests.PackPortugueseTests testWaveFAcceptsNaturalAlternatives]' passed (0.003 seconds).
Test Case '-[CondiscoTests.PackPortugueseTests testWaveFAuthoredErrorsFireForPlausibleWrongAnswers]' started.
Test Case '-[CondiscoTests.PackPortugueseTests testWaveFAuthoredErrorsFireForPlausibleWrongAnswers]' passed (0.009 seconds).
Test Case '-[CondiscoTests.PackPortugueseTests testWaveFFinalStepsAreTextResponses]' started.
Test Case '-[CondiscoTests.PackPortugueseTests testWaveFFinalStepsAreTextResponses]' passed (0.002 seconds).
Test Case '-[CondiscoTests.PackPortugueseTests testWaveFGradedStepsHaveAuthoredHints]' started.
Test Case '-[CondiscoTests.PackPortugueseTests testWaveFGradedStepsHaveAuthoredHints]' passed (0.011 seconds).
Test Case '-[CondiscoTests.PackPortugueseTests testWaveFTextActivitiesAuthorErrors]' started.
Test Case '-[CondiscoTests.PackPortugueseTests testWaveFTextActivitiesAuthorErrors]' passed (0.011 seconds).
Test Suite 'PackPortugueseTests' passed at 2026-09-27 05:17:23.718.
	 Executed 35 tests, with 0 failures (0 unexpected) in 0.127 (0.137) seconds
Test Suite 'PackSpanishTests' started at 2026-09-27 05:17:23.718.
Test Case '-[CondiscoTests.PackSpanishTests testAuthoredErrorsFireForPlausibleWrongAnswers]' started.
Test Case '-[CondiscoTests.PackSpanishTests testAuthoredErrorsFireForPlausibleWrongAnswers]' passed (0.003 seconds).
Test Case '-[CondiscoTests.PackSpanishTests testBatch1AcceptsNaturalSpanishAlternatives]' started.
Test Case '-[CondiscoTests.PackSpanishTests testBatch1AcceptsNaturalSpanishAlternatives]' passed (0.001 seconds).
Test Case '-[CondiscoTests.PackSpanishTests testBatch1GradedStepsHaveAuthoredHints]' started.
Test Case '-[CondiscoTests.PackSpanishTests testBatch1GradedStepsHaveAuthoredHints]' passed (0.001 seconds).
Test Case '-[CondiscoTests.PackSpanishTests testBatch1TextActivitiesAuthorErrors]' started.
Test Case '-[CondiscoTests.PackSpanishTests testBatch1TextActivitiesAuthorErrors]' passed (0.001 seconds).
Test Case '-[CondiscoTests.PackSpanishTests testBatch2AcceptsAuthoredAnswers]' started.
Test Case '-[CondiscoTests.PackSpanishTests testBatch2AcceptsAuthoredAnswers]' passed (0.001 seconds).
Test Case '-[CondiscoTests.PackSpanishTests testBatch2AuthoredErrorsFireForPlausibleWrongAnswers]' started.
Test Case '-[CondiscoTests.PackSpanishTests testBatch2AuthoredErrorsFireForPlausibleWrongAnswers]' passed (0.004 seconds).
Test Case '-[CondiscoTests.PackSpanishTests testBatch2GradedStepsHaveAuthoredHints]' started.
Test Case '-[CondiscoTests.PackSpanishTests testBatch2GradedStepsHaveAuthoredHints]' passed (0.004 seconds).
Test Case '-[CondiscoTests.PackSpanishTests testBatch2TextAndClozeActivitiesAuthorErrors]' started.
Test Case '-[CondiscoTests.PackSpanishTests testBatch2TextAndClozeActivitiesAuthorErrors]' passed (0.004 seconds).
Test Case '-[CondiscoTests.PackSpanishTests testBatch3AcceptsAuthoredAnswers]' started.
Test Case '-[CondiscoTests.PackSpanishTests testBatch3AcceptsAuthoredAnswers]' passed (0.002 seconds).
Test Case '-[CondiscoTests.PackSpanishTests testBatch3AuthoredErrorsFireForPlausibleWrongAnswers]' started.
Test Case '-[CondiscoTests.PackSpanishTests testBatch3AuthoredErrorsFireForPlausibleWrongAnswers]' passed (0.007 seconds).
Test Case '-[CondiscoTests.PackSpanishTests testBatch3GradedStepsHaveAuthoredHints]' started.
Test Case '-[CondiscoTests.PackSpanishTests testBatch3GradedStepsHaveAuthoredHints]' passed (0.005 seconds).
Test Case '-[CondiscoTests.PackSpanishTests testBatch3StoryLessonsEndWithTextFinalResponse]' started.
Test Case '-[CondiscoTests.PackSpanishTests testBatch3StoryLessonsEndWithTextFinalResponse]' passed (0.002 seconds).
Test Case '-[CondiscoTests.PackSpanishTests testBatch3TextAndClozeActivitiesAuthorErrors]' started.
Test Case '-[CondiscoTests.PackSpanishTests testBatch3TextAndClozeActivitiesAuthorErrors]' passed (0.006 seconds).
Test Case '-[CondiscoTests.PackSpanishTests testBatch4AcceptsAuthoredAnswers]' started.
Test Case '-[CondiscoTests.PackSpanishTests testBatch4AcceptsAuthoredAnswers]' passed (0.003 seconds).
Test Case '-[CondiscoTests.PackSpanishTests testBatch4AuthoredErrorsFireForPlausibleWrongAnswers]' started.
Test Case '-[CondiscoTests.PackSpanishTests testBatch4AuthoredErrorsFireForPlausibleWrongAnswers]' passed (0.009 seconds).
Test Case '-[CondiscoTests.PackSpanishTests testBatch4DiscoveryLessonsEndWithTextFinalResponse]' started.
Test Case '-[CondiscoTests.PackSpanishTests testBatch4DiscoveryLessonsEndWithTextFinalResponse]' passed (0.002 seconds).
Test Case '-[CondiscoTests.PackSpanishTests testBatch4GradedStepsHaveAuthoredHints]' started.
Test Case '-[CondiscoTests.PackSpanishTests testBatch4GradedStepsHaveAuthoredHints]' passed (0.009 seconds).
Test Case '-[CondiscoTests.PackSpanishTests testBatch4TextAndClozeActivitiesAuthorErrors]' started.
Test Case '-[CondiscoTests.PackSpanishTests testBatch4TextAndClozeActivitiesAuthorErrors]' passed (0.009 seconds).
Test Case '-[CondiscoTests.PackSpanishTests testBatch5AcceptsAuthoredAnswers]' started.
Test Case '-[CondiscoTests.PackSpanishTests testBatch5AcceptsAuthoredAnswers]' passed (0.002 seconds).
Test Case '-[CondiscoTests.PackSpanishTests testBatch5AuthoredErrorsFireForPlausibleWrongAnswers]' started.
Test Case '-[CondiscoTests.PackSpanishTests testBatch5AuthoredErrorsFireForPlausibleWrongAnswers]' passed (0.002 seconds).
Test Case '-[CondiscoTests.PackSpanishTests testBatch5ConversationLessonsEndWithTextFinalResponse]' started.
Test Case '-[CondiscoTests.PackSpanishTests testBatch5ConversationLessonsEndWithTextFinalResponse]' passed (0.001 seconds).
Test Case '-[CondiscoTests.PackSpanishTests testBatch5GradedStepsHaveAuthoredHints]' started.
Test Case '-[CondiscoTests.PackSpanishTests testBatch5GradedStepsHaveAuthoredHints]' passed (0.004 seconds).
Test Case '-[CondiscoTests.PackSpanishTests testBatch5TextActivitiesAuthorErrors]' started.
Test Case '-[CondiscoTests.PackSpanishTests testBatch5TextActivitiesAuthorErrors]' passed (0.004 seconds).
Test Case '-[CondiscoTests.PackSpanishTests testBatch6AcceptsAuthoredAnswers]' started.
Test Case '-[CondiscoTests.PackSpanishTests testBatch6AcceptsAuthoredAnswers]' passed (0.005 seconds).
Test Case '-[CondiscoTests.PackSpanishTests testBatch6AuthoredErrorsFireForPlausibleWrongAnswers]' started.
Test Case '-[CondiscoTests.PackSpanishTests testBatch6AuthoredErrorsFireForPlausibleWrongAnswers]' passed (0.007 seconds).
Test Case '-[CondiscoTests.PackSpanishTests testBatch6GradedStepsHaveAuthoredHints]' started.
Test Case '-[CondiscoTests.PackSpanishTests testBatch6GradedStepsHaveAuthoredHints]' passed (0.010 seconds).
Test Case '-[CondiscoTests.PackSpanishTests testBatch6LessonsEndWithGradedTerminal]' started.
Test Case '-[CondiscoTests.PackSpanishTests testBatch6LessonsEndWithGradedTerminal]' passed (0.002 seconds).
Test Case '-[CondiscoTests.PackSpanishTests testBatch6TextAndClozeActivitiesAuthorErrors]' started.
Test Case '-[CondiscoTests.PackSpanishTests testBatch6TextAndClozeActivitiesAuthorErrors]' passed (0.010 seconds).
Test Case '-[CondiscoTests.PackSpanishTests testCafeListenPilotStepsResolveAndGrade]' started.
Test Case '-[CondiscoTests.PackSpanishTests testCafeListenPilotStepsResolveAndGrade]' passed (0.002 seconds).
Test Case '-[CondiscoTests.PackSpanishTests testCheckpointItemsAreWellFormed]' started.
Test Case '-[CondiscoTests.PackSpanishTests testCheckpointItemsAreWellFormed]' passed (0.001 seconds).
Test Case '-[CondiscoTests.PackSpanishTests testCheckpointTasksDeclareTheirModalityCoverage]' started.
Test Case '-[CondiscoTests.PackSpanishTests testCheckpointTasksDeclareTheirModalityCoverage]' passed (0.000 seconds).
Test Case '-[CondiscoTests.PackSpanishTests testCheckpointTasksDecodeWithStableUniqueIds]' started.
Test Case '-[CondiscoTests.PackSpanishTests testCheckpointTasksDecodeWithStableUniqueIds]' passed (0.001 seconds).
Test Case '-[CondiscoTests.PackSpanishTests testNoLessonStepReferencesCheckpointItem]' started.
Test Case '-[CondiscoTests.PackSpanishTests testNoLessonStepReferencesCheckpointItem]' passed (0.001 seconds).
Test Case '-[CondiscoTests.PackSpanishTests testPackWithoutCheckpointsFieldStillLoadsUnchanged]' started.
Test Case '-[CondiscoTests.PackSpanishTests testPackWithoutCheckpointsFieldStillLoadsUnchanged]' passed (0.080 seconds).
Test Case '-[CondiscoTests.PackSpanishTests testPackWithoutSustainedFieldsStillLoadsUnchanged]' started.
Test Case '-[CondiscoTests.PackSpanishTests testPackWithoutSustainedFieldsStillLoadsUnchanged]' passed (0.084 seconds).
Test Case '-[CondiscoTests.PackSpanishTests testSpanishPackLoadsAndValidates]' started.
Test Case '-[CondiscoTests.PackSpanishTests testSpanishPackLoadsAndValidates]' passed (0.017 seconds).
Test Case '-[CondiscoTests.PackSpanishTests testSustainedListeningDecodesWithOrderedSectionsAndVoiceLabels]' started.
Test Case '-[CondiscoTests.PackSpanishTests testSustainedListeningDecodesWithOrderedSectionsAndVoiceLabels]' passed (0.003 seconds).
Test Case '-[CondiscoTests.PackSpanishTests testSustainedMaterialsBoundToHostLessons]' started.
Test Case '-[CondiscoTests.PackSpanishTests testSustainedMaterialsBoundToHostLessons]' passed (0.001 seconds).
Test Case '-[CondiscoTests.PackSpanishTests testSustainedMinimalPackValidates]' started.
Test Case '-[CondiscoTests.PackSpanishTests testSustainedMinimalPackValidates]' passed (0.002 seconds).
Test Case '-[CondiscoTests.PackSpanishTests testSustainedTextQuestionsCoverKindsAndResolve]' started.
Test Case '-[CondiscoTests.PackSpanishTests testSustainedTextQuestionsCoverKindsAndResolve]' passed (0.003 seconds).
Test Case '-[CondiscoTests.PackSpanishTests testSustainedTextsDecodeWithRequiredMetadata]' started.
Test Case '-[CondiscoTests.PackSpanishTests testSustainedTextsDecodeWithRequiredMetadata]' passed (0.002 seconds).
Test Case '-[CondiscoTests.PackSpanishTests testSustainedValidatorCatchesBrokenFixtures]' started.
Test Case '-[CondiscoTests.PackSpanishTests testSustainedValidatorCatchesBrokenFixtures]' passed (0.007 seconds).
Test Suite 'PackSpanishTests' passed at 2026-09-27 05:17:24.053.
	 Executed 42 tests, with 0 failures (0 unexpected) in 0.323 (0.335) seconds
Test Suite 'PackUpdateTests' started at 2026-09-27 05:17:24.053.
Test Case '-[CondiscoTests.PackUpdateTests testPackWithGrownCheckpointBankInstallsOverExistingProgress]' started.
Test Case '-[CondiscoTests.PackUpdateTests testPackWithGrownCheckpointBankInstallsOverExistingProgress]' passed (0.093 seconds).
Test Case '-[CondiscoTests.PackUpdateTests testUpdateOverExistingProgressKeepsCompletionCheckpointsAndReviewHistory]' started.
Test Case '-[CondiscoTests.PackUpdateTests testUpdateOverExistingProgressKeepsCompletionCheckpointsAndReviewHistory]' passed (0.104 seconds).
Test Suite 'PackUpdateTests' passed at 2026-09-27 05:17:24.251.
	 Executed 2 tests, with 0 failures (0 unexpected) in 0.197 (0.198) seconds
Test Suite 'PairPracticeCardTests' started at 2026-09-27 05:17:24.251.
Test Case '-[CondiscoTests.PairPracticeCardTests testDialogueTurnsEmptyForStoryLesson]' started.
Test Case '-[CondiscoTests.PairPracticeCardTests testDialogueTurnsEmptyForStoryLesson]' passed (0.002 seconds).
Test Case '-[CondiscoTests.PairPracticeCardTests testDialogueTurnsReturnOrderedTwoSpeakerTurnsForConversationLesson]' started.
Test Case '-[CondiscoTests.PairPracticeCardTests testDialogueTurnsReturnOrderedTwoSpeakerTurnsForConversationLesson]' passed (0.001 seconds).
Test Case '-[CondiscoTests.PairPracticeCardTests testPairCardCaptionContainsCourseContentOnly]' started.
Test Case '-[CondiscoTests.PairPracticeCardTests testPairCardCaptionContainsCourseContentOnly]' passed (0.008 seconds).
Test Suite 'PairPracticeCardTests' passed at 2026-09-27 05:17:24.263.
	 Executed 3 tests, with 0 failures (0 unexpected) in 0.011 (0.012) seconds
Test Suite 'PhraseSourceIdsForListenAndBrowserTests' started at 2026-09-27 05:17:24.263.
Test Case '-[CondiscoTests.PhraseSourceIdsForListenAndBrowserTests testEveryListenTrackResolvesToItsPack]' started.
Test Case '-[CondiscoTests.PhraseSourceIdsForListenAndBrowserTests testEveryListenTrackResolvesToItsPack]' passed (0.003 seconds).
Test Case '-[CondiscoTests.PhraseSourceIdsForListenAndBrowserTests testListenTrackExposesFullPackAndLessonSourceIds]' started.
Test Case '-[CondiscoTests.PhraseSourceIdsForListenAndBrowserTests testListenTrackExposesFullPackAndLessonSourceIds]' passed (0.002 seconds).
Test Suite 'PhraseSourceIdsForListenAndBrowserTests' passed at 2026-09-27 05:17:24.268.
	 Executed 2 tests, with 0 failures (0 unexpected) in 0.004 (0.005) seconds
Test Suite 'PlacementTests' started at 2026-09-27 05:17:24.268.
Test Case '-[CondiscoTests.PlacementTests testBandJoining]' started.
Test Case '-[CondiscoTests.PlacementTests testBandJoining]' passed (0.001 seconds).
Test Case '-[CondiscoTests.PlacementTests testBeginnerCanOmitAccentAndApostropheInSamePhrase]' started.
Test Case '-[CondiscoTests.PlacementTests testBeginnerCanOmitAccentAndApostropheInSamePhrase]' passed (0.001 seconds).
Test Case '-[CondiscoTests.PlacementTests testBlankScoreMapsToStart]' started.
Test Case '-[CondiscoTests.PlacementTests testBlankScoreMapsToStart]' passed (0.001 seconds).
Test Case '-[CondiscoTests.PlacementTests testFirstMissThenSevenCorrectNeverPlacesAtStart]' started.
Test Case '-[CondiscoTests.PlacementTests testFirstMissThenSevenCorrectNeverPlacesAtStart]' passed (0.001 seconds).
Test Case '-[CondiscoTests.PlacementTests testMissingAccentExplainsExactCorrectionAndAllowsProgress]' started.
Test Case '-[CondiscoTests.PlacementTests testMissingAccentExplainsExactCorrectionAndAllowsProgress]' passed (0.001 seconds).
Test Case '-[CondiscoTests.PlacementTests testPerfectScoreMapsToVictoryIndex]' started.
Test Case '-[CondiscoTests.PlacementTests testPerfectScoreMapsToVictoryIndex]' passed (0.000 seconds).
Test Case '-[CondiscoTests.PlacementTests testScoreClampsOutOfRange]' started.
Test Case '-[CondiscoTests.PlacementTests testScoreClampsOutOfRange]' passed (0.000 seconds).
Test Case '-[CondiscoTests.PlacementTests testScoreNeverOutranksVictoryIndex]' started.
Test Case '-[CondiscoTests.PlacementTests testScoreNeverOutranksVictoryIndex]' passed (0.000 seconds).
Test Case '-[CondiscoTests.PlacementTests testShortMeaningChangingAccentStillNeedsExplanation]' started.
Test Case '-[CondiscoTests.PlacementTests testShortMeaningChangingAccentStillNeedsExplanation]' passed (0.000 seconds).
Test Suite 'PlacementTests' passed at 2026-09-27 05:17:24.276.
	 Executed 9 tests, with 0 failures (0 unexpected) in 0.005 (0.007) seconds
Test Suite 'PracticeProfileTests' started at 2026-09-27 05:17:24.276.
Test Case '-[CondiscoTests.PracticeProfileTests testAssistedVersusIndependentAttemptsGetDistinctCategories]' started.
Test Case '-[CondiscoTests.PracticeProfileTests testAssistedVersusIndependentAttemptsGetDistinctCategories]' passed (0.008 seconds).
Test Case '-[CondiscoTests.PracticeProfileTests testMixedOldAndNewEventsBothCountWithCorrectCategories]' started.
Test Case '-[CondiscoTests.PracticeProfileTests testMixedOldAndNewEventsBothCountWithCorrectCategories]' passed (0.011 seconds).
Test Case '-[CondiscoTests.PracticeProfileTests testOldDatabaseReplayYieldsOldProgressAndConservativeCategories]' started.
Test Case '-[CondiscoTests.PracticeProfileTests testOldDatabaseReplayYieldsOldProgressAndConservativeCategories]' passed (0.010 seconds).
Test Case '-[CondiscoTests.PracticeProfileTests testProfileProjectionMixedSkillSpanishFixture]' started.
Test Case '-[CondiscoTests.PracticeProfileTests testProfileProjectionMixedSkillSpanishFixture]' passed (0.015 seconds).
Test Case '-[CondiscoTests.PracticeProfileTests testRecalledLaterRequiresFullDayGap]' started.
Test Case '-[CondiscoTests.PracticeProfileTests testRecalledLaterRequiresFullDayGap]' passed (0.017 seconds).
Test Suite 'PracticeProfileTests' passed at 2026-09-27 05:17:24.339.
	 Executed 5 tests, with 0 failures (0 unexpected) in 0.061 (0.063) seconds
Test Suite 'RecallWarmUpTests' started at 2026-09-27 05:17:24.339.
Test Case '-[CondiscoTests.RecallWarmUpTests testCapOfTwoKeepsOnlyTheTwoOldest]' started.
Test Case '-[CondiscoTests.RecallWarmUpTests testCapOfTwoKeepsOnlyTheTwoOldest]' passed (0.002 seconds).
Test Case '-[CondiscoTests.RecallWarmUpTests testCurrentLessonMissingFromPackYieldsNothing]' started.
Test Case '-[CondiscoTests.RecallWarmUpTests testCurrentLessonMissingFromPackYieldsNothing]' passed (0.001 seconds).
Test Suite 'RecallWarmUpTests' passed at 2026-09-27 05:17:24.342.
	 Executed 2 tests, with 0 failures (0 unexpected) in 0.002 (0.003) seconds
Test Suite 'RecapPhraseSaveTests' started at 2026-09-27 05:17:24.342.
Test Case '-[CondiscoTests.RecapPhraseSaveTests testEveryLessonRecapSaveCarriesNonEmptySourceIds]' started.
Test Case '-[CondiscoTests.RecapPhraseSaveTests testEveryLessonRecapSaveCarriesNonEmptySourceIds]' passed (0.001 seconds).
Test Case '-[CondiscoTests.RecapPhraseSaveTests testRecapSaveCarriesPackAndLessonSourceIds]' started.
Test Case '-[CondiscoTests.RecapPhraseSaveTests testRecapSaveCarriesPackAndLessonSourceIds]' passed (0.000 seconds).
Test Case '-[CondiscoTests.RecapPhraseSaveTests testStoredPhraseCarriesTheRecapSourceIds]' started.
Test Case '-[CondiscoTests.RecapPhraseSaveTests testStoredPhraseCarriesTheRecapSourceIds]' passed (0.000 seconds).
Test Suite 'RecapPhraseSaveTests' passed at 2026-09-27 05:17:24.345.
	 Executed 3 tests, with 0 failures (0 unexpected) in 0.002 (0.002) seconds
Test Suite 'RecapSplitTests' started at 2026-09-27 05:17:24.345.
Test Case '-[CondiscoTests.RecapSplitTests testFreshSplitStartsAtZero]' started.
Test Case '-[CondiscoTests.RecapSplitTests testFreshSplitStartsAtZero]' passed (0.001 seconds).
Test Case '-[CondiscoTests.RecapSplitTests testOneStepSubmittedThreeTimesCountsOnce]' started.
Test Case '-[CondiscoTests.RecapSplitTests testOneStepSubmittedThreeTimesCountsOnce]' passed (0.001 seconds).
Test Case '-[CondiscoTests.RecapSplitTests testRetriedTroubleSpotStaysWithHelp]' started.
Test Case '-[CondiscoTests.RecapSplitTests testRetriedTroubleSpotStaysWithHelp]' passed (0.000 seconds).
Test Case '-[CondiscoTests.RecapSplitTests testTwoStepsEachSubmittedOnce]' started.
Test Case '-[CondiscoTests.RecapSplitTests testTwoStepsEachSubmittedOnce]' passed (0.000 seconds).
Test Case '-[CondiscoTests.RecapSplitTests testUngradedAndBlockedExcluded]' started.
Test Case '-[CondiscoTests.RecapSplitTests testUngradedAndBlockedExcluded]' passed (0.000 seconds).
Test Suite 'RecapSplitTests' passed at 2026-09-27 05:17:24.349.
	 Executed 5 tests, with 0 failures (0 unexpected) in 0.003 (0.005) seconds
Test Suite 'ReviewCatalogProjectionTests' started at 2026-09-27 05:17:24.350.
Test Case '-[CondiscoTests.ReviewCatalogProjectionTests testFreshAttemptIsNotDueUntilItsSchedule]' started.
Test Case '-[CondiscoTests.ReviewCatalogProjectionTests testFreshAttemptIsNotDueUntilItsSchedule]' passed (0.010 seconds).
Test Case '-[CondiscoTests.ReviewCatalogProjectionTests testLoadDueMatchesProjectionExactly]' started.
Test Case '-[CondiscoTests.ReviewCatalogProjectionTests testLoadDueMatchesProjectionExactly]' passed (0.009 seconds).
Test Suite 'ReviewCatalogProjectionTests' passed at 2026-09-27 05:17:24.369.
	 Executed 2 tests, with 0 failures (0 unexpected) in 0.019 (0.019) seconds
Test Suite 'ReviewCueRotationTests' started at 2026-09-27 05:17:24.369.
Test Case '-[CondiscoTests.ReviewCueRotationTests testDueLoadRotatesCuesWhileSchedulingStaysFSRS]' started.
Test Case '-[CondiscoTests.ReviewCueRotationTests testDueLoadRotatesCuesWhileSchedulingStaysFSRS]' passed (0.016 seconds).
Test Case '-[CondiscoTests.ReviewCueRotationTests testMultiCueKeyCoversAllVariantsBeforeRepeating]' started.
Test Case '-[CondiscoTests.ReviewCueRotationTests testMultiCueKeyCoversAllVariantsBeforeRepeating]' passed (0.002 seconds).
Test Case '-[CondiscoTests.ReviewCueRotationTests testRotatedCueIdenticalInFocusAndAllScopes]' started.
Test Case '-[CondiscoTests.ReviewCueRotationTests testRotatedCueIdenticalInFocusAndAllScopes]' passed (0.031 seconds).
Test Case '-[CondiscoTests.ReviewCueRotationTests testSingleCueKeyAlwaysShowsTheOneAuthoredCue]' started.
Test Case '-[CondiscoTests.ReviewCueRotationTests testSingleCueKeyAlwaysShowsTheOneAuthoredCue]' passed (0.001 seconds).
Test Case '-[CondiscoTests.ReviewCueRotationTests testTrickyPassCueRotatesOnAttemptCount]' started.
Test Case '-[CondiscoTests.ReviewCueRotationTests testTrickyPassCueRotatesOnAttemptCount]' passed (0.007 seconds).
Test Suite 'ReviewCueRotationTests' passed at 2026-09-27 05:17:24.428.
	 Executed 5 tests, with 0 failures (0 unexpected) in 0.057 (0.059) seconds
Test Suite 'ReviewLibraryTests' started at 2026-09-27 05:17:24.428.
Test Case '-[CondiscoTests.ReviewLibraryTests testDeletingDocumentStopsSchedulingButKeepsPhraseAndEvents]' started.
Test Case '-[CondiscoTests.ReviewLibraryTests testDeletingDocumentStopsSchedulingButKeepsPhraseAndEvents]' passed (0.010 seconds).
Test Case '-[CondiscoTests.ReviewLibraryTests testFocusScopeExcludesLibraryWhileAllIncludesIt]' started.
Test Case '-[CondiscoTests.ReviewLibraryTests testFocusScopeExcludesLibraryWhileAllIncludesIt]' passed (0.011 seconds).
Test Case '-[CondiscoTests.ReviewLibraryTests testLibraryDoesNotChangeHomeWidgetOrReminderCounts]' started.
Test Case '-[CondiscoTests.ReviewLibraryTests testLibraryDoesNotChangeHomeWidgetOrReminderCounts]' passed (0.011 seconds).
Test Case '-[CondiscoTests.ReviewLibraryTests testLibraryPhrasesEnterDueQueueAfterSave]' started.
Test Case '-[CondiscoTests.ReviewLibraryTests testLibraryPhrasesEnterDueQueueAfterSave]' passed (0.008 seconds).
Test Case '-[CondiscoTests.ReviewLibraryTests testPackAndPhraseDueCardsCoexistInOneReload]' started.
Test Case '-[CondiscoTests.ReviewLibraryTests testPackAndPhraseDueCardsCoexistInOneReload]' passed (0.007 seconds).
Test Case '-[CondiscoTests.ReviewLibraryTests testPhraseRatedNotYetEntersTrickyList]' started.
Test Case '-[CondiscoTests.ReviewLibraryTests testPhraseRatedNotYetEntersTrickyList]' passed (0.012 seconds).
Test Case '-[CondiscoTests.ReviewLibraryTests testPhraseSaveReschedulesThroughSameFsrsFoldAsLessonReview]' started.
Test Case '-[CondiscoTests.ReviewLibraryTests testPhraseSaveReschedulesThroughSameFsrsFoldAsLessonReview]' passed (0.009 seconds).
Test Case '-[CondiscoTests.ReviewLibraryTests testPhraseWithHistoryProjectsSameDueAtInMergedQueue]' started.
Test Case '-[CondiscoTests.ReviewLibraryTests testPhraseWithHistoryProjectsSameDueAtInMergedQueue]' passed (0.008 seconds).
Test Case '-[CondiscoTests.ReviewLibraryTests testSamePhraseSavedTwiceYieldsOneDueItem]' started.
Test Case '-[CondiscoTests.ReviewLibraryTests testSamePhraseSavedTwiceYieldsOneDueItem]' passed (0.011 seconds).
Test Case '-[CondiscoTests.ReviewLibraryTests testUnlinkedPhraseNeverAppears]' started.
Test Case '-[CondiscoTests.ReviewLibraryTests testUnlinkedPhraseNeverAppears]' passed (0.011 seconds).
Test Suite 'ReviewLibraryTests' passed at 2026-09-27 05:17:24.530.
	 Executed 10 tests, with 0 failures (0 unexpected) in 0.098 (0.101) seconds
Test Suite 'ReviewScopeTests' started at 2026-09-27 05:17:24.530.
Test Case '-[CondiscoTests.ReviewScopeTests testFocusScopeWithNoDueCardsShowsHonestEmptyQueue]' started.
Test Case '-[CondiscoTests.ReviewScopeTests testFocusScopeWithNoDueCardsShowsHonestEmptyQueue]' passed (0.012 seconds).
Test Case '-[CondiscoTests.ReviewScopeTests testHomeInvitationEntryResetsNarrowedScopeToAllCourses]' started.
Test Case '-[CondiscoTests.ReviewScopeTests testHomeInvitationEntryResetsNarrowedScopeToAllCourses]' passed (0.013 seconds).
Test Case '-[CondiscoTests.ReviewScopeTests testMixedDueQueueAllShowsBothPacksFocusShowsOnlyFocus]' started.
Test Case '-[CondiscoTests.ReviewScopeTests testMixedDueQueueAllShowsBothPacksFocusShowsOnlyFocus]' passed (0.015 seconds).
Test Case '-[CondiscoTests.ReviewScopeTests testSwitchingScopeMidVisitUpdatesCountsBothDirections]' started.
Test Case '-[CondiscoTests.ReviewScopeTests testSwitchingScopeMidVisitUpdatesCountsBothDirections]' passed (0.014 seconds).
Test Case '-[CondiscoTests.ReviewScopeTests testVerdictInFocusScopeUpdatesOnlyFocusPackDueState]' started.
Test Case '-[CondiscoTests.ReviewScopeTests testVerdictInFocusScopeUpdatesOnlyFocusPackDueState]' passed (0.010 seconds).
Test Case '-[CondiscoTests.ReviewScopeTests testVerdictRecordsThroughExistingEventLogWithFsrsReschedule]' started.
Test Case '-[CondiscoTests.ReviewScopeTests testVerdictRecordsThroughExistingEventLogWithFsrsReschedule]' passed (0.007 seconds).
Test Suite 'ReviewScopeTests' passed at 2026-09-27 05:17:24.603.
	 Executed 6 tests, with 0 failures (0 unexpected) in 0.071 (0.073) seconds
Test Suite 'ReviewSessionLengthTests' started at 2026-09-27 05:17:24.603.
Test Case '-[CondiscoTests.ReviewSessionLengthTests testDeepLinkRequestsEverythingDue]' started.
Test Case '-[CondiscoTests.ReviewSessionLengthTests testDeepLinkRequestsEverythingDue]' passed (0.001 seconds).
Test Case '-[CondiscoTests.ReviewSessionLengthTests testHomeInvitationAlwaysPreselectsFive]' started.
Test Case '-[CondiscoTests.ReviewSessionLengthTests testHomeInvitationAlwaysPreselectsFive]' passed (0.001 seconds).
Test Case '-[CondiscoTests.ReviewSessionLengthTests testTabEntryKeepsCurrentChoice]' started.
Test Case '-[CondiscoTests.ReviewSessionLengthTests testTabEntryKeepsCurrentChoice]' passed (0.001 seconds).
Test Suite 'ReviewSessionLengthTests' passed at 2026-09-27 05:17:24.606.
	 Executed 3 tests, with 0 failures (0 unexpected) in 0.002 (0.003) seconds
Test Suite 'ScenarioLoopTests' started at 2026-09-27 05:17:24.606.
Test Case '-[CondiscoTests.ScenarioLoopTests testListenVoiceDescriptorIsLabeledSynthesized]' started.
Test Case '-[CondiscoTests.ScenarioLoopTests testListenVoiceDescriptorIsLabeledSynthesized]' passed (0.001 seconds).
Test Case '-[CondiscoTests.ScenarioLoopTests testScenarioLoopHasNoScoreState]' started.
Test Case '-[CondiscoTests.ScenarioLoopTests testScenarioLoopHasNoScoreState]' passed (0.003 seconds).
Test Case '-[CondiscoTests.ScenarioLoopTests testScenarioLoopSkipsSpeakWhenMicUnavailable]' started.
Test Case '-[CondiscoTests.ScenarioLoopTests testScenarioLoopSkipsSpeakWhenMicUnavailable]' passed (0.001 seconds).
Test Case '-[CondiscoTests.ScenarioLoopTests testScenarioLoopTransitionsThroughAllSteps]' started.
Test Case '-[CondiscoTests.ScenarioLoopTests testScenarioLoopTransitionsThroughAllSteps]' passed (0.001 seconds).
Test Case '-[CondiscoTests.ScenarioLoopTests testScenarioSectionsEligibilityAndOrder]' started.
Test Case '-[CondiscoTests.ScenarioLoopTests testScenarioSectionsEligibilityAndOrder]' passed (0.000 seconds).
Test Case '-[CondiscoTests.ScenarioLoopTests testScenarioStepRateMatchesTransportSlowRate]' started.
Test Case '-[CondiscoTests.ScenarioLoopTests testScenarioStepRateMatchesTransportSlowRate]' passed (0.001 seconds).
Test Case '-[CondiscoTests.ScenarioLoopTests testScenarioStepRatePinsModelStepToSlowRate]' started.
Test Case '-[CondiscoTests.ScenarioLoopTests testScenarioStepRatePinsModelStepToSlowRate]' passed (0.000 seconds).
Test Case '-[CondiscoTests.ScenarioLoopTests testSectionEndFinalEligibleSectionRunsToDeclaredDuration]' started.
Test Case '-[CondiscoTests.ScenarioLoopTests testSectionEndFinalEligibleSectionRunsToDeclaredDuration]' passed (0.001 seconds).
Test Case '-[CondiscoTests.ScenarioLoopTests testSectionEndUsesNextTranscriptBoundaryOrTrackDuration]' started.
Test Case '-[CondiscoTests.ScenarioLoopTests testSectionEndUsesNextTranscriptBoundaryOrTrackDuration]' passed (0.000 seconds).
Test Case '-[CondiscoTests.ScenarioLoopTests testUntargetedSectionsAreSkippedAndStillBoundThePriorWindow]' started.
Test Case '-[CondiscoTests.ScenarioLoopTests testUntargetedSectionsAreSkippedAndStillBoundThePriorWindow]' passed (0.000 seconds).
Test Suite 'ScenarioLoopTests' passed at 2026-09-27 05:17:24.617.
	 Executed 10 tests, with 0 failures (0 unexpected) in 0.008 (0.011) seconds
Test Suite 'SimulatorPerformanceProbeTests' started at 2026-09-27 05:17:24.617.
Test Case '-[CondiscoTests.SimulatorPerformanceProbeTests testProbeLessonStepTransitionWallClock]' started.
/Users/spkoehl/Projects/VerbaLibera/Condisco/Tests/StoreTests.swift:2712: Test Case '-[CondiscoTests.SimulatorPerformanceProbeTests testProbeLessonStepTransitionWallClock]' measured [Clock Monotonic Time, s] average: 0.002, relative standard deviation: 1.799%, values: [0.002334, 0.002312, 0.002357, 0.002415, 0.002416], performanceMetricID:com.apple.dt.XCTMetric_Clock.time.monotonic, baselineName: "", baselineAverage: , polarity: prefers smaller, maxPercentRegression: 10.000%, maxPercentRelativeStandardDeviation: 10.000%, maxRegression: 0.000, maxStandardDeviation: 0.000
Test Case '-[CondiscoTests.SimulatorPerformanceProbeTests testProbeLessonStepTransitionWallClock]' passed (0.400 seconds).
Test Case '-[CondiscoTests.SimulatorPerformanceProbeTests testProbeReviewCardFlipWallClock]' started.
/Users/spkoehl/Projects/VerbaLibera/Condisco/Tests/StoreTests.swift:2745: Test Case '-[CondiscoTests.SimulatorPerformanceProbeTests testProbeReviewCardFlipWallClock]' measured [Clock Monotonic Time, s] average: 0.002, relative standard deviation: 5.806%, values: [0.001480, 0.001457, 0.001406, 0.001600, 0.001638], performanceMetricID:com.apple.dt.XCTMetric_Clock.time.monotonic, baselineName: "", baselineAverage: , polarity: prefers smaller, maxPercentRegression: 10.000%, maxPercentRelativeStandardDeviation: 10.000%, maxRegression: 0.000, maxStandardDeviation: 0.000
Test Case '-[CondiscoTests.SimulatorPerformanceProbeTests testProbeReviewCardFlipWallClock]' passed (0.019 seconds).
Test Suite 'SimulatorPerformanceProbeTests' passed at 2026-09-27 05:17:25.036.
	 Executed 2 tests, with 0 failures (0 unexpected) in 0.419 (0.419) seconds
Test Suite 'SustainedExperienceTests' started at 2026-09-27 05:17:25.036.
Test Case '-[CondiscoTests.SustainedExperienceTests testDialogueClarificationAndRecoveryRoutesEndExplicitly]' started.
Test Case '-[CondiscoTests.SustainedExperienceTests testDialogueClarificationAndRecoveryRoutesEndExplicitly]' passed (0.001 seconds).
Test Case '-[CondiscoTests.SustainedExperienceTests testDialogueExchangesAreAuthoredAsApproved]' started.
Test Case '-[CondiscoTests.SustainedExperienceTests testDialogueExchangesAreAuthoredAsApproved]' passed (0.005 seconds).
Test Case '-[CondiscoTests.SustainedExperienceTests testDialogueGraphReachabilityAndNoDeadEnds]' started.
Test Case '-[CondiscoTests.SustainedExperienceTests testDialogueGraphReachabilityAndNoDeadEnds]' passed (0.022 seconds).
Test Case '-[CondiscoTests.SustainedExperienceTests testDialogueWordingIsUnseenAcrossThePack]' started.
Test Case '-[CondiscoTests.SustainedExperienceTests testDialogueWordingIsUnseenAcrossThePack]' passed (0.014 seconds).
Test Case '-[CondiscoTests.SustainedExperienceTests testEveryDialoguePathHasThreeOrMoreTurnsAndAnExplicitEnd]' started.
Test Case '-[CondiscoTests.SustainedExperienceTests testEveryDialoguePathHasThreeOrMoreTurnsAndAnExplicitEnd]' passed (0.003 seconds).
Test Case '-[CondiscoTests.SustainedExperienceTests testGlossarySaveToReviewWritesThroughThePhrasebookAPI]' started.
Test Case '-[CondiscoTests.SustainedExperienceTests testGlossarySaveToReviewWritesThroughThePhrasebookAPI]' passed (0.008 seconds).
Test Case '-[CondiscoTests.SustainedExperienceTests testHostedDialoguesBindToOneLessonEach]' started.
Test Case '-[CondiscoTests.SustainedExperienceTests testHostedDialoguesBindToOneLessonEach]' passed (0.031 seconds).
Test Case '-[CondiscoTests.SustainedExperienceTests testMissingVoiceRecordingReportsAbsentDeclaredVoicesOnce]' started.
Test Case '-[CondiscoTests.SustainedExperienceTests testMissingVoiceRecordingReportsAbsentDeclaredVoicesOnce]' passed (0.001 seconds).
Test Case '-[CondiscoTests.SustainedExperienceTests testOpenTasksAreAuthoredAsApproved]' started.
Test Case '-[CondiscoTests.SustainedExperienceTests testOpenTasksAreAuthoredAsApproved]' passed (0.001 seconds).
Test Case '-[CondiscoTests.SustainedExperienceTests testOpenTasksAreHostedOnTheLessonTrail]' started.
Test Case '-[CondiscoTests.SustainedExperienceTests testOpenTasksAreHostedOnTheLessonTrail]' passed (0.013 seconds).
Test Case '-[CondiscoTests.SustainedExperienceTests testPackWithoutDialogueFieldsStillLoadsUnchanged]' started.
Test Case '-[CondiscoTests.SustainedExperienceTests testPackWithoutDialogueFieldsStillLoadsUnchanged]' passed (0.060 seconds).
Test Case '-[CondiscoTests.SustainedExperienceTests testPackWithoutOpenTasksStillLoadsUnchanged]' started.
Test Case '-[CondiscoTests.SustainedExperienceTests testPackWithoutOpenTasksStillLoadsUnchanged]' passed (0.071 seconds).
Test Case '-[CondiscoTests.SustainedExperienceTests testSustainedCopyHasNoLevelOrProficiencyClaims]' started.
Test Case '-[CondiscoTests.SustainedExperienceTests testSustainedCopyHasNoLevelOrProficiencyClaims]' passed (0.002 seconds).
Test Case '-[CondiscoTests.SustainedExperienceTests testSustainedLaunchStepsAreInformationStepsWithResolvableMaterial]' started.
Test Case '-[CondiscoTests.SustainedExperienceTests testSustainedLaunchStepsAreInformationStepsWithResolvableMaterial]' passed (0.020 seconds).
Test Case '-[CondiscoTests.SustainedExperienceTests testSustainedQuestionGradingAcceptsOnlyTheAcceptedOption]' started.
Test Case '-[CondiscoTests.SustainedExperienceTests testSustainedQuestionGradingAcceptsOnlyTheAcceptedOption]' passed (0.001 seconds).
Test Case '-[CondiscoTests.SustainedExperienceTests testSustainedQuestionResultsExistOnlyAfterSubmission]' started.
Test Case '-[CondiscoTests.SustainedExperienceTests testSustainedQuestionResultsExistOnlyAfterSubmission]' passed (0.001 seconds).
Test Case '-[CondiscoTests.SustainedExperienceTests testSustainedQuestionResultsKeepAuthoredOrder]' started.
Test Case '-[CondiscoTests.SustainedExperienceTests testSustainedQuestionResultsKeepAuthoredOrder]' passed (0.001 seconds).
Test Case '-[CondiscoTests.SustainedExperienceTests testTranscriptExplicitRevealIsDeliberateAndImmediate]' started.
Test Case '-[CondiscoTests.SustainedExperienceTests testTranscriptExplicitRevealIsDeliberateAndImmediate]' passed (0.001 seconds).
Test Case '-[CondiscoTests.SustainedExperienceTests testTranscriptStateIgnoresOutOfRangeSections]' started.
Test Case '-[CondiscoTests.SustainedExperienceTests testTranscriptStateIgnoresOutOfRangeSections]' passed (0.001 seconds).
Test Case '-[CondiscoTests.SustainedExperienceTests testTranscriptStaysHiddenThroughTheFirstPass]' started.
Test Case '-[CondiscoTests.SustainedExperienceTests testTranscriptStaysHiddenThroughTheFirstPass]' passed (0.001 seconds).
Test Case '-[CondiscoTests.SustainedExperienceTests testVoiceResolutionFallsBackToAnyInstalledLanguageVoice]' started.
Test Case '-[CondiscoTests.SustainedExperienceTests testVoiceResolutionFallsBackToAnyInstalledLanguageVoice]' passed (0.001 seconds).
Test Case '-[CondiscoTests.SustainedExperienceTests testVoiceResolutionPrefersTheDeclaredVoice]' started.
Test Case '-[CondiscoTests.SustainedExperienceTests testVoiceResolutionPrefersTheDeclaredVoice]' passed (0.001 seconds).
Test Case '-[CondiscoTests.SustainedExperienceTests testVoiceResolutionWithNoInstalledLanguageVoiceResolvesNil]' started.
Test Case '-[CondiscoTests.SustainedExperienceTests testVoiceResolutionWithNoInstalledLanguageVoiceResolvesNil]' passed (0.001 seconds).
Test Suite 'SustainedExperienceTests' passed at 2026-09-27 05:17:25.299.
	 Executed 23 tests, with 0 failures (0 unexpected) in 0.258 (0.263) seconds
Test Suite 'TodayPlanTests' started at 2026-09-27 05:17:25.299.
Test Case '-[CondiscoTests.TodayPlanTests testFallsBackToListenThenRest]' started.
Test Case '-[CondiscoTests.TodayPlanTests testFallsBackToListenThenRest]' passed (0.001 seconds).
Test Case '-[CondiscoTests.TodayPlanTests testFreshLearnerWithNoProgressLeadsToLesson]' started.
Test Case '-[CondiscoTests.TodayPlanTests testFreshLearnerWithNoProgressLeadsToLesson]' passed (0.000 seconds).
Test Case '-[CondiscoTests.TodayPlanTests testNoResumeNoLessonWithDueReviewsLeadsToReviewPrimary]' started.
Test Case '-[CondiscoTests.TodayPlanTests testNoResumeNoLessonWithDueReviewsLeadsToReviewPrimary]' passed (0.000 seconds).
Test Case '-[CondiscoTests.TodayPlanTests testNoResumeThenNextLessonWinsOverDueReviews]' started.
Test Case '-[CondiscoTests.TodayPlanTests testNoResumeThenNextLessonWinsOverDueReviews]' passed (0.000 seconds).
Test Case '-[CondiscoTests.TodayPlanTests testPathCompleteWithReviewsDueLeadsToReview]' started.
Test Case '-[CondiscoTests.TodayPlanTests testPathCompleteWithReviewsDueLeadsToReview]' passed (0.001 seconds).
Test Case '-[CondiscoTests.TodayPlanTests testResumeWinsOverLessonAndReviewsStillCarriesDueCount]' started.
Test Case '-[CondiscoTests.TodayPlanTests testResumeWinsOverLessonAndReviewsStillCarriesDueCount]' passed (0.000 seconds).
Test Suite 'TodayPlanTests' passed at 2026-09-27 05:17:25.305.
	 Executed 6 tests, with 0 failures (0 unexpected) in 0.003 (0.006) seconds
Test Suite 'YouPhraseEvidenceTests' started at 2026-09-27 05:17:25.305.
Test Case '-[CondiscoTests.YouPhraseEvidenceTests testAssistedOnlyTypedWorkIsWithHintsNotBuilt]' started.
Test Case '-[CondiscoTests.YouPhraseEvidenceTests testAssistedOnlyTypedWorkIsWithHintsNotBuilt]' passed (0.002 seconds).
Test Case '-[CondiscoTests.YouPhraseEvidenceTests testHintsOnOtherTriesStillAllowIndependentProduction]' started.
Test Case '-[CondiscoTests.YouPhraseEvidenceTests testHintsOnOtherTriesStillAllowIndependentProduction]' passed (0.001 seconds).
Test Case '-[CondiscoTests.YouPhraseEvidenceTests testIndependentClozeSuccessLandsInBuilt]' started.
Test Case '-[CondiscoTests.YouPhraseEvidenceTests testIndependentClozeSuccessLandsInBuilt]' passed (0.001 seconds).
Test Case '-[CondiscoTests.YouPhraseEvidenceTests testIndependentTypedSuccessLandsInBuilt]' started.
Test Case '-[CondiscoTests.YouPhraseEvidenceTests testIndependentTypedSuccessLandsInBuilt]' passed (0.001 seconds).
Test Case '-[CondiscoTests.YouPhraseEvidenceTests testKnownMarkAddsNothingAlongsideRealAttempts]' started.
Test Case '-[CondiscoTests.YouPhraseEvidenceTests testKnownMarkAddsNothingAlongsideRealAttempts]' passed (0.001 seconds).
Test Case '-[CondiscoTests.YouPhraseEvidenceTests testKnownMarkAloneBuildsNoGroups]' started.
Test Case '-[CondiscoTests.YouPhraseEvidenceTests testKnownMarkAloneBuildsNoGroups]' passed (0.001 seconds).
Test Case '-[CondiscoTests.YouPhraseEvidenceTests testLabelsArePlainAndNeverClaimSpeech]' started.
Test Case '-[CondiscoTests.YouPhraseEvidenceTests testLabelsArePlainAndNeverClaimSpeech]' passed (0.000 seconds).
Test Case '-[CondiscoTests.YouPhraseEvidenceTests testRecognitionSuccessLandsInRecognizedNotBuilt]' started.
Test Case '-[CondiscoTests.YouPhraseEvidenceTests testRecognitionSuccessLandsInRecognizedNotBuilt]' passed (0.001 seconds).
Test Case '-[CondiscoTests.YouPhraseEvidenceTests testSelfCompareLandsOnlyInSpeakingPractice]' started.
Test Case '-[CondiscoTests.YouPhraseEvidenceTests testSelfCompareLandsOnlyInSpeakingPractice]' passed (0.001 seconds).
Test Case '-[CondiscoTests.YouPhraseEvidenceTests testStaleRevisionAttemptDoesNotFeedGroups]' started.
Test Case '-[CondiscoTests.YouPhraseEvidenceTests testStaleRevisionAttemptDoesNotFeedGroups]' passed (0.001 seconds).
Test Suite 'YouPhraseEvidenceTests' passed at 2026-09-27 05:17:25.320.
	 Executed 10 tests, with 0 failures (0 unexpected) in 0.012 (0.015) seconds
Test Suite 'CondiscoTests.xctest' passed at 2026-09-27 05:17:25.320.
	 Executed 555 tests, with 0 failures (0 unexpected) in 3.933 (4.139) seconds
Test Suite 'All tests' passed at 2026-09-27 05:17:25.321.
	 Executed 555 tests, with 0 failures (0 unexpected) in 3.933 (4.141) seconds
2026-09-27 05:17:25.774 xcodebuild[33978:2275903] [MT] IDETestOperationsObserverDebug: 110.192 elapsed -- Testing started completed.
2026-09-27 05:17:25.774 xcodebuild[33978:2275903] [MT] IDETestOperationsObserverDebug: 0.000 sec, +0.000 sec -- start
2026-09-27 05:17:25.774 xcodebuild[33978:2275903] [MT] IDETestOperationsObserverDebug: 110.192 sec, +110.192 sec -- end

Test session results, code coverage, and logs:
	/var/folders/3w/91hphlzs0rv_1twbkfyhvn6m0000gn/T/condisco-preflight.bh4YjN/DerivedData/Logs/Test/Test-Condisco-2026.09.27_05-15-03--0700.xcresult

** TEST SUCCEEDED **

Testing started
PASS unit tests (CondiscoTests)

== Step 6/6  UI smoke  (CondiscoUITests — --with-ui requested) ==
Command line invocation:
    /Applications/Xcode.app/Contents/Developer/usr/bin/xcodebuild test -project Condisco.xcodeproj -scheme Condisco -destination "platform=iOS Simulator,name=iPhone 18 Pro" "-only-testing:CondiscoUITests" -derivedDataPath /var/folders/3w/91hphlzs0rv_1twbkfyhvn6m0000gn/T//condisco-preflight.bh4YjN/DerivedData ONLY_ACTIVE_ARCH=YES

Build settings from command line:
    ONLY_ACTIVE_ARCH = YES

ComputePackagePrebuildTargetDependencyGraph

Prepare packages

CreateBuildRequest

SendProjectDescription

CreateBuildOperation

ComputeTargetDependencyGraph
note: Building targets in dependency order
note: Target dependency graph (4 targets)
    Target 'CondiscoUITests' in project 'Condisco'
        ➜ Explicit dependency on target 'Condisco' in project 'Condisco'
    Target 'CondiscoTests' in project 'Condisco'
        ➜ Explicit dependency on target 'Condisco' in project 'Condisco'
    Target 'Condisco' in project 'Condisco'
        ➜ Explicit dependency on target 'CondiscoWidget' in project 'Condisco'
    Target 'CondiscoWidget' in project 'Condisco' (no dependencies)

GatherProvisioningInputs

CreateBuildDescription

ClangStatCache /Applications/Xcode.app/Contents/Developer/Toolchains/XcodeDefault.xctoolchain/usr/bin/clang-stat-cache /Applications/Xcode.app/Contents/Developer/Platforms/iPhoneSimulator.platform/Developer/SDKs/iPhoneSimulator27.0.sdk /var/folders/3w/91hphlzs0rv_1twbkfyhvn6m0000gn/T/condisco-preflight.bh4YjN/DerivedData/SDKStatCaches.noindex/iphonesimulator27.0-24A430-8dc58220667be655e1bcc261a7455254.sdkstatcache
    cd /Users/spkoehl/Projects/VerbaLibera/Condisco.xcodeproj
    /Applications/Xcode.app/Contents/Developer/Toolchains/XcodeDefault.xctoolchain/usr/bin/clang-stat-cache /Applications/Xcode.app/Contents/Developer/Platforms/iPhoneSimulator.platform/Developer/SDKs/iPhoneSimulator27.0.sdk -o /var/folders/3w/91hphlzs0rv_1twbkfyhvn6m0000gn/T/condisco-preflight.bh4YjN/DerivedData/SDKStatCaches.noindex/iphonesimulator27.0-24A430-8dc58220667be655e1bcc261a7455254.sdkstatcache

Copy /var/folders/3w/91hphlzs0rv_1twbkfyhvn6m0000gn/T/condisco-preflight.bh4YjN/DerivedData/Build/Products/Debug-iphonesimulator/Condisco.app/PlugIns/CondiscoWidget.appex /var/folders/3w/91hphlzs0rv_1twbkfyhvn6m0000gn/T/condisco-preflight.bh4YjN/DerivedData/Build/Products/Debug-iphonesimulator/CondiscoWidget.appex (in target 'Condisco' from project 'Condisco')
    cd /Users/spkoehl/Projects/VerbaLibera
    builtin-copy -exclude .DS_Store -exclude CVS -exclude .svn -exclude .git -exclude .hg -resolve-src-symlinks -remove-static-executable /var/folders/3w/91hphlzs0rv_1twbkfyhvn6m0000gn/T/condisco-preflight.bh4YjN/DerivedData/Build/Products/Debug-iphonesimulator/CondiscoWidget.appex /var/folders/3w/91hphlzs0rv_1twbkfyhvn6m0000gn/T/condisco-preflight.bh4YjN/DerivedData/Build/Products/Debug-iphonesimulator/Condisco.app/PlugIns

ProcessInfoPlistFile /var/folders/3w/91hphlzs0rv_1twbkfyhvn6m0000gn/T/condisco-preflight.bh4YjN/DerivedData/Build/Products/Debug-iphonesimulator/Condisco.app/Info.plist /Users/spkoehl/Projects/VerbaLibera/Condisco/Info.plist (in target 'Condisco' from project 'Condisco')
    cd /Users/spkoehl/Projects/VerbaLibera
    builtin-infoPlistUtility /Users/spkoehl/Projects/VerbaLibera/Condisco/Info.plist -producttype com.apple.product-type.application -genpkginfo /var/folders/3w/91hphlzs0rv_1twbkfyhvn6m0000gn/T/condisco-preflight.bh4YjN/DerivedData/Build/Products/Debug-iphonesimulator/Condisco.app/PkgInfo -expandbuildsettings -format binary -platform iphonesimulator -additionalcontentfile /var/folders/3w/91hphlzs0rv_1twbkfyhvn6m0000gn/T/condisco-preflight.bh4YjN/DerivedData/Build/Intermediates.noindex/Condisco.build/Debug-iphonesimulator/Condisco.build/assetcatalog_generated_info.plist -scanforprivacyfile /var/folders/3w/91hphlzs0rv_1twbkfyhvn6m0000gn/T/condisco-preflight.bh4YjN/DerivedData/Build/Products/Debug-iphonesimulator/Condisco.app/PlugIns/CondiscoWidget.appex -o /var/folders/3w/91hphlzs0rv_1twbkfyhvn6m0000gn/T/condisco-preflight.bh4YjN/DerivedData/Build/Products/Debug-iphonesimulator/Condisco.app/Info.plist

CopySwiftLibs /var/folders/3w/91hphlzs0rv_1twbkfyhvn6m0000gn/T/condisco-preflight.bh4YjN/DerivedData/Build/Products/Debug-iphonesimulator/Condisco.app (in target 'Condisco' from project 'Condisco')
    cd /Users/spkoehl/Projects/VerbaLibera
    builtin-swiftStdLibTool --copy --verbose --sign - --scan-executable /var/folders/3w/91hphlzs0rv_1twbkfyhvn6m0000gn/T/condisco-preflight.bh4YjN/DerivedData/Build/Products/Debug-iphonesimulator/Condisco.app/Condisco.debug.dylib --scan-folder /var/folders/3w/91hphlzs0rv_1twbkfyhvn6m0000gn/T/condisco-preflight.bh4YjN/DerivedData/Build/Products/Debug-iphonesimulator/Condisco.app/Frameworks --scan-folder /var/folders/3w/91hphlzs0rv_1twbkfyhvn6m0000gn/T/condisco-preflight.bh4YjN/DerivedData/Build/Products/Debug-iphonesimulator/Condisco.app/PlugIns --scan-folder /var/folders/3w/91hphlzs0rv_1twbkfyhvn6m0000gn/T/condisco-preflight.bh4YjN/DerivedData/Build/Products/Debug-iphonesimulator/Condisco.app/SystemExtensions --scan-folder /var/folders/3w/91hphlzs0rv_1twbkfyhvn6m0000gn/T/condisco-preflight.bh4YjN/DerivedData/Build/Products/Debug-iphonesimulator/Condisco.app/Extensions --platform iphonesimulator --toolchain /Applications/Xcode.app/Contents/Developer/Toolchains/XcodeDefault.xctoolchain --destination /var/folders/3w/91hphlzs0rv_1twbkfyhvn6m0000gn/T/condisco-preflight.bh4YjN/DerivedData/Build/Products/Debug-iphonesimulator/Condisco.app/Frameworks --strip-bitcode --strip-bitcode-tool /Applications/Xcode.app/Contents/Developer/Toolchains/XcodeDefault.xctoolchain/usr/bin/bitcode_strip --emit-dependency-info /var/folders/3w/91hphlzs0rv_1twbkfyhvn6m0000gn/T/condisco-preflight.bh4YjN/DerivedData/Build/Intermediates.noindex/Condisco.build/Debug-iphonesimulator/Condisco.build/SwiftStdLibToolInputDependencies.dep --filter-for-swift-os

CodeSign /var/folders/3w/91hphlzs0rv_1twbkfyhvn6m0000gn/T/condisco-preflight.bh4YjN/DerivedData/Build/Products/Debug-iphonesimulator/Condisco.app/Condisco.debug.dylib (in target 'Condisco' from project 'Condisco')
    cd /Users/spkoehl/Projects/VerbaLibera
    
    Signing Identity:     "Sign to Run Locally"
    
    /usr/bin/codesign --force --sign - --timestamp\=none --generate-entitlement-der /var/folders/3w/91hphlzs0rv_1twbkfyhvn6m0000gn/T/condisco-preflight.bh4YjN/DerivedData/Build/Products/Debug-iphonesimulator/Condisco.app/Condisco.debug.dylib
/var/folders/3w/91hphlzs0rv_1twbkfyhvn6m0000gn/T/condisco-preflight.bh4YjN/DerivedData/Build/Products/Debug-iphonesimulator/Condisco.app/Condisco.debug.dylib: replacing existing signature

CodeSign /var/folders/3w/91hphlzs0rv_1twbkfyhvn6m0000gn/T/condisco-preflight.bh4YjN/DerivedData/Build/Products/Debug-iphonesimulator/Condisco.app/__preview.dylib (in target 'Condisco' from project 'Condisco')
    cd /Users/spkoehl/Projects/VerbaLibera
    
    Signing Identity:     "Sign to Run Locally"
    
    /usr/bin/codesign --force --sign - --timestamp\=none --generate-entitlement-der /var/folders/3w/91hphlzs0rv_1twbkfyhvn6m0000gn/T/condisco-preflight.bh4YjN/DerivedData/Build/Products/Debug-iphonesimulator/Condisco.app/__preview.dylib
/var/folders/3w/91hphlzs0rv_1twbkfyhvn6m0000gn/T/condisco-preflight.bh4YjN/DerivedData/Build/Products/Debug-iphonesimulator/Condisco.app/__preview.dylib: replacing existing signature

CodeSign /var/folders/3w/91hphlzs0rv_1twbkfyhvn6m0000gn/T/condisco-preflight.bh4YjN/DerivedData/Build/Products/Debug-iphonesimulator/Condisco.app (in target 'Condisco' from project 'Condisco')
    cd /Users/spkoehl/Projects/VerbaLibera
    
    Signing Identity:     "Sign to Run Locally"
    
    /usr/bin/codesign --force --sign - --entitlements /var/folders/3w/91hphlzs0rv_1twbkfyhvn6m0000gn/T/condisco-preflight.bh4YjN/DerivedData/Build/Intermediates.noindex/Condisco.build/Debug-iphonesimulator/Condisco.build/Condisco.app.xcent --timestamp\=none --generate-entitlement-der /var/folders/3w/91hphlzs0rv_1twbkfyhvn6m0000gn/T/condisco-preflight.bh4YjN/DerivedData/Build/Products/Debug-iphonesimulator/Condisco.app
/var/folders/3w/91hphlzs0rv_1twbkfyhvn6m0000gn/T/condisco-preflight.bh4YjN/DerivedData/Build/Products/Debug-iphonesimulator/Condisco.app: replacing existing signature

Validate /var/folders/3w/91hphlzs0rv_1twbkfyhvn6m0000gn/T/condisco-preflight.bh4YjN/DerivedData/Build/Products/Debug-iphonesimulator/Condisco.app (in target 'Condisco' from project 'Condisco')
    cd /Users/spkoehl/Projects/VerbaLibera
    builtin-validationUtility /var/folders/3w/91hphlzs0rv_1twbkfyhvn6m0000gn/T/condisco-preflight.bh4YjN/DerivedData/Build/Products/Debug-iphonesimulator/Condisco.app -shallow-bundle -infoplist-subpath Info.plist

ValidateEmbeddedBinary /var/folders/3w/91hphlzs0rv_1twbkfyhvn6m0000gn/T/condisco-preflight.bh4YjN/DerivedData/Build/Products/Debug-iphonesimulator/Condisco.app/PlugIns/CondiscoWidget.appex (in target 'Condisco' from project 'Condisco')
    cd /Users/spkoehl/Projects/VerbaLibera
    /Applications/Xcode.app/Contents/Developer/usr/bin/embeddedBinaryValidationUtility /var/folders/3w/91hphlzs0rv_1twbkfyhvn6m0000gn/T/condisco-preflight.bh4YjN/DerivedData/Build/Products/Debug-iphonesimulator/Condisco.app/PlugIns/CondiscoWidget.appex -signing-cert - -info-plist-path /var/folders/3w/91hphlzs0rv_1twbkfyhvn6m0000gn/T/condisco-preflight.bh4YjN/DerivedData/Build/Products/Debug-iphonesimulator/Condisco.app/Info.plist

PruneExplicitPrecompiledModules /var/folders/3w/91hphlzs0rv_1twbkfyhvn6m0000gn/T/condisco-preflight.bh4YjN/DerivedData/Build/Intermediates.noindex/ExplicitPrecompiledModules

PruneExplicitPrecompiledModules /var/folders/3w/91hphlzs0rv_1twbkfyhvn6m0000gn/T/condisco-preflight.bh4YjN/DerivedData/Build/Intermediates.noindex/SwiftExplicitPrecompiledModules

PruneExplicitPrecompiledModules /var/folders/3w/91hphlzs0rv_1twbkfyhvn6m0000gn/T/condisco-preflight.bh4YjN/DerivedData/SDKExplicitPrecompiledModules

2026-09-27 05:18:26.280983-0700 CondiscoUITests-Runner[36179:2287043] [Default] Running tests...
    t =      nans Interface orientation changed to Portrait
Test Suite 'All tests' started at 2026-09-27 05:18:39.389.
Test Suite 'CondiscoUITests.xctest' started at 2026-09-27 05:18:39.391.
Test Suite 'AccessibilitySweepUITests' started at 2026-09-27 05:18:39.391.
Test Case '-[CondiscoUITests.AccessibilitySweepUITests testFiveCardReviewSessionCompletesAfterHomeInvitation]' started.
    t =     0.01s Start Test at 2026-09-27 05:18:39.400
    t =     0.58s Set Up
    t =     0.73s Open com.sleuthysloth.condisco
    t =     0.74s     Launch com.sleuthysloth.condisco
2026-09-27 05:18:40.824 xcodebuild[35940:2284917] [MT] IDELaunchParametersSnapshot: debugger version lookup failed for path '<nil>': noURL
2026-09-27 05:18:40.825 xcodebuild[35940:2284917] [MT] IDELaunchParametersSnapshot: no debugger version
objc[36179]: Class UIAccessibilityLoaderWebShared is implemented in both /private/var/run/com.apple.security.cryptexd/mnt/com.apple.iPhoneOS.SimulatorRuntime-v24.1.434.0.pRafix/Library/Developer/CoreSimulator/Profiles/Runtimes/iOS 27.0.simruntime/Contents/Resources/RuntimeRoot/System/Library/AccessibilityBundles/WebKit.axbundle/WebKit (0x106274398) and /private/var/run/com.apple.security.cryptexd/mnt/com.apple.iPhoneOS.SimulatorRuntime-v24.1.434.0.pRafix/Library/Developer/CoreSimulator/Profiles/Runtimes/iOS 27.0.simruntime/Contents/Resources/RuntimeRoot/System/Library/AccessibilityBundles/WebCore.axbundle/WebCore (0x107428310). This may cause spurious casting failures and mysterious crashes. One of the duplicates must be removed or renamed.
    t =     5.62s         Setting up automation session
    t =    10.68s         Wait for com.sleuthysloth.condisco to idle
    t =    14.47s Waiting 30.0s for "Choose a language" Button to exist
    t =    15.52s     Checking `Expect predicate `existsNoRetry == 1` for object "Choose a language" Button`
    t =    15.52s         Checking existence of `"Choose a language" Button`
    t =    15.67s Tap "Choose a language" Button
    t =    15.67s     Wait for com.sleuthysloth.condisco to idle
    t =    15.67s     Find the "Choose a language" Button
    t =    15.68s     Check for interrupting elements affecting "Choose a language" Button
    t =    15.87s     Synthesize event
    t =    16.35s     Wait for com.sleuthysloth.condisco to idle
    t =    16.35s Waiting 10.0s for "Which language are you learning?" StaticText to exist
    t =    17.40s     Checking `Expect predicate `existsNoRetry == 1` for object "Which language are you learning?" StaticText`
    t =    17.40s         Checking existence of `"Which language are you learning?" StaticText`
    t =    17.43s Checking existence of `"French foundations" StaticText`
    t =    17.45s Find the "Continue" Button
    t =    17.46s Find the "Continue" Button
    t =    17.48s Find the "Continue" Button
    t =    17.50s Find the "Continue" Button
    t =    17.51s Find the "Continue" Button
    t =    17.53s Tap "Continue" Button
    t =    17.53s     Wait for com.sleuthysloth.condisco to idle
    t =    17.53s     Find the "Continue" Button
    t =    17.55s     Check for interrupting elements affecting "Continue" Button
    t =    17.56s     Synthesize event
    t =    17.85s     Wait for com.sleuthysloth.condisco to idle
    t =    17.85s Waiting 10.0s for Button (First Match) to exist
    t =    18.90s     Checking `Expect predicate `existsNoRetry == 1` for object Button (First Match)`
    t =    18.90s         Checking existence of `Button (First Match)`
    t =    18.94s Find the Button (First Match)
    t =    18.98s Find the "I'm starting fresh, Begin with your first mission. No experience needed." Button
    t =    19.03s Find the "I'm starting fresh, Begin with your first mission. No experience needed." Button
    t =    19.36s Find the "I'm starting fresh, Begin with your first mission. No experience needed." Button
    t =    19.41s Find the "I'm starting fresh, Begin with your first mission. No experience needed." Button
    t =    19.44s Tap "I'm starting fresh, Begin with your first mission. No experience needed." Button
    t =    19.44s     Wait for com.sleuthysloth.condisco to idle
    t =    19.45s     Find the "I'm starting fresh, Begin with your first mission. No experience needed." Button
    t =    19.47s     Check for interrupting elements affecting "I'm starting fresh, Begin with your first mission. No experience needed." Button
    t =    19.49s     Synthesize event
    t =    19.78s     Wait for com.sleuthysloth.condisco to idle
    t =    21.90s Waiting 20.0s for "Start lesson" Button to exist
    t =    22.94s     Checking `Expect predicate `existsNoRetry == 1` for object "Start lesson" Button`
    t =    22.95s         Checking existence of `"Start lesson" Button`
    t =    23.11s Waiting 10.0s for "Back to lessons" Button to exist
    t =    24.13s     Checking `Expect predicate `existsNoRetry == 1` for object "Back to lessons" Button`
    t =    24.13s         Checking existence of `"Back to lessons" Button`
    t =    24.21s Tap "Back to lessons" Button
    t =    24.21s     Wait for com.sleuthysloth.condisco to idle
    t =    24.22s     Find the "Back to lessons" Button
    t =    24.28s     Check for interrupting elements affecting "Back to lessons" Button
    t =    24.39s     Synthesize event
    t =    24.70s     Wait for com.sleuthysloth.condisco to idle
    t =    25.04s Waiting 30.0s for "Home" Button to exist
    t =    26.10s     Checking `Expect predicate `existsNoRetry == 1` for object "Home" Button`
    t =    26.10s         Checking existence of `"Home" Button`
    t =    26.15s Waiting 30.0s for "home.today.review" Button to exist
    t =    27.21s     Checking `Expect predicate `existsNoRetry == 1` for object "home.today.review" Button`
    t =    27.21s         Checking existence of `"home.today.review" Button`
    t =    27.26s Find the "home.today.review" Button
    t =    27.33s Find the Target Application 'com.sleuthysloth.condisco'
    t =    27.59s Added attachment named 'home-review-invitation'
    t =    27.59s Tap "home.today.review" Button
    t =    27.60s     Wait for com.sleuthysloth.condisco to idle
    t =    27.60s     Find the "home.today.review" Button
    t =    27.63s     Check for interrupting elements affecting "home.today.review" Button
    t =    27.66s     Synthesize event
    t =    27.95s     Wait for com.sleuthysloth.condisco to idle
    t =    29.00s Waiting 15.0s for "Review" NavigationBar to exist
    t =    30.03s     Checking `Expect predicate `existsNoRetry == 1` for object "Review" NavigationBar`
    t =    30.03s         Checking existence of `"Review" NavigationBar`
    t =    30.18s Waiting 10.0s for "5 of 7 to review" StaticText to exist
    t =    31.22s     Checking `Expect predicate `existsNoRetry == 1` for object "5 of 7 to review" StaticText`
    t =    31.22s         Checking existence of `"5 of 7 to review" StaticText`
    t =    31.27s Find the Target Application 'com.sleuthysloth.condisco'
    t =    31.49s Added attachment named 'review-five-preselected'
    t =    31.49s Find the "Start review" Button
    t =    31.52s Find the "Start review" Button
    t =    31.55s Find the "Start review" Button
    t =    31.59s Find the "Start review" Button
    t =    31.62s Find the "Start review" Button
    t =    31.65s Tap "Start review" Button
    t =    31.65s     Wait for com.sleuthysloth.condisco to idle
    t =    31.65s     Find the "Start review" Button
    t =    31.68s     Check for interrupting elements affecting "Start review" Button
    t =    31.71s     Synthesize event
    t =    32.02s     Wait for com.sleuthysloth.condisco to idle
    t =    32.45s Waiting 15.0s for "Reveal answer" Button to exist
    t =    33.47s     Checking `Expect predicate `existsNoRetry == 1` for object "Reveal answer" Button`
    t =    33.47s         Checking existence of `"Reveal answer" Button`
    t =    33.54s Tap "Reveal answer" Button
    t =    33.54s     Wait for com.sleuthysloth.condisco to idle
    t =    33.54s     Find the "Reveal answer" Button
    t =    33.58s     Check for interrupting elements affecting "Reveal answer" Button
    t =    33.62s     Synthesize event
    t =    33.91s     Wait for com.sleuthysloth.condisco to idle
    t =    33.92s Waiting 10.0s for "I knew it. I recalled the answer independently." Button to exist
    t =    34.96s     Checking `Expect predicate `existsNoRetry == 1` for object "I knew it. I recalled the answer independently." Button`
    t =    34.96s         Checking existence of `"I knew it. I recalled the answer independently." Button`
    t =    35.06s Find the "I knew it. I recalled the answer independently." Button
    t =    35.13s Find the "I knew it. I recalled the answer independently." Button
    t =    35.18s Find the "I knew it. I recalled the answer independently." Button
    t =    35.23s Find the "I knew it. I recalled the answer independently." Button
    t =    35.28s Find the "I knew it. I recalled the answer independently." Button
    t =    35.34s Tap "I knew it. I recalled the answer independently." Button
    t =    35.34s     Wait for com.sleuthysloth.condisco to idle
    t =    35.35s     Find the "I knew it. I recalled the answer independently." Button
    t =    35.39s     Check for interrupting elements affecting "I knew it. I recalled the answer independently." Button
    t =    35.44s     Synthesize event
    t =    35.76s     Wait for com.sleuthysloth.condisco to idle
    t =    35.76s Waiting 15.0s for "Reveal answer" Button to exist
    t =    36.81s     Checking `Expect predicate `existsNoRetry == 1` for object "Reveal answer" Button`
    t =    36.81s         Checking existence of `"Reveal answer" Button`
    t =    36.87s Tap "Reveal answer" Button
    t =    36.87s     Wait for com.sleuthysloth.condisco to idle
    t =    36.87s     Find the "Reveal answer" Button
    t =    36.93s     Check for interrupting elements affecting "Reveal answer" Button
    t =    36.97s     Synthesize event
    t =    37.26s     Wait for com.sleuthysloth.condisco to idle
    t =    37.27s Waiting 10.0s for "Almost. I nearly knew it." Button to exist
    t =    38.33s     Checking `Expect predicate `existsNoRetry == 1` for object "Almost. I nearly knew it." Button`
    t =    38.33s         Checking existence of `"Almost. I nearly knew it." Button`
    t =    38.40s Find the "Almost. I nearly knew it." Button
    t =    38.47s Find the "Almost. I nearly knew it." Button
    t =    38.52s Find the "Almost. I nearly knew it." Button
    t =    38.58s Find the "Almost. I nearly knew it." Button
    t =    38.64s Find the "Almost. I nearly knew it." Button
    t =    38.69s Tap "Almost. I nearly knew it." Button
    t =    38.69s     Wait for com.sleuthysloth.condisco to idle
    t =    38.70s     Find the "Almost. I nearly knew it." Button
    t =    38.74s     Check for interrupting elements affecting "Almost. I nearly knew it." Button
    t =    38.77s     Synthesize event
    t =    39.06s     Wait for com.sleuthysloth.condisco to idle
    t =    39.07s Waiting 15.0s for "Reveal answer" Button to exist
    t =    40.12s     Checking `Expect predicate `existsNoRetry == 1` for object "Reveal answer" Button`
    t =    40.12s         Checking existence of `"Reveal answer" Button`
    t =    40.19s Tap "Reveal answer" Button
    t =    40.19s     Wait for com.sleuthysloth.condisco to idle
    t =    40.19s     Find the "Reveal answer" Button
    t =    40.22s     Check for interrupting elements affecting "Reveal answer" Button
    t =    40.25s     Synthesize event
    t =    40.55s     Wait for com.sleuthysloth.condisco to idle
    t =    40.56s Waiting 10.0s for "Not yet. I didn't know it." Button to exist
    t =    41.62s     Checking `Expect predicate `existsNoRetry == 1` for object "Not yet. I didn't know it." Button`
    t =    41.62s         Checking existence of `"Not yet. I didn't know it." Button`
    t =    41.66s Find the "Not yet. I didn't know it." Button
    t =    41.71s Find the "Not yet. I didn't know it." Button
    t =    41.76s Find the "Not yet. I didn't know it." Button
    t =    41.80s Find the "Not yet. I didn't know it." Button
    t =    41.85s Find the "Not yet. I didn't know it." Button
    t =    41.89s Tap "Not yet. I didn't know it." Button
    t =    41.89s     Wait for com.sleuthysloth.condisco to idle
    t =    41.90s     Find the "Not yet. I didn't know it." Button
    t =    41.93s     Check for interrupting elements affecting "Not yet. I didn't know it." Button
    t =    41.97s     Synthesize event
    t =    42.26s     Wait for com.sleuthysloth.condisco to idle
    t =    42.27s Waiting 15.0s for "Reveal answer" Button to exist
    t =    43.32s     Checking `Expect predicate `existsNoRetry == 1` for object "Reveal answer" Button`
    t =    43.33s         Checking existence of `"Reveal answer" Button`
    t =    43.39s Tap "Reveal answer" Button
    t =    43.39s     Wait for com.sleuthysloth.condisco to idle
    t =    43.39s     Find the "Reveal answer" Button
    t =    43.43s     Check for interrupting elements affecting "Reveal answer" Button
    t =    43.48s     Synthesize event
    t =    43.78s     Wait for com.sleuthysloth.condisco to idle
    t =    43.78s Waiting 10.0s for "Easy. I knew it without effort." Button to exist
    t =    44.84s     Checking `Expect predicate `existsNoRetry == 1` for object "Easy. I knew it without effort." Button`
    t =    44.84s         Checking existence of `"Easy. I knew it without effort." Button`
    t =    44.89s Find the "Easy. I knew it without effort." Button
    t =    44.93s Find the "Easy. I knew it without effort." Button
    t =    45.07s Find the "Easy. I knew it without effort." Button
    t =    45.13s Find the "Easy. I knew it without effort." Button
    t =    45.20s Find the "Easy. I knew it without effort." Button
    t =    45.25s Tap "Easy. I knew it without effort." Button
    t =    45.25s     Wait for com.sleuthysloth.condisco to idle
    t =    45.25s     Find the "Easy. I knew it without effort." Button
    t =    45.29s     Check for interrupting elements affecting "Easy. I knew it without effort." Button
    t =    45.33s     Synthesize event
    t =    45.62s     Wait for com.sleuthysloth.condisco to idle
    t =    45.62s Waiting 15.0s for "Reveal answer" Button to exist
    t =    46.65s     Checking `Expect predicate `existsNoRetry == 1` for object "Reveal answer" Button`
    t =    46.65s         Checking existence of `"Reveal answer" Button`
    t =    46.71s Tap "Reveal answer" Button
    t =    46.71s     Wait for com.sleuthysloth.condisco to idle
    t =    46.72s     Find the "Reveal answer" Button
    t =    46.77s     Check for interrupting elements affecting "Reveal answer" Button
    t =    46.82s     Synthesize event
    t =    47.13s     Wait for com.sleuthysloth.condisco to idle
    t =    47.14s Waiting 10.0s for "I knew it. I recalled the answer independently." Button to exist
    t =    48.16s     Checking `Expect predicate `existsNoRetry == 1` for object "I knew it. I recalled the answer independently." Button`
    t =    48.16s         Checking existence of `"I knew it. I recalled the answer independently." Button`
    t =    48.21s Find the "I knew it. I recalled the answer independently." Button
    t =    48.25s Find the "I knew it. I recalled the answer independently." Button
    t =    48.29s Find the "I knew it. I recalled the answer independently." Button
    t =    48.33s Find the "I knew it. I recalled the answer independently." Button
    t =    48.39s Find the "I knew it. I recalled the answer independently." Button
    t =    48.44s Tap "I knew it. I recalled the answer independently." Button
    t =    48.44s     Wait for com.sleuthysloth.condisco to idle
    t =    48.45s     Find the "I knew it. I recalled the answer independently." Button
    t =    48.52s     Check for interrupting elements affecting "I knew it. I recalled the answer independently." Button
    t =    48.58s     Synthesize event
    t =    48.88s     Wait for com.sleuthysloth.condisco to idle
    t =    48.88s Waiting 15.0s for "Session complete" StaticText to exist
    t =    49.89s     Checking `Expect predicate `existsNoRetry == 1` for object "Session complete" StaticText`
    t =    49.89s         Checking existence of `"Session complete" StaticText`
    t =    49.94s Find the Target Application 'com.sleuthysloth.condisco'
    t =    50.17s Added attachment named 'review-session-complete'
    t =    50.17s Find the "Done" Button
    t =    50.20s Tap "Done" Button
    t =    50.20s     Wait for com.sleuthysloth.condisco to idle
    t =    50.21s     Find the "Done" Button
    t =    50.23s     Check for interrupting elements affecting "Done" Button
    t =    50.28s     Synthesize event
    t =    50.59s     Wait for com.sleuthysloth.condisco to idle
    t =    51.10s Waiting 15.0s for "Review" NavigationBar to exist
    t =    52.13s     Checking `Expect predicate `existsNoRetry == 1` for object "Review" NavigationBar`
    t =    52.13s         Checking existence of `"Review" NavigationBar`
    t =    52.18s Tear Down
Test Case '-[CondiscoUITests.AccessibilitySweepUITests testFiveCardReviewSessionCompletesAfterHomeInvitation]' passed (52.598 seconds).
Test Case '-[CondiscoUITests.AccessibilitySweepUITests testLandscapeKeepsPrimaryActionReachable]' started.
    t =     0.00s Start Test at 2026-09-27 05:19:31.998
    t =     0.07s Set Up
    t =     0.07s Open com.sleuthysloth.condisco
    t =     0.07s     Launch com.sleuthysloth.condisco
    t =     0.07s         Terminate com.sleuthysloth.condisco:36233
2026-09-27 05:19:33.097 xcodebuild[35940:2284917] [MT] IDELaunchParametersSnapshot: debugger version lookup failed for path '<nil>': noURL
2026-09-27 05:19:33.097 xcodebuild[35940:2284917] [MT] IDELaunchParametersSnapshot: no debugger version
    t =     1.94s         Setting up automation session
    t =     6.43s         Wait for com.sleuthysloth.condisco to idle
    t =     9.16s Waiting 30.0s for "Choose a language" Button to exist
    t =    10.19s     Checking `Expect predicate `existsNoRetry == 1` for object "Choose a language" Button`
    t =    10.19s         Checking existence of `"Choose a language" Button`
    t =    10.38s Tap "Choose a language" Button
    t =    10.38s     Wait for com.sleuthysloth.condisco to idle
    t =    10.39s     Find the "Choose a language" Button
    t =    10.41s     Check for interrupting elements affecting "Choose a language" Button
    t =    10.50s     Synthesize event
    t =    10.89s     Wait for com.sleuthysloth.condisco to idle
    t =    11.04s Waiting 10.0s for "Which language are you learning?" StaticText to exist
    t =    12.06s     Checking `Expect predicate `existsNoRetry == 1` for object "Which language are you learning?" StaticText`
    t =    12.06s         Checking existence of `"Which language are you learning?" StaticText`
    t =    12.12s Checking existence of `"French foundations" StaticText`
    t =    12.13s Find the "Continue" Button
    t =    12.15s Find the "Continue" Button
    t =    12.17s Find the "Continue" Button
    t =    12.20s Find the "Continue" Button
    t =    12.22s Find the "Continue" Button
    t =    12.25s Tap "Continue" Button
    t =    12.25s     Wait for com.sleuthysloth.condisco to idle
    t =    12.25s     Find the "Continue" Button
    t =    12.27s     Check for interrupting elements affecting "Continue" Button
    t =    12.30s     Synthesize event
    t =    12.59s     Wait for com.sleuthysloth.condisco to idle
    t =    12.59s Waiting 10.0s for Button (First Match) to exist
    t =    13.61s     Checking `Expect predicate `existsNoRetry == 1` for object Button (First Match)`
    t =    13.61s         Checking existence of `Button (First Match)`
    t =    13.63s Find the Button (First Match)
    t =    13.64s Find the "I'm starting fresh, Begin with your first mission. No experience needed." Button
    t =    13.66s Find the "I'm starting fresh, Begin with your first mission. No experience needed." Button
    t =    13.67s Find the "I'm starting fresh, Begin with your first mission. No experience needed." Button
    t =    13.69s Find the "I'm starting fresh, Begin with your first mission. No experience needed." Button
    t =    13.70s Tap "I'm starting fresh, Begin with your first mission. No experience needed." Button
    t =    13.71s     Wait for com.sleuthysloth.condisco to idle
    t =    13.71s     Find the "I'm starting fresh, Begin with your first mission. No experience needed." Button
    t =    13.72s     Check for interrupting elements affecting "I'm starting fresh, Begin with your first mission. No experience needed." Button
    t =    13.73s     Synthesize event
    t =    14.02s     Wait for com.sleuthysloth.condisco to idle
    t =    14.83s Waiting 20.0s for "Start lesson" Button to exist
    t =    15.87s     Checking `Expect predicate `existsNoRetry == 1` for object "Start lesson" Button`
    t =    15.87s         Checking existence of `"Start lesson" Button`
    t =    15.98s Tap "Start lesson" Button
    t =    15.98s     Wait for com.sleuthysloth.condisco to idle
    t =    15.98s     Find the "Start lesson" Button
    t =    16.03s     Check for interrupting elements affecting "Start lesson" Button
    t =    16.07s     Synthesize event
    t =    16.37s     Wait for com.sleuthysloth.condisco to idle
    t =    16.62s Waiting 10.0s for "Got it" Button to exist
    t =    17.65s     Checking `Expect predicate `existsNoRetry == 1` for object "Got it" Button`
    t =    17.65s         Checking existence of `"Got it" Button`
    t =    17.72s Tap "Got it" Button
    t =    17.72s     Wait for com.sleuthysloth.condisco to idle
    t =    17.72s     Find the "Got it" Button
    t =    17.77s     Check for interrupting elements affecting "Got it" Button
    t =    17.81s     Synthesize event
    t =    18.10s     Wait for com.sleuthysloth.condisco to idle
    t =    18.11s Waiting 10.0s for "Continue" Button to exist
    t =    19.12s     Checking `Expect predicate `existsNoRetry == 1` for object "Continue" Button`
    t =    19.12s         Checking existence of `"Continue" Button`
    t =    19.21s Tap "Continue" Button
    t =    19.21s     Wait for com.sleuthysloth.condisco to idle
    t =    19.22s     Find the "Continue" Button
    t =    19.27s     Check for interrupting elements affecting "Continue" Button
    t =    19.31s     Synthesize event
    t =    19.60s     Wait for com.sleuthysloth.condisco to idle
    t =    19.60s Waiting 10.0s for "The server looks up from the counter. How do you greet them?" StaticText to exist
    t =    20.64s     Checking `Expect predicate `existsNoRetry == 1` for object "The server looks up from the counter. How do you greet them?" StaticText`
    t =    20.64s         Checking existence of `"The server looks up from the counter. How do you greet them?" StaticText`
    t =    20.67s Find the "The server looks up from the counter. How do you greet them?" StaticText
    t =    20.71s Setting device orientation to Landscape Left
    t =    20.73s     Device orientation changed to Landscape Left
    t =    21.22s     Interface orientation changed to Landscape Right
    t =    21.24s     Wait for com.sleuthysloth.condisco to idle
    t =    21.63s Waiting 10.0s for "The server looks up from the counter. How do you greet them?" StaticText to exist
    t =    22.68s     Checking `Expect predicate `existsNoRetry == 1` for object "The server looks up from the counter. How do you greet them?" StaticText`
    t =    22.68s         Checking existence of `"The server looks up from the counter. How do you greet them?" StaticText`
    t =    22.74s Waiting 10.0s for "Check" Button to exist
    t =    23.77s     Checking `Expect predicate `existsNoRetry == 1` for object "Check" Button`
    t =    23.77s         Checking existence of `"Check" Button`
    t =    23.83s Find the "Check" Button
    t =    23.90s Checking existence of `Window (First Match)`
    t =    23.90s Find the "Check" Button
    t =    23.95s Find the Window (First Match)
    t =    23.96s Find the Window at {{0.0, 0.0}, {874.0, 402.0}}
    t =    23.97s Checking existence of `"Bonjour." Button`
    t =    24.01s Find the Target Application 'com.sleuthysloth.condisco'
    t =    24.16s Added attachment named 'landscape-first-question'
    t =    24.16s Setting device orientation to Portrait
    t =    24.17s     Device orientation changed to Portrait
    t =    24.22s     Interface orientation changed to Portrait
    t =    24.23s     Wait for com.sleuthysloth.condisco to idle
    t =    24.33s Tear Down
Test Case '-[CondiscoUITests.AccessibilitySweepUITests testLandscapeKeepsPrimaryActionReachable]' passed (24.683 seconds).
Test Case '-[CondiscoUITests.AccessibilitySweepUITests testLargestDynamicTypeKeepsActionsReachable]' started.
    t =     0.00s Start Test at 2026-09-27 05:19:56.682
    t =     0.06s Set Up
    t =     0.06s Open com.sleuthysloth.condisco
    t =     0.06s     Launch com.sleuthysloth.condisco
    t =     0.06s         Terminate com.sleuthysloth.condisco:36348
2026-09-27 05:19:57.862 xcodebuild[35940:2284917] [MT] IDELaunchParametersSnapshot: debugger version lookup failed for path '<nil>': noURL
2026-09-27 05:19:57.862 xcodebuild[35940:2284917] [MT] IDELaunchParametersSnapshot: no debugger version
    t =     1.39s         Setting up automation session
    t =     5.30s         Wait for com.sleuthysloth.condisco to idle
    t =     7.07s Waiting 30.0s for "Choose a language" Button to exist
    t =     8.11s     Checking `Expect predicate `existsNoRetry == 1` for object "Choose a language" Button`
    t =     8.11s         Checking existence of `"Choose a language" Button`
    t =     8.31s Tap "Choose a language" Button
    t =     8.32s     Wait for com.sleuthysloth.condisco to idle
    t =     8.32s     Find the "Choose a language" Button
    t =     8.34s     Check for interrupting elements affecting "Choose a language" Button
    t =     8.36s     Synthesize event
    t =     8.72s     Wait for com.sleuthysloth.condisco to idle
    t =     8.72s Waiting 10.0s for "Which language are you learning?" StaticText to exist
    t =     9.76s     Checking `Expect predicate `existsNoRetry == 1` for object "Which language are you learning?" StaticText`
    t =     9.77s         Checking existence of `"Which language are you learning?" StaticText`
    t =     9.83s Checking existence of `"French foundations" StaticText`
    t =     9.84s Find the "Continue" Button
    t =     9.86s Find the "Continue" Button
    t =     9.87s Find the "Continue" Button
    t =     9.88s Find the "Continue" Button
    t =     9.89s Find the "Continue" Button
    t =     9.91s Tap "Continue" Button
    t =     9.91s     Wait for com.sleuthysloth.condisco to idle
    t =     9.91s     Find the "Continue" Button
    t =     9.92s     Check for interrupting elements affecting "Continue" Button
    t =     9.93s     Synthesize event
    t =    10.22s     Wait for com.sleuthysloth.condisco to idle
    t =    10.22s Waiting 10.0s for Button (First Match) to exist
    t =    11.25s     Checking `Expect predicate `existsNoRetry == 1` for object Button (First Match)`
    t =    11.25s         Checking existence of `Button (First Match)`
    t =    11.26s Find the Button (First Match)
    t =    11.28s Find the "I'm starting fresh, Begin with your first mission. No experience needed." Button
    t =    11.29s Find the "I'm starting fresh, Begin with your first mission. No experience needed." Button
    t =    11.31s Find the "I'm starting fresh, Begin with your first mission. No experience needed." Button
    t =    11.33s Find the "I'm starting fresh, Begin with your first mission. No experience needed." Button
    t =    11.35s Tap "I'm starting fresh, Begin with your first mission. No experience needed." Button
    t =    11.35s     Wait for com.sleuthysloth.condisco to idle
    t =    11.35s     Find the "I'm starting fresh, Begin with your first mission. No experience needed." Button
    t =    11.36s     Check for interrupting elements affecting "I'm starting fresh, Begin with your first mission. No experience needed." Button
    t =    11.37s     Synthesize event
    t =    11.78s     Wait for com.sleuthysloth.condisco to idle
    t =    12.47s Waiting 20.0s for "Start lesson" Button to exist
    t =    13.51s     Checking `Expect predicate `existsNoRetry == 1` for object "Start lesson" Button`
    t =    13.51s         Checking existence of `"Start lesson" Button`
    t =    13.61s Tap "Start lesson" Button
    t =    13.61s     Wait for com.sleuthysloth.condisco to idle
    t =    13.61s     Find the "Start lesson" Button
    t =    13.66s     Check for interrupting elements affecting "Start lesson" Button
    t =    13.71s     Synthesize event
    t =    13.72s         Scroll element to visible
    t =    13.72s         Find the "Start lesson" Button
    t =    13.78s         Computed hit point {201, 682.99999999999989} after scrolling to visible
    t =    14.06s     Wait for com.sleuthysloth.condisco to idle
    t =    14.36s Waiting 10.0s for "Got it" Button to exist
    t =    15.40s     Checking `Expect predicate `existsNoRetry == 1` for object "Got it" Button`
    t =    15.40s         Checking existence of `"Got it" Button`
    t =    15.45s Tap "Got it" Button
    t =    15.45s     Wait for com.sleuthysloth.condisco to idle
    t =    15.45s     Find the "Got it" Button
    t =    15.49s     Check for interrupting elements affecting "Got it" Button
    t =    15.54s     Synthesize event
    t =    15.83s     Wait for com.sleuthysloth.condisco to idle
    t =    15.83s Waiting 10.0s for "Continue" Button to exist
    t =    16.89s     Checking `Expect predicate `existsNoRetry == 1` for object "Continue" Button`
    t =    16.90s         Checking existence of `"Continue" Button`
    t =    16.96s Tap "Continue" Button
    t =    16.96s     Wait for com.sleuthysloth.condisco to idle
    t =    16.96s     Find the "Continue" Button
    t =    17.00s     Check for interrupting elements affecting "Continue" Button
    t =    17.04s     Synthesize event
    t =    17.33s     Wait for com.sleuthysloth.condisco to idle
    t =    17.33s Waiting 10.0s for "The server looks up from the counter. How do you greet them?" StaticText to exist
    t =    18.36s     Checking `Expect predicate `existsNoRetry == 1` for object "The server looks up from the counter. How do you greet them?" StaticText`
    t =    18.36s         Checking existence of `"The server looks up from the counter. How do you greet them?" StaticText`
    t =    18.39s Find the "The server looks up from the counter. How do you greet them?" StaticText
    t =    18.45s Find the Target Application 'com.sleuthysloth.condisco'
    t =    18.61s Added attachment named 'largest-type-first-question'
    t =    18.61s Waiting 10.0s for "Check" Button to exist
    t =    19.64s     Checking `Expect predicate `existsNoRetry == 1` for object "Check" Button`
    t =    19.66s         Checking existence of `"Check" Button`
    t =    19.77s Find the "Check" Button
    t =    19.83s Checking existence of `Window (First Match)`
    t =    19.83s Find the "Check" Button
    t =    19.89s Find the Window (First Match)
    t =    19.91s Find the Window at {{0.0, 0.0}, {402.0, 874.0}}
    t =    19.92s Waiting 10.0s for "Bonjour." Button to exist
    t =    20.95s     Checking `Expect predicate `existsNoRetry == 1` for object "Bonjour." Button`
    t =    20.95s         Checking existence of `"Bonjour." Button`
    t =    21.00s Checking existence of `"Merci." Button`
    t =    21.04s Find the "Check" Button
    t =    21.08s Find the "Merci." Button
    t =    21.13s Swipe up Target Application 'com.sleuthysloth.condisco'
    t =    21.13s     Wait for com.sleuthysloth.condisco to idle
    t =    21.13s     Find the Target Application 'com.sleuthysloth.condisco'
    t =    21.16s     Check for interrupting elements affecting "Condisco" Application
    t =    21.20s     Synthesize event
    t =    21.63s     Wait for com.sleuthysloth.condisco to idle
    t =    22.25s Find the "Merci." Button
    t =    22.34s Find the "Merci." Button
    t =    22.39s Find the "Merci." Button
    t =    22.43s Find the "Merci." Button
    t =    22.47s Tap "Merci." Button
    t =    22.47s     Wait for com.sleuthysloth.condisco to idle
    t =    22.48s     Find the "Merci." Button
    t =    22.52s     Check for interrupting elements affecting "Merci." Button
    t =    22.55s     Synthesize event
    t =    22.99s     Wait for com.sleuthysloth.condisco to idle
    t =    23.00s Find the "Check" Button
    t =    23.05s Find the "Check" Button
    t =    23.10s Find the "Check" Button
    t =    23.14s Find the "Check" Button
    t =    23.18s Find the "Check" Button
    t =    23.22s Tap "Check" Button
    t =    23.22s     Wait for com.sleuthysloth.condisco to idle
    t =    23.22s     Find the "Check" Button
    t =    23.28s     Check for interrupting elements affecting "Check" Button
    t =    23.34s     Synthesize event
    t =    23.64s     Wait for com.sleuthysloth.condisco to idle
    t =    24.14s Waiting 15.0s for StaticText (First Match) to exist
    t =    25.17s     Checking `Expect predicate `existsNoRetry == 1` for object StaticText (First Match)`
    t =    25.17s         Checking existence of `StaticText (First Match)`
    t =    25.25s Find the Target Application 'com.sleuthysloth.condisco'
    t =    25.41s Added attachment named 'largest-type-wrong-answer-feedback'
    t =    25.41s Tear Down
Test Case '-[CondiscoUITests.AccessibilitySweepUITests testLargestDynamicTypeKeepsActionsReachable]' passed (25.779 seconds).
Test Case '-[CondiscoUITests.AccessibilitySweepUITests testSmallPhoneFirstQuestionWrongAnswerFeedbackNotHidden]' started.
    t =     0.02s Start Test at 2026-09-27 05:20:22.484
    t =     0.08s Set Up
    t =     0.09s Open com.sleuthysloth.condisco
    t =     0.09s     Launch com.sleuthysloth.condisco
    t =     0.09s         Terminate com.sleuthysloth.condisco:36371
2026-09-27 05:20:23.687 xcodebuild[35940:2284917] [MT] IDELaunchParametersSnapshot: debugger version lookup failed for path '<nil>': noURL
2026-09-27 05:20:23.688 xcodebuild[35940:2284917] [MT] IDELaunchParametersSnapshot: no debugger version
    t =     1.45s         Setting up automation session
    t =     5.20s         Wait for com.sleuthysloth.condisco to idle
    t =     7.30s Waiting 30.0s for "Choose a language" Button to exist
    t =     8.35s     Checking `Expect predicate `existsNoRetry == 1` for object "Choose a language" Button`
    t =     8.36s         Checking existence of `"Choose a language" Button`
    t =     8.48s Tap "Choose a language" Button
    t =     8.48s     Wait for com.sleuthysloth.condisco to idle
    t =     8.49s     Find the "Choose a language" Button
    t =     8.50s     Check for interrupting elements affecting "Choose a language" Button
    t =     8.53s     Synthesize event
    t =     8.91s     Wait for com.sleuthysloth.condisco to idle
    t =     8.92s Waiting 10.0s for "Which language are you learning?" StaticText to exist
    t =     9.95s     Checking `Expect predicate `existsNoRetry == 1` for object "Which language are you learning?" StaticText`
    t =     9.96s         Checking existence of `"Which language are you learning?" StaticText`
    t =    10.07s Checking existence of `"French foundations" StaticText`
    t =    10.08s Find the "Continue" Button
    t =    10.11s Find the "Continue" Button
    t =    10.13s Find the "Continue" Button
    t =    10.15s Find the "Continue" Button
    t =    10.16s Find the "Continue" Button
    t =    10.18s Tap "Continue" Button
    t =    10.18s     Wait for com.sleuthysloth.condisco to idle
    t =    10.18s     Find the "Continue" Button
    t =    10.19s     Check for interrupting elements affecting "Continue" Button
    t =    10.21s     Synthesize event
    t =    10.49s     Wait for com.sleuthysloth.condisco to idle
    t =    10.55s Waiting 10.0s for Button (First Match) to exist
    t =    11.57s     Checking `Expect predicate `existsNoRetry == 1` for object Button (First Match)`
    t =    11.61s         Checking existence of `Button (First Match)`
    t =    11.63s Find the Button (First Match)
    t =    11.68s Find the "I'm starting fresh, Begin with your first mission. No experience needed." Button
    t =    11.70s Find the "I'm starting fresh, Begin with your first mission. No experience needed." Button
    t =    11.71s Find the "I'm starting fresh, Begin with your first mission. No experience needed." Button
    t =    11.73s Find the "I'm starting fresh, Begin with your first mission. No experience needed." Button
    t =    11.74s Tap "I'm starting fresh, Begin with your first mission. No experience needed." Button
    t =    11.74s     Wait for com.sleuthysloth.condisco to idle
    t =    11.75s     Find the "I'm starting fresh, Begin with your first mission. No experience needed." Button
    t =    11.76s     Check for interrupting elements affecting "I'm starting fresh, Begin with your first mission. No experience needed." Button
    t =    11.78s     Synthesize event
    t =    12.06s     Wait for com.sleuthysloth.condisco to idle
    t =    13.35s Waiting 20.0s for "Start lesson" Button to exist
    t =    14.40s     Checking `Expect predicate `existsNoRetry == 1` for object "Start lesson" Button`
    t =    14.40s         Checking existence of `"Start lesson" Button`
    t =    14.51s Tap "Start lesson" Button
    t =    14.51s     Wait for com.sleuthysloth.condisco to idle
    t =    14.51s     Find the "Start lesson" Button
    t =    14.55s     Check for interrupting elements affecting "Start lesson" Button
    t =    14.58s     Synthesize event
    t =    14.87s     Wait for com.sleuthysloth.condisco to idle
    t =    15.09s Waiting 10.0s for "Got it" Button to exist
    t =    16.11s     Checking `Expect predicate `existsNoRetry == 1` for object "Got it" Button`
    t =    16.11s         Checking existence of `"Got it" Button`
    t =    16.22s Tap "Got it" Button
    t =    16.22s     Wait for com.sleuthysloth.condisco to idle
    t =    16.22s     Find the "Got it" Button
    t =    16.27s     Check for interrupting elements affecting "Got it" Button
    t =    16.33s     Synthesize event
    t =    16.62s     Wait for com.sleuthysloth.condisco to idle
    t =    16.62s Waiting 10.0s for "Continue" Button to exist
    t =    17.66s     Checking `Expect predicate `existsNoRetry == 1` for object "Continue" Button`
    t =    17.66s         Checking existence of `"Continue" Button`
    t =    17.73s Tap "Continue" Button
    t =    17.73s     Wait for com.sleuthysloth.condisco to idle
    t =    17.74s     Find the "Continue" Button
    t =    17.80s     Check for interrupting elements affecting "Continue" Button
    t =    17.85s     Synthesize event
    t =    18.15s     Wait for com.sleuthysloth.condisco to idle
    t =    18.16s Waiting 10.0s for "The server looks up from the counter. How do you greet them?" StaticText to exist
    t =    19.17s     Checking `Expect predicate `existsNoRetry == 1` for object "The server looks up from the counter. How do you greet them?" StaticText`
    t =    19.19s         Checking existence of `"The server looks up from the counter. How do you greet them?" StaticText`
    t =    19.27s Find the "The server looks up from the counter. How do you greet them?" StaticText
    t =    19.33s Find the Target Application 'com.sleuthysloth.condisco'
    t =    19.55s Added attachment named 'smallphone-first-question'
    t =    19.55s Waiting 10.0s for "Check" Button to exist
    t =    20.62s     Checking `Expect predicate `existsNoRetry == 1` for object "Check" Button`
    t =    20.62s         Checking existence of `"Check" Button`
    t =    20.71s Find the "Check" Button
    t =    20.76s Checking existence of `Window (First Match)`
    t =    20.76s Find the "Check" Button
    t =    20.80s Find the Window (First Match)
    t =    20.80s Find the Window at {{0.0, 0.0}, {402.0, 874.0}}
    t =    20.81s Checking existence of `"Bonjour." Button`
    t =    20.84s Checking existence of `"Merci." Button`
    t =    20.87s Checking existence of `"Au revoir." Button`
    t =    20.90s Tap "Merci." Button
    t =    20.91s     Wait for com.sleuthysloth.condisco to idle
    t =    20.91s     Find the "Merci." Button
    t =    20.94s     Check for interrupting elements affecting "Merci." Button
    t =    20.98s     Synthesize event
    t =    21.28s     Wait for com.sleuthysloth.condisco to idle
    t =    21.28s Find the "Check" Button
    t =    21.31s Tap "Check" Button
    t =    21.31s     Wait for com.sleuthysloth.condisco to idle
    t =    21.31s     Find the "Check" Button
    t =    21.35s     Check for interrupting elements affecting "Check" Button
    t =    21.38s     Synthesize event
    t =    21.67s     Wait for com.sleuthysloth.condisco to idle
    t =    21.68s Waiting 15.0s for StaticText (First Match) to exist
    t =    22.71s     Checking `Expect predicate `existsNoRetry == 1` for object StaticText (First Match)`
    t =    22.71s         Checking existence of `StaticText (First Match)`
    t =    22.75s Find the Target Application 'com.sleuthysloth.condisco'
    t =    22.87s Added attachment named 'smallphone-wrong-answer-feedback'
    t =    22.87s Waiting 10.0s for "Continue with model answer" Button to exist
    t =    23.91s     Checking `Expect predicate `existsNoRetry == 1` for object "Continue with model answer" Button`
    t =    23.91s         Checking existence of `"Continue with model answer" Button`
    t =    23.98s Waiting 10.0s for "Continue with model answer" Button to exist
    t =    25.00s     Checking `Expect predicate `existsNoRetry == 1` for object "Continue with model answer" Button`
    t =    25.00s         Checking existence of `"Continue with model answer" Button`
    t =    25.05s Find the "Continue with model answer" Button
    t =    25.10s Checking existence of `Window (First Match)`
    t =    25.11s Find the "Continue with model answer" Button
    t =    25.14s Find the Window (First Match)
    t =    25.14s Find the Window at {{0.0, 0.0}, {402.0, 874.0}}
    t =    25.15s Tear Down
Test Case '-[CondiscoUITests.AccessibilitySweepUITests testSmallPhoneFirstQuestionWrongAnswerFeedbackNotHidden]' passed (25.510 seconds).
Test Case '-[CondiscoUITests.AccessibilitySweepUITests testVoiceOverLabelsOnKeyControls]' started.
    t =     0.00s Start Test at 2026-09-27 05:20:47.974
    t =     0.08s Set Up
    t =     0.08s Open com.sleuthysloth.condisco
    t =     0.09s     Launch com.sleuthysloth.condisco
    t =     0.09s         Terminate com.sleuthysloth.condisco:36411
2026-09-27 05:20:49.178 xcodebuild[35940:2284917] [MT] IDELaunchParametersSnapshot: debugger version lookup failed for path '<nil>': noURL
2026-09-27 05:20:49.179 xcodebuild[35940:2284917] [MT] IDELaunchParametersSnapshot: no debugger version
    t =     1.42s         Setting up automation session
    t =     5.31s         Wait for com.sleuthysloth.condisco to idle
    t =     7.63s Waiting 30.0s for "Choose a language" Button to exist
    t =     8.67s     Checking `Expect predicate `existsNoRetry == 1` for object "Choose a language" Button`
    t =     8.68s         Checking existence of `"Choose a language" Button`
    t =     8.82s Tap "Choose a language" Button
    t =     8.82s     Wait for com.sleuthysloth.condisco to idle
    t =     8.82s     Find the "Choose a language" Button
    t =     8.84s     Check for interrupting elements affecting "Choose a language" Button
    t =     8.86s     Synthesize event
    t =     9.18s     Wait for com.sleuthysloth.condisco to idle
    t =     9.18s Waiting 10.0s for "Which language are you learning?" StaticText to exist
    t =    10.21s     Checking `Expect predicate `existsNoRetry == 1` for object "Which language are you learning?" StaticText`
    t =    10.21s         Checking existence of `"Which language are you learning?" StaticText`
    t =    10.27s Checking existence of `"French foundations" StaticText`
    t =    10.28s Find the "Continue" Button
    t =    10.30s Find the "Continue" Button
    t =    10.31s Find the "Continue" Button
    t =    10.33s Find the "Continue" Button
    t =    10.34s Find the "Continue" Button
    t =    10.36s Tap "Continue" Button
    t =    10.36s     Wait for com.sleuthysloth.condisco to idle
    t =    10.36s     Find the "Continue" Button
    t =    10.37s     Check for interrupting elements affecting "Continue" Button
    t =    10.39s     Synthesize event
    t =    10.68s     Wait for com.sleuthysloth.condisco to idle
    t =    10.69s Waiting 10.0s for Button (First Match) to exist
    t =    11.75s     Checking `Expect predicate `existsNoRetry == 1` for object Button (First Match)`
    t =    11.75s         Checking existence of `Button (First Match)`
    t =    11.76s Find the Button (First Match)
    t =    11.77s Find the "I'm starting fresh, Begin with your first mission. No experience needed." Button
    t =    11.79s Find the "I'm starting fresh, Begin with your first mission. No experience needed." Button
    t =    11.80s Find the "I'm starting fresh, Begin with your first mission. No experience needed." Button
    t =    11.82s Find the "I'm starting fresh, Begin with your first mission. No experience needed." Button
    t =    11.83s Tap "I'm starting fresh, Begin with your first mission. No experience needed." Button
    t =    11.83s     Wait for com.sleuthysloth.condisco to idle
    t =    11.83s     Find the "I'm starting fresh, Begin with your first mission. No experience needed." Button
    t =    11.84s     Check for interrupting elements affecting "I'm starting fresh, Begin with your first mission. No experience needed." Button
    t =    11.86s     Synthesize event
    t =    12.15s     Wait for com.sleuthysloth.condisco to idle
    t =    12.97s Waiting 20.0s for "Start lesson" Button to exist
    t =    13.99s     Checking `Expect predicate `existsNoRetry == 1` for object "Start lesson" Button`
    t =    14.00s         Checking existence of `"Start lesson" Button`
    t =    14.11s Waiting 10.0s for "Back to lessons" Button to exist
    t =    15.15s     Checking `Expect predicate `existsNoRetry == 1` for object "Back to lessons" Button`
    t =    15.15s         Checking existence of `"Back to lessons" Button`
    t =    15.29s Tap "Back to lessons" Button
    t =    15.29s     Wait for com.sleuthysloth.condisco to idle
    t =    15.29s     Find the "Back to lessons" Button
    t =    15.33s     Check for interrupting elements affecting "Back to lessons" Button
    t =    15.38s     Synthesize event
    t =    15.67s     Wait for com.sleuthysloth.condisco to idle
    t =    16.12s Waiting 30.0s for "Home" Button to exist
    t =    17.15s     Checking `Expect predicate `existsNoRetry == 1` for object "Home" Button`
    t =    17.15s         Checking existence of `"Home" Button`
    t =    17.21s Checking existence of `"Home" Button`
    t =    17.24s Checking existence of `"Courses" Button`
    t =    17.26s Checking existence of `"Listen" Button`
    t =    17.28s Checking existence of `"Review" Button`
    t =    17.30s Checking existence of `"You" Button`
    t =    17.32s Checking existence of `"Focus language" Button`
    t =    17.34s Checking existence of `"home.today.header" StaticText`
    t =    17.37s Waiting 10.0s for "home.today.primary" Button to exist
    t =    18.41s     Checking `Expect predicate `existsNoRetry == 1` for object "home.today.primary" Button`
    t =    18.41s         Checking existence of `"home.today.primary" Button`
    t =    18.47s Find the "home.today.primary" Button
    t =    18.49s Find the Target Application 'com.sleuthysloth.condisco'
    t =    18.62s Added attachment named 'voiceover-labels-home'
    t =    18.62s Tap "You" Button
    t =    18.62s     Wait for com.sleuthysloth.condisco to idle
    t =    18.62s     Find the "You" Button
    t =    18.64s     Check for interrupting elements affecting "person" Button
    t =    18.67s     Synthesize event
    t =    18.95s     Wait for com.sleuthysloth.condisco to idle
    t =    20.97s Waiting 10.0s for "Your learning" StaticText to exist
    t =    22.01s     Checking `Expect predicate `existsNoRetry == 1` for object "Your learning" StaticText`
    t =    22.01s         Checking existence of `"Your learning" StaticText`
    t =    22.07s Find the "Preferences" Button
    t =    22.11s Swipe up Target Application 'com.sleuthysloth.condisco'
    t =    22.11s     Wait for com.sleuthysloth.condisco to idle
    t =    22.11s     Find the Target Application 'com.sleuthysloth.condisco'
    t =    22.12s     Check for interrupting elements affecting "Condisco" Application
    t =    22.14s     Synthesize event
    t =    22.57s     Wait for com.sleuthysloth.condisco to idle
    t =    23.22s Find the "Preferences" Button
    t =    23.25s Find the "Preferences" Button
    t =    23.28s Find the "Preferences" Button
    t =    23.31s Find the "Preferences" Button
    t =    23.34s Tap "Preferences" Button
    t =    23.34s     Wait for com.sleuthysloth.condisco to idle
    t =    23.35s     Find the "Preferences" Button
    t =    23.37s     Check for interrupting elements affecting "Preferences" Button
    t =    23.42s     Synthesize event
    t =    23.71s     Wait for com.sleuthysloth.condisco to idle
    t =    23.90s Waiting 10.0s for "Reduce motion" Switch to exist
    t =    24.95s     Checking `Expect predicate `existsNoRetry == 1` for object "Reduce motion" Switch`
    t =    24.95s         Checking existence of `"Reduce motion" Switch`
    t =    25.00s Checking existence of `"Larger text" Switch`
    t =    25.03s Find the Target Application 'com.sleuthysloth.condisco'
    t =    25.14s Added attachment named 'voiceover-labels-comfort'
    t =    25.14s Tear Down
Test Case '-[CondiscoUITests.AccessibilitySweepUITests testVoiceOverLabelsOnKeyControls]' passed (25.391 seconds).
Test Suite 'AccessibilitySweepUITests' passed at 2026-09-27 05:21:13.367.
	 Executed 5 tests, with 0 failures (0 unexpected) in 153.961 (153.976) seconds
Test Suite 'FirstRunUITests' started at 2026-09-27 05:21:13.371.
Test Case '-[CondiscoUITests.FirstRunUITests testFreshFrenchLearnerCanFinishFirstMissionAfterAccentAndWrongAnswer]' started.
    t =     0.00s Start Test at 2026-09-27 05:21:13.372
    t =     0.03s Set Up
    t =     0.03s Open com.sleuthysloth.condisco
    t =     0.03s     Launch com.sleuthysloth.condisco
    t =     0.03s         Terminate com.sleuthysloth.condisco:36467
2026-09-27 05:21:14.458 xcodebuild[35940:2284917] [MT] IDELaunchParametersSnapshot: debugger version lookup failed for path '<nil>': noURL
2026-09-27 05:21:14.458 xcodebuild[35940:2284917] [MT] IDELaunchParametersSnapshot: no debugger version
    t =     1.30s         Setting up automation session
    t =     5.28s         Wait for com.sleuthysloth.condisco to idle
    t =     7.53s Waiting 30.0s for "Choose a language" Button to exist
    t =     8.56s     Checking `Expect predicate `existsNoRetry == 1` for object "Choose a language" Button`
    t =     8.56s         Checking existence of `"Choose a language" Button`
    t =     8.67s Tap "Choose a language" Button
    t =     8.67s     Wait for com.sleuthysloth.condisco to idle
    t =     8.67s     Find the "Choose a language" Button
    t =     8.69s     Check for interrupting elements affecting "Choose a language" Button
    t =     8.71s     Synthesize event
    t =     9.06s     Wait for com.sleuthysloth.condisco to idle
    t =     9.06s Waiting 10.0s for "Which language are you learning?" StaticText to exist
    t =    10.10s     Checking `Expect predicate `existsNoRetry == 1` for object "Which language are you learning?" StaticText`
    t =    10.10s         Checking existence of `"Which language are you learning?" StaticText`
    t =    10.16s Checking existence of `"French foundations" StaticText`
    t =    10.17s Tap "Continue" Button
    t =    10.17s     Wait for com.sleuthysloth.condisco to idle
    t =    10.18s     Find the "Continue" Button
    t =    10.19s     Check for interrupting elements affecting "Continue" Button
    t =    10.22s     Synthesize event
    t =    10.52s     Wait for com.sleuthysloth.condisco to idle
    t =    10.53s Waiting 10.0s for Button (First Match) to exist
    t =    11.54s     Checking `Expect predicate `existsNoRetry == 1` for object Button (First Match)`
    t =    11.54s         Checking existence of `Button (First Match)`
    t =    11.55s Tap Button (First Match)
    t =    11.55s     Wait for com.sleuthysloth.condisco to idle
    t =    11.55s     Find the Button (First Match)
    t =    11.56s     Check for interrupting elements affecting "I'm starting fresh, Begin with your first mission. No experience needed." Button
    t =    11.57s     Synthesize event
    t =    11.85s     Wait for com.sleuthysloth.condisco to idle
    t =    12.79s Waiting 20.0s for "Start lesson" Button to exist
    t =    13.84s     Checking `Expect predicate `existsNoRetry == 1` for object "Start lesson" Button`
    t =    13.84s         Checking existence of `"Start lesson" Button`
    t =    13.97s Tap "Back to lessons" Button
    t =    13.97s     Wait for com.sleuthysloth.condisco to idle
    t =    13.97s     Find the "Back to lessons" Button
    t =    14.01s     Check for interrupting elements affecting "Back to lessons" Button
    t =    14.06s     Synthesize event
    t =    14.34s     Wait for com.sleuthysloth.condisco to idle
    t =    14.70s Waiting 30.0s for "Home" Button to exist
    t =    15.73s     Checking `Expect predicate `existsNoRetry == 1` for object "Home" Button`
    t =    15.75s         Checking existence of `"Home" Button`
    t =    15.82s Waiting 10.0s for "home.today.header" StaticText to exist
    t =    16.86s     Checking `Expect predicate `existsNoRetry == 1` for object "home.today.header" StaticText`
    t =    16.86s         Checking existence of `"home.today.header" StaticText`
    t =    16.95s Checking existence of `StaticText (First Match)`
    t =    17.00s Tap "You" Button
    t =    17.00s     Wait for com.sleuthysloth.condisco to idle
    t =    17.00s     Find the "You" Button
    t =    17.03s     Check for interrupting elements affecting "person" Button
    t =    17.08s     Synthesize event
    t =    17.41s     Wait for com.sleuthysloth.condisco to idle
    t =    19.48s Waiting 10.0s for "Your learning" StaticText to exist
    t =    20.50s     Checking `Expect predicate `existsNoRetry == 1` for object "Your learning" StaticText`
    t =    20.50s         Checking existence of `"Your learning" StaticText`
    t =    20.56s Checking existence of `"At a glance" StaticText`
    t =    20.58s Checking existence of `"Preferences" Button`
    t =    20.60s Checking existence of `"Account and data" Button`
    t =    20.62s Tap "Home" Button
    t =    20.62s     Wait for com.sleuthysloth.condisco to idle
    t =    20.62s     Find the "Home" Button
    t =    20.64s     Check for interrupting elements affecting "house" Button
    t =    20.66s     Synthesize event
    t =    20.98s     Wait for com.sleuthysloth.condisco to idle
    t =    22.69s Waiting 10.0s for "home.today.primary" Button to exist
    t =    23.72s     Checking `Expect predicate `existsNoRetry == 1` for object "home.today.primary" Button`
    t =    23.72s         Checking existence of `"home.today.primary" Button`
    t =    23.75s Find the "home.today.primary" Button
    t =    23.78s Find the "home.today.primary" Button
    t =    23.83s Tap "home.today.primary" Button
    t =    23.83s     Wait for com.sleuthysloth.condisco to idle
    t =    23.83s     Find the "home.today.primary" Button
    t =    23.86s     Check for interrupting elements affecting "home.today.primary" Button
    t =    23.90s     Synthesize event
    t =    24.18s     Wait for com.sleuthysloth.condisco to idle
    t =    24.60s Waiting 20.0s for "Start lesson" Button to exist
    t =    25.67s     Checking `Expect predicate `existsNoRetry == 1` for object "Start lesson" Button`
    t =    25.67s         Checking existence of `"Start lesson" Button`
    t =    25.72s Tap "Start lesson" Button
    t =    25.72s     Wait for com.sleuthysloth.condisco to idle
    t =    25.73s     Find the "Start lesson" Button
    t =    25.77s     Check for interrupting elements affecting "Start lesson" Button
    t =    25.80s     Synthesize event
    t =    26.09s     Wait for com.sleuthysloth.condisco to idle
    t =    26.55s Waiting 10.0s for "Got it" Button to exist
    t =    27.56s     Checking `Expect predicate `existsNoRetry == 1` for object "Got it" Button`
    t =    27.56s         Checking existence of `"Got it" Button`
    t =    27.61s Tap "Got it" Button
    t =    27.61s     Wait for com.sleuthysloth.condisco to idle
    t =    27.62s     Find the "Got it" Button
    t =    27.66s     Check for interrupting elements affecting "Got it" Button
    t =    27.71s     Synthesize event
    t =    27.99s     Wait for com.sleuthysloth.condisco to idle
    t =    28.00s Tap "Continue" Button
    t =    28.00s     Wait for com.sleuthysloth.condisco to idle
    t =    28.00s     Find the "Continue" Button
    t =    28.04s     Check for interrupting elements affecting "Continue" Button
    t =    28.07s     Synthesize event
    t =    28.35s     Wait for com.sleuthysloth.condisco to idle
    t =    28.36s Waiting 10.0s for "The server looks up from the counter. How do you greet them?" StaticText to exist
    t =    29.40s     Checking `Expect predicate `existsNoRetry == 1` for object "The server looks up from the counter. How do you greet them?" StaticText`
    t =    29.40s         Checking existence of `"The server looks up from the counter. How do you greet them?" StaticText`
    t =    29.45s Tap "Lessons" Button
    t =    29.45s     Wait for com.sleuthysloth.condisco to idle
    t =    29.45s     Find the "Lessons" Button
    t =    29.49s     Check for interrupting elements affecting "Lessons" Button
    t =    29.52s     Synthesize event
    t =    29.81s     Wait for com.sleuthysloth.condisco to idle
    t =    30.29s Waiting 15.0s for "home.today.primary" Button to exist
    t =    31.34s     Checking `Expect predicate `existsNoRetry == 1` for object "home.today.primary" Button`
    t =    31.34s         Checking existence of `"home.today.primary" Button`
    t =    31.41s Find the "home.today.primary" Button
    t =    31.45s Tap "home.today.primary" Button
    t =    31.45s     Wait for com.sleuthysloth.condisco to idle
    t =    31.45s     Find the "home.today.primary" Button
    t =    31.47s     Check for interrupting elements affecting "home.today.primary" Button
    t =    31.49s     Synthesize event
    t =    31.79s     Wait for com.sleuthysloth.condisco to idle
    t =    32.31s Waiting 15.0s for "The server looks up from the counter. How do you greet them?" StaticText to exist
    t =    33.35s     Checking `Expect predicate `existsNoRetry == 1` for object "The server looks up from the counter. How do you greet them?" StaticText`
    t =    33.35s         Checking existence of `"The server looks up from the counter. How do you greet them?" StaticText`
    t =    33.43s Tap "Bonjour." Button
    t =    33.43s     Wait for com.sleuthysloth.condisco to idle
    t =    33.43s     Find the "Bonjour." Button
    t =    33.46s     Check for interrupting elements affecting "Bonjour." Button
    t =    33.50s     Synthesize event
    t =    33.83s     Wait for com.sleuthysloth.condisco to idle
    t =    33.84s Waiting 10.0s for "Check" Button to exist
    t =    34.86s     Checking `Expect predicate `existsNoRetry == 1` for object "Check" Button`
    t =    34.86s         Checking existence of `"Check" Button`
    t =    34.93s Find the "Check" Button
    t =    34.96s Tap "Check" Button
    t =    34.97s     Wait for com.sleuthysloth.condisco to idle
    t =    34.97s     Find the "Check" Button
    t =    35.00s     Check for interrupting elements affecting "Check" Button
    t =    35.04s     Synthesize event
    t =    35.34s     Wait for com.sleuthysloth.condisco to idle
    t =    35.34s Waiting 15.0s for "Next step" Button to exist
    t =    36.37s     Checking `Expect predicate `existsNoRetry == 1` for object "Next step" Button`
    t =    36.37s         Checking existence of `"Next step" Button`
    t =    36.41s Tap "Next step" Button
    t =    36.41s     Wait for com.sleuthysloth.condisco to idle
    t =    36.41s     Find the "Next step" Button
    t =    36.44s     Check for interrupting elements affecting "Next step" Button
    t =    36.47s     Synthesize event
    t =    36.76s     Wait for com.sleuthysloth.condisco to idle
    t =    36.76s Waiting 10.0s for "Build the order: A coffee, please." StaticText to exist
    t =    37.76s     Checking `Expect predicate `existsNoRetry == 1` for object "Build the order: A coffee, please." StaticText`
    t =    37.78s         Checking existence of `"Build the order: A coffee, please." StaticText`
    t =    37.86s Tap "Add Un" Button
    t =    37.86s     Wait for com.sleuthysloth.condisco to idle
    t =    37.86s     Find the "Add Un" Button
    t =    37.90s     Check for interrupting elements affecting "Add Un" Button
    t =    37.93s     Synthesize event
    t =    38.24s     Wait for com.sleuthysloth.condisco to idle
    t =    38.24s Tap "Add café," Button
    t =    38.24s     Wait for com.sleuthysloth.condisco to idle
    t =    38.25s     Find the "Add café," Button
    t =    38.30s     Check for interrupting elements affecting "Add café," Button
    t =    38.33s     Synthesize event
    t =    38.62s     Wait for com.sleuthysloth.condisco to idle
    t =    38.63s Tap "Add s’il vous plaît." Button
    t =    38.63s     Wait for com.sleuthysloth.condisco to idle
    t =    38.63s     Find the "Add s’il vous plaît." Button
    t =    38.68s     Check for interrupting elements affecting "Add s’il vous plaît." Button
    t =    38.72s     Synthesize event
    t =    39.00s     Wait for com.sleuthysloth.condisco to idle
    t =    39.02s Waiting 10.0s for "Check" Button to exist
    t =    40.05s     Checking `Expect predicate `existsNoRetry == 1` for object "Check" Button`
    t =    40.05s         Checking existence of `"Check" Button`
    t =    40.10s Find the "Check" Button
    t =    40.14s Tap "Check" Button
    t =    40.14s     Wait for com.sleuthysloth.condisco to idle
    t =    40.14s     Find the "Check" Button
    t =    40.17s     Check for interrupting elements affecting "Check" Button
    t =    40.20s     Synthesize event
    t =    40.49s     Wait for com.sleuthysloth.condisco to idle
    t =    40.50s Waiting 15.0s for "Next step" Button to exist
    t =    41.54s     Checking `Expect predicate `existsNoRetry == 1` for object "Next step" Button`
    t =    41.54s         Checking existence of `"Next step" Button`
    t =    41.59s Tap "Next step" Button
    t =    41.59s     Wait for com.sleuthysloth.condisco to idle
    t =    41.59s     Find the "Next step" Button
    t =    41.62s     Check for interrupting elements affecting "Next step" Button
    t =    41.66s     Synthesize event
    t =    41.94s     Wait for com.sleuthysloth.condisco to idle
    t =    41.95s Waiting 10.0s for "The cup reaches the counter. What do you say?" StaticText to exist
    t =    43.00s     Checking `Expect predicate `existsNoRetry == 1` for object "The cup reaches the counter. What do you say?" StaticText`
    t =    43.00s         Checking existence of `"The cup reaches the counter. What do you say?" StaticText`
    t =    43.06s Tap "Merci." Button
    t =    43.06s     Wait for com.sleuthysloth.condisco to idle
    t =    43.06s     Find the "Merci." Button
    t =    43.10s     Check for interrupting elements affecting "Merci." Button
    t =    43.13s     Synthesize event
    t =    43.42s     Wait for com.sleuthysloth.condisco to idle
    t =    43.42s Waiting 10.0s for "Check" Button to exist
    t =    44.45s     Checking `Expect predicate `existsNoRetry == 1` for object "Check" Button`
    t =    44.45s         Checking existence of `"Check" Button`
    t =    44.48s Find the "Check" Button
    t =    44.52s Tap "Check" Button
    t =    44.52s     Wait for com.sleuthysloth.condisco to idle
    t =    44.52s     Find the "Check" Button
    t =    44.55s     Check for interrupting elements affecting "Check" Button
    t =    44.58s     Synthesize event
    t =    44.87s     Wait for com.sleuthysloth.condisco to idle
    t =    44.88s Waiting 15.0s for "Next step" Button to exist
    t =    45.94s     Checking `Expect predicate `existsNoRetry == 1` for object "Next step" Button`
    t =    45.94s         Checking existence of `"Next step" Button`
    t =    46.00s Tap "Next step" Button
    t =    46.00s     Wait for com.sleuthysloth.condisco to idle
    t =    46.00s     Find the "Next step" Button
    t =    46.04s     Check for interrupting elements affecting "Next step" Button
    t =    46.07s     Synthesize event
    t =    46.36s     Wait for com.sleuthysloth.condisco to idle
    t =    46.38s Waiting 10.0s for "I've thought about it — let me answer" Button to exist
    t =    47.42s     Checking `Expect predicate `existsNoRetry == 1` for object "I've thought about it — let me answer" Button`
    t =    47.42s         Checking existence of `"I've thought about it — let me answer" Button`
    t =    47.48s Tap "I've thought about it — let me answer" Button
    t =    47.48s     Wait for com.sleuthysloth.condisco to idle
    t =    47.48s     Find the "I've thought about it — let me answer" Button
    t =    47.52s     Check for interrupting elements affecting "I've thought about it — let me answer" Button
    t =    47.55s     Synthesize event
    t =    47.84s     Wait for com.sleuthysloth.condisco to idle
    t =    48.28s Waiting 10.0s for TextView (First Match) to exist
    t =    49.31s     Checking `Expect predicate `existsNoRetry == 1` for object TextView (First Match)`
    t =    49.31s         Checking existence of `TextView (First Match)`
    t =    49.38s Tap TextView (First Match)
    t =    49.38s     Wait for com.sleuthysloth.condisco to idle
    t =    49.38s     Find the TextView (First Match)
    t =    49.45s     Check for interrupting elements affecting "Your answer" TextView
    t =    49.49s     Synthesize event
    t =    49.78s     Wait for com.sleuthysloth.condisco to idle
    t =    53.34s Type 'Un cafe, s’il vous...' into "Your answer" TextView
    t =    53.34s     Wait for com.sleuthysloth.condisco to idle
    t =    53.35s     Find the "Your answer" TextView
    t =    53.47s     Check for interrupting elements affecting "Your answer" TextView
    t =    53.54s     Synthesize event
    t =    54.18s     Wait for com.sleuthysloth.condisco to idle
    t =    54.19s Waiting 10.0s for "Check" Button to exist
    t =    55.22s     Checking `Expect predicate `existsNoRetry == 1` for object "Check" Button`
    t =    55.22s         Checking existence of `"Check" Button`
    t =    56.37s Checking existence of `Keyboard (Descendants matching type Keyboard)`
    t =    56.47s Find the "Check" Button
    t =    56.56s Find the Keyboard (Descendants matching type Keyboard)
    t =    56.65s Tap "Check" Button
    t =    56.65s     Wait for com.sleuthysloth.condisco to idle
    t =    56.66s     Find the "Check" Button
    t =    56.70s     Check for interrupting elements affecting "Check" Button
    t =    56.75s     Synthesize event
    t =    57.03s     Wait for com.sleuthysloth.condisco to idle
    t =    57.04s Waiting 10.0s for StaticText (First Match) to exist
    t =    58.07s     Checking `Expect predicate `existsNoRetry == 1` for object StaticText (First Match)`
    t =    58.07s         Checking existence of `StaticText (First Match)`
    t =    58.11s Checking existence of `StaticText (First Match)`
    t =    58.15s Tap "Next step" Button
    t =    58.15s     Wait for com.sleuthysloth.condisco to idle
    t =    58.15s     Find the "Next step" Button
    t =    58.20s     Check for interrupting elements affecting "Next step" Button
    t =    58.25s     Synthesize event
    t =    58.54s     Wait for com.sleuthysloth.condisco to idle
    t =    58.55s Waiting 10.0s for "Match the three lines you used to their meanings." StaticText to exist
    t =    59.56s     Checking `Expect predicate `existsNoRetry == 1` for object "Match the three lines you used to their meanings." StaticText`
    t =    59.56s         Checking existence of `"Match the three lines you used to their meanings." StaticText`
    t =    59.62s Tap "Bonjour." Button
    t =    59.62s     Wait for com.sleuthysloth.condisco to idle
    t =    59.62s     Find the "Bonjour." Button
    t =    59.66s     Check for interrupting elements affecting "Bonjour." Button
    t =    59.71s     Synthesize event
    t =    60.00s     Wait for com.sleuthysloth.condisco to idle
    t =    60.01s Tap "Hello." Button
    t =    60.01s     Wait for com.sleuthysloth.condisco to idle
    t =    60.01s     Find the "Hello." Button
    t =    60.07s     Check for interrupting elements affecting "Hello." Button
    t =    60.12s     Synthesize event
    t =    60.47s     Wait for com.sleuthysloth.condisco to idle
    t =    60.47s Tap "Un café, s’il vous plaît." Button
    t =    60.47s     Wait for com.sleuthysloth.condisco to idle
    t =    60.47s     Find the "Un café, s’il vous plaît." Button
    t =    60.53s     Check for interrupting elements affecting "Un café, s’il vous plaît." Button
    t =    60.59s     Synthesize event
    t =    60.99s     Wait for com.sleuthysloth.condisco to idle
    t =    60.99s Tap "A coffee, please." Button
    t =    60.99s     Wait for com.sleuthysloth.condisco to idle
    t =    61.00s     Find the "A coffee, please." Button
    t =    61.04s     Check for interrupting elements affecting "A coffee, please." Button
    t =    61.08s     Synthesize event
    t =    61.38s     Wait for com.sleuthysloth.condisco to idle
    t =    61.39s Tap "Merci." Button
    t =    61.39s     Wait for com.sleuthysloth.condisco to idle
    t =    61.39s     Find the "Merci." Button
    t =    61.44s     Check for interrupting elements affecting "Merci." Button
    t =    61.47s     Synthesize event
    t =    61.76s     Wait for com.sleuthysloth.condisco to idle
    t =    61.76s Tap "Thank you." Button
    t =    61.76s     Wait for com.sleuthysloth.condisco to idle
    t =    61.77s     Find the "Thank you." Button
    t =    61.81s     Check for interrupting elements affecting "Thank you." Button
    t =    61.85s     Synthesize event
    t =    62.18s     Wait for com.sleuthysloth.condisco to idle
    t =    62.18s Waiting 10.0s for "Check" Button to exist
    t =    63.22s     Checking `Expect predicate `existsNoRetry == 1` for object "Check" Button`
    t =    63.22s         Checking existence of `"Check" Button`
    t =    63.27s Find the "Check" Button
    t =    63.31s Tap "Check" Button
    t =    63.31s     Wait for com.sleuthysloth.condisco to idle
    t =    63.31s     Find the "Check" Button
    t =    63.34s     Check for interrupting elements affecting "Check" Button
    t =    63.37s     Synthesize event
    t =    63.70s     Wait for com.sleuthysloth.condisco to idle
    t =    64.11s Waiting 15.0s for "Next step" Button to exist
    t =    65.15s     Checking `Expect predicate `existsNoRetry == 1` for object "Next step" Button`
    t =    65.16s         Checking existence of `"Next step" Button`
    t =    65.23s Tap "Next step" Button
    t =    65.23s     Wait for com.sleuthysloth.condisco to idle
    t =    65.23s     Find the "Next step" Button
    t =    65.26s     Check for interrupting elements affecting "Next step" Button
    t =    65.30s     Synthesize event
    t =    65.62s     Wait for com.sleuthysloth.condisco to idle
    t =    65.62s Waiting 10.0s for StaticText (First Match) to exist
    t =    66.67s     Checking `Expect predicate `existsNoRetry == 1` for object StaticText (First Match)`
    t =    66.67s         Checking existence of `StaticText (First Match)`
    t =    66.71s Waiting 10.0s for TextView (First Match) to exist
    t =    67.74s     Checking `Expect predicate `existsNoRetry == 1` for object TextView (First Match)`
    t =    67.75s         Checking existence of `TextView (First Match)`
    t =    67.79s Tap TextView (First Match)
    t =    67.79s     Wait for com.sleuthysloth.condisco to idle
    t =    67.80s     Find the TextView (First Match)
    t =    67.83s     Check for interrupting elements affecting "Your answer" TextView
    t =    67.86s     Synthesize event
    t =    68.16s     Wait for com.sleuthysloth.condisco to idle
    t =    68.81s Type 'No idea yet' into "Your answer" TextView
    t =    68.81s     Wait for com.sleuthysloth.condisco to idle
    t =    68.81s     Find the "Your answer" TextView
    t =    68.92s     Check for interrupting elements affecting "Your answer" TextView
    t =    68.99s     Synthesize event
    t =    69.39s     Wait for com.sleuthysloth.condisco to idle
    t =    69.39s Waiting 10.0s for "Check" Button to exist
    t =    70.44s     Checking `Expect predicate `existsNoRetry == 1` for object "Check" Button`
    t =    70.44s         Checking existence of `"Check" Button`
    t =    71.57s Checking existence of `Keyboard (Descendants matching type Keyboard)`
    t =    71.63s Find the "Check" Button
    t =    71.68s Find the Keyboard (Descendants matching type Keyboard)
    t =    71.71s Tap "Check" Button
    t =    71.71s     Wait for com.sleuthysloth.condisco to idle
    t =    71.71s     Find the "Check" Button
    t =    71.76s     Check for interrupting elements affecting "Check" Button
    t =    71.80s     Synthesize event
    t =    72.09s     Wait for com.sleuthysloth.condisco to idle
    t =    72.09s Waiting 15.0s for "Continue with model answer" Button to exist
    t =    73.15s     Checking `Expect predicate `existsNoRetry == 1` for object "Continue with model answer" Button`
    t =    73.16s         Checking existence of `"Continue with model answer" Button`
    t =    73.21s Checking existence of `StaticText (First Match)`
    t =    73.24s Tap "Continue with model answer" Button
    t =    73.24s     Wait for com.sleuthysloth.condisco to idle
    t =    73.24s     Find the "Continue with model answer" Button
    t =    73.28s     Check for interrupting elements affecting "Continue with model answer" Button
    t =    73.31s     Synthesize event
    t =    73.60s     Wait for com.sleuthysloth.condisco to idle
    t =    73.84s Waiting 15.0s for "Back to lessons" Button to exist
    t =    74.87s     Checking `Expect predicate `existsNoRetry == 1` for object "Back to lessons" Button`
    t =    74.87s         Checking existence of `"Back to lessons" Button`
    t =    74.95s Tap "Back to lessons" Button
    t =    74.95s     Wait for com.sleuthysloth.condisco to idle
    t =    74.96s     Find the "Back to lessons" Button
    t =    74.99s     Check for interrupting elements affecting "Back to lessons" Button
    t =    75.03s     Synthesize event
    t =    75.04s         Scroll element to visible
    t =    75.07s         Find the "Back to lessons" Button
    t =    75.12s         Computed hit point {201, 806.99999999999966} after scrolling to visible
    t =    75.40s     Wait for com.sleuthysloth.condisco to idle
    t =    75.96s Waiting 15.0s for "Review" Button to exist
    t =    77.00s     Checking `Expect predicate `existsNoRetry == 1` for object "Review" Button`
    t =    77.00s         Checking existence of `"Review" Button`
    t =    77.05s Tap "Review" Button
    t =    77.05s     Wait for com.sleuthysloth.condisco to idle
    t =    77.05s     Find the "Review" Button
    t =    77.08s     Check for interrupting elements affecting "arrow.triangle.2.circlepath" Button
    t =    77.11s     Synthesize event
    t =    77.40s     Wait for com.sleuthysloth.condisco to idle
    t =    79.30s Waiting 15.0s for "Review" NavigationBar to exist
    t =    80.33s     Checking `Expect predicate `existsNoRetry == 1` for object "Review" NavigationBar`
    t =    80.33s         Checking existence of `"Review" NavigationBar`
    t =    80.39s Tear Down
Test Case '-[CondiscoUITests.FirstRunUITests testFreshFrenchLearnerCanFinishFirstMissionAfterAccentAndWrongAnswer]' passed (80.819 seconds).
Test Suite 'FirstRunUITests' passed at 2026-09-27 05:22:34.193.
	 Executed 1 test, with 0 failures (0 unexpected) in 80.819 (80.821) seconds
Test Suite 'CondiscoUITests.xctest' passed at 2026-09-27 05:22:34.195.
	 Executed 6 tests, with 0 failures (0 unexpected) in 234.781 (234.805) seconds
Test Suite 'All tests' passed at 2026-09-27 05:22:34.196.
	 Executed 6 tests, with 0 failures (0 unexpected) in 234.781 (234.807) seconds
2026-09-27 05:22:34.799 xcodebuild[35940:2284917] [MT] IDETestOperationsObserverDebug: 300.286 elapsed -- Testing started completed.
2026-09-27 05:22:34.799 xcodebuild[35940:2284917] [MT] IDETestOperationsObserverDebug: 0.000 sec, +0.000 sec -- start
2026-09-27 05:22:34.799 xcodebuild[35940:2284917] [MT] IDETestOperationsObserverDebug: 300.286 sec, +300.286 sec -- end

Test session results, code coverage, and logs:
	/var/folders/3w/91hphlzs0rv_1twbkfyhvn6m0000gn/T/condisco-preflight.bh4YjN/DerivedData/Logs/Test/Test-Condisco-2026.09.27_05-17-32--0700.xcresult

** TEST SUCCEEDED **

Testing started
PASS UI smoke (CondiscoUITests)

=======================================================
  PREFLIGHT PASSED — every required step is green.
=======================================================
