
== Step 1/5  Pack + media integrity  (tools/check_packs.sh) ==
PASS french: 50 lessons
PASS italian: 49 lessons
PASS german: 52 lessons
PASS portuguese: 52 lessons
PASS spanish: 52 lessons
PASS all five languages; 72 shared-feedback replies; invalid legacy policy rejected
== fr-foundations.json media ==
  device-speech (intentional)  fr-polite-coffee-audio  /audio/french-ordering/fr-ordering-politely-answer.wav
  device-speech (intentional)  fr-identity-foundation-model  /audio/french-foundations/fr-identity-foundation-model.wav
  device-speech (intentional)  fr-people-foundation-model  /audio/french-foundations/fr-people-foundation-model.wav
  device-speech (intentional)  fr-family-foundation-model  /audio/french-foundations/fr-family-foundation-model.wav
  device-speech (intentional)  fr-numbers-foundation-model  /audio/french-foundations/fr-numbers-foundation-model.wav
  summary: 5 declared, 0 on disk, 5 missing (5 allowlisted for device speech)
== it-foundations.json media ==
  device-speech (intentional)  it-polite-coffee-audio  /audio/italian/it-ordering-politely-answer.wav
  device-speech (intentional)  it-identity-foundation-model  /audio/italian-foundations/it-identity-foundation-model.wav
  device-speech (intentional)  it-people-foundation-model  /audio/italian-foundations/it-people-foundation-model.wav
  device-speech (intentional)  it-family-foundation-model  /audio/italian-foundations/it-family-foundation-model.wav
  device-speech (intentional)  it-numbers-foundation-model  /audio/italian-foundations/it-numbers-foundation-model.wav
  device-speech (intentional)  it-descriptions-foundation-model  /audio/italian-foundations/it-descriptions-foundation-model.wav
  device-speech (intentional)  it-plural-foundation-model  /audio/italian-foundations/it-plural-foundation-model.wav
  device-speech (intentional)  it-negation-foundation-model  /audio/italian-foundations/it-negation-foundation-model.wav
  device-speech (intentional)  it-food-foundation-model  /audio/italian-foundations/it-food-foundation-model.wav
  device-speech (intentional)  it-possession-foundation-model  /audio/italian-foundations/it-possession-foundation-model.wav
  device-speech (intentional)  it-requests-foundation-model  /audio/italian-foundations/it-requests-foundation-model.wav
  device-speech (intentional)  it-past-foundation-model  /audio/italian-foundations/it-past-foundation-model.wav
  device-speech (intentional)  it-plans-foundation-model  /audio/italian-foundations/it-plans-foundation-model.wav
  device-speech (intentional)  it-days-foundation-model  /audio/italian-foundations/it-days-foundation-model.wav
  device-speech (intentional)  it-market-foundation-model  /audio/italian-foundations/it-market-foundation-model.wav
  device-speech (intentional)  it-emergency-foundation-model  /audio/italian-foundations/it-emergency-foundation-model.wav
  ok  it-market-listen-audio  /audio/italian-foundations/it-market-foundation-listen.mp3
  summary: 17 declared, 1 on disk, 16 missing (16 allowlisted for device speech)
== de-foundations.json media ==
  summary: 0 declared, 0 on disk, 0 missing (0 allowlisted for device speech)
== pt-foundations.json media ==
  summary: 0 declared, 0 on disk, 0 missing (0 allowlisted for device speech)
== es-foundations.json media ==
  summary: 0 declared, 0 on disk, 0 missing (0 allowlisted for device speech)
== listen-tracks ==
  ok  french  fr-identity-foundation  /audio/french-foundations/fr-identity-listen.mp3
  ok  italian  it-market-foundation  /audio/italian-foundations/it-market-foundation-listen.mp3
  ok  german  de-introductions-foundation  /audio/german-foundations/de-introductions-foundation-listen.mp3
  ok  portuguese  pt-introductions-foundation  /audio/portuguese-foundations/pt-introductions-foundation-listen.mp3
  ok  spanish  es-introductions-foundation  /audio/spanish-foundations/es-introductions-foundation-listen.mp3
== MISSING ASSETS ==
  MISSING fr-foundations fr-polite-coffee-audio /audio/french-ordering/fr-ordering-politely-answer.wav — device-speech (intentional) — referenced by lesson fr-cafe-order-foundation step fr-cafe-order-foundation-step-fr-cafe-order-foundation-listen-model, lesson fr-cafe-order-foundation legacy dictation fr-cafe-order-foundation-listen-model
  MISSING fr-foundations fr-identity-foundation-model /audio/french-foundations/fr-identity-foundation-model.wav — device-speech (intentional) — referenced by lesson fr-identity-foundation step fr-identity-foundation-step-fr-identity-foundation-listen-model, lesson fr-identity-foundation legacy dictation fr-identity-foundation-listen-model
  MISSING fr-foundations fr-people-foundation-model /audio/french-foundations/fr-people-foundation-model.wav — device-speech (intentional) — referenced by lesson fr-people-foundation step fr-people-foundation-step-fr-people-foundation-listen-model, lesson fr-people-foundation legacy dictation fr-people-foundation-listen-model
  MISSING fr-foundations fr-family-foundation-model /audio/french-foundations/fr-family-foundation-model.wav — device-speech (intentional) — referenced by lesson fr-family-foundation step fr-family-foundation-step-fr-family-foundation-listen-model, lesson fr-family-foundation legacy dictation fr-family-foundation-listen-model
  MISSING fr-foundations fr-numbers-foundation-model /audio/french-foundations/fr-numbers-foundation-model.wav — device-speech (intentional) — referenced by lesson fr-numbers-foundation step fr-numbers-foundation-step-fr-numbers-foundation-listen-model, lesson fr-numbers-foundation legacy dictation fr-numbers-foundation-listen-model
  MISSING it-foundations it-polite-coffee-audio /audio/italian/it-ordering-politely-answer.wav — device-speech (intentional) — referenced by lesson it-requests-foundation step it-requests-foundation-step-it-requests-foundation-listen, lesson it-requests-foundation legacy dictation it-requests-foundation-listen, lesson it-cafe-order-foundation step it-cafe-order-foundation-step-say, lesson it-cafe-order-foundation step it-cafe-order-foundation-step-it-cafe-order-foundation-listen-model, lesson it-cafe-order-foundation legacy dictation it-cafe-order-foundation-listen-model
  MISSING it-foundations it-identity-foundation-model /audio/italian-foundations/it-identity-foundation-model.wav — device-speech (intentional) — referenced by lesson it-identity-foundation step it-identity-foundation-step-it-identity-foundation-listen-model, lesson it-identity-foundation legacy dictation it-identity-foundation-listen-model
  MISSING it-foundations it-people-foundation-model /audio/italian-foundations/it-people-foundation-model.wav — device-speech (intentional) — referenced by lesson it-people-foundation step it-people-foundation-step-say, lesson it-people-foundation step it-people-foundation-step-it-people-foundation-listen-model, lesson it-people-foundation legacy dictation it-people-foundation-listen-model
  MISSING it-foundations it-family-foundation-model /audio/italian-foundations/it-family-foundation-model.wav — device-speech (intentional) — referenced by lesson it-family-foundation step it-family-foundation-step-say, lesson it-family-foundation step it-family-foundation-step-it-family-foundation-listen-model, lesson it-family-foundation legacy dictation it-family-foundation-listen-model
  MISSING it-foundations it-numbers-foundation-model /audio/italian-foundations/it-numbers-foundation-model.wav — device-speech (intentional) — referenced by lesson it-numbers-foundation step it-numbers-foundation-step-rb9, lesson it-numbers-foundation step it-numbers-foundation-step-rb10, lesson it-numbers-foundation legacy dictation it-numbers-foundation-listen-model
  MISSING it-foundations it-descriptions-foundation-model /audio/italian-foundations/it-descriptions-foundation-model.wav — device-speech (intentional) — referenced by lesson it-descriptions-foundation step it-descriptions-foundation-step-rb8, lesson it-descriptions-foundation step it-descriptions-foundation-step-rb10, lesson it-descriptions-foundation legacy dictation it-descriptions-foundation-listen-model
  MISSING it-foundations it-plural-foundation-model /audio/italian-foundations/it-plural-foundation-model.wav — device-speech (intentional) — referenced by lesson it-plural-foundation step it-plural-foundation-step-rb9, lesson it-plural-foundation step it-plural-foundation-step-rb10, lesson it-plural-foundation legacy dictation it-plural-foundation-listen-model
  MISSING it-foundations it-negation-foundation-model /audio/italian-foundations/it-negation-foundation-model.wav — device-speech (intentional) — referenced by lesson it-negation-foundation step it-negation-foundation-step-rb10, lesson it-negation-foundation legacy dictation it-negation-foundation-listen-model
  MISSING it-foundations it-food-foundation-model /audio/italian-foundations/it-food-foundation-model.wav — device-speech (intentional) — referenced by lesson it-food-foundation step it-food-foundation-step-say, lesson it-food-foundation step it-food-foundation-step-it-food-foundation-listen-model, lesson it-food-foundation legacy dictation it-food-foundation-listen-model
  MISSING it-foundations it-possession-foundation-model /audio/italian-foundations/it-possession-foundation-model.wav — device-speech (intentional) — referenced by lesson it-possession-foundation step it-possession-foundation-step-rb9, lesson it-possession-foundation step it-possession-foundation-step-rb10, lesson it-possession-foundation legacy dictation it-possession-foundation-listen-model
  MISSING it-foundations it-requests-foundation-model /audio/italian-foundations/it-requests-foundation-model.wav — device-speech (intentional) — referenced by lesson it-requests-foundation step it-requests-foundation-step-say, lesson it-requests-foundation step it-requests-foundation-step-it-requests-foundation-listen-model, lesson it-requests-foundation legacy dictation it-requests-foundation-listen-model
  MISSING it-foundations it-past-foundation-model /audio/italian-foundations/it-past-foundation-model.wav — device-speech (intentional) — referenced by lesson it-past-foundation step it-past-foundation-step-rb7, lesson it-past-foundation legacy dictation it-past-foundation-listen-model
  MISSING it-foundations it-plans-foundation-model /audio/italian-foundations/it-plans-foundation-model.wav — device-speech (intentional) — referenced by lesson it-plans-foundation step it-plans-foundation-step-rb9, lesson it-plans-foundation legacy dictation it-plans-foundation-listen-model
  MISSING it-foundations it-days-foundation-model /audio/italian-foundations/it-days-foundation-model.wav — device-speech (intentional) — referenced by lesson it-days-foundation step it-days-foundation-step-rb9, lesson it-days-foundation step it-days-foundation-step-rb10, lesson it-days-foundation legacy dictation it-days-foundation-listen-model
  MISSING it-foundations it-market-foundation-model /audio/italian-foundations/it-market-foundation-model.wav — device-speech (intentional) — referenced by lesson it-market-foundation step it-market-foundation-step-say, lesson it-market-foundation step it-market-foundation-step-it-market-foundation-listen-model, lesson it-market-foundation legacy dictation it-market-foundation-listen-model
  MISSING it-foundations it-emergency-foundation-model /audio/italian-foundations/it-emergency-foundation-model.wav — device-speech (intentional) — referenced by lesson it-emergency-foundation step it-emergency-foundation-step-rb10, lesson it-emergency-foundation legacy dictation it-emergency-foundation-listen-model
PASS Content media inventory: every declared asset resolves with matching type/hash, or is allowlisted for device speech
== attribution citations ==
  ok  fr-foundations fr-polite-coffee-audio: cites docs/audio-provenance/index.md — exists
  ok  it-foundations it-polite-coffee-audio: cites docs/audio-provenance/index.md — exists
  ok  it-foundations it-market-listen-audio: cites docs/audio-provenance/italian-market-listen.json — exists
PASS attribution citations: every docs/… reference resolves to a file in the repo
== listen-tracks integrity ==
  ok duration french: declared 755.58s, actual 755.640s (delta 0.060s)
  ok sections french [#0 'Welcome']: startS 0.0s
  ok sections french [#1 'Two words']: startS 13.78s
  ok sections french [#2 'Think: Marc']: startS 31.53s
  ok sections french [#3 'Marie and Paul']: startS 52.68s
  ok sections french [#4 'One letter']: startS 64.6s
  ok sections french [#5 'Think: Marie']: startS 75.48s
  ok sections french [#6 'Transfer: Sophie']: startS 95.15s
  ok sections french [#7 'Bonjour and Salut']: startS 114.78s
  ok sections french [#8 'Think: New friend']: startS 145.58s
  ok sections french [#9 'Tu and Vous']: startS 169.88s
  ok sections french [#10 'Think: Addressing a shopkeeper']: startS 203.75s
  ok sections french [#11 'Numbers: one through five']: startS 231.4s
  ok sections french [#12 'Think: six through ten']: startS 267.55s
  ok sections french [#13 'J'ai']: startS 295.07s
  ok sections french [#14 'Think: Building with J'ai']: startS 326.0s
  ok sections french [#15 'Transfer: The greeting stack']: startS 355.22s
  ok sections french [#16 'Colors: rouge, bleu, vert']: startS 390.17s
  ok sections french [#17 'Think: Color agreement']: startS 425.87s
  ok sections french [#18 'Il est']: startS 461.45s
  ok sections french [#19 'Think: What time is it?']: startS 496.37s
  ok sections french [#20 'Colors and time together']: startS 523.77s
  ok sections french [#21 'Je vais']: startS 553.82s
  ok sections french [#22 'Think: Where are you going?']: startS 584.37s
  ok sections french [#23 'Full dialogue: The bakery']: startS 621.13s
  ok sections french [#24 'Dialogue: Polite requests']: startS 654.4s
  ok sections french [#25 'Dialogue: Numbers and payment']: startS 689.0s
  ok sections french [#26 'Closing: What you built']: startS 720.1s
  ok duration italian: declared 663.92s, actual 663.984s (delta 0.064s)
  ok sections italian [#0 'Part 1: Welcome']: startS 0.0s
  ok sections italian [#1 'Part 2: Numbers framing']: startS 19.48s
  ok sections italian [#2 'Part 3: Numbers teens']: startS 36.25s
  ok sections italian [#3 'Part 4: Think number']: startS 57.78s
  ok sections italian [#4 'Part 5: Un una']: startS 71.9s
  ok sections italian [#5 'Part 6: Etto']: startS 90.95s
  ok sections italian [#6 'Part 7: Costa think']: startS 107.08s
  ok sections italian [#7 'Part 8: Costano think']: startS 125.7s
  ok sections italian [#8 'Part 9: Prices']: startS 141.75s
  ok sections italian [#9 'Part 10: Vorrei']: startS 158.25s
  ok sections italian [#10 'Part 11: Courtesy']: startS 174.03s
  ok sections italian [#11 'Part 12: Dialogue setup']: startS 186.8s
  ok sections italian [#12 'Part 13: Transfer — market to restaurant']: startS 209.77s
  ok sections italian [#13 'Part 14: At the table — ordering']: startS 243.35s
  ok sections italian [#14 'Part 15: Menu blocks']: startS 270.1s
  ok sections italian [#15 'Part 16: Think — order the pasta']: startS 294.55s
  ok sections italian [#16 'Part 17: Think — order wine and water']: startS 316.43s
  ok sections italian [#17 'Part 18: Asking for the bill']: startS 338.33s
  ok sections italian [#18 'Part 19: Think — the bill']: startS 360.65s
  ok sections italian [#19 'Part 20: Family — my father, my mother']: startS 383.4s
  ok sections italian [#20 'Part 21: Family — brother, sister, parents']: startS 407.7s
  ok sections italian [#21 'Part 22: Transfer — family meets the table']: startS 430.25s
  ok sections italian [#22 'Part 23: Think — introducing family']: startS 457.5s
  ok sections italian [#23 'Part 24: Telling time — the question']: startS 478.55s
  ok sections italian [#24 'Part 25: One o'clock']: startS 499.58s
  ok sections italian [#25 'Part 26: Two, three, eight o'clock']: startS 522.18s
  ok sections italian [#26 'Part 27: Think — building a time']: startS 543.58s
  ok sections italian [#27 'Part 28: Transfer — time plus reservation']: startS 563.68s
  ok sections italian [#28 'Part 29: Full restaurant dialogue']: startS 595.38s
  ok sections italian [#29 'Part 30: Closing']: startS 634.15s
  ok duration german: declared 772.92s, actual 772.968s (delta 0.048s)
  ok sections german [#0 'Start with a greeting']: startS 0.0s
  ok sections german [#1 'Retrieve the greeting']: startS 18.14s
  ok sections german [#2 'Introduce your name']: startS 41.33s
  ok sections german [#3 'Recall the introduction']: startS 59.03s
  ok sections german [#4 'Meet a second speaker']: startS 83.23s
  ok sections german [#5 'Change the speaker']: startS 101.32s
  ok sections german [#6 'Return to the first name']: startS 125.3s
  ok sections german [#7 'Another way to identify yourself']: startS 149.65s
  ok sections german [#8 'Choose the shorter meaning']: startS 168.24s
  ok sections german [#9 'Transfer the new block']: startS 191.81s
  ok sections german [#10 'Put a greeting before your name']: startS 215.27s
  ok sections german [#11 'Introduce yourself on arrival']: startS 233.81s
  ok sections german [#12 'Ask for coffee']: startS 259.16s
  ok sections german [#13 'Retrieve the drink request']: startS 277.05s
  ok sections german [#14 'Add politeness']: startS 300.42s
  ok sections german [#15 'Hear the complete request']: startS 315.81s
  ok sections german [#16 'Order politely']: startS 332.9s
  ok sections german [#17 'Choose a different drink']: startS 357.67s
  ok sections german [#18 'Transfer politeness to tea']: startS 375.63s
  ok sections german [#19 'Switch back to coffee']: startS 399.76s
  ok sections german [#20 'Thank the person']: startS 424.73s
  ok sections german [#21 'Retrieve a thank you']: startS 439.54s
  ok sections german [#22 'Hear a complete counter exchange']: startS 466.43s
  ok sections german [#23 'Make your first visit']: startS 485.06s
  ok sections german [#24 'Change the order to tea']: startS 511.0s
  ok sections german [#25 'Return to introductions']: startS 535.73s
  ok sections german [#26 'Choose your identity pattern']: startS 561.6s
  ok sections german [#27 'A final independent request']: startS 585.77s
  ok sections german [#28 'Numbers: one through five']: startS 613.35s
  ok sections german [#29 'Think: Counting items']: startS 646.91s
  ok sections german [#30 'Telling time']: startS 669.71s
  ok sections german [#31 'Think: Your schedule']: startS 696.12s
  ok sections german [#32 'Transfer: Restaurant arrival']: startS 715.18s
  ok sections german [#33 'Full dialogue: The restaurant']: startS 745.11s
  ok duration portuguese: declared 785.17s, actual 785.232s (delta 0.062s)
  ok sections portuguese [#0 'Start with a greeting']: startS 0.0s
  ok sections portuguese [#1 'Retrieve the greeting']: startS 18.38s
  ok sections portuguese [#2 'Introduce your name']: startS 41.8s
  ok sections portuguese [#3 'Recall the introduction']: startS 60.6s
  ok sections portuguese [#4 'Meet a second speaker']: startS 85.42s
  ok sections portuguese [#5 'Change the speaker']: startS 104.22s
  ok sections portuguese [#6 'Return to the first name']: startS 128.93s
  ok sections portuguese [#7 'Another way to identify yourself']: startS 153.9s
  ok sections portuguese [#8 'Choose the shorter meaning']: startS 173.07s
  ok sections portuguese [#9 'Transfer the new block']: startS 197.05s
  ok sections portuguese [#10 'Put a greeting before your name']: startS 221.02s
  ok sections portuguese [#11 'Introduce yourself on arrival']: startS 239.75s
  ok sections portuguese [#12 'Ask for coffee']: startS 265.27s
  ok sections portuguese [#13 'Retrieve the drink request']: startS 283.4s
  ok sections portuguese [#14 'Add politeness']: startS 307.1s
  ok sections portuguese [#15 'Hear the complete request']: startS 323.05s
  ok sections portuguese [#16 'Order politely']: startS 341.07s
  ok sections portuguese [#17 'Choose a different drink']: startS 366.77s
  ok sections portuguese [#18 'Transfer politeness to tea']: startS 384.92s
  ok sections portuguese [#19 'Switch back to coffee']: startS 410.2s
  ok sections portuguese [#20 'Thank the person']: startS 436.1s
  ok sections portuguese [#21 'Hear the other speaker form']: startS 454.02s
  ok sections portuguese [#22 'Hear a complete counter exchange']: startS 474.35s
  ok sections portuguese [#23 'Make your first visit']: startS 493.45s
  ok sections portuguese [#24 'Change the order to tea']: startS 519.85s
  ok sections portuguese [#25 'Return to introductions']: startS 544.92s
  ok sections portuguese [#26 'Choose your identity pattern']: startS 570.98s
  ok sections portuguese [#27 'A final independent request']: startS 595.55s
  ok sections portuguese [#28 'Numbers: one through five']: startS 624.28s
  ok sections portuguese [#29 'Think: Counting items']: startS 657.5s
  ok sections portuguese [#30 'Telling time']: startS 681.0s
  ok sections portuguese [#31 'Think: Your schedule']: startS 708.03s
  ok sections portuguese [#32 'Transfer: Shopping arrival']: startS 727.58s
  ok sections portuguese [#33 'Full dialogue: The café']: startS 757.43s
  ok duration spanish: declared 795.60s, actual 795.648s (delta 0.048s)
  ok sections spanish [#0 'Start with a greeting']: startS 0.0s
  ok sections spanish [#1 'Retrieve the greeting']: startS 18.27s
  ok sections spanish [#2 'Introduce your name']: startS 41.6s
  ok sections spanish [#3 'Recall the introduction']: startS 60.77s
  ok sections spanish [#4 'Meet a second speaker']: startS 85.33s
  ok sections spanish [#5 'Change the speaker']: startS 103.9s
  ok sections spanish [#6 'Return to the first name']: startS 128.38s
  ok sections spanish [#7 'Another way to identify yourself']: startS 153.07s
  ok sections spanish [#8 'Choose the shorter meaning']: startS 170.02s
  ok sections spanish [#9 'Transfer the new block']: startS 193.62s
  ok sections spanish [#10 'Put a greeting before your name']: startS 217.2s
  ok sections spanish [#11 'Introduce yourself on arrival']: startS 235.75s
  ok sections spanish [#12 'Ask for coffee']: startS 261.1s
  ok sections spanish [#13 'Retrieve the drink request']: startS 278.27s
  ok sections spanish [#14 'Add politeness']: startS 301.82s
  ok sections spanish [#15 'Hear the complete request']: startS 317.72s
  ok sections spanish [#16 'Order politely']: startS 335.25s
  ok sections spanish [#17 'Choose a different drink']: startS 360.45s
  ok sections spanish [#18 'Transfer politeness to tea']: startS 378.4s
  ok sections spanish [#19 'Switch back to coffee']: startS 403.17s
  ok sections spanish [#20 'Thank the person']: startS 428.57s
  ok sections spanish [#21 'Retrieve a thank you']: startS 443.87s
  ok sections spanish [#22 'Hear a complete counter exchange']: startS 471.25s
  ok sections spanish [#23 'Make your first visit']: startS 489.75s
  ok sections spanish [#24 'Change the order to tea']: startS 515.55s
  ok sections spanish [#25 'Return to introductions']: startS 540.05s
  ok sections spanish [#26 'Choose your identity pattern']: startS 565.92s
  ok sections spanish [#27 'A final independent request']: startS 590.12s
  ok sections spanish [#28 'Numbers: one through five']: startS 618.35s
  ok sections spanish [#29 'Think: How many?']: startS 653.48s
  ok sections spanish [#30 'Telling time']: startS 684.4s
  ok sections spanish [#31 'Think: Your schedule']: startS 713.98s
  ok sections spanish [#32 'Transfer: Restaurant arrival']: startS 735.73s
  ok sections spanish [#33 'Full dialogue: The restaurant']: startS 765.63s
== device-speech allowlist text audit ==
  PASS fr-family-foundation-model: lesson fr-family-foundation step fr-family-foundation-step-fr-family-foundation-listen-model — visible prompt/transcript
  PASS fr-family-foundation-model: lesson fr-family-foundation legacy dictation fr-family-foundation-listen-model — visible prompt/transcript
  PASS fr-identity-foundation-model: lesson fr-identity-foundation step fr-identity-foundation-step-fr-identity-foundation-listen-model — visible prompt/transcript
  PASS fr-identity-foundation-model: lesson fr-identity-foundation legacy dictation fr-identity-foundation-listen-model — visible prompt/transcript
  PASS fr-numbers-foundation-model: lesson fr-numbers-foundation step fr-numbers-foundation-step-fr-numbers-foundation-listen-model — visible prompt/transcript
  PASS fr-numbers-foundation-model: lesson fr-numbers-foundation legacy dictation fr-numbers-foundation-listen-model — visible prompt/transcript
  PASS fr-people-foundation-model: lesson fr-people-foundation step fr-people-foundation-step-fr-people-foundation-listen-model — visible prompt/transcript
  PASS fr-people-foundation-model: lesson fr-people-foundation legacy dictation fr-people-foundation-listen-model — visible prompt/transcript
  PASS fr-polite-coffee-audio: lesson fr-cafe-order-foundation step fr-cafe-order-foundation-step-fr-cafe-order-foundation-listen-model — visible prompt/transcript
  PASS fr-polite-coffee-audio: lesson fr-cafe-order-foundation legacy dictation fr-cafe-order-foundation-listen-model — visible prompt/transcript
  PASS it-days-foundation-model: lesson it-days-foundation step it-days-foundation-step-rb9 — visible prompt/transcript
  PASS it-days-foundation-model: lesson it-days-foundation step it-days-foundation-step-rb10 — visible prompt/transcript
  PASS it-days-foundation-model: lesson it-days-foundation legacy dictation it-days-foundation-listen-model — visible prompt/transcript
  PASS it-descriptions-foundation-model: lesson it-descriptions-foundation step it-descriptions-foundation-step-rb8 — visible prompt/transcript
  PASS it-descriptions-foundation-model: lesson it-descriptions-foundation step it-descriptions-foundation-step-rb10 — visible prompt/transcript
  PASS it-descriptions-foundation-model: lesson it-descriptions-foundation legacy dictation it-descriptions-foundation-listen-model — visible prompt/transcript
  PASS it-emergency-foundation-model: lesson it-emergency-foundation step it-emergency-foundation-step-rb10 — visible prompt/transcript
  PASS it-emergency-foundation-model: lesson it-emergency-foundation legacy dictation it-emergency-foundation-listen-model — visible prompt/transcript
  PASS it-family-foundation-model: lesson it-family-foundation step it-family-foundation-step-say — visible prompt/transcript
  PASS it-family-foundation-model: lesson it-family-foundation step it-family-foundation-step-it-family-foundation-listen-model — visible prompt/transcript
  PASS it-family-foundation-model: lesson it-family-foundation legacy dictation it-family-foundation-listen-model — visible prompt/transcript
  PASS it-food-foundation-model: lesson it-food-foundation step it-food-foundation-step-say — visible prompt/transcript
  PASS it-food-foundation-model: lesson it-food-foundation step it-food-foundation-step-it-food-foundation-listen-model — visible prompt/transcript
  PASS it-food-foundation-model: lesson it-food-foundation legacy dictation it-food-foundation-listen-model — visible prompt/transcript
  PASS it-identity-foundation-model: lesson it-identity-foundation step it-identity-foundation-step-it-identity-foundation-listen-model — visible prompt/transcript
  PASS it-identity-foundation-model: lesson it-identity-foundation legacy dictation it-identity-foundation-listen-model — visible prompt/transcript
  PASS it-market-foundation-model: lesson it-market-foundation step it-market-foundation-step-say — visible prompt/transcript
  PASS it-market-foundation-model: lesson it-market-foundation step it-market-foundation-step-it-market-foundation-listen-model — visible prompt/transcript
  PASS it-market-foundation-model: lesson it-market-foundation legacy dictation it-market-foundation-listen-model — visible prompt/transcript
  PASS it-negation-foundation-model: lesson it-negation-foundation step it-negation-foundation-step-rb10 — visible prompt/transcript
  PASS it-negation-foundation-model: lesson it-negation-foundation legacy dictation it-negation-foundation-listen-model — visible prompt/transcript
  PASS it-numbers-foundation-model: lesson it-numbers-foundation step it-numbers-foundation-step-rb9 — visible prompt/transcript
  PASS it-numbers-foundation-model: lesson it-numbers-foundation step it-numbers-foundation-step-rb10 — visible prompt/transcript
  PASS it-numbers-foundation-model: lesson it-numbers-foundation legacy dictation it-numbers-foundation-listen-model — visible prompt/transcript
  PASS it-past-foundation-model: lesson it-past-foundation step it-past-foundation-step-rb7 — visible prompt/transcript
  PASS it-past-foundation-model: lesson it-past-foundation legacy dictation it-past-foundation-listen-model — visible prompt/transcript
  PASS it-people-foundation-model: lesson it-people-foundation step it-people-foundation-step-say — visible prompt/transcript
  PASS it-people-foundation-model: lesson it-people-foundation step it-people-foundation-step-it-people-foundation-listen-model — visible prompt/transcript
  PASS it-people-foundation-model: lesson it-people-foundation legacy dictation it-people-foundation-listen-model — visible prompt/transcript
  PASS it-plans-foundation-model: lesson it-plans-foundation step it-plans-foundation-step-rb9 — visible prompt/transcript
  PASS it-plans-foundation-model: lesson it-plans-foundation legacy dictation it-plans-foundation-listen-model — visible prompt/transcript
  PASS it-plural-foundation-model: lesson it-plural-foundation step it-plural-foundation-step-rb9 — visible prompt/transcript
  PASS it-plural-foundation-model: lesson it-plural-foundation step it-plural-foundation-step-rb10 — visible prompt/transcript
  PASS it-plural-foundation-model: lesson it-plural-foundation legacy dictation it-plural-foundation-listen-model — visible prompt/transcript
  PASS it-polite-coffee-audio: lesson it-requests-foundation step it-requests-foundation-step-it-requests-foundation-listen — visible prompt/transcript
  PASS it-polite-coffee-audio: lesson it-requests-foundation legacy dictation it-requests-foundation-listen — visible prompt/transcript
  PASS it-polite-coffee-audio: lesson it-cafe-order-foundation step it-cafe-order-foundation-step-say — visible prompt/transcript
  PASS it-polite-coffee-audio: lesson it-cafe-order-foundation step it-cafe-order-foundation-step-it-cafe-order-foundation-listen-model — visible prompt/transcript
  PASS it-polite-coffee-audio: lesson it-cafe-order-foundation legacy dictation it-cafe-order-foundation-listen-model — visible prompt/transcript
  PASS it-possession-foundation-model: lesson it-possession-foundation step it-possession-foundation-step-rb9 — visible prompt/transcript
  PASS it-possession-foundation-model: lesson it-possession-foundation step it-possession-foundation-step-rb10 — visible prompt/transcript
  PASS it-possession-foundation-model: lesson it-possession-foundation legacy dictation it-possession-foundation-listen-model — visible prompt/transcript
  PASS it-requests-foundation-model: lesson it-requests-foundation step it-requests-foundation-step-say — visible prompt/transcript
  PASS it-requests-foundation-model: lesson it-requests-foundation step it-requests-foundation-step-it-requests-foundation-listen-model — visible prompt/transcript
  PASS it-requests-foundation-model: lesson it-requests-foundation legacy dictation it-requests-foundation-listen-model — visible prompt/transcript
PASS listen tracks: declared durations match the audio; sections are ordered and in range; every device-speech step has visible text
PASS pack + media integrity (check_packs.sh)

== Step 2/5  Editorial backlog report  (tools/audit_editorial.sh — report only, not a gate) ==
SUMMARY fr-foundations (french): total 181 — error-feedback gap 37 surfaces, hint-gap 80/349 steps, ungraded 64 information + 0 self-compare, mission/story final-response gap 0/15
SUMMARY it-foundations (italian): total 196 — error-feedback gap 40 surfaces, hint-gap 84/362 steps, ungraded 60 information + 12 self-compare, mission/story final-response gap 0/13
SUMMARY de-foundations (german): total 213 — error-feedback gap 50 surfaces, hint-gap 95/337 steps, ungraded 68 information + 0 self-compare, mission/story final-response gap 0/16
SUMMARY pt-foundations (portuguese): total 200 — error-feedback gap 47 surfaces, hint-gap 93/344 steps, ungraded 60 information + 0 self-compare, mission/story final-response gap 0/16
SUMMARY es-foundations (spanish): total 210 — error-feedback gap 44 surfaces, hint-gap 98/355 steps, ungraded 68 information + 0 self-compare, mission/story final-response gap 0/16
== OPEN-ENDED GRADING CHECK ==
EXIT-GATE (open-ended free production falsely auto-graded): PASS (0) — free-phrase 0, interrogative 0; informational: comprehension 102
SUMMARY all five packs audited; exit 0 means packs loaded — treat counts as a backlog, not a pass/fail
PASS editorial audit ran — backlog counts above are informational, not a gate

== Step 3/5  Generated lesson catalog is a faithful snapshot  (tools/gen_lesson_catalog.py) ==
PASS LessonCatalog.generated.swift regenerates byte-identically from the packs

== Step 4/5  Unit tests  (CondiscoTests) ==
Command line invocation:
    /Applications/Xcode.app/Contents/Developer/usr/bin/xcodebuild test -project Condisco.xcodeproj -scheme Condisco -destination "platform=iOS Simulator,name=iPhone 18 Pro" "-only-testing:CondiscoTests" -derivedDataPath /var/folders/3w/91hphlzs0rv_1twbkfyhvn6m0000gn/T//condisco-preflight.7uyGq6/DerivedData ONLY_ACTIVE_ARCH=YES

Build settings from command line:
    ONLY_ACTIVE_ARCH = YES

ComputePackagePrebuildTargetDependencyGraph

Prepare packages

CreateBuildRequest

SendProjectDescription

CreateBuildOperation

ComputeTargetDependencyGraph
note: Building targets in dependency order
note: Target dependency graph (4 targets)
    Target 'CondiscoUITests' in project 'Condisco'
        ➜ Explicit dependency on target 'Condisco' in project 'Condisco'
    Target 'CondiscoTests' in project 'Condisco'
        ➜ Explicit dependency on target 'Condisco' in project 'Condisco'
    Target 'Condisco' in project 'Condisco'
        ➜ Explicit dependency on target 'CondiscoWidget' in project 'Condisco'
    Target 'CondiscoWidget' in project 'Condisco' (no dependencies)

GatherProvisioningInputs

CreateBuildDescription

ExecuteExternalTool /Applications/Xcode.app/Contents/Developer/Toolchains/XcodeDefault.xctoolchain/usr/bin/swiftc --version

ExecuteExternalTool /Applications/Xcode.app/Contents/Developer/usr/bin/actool --print-asset-tag-combinations --output-format xml1 /Users/spkoehl/Projects/VerbaLibera/Condisco/Assets.xcassets

ExecuteExternalTool /Applications/Xcode.app/Contents/Developer/Toolchains/XcodeDefault.xctoolchain/usr/bin/clang -v -E -dM -isysroot /Applications/Xcode.app/Contents/Developer/Platforms/iPhoneSimulator.platform/Developer/SDKs/iPhoneSimulator27.0.sdk -x c -c /dev/null

ExecuteExternalTool /Applications/Xcode.app/Contents/Developer/usr/bin/actool --version --output-format xml1

ExecuteExternalTool /Applications/Xcode.app/Contents/Developer/Toolchains/XcodeDefault.xctoolchain/usr/bin/ld -version_details

Build description signature: d4105093da68cd2fffa1623459a23870
Build description path: /var/folders/3w/91hphlzs0rv_1twbkfyhvn6m0000gn/T/condisco-preflight.7uyGq6/DerivedData/Build/Intermediates.noindex/XCBuildData/d4105093da68cd2fffa1623459a23870.xcbuilddata
CreateBuildDirectory /var/folders/3w/91hphlzs0rv_1twbkfyhvn6m0000gn/T/condisco-preflight.7uyGq6/DerivedData/SDKExplicitPrecompiledModules
    cd /Users/spkoehl/Projects/VerbaLibera/Condisco.xcodeproj
    builtin-create-build-directory /var/folders/3w/91hphlzs0rv_1twbkfyhvn6m0000gn/T/condisco-preflight.7uyGq6/DerivedData/SDKExplicitPrecompiledModules

CreateBuildDirectory /var/folders/3w/91hphlzs0rv_1twbkfyhvn6m0000gn/T/condisco-preflight.7uyGq6/DerivedData/ModuleCache.noindex
    cd /Users/spkoehl/Projects/VerbaLibera/Condisco.xcodeproj
    builtin-create-build-directory /var/folders/3w/91hphlzs0rv_1twbkfyhvn6m0000gn/T/condisco-preflight.7uyGq6/DerivedData/ModuleCache.noindex

CreateBuildDirectory /var/folders/3w/91hphlzs0rv_1twbkfyhvn6m0000gn/T/condisco-preflight.7uyGq6/DerivedData/CompilationCache.noindex
    cd /Users/spkoehl/Projects/VerbaLibera/Condisco.xcodeproj
    builtin-create-build-directory /var/folders/3w/91hphlzs0rv_1twbkfyhvn6m0000gn/T/condisco-preflight.7uyGq6/DerivedData/CompilationCache.noindex

CreateBuildDirectory /var/folders/3w/91hphlzs0rv_1twbkfyhvn6m0000gn/T/condisco-preflight.7uyGq6/DerivedData/Build/Products
    cd /Users/spkoehl/Projects/VerbaLibera/Condisco.xcodeproj
    builtin-create-build-directory /var/folders/3w/91hphlzs0rv_1twbkfyhvn6m0000gn/T/condisco-preflight.7uyGq6/DerivedData/Build/Products

CreateBuildDirectory /var/folders/3w/91hphlzs0rv_1twbkfyhvn6m0000gn/T/condisco-preflight.7uyGq6/DerivedData/Build/Intermediates.noindex
    cd /Users/spkoehl/Projects/VerbaLibera/Condisco.xcodeproj
    builtin-create-build-directory /var/folders/3w/91hphlzs0rv_1twbkfyhvn6m0000gn/T/condisco-preflight.7uyGq6/DerivedData/Build/Intermediates.noindex

ClangStatCache /Applications/Xcode.app/Contents/Developer/Toolchains/XcodeDefault.xctoolchain/usr/bin/clang-stat-cache /Applications/Xcode.app/Contents/Developer/Platforms/iPhoneSimulator.platform/Developer/SDKs/iPhoneSimulator27.0.sdk /var/folders/3w/91hphlzs0rv_1twbkfyhvn6m0000gn/T/condisco-preflight.7uyGq6/DerivedData/SDKStatCaches.noindex/iphonesimulator27.0-24A430-8dc58220667be655e1bcc261a7455254.sdkstatcache
    cd /Users/spkoehl/Projects/VerbaLibera/Condisco.xcodeproj
    /Applications/Xcode.app/Contents/Developer/Toolchains/XcodeDefault.xctoolchain/usr/bin/clang-stat-cache /Applications/Xcode.app/Contents/Developer/Platforms/iPhoneSimulator.platform/Developer/SDKs/iPhoneSimulator27.0.sdk -o /var/folders/3w/91hphlzs0rv_1twbkfyhvn6m0000gn/T/condisco-preflight.7uyGq6/DerivedData/SDKStatCaches.noindex/iphonesimulator27.0-24A430-8dc58220667be655e1bcc261a7455254.sdkstatcache

CreateBuildDirectory /var/folders/3w/91hphlzs0rv_1twbkfyhvn6m0000gn/T/condisco-preflight.7uyGq6/DerivedData/Build/Products/Debug-iphonesimulator
    cd /Users/spkoehl/Projects/VerbaLibera/Condisco.xcodeproj
    builtin-create-build-directory /var/folders/3w/91hphlzs0rv_1twbkfyhvn6m0000gn/T/condisco-preflight.7uyGq6/DerivedData/Build/Products/Debug-iphonesimulator

CreateBuildDirectory /var/folders/3w/91hphlzs0rv_1twbkfyhvn6m0000gn/T/condisco-preflight.7uyGq6/DerivedData/Build/Intermediates.noindex/SwiftExplicitPrecompiledModules
    cd /Users/spkoehl/Projects/VerbaLibera/Condisco.xcodeproj
    builtin-create-build-directory /var/folders/3w/91hphlzs0rv_1twbkfyhvn6m0000gn/T/condisco-preflight.7uyGq6/DerivedData/Build/Intermediates.noindex/SwiftExplicitPrecompiledModules

CreateBuildDirectory /var/folders/3w/91hphlzs0rv_1twbkfyhvn6m0000gn/T/condisco-preflight.7uyGq6/DerivedData/Build/Intermediates.noindex/ExplicitPrecompiledModules
    cd /Users/spkoehl/Projects/VerbaLibera/Condisco.xcodeproj
    builtin-create-build-directory /var/folders/3w/91hphlzs0rv_1twbkfyhvn6m0000gn/T/condisco-preflight.7uyGq6/DerivedData/Build/Intermediates.noindex/ExplicitPrecompiledModules

CreateBuildDirectory /var/folders/3w/91hphlzs0rv_1twbkfyhvn6m0000gn/T/condisco-preflight.7uyGq6/DerivedData/Build/Intermediates.noindex/PrecompiledHeaders
    cd /Users/spkoehl/Projects/VerbaLibera/Condisco.xcodeproj
    builtin-create-build-directory /var/folders/3w/91hphlzs0rv_1twbkfyhvn6m0000gn/T/condisco-preflight.7uyGq6/DerivedData/Build/Intermediates.noindex/PrecompiledHeaders

WriteAuxiliaryFile /var/folders/3w/91hphlzs0rv_1twbkfyhvn6m0000gn/T/condisco-preflight.7uyGq6/DerivedData/Build/Intermediates.noindex/Condisco.build/Debug-iphonesimulator/Condisco-a06d22f186627733d537732b5233bd82-VFS-iphonesimulator/all-product-headers.yaml
    cd /Users/spkoehl/Projects/VerbaLibera/Condisco.xcodeproj
    write-file /var/folders/3w/91hphlzs0rv_1twbkfyhvn6m0000gn/T/condisco-preflight.7uyGq6/DerivedData/Build/Intermediates.noindex/Condisco.build/Debug-iphonesimulator/Condisco-a06d22f186627733d537732b5233bd82-VFS-iphonesimulator/all-product-headers.yaml

CreateBuildDirectory /var/folders/3w/91hphlzs0rv_1twbkfyhvn6m0000gn/T/condisco-preflight.7uyGq6/DerivedData/Build/Intermediates.noindex/EagerLinkingTBDs/Debug-iphonesimulator
    cd /Users/spkoehl/Projects/VerbaLibera/Condisco.xcodeproj
    builtin-create-build-directory /var/folders/3w/91hphlzs0rv_1twbkfyhvn6m0000gn/T/condisco-preflight.7uyGq6/DerivedData/Build/Intermediates.noindex/EagerLinkingTBDs/Debug-iphonesimulator

WriteAuxiliaryFile /var/folders/3w/91hphlzs0rv_1twbkfyhvn6m0000gn/T/condisco-preflight.7uyGq6/DerivedData/Build/Intermediates.noindex/Condisco.build/Debug-iphonesimulator/CondiscoWidget.build/Objects-normal/arm64/CondiscoWidget.SwiftFileList (in target 'CondiscoWidget' from project 'Condisco')
    cd /Users/spkoehl/Projects/VerbaLibera
    write-file /var/folders/3w/91hphlzs0rv_1twbkfyhvn6m0000gn/T/condisco-preflight.7uyGq6/DerivedData/Build/Intermediates.noindex/Condisco.build/Debug-iphonesimulator/CondiscoWidget.build/Objects-normal/arm64/CondiscoWidget.SwiftFileList

WriteAuxiliaryFile /var/folders/3w/91hphlzs0rv_1twbkfyhvn6m0000gn/T/condisco-preflight.7uyGq6/DerivedData/Build/Intermediates.noindex/Condisco.build/Debug-iphonesimulator/CondiscoWidget.build/Objects-normal/arm64/CondiscoWidget_const_extract_protocols.json (in target 'CondiscoWidget' from project 'Condisco')
    cd /Users/spkoehl/Projects/VerbaLibera
    write-file /var/folders/3w/91hphlzs0rv_1twbkfyhvn6m0000gn/T/condisco-preflight.7uyGq6/DerivedData/Build/Intermediates.noindex/Condisco.build/Debug-iphonesimulator/CondiscoWidget.build/Objects-normal/arm64/CondiscoWidget_const_extract_protocols.json

WriteAuxiliaryFile /var/folders/3w/91hphlzs0rv_1twbkfyhvn6m0000gn/T/condisco-preflight.7uyGq6/DerivedData/Build/Intermediates.noindex/Condisco.build/Debug-iphonesimulator/CondiscoWidget.build/Objects-normal/arm64/CondiscoWidget.SwiftConstValuesFileList (in target 'CondiscoWidget' from project 'Condisco')
    cd /Users/spkoehl/Projects/VerbaLibera
    write-file /var/folders/3w/91hphlzs0rv_1twbkfyhvn6m0000gn/T/condisco-preflight.7uyGq6/DerivedData/Build/Intermediates.noindex/Condisco.build/Debug-iphonesimulator/CondiscoWidget.build/Objects-normal/arm64/CondiscoWidget.SwiftConstValuesFileList

WriteAuxiliaryFile /var/folders/3w/91hphlzs0rv_1twbkfyhvn6m0000gn/T/condisco-preflight.7uyGq6/DerivedData/Build/Intermediates.noindex/Condisco.build/Debug-iphonesimulator/CondiscoWidget.build/Objects-normal/arm64/CondiscoWidget.LinkFileList (in target 'CondiscoWidget' from project 'Condisco')
    cd /Users/spkoehl/Projects/VerbaLibera
    write-file /var/folders/3w/91hphlzs0rv_1twbkfyhvn6m0000gn/T/condisco-preflight.7uyGq6/DerivedData/Build/Intermediates.noindex/Condisco.build/Debug-iphonesimulator/CondiscoWidget.build/Objects-normal/arm64/CondiscoWidget.LinkFileList

WriteAuxiliaryFile /var/folders/3w/91hphlzs0rv_1twbkfyhvn6m0000gn/T/condisco-preflight.7uyGq6/DerivedData/Build/Intermediates.noindex/Condisco.build/Debug-iphonesimulator/CondiscoWidget.build/Objects-normal/arm64/CondiscoWidget-OutputFileMap.json (in target 'CondiscoWidget' from project 'Condisco')
    cd /Users/spkoehl/Projects/VerbaLibera
    write-file /var/folders/3w/91hphlzs0rv_1twbkfyhvn6m0000gn/T/condisco-preflight.7uyGq6/DerivedData/Build/Intermediates.noindex/Condisco.build/Debug-iphonesimulator/CondiscoWidget.build/Objects-normal/arm64/CondiscoWidget-OutputFileMap.json

WriteAuxiliaryFile /var/folders/3w/91hphlzs0rv_1twbkfyhvn6m0000gn/T/condisco-preflight.7uyGq6/DerivedData/Build/Intermediates.noindex/Condisco.build/Debug-iphonesimulator/CondiscoWidget.build/DerivedSources/Entitlements-Simulated.plist (in target 'CondiscoWidget' from project 'Condisco')
    cd /Users/spkoehl/Projects/VerbaLibera
    write-file /var/folders/3w/91hphlzs0rv_1twbkfyhvn6m0000gn/T/condisco-preflight.7uyGq6/DerivedData/Build/Intermediates.noindex/Condisco.build/Debug-iphonesimulator/CondiscoWidget.build/DerivedSources/Entitlements-Simulated.plist

WriteAuxiliaryFile /var/folders/3w/91hphlzs0rv_1twbkfyhvn6m0000gn/T/condisco-preflight.7uyGq6/DerivedData/Build/Intermediates.noindex/Condisco.build/Debug-iphonesimulator/CondiscoWidget.build/CondiscoWidget.hmap (in target 'CondiscoWidget' from project 'Condisco')
    cd /Users/spkoehl/Projects/VerbaLibera
    write-file /var/folders/3w/91hphlzs0rv_1twbkfyhvn6m0000gn/T/condisco-preflight.7uyGq6/DerivedData/Build/Intermediates.noindex/Condisco.build/Debug-iphonesimulator/CondiscoWidget.build/CondiscoWidget.hmap

WriteAuxiliaryFile /var/folders/3w/91hphlzs0rv_1twbkfyhvn6m0000gn/T/condisco-preflight.7uyGq6/DerivedData/Build/Intermediates.noindex/Condisco.build/Debug-iphonesimulator/CondiscoWidget.build/CondiscoWidget.DependencyStaticMetadataFileList (in target 'CondiscoWidget' from project 'Condisco')
    cd /Users/spkoehl/Projects/VerbaLibera
    write-file /var/folders/3w/91hphlzs0rv_1twbkfyhvn6m0000gn/T/condisco-preflight.7uyGq6/DerivedData/Build/Intermediates.noindex/Condisco.build/Debug-iphonesimulator/CondiscoWidget.build/CondiscoWidget.DependencyStaticMetadataFileList

WriteAuxiliaryFile /var/folders/3w/91hphlzs0rv_1twbkfyhvn6m0000gn/T/condisco-preflight.7uyGq6/DerivedData/Build/Intermediates.noindex/Condisco.build/Debug-iphonesimulator/CondiscoWidget.build/CondiscoWidget.DependencyMetadataFileList (in target 'CondiscoWidget' from project 'Condisco')
    cd /Users/spkoehl/Projects/VerbaLibera
    write-file /var/folders/3w/91hphlzs0rv_1twbkfyhvn6m0000gn/T/condisco-preflight.7uyGq6/DerivedData/Build/Intermediates.noindex/Condisco.build/Debug-iphonesimulator/CondiscoWidget.build/CondiscoWidget.DependencyMetadataFileList

WriteAuxiliaryFile /var/folders/3w/91hphlzs0rv_1twbkfyhvn6m0000gn/T/condisco-preflight.7uyGq6/DerivedData/Build/Intermediates.noindex/Condisco.build/Debug-iphonesimulator/CondiscoWidget.build/CondiscoWidget-project-headers.hmap (in target 'CondiscoWidget' from project 'Condisco')
    cd /Users/spkoehl/Projects/VerbaLibera
    write-file /var/folders/3w/91hphlzs0rv_1twbkfyhvn6m0000gn/T/condisco-preflight.7uyGq6/DerivedData/Build/Intermediates.noindex/Condisco.build/Debug-iphonesimulator/CondiscoWidget.build/CondiscoWidget-project-headers.hmap

WriteAuxiliaryFile /var/folders/3w/91hphlzs0rv_1twbkfyhvn6m0000gn/T/condisco-preflight.7uyGq6/DerivedData/Build/Intermediates.noindex/Condisco.build/Debug-iphonesimulator/CondiscoWidget.build/CondiscoWidget-own-target-headers.hmap (in target 'CondiscoWidget' from project 'Condisco')
    cd /Users/spkoehl/Projects/VerbaLibera
    write-file /var/folders/3w/91hphlzs0rv_1twbkfyhvn6m0000gn/T/condisco-preflight.7uyGq6/DerivedData/Build/Intermediates.noindex/Condisco.build/Debug-iphonesimulator/CondiscoWidget.build/CondiscoWidget-own-target-headers.hmap

WriteAuxiliaryFile /var/folders/3w/91hphlzs0rv_1twbkfyhvn6m0000gn/T/condisco-preflight.7uyGq6/DerivedData/Build/Intermediates.noindex/Condisco.build/Debug-iphonesimulator/CondiscoWidget.build/CondiscoWidget-generated-files.hmap (in target 'CondiscoWidget' from project 'Condisco')
    cd /Users/spkoehl/Projects/VerbaLibera
    write-file /var/folders/3w/91hphlzs0rv_1twbkfyhvn6m0000gn/T/condisco-preflight.7uyGq6/DerivedData/Build/Intermediates.noindex/Condisco.build/Debug-iphonesimulator/CondiscoWidget.build/CondiscoWidget-generated-files.hmap

WriteAuxiliaryFile /var/folders/3w/91hphlzs0rv_1twbkfyhvn6m0000gn/T/condisco-preflight.7uyGq6/DerivedData/Build/Intermediates.noindex/Condisco.build/Debug-iphonesimulator/CondiscoWidget.build/CondiscoWidget-all-target-headers.hmap (in target 'CondiscoWidget' from project 'Condisco')
    cd /Users/spkoehl/Projects/VerbaLibera
    write-file /var/folders/3w/91hphlzs0rv_1twbkfyhvn6m0000gn/T/condisco-preflight.7uyGq6/DerivedData/Build/Intermediates.noindex/Condisco.build/Debug-iphonesimulator/CondiscoWidget.build/CondiscoWidget-all-target-headers.hmap

WriteAuxiliaryFile /var/folders/3w/91hphlzs0rv_1twbkfyhvn6m0000gn/T/condisco-preflight.7uyGq6/DerivedData/Build/Intermediates.noindex/Condisco.build/Debug-iphonesimulator/CondiscoWidget.build/CondiscoWidget-all-non-framework-target-headers.hmap (in target 'CondiscoWidget' from project 'Condisco')
    cd /Users/spkoehl/Projects/VerbaLibera
    write-file /var/folders/3w/91hphlzs0rv_1twbkfyhvn6m0000gn/T/condisco-preflight.7uyGq6/DerivedData/Build/Intermediates.noindex/Condisco.build/Debug-iphonesimulator/CondiscoWidget.build/CondiscoWidget-all-non-framework-target-headers.hmap

WriteAuxiliaryFile /var/folders/3w/91hphlzs0rv_1twbkfyhvn6m0000gn/T/condisco-preflight.7uyGq6/DerivedData/Build/Intermediates.noindex/Condisco.build/Debug-iphonesimulator/CondiscoWidget.build/CondiscoWidget-DebugEntryPoint-normal-arm64.txt (in target 'CondiscoWidget' from project 'Condisco')
    cd /Users/spkoehl/Projects/VerbaLibera
    write-file /var/folders/3w/91hphlzs0rv_1twbkfyhvn6m0000gn/T/condisco-preflight.7uyGq6/DerivedData/Build/Intermediates.noindex/Condisco.build/Debug-iphonesimulator/CondiscoWidget.build/CondiscoWidget-DebugEntryPoint-normal-arm64.txt

WriteAuxiliaryFile /var/folders/3w/91hphlzs0rv_1twbkfyhvn6m0000gn/T/condisco-preflight.7uyGq6/DerivedData/Build/Intermediates.noindex/Condisco.build/Debug-iphonesimulator/CondiscoWidget.build/CondiscoWidget-DebugDylibPath-normal-arm64.txt (in target 'CondiscoWidget' from project 'Condisco')
    cd /Users/spkoehl/Projects/VerbaLibera
    write-file /var/folders/3w/91hphlzs0rv_1twbkfyhvn6m0000gn/T/condisco-preflight.7uyGq6/DerivedData/Build/Intermediates.noindex/Condisco.build/Debug-iphonesimulator/CondiscoWidget.build/CondiscoWidget-DebugDylibPath-normal-arm64.txt

WriteAuxiliaryFile /var/folders/3w/91hphlzs0rv_1twbkfyhvn6m0000gn/T/condisco-preflight.7uyGq6/DerivedData/Build/Intermediates.noindex/Condisco.build/Debug-iphonesimulator/CondiscoWidget.build/CondiscoWidget-DebugDylibInstallName-normal-arm64.txt (in target 'CondiscoWidget' from project 'Condisco')
    cd /Users/spkoehl/Projects/VerbaLibera
    write-file /var/folders/3w/91hphlzs0rv_1twbkfyhvn6m0000gn/T/condisco-preflight.7uyGq6/DerivedData/Build/Intermediates.noindex/Condisco.build/Debug-iphonesimulator/CondiscoWidget.build/CondiscoWidget-DebugDylibInstallName-normal-arm64.txt

WriteAuxiliaryFile /var/folders/3w/91hphlzs0rv_1twbkfyhvn6m0000gn/T/condisco-preflight.7uyGq6/DerivedData/Build/Intermediates.noindex/Condisco.build/Debug-iphonesimulator/CondiscoUITests.build/empty-CondiscoUITests.plist (in target 'CondiscoUITests' from project 'Condisco')
    cd /Users/spkoehl/Projects/VerbaLibera
    write-file /var/folders/3w/91hphlzs0rv_1twbkfyhvn6m0000gn/T/condisco-preflight.7uyGq6/DerivedData/Build/Intermediates.noindex/Condisco.build/Debug-iphonesimulator/CondiscoUITests.build/empty-CondiscoUITests.plist

WriteAuxiliaryFile /var/folders/3w/91hphlzs0rv_1twbkfyhvn6m0000gn/T/condisco-preflight.7uyGq6/DerivedData/Build/Intermediates.noindex/Condisco.build/Debug-iphonesimulator/CondiscoUITests.build/ProductTypeInfoPlistAdditions.plist (in target 'CondiscoUITests' from project 'Condisco')
    cd /Users/spkoehl/Projects/VerbaLibera
    write-file /var/folders/3w/91hphlzs0rv_1twbkfyhvn6m0000gn/T/condisco-preflight.7uyGq6/DerivedData/Build/Intermediates.noindex/Condisco.build/Debug-iphonesimulator/CondiscoUITests.build/ProductTypeInfoPlistAdditions.plist

WriteAuxiliaryFile /var/folders/3w/91hphlzs0rv_1twbkfyhvn6m0000gn/T/condisco-preflight.7uyGq6/DerivedData/Build/Intermediates.noindex/Condisco.build/Debug-iphonesimulator/CondiscoUITests.build/Objects-normal/arm64/CondiscoUITests_const_extract_protocols.json (in target 'CondiscoUITests' from project 'Condisco')
    cd /Users/spkoehl/Projects/VerbaLibera
    write-file /var/folders/3w/91hphlzs0rv_1twbkfyhvn6m0000gn/T/condisco-preflight.7uyGq6/DerivedData/Build/Intermediates.noindex/Condisco.build/Debug-iphonesimulator/CondiscoUITests.build/Objects-normal/arm64/CondiscoUITests_const_extract_protocols.json

WriteAuxiliaryFile /var/folders/3w/91hphlzs0rv_1twbkfyhvn6m0000gn/T/condisco-preflight.7uyGq6/DerivedData/Build/Intermediates.noindex/Condisco.build/Debug-iphonesimulator/CondiscoUITests.build/Objects-normal/arm64/CondiscoUITests.SwiftFileList (in target 'CondiscoUITests' from project 'Condisco')
    cd /Users/spkoehl/Projects/VerbaLibera
    write-file /var/folders/3w/91hphlzs0rv_1twbkfyhvn6m0000gn/T/condisco-preflight.7uyGq6/DerivedData/Build/Intermediates.noindex/Condisco.build/Debug-iphonesimulator/CondiscoUITests.build/Objects-normal/arm64/CondiscoUITests.SwiftFileList

WriteAuxiliaryFile /var/folders/3w/91hphlzs0rv_1twbkfyhvn6m0000gn/T/condisco-preflight.7uyGq6/DerivedData/Build/Intermediates.noindex/Condisco.build/Debug-iphonesimulator/CondiscoUITests.build/Objects-normal/arm64/CondiscoUITests.SwiftConstValuesFileList (in target 'CondiscoUITests' from project 'Condisco')
    cd /Users/spkoehl/Projects/VerbaLibera
    write-file /var/folders/3w/91hphlzs0rv_1twbkfyhvn6m0000gn/T/condisco-preflight.7uyGq6/DerivedData/Build/Intermediates.noindex/Condisco.build/Debug-iphonesimulator/CondiscoUITests.build/Objects-normal/arm64/CondiscoUITests.SwiftConstValuesFileList

WriteAuxiliaryFile /var/folders/3w/91hphlzs0rv_1twbkfyhvn6m0000gn/T/condisco-preflight.7uyGq6/DerivedData/Build/Intermediates.noindex/Condisco.build/Debug-iphonesimulator/CondiscoUITests.build/Objects-normal/arm64/CondiscoUITests.LinkFileList (in target 'CondiscoUITests' from project 'Condisco')
    cd /Users/spkoehl/Projects/VerbaLibera
    write-file /var/folders/3w/91hphlzs0rv_1twbkfyhvn6m0000gn/T/condisco-preflight.7uyGq6/DerivedData/Build/Intermediates.noindex/Condisco.build/Debug-iphonesimulator/CondiscoUITests.build/Objects-normal/arm64/CondiscoUITests.LinkFileList

WriteAuxiliaryFile /var/folders/3w/91hphlzs0rv_1twbkfyhvn6m0000gn/T/condisco-preflight.7uyGq6/DerivedData/Build/Intermediates.noindex/Condisco.build/Debug-iphonesimulator/CondiscoUITests.build/Objects-normal/arm64/CondiscoUITests-OutputFileMap.json (in target 'CondiscoUITests' from project 'Condisco')
    cd /Users/spkoehl/Projects/VerbaLibera
    write-file /var/folders/3w/91hphlzs0rv_1twbkfyhvn6m0000gn/T/condisco-preflight.7uyGq6/DerivedData/Build/Intermediates.noindex/Condisco.build/Debug-iphonesimulator/CondiscoUITests.build/Objects-normal/arm64/CondiscoUITests-OutputFileMap.json

WriteAuxiliaryFile /var/folders/3w/91hphlzs0rv_1twbkfyhvn6m0000gn/T/condisco-preflight.7uyGq6/DerivedData/Build/Intermediates.noindex/Condisco.build/Debug-iphonesimulator/CondiscoUITests.build/DerivedSources/Entitlements-Simulated.plist (in target 'CondiscoUITests' from project 'Condisco')
    cd /Users/spkoehl/Projects/VerbaLibera
    write-file /var/folders/3w/91hphlzs0rv_1twbkfyhvn6m0000gn/T/condisco-preflight.7uyGq6/DerivedData/Build/Intermediates.noindex/Condisco.build/Debug-iphonesimulator/CondiscoUITests.build/DerivedSources/Entitlements-Simulated.plist

WriteAuxiliaryFile /var/folders/3w/91hphlzs0rv_1twbkfyhvn6m0000gn/T/condisco-preflight.7uyGq6/DerivedData/Build/Intermediates.noindex/Condisco.build/Debug-iphonesimulator/CondiscoUITests.build/CondiscoUITests.hmap (in target 'CondiscoUITests' from project 'Condisco')
    cd /Users/spkoehl/Projects/VerbaLibera
    write-file /var/folders/3w/91hphlzs0rv_1twbkfyhvn6m0000gn/T/condisco-preflight.7uyGq6/DerivedData/Build/Intermediates.noindex/Condisco.build/Debug-iphonesimulator/CondiscoUITests.build/CondiscoUITests.hmap

WriteAuxiliaryFile /var/folders/3w/91hphlzs0rv_1twbkfyhvn6m0000gn/T/condisco-preflight.7uyGq6/DerivedData/Build/Intermediates.noindex/Condisco.build/Debug-iphonesimulator/CondiscoUITests.build/CondiscoUITests.DependencyStaticMetadataFileList (in target 'CondiscoUITests' from project 'Condisco')
    cd /Users/spkoehl/Projects/VerbaLibera
    write-file /var/folders/3w/91hphlzs0rv_1twbkfyhvn6m0000gn/T/condisco-preflight.7uyGq6/DerivedData/Build/Intermediates.noindex/Condisco.build/Debug-iphonesimulator/CondiscoUITests.build/CondiscoUITests.DependencyStaticMetadataFileList

WriteAuxiliaryFile /var/folders/3w/91hphlzs0rv_1twbkfyhvn6m0000gn/T/condisco-preflight.7uyGq6/DerivedData/Build/Intermediates.noindex/Condisco.build/Debug-iphonesimulator/CondiscoUITests.build/CondiscoUITests.DependencyMetadataFileList (in target 'CondiscoUITests' from project 'Condisco')
    cd /Users/spkoehl/Projects/VerbaLibera
    write-file /var/folders/3w/91hphlzs0rv_1twbkfyhvn6m0000gn/T/condisco-preflight.7uyGq6/DerivedData/Build/Intermediates.noindex/Condisco.build/Debug-iphonesimulator/CondiscoUITests.build/CondiscoUITests.DependencyMetadataFileList

WriteAuxiliaryFile /var/folders/3w/91hphlzs0rv_1twbkfyhvn6m0000gn/T/condisco-preflight.7uyGq6/DerivedData/Build/Intermediates.noindex/Condisco.build/Debug-iphonesimulator/CondiscoUITests.build/CondiscoUITests-project-headers.hmap (in target 'CondiscoUITests' from project 'Condisco')
    cd /Users/spkoehl/Projects/VerbaLibera
    write-file /var/folders/3w/91hphlzs0rv_1twbkfyhvn6m0000gn/T/condisco-preflight.7uyGq6/DerivedData/Build/Intermediates.noindex/Condisco.build/Debug-iphonesimulator/CondiscoUITests.build/CondiscoUITests-project-headers.hmap

WriteAuxiliaryFile /var/folders/3w/91hphlzs0rv_1twbkfyhvn6m0000gn/T/condisco-preflight.7uyGq6/DerivedData/Build/Intermediates.noindex/Condisco.build/Debug-iphonesimulator/CondiscoUITests.build/CondiscoUITests-own-target-headers.hmap (in target 'CondiscoUITests' from project 'Condisco')
    cd /Users/spkoehl/Projects/VerbaLibera
    write-file /var/folders/3w/91hphlzs0rv_1twbkfyhvn6m0000gn/T/condisco-preflight.7uyGq6/DerivedData/Build/Intermediates.noindex/Condisco.build/Debug-iphonesimulator/CondiscoUITests.build/CondiscoUITests-own-target-headers.hmap

WriteAuxiliaryFile /var/folders/3w/91hphlzs0rv_1twbkfyhvn6m0000gn/T/condisco-preflight.7uyGq6/DerivedData/Build/Intermediates.noindex/Condisco.build/Debug-iphonesimulator/CondiscoUITests.build/CondiscoUITests-generated-files.hmap (in target 'CondiscoUITests' from project 'Condisco')
    cd /Users/spkoehl/Projects/VerbaLibera
    write-file /var/folders/3w/91hphlzs0rv_1twbkfyhvn6m0000gn/T/condisco-preflight.7uyGq6/DerivedData/Build/Intermediates.noindex/Condisco.build/Debug-iphonesimulator/CondiscoUITests.build/CondiscoUITests-generated-files.hmap

WriteAuxiliaryFile /var/folders/3w/91hphlzs0rv_1twbkfyhvn6m0000gn/T/condisco-preflight.7uyGq6/DerivedData/Build/Intermediates.noindex/Condisco.build/Debug-iphonesimulator/CondiscoUITests.build/CondiscoUITests-all-target-headers.hmap (in target 'CondiscoUITests' from project 'Condisco')
    cd /Users/spkoehl/Projects/VerbaLibera
    write-file /var/folders/3w/91hphlzs0rv_1twbkfyhvn6m0000gn/T/condisco-preflight.7uyGq6/DerivedData/Build/Intermediates.noindex/Condisco.build/Debug-iphonesimulator/CondiscoUITests.build/CondiscoUITests-all-target-headers.hmap

WriteAuxiliaryFile /var/folders/3w/91hphlzs0rv_1twbkfyhvn6m0000gn/T/condisco-preflight.7uyGq6/DerivedData/Build/Intermediates.noindex/Condisco.build/Debug-iphonesimulator/CondiscoUITests.build/CondiscoUITests-all-non-framework-target-headers.hmap (in target 'CondiscoUITests' from project 'Condisco')
    cd /Users/spkoehl/Projects/VerbaLibera
    write-file /var/folders/3w/91hphlzs0rv_1twbkfyhvn6m0000gn/T/condisco-preflight.7uyGq6/DerivedData/Build/Intermediates.noindex/Condisco.build/Debug-iphonesimulator/CondiscoUITests.build/CondiscoUITests-all-non-framework-target-headers.hmap

WriteAuxiliaryFile /var/folders/3w/91hphlzs0rv_1twbkfyhvn6m0000gn/T/condisco-preflight.7uyGq6/DerivedData/Build/Intermediates.noindex/Condisco.build/Debug-iphonesimulator/CondiscoTests.build/empty-CondiscoTests.plist (in target 'CondiscoTests' from project 'Condisco')
    cd /Users/spkoehl/Projects/VerbaLibera
    write-file /var/folders/3w/91hphlzs0rv_1twbkfyhvn6m0000gn/T/condisco-preflight.7uyGq6/DerivedData/Build/Intermediates.noindex/Condisco.build/Debug-iphonesimulator/CondiscoTests.build/empty-CondiscoTests.plist

WriteAuxiliaryFile /var/folders/3w/91hphlzs0rv_1twbkfyhvn6m0000gn/T/condisco-preflight.7uyGq6/DerivedData/Build/Intermediates.noindex/Condisco.build/Debug-iphonesimulator/CondiscoTests.build/Objects-normal/arm64/CondiscoTests.SwiftConstValuesFileList (in target 'CondiscoTests' from project 'Condisco')
    cd /Users/spkoehl/Projects/VerbaLibera
    write-file /var/folders/3w/91hphlzs0rv_1twbkfyhvn6m0000gn/T/condisco-preflight.7uyGq6/DerivedData/Build/Intermediates.noindex/Condisco.build/Debug-iphonesimulator/CondiscoTests.build/Objects-normal/arm64/CondiscoTests.SwiftConstValuesFileList

WriteAuxiliaryFile /var/folders/3w/91hphlzs0rv_1twbkfyhvn6m0000gn/T/condisco-preflight.7uyGq6/DerivedData/Build/Intermediates.noindex/Condisco.build/Debug-iphonesimulator/CondiscoTests.build/Objects-normal/arm64/CondiscoTests_const_extract_protocols.json (in target 'CondiscoTests' from project 'Condisco')
    cd /Users/spkoehl/Projects/VerbaLibera
    write-file /var/folders/3w/91hphlzs0rv_1twbkfyhvn6m0000gn/T/condisco-preflight.7uyGq6/DerivedData/Build/Intermediates.noindex/Condisco.build/Debug-iphonesimulator/CondiscoTests.build/Objects-normal/arm64/CondiscoTests_const_extract_protocols.json

WriteAuxiliaryFile /var/folders/3w/91hphlzs0rv_1twbkfyhvn6m0000gn/T/condisco-preflight.7uyGq6/DerivedData/Build/Intermediates.noindex/Condisco.build/Debug-iphonesimulator/CondiscoTests.build/Objects-normal/arm64/CondiscoTests.SwiftFileList (in target 'CondiscoTests' from project 'Condisco')
    cd /Users/spkoehl/Projects/VerbaLibera
    write-file /var/folders/3w/91hphlzs0rv_1twbkfyhvn6m0000gn/T/condisco-preflight.7uyGq6/DerivedData/Build/Intermediates.noindex/Condisco.build/Debug-iphonesimulator/CondiscoTests.build/Objects-normal/arm64/CondiscoTests.SwiftFileList

WriteAuxiliaryFile /var/folders/3w/91hphlzs0rv_1twbkfyhvn6m0000gn/T/condisco-preflight.7uyGq6/DerivedData/Build/Intermediates.noindex/Condisco.build/Debug-iphonesimulator/CondiscoTests.build/Objects-normal/arm64/CondiscoTests-OutputFileMap.json (in target 'CondiscoTests' from project 'Condisco')
    cd /Users/spkoehl/Projects/VerbaLibera
    write-file /var/folders/3w/91hphlzs0rv_1twbkfyhvn6m0000gn/T/condisco-preflight.7uyGq6/DerivedData/Build/Intermediates.noindex/Condisco.build/Debug-iphonesimulator/CondiscoTests.build/Objects-normal/arm64/CondiscoTests-OutputFileMap.json

WriteAuxiliaryFile /var/folders/3w/91hphlzs0rv_1twbkfyhvn6m0000gn/T/condisco-preflight.7uyGq6/DerivedData/Build/Intermediates.noindex/Condisco.build/Debug-iphonesimulator/CondiscoTests.build/Objects-normal/arm64/CondiscoTests.LinkFileList (in target 'CondiscoTests' from project 'Condisco')
    cd /Users/spkoehl/Projects/VerbaLibera
    write-file /var/folders/3w/91hphlzs0rv_1twbkfyhvn6m0000gn/T/condisco-preflight.7uyGq6/DerivedData/Build/Intermediates.noindex/Condisco.build/Debug-iphonesimulator/CondiscoTests.build/Objects-normal/arm64/CondiscoTests.LinkFileList

WriteAuxiliaryFile /var/folders/3w/91hphlzs0rv_1twbkfyhvn6m0000gn/T/condisco-preflight.7uyGq6/DerivedData/Build/Intermediates.noindex/Condisco.build/Debug-iphonesimulator/CondiscoTests.build/CondiscoTests.hmap (in target 'CondiscoTests' from project 'Condisco')
    cd /Users/spkoehl/Projects/VerbaLibera
    write-file /var/folders/3w/91hphlzs0rv_1twbkfyhvn6m0000gn/T/condisco-preflight.7uyGq6/DerivedData/Build/Intermediates.noindex/Condisco.build/Debug-iphonesimulator/CondiscoTests.build/CondiscoTests.hmap

WriteAuxiliaryFile /var/folders/3w/91hphlzs0rv_1twbkfyhvn6m0000gn/T/condisco-preflight.7uyGq6/DerivedData/Build/Intermediates.noindex/Condisco.build/Debug-iphonesimulator/CondiscoTests.build/CondiscoTests.DependencyStaticMetadataFileList (in target 'CondiscoTests' from project 'Condisco')
    cd /Users/spkoehl/Projects/VerbaLibera
    write-file /var/folders/3w/91hphlzs0rv_1twbkfyhvn6m0000gn/T/condisco-preflight.7uyGq6/DerivedData/Build/Intermediates.noindex/Condisco.build/Debug-iphonesimulator/CondiscoTests.build/CondiscoTests.DependencyStaticMetadataFileList

WriteAuxiliaryFile /var/folders/3w/91hphlzs0rv_1twbkfyhvn6m0000gn/T/condisco-preflight.7uyGq6/DerivedData/Build/Intermediates.noindex/Condisco.build/Debug-iphonesimulator/CondiscoTests.build/CondiscoTests.DependencyMetadataFileList (in target 'CondiscoTests' from project 'Condisco')
    cd /Users/spkoehl/Projects/VerbaLibera
    write-file /var/folders/3w/91hphlzs0rv_1twbkfyhvn6m0000gn/T/condisco-preflight.7uyGq6/DerivedData/Build/Intermediates.noindex/Condisco.build/Debug-iphonesimulator/CondiscoTests.build/CondiscoTests.DependencyMetadataFileList

WriteAuxiliaryFile /var/folders/3w/91hphlzs0rv_1twbkfyhvn6m0000gn/T/condisco-preflight.7uyGq6/DerivedData/Build/Intermediates.noindex/Condisco.build/Debug-iphonesimulator/CondiscoTests.build/CondiscoTests-project-headers.hmap (in target 'CondiscoTests' from project 'Condisco')
    cd /Users/spkoehl/Projects/VerbaLibera
    write-file /var/folders/3w/91hphlzs0rv_1twbkfyhvn6m0000gn/T/condisco-preflight.7uyGq6/DerivedData/Build/Intermediates.noindex/Condisco.build/Debug-iphonesimulator/CondiscoTests.build/CondiscoTests-project-headers.hmap

WriteAuxiliaryFile /var/folders/3w/91hphlzs0rv_1twbkfyhvn6m0000gn/T/condisco-preflight.7uyGq6/DerivedData/Build/Intermediates.noindex/Condisco.build/Debug-iphonesimulator/CondiscoTests.build/CondiscoTests-own-target-headers.hmap (in target 'CondiscoTests' from project 'Condisco')
    cd /Users/spkoehl/Projects/VerbaLibera
    write-file /var/folders/3w/91hphlzs0rv_1twbkfyhvn6m0000gn/T/condisco-preflight.7uyGq6/DerivedData/Build/Intermediates.noindex/Condisco.build/Debug-iphonesimulator/CondiscoTests.build/CondiscoTests-own-target-headers.hmap

WriteAuxiliaryFile /var/folders/3w/91hphlzs0rv_1twbkfyhvn6m0000gn/T/condisco-preflight.7uyGq6/DerivedData/Build/Intermediates.noindex/Condisco.build/Debug-iphonesimulator/CondiscoTests.build/CondiscoTests-generated-files.hmap (in target 'CondiscoTests' from project 'Condisco')
    cd /Users/spkoehl/Projects/VerbaLibera
    write-file /var/folders/3w/91hphlzs0rv_1twbkfyhvn6m0000gn/T/condisco-preflight.7uyGq6/DerivedData/Build/Intermediates.noindex/Condisco.build/Debug-iphonesimulator/CondiscoTests.build/CondiscoTests-generated-files.hmap

WriteAuxiliaryFile /var/folders/3w/91hphlzs0rv_1twbkfyhvn6m0000gn/T/condisco-preflight.7uyGq6/DerivedData/Build/Intermediates.noindex/Condisco.build/Debug-iphonesimulator/CondiscoTests.build/CondiscoTests-all-target-headers.hmap (in target 'CondiscoTests' from project 'Condisco')
    cd /Users/spkoehl/Projects/VerbaLibera
    write-file /var/folders/3w/91hphlzs0rv_1twbkfyhvn6m0000gn/T/condisco-preflight.7uyGq6/DerivedData/Build/Intermediates.noindex/Condisco.build/Debug-iphonesimulator/CondiscoTests.build/CondiscoTests-all-target-headers.hmap

WriteAuxiliaryFile /var/folders/3w/91hphlzs0rv_1twbkfyhvn6m0000gn/T/condisco-preflight.7uyGq6/DerivedData/Build/Intermediates.noindex/Condisco.build/Debug-iphonesimulator/CondiscoTests.build/CondiscoTests-all-non-framework-target-headers.hmap (in target 'CondiscoTests' from project 'Condisco')
    cd /Users/spkoehl/Projects/VerbaLibera
    write-file /var/folders/3w/91hphlzs0rv_1twbkfyhvn6m0000gn/T/condisco-preflight.7uyGq6/DerivedData/Build/Intermediates.noindex/Condisco.build/Debug-iphonesimulator/CondiscoTests.build/CondiscoTests-all-non-framework-target-headers.hmap

WriteAuxiliaryFile /var/folders/3w/91hphlzs0rv_1twbkfyhvn6m0000gn/T/condisco-preflight.7uyGq6/DerivedData/Build/Intermediates.noindex/Condisco.build/Debug-iphonesimulator/Condisco.build/Objects-normal/arm64/Condisco_const_extract_protocols.json (in target 'Condisco' from project 'Condisco')
    cd /Users/spkoehl/Projects/VerbaLibera
    write-file /var/folders/3w/91hphlzs0rv_1twbkfyhvn6m0000gn/T/condisco-preflight.7uyGq6/DerivedData/Build/Intermediates.noindex/Condisco.build/Debug-iphonesimulator/Condisco.build/Objects-normal/arm64/Condisco_const_extract_protocols.json

WriteAuxiliaryFile /var/folders/3w/91hphlzs0rv_1twbkfyhvn6m0000gn/T/condisco-preflight.7uyGq6/DerivedData/Build/Intermediates.noindex/Condisco.build/Debug-iphonesimulator/Condisco.build/Objects-normal/arm64/Condisco.SwiftConstValuesFileList (in target 'Condisco' from project 'Condisco')
    cd /Users/spkoehl/Projects/VerbaLibera
    write-file /var/folders/3w/91hphlzs0rv_1twbkfyhvn6m0000gn/T/condisco-preflight.7uyGq6/DerivedData/Build/Intermediates.noindex/Condisco.build/Debug-iphonesimulator/Condisco.build/Objects-normal/arm64/Condisco.SwiftConstValuesFileList

WriteAuxiliaryFile /var/folders/3w/91hphlzs0rv_1twbkfyhvn6m0000gn/T/condisco-preflight.7uyGq6/DerivedData/Build/Intermediates.noindex/Condisco.build/Debug-iphonesimulator/Condisco.build/Objects-normal/arm64/Condisco.SwiftFileList (in target 'Condisco' from project 'Condisco')
    cd /Users/spkoehl/Projects/VerbaLibera
    write-file /var/folders/3w/91hphlzs0rv_1twbkfyhvn6m0000gn/T/condisco-preflight.7uyGq6/DerivedData/Build/Intermediates.noindex/Condisco.build/Debug-iphonesimulator/Condisco.build/Objects-normal/arm64/Condisco.SwiftFileList

WriteAuxiliaryFile /var/folders/3w/91hphlzs0rv_1twbkfyhvn6m0000gn/T/condisco-preflight.7uyGq6/DerivedData/Build/Intermediates.noindex/Condisco.build/Debug-iphonesimulator/Condisco.build/Objects-normal/arm64/Condisco.LinkFileList (in target 'Condisco' from project 'Condisco')
    cd /Users/spkoehl/Projects/VerbaLibera
    write-file /var/folders/3w/91hphlzs0rv_1twbkfyhvn6m0000gn/T/condisco-preflight.7uyGq6/DerivedData/Build/Intermediates.noindex/Condisco.build/Debug-iphonesimulator/Condisco.build/Objects-normal/arm64/Condisco.LinkFileList

WriteAuxiliaryFile /var/folders/3w/91hphlzs0rv_1twbkfyhvn6m0000gn/T/condisco-preflight.7uyGq6/DerivedData/Build/Intermediates.noindex/Condisco.build/Debug-iphonesimulator/Condisco.build/Objects-normal/arm64/Condisco-OutputFileMap.json (in target 'Condisco' from project 'Condisco')
    cd /Users/spkoehl/Projects/VerbaLibera
    write-file /var/folders/3w/91hphlzs0rv_1twbkfyhvn6m0000gn/T/condisco-preflight.7uyGq6/DerivedData/Build/Intermediates.noindex/Condisco.build/Debug-iphonesimulator/Condisco.build/Objects-normal/arm64/Condisco-OutputFileMap.json

WriteAuxiliaryFile /var/folders/3w/91hphlzs0rv_1twbkfyhvn6m0000gn/T/condisco-preflight.7uyGq6/DerivedData/Build/Intermediates.noindex/Condisco.build/Debug-iphonesimulator/Condisco.build/DerivedSources/Entitlements-Simulated.plist (in target 'Condisco' from project 'Condisco')
    cd /Users/spkoehl/Projects/VerbaLibera
    write-file /var/folders/3w/91hphlzs0rv_1twbkfyhvn6m0000gn/T/condisco-preflight.7uyGq6/DerivedData/Build/Intermediates.noindex/Condisco.build/Debug-iphonesimulator/Condisco.build/DerivedSources/Entitlements-Simulated.plist

WriteAuxiliaryFile /var/folders/3w/91hphlzs0rv_1twbkfyhvn6m0000gn/T/condisco-preflight.7uyGq6/DerivedData/Build/Intermediates.noindex/Condisco.build/Debug-iphonesimulator/Condisco.build/Condisco.hmap (in target 'Condisco' from project 'Condisco')
    cd /Users/spkoehl/Projects/VerbaLibera
    write-file /var/folders/3w/91hphlzs0rv_1twbkfyhvn6m0000gn/T/condisco-preflight.7uyGq6/DerivedData/Build/Intermediates.noindex/Condisco.build/Debug-iphonesimulator/Condisco.build/Condisco.hmap

WriteAuxiliaryFile /var/folders/3w/91hphlzs0rv_1twbkfyhvn6m0000gn/T/condisco-preflight.7uyGq6/DerivedData/Build/Intermediates.noindex/Condisco.build/Debug-iphonesimulator/Condisco.build/Condisco.DependencyStaticMetadataFileList (in target 'Condisco' from project 'Condisco')
    cd /Users/spkoehl/Projects/VerbaLibera
    write-file /var/folders/3w/91hphlzs0rv_1twbkfyhvn6m0000gn/T/condisco-preflight.7uyGq6/DerivedData/Build/Intermediates.noindex/Condisco.build/Debug-iphonesimulator/Condisco.build/Condisco.DependencyStaticMetadataFileList

WriteAuxiliaryFile /var/folders/3w/91hphlzs0rv_1twbkfyhvn6m0000gn/T/condisco-preflight.7uyGq6/DerivedData/Build/Intermediates.noindex/Condisco.build/Debug-iphonesimulator/Condisco.build/Condisco.DependencyMetadataFileList (in target 'Condisco' from project 'Condisco')
    cd /Users/spkoehl/Projects/VerbaLibera
    write-file /var/folders/3w/91hphlzs0rv_1twbkfyhvn6m0000gn/T/condisco-preflight.7uyGq6/DerivedData/Build/Intermediates.noindex/Condisco.build/Debug-iphonesimulator/Condisco.build/Condisco.DependencyMetadataFileList

WriteAuxiliaryFile /var/folders/3w/91hphlzs0rv_1twbkfyhvn6m0000gn/T/condisco-preflight.7uyGq6/DerivedData/Build/Intermediates.noindex/Condisco.build/Debug-iphonesimulator/Condisco.build/Condisco-project-headers.hmap (in target 'Condisco' from project 'Condisco')
    cd /Users/spkoehl/Projects/VerbaLibera
    write-file /var/folders/3w/91hphlzs0rv_1twbkfyhvn6m0000gn/T/condisco-preflight.7uyGq6/DerivedData/Build/Intermediates.noindex/Condisco.build/Debug-iphonesimulator/Condisco.build/Condisco-project-headers.hmap

WriteAuxiliaryFile /var/folders/3w/91hphlzs0rv_1twbkfyhvn6m0000gn/T/condisco-preflight.7uyGq6/DerivedData/Build/Intermediates.noindex/Condisco.build/Debug-iphonesimulator/Condisco.build/Condisco-own-target-headers.hmap (in target 'Condisco' from project 'Condisco')
    cd /Users/spkoehl/Projects/VerbaLibera
    write-file /var/folders/3w/91hphlzs0rv_1twbkfyhvn6m0000gn/T/condisco-preflight.7uyGq6/DerivedData/Build/Intermediates.noindex/Condisco.build/Debug-iphonesimulator/Condisco.build/Condisco-own-target-headers.hmap

WriteAuxiliaryFile /var/folders/3w/91hphlzs0rv_1twbkfyhvn6m0000gn/T/condisco-preflight.7uyGq6/DerivedData/Build/Intermediates.noindex/Condisco.build/Debug-iphonesimulator/Condisco.build/Condisco-generated-files.hmap (in target 'Condisco' from project 'Condisco')
    cd /Users/spkoehl/Projects/VerbaLibera
    write-file /var/folders/3w/91hphlzs0rv_1twbkfyhvn6m0000gn/T/condisco-preflight.7uyGq6/DerivedData/Build/Intermediates.noindex/Condisco.build/Debug-iphonesimulator/Condisco.build/Condisco-generated-files.hmap

WriteAuxiliaryFile /var/folders/3w/91hphlzs0rv_1twbkfyhvn6m0000gn/T/condisco-preflight.7uyGq6/DerivedData/Build/Intermediates.noindex/Condisco.build/Debug-iphonesimulator/Condisco.build/Condisco-all-target-headers.hmap (in target 'Condisco' from project 'Condisco')
    cd /Users/spkoehl/Projects/VerbaLibera
    write-file /var/folders/3w/91hphlzs0rv_1twbkfyhvn6m0000gn/T/condisco-preflight.7uyGq6/DerivedData/Build/Intermediates.noindex/Condisco.build/Debug-iphonesimulator/Condisco.build/Condisco-all-target-headers.hmap

WriteAuxiliaryFile /var/folders/3w/91hphlzs0rv_1twbkfyhvn6m0000gn/T/condisco-preflight.7uyGq6/DerivedData/Build/Intermediates.noindex/Condisco.build/Debug-iphonesimulator/Condisco.build/Condisco-all-non-framework-target-headers.hmap (in target 'Condisco' from project 'Condisco')
    cd /Users/spkoehl/Projects/VerbaLibera
    write-file /var/folders/3w/91hphlzs0rv_1twbkfyhvn6m0000gn/T/condisco-preflight.7uyGq6/DerivedData/Build/Intermediates.noindex/Condisco.build/Debug-iphonesimulator/Condisco.build/Condisco-all-non-framework-target-headers.hmap

WriteAuxiliaryFile /var/folders/3w/91hphlzs0rv_1twbkfyhvn6m0000gn/T/condisco-preflight.7uyGq6/DerivedData/Build/Intermediates.noindex/Condisco.build/Debug-iphonesimulator/Condisco.build/Condisco-DebugDylibPath-normal-arm64.txt (in target 'Condisco' from project 'Condisco')
    cd /Users/spkoehl/Projects/VerbaLibera
    write-file /var/folders/3w/91hphlzs0rv_1twbkfyhvn6m0000gn/T/condisco-preflight.7uyGq6/DerivedData/Build/Intermediates.noindex/Condisco.build/Debug-iphonesimulator/Condisco.build/Condisco-DebugDylibPath-normal-arm64.txt

WriteAuxiliaryFile /var/folders/3w/91hphlzs0rv_1twbkfyhvn6m0000gn/T/condisco-preflight.7uyGq6/DerivedData/Build/Intermediates.noindex/Condisco.build/Debug-iphonesimulator/Condisco.build/Condisco-DebugDylibInstallName-normal-arm64.txt (in target 'Condisco' from project 'Condisco')
    cd /Users/spkoehl/Projects/VerbaLibera
    write-file /var/folders/3w/91hphlzs0rv_1twbkfyhvn6m0000gn/T/condisco-preflight.7uyGq6/DerivedData/Build/Intermediates.noindex/Condisco.build/Debug-iphonesimulator/Condisco.build/Condisco-DebugDylibInstallName-normal-arm64.txt

MkDir /var/folders/3w/91hphlzs0rv_1twbkfyhvn6m0000gn/T/condisco-preflight.7uyGq6/DerivedData/Build/Products/Debug-iphonesimulator/CondiscoWidget.appex (in target 'CondiscoWidget' from project 'Condisco')
    cd /Users/spkoehl/Projects/VerbaLibera
    /bin/mkdir -p /var/folders/3w/91hphlzs0rv_1twbkfyhvn6m0000gn/T/condisco-preflight.7uyGq6/DerivedData/Build/Products/Debug-iphonesimulator/CondiscoWidget.appex

MkDir /var/folders/3w/91hphlzs0rv_1twbkfyhvn6m0000gn/T/condisco-preflight.7uyGq6/DerivedData/Build/Products/Debug-iphonesimulator/Condisco.app/PlugIns (in target 'Condisco' from project 'Condisco')
    cd /Users/spkoehl/Projects/VerbaLibera
    /bin/mkdir -p /var/folders/3w/91hphlzs0rv_1twbkfyhvn6m0000gn/T/condisco-preflight.7uyGq6/DerivedData/Build/Products/Debug-iphonesimulator/Condisco.app/PlugIns

MkDir /var/folders/3w/91hphlzs0rv_1twbkfyhvn6m0000gn/T/condisco-preflight.7uyGq6/DerivedData/Build/Products/Debug-iphonesimulator/Condisco.app (in target 'Condisco' from project 'Condisco')
    cd /Users/spkoehl/Projects/VerbaLibera
    /bin/mkdir -p /var/folders/3w/91hphlzs0rv_1twbkfyhvn6m0000gn/T/condisco-preflight.7uyGq6/DerivedData/Build/Products/Debug-iphonesimulator/Condisco.app

MkDir /var/folders/3w/91hphlzs0rv_1twbkfyhvn6m0000gn/T/condisco-preflight.7uyGq6/DerivedData/Build/Products/Debug-iphonesimulator/Condisco.app/PlugIns/CondiscoTests.xctest (in target 'CondiscoTests' from project 'Condisco')
    cd /Users/spkoehl/Projects/VerbaLibera
    /bin/mkdir -p /var/folders/3w/91hphlzs0rv_1twbkfyhvn6m0000gn/T/condisco-preflight.7uyGq6/DerivedData/Build/Products/Debug-iphonesimulator/Condisco.app/PlugIns/CondiscoTests.xctest

MkDir /var/folders/3w/91hphlzs0rv_1twbkfyhvn6m0000gn/T/condisco-preflight.7uyGq6/DerivedData/Build/Products/Debug-iphonesimulator/CondiscoUITests-Runner.app/PlugIns/CondiscoUITests.xctest (in target 'CondiscoUITests' from project 'Condisco')
    cd /Users/spkoehl/Projects/VerbaLibera
    /bin/mkdir -p /var/folders/3w/91hphlzs0rv_1twbkfyhvn6m0000gn/T/condisco-preflight.7uyGq6/DerivedData/Build/Products/Debug-iphonesimulator/CondiscoUITests-Runner.app/PlugIns/CondiscoUITests.xctest

ProcessProductPackaging /Users/spkoehl/Projects/VerbaLibera/CondiscoWidget/CondiscoWidget.entitlements /var/folders/3w/91hphlzs0rv_1twbkfyhvn6m0000gn/T/condisco-preflight.7uyGq6/DerivedData/Build/Intermediates.noindex/Condisco.build/Debug-iphonesimulator/CondiscoWidget.build/CondiscoWidget.appex.xcent (in target 'CondiscoWidget' from project 'Condisco')
    cd /Users/spkoehl/Projects/VerbaLibera
    
    Entitlements:
    
    {
}
    
    builtin-productPackagingUtility /Users/spkoehl/Projects/VerbaLibera/CondiscoWidget/CondiscoWidget.entitlements -entitlements -format xml -o /var/folders/3w/91hphlzs0rv_1twbkfyhvn6m0000gn/T/condisco-preflight.7uyGq6/DerivedData/Build/Intermediates.noindex/Condisco.build/Debug-iphonesimulator/CondiscoWidget.build/CondiscoWidget.appex.xcent

ProcessProductPackaging /Users/spkoehl/Projects/VerbaLibera/CondiscoWidget/CondiscoWidget.entitlements /var/folders/3w/91hphlzs0rv_1twbkfyhvn6m0000gn/T/condisco-preflight.7uyGq6/DerivedData/Build/Intermediates.noindex/Condisco.build/Debug-iphonesimulator/CondiscoWidget.build/CondiscoWidget.appex-Simulated.xcent (in target 'CondiscoWidget' from project 'Condisco')
    cd /Users/spkoehl/Projects/VerbaLibera
    
    Entitlements:
    
    {
    "application-identifier" = "PN9T9MT37J.com.sleuthysloth.condisco.CondiscoWidget";
    "com.apple.security.application-groups" =     (
        "group.com.sleuthysloth.condisco"
    );
}
    
    builtin-productPackagingUtility /Users/spkoehl/Projects/VerbaLibera/CondiscoWidget/CondiscoWidget.entitlements -entitlements -format xml -o /var/folders/3w/91hphlzs0rv_1twbkfyhvn6m0000gn/T/condisco-preflight.7uyGq6/DerivedData/Build/Intermediates.noindex/Condisco.build/Debug-iphonesimulator/CondiscoWidget.build/CondiscoWidget.appex-Simulated.xcent

ProcessProductPackagingDER /var/folders/3w/91hphlzs0rv_1twbkfyhvn6m0000gn/T/condisco-preflight.7uyGq6/DerivedData/Build/Intermediates.noindex/Condisco.build/Debug-iphonesimulator/CondiscoWidget.build/CondiscoWidget.appex.xcent /var/folders/3w/91hphlzs0rv_1twbkfyhvn6m0000gn/T/condisco-preflight.7uyGq6/DerivedData/Build/Intermediates.noindex/Condisco.build/Debug-iphonesimulator/CondiscoWidget.build/CondiscoWidget.appex.xcent.der (in target 'CondiscoWidget' from project 'Condisco')
    cd /Users/spkoehl/Projects/VerbaLibera
    /usr/bin/derq query -f xml -i /var/folders/3w/91hphlzs0rv_1twbkfyhvn6m0000gn/T/condisco-preflight.7uyGq6/DerivedData/Build/Intermediates.noindex/Condisco.build/Debug-iphonesimulator/CondiscoWidget.build/CondiscoWidget.appex.xcent -o /var/folders/3w/91hphlzs0rv_1twbkfyhvn6m0000gn/T/condisco-preflight.7uyGq6/DerivedData/Build/Intermediates.noindex/Condisco.build/Debug-iphonesimulator/CondiscoWidget.build/CondiscoWidget.appex.xcent.der --raw

ProcessProductPackagingDER /var/folders/3w/91hphlzs0rv_1twbkfyhvn6m0000gn/T/condisco-preflight.7uyGq6/DerivedData/Build/Intermediates.noindex/Condisco.build/Debug-iphonesimulator/CondiscoWidget.build/CondiscoWidget.appex-Simulated.xcent /var/folders/3w/91hphlzs0rv_1twbkfyhvn6m0000gn/T/condisco-preflight.7uyGq6/DerivedData/Build/Intermediates.noindex/Condisco.build/Debug-iphonesimulator/CondiscoWidget.build/CondiscoWidget.appex-Simulated.xcent.der (in target 'CondiscoWidget' from project 'Condisco')
    cd /Users/spkoehl/Projects/VerbaLibera
    /usr/bin/derq query -f xml -i /var/folders/3w/91hphlzs0rv_1twbkfyhvn6m0000gn/T/condisco-preflight.7uyGq6/DerivedData/Build/Intermediates.noindex/Condisco.build/Debug-iphonesimulator/CondiscoWidget.build/CondiscoWidget.appex-Simulated.xcent -o /var/folders/3w/91hphlzs0rv_1twbkfyhvn6m0000gn/T/condisco-preflight.7uyGq6/DerivedData/Build/Intermediates.noindex/Condisco.build/Debug-iphonesimulator/CondiscoWidget.build/CondiscoWidget.appex-Simulated.xcent.der --raw

Ld /var/folders/3w/91hphlzs0rv_1twbkfyhvn6m0000gn/T/condisco-preflight.7uyGq6/DerivedData/Build/Products/Debug-iphonesimulator/CondiscoWidget.appex/__preview.dylib normal (in target 'CondiscoWidget' from project 'Condisco')
    cd /Users/spkoehl/Projects/VerbaLibera
    /Applications/Xcode.app/Contents/Developer/Toolchains/XcodeDefault.xctoolchain/usr/bin/clang -Xlinker -reproducible -target arm64-apple-ios17.0-simulator -dynamiclib -isysroot /Applications/Xcode.app/Contents/Developer/Platforms/iPhoneSimulator.platform/Developer/SDKs/iPhoneSimulator27.0.sdk -O0 -Xlinker -no_warn_duplicate_libraries -L/var/folders/3w/91hphlzs0rv_1twbkfyhvn6m0000gn/T/condisco-preflight.7uyGq6/DerivedData/Build/Products/Debug-iphonesimulator -F/var/folders/3w/91hphlzs0rv_1twbkfyhvn6m0000gn/T/condisco-preflight.7uyGq6/DerivedData/Build/Products/Debug-iphonesimulator -install_name @rpath/CondiscoWidget.debug.dylib -Xlinker -dead_strip -rdynamic -Xlinker -no_deduplicate -Xlinker -objc_abi_version -Xlinker 2 -Xlinker -dependency_info -Xlinker /var/folders/3w/91hphlzs0rv_1twbkfyhvn6m0000gn/T/condisco-preflight.7uyGq6/DerivedData/Build/Intermediates.noindex/Condisco.build/Debug-iphonesimulator/CondiscoWidget.build/Objects-normal/arm64/CondiscoWidget_dependency_info.dat -Xlinker -sectcreate -Xlinker __TEXT -Xlinker __entitlements -Xlinker /var/folders/3w/91hphlzs0rv_1twbkfyhvn6m0000gn/T/condisco-preflight.7uyGq6/DerivedData/Build/Intermediates.noindex/Condisco.build/Debug-iphonesimulator/CondiscoWidget.build/CondiscoWidget.appex-Simulated.xcent -Xlinker -sectcreate -Xlinker __TEXT -Xlinker __ents_der -Xlinker /var/folders/3w/91hphlzs0rv_1twbkfyhvn6m0000gn/T/condisco-preflight.7uyGq6/DerivedData/Build/Intermediates.noindex/Condisco.build/Debug-iphonesimulator/CondiscoWidget.build/CondiscoWidget.appex-Simulated.xcent.der -Xlinker -no_adhoc_codesign -o /var/folders/3w/91hphlzs0rv_1twbkfyhvn6m0000gn/T/condisco-preflight.7uyGq6/DerivedData/Build/Products/Debug-iphonesimulator/CondiscoWidget.appex/__preview.dylib

ProcessInfoPlistFile /var/folders/3w/91hphlzs0rv_1twbkfyhvn6m0000gn/T/condisco-preflight.7uyGq6/DerivedData/Build/Products/Debug-iphonesimulator/CondiscoWidget.appex/Info.plist /Users/spkoehl/Projects/VerbaLibera/CondiscoWidget/Info.plist (in target 'CondiscoWidget' from project 'Condisco')
    cd /Users/spkoehl/Projects/VerbaLibera
    builtin-infoPlistUtility /Users/spkoehl/Projects/VerbaLibera/CondiscoWidget/Info.plist -producttype com.apple.product-type.app-extension -expandbuildsettings -format binary -platform iphonesimulator -o /var/folders/3w/91hphlzs0rv_1twbkfyhvn6m0000gn/T/condisco-preflight.7uyGq6/DerivedData/Build/Products/Debug-iphonesimulator/CondiscoWidget.appex/Info.plist

SwiftDriver CondiscoWidget normal arm64 com.apple.xcode.tools.swift.compiler (in target 'CondiscoWidget' from project 'Condisco')
    cd /Users/spkoehl/Projects/VerbaLibera
    builtin-SwiftDriver -- /Applications/Xcode.app/Contents/Developer/Toolchains/XcodeDefault.xctoolchain/usr/bin/swiftc -module-name CondiscoWidget -Onone @/var/folders/3w/91hphlzs0rv_1twbkfyhvn6m0000gn/T/condisco-preflight.7uyGq6/DerivedData/Build/Intermediates.noindex/Condisco.build/Debug-iphonesimulator/CondiscoWidget.build/Objects-normal/arm64/CondiscoWidget.SwiftFileList -DDEBUG -enable-bare-slash-regex -enable-experimental-feature DebugDescriptionMacro -sdk /Applications/Xcode.app/Contents/Developer/Platforms/iPhoneSimulator.platform/Developer/SDKs/iPhoneSimulator27.0.sdk -target arm64-apple-ios17.0-simulator -g -module-cache-path /var/folders/3w/91hphlzs0rv_1twbkfyhvn6m0000gn/T/condisco-preflight.7uyGq6/DerivedData/ModuleCache.noindex -Xfrontend -serialize-debugging-options -application-extension -enable-testing -index-store-path /var/folders/3w/91hphlzs0rv_1twbkfyhvn6m0000gn/T/condisco-preflight.7uyGq6/DerivedData/Index.noindex/DataStore -Xcc -D_LIBCPP_HARDENING_MODE\=_LIBCPP_HARDENING_MODE_DEBUG -swift-version 5 -I /var/folders/3w/91hphlzs0rv_1twbkfyhvn6m0000gn/T/condisco-preflight.7uyGq6/DerivedData/Build/Products/Debug-iphonesimulator -F /var/folders/3w/91hphlzs0rv_1twbkfyhvn6m0000gn/T/condisco-preflight.7uyGq6/DerivedData/Build/Products/Debug-iphonesimulator -emit-localized-strings -emit-localized-strings-path /var/folders/3w/91hphlzs0rv_1twbkfyhvn6m0000gn/T/condisco-preflight.7uyGq6/DerivedData/Build/Intermediates.noindex/Condisco.build/Debug-iphonesimulator/CondiscoWidget.build/Objects-normal/arm64 -c -j6 -enable-batch-mode -incremental -Xcc -ivfsstatcache -Xcc /var/folders/3w/91hphlzs0rv_1twbkfyhvn6m0000gn/T/condisco-preflight.7uyGq6/DerivedData/SDKStatCaches.noindex/iphonesimulator27.0-24A430-8dc58220667be655e1bcc261a7455254.sdkstatcache -output-file-map /var/folders/3w/91hphlzs0rv_1twbkfyhvn6m0000gn/T/condisco-preflight.7uyGq6/DerivedData/Build/Intermediates.noindex/Condisco.build/Debug-iphonesimulator/CondiscoWidget.build/Objects-normal/arm64/CondiscoWidget-OutputFileMap.json -save-temps -no-color-diagnostics -explicit-module-build -module-cache-path /var/folders/3w/91hphlzs0rv_1twbkfyhvn6m0000gn/T/condisco-preflight.7uyGq6/DerivedData/Build/Intermediates.noindex/SwiftExplicitPrecompiledModules -clang-scanner-module-cache-path /var/folders/3w/91hphlzs0rv_1twbkfyhvn6m0000gn/T/condisco-preflight.7uyGq6/DerivedData/ModuleCache.noindex -sdk-module-cache-path /var/folders/3w/91hphlzs0rv_1twbkfyhvn6m0000gn/T/condisco-preflight.7uyGq6/DerivedData/SDKExplicitPrecompiledModules -emit-dependencies -emit-module -emit-module-path /var/folders/3w/91hphlzs0rv_1twbkfyhvn6m0000gn/T/condisco-preflight.7uyGq6/DerivedData/Build/Intermediates.noindex/Condisco.build/Debug-iphonesimulator/CondiscoWidget.build/Objects-normal/arm64/CondiscoWidget.swiftmodule -serialize-diagnostics -dependency-scan-serialize-diagnostics-path /var/folders/3w/91hphlzs0rv_1twbkfyhvn6m0000gn/T/condisco-preflight.7uyGq6/DerivedData/Build/Intermediates.noindex/Condisco.build/Debug-iphonesimulator/CondiscoWidget.build/Objects-normal/arm64/CondiscoWidget-dependency-scan.dia -validate-clang-modules-once -clang-build-session-file /var/folders/3w/91hphlzs0rv_1twbkfyhvn6m0000gn/T/condisco-preflight.7uyGq6/DerivedData/ModuleCache.noindex/Session.modulevalidation -Xcc -fmodules-prune-interval\=86400 -Xcc -fmodules-prune-after\=345600 -emit-const-values -const-gather-protocols-list /var/folders/3w/91hphlzs0rv_1twbkfyhvn6m0000gn/T/condisco-preflight.7uyGq6/DerivedData/Build/Intermediates.noindex/Condisco.build/Debug-iphonesimulator/CondiscoWidget.build/Objects-normal/arm64/CondiscoWidget_const_extract_protocols.json -Xcc -iquote -Xcc /var/folders/3w/91hphlzs0rv_1twbkfyhvn6m0000gn/T/condisco-preflight.7uyGq6/DerivedData/Build/Intermediates.noindex/Condisco.build/Debug-iphonesimulator/CondiscoWidget.build/CondiscoWidget-generated-files.hmap -Xcc -I/var/folders/3w/91hphlzs0rv_1twbkfyhvn6m0000gn/T/condisco-preflight.7uyGq6/DerivedData/Build/Intermediates.noindex/Condisco.build/Debug-iphonesimulator/CondiscoWidget.build/CondiscoWidget-own-target-headers.hmap -Xcc -I/var/folders/3w/91hphlzs0rv_1twbkfyhvn6m0000gn/T/condisco-preflight.7uyGq6/DerivedData/Build/Intermediates.noindex/Condisco.build/Debug-iphonesimulator/CondiscoWidget.build/CondiscoWidget-all-target-headers.hmap -Xcc -iquote -Xcc /var/folders/3w/91hphlzs0rv_1twbkfyhvn6m0000gn/T/condisco-preflight.7uyGq6/DerivedData/Build/Intermediates.noindex/Condisco.build/Debug-iphonesimulator/CondiscoWidget.build/CondiscoWidget-project-headers.hmap -Xcc -I/var/folders/3w/91hphlzs0rv_1twbkfyhvn6m0000gn/T/condisco-preflight.7uyGq6/DerivedData/Build/Products/Debug-iphonesimulator/include -Xcc -I/var/folders/3w/91hphlzs0rv_1twbkfyhvn6m0000gn/T/condisco-preflight.7uyGq6/DerivedData/Build/Intermediates.noindex/Condisco.build/Debug-iphonesimulator/CondiscoWidget.build/DerivedSources-normal/arm64 -Xcc -I/var/folders/3w/91hphlzs0rv_1twbkfyhvn6m0000gn/T/condisco-preflight.7uyGq6/DerivedData/Build/Intermediates.noindex/Condisco.build/Debug-iphonesimulator/CondiscoWidget.build/DerivedSources/arm64 -Xcc -I/var/folders/3w/91hphlzs0rv_1twbkfyhvn6m0000gn/T/condisco-preflight.7uyGq6/DerivedData/Build/Intermediates.noindex/Condisco.build/Debug-iphonesimulator/CondiscoWidget.build/DerivedSources -Xcc -DDEBUG\=1 -Xcc -DDEBUG\=1 -emit-objc-header -emit-objc-header-path /var/folders/3w/91hphlzs0rv_1twbkfyhvn6m0000gn/T/condisco-preflight.7uyGq6/DerivedData/Build/Intermediates.noindex/Condisco.build/Debug-iphonesimulator/CondiscoWidget.build/Objects-normal/arm64/CondiscoWidget-Swift.h -working-directory /Users/spkoehl/Projects/VerbaLibera -experimental-emit-module-separately -disable-cmo

SwiftExplicitDependencyGeneratePcm arm64 /var/folders/3w/91hphlzs0rv_1twbkfyhvn6m0000gn/T/condisco-preflight.7uyGq6/DerivedData/SDKExplicitPrecompiledModules/SwiftShims-1UDN1UE5WMLFQOHVA5PCF4VT8.pcm

SwiftExplicitDependencyGeneratePcm arm64 /var/folders/3w/91hphlzs0rv_1twbkfyhvn6m0000gn/T/condisco-preflight.7uyGq6/DerivedData/SDKExplicitPrecompiledModules/_Builtin_stdbool-4OSQMVUTRWSEVXXSO1YD7OIS9.pcm

SwiftExplicitDependencyGeneratePcm arm64 /var/folders/3w/91hphlzs0rv_1twbkfyhvn6m0000gn/T/condisco-preflight.7uyGq6/DerivedData/SDKExplicitPrecompiledModules/_Builtin_stddef-EU14WYDVKTE5U28LNG9NIUYK6.pcm

SwiftExplicitDependencyGeneratePcm arm64 /var/folders/3w/91hphlzs0rv_1twbkfyhvn6m0000gn/T/condisco-preflight.7uyGq6/DerivedData/SDKExplicitPrecompiledModules/ptrcheck-BLTSWYBTKCDTCPLST5JKRW9OC.pcm

SwiftExplicitDependencyGeneratePcm arm64 /var/folders/3w/91hphlzs0rv_1twbkfyhvn6m0000gn/T/condisco-preflight.7uyGq6/DerivedData/SDKExplicitPrecompiledModules/_SwiftConcurrencyShims-ZB0LTVGK4X7JZ3GN5AQ5PB53.pcm

SwiftExplicitDependencyGeneratePcm arm64 /var/folders/3w/91hphlzs0rv_1twbkfyhvn6m0000gn/T/condisco-preflight.7uyGq6/DerivedData/SDKExplicitPrecompiledModules/_Builtin_float-7EEJB0GSBLS6U387CQ48RZ9G0.pcm

SwiftExplicitDependencyGeneratePcm arm64 /var/folders/3w/91hphlzs0rv_1twbkfyhvn6m0000gn/T/condisco-preflight.7uyGq6/DerivedData/SDKExplicitPrecompiledModules/_Builtin_stdarg-BEDR58LH6E2VXKV5FVPMRG1DK.pcm

SwiftExplicitDependencyGeneratePcm arm64 /var/folders/3w/91hphlzs0rv_1twbkfyhvn6m0000gn/T/condisco-preflight.7uyGq6/DerivedData/SDKExplicitPrecompiledModules/ActivityKit-EZ28M0XE43WLM4R3386P83J0I.pcm

SwiftExplicitDependencyGeneratePcm arm64 /var/folders/3w/91hphlzs0rv_1twbkfyhvn6m0000gn/T/condisco-preflight.7uyGq6/DerivedData/SDKExplicitPrecompiledModules/ptrauth-F8PR1OJBMY1ZDZ5YTS2DV8XL.pcm

SwiftExplicitDependencyGeneratePcm arm64 /var/folders/3w/91hphlzs0rv_1twbkfyhvn6m0000gn/T/condisco-preflight.7uyGq6/DerivedData/SDKExplicitPrecompiledModules/_AvailabilityInternal-AB1P5J1CN6JWB1VD4XBGBEA8F.pcm

SwiftExplicitDependencyGeneratePcm arm64 /var/folders/3w/91hphlzs0rv_1twbkfyhvn6m0000gn/T/condisco-preflight.7uyGq6/DerivedData/SDKExplicitPrecompiledModules/DeveloperToolsSupport-DTLRKS41LJM68FJOVI4M8FG6T.pcm

SwiftExplicitDependencyGeneratePcm arm64 /var/folders/3w/91hphlzs0rv_1twbkfyhvn6m0000gn/T/condisco-preflight.7uyGq6/DerivedData/SDKExplicitPrecompiledModules/_DarwinFoundation1-A9MCR7QV7UBTISB3LXBJ9OG21.pcm

SwiftExplicitDependencyGeneratePcm arm64 /var/folders/3w/91hphlzs0rv_1twbkfyhvn6m0000gn/T/condisco-preflight.7uyGq6/DerivedData/SDKExplicitPrecompiledModules/_DarwinFoundation2-91TEPQITEL11W923BDM6LL82I.pcm

SwiftExplicitDependencyGeneratePcm arm64 /var/folders/3w/91hphlzs0rv_1twbkfyhvn6m0000gn/T/condisco-preflight.7uyGq6/DerivedData/SDKExplicitPrecompiledModules/_Builtin_limits-8RS8PNVKXJEC8P7A9RH7C19MB.pcm

SwiftExplicitDependencyGeneratePcm arm64 /var/folders/3w/91hphlzs0rv_1twbkfyhvn6m0000gn/T/condisco-preflight.7uyGq6/DerivedData/SDKExplicitPrecompiledModules/ExtensionFoundation-5NT6B5BFZ18QCO2Y845XLLW0T.pcm

SwiftExplicitDependencyGeneratePcm arm64 /var/folders/3w/91hphlzs0rv_1twbkfyhvn6m0000gn/T/condisco-preflight.7uyGq6/DerivedData/SDKExplicitPrecompiledModules/_Builtin_stdint-CXJLDOYUA0M2H1YSAX1EPHUTS.pcm

SwiftExplicitDependencyGeneratePcm arm64 /var/folders/3w/91hphlzs0rv_1twbkfyhvn6m0000gn/T/condisco-preflight.7uyGq6/DerivedData/SDKExplicitPrecompiledModules/sys_types-8RGG44KYLOGR50WZNX7X8DGFV.pcm

SwiftExplicitDependencyGeneratePcm arm64 /var/folders/3w/91hphlzs0rv_1twbkfyhvn6m0000gn/T/condisco-preflight.7uyGq6/DerivedData/SDKExplicitPrecompiledModules/_Builtin_tgmath-DNY3OEPIGCD8J3VDD31G3K01Q.pcm

SwiftExplicitDependencyGeneratePcm arm64 /var/folders/3w/91hphlzs0rv_1twbkfyhvn6m0000gn/T/condisco-preflight.7uyGq6/DerivedData/SDKExplicitPrecompiledModules/string_h-ZMQY03AKMIAGC0ZEVOL66ISV.pcm

SwiftExplicitDependencyGeneratePcm arm64 /var/folders/3w/91hphlzs0rv_1twbkfyhvn6m0000gn/T/condisco-preflight.7uyGq6/DerivedData/SDKExplicitPrecompiledModules/_DarwinFoundation3-2TZ3ZO5M0VENH1R3B3LSWVRUX.pcm

SwiftExplicitDependencyGeneratePcm arm64 /var/folders/3w/91hphlzs0rv_1twbkfyhvn6m0000gn/T/condisco-preflight.7uyGq6/DerivedData/SDKExplicitPrecompiledModules/_Builtin_intrinsics-2U9GWJ9VUIOBIQOIZ3NLS9GYY.pcm

SwiftExplicitDependencyGeneratePcm arm64 /var/folders/3w/91hphlzs0rv_1twbkfyhvn6m0000gn/T/condisco-preflight.7uyGq6/DerivedData/SDKExplicitPrecompiledModules/_Builtin_stdatomic-9MLOZLWI00P50HR3JNL8ZAVKA.pcm

SwiftExplicitDependencyGeneratePcm arm64 /var/folders/3w/91hphlzs0rv_1twbkfyhvn6m0000gn/T/condisco-preflight.7uyGq6/DerivedData/SDKExplicitPrecompiledModules/_Builtin_inttypes-6IRSR2YTQ096DKT3IWT3HWERF.pcm

SwiftExplicitDependencyGeneratePcm arm64 /var/folders/3w/91hphlzs0rv_1twbkfyhvn6m0000gn/T/condisco-preflight.7uyGq6/DerivedData/SDKExplicitPrecompiledModules/Darwin-BNWIRAKPN8RELNB6FW55LB944.pcm

SwiftExplicitDependencyGeneratePcm arm64 /var/folders/3w/91hphlzs0rv_1twbkfyhvn6m0000gn/T/condisco-preflight.7uyGq6/DerivedData/SDKExplicitPrecompiledModules/simd-DY284KK8I9EWA4QJA11DKL4KX.pcm

SwiftExplicitDependencyGeneratePcm arm64 /var/folders/3w/91hphlzs0rv_1twbkfyhvn6m0000gn/T/condisco-preflight.7uyGq6/DerivedData/SDKExplicitPrecompiledModules/MachO-3LCQ5BAHY6UM4NJKWQ11ARKOS.pcm

SwiftExplicitDependencyGeneratePcm arm64 /var/folders/3w/91hphlzs0rv_1twbkfyhvn6m0000gn/T/condisco-preflight.7uyGq6/DerivedData/SDKExplicitPrecompiledModules/ObjectiveC-98YZZIJ6QSW72RWGIQSUAZ459.pcm

SwiftExplicitDependencyGeneratePcm arm64 /var/folders/3w/91hphlzs0rv_1twbkfyhvn6m0000gn/T/condisco-preflight.7uyGq6/DerivedData/SDKExplicitPrecompiledModules/os_object-3ZD81K1L0D86GQ48R953BI63J.pcm

SwiftExplicitDependencyGeneratePcm arm64 /var/folders/3w/91hphlzs0rv_1twbkfyhvn6m0000gn/T/condisco-preflight.7uyGq6/DerivedData/SDKExplicitPrecompiledModules/os_workgroup-5DDUCPHIJSP95NN8BIH7Q8V2N.pcm

SwiftExplicitDependencyGeneratePcm arm64 /var/folders/3w/91hphlzs0rv_1twbkfyhvn6m0000gn/T/condisco-preflight.7uyGq6/DerivedData/SDKExplicitPrecompiledModules/Spatial-B07WO8KF8FTG1DL19717LJ3G2.pcm

SwiftExplicitDependencyGeneratePcm arm64 /var/folders/3w/91hphlzs0rv_1twbkfyhvn6m0000gn/T/condisco-preflight.7uyGq6/DerivedData/SDKExplicitPrecompiledModules/Dispatch-BJUAW0XWB1HGJKCQWSSGOZC5R.pcm

SwiftExplicitDependencyGeneratePcm arm64 /var/folders/3w/91hphlzs0rv_1twbkfyhvn6m0000gn/T/condisco-preflight.7uyGq6/DerivedData/SDKExplicitPrecompiledModules/XPC-ED1UQD6JKTX4O0ISCCKR10ZT7.pcm

SwiftExplicitDependencyGeneratePcm arm64 /var/folders/3w/91hphlzs0rv_1twbkfyhvn6m0000gn/T/condisco-preflight.7uyGq6/DerivedData/SDKExplicitPrecompiledModules/CoreFoundation-EUZ8ICY3UJ460GCYZ80U9F180.pcm

SwiftExplicitDependencyGeneratePcm arm64 /var/folders/3w/91hphlzs0rv_1twbkfyhvn6m0000gn/T/condisco-preflight.7uyGq6/DerivedData/SDKExplicitPrecompiledModules/dnssd-9OSUYU8GR77QT5G233O6RYM1Z.pcm

SwiftExplicitDependencyGeneratePcm arm64 /var/folders/3w/91hphlzs0rv_1twbkfyhvn6m0000gn/T/condisco-preflight.7uyGq6/DerivedData/SDKExplicitPrecompiledModules/os-AQEACBOB6HKSCN8BT5YF3AERG.pcm

SwiftExplicitDependencyGeneratePcm arm64 /var/folders/3w/91hphlzs0rv_1twbkfyhvn6m0000gn/T/condisco-preflight.7uyGq6/DerivedData/SDKExplicitPrecompiledModules/CFNetwork-7C2PQXNMOLZZ7X2NHLAMCFA0Q.pcm

SwiftExplicitDependencyGeneratePcm arm64 /var/folders/3w/91hphlzs0rv_1twbkfyhvn6m0000gn/T/condisco-preflight.7uyGq6/DerivedData/SDKExplicitPrecompiledModules/CoreGraphics-92R6IVZAJ6SXY53J623Z8C1RT.pcm

SwiftExplicitDependencyGeneratePcm arm64 /var/folders/3w/91hphlzs0rv_1twbkfyhvn6m0000gn/T/condisco-preflight.7uyGq6/DerivedData/SDKExplicitPrecompiledModules/Security-7ZUVRAZ77475KXYJ25WS6NZWH.pcm

SwiftExplicitDependencyGeneratePcm arm64 /var/folders/3w/91hphlzs0rv_1twbkfyhvn6m0000gn/T/condisco-preflight.7uyGq6/DerivedData/SDKExplicitPrecompiledModules/CoreAudioTypes-58SOVRRQ5LBTCQSB484BQVBPZ.pcm

SwiftExplicitDependencyGeneratePcm arm64 /var/folders/3w/91hphlzs0rv_1twbkfyhvn6m0000gn/T/condisco-preflight.7uyGq6/DerivedData/SDKExplicitPrecompiledModules/CoreAudio-7M30FTB5CNQ6QX1V6PT0MHU0V.pcm

SwiftExplicitDependencyGeneratePcm arm64 /var/folders/3w/91hphlzs0rv_1twbkfyhvn6m0000gn/T/condisco-preflight.7uyGq6/DerivedData/SDKExplicitPrecompiledModules/Foundation-AWPSAI7711W1PNCHN2QR4FV1Y.pcm

SwiftExplicitDependencyGeneratePcm arm64 /var/folders/3w/91hphlzs0rv_1twbkfyhvn6m0000gn/T/condisco-preflight.7uyGq6/DerivedData/SDKExplicitPrecompiledModules/CoreText-AEWSL9GRMD00Q0J12N6F3Q59Q.pcm

SwiftExplicitDependencyGeneratePcm arm64 /var/folders/3w/91hphlzs0rv_1twbkfyhvn6m0000gn/T/condisco-preflight.7uyGq6/DerivedData/SDKExplicitPrecompiledModules/ImageIO-EVUISL5E5ZMUSU8ADWZNQNIW.pcm

SwiftExplicitDependencyGeneratePcm arm64 /var/folders/3w/91hphlzs0rv_1twbkfyhvn6m0000gn/T/condisco-preflight.7uyGq6/DerivedData/SDKExplicitPrecompiledModules/WidgetKit-7CJTG0ZZC3K1KDQKDMKCPTE0B.pcm

SwiftExplicitDependencyGeneratePcm arm64 /var/folders/3w/91hphlzs0rv_1twbkfyhvn6m0000gn/T/condisco-preflight.7uyGq6/DerivedData/SDKExplicitPrecompiledModules/CoreTransferable-BTZBL5HZKRBJDU7TBXG6VF48G.pcm

SwiftExplicitDependencyGeneratePcm arm64 /var/folders/3w/91hphlzs0rv_1twbkfyhvn6m0000gn/T/condisco-preflight.7uyGq6/DerivedData/SDKExplicitPrecompiledModules/RelevanceKit-AWSJA4T9MF3OOMAU6DH7AIWFD.pcm

SwiftExplicitDependencyGeneratePcm arm64 /var/folders/3w/91hphlzs0rv_1twbkfyhvn6m0000gn/T/condisco-preflight.7uyGq6/DerivedData/SDKExplicitPrecompiledModules/UniformTypeIdentifiers-2IL1AJSPN0L0ACBT3ULB01HW9.pcm

SwiftExplicitDependencyGeneratePcm arm64 /var/folders/3w/91hphlzs0rv_1twbkfyhvn6m0000gn/T/condisco-preflight.7uyGq6/DerivedData/SDKExplicitPrecompiledModules/AppIntents-YVJZ3CWKJD333FR49KHJLYBL.pcm

SwiftExplicitDependencyGeneratePcm arm64 /var/folders/3w/91hphlzs0rv_1twbkfyhvn6m0000gn/T/condisco-preflight.7uyGq6/DerivedData/SDKExplicitPrecompiledModules/Symbols-1322DJJREKFC4PJN19N64FKS1.pcm

SwiftExplicitDependencyGeneratePcm arm64 /var/folders/3w/91hphlzs0rv_1twbkfyhvn6m0000gn/T/condisco-preflight.7uyGq6/DerivedData/SDKExplicitPrecompiledModules/_LocationEssentials-6W1HOW1GRP55Y8G3DCCMQEV01.pcm

SwiftExplicitDependencyGeneratePcm arm64 /var/folders/3w/91hphlzs0rv_1twbkfyhvn6m0000gn/T/condisco-preflight.7uyGq6/DerivedData/SDKExplicitPrecompiledModules/FileProvider-8MX8J78FAMYM93I9GOI0SXYTD.pcm

SwiftExplicitDependencyGeneratePcm arm64 /var/folders/3w/91hphlzs0rv_1twbkfyhvn6m0000gn/T/condisco-preflight.7uyGq6/DerivedData/SDKExplicitPrecompiledModules/UIUtilities-5BKYTEVHF8J1COCSK8THVWGNZ.pcm

SwiftExplicitDependencyGeneratePcm arm64 /var/folders/3w/91hphlzs0rv_1twbkfyhvn6m0000gn/T/condisco-preflight.7uyGq6/DerivedData/SDKExplicitPrecompiledModules/AppIntentsTypeSupport-5P0GEFS937ZP00O9PYJALFZ2N.pcm

SwiftExplicitDependencyGeneratePcm arm64 /var/folders/3w/91hphlzs0rv_1twbkfyhvn6m0000gn/T/condisco-preflight.7uyGq6/DerivedData/SDKExplicitPrecompiledModules/OSLog-9Q06TXH2T1USGZ8VUOKBRILOX.pcm

SwiftExplicitDependencyGeneratePcm arm64 /var/folders/3w/91hphlzs0rv_1twbkfyhvn6m0000gn/T/condisco-preflight.7uyGq6/DerivedData/SDKExplicitPrecompiledModules/UserNotifications-63ACZ1GRW3YZZK9Y10Q9C7UQM.pcm

SwiftExplicitDependencyGeneratePcm arm64 /var/folders/3w/91hphlzs0rv_1twbkfyhvn6m0000gn/T/condisco-preflight.7uyGq6/DerivedData/SDKExplicitPrecompiledModules/CoreSpotlight-7IWVKAMTK6V8J9WWEP452NEB2.pcm

SwiftExplicitDependencyGeneratePcm arm64 /var/folders/3w/91hphlzs0rv_1twbkfyhvn6m0000gn/T/condisco-preflight.7uyGq6/DerivedData/SDKExplicitPrecompiledModules/Network-3K96PCIJP1D5L8V8L0NLRHMYB.pcm

SwiftExplicitDependencyGeneratePcm arm64 /var/folders/3w/91hphlzs0rv_1twbkfyhvn6m0000gn/T/condisco-preflight.7uyGq6/DerivedData/SDKExplicitPrecompiledModules/DataDetection-E7C3HKOWME5G5ZDREUM5U18AL.pcm

SwiftExplicitDependencyGeneratePcm arm64 /var/folders/3w/91hphlzs0rv_1twbkfyhvn6m0000gn/T/condisco-preflight.7uyGq6/DerivedData/SDKExplicitPrecompiledModules/Accessibility-2NZQEICYBKCJBUS6R6O5PGPRH.pcm

SwiftExplicitDependencyGeneratePcm arm64 /var/folders/3w/91hphlzs0rv_1twbkfyhvn6m0000gn/T/condisco-preflight.7uyGq6/DerivedData/SDKExplicitPrecompiledModules/IOSurface-6EGBIL9KJ87OCCK5KBMCDSI5C.pcm

SwiftExplicitDependencyGeneratePcm arm64 /var/folders/3w/91hphlzs0rv_1twbkfyhvn6m0000gn/T/condisco-preflight.7uyGq6/DerivedData/SDKExplicitPrecompiledModules/CoreData-68USKORXLRYLZIMB2H0Y4QPJF.pcm

SwiftExplicitDependencyGeneratePcm arm64 /var/folders/3w/91hphlzs0rv_1twbkfyhvn6m0000gn/T/condisco-preflight.7uyGq6/DerivedData/SDKExplicitPrecompiledModules/OpenGLES-567MTTFQV60SG8MUB1QY3OEYE.pcm

SwiftExplicitDependencyGeneratePcm arm64 /var/folders/3w/91hphlzs0rv_1twbkfyhvn6m0000gn/T/condisco-preflight.7uyGq6/DerivedData/SDKExplicitPrecompiledModules/CoreLocation-EIJAE2MW9F19PDR7GZSK09W1A.pcm

SwiftExplicitDependencyGeneratePcm arm64 /var/folders/3w/91hphlzs0rv_1twbkfyhvn6m0000gn/T/condisco-preflight.7uyGq6/DerivedData/SDKExplicitPrecompiledModules/Metal-DBBIACHMA1GSMKGHY80XYMY47.pcm

SwiftExplicitDependencyGeneratePcm arm64 /var/folders/3w/91hphlzs0rv_1twbkfyhvn6m0000gn/T/condisco-preflight.7uyGq6/DerivedData/SDKExplicitPrecompiledModules/CoreMotion-46GH189F2E4QRQWGSZMC0NG66.pcm

SwiftExplicitDependencyGeneratePcm arm64 /var/folders/3w/91hphlzs0rv_1twbkfyhvn6m0000gn/T/condisco-preflight.7uyGq6/DerivedData/SDKExplicitPrecompiledModules/Intents-6ZPSCIP3WDS2516EH9ZWBQTVP.pcm

SwiftExplicitDependencyGeneratePcm arm64 /var/folders/3w/91hphlzs0rv_1twbkfyhvn6m0000gn/T/condisco-preflight.7uyGq6/DerivedData/SDKExplicitPrecompiledModules/CoreVideo-1UMRJPPS08FCOCKQZZ38JQ4YH.pcm

SwiftExplicitDependencyGeneratePcm arm64 /var/folders/3w/91hphlzs0rv_1twbkfyhvn6m0000gn/T/condisco-preflight.7uyGq6/DerivedData/SDKExplicitPrecompiledModules/CoreImage-4B2DVEP8KFSQ19BCJFJG6MII.pcm

SwiftExplicitDependencyGeneratePcm arm64 /var/folders/3w/91hphlzs0rv_1twbkfyhvn6m0000gn/T/condisco-preflight.7uyGq6/DerivedData/SDKExplicitPrecompiledModules/QuartzCore-AGKL1TUMX9T4JMJ0PR0A55P9.pcm

SwiftExplicitDependencyGeneratePcm arm64 /var/folders/3w/91hphlzs0rv_1twbkfyhvn6m0000gn/T/condisco-preflight.7uyGq6/DerivedData/SDKExplicitPrecompiledModules/CoreMedia-D6DT6VQRL3ZA46ZS40ZTKJ3LE.pcm

SwiftExplicitDependencyGeneratePcm arm64 /var/folders/3w/91hphlzs0rv_1twbkfyhvn6m0000gn/T/condisco-preflight.7uyGq6/DerivedData/SDKExplicitPrecompiledModules/SwiftUICore-CS3CA0Q65UGDH4AB837MSR7WT.pcm

SwiftExplicitDependencyGeneratePcm arm64 /var/folders/3w/91hphlzs0rv_1twbkfyhvn6m0000gn/T/condisco-preflight.7uyGq6/DerivedData/SDKExplicitPrecompiledModules/UIKit-8IJ4FR8ZX40O2ZE2QP5EAG8FE.pcm

SwiftExplicitDependencyGeneratePcm arm64 /var/folders/3w/91hphlzs0rv_1twbkfyhvn6m0000gn/T/condisco-preflight.7uyGq6/DerivedData/SDKExplicitPrecompiledModules/SwiftUI-6QNB6XHAXYXCQQYJBNS7U6IT.pcm

SwiftCompile normal arm64 Compiling\ CondiscoWidget.swift /Users/spkoehl/Projects/VerbaLibera/CondiscoWidget/CondiscoWidget.swift (in target 'CondiscoWidget' from project 'Condisco')

SwiftCompile normal arm64 /Users/spkoehl/Projects/VerbaLibera/CondiscoWidget/CondiscoWidget.swift (in target 'CondiscoWidget' from project 'Condisco')
    cd /Users/spkoehl/Projects/VerbaLibera
    builtin-SwiftPerFileCompile CondiscoWidget.swift

SwiftEmitModule normal arm64 Emitting\ module\ for\ CondiscoWidget (in target 'CondiscoWidget' from project 'Condisco')

SwiftCompile normal arm64 (in target 'CondiscoWidget' from project 'Condisco')
    cd /Users/spkoehl/Projects/VerbaLibera
    

SwiftCompile normal arm64 Compiling\ WidgetSnapshot.swift /Users/spkoehl/Projects/VerbaLibera/Condisco/Store/WidgetSnapshot.swift (in target 'CondiscoWidget' from project 'Condisco')

SwiftCompile normal arm64 /Users/spkoehl/Projects/VerbaLibera/Condisco/Store/WidgetSnapshot.swift (in target 'CondiscoWidget' from project 'Condisco')
    cd /Users/spkoehl/Projects/VerbaLibera
    builtin-SwiftPerFileCompile WidgetSnapshot.swift

SwiftDriverJobDiscovery normal arm64 Emitting module for CondiscoWidget (in target 'CondiscoWidget' from project 'Condisco')

SwiftDriver\ Compilation\ Requirements CondiscoWidget normal arm64 com.apple.xcode.tools.swift.compiler (in target 'CondiscoWidget' from project 'Condisco')
    cd /Users/spkoehl/Projects/VerbaLibera
    builtin-Swift-Compilation-Requirements -- /Applications/Xcode.app/Contents/Developer/Toolchains/XcodeDefault.xctoolchain/usr/bin/swiftc -module-name CondiscoWidget -Onone @/var/folders/3w/91hphlzs0rv_1twbkfyhvn6m0000gn/T/condisco-preflight.7uyGq6/DerivedData/Build/Intermediates.noindex/Condisco.build/Debug-iphonesimulator/CondiscoWidget.build/Objects-normal/arm64/CondiscoWidget.SwiftFileList -DDEBUG -enable-bare-slash-regex -enable-experimental-feature DebugDescriptionMacro -sdk /Applications/Xcode.app/Contents/Developer/Platforms/iPhoneSimulator.platform/Developer/SDKs/iPhoneSimulator27.0.sdk -target arm64-apple-ios17.0-simulator -g -module-cache-path /var/folders/3w/91hphlzs0rv_1twbkfyhvn6m0000gn/T/condisco-preflight.7uyGq6/DerivedData/ModuleCache.noindex -Xfrontend -serialize-debugging-options -application-extension -enable-testing -index-store-path /var/folders/3w/91hphlzs0rv_1twbkfyhvn6m0000gn/T/condisco-preflight.7uyGq6/DerivedData/Index.noindex/DataStore -Xcc -D_LIBCPP_HARDENING_MODE\=_LIBCPP_HARDENING_MODE_DEBUG -swift-version 5 -I /var/folders/3w/91hphlzs0rv_1twbkfyhvn6m0000gn/T/condisco-preflight.7uyGq6/DerivedData/Build/Products/Debug-iphonesimulator -F /var/folders/3w/91hphlzs0rv_1twbkfyhvn6m0000gn/T/condisco-preflight.7uyGq6/DerivedData/Build/Products/Debug-iphonesimulator -emit-localized-strings -emit-localized-strings-path /var/folders/3w/91hphlzs0rv_1twbkfyhvn6m0000gn/T/condisco-preflight.7uyGq6/DerivedData/Build/Intermediates.noindex/Condisco.build/Debug-iphonesimulator/CondiscoWidget.build/Objects-normal/arm64 -c -j6 -enable-batch-mode -incremental -Xcc -ivfsstatcache -Xcc /var/folders/3w/91hphlzs0rv_1twbkfyhvn6m0000gn/T/condisco-preflight.7uyGq6/DerivedData/SDKStatCaches.noindex/iphonesimulator27.0-24A430-8dc58220667be655e1bcc261a7455254.sdkstatcache -output-file-map /var/folders/3w/91hphlzs0rv_1twbkfyhvn6m0000gn/T/condisco-preflight.7uyGq6/DerivedData/Build/Intermediates.noindex/Condisco.build/Debug-iphonesimulator/CondiscoWidget.build/Objects-normal/arm64/CondiscoWidget-OutputFileMap.json -save-temps -no-color-diagnostics -explicit-module-build -module-cache-path /var/folders/3w/91hphlzs0rv_1twbkfyhvn6m0000gn/T/condisco-preflight.7uyGq6/DerivedData/Build/Intermediates.noindex/SwiftExplicitPrecompiledModules -clang-scanner-module-cache-path /var/folders/3w/91hphlzs0rv_1twbkfyhvn6m0000gn/T/condisco-preflight.7uyGq6/DerivedData/ModuleCache.noindex -sdk-module-cache-path /var/folders/3w/91hphlzs0rv_1twbkfyhvn6m0000gn/T/condisco-preflight.7uyGq6/DerivedData/SDKExplicitPrecompiledModules -emit-dependencies -emit-module -emit-module-path /var/folders/3w/91hphlzs0rv_1twbkfyhvn6m0000gn/T/condisco-preflight.7uyGq6/DerivedData/Build/Intermediates.noindex/Condisco.build/Debug-iphonesimulator/CondiscoWidget.build/Objects-normal/arm64/CondiscoWidget.swiftmodule -serialize-diagnostics -dependency-scan-serialize-diagnostics-path /var/folders/3w/91hphlzs0rv_1twbkfyhvn6m0000gn/T/condisco-preflight.7uyGq6/DerivedData/Build/Intermediates.noindex/Condisco.build/Debug-iphonesimulator/CondiscoWidget.build/Objects-normal/arm64/CondiscoWidget-dependency-scan.dia -validate-clang-modules-once -clang-build-session-file /var/folders/3w/91hphlzs0rv_1twbkfyhvn6m0000gn/T/condisco-preflight.7uyGq6/DerivedData/ModuleCache.noindex/Session.modulevalidation -Xcc -fmodules-prune-interval\=86400 -Xcc -fmodules-prune-after\=345600 -emit-const-values -const-gather-protocols-list /var/folders/3w/91hphlzs0rv_1twbkfyhvn6m0000gn/T/condisco-preflight.7uyGq6/DerivedData/Build/Intermediates.noindex/Condisco.build/Debug-iphonesimulator/CondiscoWidget.build/Objects-normal/arm64/CondiscoWidget_const_extract_protocols.json -Xcc -iquote -Xcc /var/folders/3w/91hphlzs0rv_1twbkfyhvn6m0000gn/T/condisco-preflight.7uyGq6/DerivedData/Build/Intermediates.noindex/Condisco.build/Debug-iphonesimulator/CondiscoWidget.build/CondiscoWidget-generated-files.hmap -Xcc -I/var/folders/3w/91hphlzs0rv_1twbkfyhvn6m0000gn/T/condisco-preflight.7uyGq6/DerivedData/Build/Intermediates.noindex/Condisco.build/Debug-iphonesimulator/CondiscoWidget.build/CondiscoWidget-own-target-headers.hmap -Xcc -I/var/folders/3w/91hphlzs0rv_1twbkfyhvn6m0000gn/T/condisco-preflight.7uyGq6/DerivedData/Build/Intermediates.noindex/Condisco.build/Debug-iphonesimulator/CondiscoWidget.build/CondiscoWidget-all-target-headers.hmap -Xcc -iquote -Xcc /var/folders/3w/91hphlzs0rv_1twbkfyhvn6m0000gn/T/condisco-preflight.7uyGq6/DerivedData/Build/Intermediates.noindex/Condisco.build/Debug-iphonesimulator/CondiscoWidget.build/CondiscoWidget-project-headers.hmap -Xcc -I/var/folders/3w/91hphlzs0rv_1twbkfyhvn6m0000gn/T/condisco-preflight.7uyGq6/DerivedData/Build/Products/Debug-iphonesimulator/include -Xcc -I/var/folders/3w/91hphlzs0rv_1twbkfyhvn6m0000gn/T/condisco-preflight.7uyGq6/DerivedData/Build/Intermediates.noindex/Condisco.build/Debug-iphonesimulator/CondiscoWidget.build/DerivedSources-normal/arm64 -Xcc -I/var/folders/3w/91hphlzs0rv_1twbkfyhvn6m0000gn/T/condisco-preflight.7uyGq6/DerivedData/Build/Intermediates.noindex/Condisco.build/Debug-iphonesimulator/CondiscoWidget.build/DerivedSources/arm64 -Xcc -I/var/folders/3w/91hphlzs0rv_1twbkfyhvn6m0000gn/T/condisco-preflight.7uyGq6/DerivedData/Build/Intermediates.noindex/Condisco.build/Debug-iphonesimulator/CondiscoWidget.build/DerivedSources -Xcc -DDEBUG\=1 -Xcc -DDEBUG\=1 -emit-objc-header -emit-objc-header-path /var/folders/3w/91hphlzs0rv_1twbkfyhvn6m0000gn/T/condisco-preflight.7uyGq6/DerivedData/Build/Intermediates.noindex/Condisco.build/Debug-iphonesimulator/CondiscoWidget.build/Objects-normal/arm64/CondiscoWidget-Swift.h -working-directory /Users/spkoehl/Projects/VerbaLibera -experimental-emit-module-separately -disable-cmo

SwiftMergeGeneratedHeaders /var/folders/3w/91hphlzs0rv_1twbkfyhvn6m0000gn/T/condisco-preflight.7uyGq6/DerivedData/Build/Intermediates.noindex/Condisco.build/Debug-iphonesimulator/CondiscoWidget.build/DerivedSources/CondiscoWidget-Swift.h /var/folders/3w/91hphlzs0rv_1twbkfyhvn6m0000gn/T/condisco-preflight.7uyGq6/DerivedData/Build/Intermediates.noindex/Condisco.build/Debug-iphonesimulator/CondiscoWidget.build/Objects-normal/arm64/CondiscoWidget-Swift.h (in target 'CondiscoWidget' from project 'Condisco')
    cd /Users/spkoehl/Projects/VerbaLibera
    builtin-swiftHeaderTool -arch arm64 /var/folders/3w/91hphlzs0rv_1twbkfyhvn6m0000gn/T/condisco-preflight.7uyGq6/DerivedData/Build/Intermediates.noindex/Condisco.build/Debug-iphonesimulator/CondiscoWidget.build/Objects-normal/arm64/CondiscoWidget-Swift.h -o /var/folders/3w/91hphlzs0rv_1twbkfyhvn6m0000gn/T/condisco-preflight.7uyGq6/DerivedData/Build/Intermediates.noindex/Condisco.build/Debug-iphonesimulator/CondiscoWidget.build/DerivedSources/CondiscoWidget-Swift.h

Copy /var/folders/3w/91hphlzs0rv_1twbkfyhvn6m0000gn/T/condisco-preflight.7uyGq6/DerivedData/Build/Products/Debug-iphonesimulator/CondiscoWidget.swiftmodule/arm64-apple-ios-simulator.swiftmodule /var/folders/3w/91hphlzs0rv_1twbkfyhvn6m0000gn/T/condisco-preflight.7uyGq6/DerivedData/Build/Intermediates.noindex/Condisco.build/Debug-iphonesimulator/CondiscoWidget.build/Objects-normal/arm64/CondiscoWidget.swiftmodule (in target 'CondiscoWidget' from project 'Condisco')
    cd /Users/spkoehl/Projects/VerbaLibera
    builtin-copy -exclude .DS_Store -exclude CVS -exclude .svn -exclude .git -exclude .hg -resolve-src-symlinks -rename /var/folders/3w/91hphlzs0rv_1twbkfyhvn6m0000gn/T/condisco-preflight.7uyGq6/DerivedData/Build/Intermediates.noindex/Condisco.build/Debug-iphonesimulator/CondiscoWidget.build/Objects-normal/arm64/CondiscoWidget.swiftmodule /var/folders/3w/91hphlzs0rv_1twbkfyhvn6m0000gn/T/condisco-preflight.7uyGq6/DerivedData/Build/Products/Debug-iphonesimulator/CondiscoWidget.swiftmodule/arm64-apple-ios-simulator.swiftmodule

Copy /var/folders/3w/91hphlzs0rv_1twbkfyhvn6m0000gn/T/condisco-preflight.7uyGq6/DerivedData/Build/Products/Debug-iphonesimulator/CondiscoWidget.swiftmodule/arm64-apple-ios-simulator.swiftdoc /var/folders/3w/91hphlzs0rv_1twbkfyhvn6m0000gn/T/condisco-preflight.7uyGq6/DerivedData/Build/Intermediates.noindex/Condisco.build/Debug-iphonesimulator/CondiscoWidget.build/Objects-normal/arm64/CondiscoWidget.swiftdoc (in target 'CondiscoWidget' from project 'Condisco')
    cd /Users/spkoehl/Projects/VerbaLibera
    builtin-copy -exclude .DS_Store -exclude CVS -exclude .svn -exclude .git -exclude .hg -resolve-src-symlinks -rename /var/folders/3w/91hphlzs0rv_1twbkfyhvn6m0000gn/T/condisco-preflight.7uyGq6/DerivedData/Build/Intermediates.noindex/Condisco.build/Debug-iphonesimulator/CondiscoWidget.build/Objects-normal/arm64/CondiscoWidget.swiftdoc /var/folders/3w/91hphlzs0rv_1twbkfyhvn6m0000gn/T/condisco-preflight.7uyGq6/DerivedData/Build/Products/Debug-iphonesimulator/CondiscoWidget.swiftmodule/arm64-apple-ios-simulator.swiftdoc

Copy /var/folders/3w/91hphlzs0rv_1twbkfyhvn6m0000gn/T/condisco-preflight.7uyGq6/DerivedData/Build/Products/Debug-iphonesimulator/CondiscoWidget.swiftmodule/arm64-apple-ios-simulator.abi.json /var/folders/3w/91hphlzs0rv_1twbkfyhvn6m0000gn/T/condisco-preflight.7uyGq6/DerivedData/Build/Intermediates.noindex/Condisco.build/Debug-iphonesimulator/CondiscoWidget.build/Objects-normal/arm64/CondiscoWidget.abi.json (in target 'CondiscoWidget' from project 'Condisco')
    cd /Users/spkoehl/Projects/VerbaLibera
    builtin-copy -exclude .DS_Store -exclude CVS -exclude .svn -exclude .git -exclude .hg -resolve-src-symlinks -rename /var/folders/3w/91hphlzs0rv_1twbkfyhvn6m0000gn/T/condisco-preflight.7uyGq6/DerivedData/Build/Intermediates.noindex/Condisco.build/Debug-iphonesimulator/CondiscoWidget.build/Objects-normal/arm64/CondiscoWidget.abi.json /var/folders/3w/91hphlzs0rv_1twbkfyhvn6m0000gn/T/condisco-preflight.7uyGq6/DerivedData/Build/Products/Debug-iphonesimulator/CondiscoWidget.swiftmodule/arm64-apple-ios-simulator.abi.json

Copy /var/folders/3w/91hphlzs0rv_1twbkfyhvn6m0000gn/T/condisco-preflight.7uyGq6/DerivedData/Build/Products/Debug-iphonesimulator/CondiscoWidget.swiftmodule/Project/arm64-apple-ios-simulator.swiftsourceinfo /var/folders/3w/91hphlzs0rv_1twbkfyhvn6m0000gn/T/condisco-preflight.7uyGq6/DerivedData/Build/Intermediates.noindex/Condisco.build/Debug-iphonesimulator/CondiscoWidget.build/Objects-normal/arm64/CondiscoWidget.swiftsourceinfo (in target 'CondiscoWidget' from project 'Condisco')
    cd /Users/spkoehl/Projects/VerbaLibera
    builtin-copy -exclude .DS_Store -exclude CVS -exclude .svn -exclude .git -exclude .hg -resolve-src-symlinks -rename /var/folders/3w/91hphlzs0rv_1twbkfyhvn6m0000gn/T/condisco-preflight.7uyGq6/DerivedData/Build/Intermediates.noindex/Condisco.build/Debug-iphonesimulator/CondiscoWidget.build/Objects-normal/arm64/CondiscoWidget.swiftsourceinfo /var/folders/3w/91hphlzs0rv_1twbkfyhvn6m0000gn/T/condisco-preflight.7uyGq6/DerivedData/Build/Products/Debug-iphonesimulator/CondiscoWidget.swiftmodule/Project/arm64-apple-ios-simulator.swiftsourceinfo

ProcessProductPackaging /Users/spkoehl/Projects/VerbaLibera/Condisco/Condisco.entitlements /var/folders/3w/91hphlzs0rv_1twbkfyhvn6m0000gn/T/condisco-preflight.7uyGq6/DerivedData/Build/Intermediates.noindex/Condisco.build/Debug-iphonesimulator/Condisco.build/Condisco.app.xcent (in target 'Condisco' from project 'Condisco')
    cd /Users/spkoehl/Projects/VerbaLibera
    
    Entitlements:
    
    {
}
    
    builtin-productPackagingUtility /Users/spkoehl/Projects/VerbaLibera/Condisco/Condisco.entitlements -entitlements -format xml -o /var/folders/3w/91hphlzs0rv_1twbkfyhvn6m0000gn/T/condisco-preflight.7uyGq6/DerivedData/Build/Intermediates.noindex/Condisco.build/Debug-iphonesimulator/Condisco.build/Condisco.app.xcent

ProcessProductPackaging /Users/spkoehl/Projects/VerbaLibera/Condisco/Condisco.entitlements /var/folders/3w/91hphlzs0rv_1twbkfyhvn6m0000gn/T/condisco-preflight.7uyGq6/DerivedData/Build/Intermediates.noindex/Condisco.build/Debug-iphonesimulator/Condisco.build/Condisco.app-Simulated.xcent (in target 'Condisco' from project 'Condisco')
    cd /Users/spkoehl/Projects/VerbaLibera
    
    Entitlements:
    
    {
    "application-identifier" = "PN9T9MT37J.com.sleuthysloth.condisco";
    "com.apple.security.application-groups" =     (
        "group.com.sleuthysloth.condisco"
    );
}
    
    builtin-productPackagingUtility /Users/spkoehl/Projects/VerbaLibera/Condisco/Condisco.entitlements -entitlements -format xml -o /var/folders/3w/91hphlzs0rv_1twbkfyhvn6m0000gn/T/condisco-preflight.7uyGq6/DerivedData/Build/Intermediates.noindex/Condisco.build/Debug-iphonesimulator/Condisco.build/Condisco.app-Simulated.xcent

ProcessProductPackagingDER /var/folders/3w/91hphlzs0rv_1twbkfyhvn6m0000gn/T/condisco-preflight.7uyGq6/DerivedData/Build/Intermediates.noindex/Condisco.build/Debug-iphonesimulator/Condisco.build/Condisco.app.xcent /var/folders/3w/91hphlzs0rv_1twbkfyhvn6m0000gn/T/condisco-preflight.7uyGq6/DerivedData/Build/Intermediates.noindex/Condisco.build/Debug-iphonesimulator/Condisco.build/Condisco.app.xcent.der (in target 'Condisco' from project 'Condisco')
    cd /Users/spkoehl/Projects/VerbaLibera
    /usr/bin/derq query -f xml -i /var/folders/3w/91hphlzs0rv_1twbkfyhvn6m0000gn/T/condisco-preflight.7uyGq6/DerivedData/Build/Intermediates.noindex/Condisco.build/Debug-iphonesimulator/Condisco.build/Condisco.app.xcent -o /var/folders/3w/91hphlzs0rv_1twbkfyhvn6m0000gn/T/condisco-preflight.7uyGq6/DerivedData/Build/Intermediates.noindex/Condisco.build/Debug-iphonesimulator/Condisco.build/Condisco.app.xcent.der --raw

ProcessProductPackagingDER /var/folders/3w/91hphlzs0rv_1twbkfyhvn6m0000gn/T/condisco-preflight.7uyGq6/DerivedData/Build/Intermediates.noindex/Condisco.build/Debug-iphonesimulator/Condisco.build/Condisco.app-Simulated.xcent /var/folders/3w/91hphlzs0rv_1twbkfyhvn6m0000gn/T/condisco-preflight.7uyGq6/DerivedData/Build/Intermediates.noindex/Condisco.build/Debug-iphonesimulator/Condisco.build/Condisco.app-Simulated.xcent.der (in target 'Condisco' from project 'Condisco')
    cd /Users/spkoehl/Projects/VerbaLibera
    /usr/bin/derq query -f xml -i /var/folders/3w/91hphlzs0rv_1twbkfyhvn6m0000gn/T/condisco-preflight.7uyGq6/DerivedData/Build/Intermediates.noindex/Condisco.build/Debug-iphonesimulator/Condisco.build/Condisco.app-Simulated.xcent -o /var/folders/3w/91hphlzs0rv_1twbkfyhvn6m0000gn/T/condisco-preflight.7uyGq6/DerivedData/Build/Intermediates.noindex/Condisco.build/Debug-iphonesimulator/Condisco.build/Condisco.app-Simulated.xcent.der --raw

GenerateAssetSymbols /Users/spkoehl/Projects/VerbaLibera/Condisco/Assets.xcassets (in target 'Condisco' from project 'Condisco')
    cd /Users/spkoehl/Projects/VerbaLibera
    /Applications/Xcode.app/Contents/Developer/usr/bin/actool /Users/spkoehl/Projects/VerbaLibera/Condisco/Assets.xcassets --compile /var/folders/3w/91hphlzs0rv_1twbkfyhvn6m0000gn/T/condisco-preflight.7uyGq6/DerivedData/Build/Products/Debug-iphonesimulator/Condisco.app --output-format human-readable-text --notices --warnings --export-dependency-info /var/folders/3w/91hphlzs0rv_1twbkfyhvn6m0000gn/T/condisco-preflight.7uyGq6/DerivedData/Build/Intermediates.noindex/Condisco.build/Debug-iphonesimulator/Condisco.build/assetcatalog_dependencies --output-partial-info-plist /var/folders/3w/91hphlzs0rv_1twbkfyhvn6m0000gn/T/condisco-preflight.7uyGq6/DerivedData/Build/Intermediates.noindex/Condisco.build/Debug-iphonesimulator/Condisco.build/assetcatalog_generated_info.plist --app-icon AppIcon --accent-color AccentColor --compress-pngs --enable-on-demand-resources YES --development-region en --target-device iphone --target-device ipad --minimum-deployment-target 17.0 --platform iphonesimulator --bundle-identifier com.sleuthysloth.condisco --generate-swift-asset-symbol-extensions NO --generate-swift-asset-symbols /var/folders/3w/91hphlzs0rv_1twbkfyhvn6m0000gn/T/condisco-preflight.7uyGq6/DerivedData/Build/Intermediates.noindex/Condisco.build/Debug-iphonesimulator/Condisco.build/DerivedSources/GeneratedAssetSymbols.swift --generate-objc-asset-symbols /var/folders/3w/91hphlzs0rv_1twbkfyhvn6m0000gn/T/condisco-preflight.7uyGq6/DerivedData/Build/Intermediates.noindex/Condisco.build/Debug-iphonesimulator/Condisco.build/DerivedSources/GeneratedAssetSymbols.h --generate-asset-symbol-index /var/folders/3w/91hphlzs0rv_1twbkfyhvn6m0000gn/T/condisco-preflight.7uyGq6/DerivedData/Build/Intermediates.noindex/Condisco.build/Debug-iphonesimulator/Condisco.build/DerivedSources/GeneratedAssetSymbols-Index.plist
/* com.apple.actool.compilation-results */
/var/folders/3w/91hphlzs0rv_1twbkfyhvn6m0000gn/T/condisco-preflight.7uyGq6/DerivedData/Build/Intermediates.noindex/Condisco.build/Debug-iphonesimulator/Condisco.build/DerivedSources/GeneratedAssetSymbols-Index.plist
/var/folders/3w/91hphlzs0rv_1twbkfyhvn6m0000gn/T/condisco-preflight.7uyGq6/DerivedData/Build/Intermediates.noindex/Condisco.build/Debug-iphonesimulator/Condisco.build/DerivedSources/GeneratedAssetSymbols.h
/var/folders/3w/91hphlzs0rv_1twbkfyhvn6m0000gn/T/condisco-preflight.7uyGq6/DerivedData/Build/Intermediates.noindex/Condisco.build/Debug-iphonesimulator/Condisco.build/DerivedSources/GeneratedAssetSymbols.swift


MkDir /var/folders/3w/91hphlzs0rv_1twbkfyhvn6m0000gn/T/condisco-preflight.7uyGq6/DerivedData/Build/Intermediates.noindex/Condisco.build/Debug-iphonesimulator/Condisco.build/assetcatalog_output/thinned (in target 'Condisco' from project 'Condisco')
    cd /Users/spkoehl/Projects/VerbaLibera
    /bin/mkdir -p /var/folders/3w/91hphlzs0rv_1twbkfyhvn6m0000gn/T/condisco-preflight.7uyGq6/DerivedData/Build/Intermediates.noindex/Condisco.build/Debug-iphonesimulator/Condisco.build/assetcatalog_output/thinned

MkDir /var/folders/3w/91hphlzs0rv_1twbkfyhvn6m0000gn/T/condisco-preflight.7uyGq6/DerivedData/Build/Intermediates.noindex/Condisco.build/Debug-iphonesimulator/Condisco.build/assetcatalog_output/unthinned (in target 'Condisco' from project 'Condisco')
    cd /Users/spkoehl/Projects/VerbaLibera
    /bin/mkdir -p /var/folders/3w/91hphlzs0rv_1twbkfyhvn6m0000gn/T/condisco-preflight.7uyGq6/DerivedData/Build/Intermediates.noindex/Condisco.build/Debug-iphonesimulator/Condisco.build/assetcatalog_output/unthinned

CompileAssetCatalogVariant thinned /var/folders/3w/91hphlzs0rv_1twbkfyhvn6m0000gn/T/condisco-preflight.7uyGq6/DerivedData/Build/Products/Debug-iphonesimulator/Condisco.app /Users/spkoehl/Projects/VerbaLibera/Condisco/Assets.xcassets (in target 'Condisco' from project 'Condisco')
    cd /Users/spkoehl/Projects/VerbaLibera
    /Applications/Xcode.app/Contents/Developer/usr/bin/actool /Users/spkoehl/Projects/VerbaLibera/Condisco/Assets.xcassets --compile /var/folders/3w/91hphlzs0rv_1twbkfyhvn6m0000gn/T/condisco-preflight.7uyGq6/DerivedData/Build/Intermediates.noindex/Condisco.build/Debug-iphonesimulator/Condisco.build/assetcatalog_output/thinned --output-format human-readable-text --notices --warnings --export-dependency-info /var/folders/3w/91hphlzs0rv_1twbkfyhvn6m0000gn/T/condisco-preflight.7uyGq6/DerivedData/Build/Intermediates.noindex/Condisco.build/Debug-iphonesimulator/Condisco.build/assetcatalog_dependencies_thinned --output-partial-info-plist /var/folders/3w/91hphlzs0rv_1twbkfyhvn6m0000gn/T/condisco-preflight.7uyGq6/DerivedData/Build/Intermediates.noindex/Condisco.build/Debug-iphonesimulator/Condisco.build/assetcatalog_generated_info.plist_thinned --app-icon AppIcon --accent-color AccentColor --compress-pngs --enable-on-demand-resources YES --filter-for-thinning-device-configuration iPhone19,2 --filter-for-device-os-version 27.0 --development-region en --target-device iphone --target-device ipad --minimum-deployment-target 17.0 --platform iphonesimulator
/* com.apple.actool.compilation-results */
/var/folders/3w/91hphlzs0rv_1twbkfyhvn6m0000gn/T/condisco-preflight.7uyGq6/DerivedData/Build/Intermediates.noindex/Condisco.build/Debug-iphonesimulator/Condisco.build/assetcatalog_generated_info.plist_thinned
/var/folders/3w/91hphlzs0rv_1twbkfyhvn6m0000gn/T/condisco-preflight.7uyGq6/DerivedData/Build/Intermediates.noindex/Condisco.build/Debug-iphonesimulator/Condisco.build/assetcatalog_output/thinned/AppIcon60x60@2x.png
/var/folders/3w/91hphlzs0rv_1twbkfyhvn6m0000gn/T/condisco-preflight.7uyGq6/DerivedData/Build/Intermediates.noindex/Condisco.build/Debug-iphonesimulator/Condisco.build/assetcatalog_output/thinned/AppIcon76x76@2x~ipad.png
/var/folders/3w/91hphlzs0rv_1twbkfyhvn6m0000gn/T/condisco-preflight.7uyGq6/DerivedData/Build/Intermediates.noindex/Condisco.build/Debug-iphonesimulator/Condisco.build/assetcatalog_output/thinned/Assets.car


SwiftDriver Condisco normal arm64 com.apple.xcode.tools.swift.compiler (in target 'Condisco' from project 'Condisco')
    cd /Users/spkoehl/Projects/VerbaLibera
    builtin-SwiftDriver -- /Applications/Xcode.app/Contents/Developer/Toolchains/XcodeDefault.xctoolchain/usr/bin/swiftc -module-name Condisco -Onone @/var/folders/3w/91hphlzs0rv_1twbkfyhvn6m0000gn/T/condisco-preflight.7uyGq6/DerivedData/Build/Intermediates.noindex/Condisco.build/Debug-iphonesimulator/Condisco.build/Objects-normal/arm64/Condisco.SwiftFileList -DDEBUG -enable-bare-slash-regex -enable-experimental-feature DebugDescriptionMacro -sdk /Applications/Xcode.app/Contents/Developer/Platforms/iPhoneSimulator.platform/Developer/SDKs/iPhoneSimulator27.0.sdk -target arm64-apple-ios17.0-simulator -g -module-cache-path /var/folders/3w/91hphlzs0rv_1twbkfyhvn6m0000gn/T/condisco-preflight.7uyGq6/DerivedData/ModuleCache.noindex -Xfrontend -serialize-debugging-options -enable-testing -index-store-path /var/folders/3w/91hphlzs0rv_1twbkfyhvn6m0000gn/T/condisco-preflight.7uyGq6/DerivedData/Index.noindex/DataStore -Xcc -D_LIBCPP_HARDENING_MODE\=_LIBCPP_HARDENING_MODE_DEBUG -swift-version 5 -I /var/folders/3w/91hphlzs0rv_1twbkfyhvn6m0000gn/T/condisco-preflight.7uyGq6/DerivedData/Build/Products/Debug-iphonesimulator -F /var/folders/3w/91hphlzs0rv_1twbkfyhvn6m0000gn/T/condisco-preflight.7uyGq6/DerivedData/Build/Products/Debug-iphonesimulator -emit-localized-strings -emit-localized-strings-path /var/folders/3w/91hphlzs0rv_1twbkfyhvn6m0000gn/T/condisco-preflight.7uyGq6/DerivedData/Build/Intermediates.noindex/Condisco.build/Debug-iphonesimulator/Condisco.build/Objects-normal/arm64 -c -j6 -enable-batch-mode -incremental -Xcc -ivfsstatcache -Xcc /var/folders/3w/91hphlzs0rv_1twbkfyhvn6m0000gn/T/condisco-preflight.7uyGq6/DerivedData/SDKStatCaches.noindex/iphonesimulator27.0-24A430-8dc58220667be655e1bcc261a7455254.sdkstatcache -output-file-map /var/folders/3w/91hphlzs0rv_1twbkfyhvn6m0000gn/T/condisco-preflight.7uyGq6/DerivedData/Build/Intermediates.noindex/Condisco.build/Debug-iphonesimulator/Condisco.build/Objects-normal/arm64/Condisco-OutputFileMap.json -save-temps -no-color-diagnostics -explicit-module-build -module-cache-path /var/folders/3w/91hphlzs0rv_1twbkfyhvn6m0000gn/T/condisco-preflight.7uyGq6/DerivedData/Build/Intermediates.noindex/SwiftExplicitPrecompiledModules -clang-scanner-module-cache-path /var/folders/3w/91hphlzs0rv_1twbkfyhvn6m0000gn/T/condisco-preflight.7uyGq6/DerivedData/ModuleCache.noindex -sdk-module-cache-path /var/folders/3w/91hphlzs0rv_1twbkfyhvn6m0000gn/T/condisco-preflight.7uyGq6/DerivedData/SDKExplicitPrecompiledModules -emit-dependencies -emit-module -emit-module-path /var/folders/3w/91hphlzs0rv_1twbkfyhvn6m0000gn/T/condisco-preflight.7uyGq6/DerivedData/Build/Intermediates.noindex/Condisco.build/Debug-iphonesimulator/Condisco.build/Objects-normal/arm64/Condisco.swiftmodule -serialize-diagnostics -dependency-scan-serialize-diagnostics-path /var/folders/3w/91hphlzs0rv_1twbkfyhvn6m0000gn/T/condisco-preflight.7uyGq6/DerivedData/Build/Intermediates.noindex/Condisco.build/Debug-iphonesimulator/Condisco.build/Objects-normal/arm64/Condisco-dependency-scan.dia -validate-clang-modules-once -clang-build-session-file /var/folders/3w/91hphlzs0rv_1twbkfyhvn6m0000gn/T/condisco-preflight.7uyGq6/DerivedData/ModuleCache.noindex/Session.modulevalidation -Xcc -fmodules-prune-interval\=86400 -Xcc -fmodules-prune-after\=345600 -emit-const-values -const-gather-protocols-list /var/folders/3w/91hphlzs0rv_1twbkfyhvn6m0000gn/T/condisco-preflight.7uyGq6/DerivedData/Build/Intermediates.noindex/Condisco.build/Debug-iphonesimulator/Condisco.build/Objects-normal/arm64/Condisco_const_extract_protocols.json -Xcc -iquote -Xcc /var/folders/3w/91hphlzs0rv_1twbkfyhvn6m0000gn/T/condisco-preflight.7uyGq6/DerivedData/Build/Intermediates.noindex/Condisco.build/Debug-iphonesimulator/Condisco.build/Condisco-generated-files.hmap -Xcc -I/var/folders/3w/91hphlzs0rv_1twbkfyhvn6m0000gn/T/condisco-preflight.7uyGq6/DerivedData/Build/Intermediates.noindex/Condisco.build/Debug-iphonesimulator/Condisco.build/Condisco-own-target-headers.hmap -Xcc -I/var/folders/3w/91hphlzs0rv_1twbkfyhvn6m0000gn/T/condisco-preflight.7uyGq6/DerivedData/Build/Intermediates.noindex/Condisco.build/Debug-iphonesimulator/Condisco.build/Condisco-all-target-headers.hmap -Xcc -iquote -Xcc /var/folders/3w/91hphlzs0rv_1twbkfyhvn6m0000gn/T/condisco-preflight.7uyGq6/DerivedData/Build/Intermediates.noindex/Condisco.build/Debug-iphonesimulator/Condisco.build/Condisco-project-headers.hmap -Xcc -I/var/folders/3w/91hphlzs0rv_1twbkfyhvn6m0000gn/T/condisco-preflight.7uyGq6/DerivedData/Build/Products/Debug-iphonesimulator/include -Xcc -I/var/folders/3w/91hphlzs0rv_1twbkfyhvn6m0000gn/T/condisco-preflight.7uyGq6/DerivedData/Build/Intermediates.noindex/Condisco.build/Debug-iphonesimulator/Condisco.build/DerivedSources-normal/arm64 -Xcc -I/var/folders/3w/91hphlzs0rv_1twbkfyhvn6m0000gn/T/condisco-preflight.7uyGq6/DerivedData/Build/Intermediates.noindex/Condisco.build/Debug-iphonesimulator/Condisco.build/DerivedSources/arm64 -Xcc -I/var/folders/3w/91hphlzs0rv_1twbkfyhvn6m0000gn/T/condisco-preflight.7uyGq6/DerivedData/Build/Intermediates.noindex/Condisco.build/Debug-iphonesimulator/Condisco.build/DerivedSources -Xcc -DDEBUG\=1 -Xcc -DDEBUG\=1 -emit-objc-header -emit-objc-header-path /var/folders/3w/91hphlzs0rv_1twbkfyhvn6m0000gn/T/condisco-preflight.7uyGq6/DerivedData/Build/Intermediates.noindex/Condisco.build/Debug-iphonesimulator/Condisco.build/Objects-normal/arm64/Condisco-Swift.h -working-directory /Users/spkoehl/Projects/VerbaLibera -experimental-emit-module-separately -disable-cmo

SwiftExplicitDependencyGeneratePcm arm64 /var/folders/3w/91hphlzs0rv_1twbkfyhvn6m0000gn/T/condisco-preflight.7uyGq6/DerivedData/SDKExplicitPrecompiledModules/SwiftShims-1SSN6IZMC3CTVN5NM000L33NY.pcm

SwiftExplicitDependencyGeneratePcm arm64 /var/folders/3w/91hphlzs0rv_1twbkfyhvn6m0000gn/T/condisco-preflight.7uyGq6/DerivedData/SDKExplicitPrecompiledModules/_StoreKit_SwiftUI-AHSYAYEGLJ97CGB0KUL5Z9W2P.pcm

SwiftExplicitDependencyGeneratePcm arm64 /var/folders/3w/91hphlzs0rv_1twbkfyhvn6m0000gn/T/condisco-preflight.7uyGq6/DerivedData/SDKExplicitPrecompiledModules/_SwiftConcurrencyShims-BJ9XLK6XSP2V6SP189AREQYWH.pcm

SwiftExplicitDependencyGeneratePcm arm64 /var/folders/3w/91hphlzs0rv_1twbkfyhvn6m0000gn/T/condisco-preflight.7uyGq6/DerivedData/SDKExplicitPrecompiledModules/_AvailabilityInternal-178MCZR698AADIPOFVXA0XP03.pcm

SwiftExplicitDependencyGeneratePcm arm64 /var/folders/3w/91hphlzs0rv_1twbkfyhvn6m0000gn/T/condisco-preflight.7uyGq6/DerivedData/SDKExplicitPrecompiledModules/ptrauth-1NWOSVTWNAL0H2OX23QSEPR97.pcm

SwiftExplicitDependencyGeneratePcm arm64 /var/folders/3w/91hphlzs0rv_1twbkfyhvn6m0000gn/T/condisco-preflight.7uyGq6/DerivedData/SDKExplicitPrecompiledModules/ActivityKit-4XH9DSJGJDH3QQX45NCR6P7CE.pcm

SwiftExplicitDependencyGeneratePcm arm64 /var/folders/3w/91hphlzs0rv_1twbkfyhvn6m0000gn/T/condisco-preflight.7uyGq6/DerivedData/SDKExplicitPrecompiledModules/DeveloperToolsSupport-99NDV7XC4WRY0EYW5DY4XV9VC.pcm

SwiftExplicitDependencyGeneratePcm arm64 /var/folders/3w/91hphlzs0rv_1twbkfyhvn6m0000gn/T/condisco-preflight.7uyGq6/DerivedData/SDKExplicitPrecompiledModules/_Builtin_stdbool-86NP2IJL8G3TP513VI6CGR9LN.pcm

SwiftExplicitDependencyGeneratePcm arm64 /var/folders/3w/91hphlzs0rv_1twbkfyhvn6m0000gn/T/condisco-preflight.7uyGq6/DerivedData/SDKExplicitPrecompiledModules/_Builtin_float-6EMXB8TKUFDC2D4WUKO4A1TUS.pcm

SwiftExplicitDependencyGeneratePcm arm64 /var/folders/3w/91hphlzs0rv_1twbkfyhvn6m0000gn/T/condisco-preflight.7uyGq6/DerivedData/SDKExplicitPrecompiledModules/_Builtin_stdarg-8L3MQENEWPN0M8WGDMLZWWCAB.pcm

SwiftExplicitDependencyGeneratePcm arm64 /var/folders/3w/91hphlzs0rv_1twbkfyhvn6m0000gn/T/condisco-preflight.7uyGq6/DerivedData/SDKExplicitPrecompiledModules/ptrcheck-6W7YLC7IJKYNPYB7XGTCE9P7A.pcm

SwiftExplicitDependencyGeneratePcm arm64 /var/folders/3w/91hphlzs0rv_1twbkfyhvn6m0000gn/T/condisco-preflight.7uyGq6/DerivedData/SDKExplicitPrecompiledModules/_Builtin_stddef-AQF07262FMAITQT710UU3CCEI.pcm

SwiftExplicitDependencyGeneratePcm arm64 /var/folders/3w/91hphlzs0rv_1twbkfyhvn6m0000gn/T/condisco-preflight.7uyGq6/DerivedData/SDKExplicitPrecompiledModules/_DarwinFoundation1-F5HFBZ6PETA95MIE2P8AQH5XP.pcm

SwiftExplicitDependencyGeneratePcm arm64 /var/folders/3w/91hphlzs0rv_1twbkfyhvn6m0000gn/T/condisco-preflight.7uyGq6/DerivedData/SDKExplicitPrecompiledModules/_Builtin_limits-9PGVH6K7HW1YWEIUFUU6AZL8T.pcm

SwiftExplicitDependencyGeneratePcm arm64 /var/folders/3w/91hphlzs0rv_1twbkfyhvn6m0000gn/T/condisco-preflight.7uyGq6/DerivedData/SDKExplicitPrecompiledModules/SQLite3-78IGG2RGB98JAGDRIOYB74N11.pcm

SwiftExplicitDependencyGeneratePcm arm64 /var/folders/3w/91hphlzs0rv_1twbkfyhvn6m0000gn/T/condisco-preflight.7uyGq6/DerivedData/SDKExplicitPrecompiledModules/_DarwinFoundation2-DDQWFTQ33PR16SEX0GFELR751.pcm

SwiftExplicitDependencyGeneratePcm arm64 /var/folders/3w/91hphlzs0rv_1twbkfyhvn6m0000gn/T/condisco-preflight.7uyGq6/DerivedData/SDKExplicitPrecompiledModules/ExtensionFoundation-DIR5HWLH8DPWQAQGHWIYMP2IS.pcm

SwiftExplicitDependencyGeneratePcm arm64 /var/folders/3w/91hphlzs0rv_1twbkfyhvn6m0000gn/T/condisco-preflight.7uyGq6/DerivedData/SDKExplicitPrecompiledModules/string_h-W1M7Z5WGDYDHUAYCZUHN6EHU.pcm

SwiftExplicitDependencyGeneratePcm arm64 /var/folders/3w/91hphlzs0rv_1twbkfyhvn6m0000gn/T/condisco-preflight.7uyGq6/DerivedData/SDKExplicitPrecompiledModules/_Builtin_stdint-6AEASP3SV3Y2ZHPEC0YNZB0SF.pcm

SwiftExplicitDependencyGeneratePcm arm64 /var/folders/3w/91hphlzs0rv_1twbkfyhvn6m0000gn/T/condisco-preflight.7uyGq6/DerivedData/SDKExplicitPrecompiledModules/_Builtin_tgmath-PKX6YMD0OHR7M050YX7GXETA.pcm

SwiftExplicitDependencyGeneratePcm arm64 /var/folders/3w/91hphlzs0rv_1twbkfyhvn6m0000gn/T/condisco-preflight.7uyGq6/DerivedData/SDKExplicitPrecompiledModules/sys_types-6G4LZ5XC5KYFNKWCFVRZTPXT5.pcm

SwiftExplicitDependencyGeneratePcm arm64 /var/folders/3w/91hphlzs0rv_1twbkfyhvn6m0000gn/T/condisco-preflight.7uyGq6/DerivedData/SDKExplicitPrecompiledModules/_Builtin_stdatomic-442XSES3LW5W892HR9I4ZUSXQ.pcm

SwiftExplicitDependencyGeneratePcm arm64 /var/folders/3w/91hphlzs0rv_1twbkfyhvn6m0000gn/T/condisco-preflight.7uyGq6/DerivedData/SDKExplicitPrecompiledModules/_Builtin_intrinsics-9RN8U7VKNN5PJ7FK90KS0CC57.pcm

SwiftExplicitDependencyGeneratePcm arm64 /var/folders/3w/91hphlzs0rv_1twbkfyhvn6m0000gn/T/condisco-preflight.7uyGq6/DerivedData/SDKExplicitPrecompiledModules/_DarwinFoundation3-B6QJRKYKXFXXTMJTQIV4FA04L.pcm

SwiftExplicitDependencyGeneratePcm arm64 /var/folders/3w/91hphlzs0rv_1twbkfyhvn6m0000gn/T/condisco-preflight.7uyGq6/DerivedData/SDKExplicitPrecompiledModules/_Builtin_inttypes-4MX57V9ZI8B0RE2JWRX4SE4LH.pcm

SwiftExplicitDependencyGeneratePcm arm64 /var/folders/3w/91hphlzs0rv_1twbkfyhvn6m0000gn/T/condisco-preflight.7uyGq6/DerivedData/SDKExplicitPrecompiledModules/Darwin-1XUQM66B53I9LOL206A42088U.pcm

SwiftDriverJobDiscovery normal arm64 Compiling WidgetSnapshot.swift (in target 'CondiscoWidget' from project 'Condisco')

SwiftExplicitDependencyGeneratePcm arm64 /var/folders/3w/91hphlzs0rv_1twbkfyhvn6m0000gn/T/condisco-preflight.7uyGq6/DerivedData/SDKExplicitPrecompiledModules/simd-ELSYN5ZXVEGQOTE89VMYZZ75A.pcm

SwiftExplicitDependencyGeneratePcm arm64 /var/folders/3w/91hphlzs0rv_1twbkfyhvn6m0000gn/T/condisco-preflight.7uyGq6/DerivedData/SDKExplicitPrecompiledModules/MachO-E8E1VCXQ5TO8NHDSZX296MEO9.pcm

SwiftExplicitDependencyGeneratePcm arm64 /var/folders/3w/91hphlzs0rv_1twbkfyhvn6m0000gn/T/condisco-preflight.7uyGq6/DerivedData/SDKExplicitPrecompiledModules/ObjectiveC-9428SAGV6O9JMB7FNS3S0KIGF.pcm

SwiftExplicitDependencyGeneratePcm arm64 /var/folders/3w/91hphlzs0rv_1twbkfyhvn6m0000gn/T/condisco-preflight.7uyGq6/DerivedData/SDKExplicitPrecompiledModules/os_object-EUGNZOIVHLL1XQNT1JITEAJTO.pcm

SwiftExplicitDependencyGeneratePcm arm64 /var/folders/3w/91hphlzs0rv_1twbkfyhvn6m0000gn/T/condisco-preflight.7uyGq6/DerivedData/SDKExplicitPrecompiledModules/Spatial-3NWRFV8CJD3ICH5K9SZVF20AT.pcm

SwiftExplicitDependencyGeneratePcm arm64 /var/folders/3w/91hphlzs0rv_1twbkfyhvn6m0000gn/T/condisco-preflight.7uyGq6/DerivedData/SDKExplicitPrecompiledModules/os_workgroup-1ECAL1GXMGGD2BX8KL186UB26.pcm

SwiftExplicitDependencyGeneratePcm arm64 /var/folders/3w/91hphlzs0rv_1twbkfyhvn6m0000gn/T/condisco-preflight.7uyGq6/DerivedData/SDKExplicitPrecompiledModules/Dispatch-DT3KCXYXDFSBSRNT2O7Z1W80X.pcm

SwiftExplicitDependencyGeneratePcm arm64 /var/folders/3w/91hphlzs0rv_1twbkfyhvn6m0000gn/T/condisco-preflight.7uyGq6/DerivedData/SDKExplicitPrecompiledModules/dnssd-ERM18M5BARQNLGDXD03OCOD7S.pcm

SwiftExplicitDependencyGeneratePcm arm64 /var/folders/3w/91hphlzs0rv_1twbkfyhvn6m0000gn/T/condisco-preflight.7uyGq6/DerivedData/SDKExplicitPrecompiledModules/CoreFoundation-F3JWCUKKRX9FT6KT61YS7IGOC.pcm

SwiftExplicitDependencyGeneratePcm arm64 /var/folders/3w/91hphlzs0rv_1twbkfyhvn6m0000gn/T/condisco-preflight.7uyGq6/DerivedData/SDKExplicitPrecompiledModules/XPC-3THYIMFO8ZSXGB1PX78MV3UEK.pcm

SwiftExplicitDependencyGeneratePcm arm64 /var/folders/3w/91hphlzs0rv_1twbkfyhvn6m0000gn/T/condisco-preflight.7uyGq6/DerivedData/SDKExplicitPrecompiledModules/os-BM8JFNIEK6HQ8NXDH21EAAUDB.pcm

LinkAssetCatalog /Users/spkoehl/Projects/VerbaLibera/Condisco/Assets.xcassets (in target 'Condisco' from project 'Condisco')
    cd /Users/spkoehl/Projects/VerbaLibera
    builtin-linkAssetCatalog --thinned /var/folders/3w/91hphlzs0rv_1twbkfyhvn6m0000gn/T/condisco-preflight.7uyGq6/DerivedData/Build/Intermediates.noindex/Condisco.build/Debug-iphonesimulator/Condisco.build/assetcatalog_output/thinned --thinned-dependencies /var/folders/3w/91hphlzs0rv_1twbkfyhvn6m0000gn/T/condisco-preflight.7uyGq6/DerivedData/Build/Intermediates.noindex/Condisco.build/Debug-iphonesimulator/Condisco.build/assetcatalog_dependencies_thinned --thinned-info-plist-content /var/folders/3w/91hphlzs0rv_1twbkfyhvn6m0000gn/T/condisco-preflight.7uyGq6/DerivedData/Build/Intermediates.noindex/Condisco.build/Debug-iphonesimulator/Condisco.build/assetcatalog_generated_info.plist_thinned --unthinned /var/folders/3w/91hphlzs0rv_1twbkfyhvn6m0000gn/T/condisco-preflight.7uyGq6/DerivedData/Build/Intermediates.noindex/Condisco.build/Debug-iphonesimulator/Condisco.build/assetcatalog_output/unthinned --unthinned-dependencies /var/folders/3w/91hphlzs0rv_1twbkfyhvn6m0000gn/T/condisco-preflight.7uyGq6/DerivedData/Build/Intermediates.noindex/Condisco.build/Debug-iphonesimulator/Condisco.build/assetcatalog_dependencies_unthinned --unthinned-info-plist-content /var/folders/3w/91hphlzs0rv_1twbkfyhvn6m0000gn/T/condisco-preflight.7uyGq6/DerivedData/Build/Intermediates.noindex/Condisco.build/Debug-iphonesimulator/Condisco.build/assetcatalog_generated_info.plist_unthinned --output /var/folders/3w/91hphlzs0rv_1twbkfyhvn6m0000gn/T/condisco-preflight.7uyGq6/DerivedData/Build/Products/Debug-iphonesimulator/Condisco.app --plist-output /var/folders/3w/91hphlzs0rv_1twbkfyhvn6m0000gn/T/condisco-preflight.7uyGq6/DerivedData/Build/Intermediates.noindex/Condisco.build/Debug-iphonesimulator/Condisco.build/assetcatalog_generated_info.plist
note: Emplaced /var/folders/3w/91hphlzs0rv_1twbkfyhvn6m0000gn/T/condisco-preflight.7uyGq6/DerivedData/Build/Products/Debug-iphonesimulator/Condisco.app/AppIcon60x60@2x.png (in target 'Condisco' from project 'Condisco')
note: Emplaced /var/folders/3w/91hphlzs0rv_1twbkfyhvn6m0000gn/T/condisco-preflight.7uyGq6/DerivedData/Build/Products/Debug-iphonesimulator/Condisco.app/Assets.car (in target 'Condisco' from project 'Condisco')
note: Emplaced /var/folders/3w/91hphlzs0rv_1twbkfyhvn6m0000gn/T/condisco-preflight.7uyGq6/DerivedData/Build/Products/Debug-iphonesimulator/Condisco.app/AppIcon76x76@2x~ipad.png (in target 'Condisco' from project 'Condisco')

SwiftExplicitDependencyGeneratePcm arm64 /var/folders/3w/91hphlzs0rv_1twbkfyhvn6m0000gn/T/condisco-preflight.7uyGq6/DerivedData/SDKExplicitPrecompiledModules/CFNetwork-9CKBT7I6RJTE0JEJM78JUV57Q.pcm

SwiftExplicitDependencyGeneratePcm arm64 /var/folders/3w/91hphlzs0rv_1twbkfyhvn6m0000gn/T/condisco-preflight.7uyGq6/DerivedData/SDKExplicitPrecompiledModules/Security-5W2A1CB8K9ZCFAX2HCL4ACTQJ.pcm

SwiftExplicitDependencyGeneratePcm arm64 /var/folders/3w/91hphlzs0rv_1twbkfyhvn6m0000gn/T/condisco-preflight.7uyGq6/DerivedData/SDKExplicitPrecompiledModules/CoreGraphics-2R7ED7WHM6UBSAO3ZNFSN3KFW.pcm

SwiftExplicitDependencyGeneratePcm arm64 /var/folders/3w/91hphlzs0rv_1twbkfyhvn6m0000gn/T/condisco-preflight.7uyGq6/DerivedData/SDKExplicitPrecompiledModules/CoreAudioTypes-A9ZUHG2EQ846YX3CF4B1D4VT1.pcm

SwiftExplicitDependencyGeneratePcm arm64 /var/folders/3w/91hphlzs0rv_1twbkfyhvn6m0000gn/T/condisco-preflight.7uyGq6/DerivedData/SDKExplicitPrecompiledModules/CoreAudio-4Y54S4O050EO93AA8WOCWUKP7.pcm

SwiftExplicitDependencyGeneratePcm arm64 /var/folders/3w/91hphlzs0rv_1twbkfyhvn6m0000gn/T/condisco-preflight.7uyGq6/DerivedData/SDKExplicitPrecompiledModules/Foundation-82NR3YY5S28WZL0R5HNAC62IX.pcm

SwiftExplicitDependencyGeneratePcm arm64 /var/folders/3w/91hphlzs0rv_1twbkfyhvn6m0000gn/T/condisco-preflight.7uyGq6/DerivedData/SDKExplicitPrecompiledModules/ImageIO-8GF5ZYHFVNKPQ04352WEB8078.pcm

SwiftExplicitDependencyGeneratePcm arm64 /var/folders/3w/91hphlzs0rv_1twbkfyhvn6m0000gn/T/condisco-preflight.7uyGq6/DerivedData/SDKExplicitPrecompiledModules/CoreText-EQWQCBNBXZ8FNWH8WACISE07H.pcm

SwiftExplicitDependencyGeneratePcm arm64 /var/folders/3w/91hphlzs0rv_1twbkfyhvn6m0000gn/T/condisco-preflight.7uyGq6/DerivedData/SDKExplicitPrecompiledModules/RelevanceKit-E8YN69DSZXFXA2YID3O9HKS10.pcm

SwiftExplicitDependencyGeneratePcm arm64 /var/folders/3w/91hphlzs0rv_1twbkfyhvn6m0000gn/T/condisco-preflight.7uyGq6/DerivedData/SDKExplicitPrecompiledModules/DataDetection-3CAAYYHYW5KKH9A86YD8L3APA.pcm

SwiftExplicitDependencyGeneratePcm arm64 /var/folders/3w/91hphlzs0rv_1twbkfyhvn6m0000gn/T/condisco-preflight.7uyGq6/DerivedData/SDKExplicitPrecompiledModules/UserNotifications-B3D0X6504593HJFA516MDZ6RD.pcm

SwiftExplicitDependencyGeneratePcm arm64 /var/folders/3w/91hphlzs0rv_1twbkfyhvn6m0000gn/T/condisco-preflight.7uyGq6/DerivedData/SDKExplicitPrecompiledModules/WidgetKit-1O73DVH9043UO0NP4CZKXMMMQ.pcm

SwiftExplicitDependencyGeneratePcm arm64 /var/folders/3w/91hphlzs0rv_1twbkfyhvn6m0000gn/T/condisco-preflight.7uyGq6/DerivedData/SDKExplicitPrecompiledModules/AppIntents-CZ9KSIFRPWDVLWCOO4TP1LHTR.pcm

SwiftExplicitDependencyGeneratePcm arm64 /var/folders/3w/91hphlzs0rv_1twbkfyhvn6m0000gn/T/condisco-preflight.7uyGq6/DerivedData/SDKExplicitPrecompiledModules/OpenGLES-AND961DU3Q7AU75WZMT96N7UR.pcm

SwiftExplicitDependencyGeneratePcm arm64 /var/folders/3w/91hphlzs0rv_1twbkfyhvn6m0000gn/T/condisco-preflight.7uyGq6/DerivedData/SDKExplicitPrecompiledModules/Accessibility-EKVSI2XRN2RCSE3VVBOOJY36A.pcm

SwiftExplicitDependencyGeneratePcm arm64 /var/folders/3w/91hphlzs0rv_1twbkfyhvn6m0000gn/T/condisco-preflight.7uyGq6/DerivedData/SDKExplicitPrecompiledModules/OSLog-3N2BFZ9PG9ZTNKZC9X5B5OMXR.pcm

SwiftExplicitDependencyGeneratePcm arm64 /var/folders/3w/91hphlzs0rv_1twbkfyhvn6m0000gn/T/condisco-preflight.7uyGq6/DerivedData/SDKExplicitPrecompiledModules/Network-36JF14116P1RB3GVOHJJX3IT9.pcm

SwiftExplicitDependencyGeneratePcm arm64 /var/folders/3w/91hphlzs0rv_1twbkfyhvn6m0000gn/T/condisco-preflight.7uyGq6/DerivedData/SDKExplicitPrecompiledModules/CoreMIDI-D50QJPBMKJQTRH3GBJUYWK6PY.pcm

SwiftExplicitDependencyGeneratePcm arm64 /var/folders/3w/91hphlzs0rv_1twbkfyhvn6m0000gn/T/condisco-preflight.7uyGq6/DerivedData/SDKExplicitPrecompiledModules/BackgroundAssets-CI3JT764UVMGWEGIOICD1E2NT.pcm

SwiftExplicitDependencyGeneratePcm arm64 /var/folders/3w/91hphlzs0rv_1twbkfyhvn6m0000gn/T/condisco-preflight.7uyGq6/DerivedData/SDKExplicitPrecompiledModules/Symbols-9YS0FJBDMLFKSHF2BO2HXD3Y5.pcm

SwiftExplicitDependencyGeneratePcm arm64 /var/folders/3w/91hphlzs0rv_1twbkfyhvn6m0000gn/T/condisco-preflight.7uyGq6/DerivedData/SDKExplicitPrecompiledModules/UIUtilities-6L2T712VZDG12FS6XXAC33DAF.pcm

SwiftExplicitDependencyGeneratePcm arm64 /var/folders/3w/91hphlzs0rv_1twbkfyhvn6m0000gn/T/condisco-preflight.7uyGq6/DerivedData/SDKExplicitPrecompiledModules/UniformTypeIdentifiers-8VU8F687UE66GJ3PCLNNSOSV0.pcm

SwiftExplicitDependencyGeneratePcm arm64 /var/folders/3w/91hphlzs0rv_1twbkfyhvn6m0000gn/T/condisco-preflight.7uyGq6/DerivedData/SDKExplicitPrecompiledModules/IOSurface-7CO0OLRXPMI974O670ZGUA85R.pcm

SwiftExplicitDependencyGeneratePcm arm64 /var/folders/3w/91hphlzs0rv_1twbkfyhvn6m0000gn/T/condisco-preflight.7uyGq6/DerivedData/SDKExplicitPrecompiledModules/LocalAuthentication-7R7HZIE2PEAA4PD44EQAB7818.pcm

SwiftExplicitDependencyGeneratePcm arm64 /var/folders/3w/91hphlzs0rv_1twbkfyhvn6m0000gn/T/condisco-preflight.7uyGq6/DerivedData/SDKExplicitPrecompiledModules/FileProvider-2PMKNMN07BVH22VF7X2ZN28NO.pcm

SwiftExplicitDependencyGeneratePcm arm64 /var/folders/3w/91hphlzs0rv_1twbkfyhvn6m0000gn/T/condisco-preflight.7uyGq6/DerivedData/SDKExplicitPrecompiledModules/AudioToolbox-2M4I4YUA3A8JS3JCV1M8G1L34.pcm

SwiftExplicitDependencyGeneratePcm arm64 /var/folders/3w/91hphlzs0rv_1twbkfyhvn6m0000gn/T/condisco-preflight.7uyGq6/DerivedData/SDKExplicitPrecompiledModules/CoreTransferable-8KY9611JF989WYCXYXOCS117Q.pcm

SwiftExplicitDependencyGeneratePcm arm64 /var/folders/3w/91hphlzs0rv_1twbkfyhvn6m0000gn/T/condisco-preflight.7uyGq6/DerivedData/SDKExplicitPrecompiledModules/CoreSpotlight-MQH28DDFAWDRQYOFD92DKDM0.pcm

SwiftExplicitDependencyGeneratePcm arm64 /var/folders/3w/91hphlzs0rv_1twbkfyhvn6m0000gn/T/condisco-preflight.7uyGq6/DerivedData/SDKExplicitPrecompiledModules/Metal-BLMQ5OYQ9CZTRIAC7YQZ1L8AF.pcm

SwiftExplicitDependencyGeneratePcm arm64 /var/folders/3w/91hphlzs0rv_1twbkfyhvn6m0000gn/T/condisco-preflight.7uyGq6/DerivedData/SDKExplicitPrecompiledModules/CoreData-B60OLQNM3VJ7UL79Y79RWYK6J.pcm

SwiftExplicitDependencyGeneratePcm arm64 /var/folders/3w/91hphlzs0rv_1twbkfyhvn6m0000gn/T/condisco-preflight.7uyGq6/DerivedData/SDKExplicitPrecompiledModules/AVRouting-BLD8183LPB57SAA7O5XGP7DMO.pcm

SwiftExplicitDependencyGeneratePcm arm64 /var/folders/3w/91hphlzs0rv_1twbkfyhvn6m0000gn/T/condisco-preflight.7uyGq6/DerivedData/SDKExplicitPrecompiledModules/AppIntentsTypeSupport-EV7DNQSP4ZBTOAP9SI7BOC653.pcm

SwiftExplicitDependencyGeneratePcm arm64 /var/folders/3w/91hphlzs0rv_1twbkfyhvn6m0000gn/T/condisco-preflight.7uyGq6/DerivedData/SDKExplicitPrecompiledModules/_LocationEssentials-85F1607UAB3RLK96A7CMXJHHP.pcm

SwiftExplicitDependencyGeneratePcm arm64 /var/folders/3w/91hphlzs0rv_1twbkfyhvn6m0000gn/T/condisco-preflight.7uyGq6/DerivedData/SDKExplicitPrecompiledModules/CoreLocation-5EX2YBX72C2357G3KFYAAHL9Y.pcm

SwiftExplicitDependencyGeneratePcm arm64 /var/folders/3w/91hphlzs0rv_1twbkfyhvn6m0000gn/T/condisco-preflight.7uyGq6/DerivedData/SDKExplicitPrecompiledModules/CoreVideo-9ITG1GE5O7TAKB7L69YDAFRJ9.pcm

SwiftExplicitDependencyGeneratePcm arm64 /var/folders/3w/91hphlzs0rv_1twbkfyhvn6m0000gn/T/condisco-preflight.7uyGq6/DerivedData/SDKExplicitPrecompiledModules/CloudKit-4NK40GV97BP9RPYVYFUJOCUEL.pcm

SwiftExplicitDependencyGeneratePcm arm64 /var/folders/3w/91hphlzs0rv_1twbkfyhvn6m0000gn/T/condisco-preflight.7uyGq6/DerivedData/SDKExplicitPrecompiledModules/CoreMotion-E7NZNN1Y2BNGEXJBI51458OJ.pcm

SwiftExplicitDependencyGeneratePcm arm64 /var/folders/3w/91hphlzs0rv_1twbkfyhvn6m0000gn/T/condisco-preflight.7uyGq6/DerivedData/SDKExplicitPrecompiledModules/Intents-A0ZMF9FK5AALX58NWG9WCEMTV.pcm

SwiftExplicitDependencyGeneratePcm arm64 /var/folders/3w/91hphlzs0rv_1twbkfyhvn6m0000gn/T/condisco-preflight.7uyGq6/DerivedData/SDKExplicitPrecompiledModules/CoreMedia-9RGREORPU6I33Y36N46ZSOZQ3.pcm

SwiftExplicitDependencyGeneratePcm arm64 /var/folders/3w/91hphlzs0rv_1twbkfyhvn6m0000gn/T/condisco-preflight.7uyGq6/DerivedData/SDKExplicitPrecompiledModules/QuartzCore-ET46OCYUKQ7VM1LNETWFOD3ES.pcm

SwiftExplicitDependencyGeneratePcm arm64 /var/folders/3w/91hphlzs0rv_1twbkfyhvn6m0000gn/T/condisco-preflight.7uyGq6/DerivedData/SDKExplicitPrecompiledModules/CoreImage-1XF8VE3Z26F0XFIQKL7F88SVV.pcm

SwiftExplicitDependencyGeneratePcm arm64 /var/folders/3w/91hphlzs0rv_1twbkfyhvn6m0000gn/T/condisco-preflight.7uyGq6/DerivedData/SDKExplicitPrecompiledModules/SwiftUICore-8HZT2UD108VINPEWIH1OEX9QT.pcm

SwiftExplicitDependencyGeneratePcm arm64 /var/folders/3w/91hphlzs0rv_1twbkfyhvn6m0000gn/T/condisco-preflight.7uyGq6/DerivedData/SDKExplicitPrecompiledModules/MediaToolbox-6QQALBOKOPHWUZPWJVMAK4RE1.pcm

SwiftExplicitDependencyGeneratePcm arm64 /var/folders/3w/91hphlzs0rv_1twbkfyhvn6m0000gn/T/condisco-preflight.7uyGq6/DerivedData/SDKExplicitPrecompiledModules/VideoToolbox-YSLG4MJG63HOH4QDQQD4QG8P.pcm

SwiftExplicitDependencyGeneratePcm arm64 /var/folders/3w/91hphlzs0rv_1twbkfyhvn6m0000gn/T/condisco-preflight.7uyGq6/DerivedData/SDKExplicitPrecompiledModules/AVFAudio-3B3PD2FMC5V9QCMXKHVXIEMO5.pcm

SwiftExplicitDependencyGeneratePcm arm64 /var/folders/3w/91hphlzs0rv_1twbkfyhvn6m0000gn/T/condisco-preflight.7uyGq6/DerivedData/SDKExplicitPrecompiledModules/UIKit-8K42LXV9FUGP871JLVIJB8QVF.pcm

SwiftExplicitDependencyGeneratePcm arm64 /var/folders/3w/91hphlzs0rv_1twbkfyhvn6m0000gn/T/condisco-preflight.7uyGq6/DerivedData/SDKExplicitPrecompiledModules/AVFoundation-9P58SCBQ74PYDK9SL1PO1Q926.pcm

SwiftExplicitDependencyGeneratePcm arm64 /var/folders/3w/91hphlzs0rv_1twbkfyhvn6m0000gn/T/condisco-preflight.7uyGq6/DerivedData/SDKExplicitPrecompiledModules/SwiftUI-BLZXTPJV6CULWYSCA7P170QSK.pcm

SwiftExplicitDependencyGeneratePcm arm64 /var/folders/3w/91hphlzs0rv_1twbkfyhvn6m0000gn/T/condisco-preflight.7uyGq6/DerivedData/SDKExplicitPrecompiledModules/AuthenticationServices-9VGHIHIGEXUDGRHRIJ6ZWOWNE.pcm

SwiftExplicitDependencyGeneratePcm arm64 /var/folders/3w/91hphlzs0rv_1twbkfyhvn6m0000gn/T/condisco-preflight.7uyGq6/DerivedData/SDKExplicitPrecompiledModules/StoreKit-DZEWEW2R1EGHIU80NOSSEBM76.pcm

SwiftExplicitDependencyGeneratePcm arm64 /var/folders/3w/91hphlzs0rv_1twbkfyhvn6m0000gn/T/condisco-preflight.7uyGq6/DerivedData/SDKExplicitPrecompiledModules/MediaPlayer-CBSHQV4NMUG17RXIBBSD13N75.pcm

SwiftDriverJobDiscovery normal arm64 Compiling CondiscoWidget.swift (in target 'CondiscoWidget' from project 'Condisco')

SwiftDriver\ Compilation CondiscoWidget normal arm64 com.apple.xcode.tools.swift.compiler (in target 'CondiscoWidget' from project 'Condisco')
    cd /Users/spkoehl/Projects/VerbaLibera
    builtin-Swift-Compilation -- /Applications/Xcode.app/Contents/Developer/Toolchains/XcodeDefault.xctoolchain/usr/bin/swiftc -module-name CondiscoWidget -Onone @/var/folders/3w/91hphlzs0rv_1twbkfyhvn6m0000gn/T/condisco-preflight.7uyGq6/DerivedData/Build/Intermediates.noindex/Condisco.build/Debug-iphonesimulator/CondiscoWidget.build/Objects-normal/arm64/CondiscoWidget.SwiftFileList -DDEBUG -enable-bare-slash-regex -enable-experimental-feature DebugDescriptionMacro -sdk /Applications/Xcode.app/Contents/Developer/Platforms/iPhoneSimulator.platform/Developer/SDKs/iPhoneSimulator27.0.sdk -target arm64-apple-ios17.0-simulator -g -module-cache-path /var/folders/3w/91hphlzs0rv_1twbkfyhvn6m0000gn/T/condisco-preflight.7uyGq6/DerivedData/ModuleCache.noindex -Xfrontend -serialize-debugging-options -application-extension -enable-testing -index-store-path /var/folders/3w/91hphlzs0rv_1twbkfyhvn6m0000gn/T/condisco-preflight.7uyGq6/DerivedData/Index.noindex/DataStore -Xcc -D_LIBCPP_HARDENING_MODE\=_LIBCPP_HARDENING_MODE_DEBUG -swift-version 5 -I /var/folders/3w/91hphlzs0rv_1twbkfyhvn6m0000gn/T/condisco-preflight.7uyGq6/DerivedData/Build/Products/Debug-iphonesimulator -F /var/folders/3w/91hphlzs0rv_1twbkfyhvn6m0000gn/T/condisco-preflight.7uyGq6/DerivedData/Build/Products/Debug-iphonesimulator -emit-localized-strings -emit-localized-strings-path /var/folders/3w/91hphlzs0rv_1twbkfyhvn6m0000gn/T/condisco-preflight.7uyGq6/DerivedData/Build/Intermediates.noindex/Condisco.build/Debug-iphonesimulator/CondiscoWidget.build/Objects-normal/arm64 -c -j6 -enable-batch-mode -incremental -Xcc -ivfsstatcache -Xcc /var/folders/3w/91hphlzs0rv_1twbkfyhvn6m0000gn/T/condisco-preflight.7uyGq6/DerivedData/SDKStatCaches.noindex/iphonesimulator27.0-24A430-8dc58220667be655e1bcc261a7455254.sdkstatcache -output-file-map /var/folders/3w/91hphlzs0rv_1twbkfyhvn6m0000gn/T/condisco-preflight.7uyGq6/DerivedData/Build/Intermediates.noindex/Condisco.build/Debug-iphonesimulator/CondiscoWidget.build/Objects-normal/arm64/CondiscoWidget-OutputFileMap.json -save-temps -no-color-diagnostics -explicit-module-build -module-cache-path /var/folders/3w/91hphlzs0rv_1twbkfyhvn6m0000gn/T/condisco-preflight.7uyGq6/DerivedData/Build/Intermediates.noindex/SwiftExplicitPrecompiledModules -clang-scanner-module-cache-path /var/folders/3w/91hphlzs0rv_1twbkfyhvn6m0000gn/T/condisco-preflight.7uyGq6/DerivedData/ModuleCache.noindex -sdk-module-cache-path /var/folders/3w/91hphlzs0rv_1twbkfyhvn6m0000gn/T/condisco-preflight.7uyGq6/DerivedData/SDKExplicitPrecompiledModules -emit-dependencies -emit-module -emit-module-path /var/folders/3w/91hphlzs0rv_1twbkfyhvn6m0000gn/T/condisco-preflight.7uyGq6/DerivedData/Build/Intermediates.noindex/Condisco.build/Debug-iphonesimulator/CondiscoWidget.build/Objects-normal/arm64/CondiscoWidget.swiftmodule -serialize-diagnostics -dependency-scan-serialize-diagnostics-path /var/folders/3w/91hphlzs0rv_1twbkfyhvn6m0000gn/T/condisco-preflight.7uyGq6/DerivedData/Build/Intermediates.noindex/Condisco.build/Debug-iphonesimulator/CondiscoWidget.build/Objects-normal/arm64/CondiscoWidget-dependency-scan.dia -validate-clang-modules-once -clang-build-session-file /var/folders/3w/91hphlzs0rv_1twbkfyhvn6m0000gn/T/condisco-preflight.7uyGq6/DerivedData/ModuleCache.noindex/Session.modulevalidation -Xcc -fmodules-prune-interval\=86400 -Xcc -fmodules-prune-after\=345600 -emit-const-values -const-gather-protocols-list /var/folders/3w/91hphlzs0rv_1twbkfyhvn6m0000gn/T/condisco-preflight.7uyGq6/DerivedData/Build/Intermediates.noindex/Condisco.build/Debug-iphonesimulator/CondiscoWidget.build/Objects-normal/arm64/CondiscoWidget_const_extract_protocols.json -Xcc -iquote -Xcc /var/folders/3w/91hphlzs0rv_1twbkfyhvn6m0000gn/T/condisco-preflight.7uyGq6/DerivedData/Build/Intermediates.noindex/Condisco.build/Debug-iphonesimulator/CondiscoWidget.build/CondiscoWidget-generated-files.hmap -Xcc -I/var/folders/3w/91hphlzs0rv_1twbkfyhvn6m0000gn/T/condisco-preflight.7uyGq6/DerivedData/Build/Intermediates.noindex/Condisco.build/Debug-iphonesimulator/CondiscoWidget.build/CondiscoWidget-own-target-headers.hmap -Xcc -I/var/folders/3w/91hphlzs0rv_1twbkfyhvn6m0000gn/T/condisco-preflight.7uyGq6/DerivedData/Build/Intermediates.noindex/Condisco.build/Debug-iphonesimulator/CondiscoWidget.build/CondiscoWidget-all-target-headers.hmap -Xcc -iquote -Xcc /var/folders/3w/91hphlzs0rv_1twbkfyhvn6m0000gn/T/condisco-preflight.7uyGq6/DerivedData/Build/Intermediates.noindex/Condisco.build/Debug-iphonesimulator/CondiscoWidget.build/CondiscoWidget-project-headers.hmap -Xcc -I/var/folders/3w/91hphlzs0rv_1twbkfyhvn6m0000gn/T/condisco-preflight.7uyGq6/DerivedData/Build/Products/Debug-iphonesimulator/include -Xcc -I/var/folders/3w/91hphlzs0rv_1twbkfyhvn6m0000gn/T/condisco-preflight.7uyGq6/DerivedData/Build/Intermediates.noindex/Condisco.build/Debug-iphonesimulator/CondiscoWidget.build/DerivedSources-normal/arm64 -Xcc -I/var/folders/3w/91hphlzs0rv_1twbkfyhvn6m0000gn/T/condisco-preflight.7uyGq6/DerivedData/Build/Intermediates.noindex/Condisco.build/Debug-iphonesimulator/CondiscoWidget.build/DerivedSources/arm64 -Xcc -I/var/folders/3w/91hphlzs0rv_1twbkfyhvn6m0000gn/T/condisco-preflight.7uyGq6/DerivedData/Build/Intermediates.noindex/Condisco.build/Debug-iphonesimulator/CondiscoWidget.build/DerivedSources -Xcc -DDEBUG\=1 -Xcc -DDEBUG\=1 -emit-objc-header -emit-objc-header-path /var/folders/3w/91hphlzs0rv_1twbkfyhvn6m0000gn/T/condisco-preflight.7uyGq6/DerivedData/Build/Intermediates.noindex/Condisco.build/Debug-iphonesimulator/CondiscoWidget.build/Objects-normal/arm64/CondiscoWidget-Swift.h -working-directory /Users/spkoehl/Projects/VerbaLibera -experimental-emit-module-separately -disable-cmo

Ld /var/folders/3w/91hphlzs0rv_1twbkfyhvn6m0000gn/T/condisco-preflight.7uyGq6/DerivedData/Build/Products/Debug-iphonesimulator/CondiscoWidget.appex/CondiscoWidget.debug.dylib normal (in target 'CondiscoWidget' from project 'Condisco')
    cd /Users/spkoehl/Projects/VerbaLibera
    /Applications/Xcode.app/Contents/Developer/Toolchains/XcodeDefault.xctoolchain/usr/bin/clang -Xlinker -reproducible -target arm64-apple-ios17.0-simulator -dynamiclib -isysroot /Applications/Xcode.app/Contents/Developer/Platforms/iPhoneSimulator.platform/Developer/SDKs/iPhoneSimulator27.0.sdk -O0 -Xlinker -no_warn_duplicate_libraries -L/var/folders/3w/91hphlzs0rv_1twbkfyhvn6m0000gn/T/condisco-preflight.7uyGq6/DerivedData/Build/Intermediates.noindex/EagerLinkingTBDs/Debug-iphonesimulator -L/var/folders/3w/91hphlzs0rv_1twbkfyhvn6m0000gn/T/condisco-preflight.7uyGq6/DerivedData/Build/Products/Debug-iphonesimulator -F/var/folders/3w/91hphlzs0rv_1twbkfyhvn6m0000gn/T/condisco-preflight.7uyGq6/DerivedData/Build/Intermediates.noindex/EagerLinkingTBDs/Debug-iphonesimulator -F/var/folders/3w/91hphlzs0rv_1twbkfyhvn6m0000gn/T/condisco-preflight.7uyGq6/DerivedData/Build/Products/Debug-iphonesimulator -filelist /var/folders/3w/91hphlzs0rv_1twbkfyhvn6m0000gn/T/condisco-preflight.7uyGq6/DerivedData/Build/Intermediates.noindex/Condisco.build/Debug-iphonesimulator/CondiscoWidget.build/Objects-normal/arm64/CondiscoWidget.LinkFileList -install_name @rpath/CondiscoWidget.debug.dylib -Xlinker -rpath -Xlinker /usr/lib/swift -Xlinker -dead_strip -Xlinker -object_path_lto -Xlinker /var/folders/3w/91hphlzs0rv_1twbkfyhvn6m0000gn/T/condisco-preflight.7uyGq6/DerivedData/Build/Intermediates.noindex/Condisco.build/Debug-iphonesimulator/CondiscoWidget.build/Objects-normal/arm64/CondiscoWidget_lto.o -rdynamic -Xlinker -no_deduplicate -Xlinker -objc_abi_version -Xlinker 2 -Xlinker -dependency_info -Xlinker /var/folders/3w/91hphlzs0rv_1twbkfyhvn6m0000gn/T/condisco-preflight.7uyGq6/DerivedData/Build/Intermediates.noindex/Condisco.build/Debug-iphonesimulator/CondiscoWidget.build/Objects-normal/arm64/CondiscoWidget_dependency_info.dat -fapplication-extension -fobjc-link-runtime -L/Applications/Xcode.app/Contents/Developer/Toolchains/XcodeDefault.xctoolchain/usr/lib/swift/iphonesimulator -L/usr/lib/swift -Xlinker -add_ast_path -Xlinker /var/folders/3w/91hphlzs0rv_1twbkfyhvn6m0000gn/T/condisco-preflight.7uyGq6/DerivedData/Build/Intermediates.noindex/Condisco.build/Debug-iphonesimulator/CondiscoWidget.build/Objects-normal/arm64/CondiscoWidget.swiftmodule -Xlinker -alias -Xlinker _NSExtensionMain -Xlinker ___debug_main_executable_dylib_entry_point -Xlinker -no_adhoc_codesign -o /var/folders/3w/91hphlzs0rv_1twbkfyhvn6m0000gn/T/condisco-preflight.7uyGq6/DerivedData/Build/Products/Debug-iphonesimulator/CondiscoWidget.appex/CondiscoWidget.debug.dylib

SwiftEmitModule normal arm64 Emitting\ module\ for\ Condisco (in target 'Condisco' from project 'Condisco')

SwiftCompile normal arm64 (in target 'Condisco' from project 'Condisco')
    cd /Users/spkoehl/Projects/VerbaLibera
    

SwiftCompile normal arm64 Compiling\ InteractiveViews.swift,\ StimulusViews.swift,\ LessonPlayerView.swift,\ Welcome.swift,\ PlacementTest.swift,\ LessonCoachMarks.swift,\ VocabularyBrowser.swift,\ VoiceRecorder.swift,\ VoiceSettings.swift /Users/spkoehl/Projects/VerbaLibera/Condisco/Lesson/InteractiveViews.swift /Users/spkoehl/Projects/VerbaLibera/Condisco/Lesson/StimulusViews.swift /Users/spkoehl/Projects/VerbaLibera/Condisco/Lesson/LessonPlayerView.swift /Users/spkoehl/Projects/VerbaLibera/Condisco/Onboarding/Welcome.swift /Users/spkoehl/Projects/VerbaLibera/Condisco/Onboarding/PlacementTest.swift /Users/spkoehl/Projects/VerbaLibera/Condisco/Lesson/LessonCoachMarks.swift /Users/spkoehl/Projects/VerbaLibera/Condisco/Lesson/VocabularyBrowser.swift /Users/spkoehl/Projects/VerbaLibera/Condisco/Lesson/VoiceRecorder.swift /Users/spkoehl/Projects/VerbaLibera/Condisco/Lesson/VoiceSettings.swift (in target 'Condisco' from project 'Condisco')

SwiftCompile normal arm64 /Users/spkoehl/Projects/VerbaLibera/Condisco/Lesson/InteractiveViews.swift (in target 'Condisco' from project 'Condisco')
    cd /Users/spkoehl/Projects/VerbaLibera
    builtin-SwiftPerFileCompile InteractiveViews.swift

SwiftCompile normal arm64 /Users/spkoehl/Projects/VerbaLibera/Condisco/Lesson/StimulusViews.swift (in target 'Condisco' from project 'Condisco')
    cd /Users/spkoehl/Projects/VerbaLibera
    builtin-SwiftPerFileCompile StimulusViews.swift

SwiftCompile normal arm64 /Users/spkoehl/Projects/VerbaLibera/Condisco/Lesson/LessonPlayerView.swift (in target 'Condisco' from project 'Condisco')
    cd /Users/spkoehl/Projects/VerbaLibera
    builtin-SwiftPerFileCompile LessonPlayerView.swift

SwiftCompile normal arm64 /Users/spkoehl/Projects/VerbaLibera/Condisco/Onboarding/Welcome.swift (in target 'Condisco' from project 'Condisco')
    cd /Users/spkoehl/Projects/VerbaLibera
    builtin-SwiftPerFileCompile Welcome.swift

SwiftCompile normal arm64 /Users/spkoehl/Projects/VerbaLibera/Condisco/Onboarding/PlacementTest.swift (in target 'Condisco' from project 'Condisco')
    cd /Users/spkoehl/Projects/VerbaLibera
    builtin-SwiftPerFileCompile PlacementTest.swift

SwiftCompile normal arm64 /Users/spkoehl/Projects/VerbaLibera/Condisco/Lesson/LessonCoachMarks.swift (in target 'Condisco' from project 'Condisco')
    cd /Users/spkoehl/Projects/VerbaLibera
    builtin-SwiftPerFileCompile LessonCoachMarks.swift

SwiftCompile normal arm64 /Users/spkoehl/Projects/VerbaLibera/Condisco/Lesson/VocabularyBrowser.swift (in target 'Condisco' from project 'Condisco')
    cd /Users/spkoehl/Projects/VerbaLibera
    builtin-SwiftPerFileCompile VocabularyBrowser.swift

SwiftCompile normal arm64 /Users/spkoehl/Projects/VerbaLibera/Condisco/Lesson/VoiceRecorder.swift (in target 'Condisco' from project 'Condisco')
    cd /Users/spkoehl/Projects/VerbaLibera
    builtin-SwiftPerFileCompile VoiceRecorder.swift

SwiftCompile normal arm64 /Users/spkoehl/Projects/VerbaLibera/Condisco/Lesson/VoiceSettings.swift (in target 'Condisco' from project 'Condisco')
    cd /Users/spkoehl/Projects/VerbaLibera
    builtin-SwiftPerFileCompile VoiceSettings.swift

SwiftCompile normal arm64 Compiling\ CondiscoApp.swift,\ ContentView.swift,\ HomeView.swift,\ MonthView.swift,\ ProgressCard.swift,\ DesignTokens.swift,\ CoursePack.swift,\ Database.swift,\ Fsrs.swift,\ LearningEvents.swift /Users/spkoehl/Projects/VerbaLibera/Condisco/CondiscoApp.swift /Users/spkoehl/Projects/VerbaLibera/Condisco/ContentView.swift /Users/spkoehl/Projects/VerbaLibera/Condisco/Home/HomeView.swift /Users/spkoehl/Projects/VerbaLibera/Condisco/Home/MonthView.swift /Users/spkoehl/Projects/VerbaLibera/Condisco/Home/ProgressCard.swift /Users/spkoehl/Projects/VerbaLibera/Condisco/Theme/DesignTokens.swift /Users/spkoehl/Projects/VerbaLibera/Condisco/Models/CoursePack.swift /Users/spkoehl/Projects/VerbaLibera/Condisco/Store/Database.swift /Users/spkoehl/Projects/VerbaLibera/Condisco/Store/Fsrs.swift /Users/spkoehl/Projects/VerbaLibera/Condisco/Store/LearningEvents.swift (in target 'Condisco' from project 'Condisco')

SwiftCompile normal arm64 /Users/spkoehl/Projects/VerbaLibera/Condisco/CondiscoApp.swift (in target 'Condisco' from project 'Condisco')
    cd /Users/spkoehl/Projects/VerbaLibera
    builtin-SwiftPerFileCompile CondiscoApp.swift

SwiftCompile normal arm64 /Users/spkoehl/Projects/VerbaLibera/Condisco/ContentView.swift (in target 'Condisco' from project 'Condisco')
    cd /Users/spkoehl/Projects/VerbaLibera
    builtin-SwiftPerFileCompile ContentView.swift

SwiftCompile normal arm64 /Users/spkoehl/Projects/VerbaLibera/Condisco/Home/HomeView.swift (in target 'Condisco' from project 'Condisco')
    cd /Users/spkoehl/Projects/VerbaLibera
    builtin-SwiftPerFileCompile HomeView.swift

SwiftCompile normal arm64 /Users/spkoehl/Projects/VerbaLibera/Condisco/Home/MonthView.swift (in target 'Condisco' from project 'Condisco')
    cd /Users/spkoehl/Projects/VerbaLibera
    builtin-SwiftPerFileCompile MonthView.swift

SwiftCompile normal arm64 /Users/spkoehl/Projects/VerbaLibera/Condisco/Home/ProgressCard.swift (in target 'Condisco' from project 'Condisco')
    cd /Users/spkoehl/Projects/VerbaLibera
    builtin-SwiftPerFileCompile ProgressCard.swift

SwiftCompile normal arm64 /Users/spkoehl/Projects/VerbaLibera/Condisco/Theme/DesignTokens.swift (in target 'Condisco' from project 'Condisco')
    cd /Users/spkoehl/Projects/VerbaLibera
    builtin-SwiftPerFileCompile DesignTokens.swift

SwiftCompile normal arm64 /Users/spkoehl/Projects/VerbaLibera/Condisco/Models/CoursePack.swift (in target 'Condisco' from project 'Condisco')
    cd /Users/spkoehl/Projects/VerbaLibera
    builtin-SwiftPerFileCompile CoursePack.swift

SwiftCompile normal arm64 /Users/spkoehl/Projects/VerbaLibera/Condisco/Store/Database.swift (in target 'Condisco' from project 'Condisco')
    cd /Users/spkoehl/Projects/VerbaLibera
    builtin-SwiftPerFileCompile Database.swift

SwiftCompile normal arm64 /Users/spkoehl/Projects/VerbaLibera/Condisco/Store/Fsrs.swift (in target 'Condisco' from project 'Condisco')
    cd /Users/spkoehl/Projects/VerbaLibera
    builtin-SwiftPerFileCompile Fsrs.swift

SwiftCompile normal arm64 /Users/spkoehl/Projects/VerbaLibera/Condisco/Store/LearningEvents.swift (in target 'Condisco' from project 'Condisco')
    cd /Users/spkoehl/Projects/VerbaLibera
    builtin-SwiftPerFileCompile LearningEvents.swift

SwiftCompile normal arm64 Compiling\ LearningStore.swift,\ PackLoader.swift,\ AnswerEngine.swift,\ ActivityEvaluation.swift,\ LessonSession.swift,\ CoursesView.swift,\ FamilyLayouts.swift,\ ActivityViews.swift,\ TextInputViews.swift /Users/spkoehl/Projects/VerbaLibera/Condisco/Store/LearningStore.swift /Users/spkoehl/Projects/VerbaLibera/Condisco/Store/PackLoader.swift /Users/spkoehl/Projects/VerbaLibera/Condisco/Engine/AnswerEngine.swift /Users/spkoehl/Projects/VerbaLibera/Condisco/Engine/ActivityEvaluation.swift /Users/spkoehl/Projects/VerbaLibera/Condisco/Engine/LessonSession.swift /Users/spkoehl/Projects/VerbaLibera/Condisco/Lesson/CoursesView.swift /Users/spkoehl/Projects/VerbaLibera/Condisco/Lesson/FamilyLayouts.swift /Users/spkoehl/Projects/VerbaLibera/Condisco/Lesson/ActivityViews.swift /Users/spkoehl/Projects/VerbaLibera/Condisco/Lesson/TextInputViews.swift (in target 'Condisco' from project 'Condisco')

SwiftCompile normal arm64 /Users/spkoehl/Projects/VerbaLibera/Condisco/Store/LearningStore.swift (in target 'Condisco' from project 'Condisco')
    cd /Users/spkoehl/Projects/VerbaLibera
    builtin-SwiftPerFileCompile LearningStore.swift

SwiftCompile normal arm64 /Users/spkoehl/Projects/VerbaLibera/Condisco/Store/PackLoader.swift (in target 'Condisco' from project 'Condisco')
    cd /Users/spkoehl/Projects/VerbaLibera
    builtin-SwiftPerFileCompile PackLoader.swift

SwiftCompile normal arm64 /Users/spkoehl/Projects/VerbaLibera/Condisco/Engine/AnswerEngine.swift (in target 'Condisco' from project 'Condisco')
    cd /Users/spkoehl/Projects/VerbaLibera
    builtin-SwiftPerFileCompile AnswerEngine.swift

SwiftCompile normal arm64 /Users/spkoehl/Projects/VerbaLibera/Condisco/Engine/ActivityEvaluation.swift (in target 'Condisco' from project 'Condisco')
    cd /Users/spkoehl/Projects/VerbaLibera
    builtin-SwiftPerFileCompile ActivityEvaluation.swift

SwiftCompile normal arm64 /Users/spkoehl/Projects/VerbaLibera/Condisco/Engine/LessonSession.swift (in target 'Condisco' from project 'Condisco')
    cd /Users/spkoehl/Projects/VerbaLibera
    builtin-SwiftPerFileCompile LessonSession.swift

SwiftCompile normal arm64 /Users/spkoehl/Projects/VerbaLibera/Condisco/Lesson/CoursesView.swift (in target 'Condisco' from project 'Condisco')
    cd /Users/spkoehl/Projects/VerbaLibera
    builtin-SwiftPerFileCompile CoursesView.swift

SwiftCompile normal arm64 /Users/spkoehl/Projects/VerbaLibera/Condisco/Lesson/FamilyLayouts.swift (in target 'Condisco' from project 'Condisco')
    cd /Users/spkoehl/Projects/VerbaLibera
    builtin-SwiftPerFileCompile FamilyLayouts.swift

SwiftCompile normal arm64 /Users/spkoehl/Projects/VerbaLibera/Condisco/Lesson/ActivityViews.swift (in target 'Condisco' from project 'Condisco')
    cd /Users/spkoehl/Projects/VerbaLibera
    builtin-SwiftPerFileCompile ActivityViews.swift

SwiftCompile normal arm64 /Users/spkoehl/Projects/VerbaLibera/Condisco/Lesson/TextInputViews.swift (in target 'Condisco' from project 'Condisco')
    cd /Users/spkoehl/Projects/VerbaLibera
    builtin-SwiftPerFileCompile TextInputViews.swift

SwiftCompile normal arm64 Compiling\ ListenModels.swift,\ ListenView.swift,\ ReviewModels.swift,\ ReviewView.swift,\ ReviewReminders.swift,\ FlashcardsView.swift,\ AnkiExport.swift,\ HandsFreeReview.swift,\ A11ySettings.swift /Users/spkoehl/Projects/VerbaLibera/Condisco/Listen/ListenModels.swift /Users/spkoehl/Projects/VerbaLibera/Condisco/Listen/ListenView.swift /Users/spkoehl/Projects/VerbaLibera/Condisco/Review/ReviewModels.swift /Users/spkoehl/Projects/VerbaLibera/Condisco/Review/ReviewView.swift /Users/spkoehl/Projects/VerbaLibera/Condisco/Review/ReviewReminders.swift /Users/spkoehl/Projects/VerbaLibera/Condisco/Review/FlashcardsView.swift /Users/spkoehl/Projects/VerbaLibera/Condisco/Review/AnkiExport.swift /Users/spkoehl/Projects/VerbaLibera/Condisco/Review/HandsFreeReview.swift /Users/spkoehl/Projects/VerbaLibera/Condisco/Theme/A11ySettings.swift (in target 'Condisco' from project 'Condisco')

SwiftCompile normal arm64 /Users/spkoehl/Projects/VerbaLibera/Condisco/Listen/ListenModels.swift (in target 'Condisco' from project 'Condisco')
    cd /Users/spkoehl/Projects/VerbaLibera
    builtin-SwiftPerFileCompile ListenModels.swift

SwiftCompile normal arm64 /Users/spkoehl/Projects/VerbaLibera/Condisco/Listen/ListenView.swift (in target 'Condisco' from project 'Condisco')
    cd /Users/spkoehl/Projects/VerbaLibera
    builtin-SwiftPerFileCompile ListenView.swift

SwiftCompile normal arm64 /Users/spkoehl/Projects/VerbaLibera/Condisco/Review/ReviewModels.swift (in target 'Condisco' from project 'Condisco')
    cd /Users/spkoehl/Projects/VerbaLibera
    builtin-SwiftPerFileCompile ReviewModels.swift

SwiftCompile normal arm64 /Users/spkoehl/Projects/VerbaLibera/Condisco/Review/ReviewView.swift (in target 'Condisco' from project 'Condisco')
    cd /Users/spkoehl/Projects/VerbaLibera
    builtin-SwiftPerFileCompile ReviewView.swift

SwiftCompile normal arm64 /Users/spkoehl/Projects/VerbaLibera/Condisco/Review/ReviewReminders.swift (in target 'Condisco' from project 'Condisco')
    cd /Users/spkoehl/Projects/VerbaLibera
    builtin-SwiftPerFileCompile ReviewReminders.swift

SwiftCompile normal arm64 /Users/spkoehl/Projects/VerbaLibera/Condisco/Review/FlashcardsView.swift (in target 'Condisco' from project 'Condisco')
    cd /Users/spkoehl/Projects/VerbaLibera
    builtin-SwiftPerFileCompile FlashcardsView.swift

SwiftCompile normal arm64 /Users/spkoehl/Projects/VerbaLibera/Condisco/Review/AnkiExport.swift (in target 'Condisco' from project 'Condisco')
    cd /Users/spkoehl/Projects/VerbaLibera
    builtin-SwiftPerFileCompile AnkiExport.swift

SwiftCompile normal arm64 /Users/spkoehl/Projects/VerbaLibera/Condisco/Review/HandsFreeReview.swift (in target 'Condisco' from project 'Condisco')
    cd /Users/spkoehl/Projects/VerbaLibera
    builtin-SwiftPerFileCompile HandsFreeReview.swift

SwiftCompile normal arm64 /Users/spkoehl/Projects/VerbaLibera/Condisco/Theme/A11ySettings.swift (in target 'Condisco' from project 'Condisco')
    cd /Users/spkoehl/Projects/VerbaLibera
    builtin-SwiftPerFileCompile A11ySettings.swift

SwiftCompile normal arm64 Compiling\ EmptyStateArt.swift,\ AppleSignIn.swift,\ CloudKitSync.swift,\ YouModel.swift,\ YouView.swift,\ Support.swift,\ PhraseCard.swift,\ ShadowMode.swift,\ Phrasebook.swift /Users/spkoehl/Projects/VerbaLibera/Condisco/Theme/EmptyStateArt.swift /Users/spkoehl/Projects/VerbaLibera/Condisco/Auth/AppleSignIn.swift /Users/spkoehl/Projects/VerbaLibera/Condisco/Sync/CloudKitSync.swift /Users/spkoehl/Projects/VerbaLibera/Condisco/You/YouModel.swift /Users/spkoehl/Projects/VerbaLibera/Condisco/You/YouView.swift /Users/spkoehl/Projects/VerbaLibera/Condisco/You/Support.swift /Users/spkoehl/Projects/VerbaLibera/Condisco/Lesson/PhraseCard.swift /Users/spkoehl/Projects/VerbaLibera/Condisco/Listen/ShadowMode.swift /Users/spkoehl/Projects/VerbaLibera/Condisco/Lesson/Phrasebook.swift (in target 'Condisco' from project 'Condisco')

SwiftCompile normal arm64 /Users/spkoehl/Projects/VerbaLibera/Condisco/Theme/EmptyStateArt.swift (in target 'Condisco' from project 'Condisco')
    cd /Users/spkoehl/Projects/VerbaLibera
    builtin-SwiftPerFileCompile EmptyStateArt.swift

SwiftCompile normal arm64 /Users/spkoehl/Projects/VerbaLibera/Condisco/Auth/AppleSignIn.swift (in target 'Condisco' from project 'Condisco')
    cd /Users/spkoehl/Projects/VerbaLibera
    builtin-SwiftPerFileCompile AppleSignIn.swift

SwiftCompile normal arm64 /Users/spkoehl/Projects/VerbaLibera/Condisco/Sync/CloudKitSync.swift (in target 'Condisco' from project 'Condisco')
    cd /Users/spkoehl/Projects/VerbaLibera
    builtin-SwiftPerFileCompile CloudKitSync.swift

SwiftCompile normal arm64 /Users/spkoehl/Projects/VerbaLibera/Condisco/You/YouModel.swift (in target 'Condisco' from project 'Condisco')
    cd /Users/spkoehl/Projects/VerbaLibera
    builtin-SwiftPerFileCompile YouModel.swift

SwiftCompile normal arm64 /Users/spkoehl/Projects/VerbaLibera/Condisco/You/YouView.swift (in target 'Condisco' from project 'Condisco')
    cd /Users/spkoehl/Projects/VerbaLibera
    builtin-SwiftPerFileCompile YouView.swift

SwiftCompile normal arm64 /Users/spkoehl/Projects/VerbaLibera/Condisco/You/Support.swift (in target 'Condisco' from project 'Condisco')
    cd /Users/spkoehl/Projects/VerbaLibera
    builtin-SwiftPerFileCompile Support.swift

SwiftCompile normal arm64 /Users/spkoehl/Projects/VerbaLibera/Condisco/Lesson/PhraseCard.swift (in target 'Condisco' from project 'Condisco')
    cd /Users/spkoehl/Projects/VerbaLibera
    builtin-SwiftPerFileCompile PhraseCard.swift

SwiftCompile normal arm64 /Users/spkoehl/Projects/VerbaLibera/Condisco/Listen/ShadowMode.swift (in target 'Condisco' from project 'Condisco')
    cd /Users/spkoehl/Projects/VerbaLibera
    builtin-SwiftPerFileCompile ShadowMode.swift

SwiftCompile normal arm64 /Users/spkoehl/Projects/VerbaLibera/Condisco/Lesson/Phrasebook.swift (in target 'Condisco' from project 'Condisco')
    cd /Users/spkoehl/Projects/VerbaLibera
    builtin-SwiftPerFileCompile Phrasebook.swift

ConstructStubExecutorLinkFileList /var/folders/3w/91hphlzs0rv_1twbkfyhvn6m0000gn/T/condisco-preflight.7uyGq6/DerivedData/Build/Intermediates.noindex/Condisco.build/Debug-iphonesimulator/CondiscoWidget.build/CondiscoWidget-ExecutorLinkFileList-normal-arm64.txt (in target 'CondiscoWidget' from project 'Condisco')
    cd /Users/spkoehl/Projects/VerbaLibera
    construct-stub-executor-link-file-list /var/folders/3w/91hphlzs0rv_1twbkfyhvn6m0000gn/T/condisco-preflight.7uyGq6/DerivedData/Build/Products/Debug-iphonesimulator/CondiscoWidget.appex/CondiscoWidget.debug.dylib /Applications/Xcode.app/Contents/Developer/Platforms/iPhoneSimulator.platform/Developer/usr/lib/libPreviewsJITStubExecutor_no_swift_entry_point.a /Applications/Xcode.app/Contents/Developer/Platforms/iPhoneSimulator.platform/Developer/usr/lib/libPreviewsJITStubExecutor.a --output /var/folders/3w/91hphlzs0rv_1twbkfyhvn6m0000gn/T/condisco-preflight.7uyGq6/DerivedData/Build/Intermediates.noindex/Condisco.build/Debug-iphonesimulator/CondiscoWidget.build/CondiscoWidget-ExecutorLinkFileList-normal-arm64.txt
note: Using stub executor library with Swift entry point. (in target 'CondiscoWidget' from project 'Condisco')

SwiftDriverJobDiscovery normal arm64 Emitting module for Condisco (in target 'Condisco' from project 'Condisco')

SwiftDriver\ Compilation\ Requirements Condisco normal arm64 com.apple.xcode.tools.swift.compiler (in target 'Condisco' from project 'Condisco')
    cd /Users/spkoehl/Projects/VerbaLibera
    builtin-Swift-Compilation-Requirements -- /Applications/Xcode.app/Contents/Developer/Toolchains/XcodeDefault.xctoolchain/usr/bin/swiftc -module-name Condisco -Onone @/var/folders/3w/91hphlzs0rv_1twbkfyhvn6m0000gn/T/condisco-preflight.7uyGq6/DerivedData/Build/Intermediates.noindex/Condisco.build/Debug-iphonesimulator/Condisco.build/Objects-normal/arm64/Condisco.SwiftFileList -DDEBUG -enable-bare-slash-regex -enable-experimental-feature DebugDescriptionMacro -sdk /Applications/Xcode.app/Contents/Developer/Platforms/iPhoneSimulator.platform/Developer/SDKs/iPhoneSimulator27.0.sdk -target arm64-apple-ios17.0-simulator -g -module-cache-path /var/folders/3w/91hphlzs0rv_1twbkfyhvn6m0000gn/T/condisco-preflight.7uyGq6/DerivedData/ModuleCache.noindex -Xfrontend -serialize-debugging-options -enable-testing -index-store-path /var/folders/3w/91hphlzs0rv_1twbkfyhvn6m0000gn/T/condisco-preflight.7uyGq6/DerivedData/Index.noindex/DataStore -Xcc -D_LIBCPP_HARDENING_MODE\=_LIBCPP_HARDENING_MODE_DEBUG -swift-version 5 -I /var/folders/3w/91hphlzs0rv_1twbkfyhvn6m0000gn/T/condisco-preflight.7uyGq6/DerivedData/Build/Products/Debug-iphonesimulator -F /var/folders/3w/91hphlzs0rv_1twbkfyhvn6m0000gn/T/condisco-preflight.7uyGq6/DerivedData/Build/Products/Debug-iphonesimulator -emit-localized-strings -emit-localized-strings-path /var/folders/3w/91hphlzs0rv_1twbkfyhvn6m0000gn/T/condisco-preflight.7uyGq6/DerivedData/Build/Intermediates.noindex/Condisco.build/Debug-iphonesimulator/Condisco.build/Objects-normal/arm64 -c -j6 -enable-batch-mode -incremental -Xcc -ivfsstatcache -Xcc /var/folders/3w/91hphlzs0rv_1twbkfyhvn6m0000gn/T/condisco-preflight.7uyGq6/DerivedData/SDKStatCaches.noindex/iphonesimulator27.0-24A430-8dc58220667be655e1bcc261a7455254.sdkstatcache -output-file-map /var/folders/3w/91hphlzs0rv_1twbkfyhvn6m0000gn/T/condisco-preflight.7uyGq6/DerivedData/Build/Intermediates.noindex/Condisco.build/Debug-iphonesimulator/Condisco.build/Objects-normal/arm64/Condisco-OutputFileMap.json -save-temps -no-color-diagnostics -explicit-module-build -module-cache-path /var/folders/3w/91hphlzs0rv_1twbkfyhvn6m0000gn/T/condisco-preflight.7uyGq6/DerivedData/Build/Intermediates.noindex/SwiftExplicitPrecompiledModules -clang-scanner-module-cache-path /var/folders/3w/91hphlzs0rv_1twbkfyhvn6m0000gn/T/condisco-preflight.7uyGq6/DerivedData/ModuleCache.noindex -sdk-module-cache-path /var/folders/3w/91hphlzs0rv_1twbkfyhvn6m0000gn/T/condisco-preflight.7uyGq6/DerivedData/SDKExplicitPrecompiledModules -emit-dependencies -emit-module -emit-module-path /var/folders/3w/91hphlzs0rv_1twbkfyhvn6m0000gn/T/condisco-preflight.7uyGq6/DerivedData/Build/Intermediates.noindex/Condisco.build/Debug-iphonesimulator/Condisco.build/Objects-normal/arm64/Condisco.swiftmodule -serialize-diagnostics -dependency-scan-serialize-diagnostics-path /var/folders/3w/91hphlzs0rv_1twbkfyhvn6m0000gn/T/condisco-preflight.7uyGq6/DerivedData/Build/Intermediates.noindex/Condisco.build/Debug-iphonesimulator/Condisco.build/Objects-normal/arm64/Condisco-dependency-scan.dia -validate-clang-modules-once -clang-build-session-file /var/folders/3w/91hphlzs0rv_1twbkfyhvn6m0000gn/T/condisco-preflight.7uyGq6/DerivedData/ModuleCache.noindex/Session.modulevalidation -Xcc -fmodules-prune-interval\=86400 -Xcc -fmodules-prune-after\=345600 -emit-const-values -const-gather-protocols-list /var/folders/3w/91hphlzs0rv_1twbkfyhvn6m0000gn/T/condisco-preflight.7uyGq6/DerivedData/Build/Intermediates.noindex/Condisco.build/Debug-iphonesimulator/Condisco.build/Objects-normal/arm64/Condisco_const_extract_protocols.json -Xcc -iquote -Xcc /var/folders/3w/91hphlzs0rv_1twbkfyhvn6m0000gn/T/condisco-preflight.7uyGq6/DerivedData/Build/Intermediates.noindex/Condisco.build/Debug-iphonesimulator/Condisco.build/Condisco-generated-files.hmap -Xcc -I/var/folders/3w/91hphlzs0rv_1twbkfyhvn6m0000gn/T/condisco-preflight.7uyGq6/DerivedData/Build/Intermediates.noindex/Condisco.build/Debug-iphonesimulator/Condisco.build/Condisco-own-target-headers.hmap -Xcc -I/var/folders/3w/91hphlzs0rv_1twbkfyhvn6m0000gn/T/condisco-preflight.7uyGq6/DerivedData/Build/Intermediates.noindex/Condisco.build/Debug-iphonesimulator/Condisco.build/Condisco-all-target-headers.hmap -Xcc -iquote -Xcc /var/folders/3w/91hphlzs0rv_1twbkfyhvn6m0000gn/T/condisco-preflight.7uyGq6/DerivedData/Build/Intermediates.noindex/Condisco.build/Debug-iphonesimulator/Condisco.build/Condisco-project-headers.hmap -Xcc -I/var/folders/3w/91hphlzs0rv_1twbkfyhvn6m0000gn/T/condisco-preflight.7uyGq6/DerivedData/Build/Products/Debug-iphonesimulator/include -Xcc -I/var/folders/3w/91hphlzs0rv_1twbkfyhvn6m0000gn/T/condisco-preflight.7uyGq6/DerivedData/Build/Intermediates.noindex/Condisco.build/Debug-iphonesimulator/Condisco.build/DerivedSources-normal/arm64 -Xcc -I/var/folders/3w/91hphlzs0rv_1twbkfyhvn6m0000gn/T/condisco-preflight.7uyGq6/DerivedData/Build/Intermediates.noindex/Condisco.build/Debug-iphonesimulator/Condisco.build/DerivedSources/arm64 -Xcc -I/var/folders/3w/91hphlzs0rv_1twbkfyhvn6m0000gn/T/condisco-preflight.7uyGq6/DerivedData/Build/Intermediates.noindex/Condisco.build/Debug-iphonesimulator/Condisco.build/DerivedSources -Xcc -DDEBUG\=1 -Xcc -DDEBUG\=1 -emit-objc-header -emit-objc-header-path /var/folders/3w/91hphlzs0rv_1twbkfyhvn6m0000gn/T/condisco-preflight.7uyGq6/DerivedData/Build/Intermediates.noindex/Condisco.build/Debug-iphonesimulator/Condisco.build/Objects-normal/arm64/Condisco-Swift.h -working-directory /Users/spkoehl/Projects/VerbaLibera -experimental-emit-module-separately -disable-cmo

Ld /var/folders/3w/91hphlzs0rv_1twbkfyhvn6m0000gn/T/condisco-preflight.7uyGq6/DerivedData/Build/Products/Debug-iphonesimulator/CondiscoWidget.appex/CondiscoWidget normal (in target 'CondiscoWidget' from project 'Condisco')
    cd /Users/spkoehl/Projects/VerbaLibera
    /Applications/Xcode.app/Contents/Developer/Toolchains/XcodeDefault.xctoolchain/usr/bin/clang -Xlinker -reproducible -target arm64-apple-ios17.0-simulator -isysroot /Applications/Xcode.app/Contents/Developer/Platforms/iPhoneSimulator.platform/Developer/SDKs/iPhoneSimulator27.0.sdk -O0 -Xlinker -no_warn_duplicate_libraries -L/var/folders/3w/91hphlzs0rv_1twbkfyhvn6m0000gn/T/condisco-preflight.7uyGq6/DerivedData/Build/Products/Debug-iphonesimulator -F/var/folders/3w/91hphlzs0rv_1twbkfyhvn6m0000gn/T/condisco-preflight.7uyGq6/DerivedData/Build/Products/Debug-iphonesimulator -Xlinker -rpath -Xlinker @executable_path -rdynamic -Xlinker -no_deduplicate -Xlinker -objc_abi_version -Xlinker 2 -e ___debug_blank_executor_main -Xlinker -sectcreate -Xlinker __TEXT -Xlinker __debug_dylib -Xlinker /var/folders/3w/91hphlzs0rv_1twbkfyhvn6m0000gn/T/condisco-preflight.7uyGq6/DerivedData/Build/Intermediates.noindex/Condisco.build/Debug-iphonesimulator/CondiscoWidget.build/CondiscoWidget-DebugDylibPath-normal-arm64.txt -Xlinker -sectcreate -Xlinker __TEXT -Xlinker __debug_entry -Xlinker /var/folders/3w/91hphlzs0rv_1twbkfyhvn6m0000gn/T/condisco-preflight.7uyGq6/DerivedData/Build/Intermediates.noindex/Condisco.build/Debug-iphonesimulator/CondiscoWidget.build/CondiscoWidget-DebugEntryPoint-normal-arm64.txt -Xlinker -sectcreate -Xlinker __TEXT -Xlinker __debug_instlnm -Xlinker /var/folders/3w/91hphlzs0rv_1twbkfyhvn6m0000gn/T/condisco-preflight.7uyGq6/DerivedData/Build/Intermediates.noindex/Condisco.build/Debug-iphonesimulator/CondiscoWidget.build/CondiscoWidget-DebugDylibInstallName-normal-arm64.txt -Xlinker -filelist -Xlinker /var/folders/3w/91hphlzs0rv_1twbkfyhvn6m0000gn/T/condisco-preflight.7uyGq6/DerivedData/Build/Intermediates.noindex/Condisco.build/Debug-iphonesimulator/CondiscoWidget.build/CondiscoWidget-ExecutorLinkFileList-normal-arm64.txt -Xlinker -sectcreate -Xlinker __TEXT -Xlinker __entitlements -Xlinker /var/folders/3w/91hphlzs0rv_1twbkfyhvn6m0000gn/T/condisco-preflight.7uyGq6/DerivedData/Build/Intermediates.noindex/Condisco.build/Debug-iphonesimulator/CondiscoWidget.build/CondiscoWidget.appex-Simulated.xcent -Xlinker -sectcreate -Xlinker __TEXT -Xlinker __ents_der -Xlinker /var/folders/3w/91hphlzs0rv_1twbkfyhvn6m0000gn/T/condisco-preflight.7uyGq6/DerivedData/Build/Intermediates.noindex/Condisco.build/Debug-iphonesimulator/CondiscoWidget.build/CondiscoWidget.appex-Simulated.xcent.der /var/folders/3w/91hphlzs0rv_1twbkfyhvn6m0000gn/T/condisco-preflight.7uyGq6/DerivedData/Build/Products/Debug-iphonesimulator/CondiscoWidget.appex/CondiscoWidget.debug.dylib -Xlinker -no_adhoc_codesign -o /var/folders/3w/91hphlzs0rv_1twbkfyhvn6m0000gn/T/condisco-preflight.7uyGq6/DerivedData/Build/Products/Debug-iphonesimulator/CondiscoWidget.appex/CondiscoWidget

SwiftMergeGeneratedHeaders /var/folders/3w/91hphlzs0rv_1twbkfyhvn6m0000gn/T/condisco-preflight.7uyGq6/DerivedData/Build/Intermediates.noindex/Condisco.build/Debug-iphonesimulator/Condisco.build/DerivedSources/Condisco-Swift.h /var/folders/3w/91hphlzs0rv_1twbkfyhvn6m0000gn/T/condisco-preflight.7uyGq6/DerivedData/Build/Intermediates.noindex/Condisco.build/Debug-iphonesimulator/Condisco.build/Objects-normal/arm64/Condisco-Swift.h (in target 'Condisco' from project 'Condisco')
    cd /Users/spkoehl/Projects/VerbaLibera
    builtin-swiftHeaderTool -arch arm64 /var/folders/3w/91hphlzs0rv_1twbkfyhvn6m0000gn/T/condisco-preflight.7uyGq6/DerivedData/Build/Intermediates.noindex/Condisco.build/Debug-iphonesimulator/Condisco.build/Objects-normal/arm64/Condisco-Swift.h -o /var/folders/3w/91hphlzs0rv_1twbkfyhvn6m0000gn/T/condisco-preflight.7uyGq6/DerivedData/Build/Intermediates.noindex/Condisco.build/Debug-iphonesimulator/Condisco.build/DerivedSources/Condisco-Swift.h

Copy /var/folders/3w/91hphlzs0rv_1twbkfyhvn6m0000gn/T/condisco-preflight.7uyGq6/DerivedData/Build/Products/Debug-iphonesimulator/Condisco.swiftmodule/arm64-apple-ios-simulator.swiftmodule /var/folders/3w/91hphlzs0rv_1twbkfyhvn6m0000gn/T/condisco-preflight.7uyGq6/DerivedData/Build/Intermediates.noindex/Condisco.build/Debug-iphonesimulator/Condisco.build/Objects-normal/arm64/Condisco.swiftmodule (in target 'Condisco' from project 'Condisco')
    cd /Users/spkoehl/Projects/VerbaLibera
    builtin-copy -exclude .DS_Store -exclude CVS -exclude .svn -exclude .git -exclude .hg -resolve-src-symlinks -rename /var/folders/3w/91hphlzs0rv_1twbkfyhvn6m0000gn/T/condisco-preflight.7uyGq6/DerivedData/Build/Intermediates.noindex/Condisco.build/Debug-iphonesimulator/Condisco.build/Objects-normal/arm64/Condisco.swiftmodule /var/folders/3w/91hphlzs0rv_1twbkfyhvn6m0000gn/T/condisco-preflight.7uyGq6/DerivedData/Build/Products/Debug-iphonesimulator/Condisco.swiftmodule/arm64-apple-ios-simulator.swiftmodule

Copy /var/folders/3w/91hphlzs0rv_1twbkfyhvn6m0000gn/T/condisco-preflight.7uyGq6/DerivedData/Build/Products/Debug-iphonesimulator/Condisco.swiftmodule/arm64-apple-ios-simulator.swiftdoc /var/folders/3w/91hphlzs0rv_1twbkfyhvn6m0000gn/T/condisco-preflight.7uyGq6/DerivedData/Build/Intermediates.noindex/Condisco.build/Debug-iphonesimulator/Condisco.build/Objects-normal/arm64/Condisco.swiftdoc (in target 'Condisco' from project 'Condisco')
    cd /Users/spkoehl/Projects/VerbaLibera
    builtin-copy -exclude .DS_Store -exclude CVS -exclude .svn -exclude .git -exclude .hg -resolve-src-symlinks -rename /var/folders/3w/91hphlzs0rv_1twbkfyhvn6m0000gn/T/condisco-preflight.7uyGq6/DerivedData/Build/Intermediates.noindex/Condisco.build/Debug-iphonesimulator/Condisco.build/Objects-normal/arm64/Condisco.swiftdoc /var/folders/3w/91hphlzs0rv_1twbkfyhvn6m0000gn/T/condisco-preflight.7uyGq6/DerivedData/Build/Products/Debug-iphonesimulator/Condisco.swiftmodule/arm64-apple-ios-simulator.swiftdoc

Copy /var/folders/3w/91hphlzs0rv_1twbkfyhvn6m0000gn/T/condisco-preflight.7uyGq6/DerivedData/Build/Products/Debug-iphonesimulator/Condisco.swiftmodule/arm64-apple-ios-simulator.abi.json /var/folders/3w/91hphlzs0rv_1twbkfyhvn6m0000gn/T/condisco-preflight.7uyGq6/DerivedData/Build/Intermediates.noindex/Condisco.build/Debug-iphonesimulator/Condisco.build/Objects-normal/arm64/Condisco.abi.json (in target 'Condisco' from project 'Condisco')
    cd /Users/spkoehl/Projects/VerbaLibera
    builtin-copy -exclude .DS_Store -exclude CVS -exclude .svn -exclude .git -exclude .hg -resolve-src-symlinks -rename /var/folders/3w/91hphlzs0rv_1twbkfyhvn6m0000gn/T/condisco-preflight.7uyGq6/DerivedData/Build/Intermediates.noindex/Condisco.build/Debug-iphonesimulator/Condisco.build/Objects-normal/arm64/Condisco.abi.json /var/folders/3w/91hphlzs0rv_1twbkfyhvn6m0000gn/T/condisco-preflight.7uyGq6/DerivedData/Build/Products/Debug-iphonesimulator/Condisco.swiftmodule/arm64-apple-ios-simulator.abi.json

Copy /var/folders/3w/91hphlzs0rv_1twbkfyhvn6m0000gn/T/condisco-preflight.7uyGq6/DerivedData/Build/Products/Debug-iphonesimulator/Condisco.swiftmodule/Project/arm64-apple-ios-simulator.swiftsourceinfo /var/folders/3w/91hphlzs0rv_1twbkfyhvn6m0000gn/T/condisco-preflight.7uyGq6/DerivedData/Build/Intermediates.noindex/Condisco.build/Debug-iphonesimulator/Condisco.build/Objects-normal/arm64/Condisco.swiftsourceinfo (in target 'Condisco' from project 'Condisco')
    cd /Users/spkoehl/Projects/VerbaLibera
    builtin-copy -exclude .DS_Store -exclude CVS -exclude .svn -exclude .git -exclude .hg -resolve-src-symlinks -rename /var/folders/3w/91hphlzs0rv_1twbkfyhvn6m0000gn/T/condisco-preflight.7uyGq6/DerivedData/Build/Intermediates.noindex/Condisco.build/Debug-iphonesimulator/Condisco.build/Objects-normal/arm64/Condisco.swiftsourceinfo /var/folders/3w/91hphlzs0rv_1twbkfyhvn6m0000gn/T/condisco-preflight.7uyGq6/DerivedData/Build/Products/Debug-iphonesimulator/Condisco.swiftmodule/Project/arm64-apple-ios-simulator.swiftsourceinfo

SwiftCompile normal arm64 Compiling\ Glossary.swift,\ LessonMoments.swift,\ DeepLink.swift,\ CondiscoIntents.swift,\ SpotlightIndex.swift,\ LessonCatalog.generated.swift,\ WidgetSnapshot.swift,\ WidgetSnapshotWriter.swift,\ GeneratedAssetSymbols.swift /Users/spkoehl/Projects/VerbaLibera/Condisco/Lesson/Glossary.swift /Users/spkoehl/Projects/VerbaLibera/Condisco/Lesson/LessonMoments.swift /Users/spkoehl/Projects/VerbaLibera/Condisco/DeepLink/DeepLink.swift /Users/spkoehl/Projects/VerbaLibera/Condisco/DeepLink/CondiscoIntents.swift /Users/spkoehl/Projects/VerbaLibera/Condisco/DeepLink/SpotlightIndex.swift /Users/spkoehl/Projects/VerbaLibera/Condisco/DeepLink/LessonCatalog.generated.swift /Users/spkoehl/Projects/VerbaLibera/Condisco/Store/WidgetSnapshot.swift /Users/spkoehl/Projects/VerbaLibera/Condisco/Store/WidgetSnapshotWriter.swift /var/folders/3w/91hphlzs0rv_1twbkfyhvn6m0000gn/T/condisco-preflight.7uyGq6/DerivedData/Build/Intermediates.noindex/Condisco.build/Debug-iphonesimulator/Condisco.build/DerivedSources/GeneratedAssetSymbols.swift (in target 'Condisco' from project 'Condisco')

SwiftCompile normal arm64 /Users/spkoehl/Projects/VerbaLibera/Condisco/Lesson/Glossary.swift (in target 'Condisco' from project 'Condisco')
    cd /Users/spkoehl/Projects/VerbaLibera
    builtin-SwiftPerFileCompile Glossary.swift

SwiftCompile normal arm64 /Users/spkoehl/Projects/VerbaLibera/Condisco/Lesson/LessonMoments.swift (in target 'Condisco' from project 'Condisco')
    cd /Users/spkoehl/Projects/VerbaLibera
    builtin-SwiftPerFileCompile LessonMoments.swift

SwiftCompile normal arm64 /Users/spkoehl/Projects/VerbaLibera/Condisco/DeepLink/DeepLink.swift (in target 'Condisco' from project 'Condisco')
    cd /Users/spkoehl/Projects/VerbaLibera
    builtin-SwiftPerFileCompile DeepLink.swift

SwiftCompile normal arm64 /Users/spkoehl/Projects/VerbaLibera/Condisco/DeepLink/CondiscoIntents.swift (in target 'Condisco' from project 'Condisco')
    cd /Users/spkoehl/Projects/VerbaLibera
    builtin-SwiftPerFileCompile CondiscoIntents.swift

SwiftCompile normal arm64 /Users/spkoehl/Projects/VerbaLibera/Condisco/DeepLink/SpotlightIndex.swift (in target 'Condisco' from project 'Condisco')
    cd /Users/spkoehl/Projects/VerbaLibera
    builtin-SwiftPerFileCompile SpotlightIndex.swift

SwiftCompile normal arm64 /Users/spkoehl/Projects/VerbaLibera/Condisco/DeepLink/LessonCatalog.generated.swift (in target 'Condisco' from project 'Condisco')
    cd /Users/spkoehl/Projects/VerbaLibera
    builtin-SwiftPerFileCompile LessonCatalog.generated.swift

SwiftCompile normal arm64 /Users/spkoehl/Projects/VerbaLibera/Condisco/Store/WidgetSnapshot.swift (in target 'Condisco' from project 'Condisco')
    cd /Users/spkoehl/Projects/VerbaLibera
    builtin-SwiftPerFileCompile WidgetSnapshot.swift

SwiftCompile normal arm64 /Users/spkoehl/Projects/VerbaLibera/Condisco/Store/WidgetSnapshotWriter.swift (in target 'Condisco' from project 'Condisco')
    cd /Users/spkoehl/Projects/VerbaLibera
    builtin-SwiftPerFileCompile WidgetSnapshotWriter.swift

SwiftCompile normal arm64 /var/folders/3w/91hphlzs0rv_1twbkfyhvn6m0000gn/T/condisco-preflight.7uyGq6/DerivedData/Build/Intermediates.noindex/Condisco.build/Debug-iphonesimulator/Condisco.build/DerivedSources/GeneratedAssetSymbols.swift (in target 'Condisco' from project 'Condisco')
    cd /Users/spkoehl/Projects/VerbaLibera
    builtin-SwiftPerFileCompile GeneratedAssetSymbols.swift

SwiftDriverJobDiscovery normal arm64 Compiling LearningStore.swift, PackLoader.swift, AnswerEngine.swift, ActivityEvaluation.swift, LessonSession.swift, CoursesView.swift, FamilyLayouts.swift, ActivityViews.swift, TextInputViews.swift (in target 'Condisco' from project 'Condisco')

ExtractAppIntentsMetadata (in target 'CondiscoWidget' from project 'Condisco')
    cd /Users/spkoehl/Projects/VerbaLibera
    /Applications/Xcode.app/Contents/Developer/Toolchains/XcodeDefault.xctoolchain/usr/bin/appintentsmetadataprocessor --toolchain-dir /Applications/Xcode.app/Contents/Developer/Toolchains/XcodeDefault.xctoolchain --module-name CondiscoWidget --sdk-root /Applications/Xcode.app/Contents/Developer/Platforms/iPhoneSimulator.platform/Developer/SDKs/iPhoneSimulator27.0.sdk --xcode-version 27A266a --platform-family iOS --deployment-target 17.0 --bundle-identifier com.sleuthysloth.condisco.CondiscoWidget --output /var/folders/3w/91hphlzs0rv_1twbkfyhvn6m0000gn/T/condisco-preflight.7uyGq6/DerivedData/Build/Products/Debug-iphonesimulator/CondiscoWidget.appex --target-triple arm64-apple-ios17.0-simulator --binary-file /var/folders/3w/91hphlzs0rv_1twbkfyhvn6m0000gn/T/condisco-preflight.7uyGq6/DerivedData/Build/Products/Debug-iphonesimulator/CondiscoWidget.appex/CondiscoWidget --dependency-file /var/folders/3w/91hphlzs0rv_1twbkfyhvn6m0000gn/T/condisco-preflight.7uyGq6/DerivedData/Build/Intermediates.noindex/Condisco.build/Debug-iphonesimulator/CondiscoWidget.build/Objects-normal/arm64/CondiscoWidget_dependency_info.dat --stringsdata-file /var/folders/3w/91hphlzs0rv_1twbkfyhvn6m0000gn/T/condisco-preflight.7uyGq6/DerivedData/Build/Intermediates.noindex/Condisco.build/Debug-iphonesimulator/CondiscoWidget.build/Objects-normal/arm64/ExtractedAppShortcutsMetadata.stringsdata --source-file-list /var/folders/3w/91hphlzs0rv_1twbkfyhvn6m0000gn/T/condisco-preflight.7uyGq6/DerivedData/Build/Intermediates.noindex/Condisco.build/Debug-iphonesimulator/CondiscoWidget.build/Objects-normal/arm64/CondiscoWidget.SwiftFileList --metadata-file-list /var/folders/3w/91hphlzs0rv_1twbkfyhvn6m0000gn/T/condisco-preflight.7uyGq6/DerivedData/Build/Intermediates.noindex/Condisco.build/Debug-iphonesimulator/CondiscoWidget.build/CondiscoWidget.DependencyMetadataFileList --static-metadata-file-list /var/folders/3w/91hphlzs0rv_1twbkfyhvn6m0000gn/T/condisco-preflight.7uyGq6/DerivedData/Build/Intermediates.noindex/Condisco.build/Debug-iphonesimulator/CondiscoWidget.build/CondiscoWidget.DependencyStaticMetadataFileList --swift-const-vals-list /var/folders/3w/91hphlzs0rv_1twbkfyhvn6m0000gn/T/condisco-preflight.7uyGq6/DerivedData/Build/Intermediates.noindex/Condisco.build/Debug-iphonesimulator/CondiscoWidget.build/Objects-normal/arm64/CondiscoWidget.SwiftConstValuesFileList --compile-time-extraction --deployment-aware-processing --no-app-shortcuts-localization
2026-09-26 00:06:31.831 appintentsmetadataprocessor[79901:7864562] Starting appintentsmetadataprocessor export
2026-09-26 00:06:32.139 appintentsmetadataprocessor[79901:7864562] Extracted no relevant App Intents symbols, skipping writing output

AppIntentsSSUTraining (in target 'CondiscoWidget' from project 'Condisco')
    cd /Users/spkoehl/Projects/VerbaLibera
    /Applications/Xcode.app/Contents/Developer/Toolchains/XcodeDefault.xctoolchain/usr/bin/appintentsnltrainingprocessor --infoplist-path /var/folders/3w/91hphlzs0rv_1twbkfyhvn6m0000gn/T/condisco-preflight.7uyGq6/DerivedData/Build/Products/Debug-iphonesimulator/CondiscoWidget.appex/Info.plist --temp-dir-path /var/folders/3w/91hphlzs0rv_1twbkfyhvn6m0000gn/T/condisco-preflight.7uyGq6/DerivedData/Build/Intermediates.noindex/Condisco.build/Debug-iphonesimulator/CondiscoWidget.build/ssu --bundle-id com.sleuthysloth.condisco.CondiscoWidget --product-path /var/folders/3w/91hphlzs0rv_1twbkfyhvn6m0000gn/T/condisco-preflight.7uyGq6/DerivedData/Build/Products/Debug-iphonesimulator/CondiscoWidget.appex --extracted-metadata-path /var/folders/3w/91hphlzs0rv_1twbkfyhvn6m0000gn/T/condisco-preflight.7uyGq6/DerivedData/Build/Products/Debug-iphonesimulator/CondiscoWidget.appex/Metadata.appintents --metadata-file-list /var/folders/3w/91hphlzs0rv_1twbkfyhvn6m0000gn/T/condisco-preflight.7uyGq6/DerivedData/Build/Intermediates.noindex/Condisco.build/Debug-iphonesimulator/CondiscoWidget.build/CondiscoWidget.DependencyMetadataFileList --source-file /var/folders/3w/91hphlzs0rv_1twbkfyhvn6m0000gn/T/condisco-preflight.7uyGq6/DerivedData/Build/Products/Debug-iphonesimulator/CondiscoWidget.appex/Info.plist --archive-ssu-assets
2026-09-26 00:06:32.231 appintentsnltrainingprocessor[79902:7864602] Parsing options for appintentsnltrainingprocessor
2026-09-26 00:06:32.232 appintentsnltrainingprocessor[79902:7864602] Starting AppIntents SSU YAML Generation
2026-09-26 00:06:32.235 appintentsnltrainingprocessor[79902:7864602] No AppShortcuts found - Skipping.

ProcessProductPackaging "" /var/folders/3w/91hphlzs0rv_1twbkfyhvn6m0000gn/T/condisco-preflight.7uyGq6/DerivedData/Build/Intermediates.noindex/Condisco.build/Debug-iphonesimulator/CondiscoUITests.build/CondiscoUITests.xctest-Simulated.xcent (in target 'CondiscoUITests' from project 'Condisco')
    cd /Users/spkoehl/Projects/VerbaLibera
    
    Entitlements:
    
    {
    "application-identifier" = "PN9T9MT37J.com.sleuthysloth.condisco.UITests.xctrunner";
    "keychain-access-groups" =     (
        "PN9T9MT37J.com.sleuthysloth.condisco.UITests.xctrunner"
    );
}
    
    builtin-productPackagingUtility -entitlements -format xml -o /var/folders/3w/91hphlzs0rv_1twbkfyhvn6m0000gn/T/condisco-preflight.7uyGq6/DerivedData/Build/Intermediates.noindex/Condisco.build/Debug-iphonesimulator/CondiscoUITests.build/CondiscoUITests.xctest-Simulated.xcent

ProcessProductPackagingDER /var/folders/3w/91hphlzs0rv_1twbkfyhvn6m0000gn/T/condisco-preflight.7uyGq6/DerivedData/Build/Intermediates.noindex/Condisco.build/Debug-iphonesimulator/CondiscoUITests.build/CondiscoUITests.xctest-Simulated.xcent /var/folders/3w/91hphlzs0rv_1twbkfyhvn6m0000gn/T/condisco-preflight.7uyGq6/DerivedData/Build/Intermediates.noindex/Condisco.build/Debug-iphonesimulator/CondiscoUITests.build/CondiscoUITests.xctest-Simulated.xcent.der (in target 'CondiscoUITests' from project 'Condisco')
    cd /Users/spkoehl/Projects/VerbaLibera
    /usr/bin/derq query -f xml -i /var/folders/3w/91hphlzs0rv_1twbkfyhvn6m0000gn/T/condisco-preflight.7uyGq6/DerivedData/Build/Intermediates.noindex/Condisco.build/Debug-iphonesimulator/CondiscoUITests.build/CondiscoUITests.xctest-Simulated.xcent -o /var/folders/3w/91hphlzs0rv_1twbkfyhvn6m0000gn/T/condisco-preflight.7uyGq6/DerivedData/Build/Intermediates.noindex/Condisco.build/Debug-iphonesimulator/CondiscoUITests.build/CondiscoUITests.xctest-Simulated.xcent.der --raw

CodeSign /var/folders/3w/91hphlzs0rv_1twbkfyhvn6m0000gn/T/condisco-preflight.7uyGq6/DerivedData/Build/Products/Debug-iphonesimulator/CondiscoWidget.appex/CondiscoWidget.debug.dylib (in target 'CondiscoWidget' from project 'Condisco')
    cd /Users/spkoehl/Projects/VerbaLibera
    
    Signing Identity:     "Sign to Run Locally"
    
    /usr/bin/codesign --force --sign - --timestamp\=none --generate-entitlement-der /var/folders/3w/91hphlzs0rv_1twbkfyhvn6m0000gn/T/condisco-preflight.7uyGq6/DerivedData/Build/Products/Debug-iphonesimulator/CondiscoWidget.appex/CondiscoWidget.debug.dylib

CodeSign /var/folders/3w/91hphlzs0rv_1twbkfyhvn6m0000gn/T/condisco-preflight.7uyGq6/DerivedData/Build/Products/Debug-iphonesimulator/CondiscoWidget.appex/__preview.dylib (in target 'CondiscoWidget' from project 'Condisco')
    cd /Users/spkoehl/Projects/VerbaLibera
    
    Signing Identity:     "Sign to Run Locally"
    
    /usr/bin/codesign --force --sign - --timestamp\=none --generate-entitlement-der /var/folders/3w/91hphlzs0rv_1twbkfyhvn6m0000gn/T/condisco-preflight.7uyGq6/DerivedData/Build/Products/Debug-iphonesimulator/CondiscoWidget.appex/__preview.dylib

CodeSign /var/folders/3w/91hphlzs0rv_1twbkfyhvn6m0000gn/T/condisco-preflight.7uyGq6/DerivedData/Build/Products/Debug-iphonesimulator/CondiscoWidget.appex (in target 'CondiscoWidget' from project 'Condisco')
    cd /Users/spkoehl/Projects/VerbaLibera
    
    Signing Identity:     "Sign to Run Locally"
    
    /usr/bin/codesign --force --sign - --entitlements /var/folders/3w/91hphlzs0rv_1twbkfyhvn6m0000gn/T/condisco-preflight.7uyGq6/DerivedData/Build/Intermediates.noindex/Condisco.build/Debug-iphonesimulator/CondiscoWidget.build/CondiscoWidget.appex.xcent --timestamp\=none --generate-entitlement-der /var/folders/3w/91hphlzs0rv_1twbkfyhvn6m0000gn/T/condisco-preflight.7uyGq6/DerivedData/Build/Products/Debug-iphonesimulator/CondiscoWidget.appex

SwiftDriver CondiscoUITests normal arm64 com.apple.xcode.tools.swift.compiler (in target 'CondiscoUITests' from project 'Condisco')
    cd /Users/spkoehl/Projects/VerbaLibera
    builtin-SwiftDriver -- /Applications/Xcode.app/Contents/Developer/Toolchains/XcodeDefault.xctoolchain/usr/bin/swiftc -module-name CondiscoUITests -Onone @/var/folders/3w/91hphlzs0rv_1twbkfyhvn6m0000gn/T/condisco-preflight.7uyGq6/DerivedData/Build/Intermediates.noindex/Condisco.build/Debug-iphonesimulator/CondiscoUITests.build/Objects-normal/arm64/CondiscoUITests.SwiftFileList -DDEBUG -module-alias Testing\=_Testing_Unavailable -plugin-path /Applications/Xcode.app/Contents/Developer/Toolchains/XcodeDefault.xctoolchain/usr/lib/swift/host/plugins/testing -enable-bare-slash-regex -enable-experimental-feature DebugDescriptionMacro -sdk /Applications/Xcode.app/Contents/Developer/Platforms/iPhoneSimulator.platform/Developer/SDKs/iPhoneSimulator27.0.sdk -target arm64-apple-ios17.0-simulator -g -module-cache-path /var/folders/3w/91hphlzs0rv_1twbkfyhvn6m0000gn/T/condisco-preflight.7uyGq6/DerivedData/ModuleCache.noindex -Xfrontend -serialize-debugging-options -enable-testing -index-store-path /var/folders/3w/91hphlzs0rv_1twbkfyhvn6m0000gn/T/condisco-preflight.7uyGq6/DerivedData/Index.noindex/DataStore -Xcc -D_LIBCPP_HARDENING_MODE\=_LIBCPP_HARDENING_MODE_DEBUG -swift-version 5 -I /var/folders/3w/91hphlzs0rv_1twbkfyhvn6m0000gn/T/condisco-preflight.7uyGq6/DerivedData/Build/Products/Debug-iphonesimulator -Isystem /Applications/Xcode.app/Contents/Developer/Platforms/iPhoneSimulator.platform/Developer/usr/lib -F /var/folders/3w/91hphlzs0rv_1twbkfyhvn6m0000gn/T/condisco-preflight.7uyGq6/DerivedData/Build/Products/Debug-iphonesimulator -F /Applications/Xcode.app/Contents/Developer/Platforms/iPhoneSimulator.platform/Developer/Library/Frameworks -F /Applications/Xcode.app/Contents/Developer/Platforms/iPhoneSimulator.platform/Developer/SDKs/iPhoneSimulator27.0.sdk/Developer/Library/Frameworks -parse-as-library -emit-localized-strings -emit-localized-strings-path /var/folders/3w/91hphlzs0rv_1twbkfyhvn6m0000gn/T/condisco-preflight.7uyGq6/DerivedData/Build/Intermediates.noindex/Condisco.build/Debug-iphonesimulator/CondiscoUITests.build/Objects-normal/arm64 -c -j6 -enable-batch-mode -incremental -Xcc -ivfsstatcache -Xcc /var/folders/3w/91hphlzs0rv_1twbkfyhvn6m0000gn/T/condisco-preflight.7uyGq6/DerivedData/SDKStatCaches.noindex/iphonesimulator27.0-24A430-8dc58220667be655e1bcc261a7455254.sdkstatcache -output-file-map /var/folders/3w/91hphlzs0rv_1twbkfyhvn6m0000gn/T/condisco-preflight.7uyGq6/DerivedData/Build/Intermediates.noindex/Condisco.build/Debug-iphonesimulator/CondiscoUITests.build/Objects-normal/arm64/CondiscoUITests-OutputFileMap.json -save-temps -no-color-diagnostics -explicit-module-build -module-cache-path /var/folders/3w/91hphlzs0rv_1twbkfyhvn6m0000gn/T/condisco-preflight.7uyGq6/DerivedData/Build/Intermediates.noindex/SwiftExplicitPrecompiledModules -clang-scanner-module-cache-path /var/folders/3w/91hphlzs0rv_1twbkfyhvn6m0000gn/T/condisco-preflight.7uyGq6/DerivedData/ModuleCache.noindex -sdk-module-cache-path /var/folders/3w/91hphlzs0rv_1twbkfyhvn6m0000gn/T/condisco-preflight.7uyGq6/DerivedData/SDKExplicitPrecompiledModules -emit-dependencies -emit-module -emit-module-path /var/folders/3w/91hphlzs0rv_1twbkfyhvn6m0000gn/T/condisco-preflight.7uyGq6/DerivedData/Build/Intermediates.noindex/Condisco.build/Debug-iphonesimulator/CondiscoUITests.build/Objects-normal/arm64/CondiscoUITests.swiftmodule -serialize-diagnostics -dependency-scan-serialize-diagnostics-path /var/folders/3w/91hphlzs0rv_1twbkfyhvn6m0000gn/T/condisco-preflight.7uyGq6/DerivedData/Build/Intermediates.noindex/Condisco.build/Debug-iphonesimulator/CondiscoUITests.build/Objects-normal/arm64/CondiscoUITests-dependency-scan.dia -validate-clang-modules-once -clang-build-session-file /var/folders/3w/91hphlzs0rv_1twbkfyhvn6m0000gn/T/condisco-preflight.7uyGq6/DerivedData/ModuleCache.noindex/Session.modulevalidation -Xcc -fmodules-prune-interval\=86400 -Xcc -fmodules-prune-after\=345600 -emit-const-values -const-gather-protocols-list /var/folders/3w/91hphlzs0rv_1twbkfyhvn6m0000gn/T/condisco-preflight.7uyGq6/DerivedData/Build/Intermediates.noindex/Condisco.build/Debug-iphonesimulator/CondiscoUITests.build/Objects-normal/arm64/CondiscoUITests_const_extract_protocols.json -Xcc -iquote -Xcc /var/folders/3w/91hphlzs0rv_1twbkfyhvn6m0000gn/T/condisco-preflight.7uyGq6/DerivedData/Build/Intermediates.noindex/Condisco.build/Debug-iphonesimulator/CondiscoUITests.build/CondiscoUITests-generated-files.hmap -Xcc -I/var/folders/3w/91hphlzs0rv_1twbkfyhvn6m0000gn/T/condisco-preflight.7uyGq6/DerivedData/Build/Intermediates.noindex/Condisco.build/Debug-iphonesimulator/CondiscoUITests.build/CondiscoUITests-own-target-headers.hmap -Xcc -I/var/folders/3w/91hphlzs0rv_1twbkfyhvn6m0000gn/T/condisco-preflight.7uyGq6/DerivedData/Build/Intermediates.noindex/Condisco.build/Debug-iphonesimulator/CondiscoUITests.build/CondiscoUITests-all-target-headers.hmap -Xcc -iquote -Xcc /var/folders/3w/91hphlzs0rv_1twbkfyhvn6m0000gn/T/condisco-preflight.7uyGq6/DerivedData/Build/Intermediates.noindex/Condisco.build/Debug-iphonesimulator/CondiscoUITests.build/CondiscoUITests-project-headers.hmap -Xcc -I/var/folders/3w/91hphlzs0rv_1twbkfyhvn6m0000gn/T/condisco-preflight.7uyGq6/DerivedData/Build/Products/Debug-iphonesimulator/include -Xcc -I/var/folders/3w/91hphlzs0rv_1twbkfyhvn6m0000gn/T/condisco-preflight.7uyGq6/DerivedData/Build/Intermediates.noindex/Condisco.build/Debug-iphonesimulator/CondiscoUITests.build/DerivedSources-normal/arm64 -Xcc -I/var/folders/3w/91hphlzs0rv_1twbkfyhvn6m0000gn/T/condisco-preflight.7uyGq6/DerivedData/Build/Intermediates.noindex/Condisco.build/Debug-iphonesimulator/CondiscoUITests.build/DerivedSources/arm64 -Xcc -I/var/folders/3w/91hphlzs0rv_1twbkfyhvn6m0000gn/T/condisco-preflight.7uyGq6/DerivedData/Build/Intermediates.noindex/Condisco.build/Debug-iphonesimulator/CondiscoUITests.build/DerivedSources -Xcc -DDEBUG\=1 -emit-objc-header -emit-objc-header-path /var/folders/3w/91hphlzs0rv_1twbkfyhvn6m0000gn/T/condisco-preflight.7uyGq6/DerivedData/Build/Intermediates.noindex/Condisco.build/Debug-iphonesimulator/CondiscoUITests.build/Objects-normal/arm64/CondiscoUITests-Swift.h -working-directory /Users/spkoehl/Projects/VerbaLibera -experimental-emit-module-separately -disable-cmo

SwiftExplicitDependencyGeneratePcm arm64 /var/folders/3w/91hphlzs0rv_1twbkfyhvn6m0000gn/T/condisco-preflight.7uyGq6/DerivedData/Build/Intermediates.noindex/SwiftExplicitPrecompiledModules/XCUIAutomation-2UGCAF4TP6IJLP5S2OV3KZ4HK.pcm

RegisterExecutionPolicyException /var/folders/3w/91hphlzs0rv_1twbkfyhvn6m0000gn/T/condisco-preflight.7uyGq6/DerivedData/Build/Products/Debug-iphonesimulator/CondiscoWidget.appex (in target 'CondiscoWidget' from project 'Condisco')
    cd /Users/spkoehl/Projects/VerbaLibera
    builtin-RegisterExecutionPolicyException /var/folders/3w/91hphlzs0rv_1twbkfyhvn6m0000gn/T/condisco-preflight.7uyGq6/DerivedData/Build/Products/Debug-iphonesimulator/CondiscoWidget.appex

SwiftExplicitDependencyGeneratePcm arm64 /var/folders/3w/91hphlzs0rv_1twbkfyhvn6m0000gn/T/condisco-preflight.7uyGq6/DerivedData/Build/Intermediates.noindex/SwiftExplicitPrecompiledModules/XCTest-1WFF3NCO3VB21M8SSDVR1SS56.pcm

SwiftExplicitDependencyCompileModuleFromInterface arm64 /var/folders/3w/91hphlzs0rv_1twbkfyhvn6m0000gn/T/condisco-preflight.7uyGq6/DerivedData/Build/Intermediates.noindex/SwiftExplicitPrecompiledModules/XCUIAutomation-3G1P2OIZ6W23M.swiftmodule

SwiftExplicitDependencyCompileModuleFromInterface arm64 /var/folders/3w/91hphlzs0rv_1twbkfyhvn6m0000gn/T/condisco-preflight.7uyGq6/DerivedData/Build/Intermediates.noindex/SwiftExplicitPrecompiledModules/XCTest-1R9UXWK9SYMWV.swiftmodule

SwiftDriverJobDiscovery normal arm64 Compiling CondiscoApp.swift, ContentView.swift, HomeView.swift, MonthView.swift, ProgressCard.swift, DesignTokens.swift, CoursePack.swift, Database.swift, Fsrs.swift, LearningEvents.swift (in target 'Condisco' from project 'Condisco')

Touch /var/folders/3w/91hphlzs0rv_1twbkfyhvn6m0000gn/T/condisco-preflight.7uyGq6/DerivedData/Build/Products/Debug-iphonesimulator/CondiscoWidget.appex (in target 'CondiscoWidget' from project 'Condisco')
    cd /Users/spkoehl/Projects/VerbaLibera
    /usr/bin/touch -c /var/folders/3w/91hphlzs0rv_1twbkfyhvn6m0000gn/T/condisco-preflight.7uyGq6/DerivedData/Build/Products/Debug-iphonesimulator/CondiscoWidget.appex

CpResource /var/folders/3w/91hphlzs0rv_1twbkfyhvn6m0000gn/T/condisco-preflight.7uyGq6/DerivedData/Build/Products/Debug-iphonesimulator/Condisco.app/Content /Users/spkoehl/Projects/VerbaLibera/Condisco/Content (in target 'Condisco' from project 'Condisco')
    cd /Users/spkoehl/Projects/VerbaLibera
    builtin-copy -exclude .DS_Store -exclude CVS -exclude .svn -exclude .git -exclude .hg -resolve-src-symlinks /Users/spkoehl/Projects/VerbaLibera/Condisco/Content /var/folders/3w/91hphlzs0rv_1twbkfyhvn6m0000gn/T/condisco-preflight.7uyGq6/DerivedData/Build/Products/Debug-iphonesimulator/Condisco.app

Ld /var/folders/3w/91hphlzs0rv_1twbkfyhvn6m0000gn/T/condisco-preflight.7uyGq6/DerivedData/Build/Products/Debug-iphonesimulator/Condisco.app/__preview.dylib normal (in target 'Condisco' from project 'Condisco')
    cd /Users/spkoehl/Projects/VerbaLibera
    /Applications/Xcode.app/Contents/Developer/Toolchains/XcodeDefault.xctoolchain/usr/bin/clang -Xlinker -reproducible -target arm64-apple-ios17.0-simulator -dynamiclib -isysroot /Applications/Xcode.app/Contents/Developer/Platforms/iPhoneSimulator.platform/Developer/SDKs/iPhoneSimulator27.0.sdk -O0 -Xlinker -no_warn_duplicate_libraries -L/var/folders/3w/91hphlzs0rv_1twbkfyhvn6m0000gn/T/condisco-preflight.7uyGq6/DerivedData/Build/Products/Debug-iphonesimulator -F/var/folders/3w/91hphlzs0rv_1twbkfyhvn6m0000gn/T/condisco-preflight.7uyGq6/DerivedData/Build/Products/Debug-iphonesimulator -install_name @rpath/Condisco.debug.dylib -Xlinker -dead_strip -rdynamic -Xlinker -no_deduplicate -Xlinker -objc_abi_version -Xlinker 2 -Xlinker -dependency_info -Xlinker /var/folders/3w/91hphlzs0rv_1twbkfyhvn6m0000gn/T/condisco-preflight.7uyGq6/DerivedData/Build/Intermediates.noindex/Condisco.build/Debug-iphonesimulator/Condisco.build/Objects-normal/arm64/Condisco_dependency_info.dat -Xlinker -sectcreate -Xlinker __TEXT -Xlinker __entitlements -Xlinker /var/folders/3w/91hphlzs0rv_1twbkfyhvn6m0000gn/T/condisco-preflight.7uyGq6/DerivedData/Build/Intermediates.noindex/Condisco.build/Debug-iphonesimulator/Condisco.build/Condisco.app-Simulated.xcent -Xlinker -sectcreate -Xlinker __TEXT -Xlinker __ents_der -Xlinker /var/folders/3w/91hphlzs0rv_1twbkfyhvn6m0000gn/T/condisco-preflight.7uyGq6/DerivedData/Build/Intermediates.noindex/Condisco.build/Debug-iphonesimulator/Condisco.build/Condisco.app-Simulated.xcent.der -Xlinker -no_adhoc_codesign -o /var/folders/3w/91hphlzs0rv_1twbkfyhvn6m0000gn/T/condisco-preflight.7uyGq6/DerivedData/Build/Products/Debug-iphonesimulator/Condisco.app/__preview.dylib

SwiftEmitModule normal arm64 Emitting\ module\ for\ CondiscoUITests (in target 'CondiscoUITests' from project 'Condisco')

SwiftCompile normal arm64 (in target 'CondiscoUITests' from project 'Condisco')
    cd /Users/spkoehl/Projects/VerbaLibera
    

SwiftCompile normal arm64 Compiling\ FirstRunUITests.swift /Users/spkoehl/Projects/VerbaLibera/Condisco/UITests/FirstRunUITests.swift (in target 'CondiscoUITests' from project 'Condisco')

SwiftCompile normal arm64 /Users/spkoehl/Projects/VerbaLibera/Condisco/UITests/FirstRunUITests.swift (in target 'CondiscoUITests' from project 'Condisco')
    cd /Users/spkoehl/Projects/VerbaLibera
    builtin-SwiftPerFileCompile FirstRunUITests.swift

SwiftDriverJobDiscovery normal arm64 Emitting module for CondiscoUITests (in target 'CondiscoUITests' from project 'Condisco')

SwiftDriver\ Compilation\ Requirements CondiscoUITests normal arm64 com.apple.xcode.tools.swift.compiler (in target 'CondiscoUITests' from project 'Condisco')
    cd /Users/spkoehl/Projects/VerbaLibera
    builtin-Swift-Compilation-Requirements -- /Applications/Xcode.app/Contents/Developer/Toolchains/XcodeDefault.xctoolchain/usr/bin/swiftc -module-name CondiscoUITests -Onone @/var/folders/3w/91hphlzs0rv_1twbkfyhvn6m0000gn/T/condisco-preflight.7uyGq6/DerivedData/Build/Intermediates.noindex/Condisco.build/Debug-iphonesimulator/CondiscoUITests.build/Objects-normal/arm64/CondiscoUITests.SwiftFileList -DDEBUG -module-alias Testing\=_Testing_Unavailable -plugin-path /Applications/Xcode.app/Contents/Developer/Toolchains/XcodeDefault.xctoolchain/usr/lib/swift/host/plugins/testing -enable-bare-slash-regex -enable-experimental-feature DebugDescriptionMacro -sdk /Applications/Xcode.app/Contents/Developer/Platforms/iPhoneSimulator.platform/Developer/SDKs/iPhoneSimulator27.0.sdk -target arm64-apple-ios17.0-simulator -g -module-cache-path /var/folders/3w/91hphlzs0rv_1twbkfyhvn6m0000gn/T/condisco-preflight.7uyGq6/DerivedData/ModuleCache.noindex -Xfrontend -serialize-debugging-options -enable-testing -index-store-path /var/folders/3w/91hphlzs0rv_1twbkfyhvn6m0000gn/T/condisco-preflight.7uyGq6/DerivedData/Index.noindex/DataStore -Xcc -D_LIBCPP_HARDENING_MODE\=_LIBCPP_HARDENING_MODE_DEBUG -swift-version 5 -I /var/folders/3w/91hphlzs0rv_1twbkfyhvn6m0000gn/T/condisco-preflight.7uyGq6/DerivedData/Build/Products/Debug-iphonesimulator -Isystem /Applications/Xcode.app/Contents/Developer/Platforms/iPhoneSimulator.platform/Developer/usr/lib -F /var/folders/3w/91hphlzs0rv_1twbkfyhvn6m0000gn/T/condisco-preflight.7uyGq6/DerivedData/Build/Products/Debug-iphonesimulator -F /Applications/Xcode.app/Contents/Developer/Platforms/iPhoneSimulator.platform/Developer/Library/Frameworks -F /Applications/Xcode.app/Contents/Developer/Platforms/iPhoneSimulator.platform/Developer/SDKs/iPhoneSimulator27.0.sdk/Developer/Library/Frameworks -parse-as-library -emit-localized-strings -emit-localized-strings-path /var/folders/3w/91hphlzs0rv_1twbkfyhvn6m0000gn/T/condisco-preflight.7uyGq6/DerivedData/Build/Intermediates.noindex/Condisco.build/Debug-iphonesimulator/CondiscoUITests.build/Objects-normal/arm64 -c -j6 -enable-batch-mode -incremental -Xcc -ivfsstatcache -Xcc /var/folders/3w/91hphlzs0rv_1twbkfyhvn6m0000gn/T/condisco-preflight.7uyGq6/DerivedData/SDKStatCaches.noindex/iphonesimulator27.0-24A430-8dc58220667be655e1bcc261a7455254.sdkstatcache -output-file-map /var/folders/3w/91hphlzs0rv_1twbkfyhvn6m0000gn/T/condisco-preflight.7uyGq6/DerivedData/Build/Intermediates.noindex/Condisco.build/Debug-iphonesimulator/CondiscoUITests.build/Objects-normal/arm64/CondiscoUITests-OutputFileMap.json -save-temps -no-color-diagnostics -explicit-module-build -module-cache-path /var/folders/3w/91hphlzs0rv_1twbkfyhvn6m0000gn/T/condisco-preflight.7uyGq6/DerivedData/Build/Intermediates.noindex/SwiftExplicitPrecompiledModules -clang-scanner-module-cache-path /var/folders/3w/91hphlzs0rv_1twbkfyhvn6m0000gn/T/condisco-preflight.7uyGq6/DerivedData/ModuleCache.noindex -sdk-module-cache-path /var/folders/3w/91hphlzs0rv_1twbkfyhvn6m0000gn/T/condisco-preflight.7uyGq6/DerivedData/SDKExplicitPrecompiledModules -emit-dependencies -emit-module -emit-module-path /var/folders/3w/91hphlzs0rv_1twbkfyhvn6m0000gn/T/condisco-preflight.7uyGq6/DerivedData/Build/Intermediates.noindex/Condisco.build/Debug-iphonesimulator/CondiscoUITests.build/Objects-normal/arm64/CondiscoUITests.swiftmodule -serialize-diagnostics -dependency-scan-serialize-diagnostics-path /var/folders/3w/91hphlzs0rv_1twbkfyhvn6m0000gn/T/condisco-preflight.7uyGq6/DerivedData/Build/Intermediates.noindex/Condisco.build/Debug-iphonesimulator/CondiscoUITests.build/Objects-normal/arm64/CondiscoUITests-dependency-scan.dia -validate-clang-modules-once -clang-build-session-file /var/folders/3w/91hphlzs0rv_1twbkfyhvn6m0000gn/T/condisco-preflight.7uyGq6/DerivedData/ModuleCache.noindex/Session.modulevalidation -Xcc -fmodules-prune-interval\=86400 -Xcc -fmodules-prune-after\=345600 -emit-const-values -const-gather-protocols-list /var/folders/3w/91hphlzs0rv_1twbkfyhvn6m0000gn/T/condisco-preflight.7uyGq6/DerivedData/Build/Intermediates.noindex/Condisco.build/Debug-iphonesimulator/CondiscoUITests.build/Objects-normal/arm64/CondiscoUITests_const_extract_protocols.json -Xcc -iquote -Xcc /var/folders/3w/91hphlzs0rv_1twbkfyhvn6m0000gn/T/condisco-preflight.7uyGq6/DerivedData/Build/Intermediates.noindex/Condisco.build/Debug-iphonesimulator/CondiscoUITests.build/CondiscoUITests-generated-files.hmap -Xcc -I/var/folders/3w/91hphlzs0rv_1twbkfyhvn6m0000gn/T/condisco-preflight.7uyGq6/DerivedData/Build/Intermediates.noindex/Condisco.build/Debug-iphonesimulator/CondiscoUITests.build/CondiscoUITests-own-target-headers.hmap -Xcc -I/var/folders/3w/91hphlzs0rv_1twbkfyhvn6m0000gn/T/condisco-preflight.7uyGq6/DerivedData/Build/Intermediates.noindex/Condisco.build/Debug-iphonesimulator/CondiscoUITests.build/CondiscoUITests-all-target-headers.hmap -Xcc -iquote -Xcc /var/folders/3w/91hphlzs0rv_1twbkfyhvn6m0000gn/T/condisco-preflight.7uyGq6/DerivedData/Build/Intermediates.noindex/Condisco.build/Debug-iphonesimulator/CondiscoUITests.build/CondiscoUITests-project-headers.hmap -Xcc -I/var/folders/3w/91hphlzs0rv_1twbkfyhvn6m0000gn/T/condisco-preflight.7uyGq6/DerivedData/Build/Products/Debug-iphonesimulator/include -Xcc -I/var/folders/3w/91hphlzs0rv_1twbkfyhvn6m0000gn/T/condisco-preflight.7uyGq6/DerivedData/Build/Intermediates.noindex/Condisco.build/Debug-iphonesimulator/CondiscoUITests.build/DerivedSources-normal/arm64 -Xcc -I/var/folders/3w/91hphlzs0rv_1twbkfyhvn6m0000gn/T/condisco-preflight.7uyGq6/DerivedData/Build/Intermediates.noindex/Condisco.build/Debug-iphonesimulator/CondiscoUITests.build/DerivedSources/arm64 -Xcc -I/var/folders/3w/91hphlzs0rv_1twbkfyhvn6m0000gn/T/condisco-preflight.7uyGq6/DerivedData/Build/Intermediates.noindex/Condisco.build/Debug-iphonesimulator/CondiscoUITests.build/DerivedSources -Xcc -DDEBUG\=1 -emit-objc-header -emit-objc-header-path /var/folders/3w/91hphlzs0rv_1twbkfyhvn6m0000gn/T/condisco-preflight.7uyGq6/DerivedData/Build/Intermediates.noindex/Condisco.build/Debug-iphonesimulator/CondiscoUITests.build/Objects-normal/arm64/CondiscoUITests-Swift.h -working-directory /Users/spkoehl/Projects/VerbaLibera -experimental-emit-module-separately -disable-cmo

SwiftMergeGeneratedHeaders /var/folders/3w/91hphlzs0rv_1twbkfyhvn6m0000gn/T/condisco-preflight.7uyGq6/DerivedData/Build/Intermediates.noindex/Condisco.build/Debug-iphonesimulator/CondiscoUITests.build/DerivedSources/CondiscoUITests-Swift.h /var/folders/3w/91hphlzs0rv_1twbkfyhvn6m0000gn/T/condisco-preflight.7uyGq6/DerivedData/Build/Intermediates.noindex/Condisco.build/Debug-iphonesimulator/CondiscoUITests.build/Objects-normal/arm64/CondiscoUITests-Swift.h (in target 'CondiscoUITests' from project 'Condisco')
    cd /Users/spkoehl/Projects/VerbaLibera
    builtin-swiftHeaderTool -arch arm64 /var/folders/3w/91hphlzs0rv_1twbkfyhvn6m0000gn/T/condisco-preflight.7uyGq6/DerivedData/Build/Intermediates.noindex/Condisco.build/Debug-iphonesimulator/CondiscoUITests.build/Objects-normal/arm64/CondiscoUITests-Swift.h -o /var/folders/3w/91hphlzs0rv_1twbkfyhvn6m0000gn/T/condisco-preflight.7uyGq6/DerivedData/Build/Intermediates.noindex/Condisco.build/Debug-iphonesimulator/CondiscoUITests.build/DerivedSources/CondiscoUITests-Swift.h

Copy /var/folders/3w/91hphlzs0rv_1twbkfyhvn6m0000gn/T/condisco-preflight.7uyGq6/DerivedData/Build/Products/Debug-iphonesimulator/CondiscoUITests.swiftmodule/arm64-apple-ios-simulator.swiftmodule /var/folders/3w/91hphlzs0rv_1twbkfyhvn6m0000gn/T/condisco-preflight.7uyGq6/DerivedData/Build/Intermediates.noindex/Condisco.build/Debug-iphonesimulator/CondiscoUITests.build/Objects-normal/arm64/CondiscoUITests.swiftmodule (in target 'CondiscoUITests' from project 'Condisco')
    cd /Users/spkoehl/Projects/VerbaLibera
    builtin-copy -exclude .DS_Store -exclude CVS -exclude .svn -exclude .git -exclude .hg -resolve-src-symlinks -rename /var/folders/3w/91hphlzs0rv_1twbkfyhvn6m0000gn/T/condisco-preflight.7uyGq6/DerivedData/Build/Intermediates.noindex/Condisco.build/Debug-iphonesimulator/CondiscoUITests.build/Objects-normal/arm64/CondiscoUITests.swiftmodule /var/folders/3w/91hphlzs0rv_1twbkfyhvn6m0000gn/T/condisco-preflight.7uyGq6/DerivedData/Build/Products/Debug-iphonesimulator/CondiscoUITests.swiftmodule/arm64-apple-ios-simulator.swiftmodule

Copy /var/folders/3w/91hphlzs0rv_1twbkfyhvn6m0000gn/T/condisco-preflight.7uyGq6/DerivedData/Build/Products/Debug-iphonesimulator/CondiscoUITests.swiftmodule/arm64-apple-ios-simulator.swiftdoc /var/folders/3w/91hphlzs0rv_1twbkfyhvn6m0000gn/T/condisco-preflight.7uyGq6/DerivedData/Build/Intermediates.noindex/Condisco.build/Debug-iphonesimulator/CondiscoUITests.build/Objects-normal/arm64/CondiscoUITests.swiftdoc (in target 'CondiscoUITests' from project 'Condisco')
    cd /Users/spkoehl/Projects/VerbaLibera
    builtin-copy -exclude .DS_Store -exclude CVS -exclude .svn -exclude .git -exclude .hg -resolve-src-symlinks -rename /var/folders/3w/91hphlzs0rv_1twbkfyhvn6m0000gn/T/condisco-preflight.7uyGq6/DerivedData/Build/Intermediates.noindex/Condisco.build/Debug-iphonesimulator/CondiscoUITests.build/Objects-normal/arm64/CondiscoUITests.swiftdoc /var/folders/3w/91hphlzs0rv_1twbkfyhvn6m0000gn/T/condisco-preflight.7uyGq6/DerivedData/Build/Products/Debug-iphonesimulator/CondiscoUITests.swiftmodule/arm64-apple-ios-simulator.swiftdoc

Copy /var/folders/3w/91hphlzs0rv_1twbkfyhvn6m0000gn/T/condisco-preflight.7uyGq6/DerivedData/Build/Products/Debug-iphonesimulator/CondiscoUITests.swiftmodule/arm64-apple-ios-simulator.abi.json /var/folders/3w/91hphlzs0rv_1twbkfyhvn6m0000gn/T/condisco-preflight.7uyGq6/DerivedData/Build/Intermediates.noindex/Condisco.build/Debug-iphonesimulator/CondiscoUITests.build/Objects-normal/arm64/CondiscoUITests.abi.json (in target 'CondiscoUITests' from project 'Condisco')
    cd /Users/spkoehl/Projects/VerbaLibera
    builtin-copy -exclude .DS_Store -exclude CVS -exclude .svn -exclude .git -exclude .hg -resolve-src-symlinks -rename /var/folders/3w/91hphlzs0rv_1twbkfyhvn6m0000gn/T/condisco-preflight.7uyGq6/DerivedData/Build/Intermediates.noindex/Condisco.build/Debug-iphonesimulator/CondiscoUITests.build/Objects-normal/arm64/CondiscoUITests.abi.json /var/folders/3w/91hphlzs0rv_1twbkfyhvn6m0000gn/T/condisco-preflight.7uyGq6/DerivedData/Build/Products/Debug-iphonesimulator/CondiscoUITests.swiftmodule/arm64-apple-ios-simulator.abi.json

Copy /var/folders/3w/91hphlzs0rv_1twbkfyhvn6m0000gn/T/condisco-preflight.7uyGq6/DerivedData/Build/Products/Debug-iphonesimulator/CondiscoUITests.swiftmodule/Project/arm64-apple-ios-simulator.swiftsourceinfo /var/folders/3w/91hphlzs0rv_1twbkfyhvn6m0000gn/T/condisco-preflight.7uyGq6/DerivedData/Build/Intermediates.noindex/Condisco.build/Debug-iphonesimulator/CondiscoUITests.build/Objects-normal/arm64/CondiscoUITests.swiftsourceinfo (in target 'CondiscoUITests' from project 'Condisco')
    cd /Users/spkoehl/Projects/VerbaLibera
    builtin-copy -exclude .DS_Store -exclude CVS -exclude .svn -exclude .git -exclude .hg -resolve-src-symlinks -rename /var/folders/3w/91hphlzs0rv_1twbkfyhvn6m0000gn/T/condisco-preflight.7uyGq6/DerivedData/Build/Intermediates.noindex/Condisco.build/Debug-iphonesimulator/CondiscoUITests.build/Objects-normal/arm64/CondiscoUITests.swiftsourceinfo /var/folders/3w/91hphlzs0rv_1twbkfyhvn6m0000gn/T/condisco-preflight.7uyGq6/DerivedData/Build/Products/Debug-iphonesimulator/CondiscoUITests.swiftmodule/Project/arm64-apple-ios-simulator.swiftsourceinfo

SwiftDriver CondiscoTests normal arm64 com.apple.xcode.tools.swift.compiler (in target 'CondiscoTests' from project 'Condisco')
    cd /Users/spkoehl/Projects/VerbaLibera
    builtin-SwiftDriver -- /Applications/Xcode.app/Contents/Developer/Toolchains/XcodeDefault.xctoolchain/usr/bin/swiftc -module-name CondiscoTests -Onone @/var/folders/3w/91hphlzs0rv_1twbkfyhvn6m0000gn/T/condisco-preflight.7uyGq6/DerivedData/Build/Intermediates.noindex/Condisco.build/Debug-iphonesimulator/CondiscoTests.build/Objects-normal/arm64/CondiscoTests.SwiftFileList -DDEBUG -plugin-path /Applications/Xcode.app/Contents/Developer/Toolchains/XcodeDefault.xctoolchain/usr/lib/swift/host/plugins/testing -enable-bare-slash-regex -enable-experimental-feature DebugDescriptionMacro -sdk /Applications/Xcode.app/Contents/Developer/Platforms/iPhoneSimulator.platform/Developer/SDKs/iPhoneSimulator27.0.sdk -target arm64-apple-ios17.0-simulator -g -module-cache-path /var/folders/3w/91hphlzs0rv_1twbkfyhvn6m0000gn/T/condisco-preflight.7uyGq6/DerivedData/ModuleCache.noindex -Xfrontend -serialize-debugging-options -enable-testing -index-store-path /var/folders/3w/91hphlzs0rv_1twbkfyhvn6m0000gn/T/condisco-preflight.7uyGq6/DerivedData/Index.noindex/DataStore -Xcc -D_LIBCPP_HARDENING_MODE\=_LIBCPP_HARDENING_MODE_DEBUG -swift-version 5 -I /var/folders/3w/91hphlzs0rv_1twbkfyhvn6m0000gn/T/condisco-preflight.7uyGq6/DerivedData/Build/Products/Debug-iphonesimulator -Isystem /Applications/Xcode.app/Contents/Developer/Platforms/iPhoneSimulator.platform/Developer/usr/lib -F /var/folders/3w/91hphlzs0rv_1twbkfyhvn6m0000gn/T/condisco-preflight.7uyGq6/DerivedData/Build/Products/Debug-iphonesimulator -F /Applications/Xcode.app/Contents/Developer/Platforms/iPhoneSimulator.platform/Developer/Library/Frameworks -F /Applications/Xcode.app/Contents/Developer/Platforms/iPhoneSimulator.platform/Developer/SDKs/iPhoneSimulator27.0.sdk/Developer/Library/Frameworks -emit-localized-strings -emit-localized-strings-path /var/folders/3w/91hphlzs0rv_1twbkfyhvn6m0000gn/T/condisco-preflight.7uyGq6/DerivedData/Build/Intermediates.noindex/Condisco.build/Debug-iphonesimulator/CondiscoTests.build/Objects-normal/arm64 -c -j6 -enable-batch-mode -incremental -Xcc -ivfsstatcache -Xcc /var/folders/3w/91hphlzs0rv_1twbkfyhvn6m0000gn/T/condisco-preflight.7uyGq6/DerivedData/SDKStatCaches.noindex/iphonesimulator27.0-24A430-8dc58220667be655e1bcc261a7455254.sdkstatcache -output-file-map /var/folders/3w/91hphlzs0rv_1twbkfyhvn6m0000gn/T/condisco-preflight.7uyGq6/DerivedData/Build/Intermediates.noindex/Condisco.build/Debug-iphonesimulator/CondiscoTests.build/Objects-normal/arm64/CondiscoTests-OutputFileMap.json -save-temps -no-color-diagnostics -explicit-module-build -module-cache-path /var/folders/3w/91hphlzs0rv_1twbkfyhvn6m0000gn/T/condisco-preflight.7uyGq6/DerivedData/Build/Intermediates.noindex/SwiftExplicitPrecompiledModules -clang-scanner-module-cache-path /var/folders/3w/91hphlzs0rv_1twbkfyhvn6m0000gn/T/condisco-preflight.7uyGq6/DerivedData/ModuleCache.noindex -sdk-module-cache-path /var/folders/3w/91hphlzs0rv_1twbkfyhvn6m0000gn/T/condisco-preflight.7uyGq6/DerivedData/SDKExplicitPrecompiledModules -emit-dependencies -emit-module -emit-module-path /var/folders/3w/91hphlzs0rv_1twbkfyhvn6m0000gn/T/condisco-preflight.7uyGq6/DerivedData/Build/Intermediates.noindex/Condisco.build/Debug-iphonesimulator/CondiscoTests.build/Objects-normal/arm64/CondiscoTests.swiftmodule -serialize-diagnostics -dependency-scan-serialize-diagnostics-path /var/folders/3w/91hphlzs0rv_1twbkfyhvn6m0000gn/T/condisco-preflight.7uyGq6/DerivedData/Build/Intermediates.noindex/Condisco.build/Debug-iphonesimulator/CondiscoTests.build/Objects-normal/arm64/CondiscoTests-dependency-scan.dia -validate-clang-modules-once -clang-build-session-file /var/folders/3w/91hphlzs0rv_1twbkfyhvn6m0000gn/T/condisco-preflight.7uyGq6/DerivedData/ModuleCache.noindex/Session.modulevalidation -Xcc -fmodules-prune-interval\=86400 -Xcc -fmodules-prune-after\=345600 -emit-const-values -const-gather-protocols-list /var/folders/3w/91hphlzs0rv_1twbkfyhvn6m0000gn/T/condisco-preflight.7uyGq6/DerivedData/Build/Intermediates.noindex/Condisco.build/Debug-iphonesimulator/CondiscoTests.build/Objects-normal/arm64/CondiscoTests_const_extract_protocols.json -Xcc -iquote -Xcc /var/folders/3w/91hphlzs0rv_1twbkfyhvn6m0000gn/T/condisco-preflight.7uyGq6/DerivedData/Build/Intermediates.noindex/Condisco.build/Debug-iphonesimulator/CondiscoTests.build/CondiscoTests-generated-files.hmap -Xcc -I/var/folders/3w/91hphlzs0rv_1twbkfyhvn6m0000gn/T/condisco-preflight.7uyGq6/DerivedData/Build/Intermediates.noindex/Condisco.build/Debug-iphonesimulator/CondiscoTests.build/CondiscoTests-own-target-headers.hmap -Xcc -I/var/folders/3w/91hphlzs0rv_1twbkfyhvn6m0000gn/T/condisco-preflight.7uyGq6/DerivedData/Build/Intermediates.noindex/Condisco.build/Debug-iphonesimulator/CondiscoTests.build/CondiscoTests-all-target-headers.hmap -Xcc -iquote -Xcc /var/folders/3w/91hphlzs0rv_1twbkfyhvn6m0000gn/T/condisco-preflight.7uyGq6/DerivedData/Build/Intermediates.noindex/Condisco.build/Debug-iphonesimulator/CondiscoTests.build/CondiscoTests-project-headers.hmap -Xcc -I/var/folders/3w/91hphlzs0rv_1twbkfyhvn6m0000gn/T/condisco-preflight.7uyGq6/DerivedData/Build/Products/Debug-iphonesimulator/include -Xcc -I/var/folders/3w/91hphlzs0rv_1twbkfyhvn6m0000gn/T/condisco-preflight.7uyGq6/DerivedData/Build/Intermediates.noindex/Condisco.build/Debug-iphonesimulator/CondiscoTests.build/DerivedSources-normal/arm64 -Xcc -I/var/folders/3w/91hphlzs0rv_1twbkfyhvn6m0000gn/T/condisco-preflight.7uyGq6/DerivedData/Build/Intermediates.noindex/Condisco.build/Debug-iphonesimulator/CondiscoTests.build/DerivedSources/arm64 -Xcc -I/var/folders/3w/91hphlzs0rv_1twbkfyhvn6m0000gn/T/condisco-preflight.7uyGq6/DerivedData/Build/Intermediates.noindex/Condisco.build/Debug-iphonesimulator/CondiscoTests.build/DerivedSources -Xcc -DDEBUG\=1 -emit-objc-header -emit-objc-header-path /var/folders/3w/91hphlzs0rv_1twbkfyhvn6m0000gn/T/condisco-preflight.7uyGq6/DerivedData/Build/Intermediates.noindex/Condisco.build/Debug-iphonesimulator/CondiscoTests.build/Objects-normal/arm64/CondiscoTests-Swift.h -working-directory /Users/spkoehl/Projects/VerbaLibera -experimental-emit-module-separately -disable-cmo

SwiftDriverJobDiscovery normal arm64 Compiling EmptyStateArt.swift, AppleSignIn.swift, CloudKitSync.swift, YouModel.swift, YouView.swift, Support.swift, PhraseCard.swift, ShadowMode.swift, Phrasebook.swift (in target 'Condisco' from project 'Condisco')

SwiftDriverJobDiscovery normal arm64 Compiling ListenModels.swift, ListenView.swift, ReviewModels.swift, ReviewView.swift, ReviewReminders.swift, FlashcardsView.swift, AnkiExport.swift, HandsFreeReview.swift, A11ySettings.swift (in target 'Condisco' from project 'Condisco')

SwiftDriverJobDiscovery normal arm64 Compiling Glossary.swift, LessonMoments.swift, DeepLink.swift, CondiscoIntents.swift, SpotlightIndex.swift, LessonCatalog.generated.swift, WidgetSnapshot.swift, WidgetSnapshotWriter.swift, GeneratedAssetSymbols.swift (in target 'Condisco' from project 'Condisco')

SwiftDriverJobDiscovery normal arm64 Compiling FirstRunUITests.swift (in target 'CondiscoUITests' from project 'Condisco')

SwiftDriver\ Compilation CondiscoUITests normal arm64 com.apple.xcode.tools.swift.compiler (in target 'CondiscoUITests' from project 'Condisco')
    cd /Users/spkoehl/Projects/VerbaLibera
    builtin-Swift-Compilation -- /Applications/Xcode.app/Contents/Developer/Toolchains/XcodeDefault.xctoolchain/usr/bin/swiftc -module-name CondiscoUITests -Onone @/var/folders/3w/91hphlzs0rv_1twbkfyhvn6m0000gn/T/condisco-preflight.7uyGq6/DerivedData/Build/Intermediates.noindex/Condisco.build/Debug-iphonesimulator/CondiscoUITests.build/Objects-normal/arm64/CondiscoUITests.SwiftFileList -DDEBUG -module-alias Testing\=_Testing_Unavailable -plugin-path /Applications/Xcode.app/Contents/Developer/Toolchains/XcodeDefault.xctoolchain/usr/lib/swift/host/plugins/testing -enable-bare-slash-regex -enable-experimental-feature DebugDescriptionMacro -sdk /Applications/Xcode.app/Contents/Developer/Platforms/iPhoneSimulator.platform/Developer/SDKs/iPhoneSimulator27.0.sdk -target arm64-apple-ios17.0-simulator -g -module-cache-path /var/folders/3w/91hphlzs0rv_1twbkfyhvn6m0000gn/T/condisco-preflight.7uyGq6/DerivedData/ModuleCache.noindex -Xfrontend -serialize-debugging-options -enable-testing -index-store-path /var/folders/3w/91hphlzs0rv_1twbkfyhvn6m0000gn/T/condisco-preflight.7uyGq6/DerivedData/Index.noindex/DataStore -Xcc -D_LIBCPP_HARDENING_MODE\=_LIBCPP_HARDENING_MODE_DEBUG -swift-version 5 -I /var/folders/3w/91hphlzs0rv_1twbkfyhvn6m0000gn/T/condisco-preflight.7uyGq6/DerivedData/Build/Products/Debug-iphonesimulator -Isystem /Applications/Xcode.app/Contents/Developer/Platforms/iPhoneSimulator.platform/Developer/usr/lib -F /var/folders/3w/91hphlzs0rv_1twbkfyhvn6m0000gn/T/condisco-preflight.7uyGq6/DerivedData/Build/Products/Debug-iphonesimulator -F /Applications/Xcode.app/Contents/Developer/Platforms/iPhoneSimulator.platform/Developer/Library/Frameworks -F /Applications/Xcode.app/Contents/Developer/Platforms/iPhoneSimulator.platform/Developer/SDKs/iPhoneSimulator27.0.sdk/Developer/Library/Frameworks -parse-as-library -emit-localized-strings -emit-localized-strings-path /var/folders/3w/91hphlzs0rv_1twbkfyhvn6m0000gn/T/condisco-preflight.7uyGq6/DerivedData/Build/Intermediates.noindex/Condisco.build/Debug-iphonesimulator/CondiscoUITests.build/Objects-normal/arm64 -c -j6 -enable-batch-mode -incremental -Xcc -ivfsstatcache -Xcc /var/folders/3w/91hphlzs0rv_1twbkfyhvn6m0000gn/T/condisco-preflight.7uyGq6/DerivedData/SDKStatCaches.noindex/iphonesimulator27.0-24A430-8dc58220667be655e1bcc261a7455254.sdkstatcache -output-file-map /var/folders/3w/91hphlzs0rv_1twbkfyhvn6m0000gn/T/condisco-preflight.7uyGq6/DerivedData/Build/Intermediates.noindex/Condisco.build/Debug-iphonesimulator/CondiscoUITests.build/Objects-normal/arm64/CondiscoUITests-OutputFileMap.json -save-temps -no-color-diagnostics -explicit-module-build -module-cache-path /var/folders/3w/91hphlzs0rv_1twbkfyhvn6m0000gn/T/condisco-preflight.7uyGq6/DerivedData/Build/Intermediates.noindex/SwiftExplicitPrecompiledModules -clang-scanner-module-cache-path /var/folders/3w/91hphlzs0rv_1twbkfyhvn6m0000gn/T/condisco-preflight.7uyGq6/DerivedData/ModuleCache.noindex -sdk-module-cache-path /var/folders/3w/91hphlzs0rv_1twbkfyhvn6m0000gn/T/condisco-preflight.7uyGq6/DerivedData/SDKExplicitPrecompiledModules -emit-dependencies -emit-module -emit-module-path /var/folders/3w/91hphlzs0rv_1twbkfyhvn6m0000gn/T/condisco-preflight.7uyGq6/DerivedData/Build/Intermediates.noindex/Condisco.build/Debug-iphonesimulator/CondiscoUITests.build/Objects-normal/arm64/CondiscoUITests.swiftmodule -serialize-diagnostics -dependency-scan-serialize-diagnostics-path /var/folders/3w/91hphlzs0rv_1twbkfyhvn6m0000gn/T/condisco-preflight.7uyGq6/DerivedData/Build/Intermediates.noindex/Condisco.build/Debug-iphonesimulator/CondiscoUITests.build/Objects-normal/arm64/CondiscoUITests-dependency-scan.dia -validate-clang-modules-once -clang-build-session-file /var/folders/3w/91hphlzs0rv_1twbkfyhvn6m0000gn/T/condisco-preflight.7uyGq6/DerivedData/ModuleCache.noindex/Session.modulevalidation -Xcc -fmodules-prune-interval\=86400 -Xcc -fmodules-prune-after\=345600 -emit-const-values -const-gather-protocols-list /var/folders/3w/91hphlzs0rv_1twbkfyhvn6m0000gn/T/condisco-preflight.7uyGq6/DerivedData/Build/Intermediates.noindex/Condisco.build/Debug-iphonesimulator/CondiscoUITests.build/Objects-normal/arm64/CondiscoUITests_const_extract_protocols.json -Xcc -iquote -Xcc /var/folders/3w/91hphlzs0rv_1twbkfyhvn6m0000gn/T/condisco-preflight.7uyGq6/DerivedData/Build/Intermediates.noindex/Condisco.build/Debug-iphonesimulator/CondiscoUITests.build/CondiscoUITests-generated-files.hmap -Xcc -I/var/folders/3w/91hphlzs0rv_1twbkfyhvn6m0000gn/T/condisco-preflight.7uyGq6/DerivedData/Build/Intermediates.noindex/Condisco.build/Debug-iphonesimulator/CondiscoUITests.build/CondiscoUITests-own-target-headers.hmap -Xcc -I/var/folders/3w/91hphlzs0rv_1twbkfyhvn6m0000gn/T/condisco-preflight.7uyGq6/DerivedData/Build/Intermediates.noindex/Condisco.build/Debug-iphonesimulator/CondiscoUITests.build/CondiscoUITests-all-target-headers.hmap -Xcc -iquote -Xcc /var/folders/3w/91hphlzs0rv_1twbkfyhvn6m0000gn/T/condisco-preflight.7uyGq6/DerivedData/Build/Intermediates.noindex/Condisco.build/Debug-iphonesimulator/CondiscoUITests.build/CondiscoUITests-project-headers.hmap -Xcc -I/var/folders/3w/91hphlzs0rv_1twbkfyhvn6m0000gn/T/condisco-preflight.7uyGq6/DerivedData/Build/Products/Debug-iphonesimulator/include -Xcc -I/var/folders/3w/91hphlzs0rv_1twbkfyhvn6m0000gn/T/condisco-preflight.7uyGq6/DerivedData/Build/Intermediates.noindex/Condisco.build/Debug-iphonesimulator/CondiscoUITests.build/DerivedSources-normal/arm64 -Xcc -I/var/folders/3w/91hphlzs0rv_1twbkfyhvn6m0000gn/T/condisco-preflight.7uyGq6/DerivedData/Build/Intermediates.noindex/Condisco.build/Debug-iphonesimulator/CondiscoUITests.build/DerivedSources/arm64 -Xcc -I/var/folders/3w/91hphlzs0rv_1twbkfyhvn6m0000gn/T/condisco-preflight.7uyGq6/DerivedData/Build/Intermediates.noindex/Condisco.build/Debug-iphonesimulator/CondiscoUITests.build/DerivedSources -Xcc -DDEBUG\=1 -emit-objc-header -emit-objc-header-path /var/folders/3w/91hphlzs0rv_1twbkfyhvn6m0000gn/T/condisco-preflight.7uyGq6/DerivedData/Build/Intermediates.noindex/Condisco.build/Debug-iphonesimulator/CondiscoUITests.build/Objects-normal/arm64/CondiscoUITests-Swift.h -working-directory /Users/spkoehl/Projects/VerbaLibera -experimental-emit-module-separately -disable-cmo

SwiftCompile normal arm64 Compiling\ StoreTests.swift,\ PackFrenchTests.swift /Users/spkoehl/Projects/VerbaLibera/Condisco/Tests/StoreTests.swift /Users/spkoehl/Projects/VerbaLibera/Condisco/Tests/PackFrenchTests.swift (in target 'CondiscoTests' from project 'Condisco')

SwiftCompile normal arm64 /Users/spkoehl/Projects/VerbaLibera/Condisco/Tests/StoreTests.swift (in target 'CondiscoTests' from project 'Condisco')
    cd /Users/spkoehl/Projects/VerbaLibera
    builtin-SwiftPerFileCompile StoreTests.swift

SwiftCompile normal arm64 /Users/spkoehl/Projects/VerbaLibera/Condisco/Tests/PackFrenchTests.swift (in target 'CondiscoTests' from project 'Condisco')
    cd /Users/spkoehl/Projects/VerbaLibera
    builtin-SwiftPerFileCompile PackFrenchTests.swift

SwiftCompile normal arm64 Compiling\ PackItalianTests.swift /Users/spkoehl/Projects/VerbaLibera/Condisco/Tests/PackItalianTests.swift (in target 'CondiscoTests' from project 'Condisco')

SwiftCompile normal arm64 /Users/spkoehl/Projects/VerbaLibera/Condisco/Tests/PackItalianTests.swift (in target 'CondiscoTests' from project 'Condisco')
    cd /Users/spkoehl/Projects/VerbaLibera
    builtin-SwiftPerFileCompile PackItalianTests.swift

SwiftCompile normal arm64 Compiling\ PlacementTests.swift,\ EngineTests.swift /Users/spkoehl/Projects/VerbaLibera/Condisco/Tests/PlacementTests.swift /Users/spkoehl/Projects/VerbaLibera/Condisco/Tests/EngineTests.swift (in target 'CondiscoTests' from project 'Condisco')

SwiftCompile normal arm64 /Users/spkoehl/Projects/VerbaLibera/Condisco/Tests/PlacementTests.swift (in target 'CondiscoTests' from project 'Condisco')
    cd /Users/spkoehl/Projects/VerbaLibera
    builtin-SwiftPerFileCompile PlacementTests.swift

SwiftCompile normal arm64 /Users/spkoehl/Projects/VerbaLibera/Condisco/Tests/EngineTests.swift (in target 'CondiscoTests' from project 'Condisco')
    cd /Users/spkoehl/Projects/VerbaLibera
    builtin-SwiftPerFileCompile EngineTests.swift

SwiftEmitModule normal arm64 Emitting\ module\ for\ CondiscoTests (in target 'CondiscoTests' from project 'Condisco')

SwiftCompile normal arm64 (in target 'CondiscoTests' from project 'Condisco')
    cd /Users/spkoehl/Projects/VerbaLibera
    

SwiftCompile normal arm64 Compiling\ PackSpanishTests.swift /Users/spkoehl/Projects/VerbaLibera/Condisco/Tests/PackSpanishTests.swift (in target 'CondiscoTests' from project 'Condisco')

SwiftCompile normal arm64 /Users/spkoehl/Projects/VerbaLibera/Condisco/Tests/PackSpanishTests.swift (in target 'CondiscoTests' from project 'Condisco')
    cd /Users/spkoehl/Projects/VerbaLibera
    builtin-SwiftPerFileCompile PackSpanishTests.swift

SwiftCompile normal arm64 Compiling\ PackGermanTests.swift /Users/spkoehl/Projects/VerbaLibera/Condisco/Tests/PackGermanTests.swift (in target 'CondiscoTests' from project 'Condisco')

SwiftCompile normal arm64 /Users/spkoehl/Projects/VerbaLibera/Condisco/Tests/PackGermanTests.swift (in target 'CondiscoTests' from project 'Condisco')
    cd /Users/spkoehl/Projects/VerbaLibera
    builtin-SwiftPerFileCompile PackGermanTests.swift

SwiftDriverJobDiscovery normal arm64 Compiling InteractiveViews.swift, StimulusViews.swift, LessonPlayerView.swift, Welcome.swift, PlacementTest.swift, LessonCoachMarks.swift, VocabularyBrowser.swift, VoiceRecorder.swift, VoiceSettings.swift (in target 'Condisco' from project 'Condisco')

SwiftCompile normal arm64 Compiling\ PackPortugueseTests.swift /Users/spkoehl/Projects/VerbaLibera/Condisco/Tests/PackPortugueseTests.swift (in target 'CondiscoTests' from project 'Condisco')
/Users/spkoehl/Projects/VerbaLibera/Condisco/Tests/PackPortugueseTests.swift:443:13: warning: variable 'act' was never mutated; consider changing to 'let' constant [#VariableNeverMutated]
 441 |             "hotel phrase strip must carry the European form: \(pairs.map(\.target))")
 442 | 
 443 |         var act = try activity("pt-hotel-mission-act-3", in: pack)
     |             `- warning: variable 'act' was never mutated; consider changing to 'let' constant [#VariableNeverMutated]
 444 |         guard case .ordering(let spec) = act else {
 445 |             throw XCTSkip("expected ordering for pt-hotel-mission-act-3")

[#VariableNeverMutated]: <https://docs.swift.org/compiler/documentation/diagnostics/variable-never-mutated>

SwiftCompile normal arm64 /Users/spkoehl/Projects/VerbaLibera/Condisco/Tests/PackPortugueseTests.swift (in target 'CondiscoTests' from project 'Condisco')
    cd /Users/spkoehl/Projects/VerbaLibera
    builtin-SwiftPerFileCompile PackPortugueseTests.swift

SwiftDriverJobDiscovery normal arm64 Emitting module for CondiscoTests (in target 'CondiscoTests' from project 'Condisco')

SwiftDriver\ Compilation\ Requirements CondiscoTests normal arm64 com.apple.xcode.tools.swift.compiler (in target 'CondiscoTests' from project 'Condisco')
    cd /Users/spkoehl/Projects/VerbaLibera
    builtin-Swift-Compilation-Requirements -- /Applications/Xcode.app/Contents/Developer/Toolchains/XcodeDefault.xctoolchain/usr/bin/swiftc -module-name CondiscoTests -Onone @/var/folders/3w/91hphlzs0rv_1twbkfyhvn6m0000gn/T/condisco-preflight.7uyGq6/DerivedData/Build/Intermediates.noindex/Condisco.build/Debug-iphonesimulator/CondiscoTests.build/Objects-normal/arm64/CondiscoTests.SwiftFileList -DDEBUG -plugin-path /Applications/Xcode.app/Contents/Developer/Toolchains/XcodeDefault.xctoolchain/usr/lib/swift/host/plugins/testing -enable-bare-slash-regex -enable-experimental-feature DebugDescriptionMacro -sdk /Applications/Xcode.app/Contents/Developer/Platforms/iPhoneSimulator.platform/Developer/SDKs/iPhoneSimulator27.0.sdk -target arm64-apple-ios17.0-simulator -g -module-cache-path /var/folders/3w/91hphlzs0rv_1twbkfyhvn6m0000gn/T/condisco-preflight.7uyGq6/DerivedData/ModuleCache.noindex -Xfrontend -serialize-debugging-options -enable-testing -index-store-path /var/folders/3w/91hphlzs0rv_1twbkfyhvn6m0000gn/T/condisco-preflight.7uyGq6/DerivedData/Index.noindex/DataStore -Xcc -D_LIBCPP_HARDENING_MODE\=_LIBCPP_HARDENING_MODE_DEBUG -swift-version 5 -I /var/folders/3w/91hphlzs0rv_1twbkfyhvn6m0000gn/T/condisco-preflight.7uyGq6/DerivedData/Build/Products/Debug-iphonesimulator -Isystem /Applications/Xcode.app/Contents/Developer/Platforms/iPhoneSimulator.platform/Developer/usr/lib -F /var/folders/3w/91hphlzs0rv_1twbkfyhvn6m0000gn/T/condisco-preflight.7uyGq6/DerivedData/Build/Products/Debug-iphonesimulator -F /Applications/Xcode.app/Contents/Developer/Platforms/iPhoneSimulator.platform/Developer/Library/Frameworks -F /Applications/Xcode.app/Contents/Developer/Platforms/iPhoneSimulator.platform/Developer/SDKs/iPhoneSimulator27.0.sdk/Developer/Library/Frameworks -emit-localized-strings -emit-localized-strings-path /var/folders/3w/91hphlzs0rv_1twbkfyhvn6m0000gn/T/condisco-preflight.7uyGq6/DerivedData/Build/Intermediates.noindex/Condisco.build/Debug-iphonesimulator/CondiscoTests.build/Objects-normal/arm64 -c -j6 -enable-batch-mode -incremental -Xcc -ivfsstatcache -Xcc /var/folders/3w/91hphlzs0rv_1twbkfyhvn6m0000gn/T/condisco-preflight.7uyGq6/DerivedData/SDKStatCaches.noindex/iphonesimulator27.0-24A430-8dc58220667be655e1bcc261a7455254.sdkstatcache -output-file-map /var/folders/3w/91hphlzs0rv_1twbkfyhvn6m0000gn/T/condisco-preflight.7uyGq6/DerivedData/Build/Intermediates.noindex/Condisco.build/Debug-iphonesimulator/CondiscoTests.build/Objects-normal/arm64/CondiscoTests-OutputFileMap.json -save-temps -no-color-diagnostics -explicit-module-build -module-cache-path /var/folders/3w/91hphlzs0rv_1twbkfyhvn6m0000gn/T/condisco-preflight.7uyGq6/DerivedData/Build/Intermediates.noindex/SwiftExplicitPrecompiledModules -clang-scanner-module-cache-path /var/folders/3w/91hphlzs0rv_1twbkfyhvn6m0000gn/T/condisco-preflight.7uyGq6/DerivedData/ModuleCache.noindex -sdk-module-cache-path /var/folders/3w/91hphlzs0rv_1twbkfyhvn6m0000gn/T/condisco-preflight.7uyGq6/DerivedData/SDKExplicitPrecompiledModules -emit-dependencies -emit-module -emit-module-path /var/folders/3w/91hphlzs0rv_1twbkfyhvn6m0000gn/T/condisco-preflight.7uyGq6/DerivedData/Build/Intermediates.noindex/Condisco.build/Debug-iphonesimulator/CondiscoTests.build/Objects-normal/arm64/CondiscoTests.swiftmodule -serialize-diagnostics -dependency-scan-serialize-diagnostics-path /var/folders/3w/91hphlzs0rv_1twbkfyhvn6m0000gn/T/condisco-preflight.7uyGq6/DerivedData/Build/Intermediates.noindex/Condisco.build/Debug-iphonesimulator/CondiscoTests.build/Objects-normal/arm64/CondiscoTests-dependency-scan.dia -validate-clang-modules-once -clang-build-session-file /var/folders/3w/91hphlzs0rv_1twbkfyhvn6m0000gn/T/condisco-preflight.7uyGq6/DerivedData/ModuleCache.noindex/Session.modulevalidation -Xcc -fmodules-prune-interval\=86400 -Xcc -fmodules-prune-after\=345600 -emit-const-values -const-gather-protocols-list /var/folders/3w/91hphlzs0rv_1twbkfyhvn6m0000gn/T/condisco-preflight.7uyGq6/DerivedData/Build/Intermediates.noindex/Condisco.build/Debug-iphonesimulator/CondiscoTests.build/Objects-normal/arm64/CondiscoTests_const_extract_protocols.json -Xcc -iquote -Xcc /var/folders/3w/91hphlzs0rv_1twbkfyhvn6m0000gn/T/condisco-preflight.7uyGq6/DerivedData/Build/Intermediates.noindex/Condisco.build/Debug-iphonesimulator/CondiscoTests.build/CondiscoTests-generated-files.hmap -Xcc -I/var/folders/3w/91hphlzs0rv_1twbkfyhvn6m0000gn/T/condisco-preflight.7uyGq6/DerivedData/Build/Intermediates.noindex/Condisco.build/Debug-iphonesimulator/CondiscoTests.build/CondiscoTests-own-target-headers.hmap -Xcc -I/var/folders/3w/91hphlzs0rv_1twbkfyhvn6m0000gn/T/condisco-preflight.7uyGq6/DerivedData/Build/Intermediates.noindex/Condisco.build/Debug-iphonesimulator/CondiscoTests.build/CondiscoTests-all-target-headers.hmap -Xcc -iquote -Xcc /var/folders/3w/91hphlzs0rv_1twbkfyhvn6m0000gn/T/condisco-preflight.7uyGq6/DerivedData/Build/Intermediates.noindex/Condisco.build/Debug-iphonesimulator/CondiscoTests.build/CondiscoTests-project-headers.hmap -Xcc -I/var/folders/3w/91hphlzs0rv_1twbkfyhvn6m0000gn/T/condisco-preflight.7uyGq6/DerivedData/Build/Products/Debug-iphonesimulator/include -Xcc -I/var/folders/3w/91hphlzs0rv_1twbkfyhvn6m0000gn/T/condisco-preflight.7uyGq6/DerivedData/Build/Intermediates.noindex/Condisco.build/Debug-iphonesimulator/CondiscoTests.build/DerivedSources-normal/arm64 -Xcc -I/var/folders/3w/91hphlzs0rv_1twbkfyhvn6m0000gn/T/condisco-preflight.7uyGq6/DerivedData/Build/Intermediates.noindex/Condisco.build/Debug-iphonesimulator/CondiscoTests.build/DerivedSources/arm64 -Xcc -I/var/folders/3w/91hphlzs0rv_1twbkfyhvn6m0000gn/T/condisco-preflight.7uyGq6/DerivedData/Build/Intermediates.noindex/Condisco.build/Debug-iphonesimulator/CondiscoTests.build/DerivedSources -Xcc -DDEBUG\=1 -emit-objc-header -emit-objc-header-path /var/folders/3w/91hphlzs0rv_1twbkfyhvn6m0000gn/T/condisco-preflight.7uyGq6/DerivedData/Build/Intermediates.noindex/Condisco.build/Debug-iphonesimulator/CondiscoTests.build/Objects-normal/arm64/CondiscoTests-Swift.h -working-directory /Users/spkoehl/Projects/VerbaLibera -experimental-emit-module-separately -disable-cmo

SwiftDriverJobDiscovery normal arm64 Compiling PackSpanishTests.swift (in target 'CondiscoTests' from project 'Condisco')

SwiftDriver\ Compilation Condisco normal arm64 com.apple.xcode.tools.swift.compiler (in target 'Condisco' from project 'Condisco')
    cd /Users/spkoehl/Projects/VerbaLibera
    builtin-Swift-Compilation -- /Applications/Xcode.app/Contents/Developer/Toolchains/XcodeDefault.xctoolchain/usr/bin/swiftc -module-name Condisco -Onone @/var/folders/3w/91hphlzs0rv_1twbkfyhvn6m0000gn/T/condisco-preflight.7uyGq6/DerivedData/Build/Intermediates.noindex/Condisco.build/Debug-iphonesimulator/Condisco.build/Objects-normal/arm64/Condisco.SwiftFileList -DDEBUG -enable-bare-slash-regex -enable-experimental-feature DebugDescriptionMacro -sdk /Applications/Xcode.app/Contents/Developer/Platforms/iPhoneSimulator.platform/Developer/SDKs/iPhoneSimulator27.0.sdk -target arm64-apple-ios17.0-simulator -g -module-cache-path /var/folders/3w/91hphlzs0rv_1twbkfyhvn6m0000gn/T/condisco-preflight.7uyGq6/DerivedData/ModuleCache.noindex -Xfrontend -serialize-debugging-options -enable-testing -index-store-path /var/folders/3w/91hphlzs0rv_1twbkfyhvn6m0000gn/T/condisco-preflight.7uyGq6/DerivedData/Index.noindex/DataStore -Xcc -D_LIBCPP_HARDENING_MODE\=_LIBCPP_HARDENING_MODE_DEBUG -swift-version 5 -I /var/folders/3w/91hphlzs0rv_1twbkfyhvn6m0000gn/T/condisco-preflight.7uyGq6/DerivedData/Build/Products/Debug-iphonesimulator -F /var/folders/3w/91hphlzs0rv_1twbkfyhvn6m0000gn/T/condisco-preflight.7uyGq6/DerivedData/Build/Products/Debug-iphonesimulator -emit-localized-strings -emit-localized-strings-path /var/folders/3w/91hphlzs0rv_1twbkfyhvn6m0000gn/T/condisco-preflight.7uyGq6/DerivedData/Build/Intermediates.noindex/Condisco.build/Debug-iphonesimulator/Condisco.build/Objects-normal/arm64 -c -j6 -enable-batch-mode -incremental -Xcc -ivfsstatcache -Xcc /var/folders/3w/91hphlzs0rv_1twbkfyhvn6m0000gn/T/condisco-preflight.7uyGq6/DerivedData/SDKStatCaches.noindex/iphonesimulator27.0-24A430-8dc58220667be655e1bcc261a7455254.sdkstatcache -output-file-map /var/folders/3w/91hphlzs0rv_1twbkfyhvn6m0000gn/T/condisco-preflight.7uyGq6/DerivedData/Build/Intermediates.noindex/Condisco.build/Debug-iphonesimulator/Condisco.build/Objects-normal/arm64/Condisco-OutputFileMap.json -save-temps -no-color-diagnostics -explicit-module-build -module-cache-path /var/folders/3w/91hphlzs0rv_1twbkfyhvn6m0000gn/T/condisco-preflight.7uyGq6/DerivedData/Build/Intermediates.noindex/SwiftExplicitPrecompiledModules -clang-scanner-module-cache-path /var/folders/3w/91hphlzs0rv_1twbkfyhvn6m0000gn/T/condisco-preflight.7uyGq6/DerivedData/ModuleCache.noindex -sdk-module-cache-path /var/folders/3w/91hphlzs0rv_1twbkfyhvn6m0000gn/T/condisco-preflight.7uyGq6/DerivedData/SDKExplicitPrecompiledModules -emit-dependencies -emit-module -emit-module-path /var/folders/3w/91hphlzs0rv_1twbkfyhvn6m0000gn/T/condisco-preflight.7uyGq6/DerivedData/Build/Intermediates.noindex/Condisco.build/Debug-iphonesimulator/Condisco.build/Objects-normal/arm64/Condisco.swiftmodule -serialize-diagnostics -dependency-scan-serialize-diagnostics-path /var/folders/3w/91hphlzs0rv_1twbkfyhvn6m0000gn/T/condisco-preflight.7uyGq6/DerivedData/Build/Intermediates.noindex/Condisco.build/Debug-iphonesimulator/Condisco.build/Objects-normal/arm64/Condisco-dependency-scan.dia -validate-clang-modules-once -clang-build-session-file /var/folders/3w/91hphlzs0rv_1twbkfyhvn6m0000gn/T/condisco-preflight.7uyGq6/DerivedData/ModuleCache.noindex/Session.modulevalidation -Xcc -fmodules-prune-interval\=86400 -Xcc -fmodules-prune-after\=345600 -emit-const-values -const-gather-protocols-list /var/folders/3w/91hphlzs0rv_1twbkfyhvn6m0000gn/T/condisco-preflight.7uyGq6/DerivedData/Build/Intermediates.noindex/Condisco.build/Debug-iphonesimulator/Condisco.build/Objects-normal/arm64/Condisco_const_extract_protocols.json -Xcc -iquote -Xcc /var/folders/3w/91hphlzs0rv_1twbkfyhvn6m0000gn/T/condisco-preflight.7uyGq6/DerivedData/Build/Intermediates.noindex/Condisco.build/Debug-iphonesimulator/Condisco.build/Condisco-generated-files.hmap -Xcc -I/var/folders/3w/91hphlzs0rv_1twbkfyhvn6m0000gn/T/condisco-preflight.7uyGq6/DerivedData/Build/Intermediates.noindex/Condisco.build/Debug-iphonesimulator/Condisco.build/Condisco-own-target-headers.hmap -Xcc -I/var/folders/3w/91hphlzs0rv_1twbkfyhvn6m0000gn/T/condisco-preflight.7uyGq6/DerivedData/Build/Intermediates.noindex/Condisco.build/Debug-iphonesimulator/Condisco.build/Condisco-all-target-headers.hmap -Xcc -iquote -Xcc /var/folders/3w/91hphlzs0rv_1twbkfyhvn6m0000gn/T/condisco-preflight.7uyGq6/DerivedData/Build/Intermediates.noindex/Condisco.build/Debug-iphonesimulator/Condisco.build/Condisco-project-headers.hmap -Xcc -I/var/folders/3w/91hphlzs0rv_1twbkfyhvn6m0000gn/T/condisco-preflight.7uyGq6/DerivedData/Build/Products/Debug-iphonesimulator/include -Xcc -I/var/folders/3w/91hphlzs0rv_1twbkfyhvn6m0000gn/T/condisco-preflight.7uyGq6/DerivedData/Build/Intermediates.noindex/Condisco.build/Debug-iphonesimulator/Condisco.build/DerivedSources-normal/arm64 -Xcc -I/var/folders/3w/91hphlzs0rv_1twbkfyhvn6m0000gn/T/condisco-preflight.7uyGq6/DerivedData/Build/Intermediates.noindex/Condisco.build/Debug-iphonesimulator/Condisco.build/DerivedSources/arm64 -Xcc -I/var/folders/3w/91hphlzs0rv_1twbkfyhvn6m0000gn/T/condisco-preflight.7uyGq6/DerivedData/Build/Intermediates.noindex/Condisco.build/Debug-iphonesimulator/Condisco.build/DerivedSources -Xcc -DDEBUG\=1 -Xcc -DDEBUG\=1 -emit-objc-header -emit-objc-header-path /var/folders/3w/91hphlzs0rv_1twbkfyhvn6m0000gn/T/condisco-preflight.7uyGq6/DerivedData/Build/Intermediates.noindex/Condisco.build/Debug-iphonesimulator/Condisco.build/Objects-normal/arm64/Condisco-Swift.h -working-directory /Users/spkoehl/Projects/VerbaLibera -experimental-emit-module-separately -disable-cmo

SwiftMergeGeneratedHeaders /var/folders/3w/91hphlzs0rv_1twbkfyhvn6m0000gn/T/condisco-preflight.7uyGq6/DerivedData/Build/Intermediates.noindex/Condisco.build/Debug-iphonesimulator/CondiscoTests.build/DerivedSources/CondiscoTests-Swift.h /var/folders/3w/91hphlzs0rv_1twbkfyhvn6m0000gn/T/condisco-preflight.7uyGq6/DerivedData/Build/Intermediates.noindex/Condisco.build/Debug-iphonesimulator/CondiscoTests.build/Objects-normal/arm64/CondiscoTests-Swift.h (in target 'CondiscoTests' from project 'Condisco')
    cd /Users/spkoehl/Projects/VerbaLibera
    builtin-swiftHeaderTool -arch arm64 /var/folders/3w/91hphlzs0rv_1twbkfyhvn6m0000gn/T/condisco-preflight.7uyGq6/DerivedData/Build/Intermediates.noindex/Condisco.build/Debug-iphonesimulator/CondiscoTests.build/Objects-normal/arm64/CondiscoTests-Swift.h -o /var/folders/3w/91hphlzs0rv_1twbkfyhvn6m0000gn/T/condisco-preflight.7uyGq6/DerivedData/Build/Intermediates.noindex/Condisco.build/Debug-iphonesimulator/CondiscoTests.build/DerivedSources/CondiscoTests-Swift.h

Copy /var/folders/3w/91hphlzs0rv_1twbkfyhvn6m0000gn/T/condisco-preflight.7uyGq6/DerivedData/Build/Products/Debug-iphonesimulator/CondiscoTests.swiftmodule/arm64-apple-ios-simulator.swiftmodule /var/folders/3w/91hphlzs0rv_1twbkfyhvn6m0000gn/T/condisco-preflight.7uyGq6/DerivedData/Build/Intermediates.noindex/Condisco.build/Debug-iphonesimulator/CondiscoTests.build/Objects-normal/arm64/CondiscoTests.swiftmodule (in target 'CondiscoTests' from project 'Condisco')
    cd /Users/spkoehl/Projects/VerbaLibera
    builtin-copy -exclude .DS_Store -exclude CVS -exclude .svn -exclude .git -exclude .hg -resolve-src-symlinks -rename /var/folders/3w/91hphlzs0rv_1twbkfyhvn6m0000gn/T/condisco-preflight.7uyGq6/DerivedData/Build/Intermediates.noindex/Condisco.build/Debug-iphonesimulator/CondiscoTests.build/Objects-normal/arm64/CondiscoTests.swiftmodule /var/folders/3w/91hphlzs0rv_1twbkfyhvn6m0000gn/T/condisco-preflight.7uyGq6/DerivedData/Build/Products/Debug-iphonesimulator/CondiscoTests.swiftmodule/arm64-apple-ios-simulator.swiftmodule

Copy /var/folders/3w/91hphlzs0rv_1twbkfyhvn6m0000gn/T/condisco-preflight.7uyGq6/DerivedData/Build/Products/Debug-iphonesimulator/CondiscoTests.swiftmodule/arm64-apple-ios-simulator.swiftdoc /var/folders/3w/91hphlzs0rv_1twbkfyhvn6m0000gn/T/condisco-preflight.7uyGq6/DerivedData/Build/Intermediates.noindex/Condisco.build/Debug-iphonesimulator/CondiscoTests.build/Objects-normal/arm64/CondiscoTests.swiftdoc (in target 'CondiscoTests' from project 'Condisco')
    cd /Users/spkoehl/Projects/VerbaLibera
    builtin-copy -exclude .DS_Store -exclude CVS -exclude .svn -exclude .git -exclude .hg -resolve-src-symlinks -rename /var/folders/3w/91hphlzs0rv_1twbkfyhvn6m0000gn/T/condisco-preflight.7uyGq6/DerivedData/Build/Intermediates.noindex/Condisco.build/Debug-iphonesimulator/CondiscoTests.build/Objects-normal/arm64/CondiscoTests.swiftdoc /var/folders/3w/91hphlzs0rv_1twbkfyhvn6m0000gn/T/condisco-preflight.7uyGq6/DerivedData/Build/Products/Debug-iphonesimulator/CondiscoTests.swiftmodule/arm64-apple-ios-simulator.swiftdoc

Copy /var/folders/3w/91hphlzs0rv_1twbkfyhvn6m0000gn/T/condisco-preflight.7uyGq6/DerivedData/Build/Products/Debug-iphonesimulator/CondiscoTests.swiftmodule/arm64-apple-ios-simulator.abi.json /var/folders/3w/91hphlzs0rv_1twbkfyhvn6m0000gn/T/condisco-preflight.7uyGq6/DerivedData/Build/Intermediates.noindex/Condisco.build/Debug-iphonesimulator/CondiscoTests.build/Objects-normal/arm64/CondiscoTests.abi.json (in target 'CondiscoTests' from project 'Condisco')
    cd /Users/spkoehl/Projects/VerbaLibera
    builtin-copy -exclude .DS_Store -exclude CVS -exclude .svn -exclude .git -exclude .hg -resolve-src-symlinks -rename /var/folders/3w/91hphlzs0rv_1twbkfyhvn6m0000gn/T/condisco-preflight.7uyGq6/DerivedData/Build/Intermediates.noindex/Condisco.build/Debug-iphonesimulator/CondiscoTests.build/Objects-normal/arm64/CondiscoTests.abi.json /var/folders/3w/91hphlzs0rv_1twbkfyhvn6m0000gn/T/condisco-preflight.7uyGq6/DerivedData/Build/Products/Debug-iphonesimulator/CondiscoTests.swiftmodule/arm64-apple-ios-simulator.abi.json

Copy /var/folders/3w/91hphlzs0rv_1twbkfyhvn6m0000gn/T/condisco-preflight.7uyGq6/DerivedData/Build/Products/Debug-iphonesimulator/CondiscoTests.swiftmodule/Project/arm64-apple-ios-simulator.swiftsourceinfo /var/folders/3w/91hphlzs0rv_1twbkfyhvn6m0000gn/T/condisco-preflight.7uyGq6/DerivedData/Build/Intermediates.noindex/Condisco.build/Debug-iphonesimulator/CondiscoTests.build/Objects-normal/arm64/CondiscoTests.swiftsourceinfo (in target 'CondiscoTests' from project 'Condisco')
    cd /Users/spkoehl/Projects/VerbaLibera
    builtin-copy -exclude .DS_Store -exclude CVS -exclude .svn -exclude .git -exclude .hg -resolve-src-symlinks -rename /var/folders/3w/91hphlzs0rv_1twbkfyhvn6m0000gn/T/condisco-preflight.7uyGq6/DerivedData/Build/Intermediates.noindex/Condisco.build/Debug-iphonesimulator/CondiscoTests.build/Objects-normal/arm64/CondiscoTests.swiftsourceinfo /var/folders/3w/91hphlzs0rv_1twbkfyhvn6m0000gn/T/condisco-preflight.7uyGq6/DerivedData/Build/Products/Debug-iphonesimulator/CondiscoTests.swiftmodule/Project/arm64-apple-ios-simulator.swiftsourceinfo

Ld /var/folders/3w/91hphlzs0rv_1twbkfyhvn6m0000gn/T/condisco-preflight.7uyGq6/DerivedData/Build/Products/Debug-iphonesimulator/Condisco.app/Condisco.debug.dylib normal (in target 'Condisco' from project 'Condisco')
    cd /Users/spkoehl/Projects/VerbaLibera
    /Applications/Xcode.app/Contents/Developer/Toolchains/XcodeDefault.xctoolchain/usr/bin/clang -Xlinker -reproducible -target arm64-apple-ios17.0-simulator -dynamiclib -isysroot /Applications/Xcode.app/Contents/Developer/Platforms/iPhoneSimulator.platform/Developer/SDKs/iPhoneSimulator27.0.sdk -O0 -Xlinker -no_warn_duplicate_libraries -L/var/folders/3w/91hphlzs0rv_1twbkfyhvn6m0000gn/T/condisco-preflight.7uyGq6/DerivedData/Build/Intermediates.noindex/EagerLinkingTBDs/Debug-iphonesimulator -L/var/folders/3w/91hphlzs0rv_1twbkfyhvn6m0000gn/T/condisco-preflight.7uyGq6/DerivedData/Build/Products/Debug-iphonesimulator -F/var/folders/3w/91hphlzs0rv_1twbkfyhvn6m0000gn/T/condisco-preflight.7uyGq6/DerivedData/Build/Intermediates.noindex/EagerLinkingTBDs/Debug-iphonesimulator -F/var/folders/3w/91hphlzs0rv_1twbkfyhvn6m0000gn/T/condisco-preflight.7uyGq6/DerivedData/Build/Products/Debug-iphonesimulator -filelist /var/folders/3w/91hphlzs0rv_1twbkfyhvn6m0000gn/T/condisco-preflight.7uyGq6/DerivedData/Build/Intermediates.noindex/Condisco.build/Debug-iphonesimulator/Condisco.build/Objects-normal/arm64/Condisco.LinkFileList -install_name @rpath/Condisco.debug.dylib -Xlinker -rpath -Xlinker /usr/lib/swift -Xlinker -rpath -Xlinker @executable_path/Frameworks -Xlinker -dead_strip -Xlinker -object_path_lto -Xlinker /var/folders/3w/91hphlzs0rv_1twbkfyhvn6m0000gn/T/condisco-preflight.7uyGq6/DerivedData/Build/Intermediates.noindex/Condisco.build/Debug-iphonesimulator/Condisco.build/Objects-normal/arm64/Condisco_lto.o -rdynamic -Xlinker -no_deduplicate -Xlinker -objc_abi_version -Xlinker 2 -Xlinker -dependency_info -Xlinker /var/folders/3w/91hphlzs0rv_1twbkfyhvn6m0000gn/T/condisco-preflight.7uyGq6/DerivedData/Build/Intermediates.noindex/Condisco.build/Debug-iphonesimulator/Condisco.build/Objects-normal/arm64/Condisco_dependency_info.dat -fobjc-link-runtime -L/Applications/Xcode.app/Contents/Developer/Toolchains/XcodeDefault.xctoolchain/usr/lib/swift/iphonesimulator -L/usr/lib/swift -Xlinker -add_ast_path -Xlinker /var/folders/3w/91hphlzs0rv_1twbkfyhvn6m0000gn/T/condisco-preflight.7uyGq6/DerivedData/Build/Intermediates.noindex/Condisco.build/Debug-iphonesimulator/Condisco.build/Objects-normal/arm64/Condisco.swiftmodule -Xlinker -alias -Xlinker _main -Xlinker ___debug_main_executable_dylib_entry_point -lsqlite3 -Xlinker -no_adhoc_codesign -o /var/folders/3w/91hphlzs0rv_1twbkfyhvn6m0000gn/T/condisco-preflight.7uyGq6/DerivedData/Build/Products/Debug-iphonesimulator/Condisco.app/Condisco.debug.dylib

SwiftDriverJobDiscovery normal arm64 Compiling PackItalianTests.swift (in target 'CondiscoTests' from project 'Condisco')

SwiftDriverJobDiscovery normal arm64 Compiling PackPortugueseTests.swift (in target 'CondiscoTests' from project 'Condisco')

SwiftDriverJobDiscovery normal arm64 Compiling PackGermanTests.swift (in target 'CondiscoTests' from project 'Condisco')

ConstructStubExecutorLinkFileList /var/folders/3w/91hphlzs0rv_1twbkfyhvn6m0000gn/T/condisco-preflight.7uyGq6/DerivedData/Build/Intermediates.noindex/Condisco.build/Debug-iphonesimulator/Condisco.build/Condisco-ExecutorLinkFileList-normal-arm64.txt (in target 'Condisco' from project 'Condisco')
    cd /Users/spkoehl/Projects/VerbaLibera
    construct-stub-executor-link-file-list /var/folders/3w/91hphlzs0rv_1twbkfyhvn6m0000gn/T/condisco-preflight.7uyGq6/DerivedData/Build/Products/Debug-iphonesimulator/Condisco.app/Condisco.debug.dylib /Applications/Xcode.app/Contents/Developer/Platforms/iPhoneSimulator.platform/Developer/usr/lib/libPreviewsJITStubExecutor_no_swift_entry_point.a /Applications/Xcode.app/Contents/Developer/Platforms/iPhoneSimulator.platform/Developer/usr/lib/libPreviewsJITStubExecutor.a --output /var/folders/3w/91hphlzs0rv_1twbkfyhvn6m0000gn/T/condisco-preflight.7uyGq6/DerivedData/Build/Intermediates.noindex/Condisco.build/Debug-iphonesimulator/Condisco.build/Condisco-ExecutorLinkFileList-normal-arm64.txt
note: Using stub executor library with Swift entry point. (in target 'Condisco' from project 'Condisco')

Ld /var/folders/3w/91hphlzs0rv_1twbkfyhvn6m0000gn/T/condisco-preflight.7uyGq6/DerivedData/Build/Products/Debug-iphonesimulator/Condisco.app/Condisco normal (in target 'Condisco' from project 'Condisco')
    cd /Users/spkoehl/Projects/VerbaLibera
    /Applications/Xcode.app/Contents/Developer/Toolchains/XcodeDefault.xctoolchain/usr/bin/clang -Xlinker -reproducible -target arm64-apple-ios17.0-simulator -isysroot /Applications/Xcode.app/Contents/Developer/Platforms/iPhoneSimulator.platform/Developer/SDKs/iPhoneSimulator27.0.sdk -O0 -Xlinker -no_warn_duplicate_libraries -L/var/folders/3w/91hphlzs0rv_1twbkfyhvn6m0000gn/T/condisco-preflight.7uyGq6/DerivedData/Build/Products/Debug-iphonesimulator -F/var/folders/3w/91hphlzs0rv_1twbkfyhvn6m0000gn/T/condisco-preflight.7uyGq6/DerivedData/Build/Products/Debug-iphonesimulator -Xlinker -rpath -Xlinker @executable_path -Xlinker -rpath -Xlinker @executable_path/Frameworks -rdynamic -Xlinker -no_deduplicate -Xlinker -objc_abi_version -Xlinker 2 -e ___debug_blank_executor_main -Xlinker -sectcreate -Xlinker __TEXT -Xlinker __debug_dylib -Xlinker /var/folders/3w/91hphlzs0rv_1twbkfyhvn6m0000gn/T/condisco-preflight.7uyGq6/DerivedData/Build/Intermediates.noindex/Condisco.build/Debug-iphonesimulator/Condisco.build/Condisco-DebugDylibPath-normal-arm64.txt -Xlinker -sectcreate -Xlinker __TEXT -Xlinker __debug_instlnm -Xlinker /var/folders/3w/91hphlzs0rv_1twbkfyhvn6m0000gn/T/condisco-preflight.7uyGq6/DerivedData/Build/Intermediates.noindex/Condisco.build/Debug-iphonesimulator/Condisco.build/Condisco-DebugDylibInstallName-normal-arm64.txt -Xlinker -filelist -Xlinker /var/folders/3w/91hphlzs0rv_1twbkfyhvn6m0000gn/T/condisco-preflight.7uyGq6/DerivedData/Build/Intermediates.noindex/Condisco.build/Debug-iphonesimulator/Condisco.build/Condisco-ExecutorLinkFileList-normal-arm64.txt -Xlinker -sectcreate -Xlinker __TEXT -Xlinker __entitlements -Xlinker /var/folders/3w/91hphlzs0rv_1twbkfyhvn6m0000gn/T/condisco-preflight.7uyGq6/DerivedData/Build/Intermediates.noindex/Condisco.build/Debug-iphonesimulator/Condisco.build/Condisco.app-Simulated.xcent -Xlinker -sectcreate -Xlinker __TEXT -Xlinker __ents_der -Xlinker /var/folders/3w/91hphlzs0rv_1twbkfyhvn6m0000gn/T/condisco-preflight.7uyGq6/DerivedData/Build/Intermediates.noindex/Condisco.build/Debug-iphonesimulator/Condisco.build/Condisco.app-Simulated.xcent.der /var/folders/3w/91hphlzs0rv_1twbkfyhvn6m0000gn/T/condisco-preflight.7uyGq6/DerivedData/Build/Products/Debug-iphonesimulator/Condisco.app/Condisco.debug.dylib -Xlinker -no_adhoc_codesign -o /var/folders/3w/91hphlzs0rv_1twbkfyhvn6m0000gn/T/condisco-preflight.7uyGq6/DerivedData/Build/Products/Debug-iphonesimulator/Condisco.app/Condisco

Copy /var/folders/3w/91hphlzs0rv_1twbkfyhvn6m0000gn/T/condisco-preflight.7uyGq6/DerivedData/Build/Products/Debug-iphonesimulator/Condisco.app/PlugIns/CondiscoWidget.appex /var/folders/3w/91hphlzs0rv_1twbkfyhvn6m0000gn/T/condisco-preflight.7uyGq6/DerivedData/Build/Products/Debug-iphonesimulator/CondiscoWidget.appex (in target 'Condisco' from project 'Condisco')
    cd /Users/spkoehl/Projects/VerbaLibera
    builtin-copy -exclude .DS_Store -exclude CVS -exclude .svn -exclude .git -exclude .hg -resolve-src-symlinks -remove-static-executable /var/folders/3w/91hphlzs0rv_1twbkfyhvn6m0000gn/T/condisco-preflight.7uyGq6/DerivedData/Build/Products/Debug-iphonesimulator/CondiscoWidget.appex /var/folders/3w/91hphlzs0rv_1twbkfyhvn6m0000gn/T/condisco-preflight.7uyGq6/DerivedData/Build/Products/Debug-iphonesimulator/Condisco.app/PlugIns

ProcessInfoPlistFile /var/folders/3w/91hphlzs0rv_1twbkfyhvn6m0000gn/T/condisco-preflight.7uyGq6/DerivedData/Build/Products/Debug-iphonesimulator/Condisco.app/Info.plist /Users/spkoehl/Projects/VerbaLibera/Condisco/Info.plist (in target 'Condisco' from project 'Condisco')
    cd /Users/spkoehl/Projects/VerbaLibera
    builtin-infoPlistUtility /Users/spkoehl/Projects/VerbaLibera/Condisco/Info.plist -producttype com.apple.product-type.application -genpkginfo /var/folders/3w/91hphlzs0rv_1twbkfyhvn6m0000gn/T/condisco-preflight.7uyGq6/DerivedData/Build/Products/Debug-iphonesimulator/Condisco.app/PkgInfo -expandbuildsettings -format binary -platform iphonesimulator -additionalcontentfile /var/folders/3w/91hphlzs0rv_1twbkfyhvn6m0000gn/T/condisco-preflight.7uyGq6/DerivedData/Build/Intermediates.noindex/Condisco.build/Debug-iphonesimulator/Condisco.build/assetcatalog_generated_info.plist -scanforprivacyfile /var/folders/3w/91hphlzs0rv_1twbkfyhvn6m0000gn/T/condisco-preflight.7uyGq6/DerivedData/Build/Products/Debug-iphonesimulator/Condisco.app/PlugIns/CondiscoWidget.appex -o /var/folders/3w/91hphlzs0rv_1twbkfyhvn6m0000gn/T/condisco-preflight.7uyGq6/DerivedData/Build/Products/Debug-iphonesimulator/Condisco.app/Info.plist

CopySwiftLibs /var/folders/3w/91hphlzs0rv_1twbkfyhvn6m0000gn/T/condisco-preflight.7uyGq6/DerivedData/Build/Products/Debug-iphonesimulator/Condisco.app (in target 'Condisco' from project 'Condisco')
    cd /Users/spkoehl/Projects/VerbaLibera
    builtin-swiftStdLibTool --copy --verbose --sign - --scan-executable /var/folders/3w/91hphlzs0rv_1twbkfyhvn6m0000gn/T/condisco-preflight.7uyGq6/DerivedData/Build/Products/Debug-iphonesimulator/Condisco.app/Condisco.debug.dylib --scan-folder /var/folders/3w/91hphlzs0rv_1twbkfyhvn6m0000gn/T/condisco-preflight.7uyGq6/DerivedData/Build/Products/Debug-iphonesimulator/Condisco.app/Frameworks --scan-folder /var/folders/3w/91hphlzs0rv_1twbkfyhvn6m0000gn/T/condisco-preflight.7uyGq6/DerivedData/Build/Products/Debug-iphonesimulator/Condisco.app/PlugIns --scan-folder /var/folders/3w/91hphlzs0rv_1twbkfyhvn6m0000gn/T/condisco-preflight.7uyGq6/DerivedData/Build/Products/Debug-iphonesimulator/Condisco.app/SystemExtensions --scan-folder /var/folders/3w/91hphlzs0rv_1twbkfyhvn6m0000gn/T/condisco-preflight.7uyGq6/DerivedData/Build/Products/Debug-iphonesimulator/Condisco.app/Extensions --platform iphonesimulator --toolchain /Applications/Xcode.app/Contents/Developer/Toolchains/XcodeDefault.xctoolchain --destination /var/folders/3w/91hphlzs0rv_1twbkfyhvn6m0000gn/T/condisco-preflight.7uyGq6/DerivedData/Build/Products/Debug-iphonesimulator/Condisco.app/Frameworks --strip-bitcode --strip-bitcode-tool /Applications/Xcode.app/Contents/Developer/Toolchains/XcodeDefault.xctoolchain/usr/bin/bitcode_strip --emit-dependency-info /var/folders/3w/91hphlzs0rv_1twbkfyhvn6m0000gn/T/condisco-preflight.7uyGq6/DerivedData/Build/Intermediates.noindex/Condisco.build/Debug-iphonesimulator/Condisco.build/SwiftStdLibToolInputDependencies.dep --filter-for-swift-os

ExtractAppIntentsMetadata (in target 'Condisco' from project 'Condisco')
    cd /Users/spkoehl/Projects/VerbaLibera
    /Applications/Xcode.app/Contents/Developer/Toolchains/XcodeDefault.xctoolchain/usr/bin/appintentsmetadataprocessor --toolchain-dir /Applications/Xcode.app/Contents/Developer/Toolchains/XcodeDefault.xctoolchain --module-name Condisco --sdk-root /Applications/Xcode.app/Contents/Developer/Platforms/iPhoneSimulator.platform/Developer/SDKs/iPhoneSimulator27.0.sdk --xcode-version 27A266a --platform-family iOS --deployment-target 17.0 --bundle-identifier com.sleuthysloth.condisco --output /var/folders/3w/91hphlzs0rv_1twbkfyhvn6m0000gn/T/condisco-preflight.7uyGq6/DerivedData/Build/Products/Debug-iphonesimulator/Condisco.app --target-triple arm64-apple-ios17.0-simulator --binary-file /var/folders/3w/91hphlzs0rv_1twbkfyhvn6m0000gn/T/condisco-preflight.7uyGq6/DerivedData/Build/Products/Debug-iphonesimulator/Condisco.app/Condisco --dependency-file /var/folders/3w/91hphlzs0rv_1twbkfyhvn6m0000gn/T/condisco-preflight.7uyGq6/DerivedData/Build/Intermediates.noindex/Condisco.build/Debug-iphonesimulator/Condisco.build/Objects-normal/arm64/Condisco_dependency_info.dat --stringsdata-file /var/folders/3w/91hphlzs0rv_1twbkfyhvn6m0000gn/T/condisco-preflight.7uyGq6/DerivedData/Build/Intermediates.noindex/Condisco.build/Debug-iphonesimulator/Condisco.build/Objects-normal/arm64/ExtractedAppShortcutsMetadata.stringsdata --source-file-list /var/folders/3w/91hphlzs0rv_1twbkfyhvn6m0000gn/T/condisco-preflight.7uyGq6/DerivedData/Build/Intermediates.noindex/Condisco.build/Debug-iphonesimulator/Condisco.build/Objects-normal/arm64/Condisco.SwiftFileList --metadata-file-list /var/folders/3w/91hphlzs0rv_1twbkfyhvn6m0000gn/T/condisco-preflight.7uyGq6/DerivedData/Build/Intermediates.noindex/Condisco.build/Debug-iphonesimulator/Condisco.build/Condisco.DependencyMetadataFileList --static-metadata-file-list /var/folders/3w/91hphlzs0rv_1twbkfyhvn6m0000gn/T/condisco-preflight.7uyGq6/DerivedData/Build/Intermediates.noindex/Condisco.build/Debug-iphonesimulator/Condisco.build/Condisco.DependencyStaticMetadataFileList --swift-const-vals-list /var/folders/3w/91hphlzs0rv_1twbkfyhvn6m0000gn/T/condisco-preflight.7uyGq6/DerivedData/Build/Intermediates.noindex/Condisco.build/Debug-iphonesimulator/Condisco.build/Objects-normal/arm64/Condisco.SwiftConstValuesFileList --compile-time-extraction --deployment-aware-processing --no-app-shortcuts-localization
2026-09-26 00:06:38.396 appintentsmetadataprocessor[79930:7865030] Starting appintentsmetadataprocessor export
2026-09-26 00:06:38.577 appintentsmetadataprocessor[79930:7865030] Writing Metadata.appintents
2026-09-26 00:06:38.577 appintentsmetadataprocessor[79930:7865030] Metadata root: /var/folders/3w/91hphlzs0rv_1twbkfyhvn6m0000gn/T/condisco-preflight.7uyGq6/DerivedData/Build/Products/Debug-iphonesimulator/Condisco.app/Metadata.appintents

SwiftDriverJobDiscovery normal arm64 Compiling PlacementTests.swift, EngineTests.swift (in target 'CondiscoTests' from project 'Condisco')

AppIntentsSSUTraining (in target 'Condisco' from project 'Condisco')
    cd /Users/spkoehl/Projects/VerbaLibera
    /Applications/Xcode.app/Contents/Developer/Toolchains/XcodeDefault.xctoolchain/usr/bin/appintentsnltrainingprocessor --infoplist-path /var/folders/3w/91hphlzs0rv_1twbkfyhvn6m0000gn/T/condisco-preflight.7uyGq6/DerivedData/Build/Products/Debug-iphonesimulator/Condisco.app/Info.plist --temp-dir-path /var/folders/3w/91hphlzs0rv_1twbkfyhvn6m0000gn/T/condisco-preflight.7uyGq6/DerivedData/Build/Intermediates.noindex/Condisco.build/Debug-iphonesimulator/Condisco.build/ssu --bundle-id com.sleuthysloth.condisco --product-path /var/folders/3w/91hphlzs0rv_1twbkfyhvn6m0000gn/T/condisco-preflight.7uyGq6/DerivedData/Build/Products/Debug-iphonesimulator/Condisco.app --extracted-metadata-path /var/folders/3w/91hphlzs0rv_1twbkfyhvn6m0000gn/T/condisco-preflight.7uyGq6/DerivedData/Build/Products/Debug-iphonesimulator/Condisco.app/Metadata.appintents --metadata-file-list /var/folders/3w/91hphlzs0rv_1twbkfyhvn6m0000gn/T/condisco-preflight.7uyGq6/DerivedData/Build/Intermediates.noindex/Condisco.build/Debug-iphonesimulator/Condisco.build/Condisco.DependencyMetadataFileList --source-file /var/folders/3w/91hphlzs0rv_1twbkfyhvn6m0000gn/T/condisco-preflight.7uyGq6/DerivedData/Build/Products/Debug-iphonesimulator/Condisco.app/Info.plist --archive-ssu-assets
2026-09-26 00:06:38.631 appintentsnltrainingprocessor[79931:7865049] Parsing options for appintentsnltrainingprocessor
2026-09-26 00:06:38.631 appintentsnltrainingprocessor[79931:7865049] Starting AppIntents SSU YAML Generation
2026-09-26 00:06:38.652 appintentsnltrainingprocessor[79931:7865049] Training 'Continue learning in ${+applicationName}|Continue my lesson in ${+applicationName}|Resume learning in ${+applicationName}' for en
2026-09-26 00:06:38.652 appintentsnltrainingprocessor[79931:7865049] Training 'Start a lesson in ${+applicationName}|Open a lesson in ${+applicationName}|Start learning in ${+applicationName}' for en
2026-09-26 00:06:38.652 appintentsnltrainingprocessor[79931:7865049] Training 'Start my review in ${+applicationName}|Review my phrases in ${+applicationName}|Start reviewing in ${+applicationName}' for en
2026-09-26 00:06:38.652 appintentsnltrainingprocessor[79931:7865049] Training Negative Phrases '' for en
2026-09-26 00:06:38.652 appintentsnltrainingprocessor[79931:7865049] Application name 'Condisco' for en
2026-09-26 00:06:38.666 appintentsnltrainingprocessor[79931:7865049] Generated AppIntents SSU YAML files in file:///var/folders/3w/91hphlzs0rv_1twbkfyhvn6m0000gn/T/condisco-preflight.7uyGq6/DerivedData/Build/Intermediates.noindex/Condisco.build/Debug-iphonesimulator/Condisco.build/ssu/
2026-09-26 00:06:38.667 appintentsnltrainingprocessor[79931:7865049] Copied AppIntents SSU YAML files to file:///var/folders/3w/91hphlzs0rv_1twbkfyhvn6m0000gn/T/condisco-preflight.7uyGq6/DerivedData/Build/Products/Debug-iphonesimulator/Condisco.app/Metadata.appintents/
Archiving all locales.
[------------------------------------------------------------] 0% archiving en[🁢🁢🁢🁢🁢🁢🁢🁢🁢🁢🁢🁢🁢🁢🁢🁢🁢🁢🁢🁢🁢🁢🁢🁢🁢🁢🁢🁢🁢🁢🁢🁢🁢🁢🁢🁢🁢🁢🁢🁢🁢🁢🁢🁢🁢🁢🁢🁢🁢🁢🁢🁢🁢🁢🁢🁢🁢🁢🁢🁢] 100% archived en[🁢🁢🁢🁢🁢🁢🁢🁢🁢🁢🁢🁢🁢🁢🁢🁢🁢🁢🁢🁢🁢🁢🁢🁢🁢🁢🁢🁢🁢🁢🁢🁢🁢🁢🁢🁢🁢🁢🁢🁢🁢🁢🁢🁢🁢🁢🁢🁢🁢🁢🁢🁢🁢🁢🁢🁢🁢🁢🁢🁢] 100% archived 1 locales/var/folders/3w/91hphlzs0rv_1twbkfyhvn6m0000gn/T/condisco-preflight.7uyGq6/DerivedData/Build/Products/Debug-iphonesimulator/Condisco.app/Metadata.appintents/nlu
/var/folders/3w/91hphlzs0rv_1twbkfyhvn6m0000gn/T/condisco-preflight.7uyGq6/DerivedData/Build/Products/Debug-iphonesimulator/Condisco.app/Metadata.appintents/nlu/0231e242df2d62371a26fd64e4095339.version


ProcessInfoPlistFile /var/folders/3w/91hphlzs0rv_1twbkfyhvn6m0000gn/T/condisco-preflight.7uyGq6/DerivedData/Build/Products/Debug-iphonesimulator/Condisco.app/PlugIns/CondiscoTests.xctest/Info.plist /var/folders/3w/91hphlzs0rv_1twbkfyhvn6m0000gn/T/condisco-preflight.7uyGq6/DerivedData/Build/Intermediates.noindex/Condisco.build/Debug-iphonesimulator/CondiscoTests.build/empty-CondiscoTests.plist (in target 'CondiscoTests' from project 'Condisco')
    cd /Users/spkoehl/Projects/VerbaLibera
    builtin-infoPlistUtility /var/folders/3w/91hphlzs0rv_1twbkfyhvn6m0000gn/T/condisco-preflight.7uyGq6/DerivedData/Build/Intermediates.noindex/Condisco.build/Debug-iphonesimulator/CondiscoTests.build/empty-CondiscoTests.plist -producttype com.apple.product-type.bundle.unit-test -expandbuildsettings -format binary -platform iphonesimulator -o /var/folders/3w/91hphlzs0rv_1twbkfyhvn6m0000gn/T/condisco-preflight.7uyGq6/DerivedData/Build/Products/Debug-iphonesimulator/Condisco.app/PlugIns/CondiscoTests.xctest/Info.plist

SwiftDriverJobDiscovery normal arm64 Compiling StoreTests.swift, PackFrenchTests.swift (in target 'CondiscoTests' from project 'Condisco')

SwiftDriver\ Compilation CondiscoTests normal arm64 com.apple.xcode.tools.swift.compiler (in target 'CondiscoTests' from project 'Condisco')
    cd /Users/spkoehl/Projects/VerbaLibera
    builtin-Swift-Compilation -- /Applications/Xcode.app/Contents/Developer/Toolchains/XcodeDefault.xctoolchain/usr/bin/swiftc -module-name CondiscoTests -Onone @/var/folders/3w/91hphlzs0rv_1twbkfyhvn6m0000gn/T/condisco-preflight.7uyGq6/DerivedData/Build/Intermediates.noindex/Condisco.build/Debug-iphonesimulator/CondiscoTests.build/Objects-normal/arm64/CondiscoTests.SwiftFileList -DDEBUG -plugin-path /Applications/Xcode.app/Contents/Developer/Toolchains/XcodeDefault.xctoolchain/usr/lib/swift/host/plugins/testing -enable-bare-slash-regex -enable-experimental-feature DebugDescriptionMacro -sdk /Applications/Xcode.app/Contents/Developer/Platforms/iPhoneSimulator.platform/Developer/SDKs/iPhoneSimulator27.0.sdk -target arm64-apple-ios17.0-simulator -g -module-cache-path /var/folders/3w/91hphlzs0rv_1twbkfyhvn6m0000gn/T/condisco-preflight.7uyGq6/DerivedData/ModuleCache.noindex -Xfrontend -serialize-debugging-options -enable-testing -index-store-path /var/folders/3w/91hphlzs0rv_1twbkfyhvn6m0000gn/T/condisco-preflight.7uyGq6/DerivedData/Index.noindex/DataStore -Xcc -D_LIBCPP_HARDENING_MODE\=_LIBCPP_HARDENING_MODE_DEBUG -swift-version 5 -I /var/folders/3w/91hphlzs0rv_1twbkfyhvn6m0000gn/T/condisco-preflight.7uyGq6/DerivedData/Build/Products/Debug-iphonesimulator -Isystem /Applications/Xcode.app/Contents/Developer/Platforms/iPhoneSimulator.platform/Developer/usr/lib -F /var/folders/3w/91hphlzs0rv_1twbkfyhvn6m0000gn/T/condisco-preflight.7uyGq6/DerivedData/Build/Products/Debug-iphonesimulator -F /Applications/Xcode.app/Contents/Developer/Platforms/iPhoneSimulator.platform/Developer/Library/Frameworks -F /Applications/Xcode.app/Contents/Developer/Platforms/iPhoneSimulator.platform/Developer/SDKs/iPhoneSimulator27.0.sdk/Developer/Library/Frameworks -emit-localized-strings -emit-localized-strings-path /var/folders/3w/91hphlzs0rv_1twbkfyhvn6m0000gn/T/condisco-preflight.7uyGq6/DerivedData/Build/Intermediates.noindex/Condisco.build/Debug-iphonesimulator/CondiscoTests.build/Objects-normal/arm64 -c -j6 -enable-batch-mode -incremental -Xcc -ivfsstatcache -Xcc /var/folders/3w/91hphlzs0rv_1twbkfyhvn6m0000gn/T/condisco-preflight.7uyGq6/DerivedData/SDKStatCaches.noindex/iphonesimulator27.0-24A430-8dc58220667be655e1bcc261a7455254.sdkstatcache -output-file-map /var/folders/3w/91hphlzs0rv_1twbkfyhvn6m0000gn/T/condisco-preflight.7uyGq6/DerivedData/Build/Intermediates.noindex/Condisco.build/Debug-iphonesimulator/CondiscoTests.build/Objects-normal/arm64/CondiscoTests-OutputFileMap.json -save-temps -no-color-diagnostics -explicit-module-build -module-cache-path /var/folders/3w/91hphlzs0rv_1twbkfyhvn6m0000gn/T/condisco-preflight.7uyGq6/DerivedData/Build/Intermediates.noindex/SwiftExplicitPrecompiledModules -clang-scanner-module-cache-path /var/folders/3w/91hphlzs0rv_1twbkfyhvn6m0000gn/T/condisco-preflight.7uyGq6/DerivedData/ModuleCache.noindex -sdk-module-cache-path /var/folders/3w/91hphlzs0rv_1twbkfyhvn6m0000gn/T/condisco-preflight.7uyGq6/DerivedData/SDKExplicitPrecompiledModules -emit-dependencies -emit-module -emit-module-path /var/folders/3w/91hphlzs0rv_1twbkfyhvn6m0000gn/T/condisco-preflight.7uyGq6/DerivedData/Build/Intermediates.noindex/Condisco.build/Debug-iphonesimulator/CondiscoTests.build/Objects-normal/arm64/CondiscoTests.swiftmodule -serialize-diagnostics -dependency-scan-serialize-diagnostics-path /var/folders/3w/91hphlzs0rv_1twbkfyhvn6m0000gn/T/condisco-preflight.7uyGq6/DerivedData/Build/Intermediates.noindex/Condisco.build/Debug-iphonesimulator/CondiscoTests.build/Objects-normal/arm64/CondiscoTests-dependency-scan.dia -validate-clang-modules-once -clang-build-session-file /var/folders/3w/91hphlzs0rv_1twbkfyhvn6m0000gn/T/condisco-preflight.7uyGq6/DerivedData/ModuleCache.noindex/Session.modulevalidation -Xcc -fmodules-prune-interval\=86400 -Xcc -fmodules-prune-after\=345600 -emit-const-values -const-gather-protocols-list /var/folders/3w/91hphlzs0rv_1twbkfyhvn6m0000gn/T/condisco-preflight.7uyGq6/DerivedData/Build/Intermediates.noindex/Condisco.build/Debug-iphonesimulator/CondiscoTests.build/Objects-normal/arm64/CondiscoTests_const_extract_protocols.json -Xcc -iquote -Xcc /var/folders/3w/91hphlzs0rv_1twbkfyhvn6m0000gn/T/condisco-preflight.7uyGq6/DerivedData/Build/Intermediates.noindex/Condisco.build/Debug-iphonesimulator/CondiscoTests.build/CondiscoTests-generated-files.hmap -Xcc -I/var/folders/3w/91hphlzs0rv_1twbkfyhvn6m0000gn/T/condisco-preflight.7uyGq6/DerivedData/Build/Intermediates.noindex/Condisco.build/Debug-iphonesimulator/CondiscoTests.build/CondiscoTests-own-target-headers.hmap -Xcc -I/var/folders/3w/91hphlzs0rv_1twbkfyhvn6m0000gn/T/condisco-preflight.7uyGq6/DerivedData/Build/Intermediates.noindex/Condisco.build/Debug-iphonesimulator/CondiscoTests.build/CondiscoTests-all-target-headers.hmap -Xcc -iquote -Xcc /var/folders/3w/91hphlzs0rv_1twbkfyhvn6m0000gn/T/condisco-preflight.7uyGq6/DerivedData/Build/Intermediates.noindex/Condisco.build/Debug-iphonesimulator/CondiscoTests.build/CondiscoTests-project-headers.hmap -Xcc -I/var/folders/3w/91hphlzs0rv_1twbkfyhvn6m0000gn/T/condisco-preflight.7uyGq6/DerivedData/Build/Products/Debug-iphonesimulator/include -Xcc -I/var/folders/3w/91hphlzs0rv_1twbkfyhvn6m0000gn/T/condisco-preflight.7uyGq6/DerivedData/Build/Intermediates.noindex/Condisco.build/Debug-iphonesimulator/CondiscoTests.build/DerivedSources-normal/arm64 -Xcc -I/var/folders/3w/91hphlzs0rv_1twbkfyhvn6m0000gn/T/condisco-preflight.7uyGq6/DerivedData/Build/Intermediates.noindex/Condisco.build/Debug-iphonesimulator/CondiscoTests.build/DerivedSources/arm64 -Xcc -I/var/folders/3w/91hphlzs0rv_1twbkfyhvn6m0000gn/T/condisco-preflight.7uyGq6/DerivedData/Build/Intermediates.noindex/Condisco.build/Debug-iphonesimulator/CondiscoTests.build/DerivedSources -Xcc -DDEBUG\=1 -emit-objc-header -emit-objc-header-path /var/folders/3w/91hphlzs0rv_1twbkfyhvn6m0000gn/T/condisco-preflight.7uyGq6/DerivedData/Build/Intermediates.noindex/Condisco.build/Debug-iphonesimulator/CondiscoTests.build/Objects-normal/arm64/CondiscoTests-Swift.h -working-directory /Users/spkoehl/Projects/VerbaLibera -experimental-emit-module-separately -disable-cmo

Ld /var/folders/3w/91hphlzs0rv_1twbkfyhvn6m0000gn/T/condisco-preflight.7uyGq6/DerivedData/Build/Products/Debug-iphonesimulator/Condisco.app/PlugIns/CondiscoTests.xctest/CondiscoTests normal (in target 'CondiscoTests' from project 'Condisco')
    cd /Users/spkoehl/Projects/VerbaLibera
    /Applications/Xcode.app/Contents/Developer/Toolchains/XcodeDefault.xctoolchain/usr/bin/clang -Xlinker -reproducible -target arm64-apple-ios17.0-simulator -bundle -isysroot /Applications/Xcode.app/Contents/Developer/Platforms/iPhoneSimulator.platform/Developer/SDKs/iPhoneSimulator27.0.sdk -O0 -Xlinker -no_warn_duplicate_libraries -L/var/folders/3w/91hphlzs0rv_1twbkfyhvn6m0000gn/T/condisco-preflight.7uyGq6/DerivedData/Build/Intermediates.noindex/EagerLinkingTBDs/Debug-iphonesimulator -L/var/folders/3w/91hphlzs0rv_1twbkfyhvn6m0000gn/T/condisco-preflight.7uyGq6/DerivedData/Build/Products/Debug-iphonesimulator -L/Applications/Xcode.app/Contents/Developer/Platforms/iPhoneSimulator.platform/Developer/usr/lib -F/var/folders/3w/91hphlzs0rv_1twbkfyhvn6m0000gn/T/condisco-preflight.7uyGq6/DerivedData/Build/Intermediates.noindex/EagerLinkingTBDs/Debug-iphonesimulator -F/var/folders/3w/91hphlzs0rv_1twbkfyhvn6m0000gn/T/condisco-preflight.7uyGq6/DerivedData/Build/Products/Debug-iphonesimulator -iframework /Applications/Xcode.app/Contents/Developer/Platforms/iPhoneSimulator.platform/Developer/Library/Frameworks -iframework /Applications/Xcode.app/Contents/Developer/Platforms/iPhoneSimulator.platform/Developer/SDKs/iPhoneSimulator27.0.sdk/Developer/Library/Frameworks -filelist /var/folders/3w/91hphlzs0rv_1twbkfyhvn6m0000gn/T/condisco-preflight.7uyGq6/DerivedData/Build/Intermediates.noindex/Condisco.build/Debug-iphonesimulator/CondiscoTests.build/Objects-normal/arm64/CondiscoTests.LinkFileList -Xlinker -rpath -Xlinker /usr/lib/swift -Xlinker -rpath -Xlinker @loader_path/Frameworks -Xlinker -rpath -Xlinker @executable_path/Frameworks -Xlinker -dead_strip -bundle_loader /var/folders/3w/91hphlzs0rv_1twbkfyhvn6m0000gn/T/condisco-preflight.7uyGq6/DerivedData/Build/Products/Debug-iphonesimulator/Condisco.app/Condisco -Xlinker -object_path_lto -Xlinker /var/folders/3w/91hphlzs0rv_1twbkfyhvn6m0000gn/T/condisco-preflight.7uyGq6/DerivedData/Build/Intermediates.noindex/Condisco.build/Debug-iphonesimulator/CondiscoTests.build/Objects-normal/arm64/CondiscoTests_lto.o -rdynamic -Xlinker -no_deduplicate -Xlinker -objc_abi_version -Xlinker 2 -Xlinker -dependency_info -Xlinker /var/folders/3w/91hphlzs0rv_1twbkfyhvn6m0000gn/T/condisco-preflight.7uyGq6/DerivedData/Build/Intermediates.noindex/Condisco.build/Debug-iphonesimulator/CondiscoTests.build/Objects-normal/arm64/CondiscoTests_dependency_info.dat -fobjc-link-runtime -L/Applications/Xcode.app/Contents/Developer/Toolchains/XcodeDefault.xctoolchain/usr/lib/swift/iphonesimulator -L/usr/lib/swift -Xlinker -add_ast_path -Xlinker /var/folders/3w/91hphlzs0rv_1twbkfyhvn6m0000gn/T/condisco-preflight.7uyGq6/DerivedData/Build/Intermediates.noindex/Condisco.build/Debug-iphonesimulator/CondiscoTests.build/Objects-normal/arm64/CondiscoTests.swiftmodule -Xlinker -needed_framework -Xlinker XCTest -framework XCTest -Xlinker -needed-lXCTestSwiftSupport -lXCTestSwiftSupport /var/folders/3w/91hphlzs0rv_1twbkfyhvn6m0000gn/T/condisco-preflight.7uyGq6/DerivedData/Build/Products/Debug-iphonesimulator/Condisco.app/Condisco.debug.dylib -Xlinker -no_adhoc_codesign -o /var/folders/3w/91hphlzs0rv_1twbkfyhvn6m0000gn/T/condisco-preflight.7uyGq6/DerivedData/Build/Products/Debug-iphonesimulator/Condisco.app/PlugIns/CondiscoTests.xctest/CondiscoTests

CopySwiftLibs /var/folders/3w/91hphlzs0rv_1twbkfyhvn6m0000gn/T/condisco-preflight.7uyGq6/DerivedData/Build/Products/Debug-iphonesimulator/Condisco.app/PlugIns/CondiscoTests.xctest (in target 'CondiscoTests' from project 'Condisco')
    cd /Users/spkoehl/Projects/VerbaLibera
    builtin-swiftStdLibTool --copy --verbose --sign - --scan-executable /var/folders/3w/91hphlzs0rv_1twbkfyhvn6m0000gn/T/condisco-preflight.7uyGq6/DerivedData/Build/Products/Debug-iphonesimulator/Condisco.app/PlugIns/CondiscoTests.xctest/CondiscoTests --scan-folder /var/folders/3w/91hphlzs0rv_1twbkfyhvn6m0000gn/T/condisco-preflight.7uyGq6/DerivedData/Build/Products/Debug-iphonesimulator/Condisco.app/PlugIns/CondiscoTests.xctest/Frameworks --scan-folder /var/folders/3w/91hphlzs0rv_1twbkfyhvn6m0000gn/T/condisco-preflight.7uyGq6/DerivedData/Build/Products/Debug-iphonesimulator/Condisco.app/PlugIns/CondiscoTests.xctest/PlugIns --scan-folder /var/folders/3w/91hphlzs0rv_1twbkfyhvn6m0000gn/T/condisco-preflight.7uyGq6/DerivedData/Build/Products/Debug-iphonesimulator/Condisco.app/PlugIns/CondiscoTests.xctest/SystemExtensions --scan-folder /var/folders/3w/91hphlzs0rv_1twbkfyhvn6m0000gn/T/condisco-preflight.7uyGq6/DerivedData/Build/Products/Debug-iphonesimulator/Condisco.app/PlugIns/CondiscoTests.xctest/Extensions --platform iphonesimulator --toolchain /Applications/Xcode.app/Contents/Developer/Toolchains/XcodeDefault.xctoolchain --destination /var/folders/3w/91hphlzs0rv_1twbkfyhvn6m0000gn/T/condisco-preflight.7uyGq6/DerivedData/Build/Products/Debug-iphonesimulator/Condisco.app/PlugIns/CondiscoTests.xctest/Frameworks --strip-bitcode --scan-executable /Applications/Xcode.app/Contents/Developer/Platforms/iPhoneSimulator.platform/Developer/usr/lib/libXCTestSwiftSupport.dylib --strip-bitcode-tool /Applications/Xcode.app/Contents/Developer/Toolchains/XcodeDefault.xctoolchain/usr/bin/bitcode_strip --emit-dependency-info /var/folders/3w/91hphlzs0rv_1twbkfyhvn6m0000gn/T/condisco-preflight.7uyGq6/DerivedData/Build/Intermediates.noindex/Condisco.build/Debug-iphonesimulator/CondiscoTests.build/SwiftStdLibToolInputDependencies.dep --filter-for-swift-os

ExtractAppIntentsMetadata (in target 'CondiscoTests' from project 'Condisco')
    cd /Users/spkoehl/Projects/VerbaLibera
    /Applications/Xcode.app/Contents/Developer/Toolchains/XcodeDefault.xctoolchain/usr/bin/appintentsmetadataprocessor --toolchain-dir /Applications/Xcode.app/Contents/Developer/Toolchains/XcodeDefault.xctoolchain --module-name CondiscoTests --sdk-root /Applications/Xcode.app/Contents/Developer/Platforms/iPhoneSimulator.platform/Developer/SDKs/iPhoneSimulator27.0.sdk --xcode-version 27A266a --platform-family iOS --deployment-target 17.0 --bundle-identifier com.sleuthysloth.condisco.Tests --output /var/folders/3w/91hphlzs0rv_1twbkfyhvn6m0000gn/T/condisco-preflight.7uyGq6/DerivedData/Build/Products/Debug-iphonesimulator/Condisco.app/PlugIns/CondiscoTests.xctest --target-triple arm64-apple-ios17.0-simulator --binary-file /var/folders/3w/91hphlzs0rv_1twbkfyhvn6m0000gn/T/condisco-preflight.7uyGq6/DerivedData/Build/Products/Debug-iphonesimulator/Condisco.app/PlugIns/CondiscoTests.xctest/CondiscoTests --dependency-file /var/folders/3w/91hphlzs0rv_1twbkfyhvn6m0000gn/T/condisco-preflight.7uyGq6/DerivedData/Build/Intermediates.noindex/Condisco.build/Debug-iphonesimulator/CondiscoTests.build/Objects-normal/arm64/CondiscoTests_dependency_info.dat --stringsdata-file /var/folders/3w/91hphlzs0rv_1twbkfyhvn6m0000gn/T/condisco-preflight.7uyGq6/DerivedData/Build/Intermediates.noindex/Condisco.build/Debug-iphonesimulator/CondiscoTests.build/Objects-normal/arm64/ExtractedAppShortcutsMetadata.stringsdata --source-file-list /var/folders/3w/91hphlzs0rv_1twbkfyhvn6m0000gn/T/condisco-preflight.7uyGq6/DerivedData/Build/Intermediates.noindex/Condisco.build/Debug-iphonesimulator/CondiscoTests.build/Objects-normal/arm64/CondiscoTests.SwiftFileList --metadata-file-list /var/folders/3w/91hphlzs0rv_1twbkfyhvn6m0000gn/T/condisco-preflight.7uyGq6/DerivedData/Build/Intermediates.noindex/Condisco.build/Debug-iphonesimulator/CondiscoTests.build/CondiscoTests.DependencyMetadataFileList --static-metadata-file-list /var/folders/3w/91hphlzs0rv_1twbkfyhvn6m0000gn/T/condisco-preflight.7uyGq6/DerivedData/Build/Intermediates.noindex/Condisco.build/Debug-iphonesimulator/CondiscoTests.build/CondiscoTests.DependencyStaticMetadataFileList --swift-const-vals-list /var/folders/3w/91hphlzs0rv_1twbkfyhvn6m0000gn/T/condisco-preflight.7uyGq6/DerivedData/Build/Intermediates.noindex/Condisco.build/Debug-iphonesimulator/CondiscoTests.build/Objects-normal/arm64/CondiscoTests.SwiftConstValuesFileList --compile-time-extraction --deployment-aware-processing --no-app-shortcuts-localization
2026-09-26 00:06:39.243 appintentsmetadataprocessor[79937:7865114] Starting appintentsmetadataprocessor export
2026-09-26 00:06:39.290 appintentsmetadataprocessor[79937:7865114] Extracted no relevant App Intents symbols, skipping writing output

AppIntentsSSUTraining (in target 'CondiscoTests' from project 'Condisco')
    cd /Users/spkoehl/Projects/VerbaLibera
    /Applications/Xcode.app/Contents/Developer/Toolchains/XcodeDefault.xctoolchain/usr/bin/appintentsnltrainingprocessor --infoplist-path /var/folders/3w/91hphlzs0rv_1twbkfyhvn6m0000gn/T/condisco-preflight.7uyGq6/DerivedData/Build/Products/Debug-iphonesimulator/Condisco.app/PlugIns/CondiscoTests.xctest/Info.plist --temp-dir-path /var/folders/3w/91hphlzs0rv_1twbkfyhvn6m0000gn/T/condisco-preflight.7uyGq6/DerivedData/Build/Intermediates.noindex/Condisco.build/Debug-iphonesimulator/CondiscoTests.build/ssu --bundle-id com.sleuthysloth.condisco.Tests --product-path /var/folders/3w/91hphlzs0rv_1twbkfyhvn6m0000gn/T/condisco-preflight.7uyGq6/DerivedData/Build/Products/Debug-iphonesimulator/Condisco.app/PlugIns/CondiscoTests.xctest --extracted-metadata-path /var/folders/3w/91hphlzs0rv_1twbkfyhvn6m0000gn/T/condisco-preflight.7uyGq6/DerivedData/Build/Products/Debug-iphonesimulator/Condisco.app/PlugIns/CondiscoTests.xctest/Metadata.appintents --metadata-file-list /var/folders/3w/91hphlzs0rv_1twbkfyhvn6m0000gn/T/condisco-preflight.7uyGq6/DerivedData/Build/Intermediates.noindex/Condisco.build/Debug-iphonesimulator/CondiscoTests.build/CondiscoTests.DependencyMetadataFileList --source-file /var/folders/3w/91hphlzs0rv_1twbkfyhvn6m0000gn/T/condisco-preflight.7uyGq6/DerivedData/Build/Products/Debug-iphonesimulator/Condisco.app/PlugIns/CondiscoTests.xctest/Info.plist --archive-ssu-assets
2026-09-26 00:06:39.315 appintentsnltrainingprocessor[79938:7865118] Parsing options for appintentsnltrainingprocessor
2026-09-26 00:06:39.315 appintentsnltrainingprocessor[79938:7865118] Starting AppIntents SSU YAML Generation
2026-09-26 00:06:39.315 appintentsnltrainingprocessor[79938:7865118] No AppShortcuts found - Skipping.

CodeSign /var/folders/3w/91hphlzs0rv_1twbkfyhvn6m0000gn/T/condisco-preflight.7uyGq6/DerivedData/Build/Products/Debug-iphonesimulator/Condisco.app/PlugIns/CondiscoTests.xctest (in target 'CondiscoTests' from project 'Condisco')
    cd /Users/spkoehl/Projects/VerbaLibera
    
    Signing Identity:     "Sign to Run Locally"
    
    /usr/bin/codesign --force --sign - --timestamp\=none --generate-entitlement-der /var/folders/3w/91hphlzs0rv_1twbkfyhvn6m0000gn/T/condisco-preflight.7uyGq6/DerivedData/Build/Products/Debug-iphonesimulator/Condisco.app/PlugIns/CondiscoTests.xctest

RegisterExecutionPolicyException /var/folders/3w/91hphlzs0rv_1twbkfyhvn6m0000gn/T/condisco-preflight.7uyGq6/DerivedData/Build/Products/Debug-iphonesimulator/Condisco.app/PlugIns/CondiscoTests.xctest (in target 'CondiscoTests' from project 'Condisco')
    cd /Users/spkoehl/Projects/VerbaLibera
    builtin-RegisterExecutionPolicyException /var/folders/3w/91hphlzs0rv_1twbkfyhvn6m0000gn/T/condisco-preflight.7uyGq6/DerivedData/Build/Products/Debug-iphonesimulator/Condisco.app/PlugIns/CondiscoTests.xctest

Touch /var/folders/3w/91hphlzs0rv_1twbkfyhvn6m0000gn/T/condisco-preflight.7uyGq6/DerivedData/Build/Products/Debug-iphonesimulator/Condisco.app/PlugIns/CondiscoTests.xctest (in target 'CondiscoTests' from project 'Condisco')
    cd /Users/spkoehl/Projects/VerbaLibera
    /usr/bin/touch -c /var/folders/3w/91hphlzs0rv_1twbkfyhvn6m0000gn/T/condisco-preflight.7uyGq6/DerivedData/Build/Products/Debug-iphonesimulator/Condisco.app/PlugIns/CondiscoTests.xctest

CodeSign /var/folders/3w/91hphlzs0rv_1twbkfyhvn6m0000gn/T/condisco-preflight.7uyGq6/DerivedData/Build/Products/Debug-iphonesimulator/Condisco.app/Condisco.debug.dylib (in target 'Condisco' from project 'Condisco')
    cd /Users/spkoehl/Projects/VerbaLibera
    
    Signing Identity:     "Sign to Run Locally"
    
    /usr/bin/codesign --force --sign - --timestamp\=none --generate-entitlement-der /var/folders/3w/91hphlzs0rv_1twbkfyhvn6m0000gn/T/condisco-preflight.7uyGq6/DerivedData/Build/Products/Debug-iphonesimulator/Condisco.app/Condisco.debug.dylib

CodeSign /var/folders/3w/91hphlzs0rv_1twbkfyhvn6m0000gn/T/condisco-preflight.7uyGq6/DerivedData/Build/Products/Debug-iphonesimulator/Condisco.app/__preview.dylib (in target 'Condisco' from project 'Condisco')
    cd /Users/spkoehl/Projects/VerbaLibera
    
    Signing Identity:     "Sign to Run Locally"
    
    /usr/bin/codesign --force --sign - --timestamp\=none --generate-entitlement-der /var/folders/3w/91hphlzs0rv_1twbkfyhvn6m0000gn/T/condisco-preflight.7uyGq6/DerivedData/Build/Products/Debug-iphonesimulator/Condisco.app/__preview.dylib

CodeSign /var/folders/3w/91hphlzs0rv_1twbkfyhvn6m0000gn/T/condisco-preflight.7uyGq6/DerivedData/Build/Products/Debug-iphonesimulator/Condisco.app (in target 'Condisco' from project 'Condisco')
    cd /Users/spkoehl/Projects/VerbaLibera
    
    Signing Identity:     "Sign to Run Locally"
    
    /usr/bin/codesign --force --sign - --entitlements /var/folders/3w/91hphlzs0rv_1twbkfyhvn6m0000gn/T/condisco-preflight.7uyGq6/DerivedData/Build/Intermediates.noindex/Condisco.build/Debug-iphonesimulator/Condisco.build/Condisco.app.xcent --timestamp\=none --generate-entitlement-der /var/folders/3w/91hphlzs0rv_1twbkfyhvn6m0000gn/T/condisco-preflight.7uyGq6/DerivedData/Build/Products/Debug-iphonesimulator/Condisco.app

ValidateEmbeddedBinary /var/folders/3w/91hphlzs0rv_1twbkfyhvn6m0000gn/T/condisco-preflight.7uyGq6/DerivedData/Build/Products/Debug-iphonesimulator/Condisco.app/PlugIns/CondiscoWidget.appex (in target 'Condisco' from project 'Condisco')
    cd /Users/spkoehl/Projects/VerbaLibera
    /Applications/Xcode.app/Contents/Developer/usr/bin/embeddedBinaryValidationUtility /var/folders/3w/91hphlzs0rv_1twbkfyhvn6m0000gn/T/condisco-preflight.7uyGq6/DerivedData/Build/Products/Debug-iphonesimulator/Condisco.app/PlugIns/CondiscoWidget.appex -signing-cert - -info-plist-path /var/folders/3w/91hphlzs0rv_1twbkfyhvn6m0000gn/T/condisco-preflight.7uyGq6/DerivedData/Build/Products/Debug-iphonesimulator/Condisco.app/Info.plist

RegisterExecutionPolicyException /var/folders/3w/91hphlzs0rv_1twbkfyhvn6m0000gn/T/condisco-preflight.7uyGq6/DerivedData/Build/Products/Debug-iphonesimulator/Condisco.app (in target 'Condisco' from project 'Condisco')
    cd /Users/spkoehl/Projects/VerbaLibera
    builtin-RegisterExecutionPolicyException /var/folders/3w/91hphlzs0rv_1twbkfyhvn6m0000gn/T/condisco-preflight.7uyGq6/DerivedData/Build/Products/Debug-iphonesimulator/Condisco.app

Validate /var/folders/3w/91hphlzs0rv_1twbkfyhvn6m0000gn/T/condisco-preflight.7uyGq6/DerivedData/Build/Products/Debug-iphonesimulator/Condisco.app (in target 'Condisco' from project 'Condisco')
    cd /Users/spkoehl/Projects/VerbaLibera
    builtin-validationUtility /var/folders/3w/91hphlzs0rv_1twbkfyhvn6m0000gn/T/condisco-preflight.7uyGq6/DerivedData/Build/Products/Debug-iphonesimulator/Condisco.app -shallow-bundle -infoplist-subpath Info.plist

Touch /var/folders/3w/91hphlzs0rv_1twbkfyhvn6m0000gn/T/condisco-preflight.7uyGq6/DerivedData/Build/Products/Debug-iphonesimulator/Condisco.app (in target 'Condisco' from project 'Condisco')
    cd /Users/spkoehl/Projects/VerbaLibera
    /usr/bin/touch -c /var/folders/3w/91hphlzs0rv_1twbkfyhvn6m0000gn/T/condisco-preflight.7uyGq6/DerivedData/Build/Products/Debug-iphonesimulator/Condisco.app

ProcessInfoPlistFile /var/folders/3w/91hphlzs0rv_1twbkfyhvn6m0000gn/T/condisco-preflight.7uyGq6/DerivedData/Build/Products/Debug-iphonesimulator/CondiscoUITests-Runner.app/PlugIns/CondiscoUITests.xctest/Info.plist /var/folders/3w/91hphlzs0rv_1twbkfyhvn6m0000gn/T/condisco-preflight.7uyGq6/DerivedData/Build/Intermediates.noindex/Condisco.build/Debug-iphonesimulator/CondiscoUITests.build/empty-CondiscoUITests.plist (in target 'CondiscoUITests' from project 'Condisco')
    cd /Users/spkoehl/Projects/VerbaLibera
    builtin-infoPlistUtility /var/folders/3w/91hphlzs0rv_1twbkfyhvn6m0000gn/T/condisco-preflight.7uyGq6/DerivedData/Build/Intermediates.noindex/Condisco.build/Debug-iphonesimulator/CondiscoUITests.build/empty-CondiscoUITests.plist -producttype com.apple.product-type.bundle.ui-testing -expandbuildsettings -format binary -platform iphonesimulator -additionalcontentfile /var/folders/3w/91hphlzs0rv_1twbkfyhvn6m0000gn/T/condisco-preflight.7uyGq6/DerivedData/Build/Intermediates.noindex/Condisco.build/Debug-iphonesimulator/CondiscoUITests.build/ProductTypeInfoPlistAdditions.plist -o /var/folders/3w/91hphlzs0rv_1twbkfyhvn6m0000gn/T/condisco-preflight.7uyGq6/DerivedData/Build/Products/Debug-iphonesimulator/CondiscoUITests-Runner.app/PlugIns/CondiscoUITests.xctest/Info.plist

Ld /var/folders/3w/91hphlzs0rv_1twbkfyhvn6m0000gn/T/condisco-preflight.7uyGq6/DerivedData/Build/Products/Debug-iphonesimulator/CondiscoUITests-Runner.app/PlugIns/CondiscoUITests.xctest/CondiscoUITests normal (in target 'CondiscoUITests' from project 'Condisco')
    cd /Users/spkoehl/Projects/VerbaLibera
    /Applications/Xcode.app/Contents/Developer/Toolchains/XcodeDefault.xctoolchain/usr/bin/clang -Xlinker -reproducible -target arm64-apple-ios17.0-simulator -bundle -isysroot /Applications/Xcode.app/Contents/Developer/Platforms/iPhoneSimulator.platform/Developer/SDKs/iPhoneSimulator27.0.sdk -O0 -Xlinker -no_warn_duplicate_libraries -L/var/folders/3w/91hphlzs0rv_1twbkfyhvn6m0000gn/T/condisco-preflight.7uyGq6/DerivedData/Build/Intermediates.noindex/EagerLinkingTBDs/Debug-iphonesimulator -L/var/folders/3w/91hphlzs0rv_1twbkfyhvn6m0000gn/T/condisco-preflight.7uyGq6/DerivedData/Build/Products/Debug-iphonesimulator -L/Applications/Xcode.app/Contents/Developer/Platforms/iPhoneSimulator.platform/Developer/usr/lib -F/var/folders/3w/91hphlzs0rv_1twbkfyhvn6m0000gn/T/condisco-preflight.7uyGq6/DerivedData/Build/Intermediates.noindex/EagerLinkingTBDs/Debug-iphonesimulator -F/var/folders/3w/91hphlzs0rv_1twbkfyhvn6m0000gn/T/condisco-preflight.7uyGq6/DerivedData/Build/Products/Debug-iphonesimulator -iframework /Applications/Xcode.app/Contents/Developer/Platforms/iPhoneSimulator.platform/Developer/Library/Frameworks -iframework /Applications/Xcode.app/Contents/Developer/Platforms/iPhoneSimulator.platform/Developer/SDKs/iPhoneSimulator27.0.sdk/Developer/Library/Frameworks -filelist /var/folders/3w/91hphlzs0rv_1twbkfyhvn6m0000gn/T/condisco-preflight.7uyGq6/DerivedData/Build/Intermediates.noindex/Condisco.build/Debug-iphonesimulator/CondiscoUITests.build/Objects-normal/arm64/CondiscoUITests.LinkFileList -Xlinker -rpath -Xlinker /usr/lib/swift -Xlinker -rpath -Xlinker @loader_path/Frameworks -Xlinker -dead_strip -Xlinker -object_path_lto -Xlinker /var/folders/3w/91hphlzs0rv_1twbkfyhvn6m0000gn/T/condisco-preflight.7uyGq6/DerivedData/Build/Intermediates.noindex/Condisco.build/Debug-iphonesimulator/CondiscoUITests.build/Objects-normal/arm64/CondiscoUITests_lto.o -rdynamic -Xlinker -no_deduplicate -Xlinker -objc_abi_version -Xlinker 2 -Xlinker -dependency_info -Xlinker /var/folders/3w/91hphlzs0rv_1twbkfyhvn6m0000gn/T/condisco-preflight.7uyGq6/DerivedData/Build/Intermediates.noindex/Condisco.build/Debug-iphonesimulator/CondiscoUITests.build/Objects-normal/arm64/CondiscoUITests_dependency_info.dat -fobjc-link-runtime -L/Applications/Xcode.app/Contents/Developer/Toolchains/XcodeDefault.xctoolchain/usr/lib/swift/iphonesimulator -L/usr/lib/swift -Xlinker -add_ast_path -Xlinker /var/folders/3w/91hphlzs0rv_1twbkfyhvn6m0000gn/T/condisco-preflight.7uyGq6/DerivedData/Build/Intermediates.noindex/Condisco.build/Debug-iphonesimulator/CondiscoUITests.build/Objects-normal/arm64/CondiscoUITests.swiftmodule -Xlinker -needed_framework -Xlinker XCTest -framework XCTest -Xlinker -needed-lXCTestSwiftSupport -lXCTestSwiftSupport -Xlinker -sectcreate -Xlinker __TEXT -Xlinker __entitlements -Xlinker /var/folders/3w/91hphlzs0rv_1twbkfyhvn6m0000gn/T/condisco-preflight.7uyGq6/DerivedData/Build/Intermediates.noindex/Condisco.build/Debug-iphonesimulator/CondiscoUITests.build/CondiscoUITests.xctest-Simulated.xcent -Xlinker -sectcreate -Xlinker __TEXT -Xlinker __ents_der -Xlinker /var/folders/3w/91hphlzs0rv_1twbkfyhvn6m0000gn/T/condisco-preflight.7uyGq6/DerivedData/Build/Intermediates.noindex/Condisco.build/Debug-iphonesimulator/CondiscoUITests.build/CondiscoUITests.xctest-Simulated.xcent.der -Xlinker -no_adhoc_codesign -o /var/folders/3w/91hphlzs0rv_1twbkfyhvn6m0000gn/T/condisco-preflight.7uyGq6/DerivedData/Build/Products/Debug-iphonesimulator/CondiscoUITests-Runner.app/PlugIns/CondiscoUITests.xctest/CondiscoUITests

ExtractAppIntentsMetadata (in target 'CondiscoUITests' from project 'Condisco')
    cd /Users/spkoehl/Projects/VerbaLibera
    /Applications/Xcode.app/Contents/Developer/Toolchains/XcodeDefault.xctoolchain/usr/bin/appintentsmetadataprocessor --toolchain-dir /Applications/Xcode.app/Contents/Developer/Toolchains/XcodeDefault.xctoolchain --module-name CondiscoUITests --sdk-root /Applications/Xcode.app/Contents/Developer/Platforms/iPhoneSimulator.platform/Developer/SDKs/iPhoneSimulator27.0.sdk --xcode-version 27A266a --platform-family iOS --deployment-target 17.0 --bundle-identifier com.sleuthysloth.condisco.UITests --output /var/folders/3w/91hphlzs0rv_1twbkfyhvn6m0000gn/T/condisco-preflight.7uyGq6/DerivedData/Build/Products/Debug-iphonesimulator/CondiscoUITests-Runner.app/PlugIns/CondiscoUITests.xctest --target-triple arm64-apple-ios17.0-simulator --binary-file /var/folders/3w/91hphlzs0rv_1twbkfyhvn6m0000gn/T/condisco-preflight.7uyGq6/DerivedData/Build/Products/Debug-iphonesimulator/CondiscoUITests-Runner.app/PlugIns/CondiscoUITests.xctest/CondiscoUITests --dependency-file /var/folders/3w/91hphlzs0rv_1twbkfyhvn6m0000gn/T/condisco-preflight.7uyGq6/DerivedData/Build/Intermediates.noindex/Condisco.build/Debug-iphonesimulator/CondiscoUITests.build/Objects-normal/arm64/CondiscoUITests_dependency_info.dat --stringsdata-file /var/folders/3w/91hphlzs0rv_1twbkfyhvn6m0000gn/T/condisco-preflight.7uyGq6/DerivedData/Build/Intermediates.noindex/Condisco.build/Debug-iphonesimulator/CondiscoUITests.build/Objects-normal/arm64/ExtractedAppShortcutsMetadata.stringsdata --source-file-list /var/folders/3w/91hphlzs0rv_1twbkfyhvn6m0000gn/T/condisco-preflight.7uyGq6/DerivedData/Build/Intermediates.noindex/Condisco.build/Debug-iphonesimulator/CondiscoUITests.build/Objects-normal/arm64/CondiscoUITests.SwiftFileList --metadata-file-list /var/folders/3w/91hphlzs0rv_1twbkfyhvn6m0000gn/T/condisco-preflight.7uyGq6/DerivedData/Build/Intermediates.noindex/Condisco.build/Debug-iphonesimulator/CondiscoUITests.build/CondiscoUITests.DependencyMetadataFileList --static-metadata-file-list /var/folders/3w/91hphlzs0rv_1twbkfyhvn6m0000gn/T/condisco-preflight.7uyGq6/DerivedData/Build/Intermediates.noindex/Condisco.build/Debug-iphonesimulator/CondiscoUITests.build/CondiscoUITests.DependencyStaticMetadataFileList --swift-const-vals-list /var/folders/3w/91hphlzs0rv_1twbkfyhvn6m0000gn/T/condisco-preflight.7uyGq6/DerivedData/Build/Intermediates.noindex/Condisco.build/Debug-iphonesimulator/CondiscoUITests.build/Objects-normal/arm64/CondiscoUITests.SwiftConstValuesFileList --compile-time-extraction --deployment-aware-processing --no-app-shortcuts-localization
2026-09-26 00:06:41.544 appintentsmetadataprocessor[79950:7865215] Starting appintentsmetadataprocessor export
2026-09-26 00:06:41.546 appintentsmetadataprocessor[79950:7865215] warning: Metadata extraction skipped, no AppIntents.framework dependency found

CopySwiftLibs /var/folders/3w/91hphlzs0rv_1twbkfyhvn6m0000gn/T/condisco-preflight.7uyGq6/DerivedData/Build/Products/Debug-iphonesimulator/CondiscoUITests-Runner.app/PlugIns/CondiscoUITests.xctest (in target 'CondiscoUITests' from project 'Condisco')
    cd /Users/spkoehl/Projects/VerbaLibera
    builtin-swiftStdLibTool --copy --verbose --sign - --scan-executable /var/folders/3w/91hphlzs0rv_1twbkfyhvn6m0000gn/T/condisco-preflight.7uyGq6/DerivedData/Build/Products/Debug-iphonesimulator/CondiscoUITests-Runner.app/PlugIns/CondiscoUITests.xctest/CondiscoUITests --scan-folder /var/folders/3w/91hphlzs0rv_1twbkfyhvn6m0000gn/T/condisco-preflight.7uyGq6/DerivedData/Build/Products/Debug-iphonesimulator/CondiscoUITests-Runner.app/PlugIns/CondiscoUITests.xctest/Frameworks --scan-folder /var/folders/3w/91hphlzs0rv_1twbkfyhvn6m0000gn/T/condisco-preflight.7uyGq6/DerivedData/Build/Products/Debug-iphonesimulator/CondiscoUITests-Runner.app/PlugIns/CondiscoUITests.xctest/PlugIns --scan-folder /var/folders/3w/91hphlzs0rv_1twbkfyhvn6m0000gn/T/condisco-preflight.7uyGq6/DerivedData/Build/Products/Debug-iphonesimulator/CondiscoUITests-Runner.app/PlugIns/CondiscoUITests.xctest/SystemExtensions --scan-folder /var/folders/3w/91hphlzs0rv_1twbkfyhvn6m0000gn/T/condisco-preflight.7uyGq6/DerivedData/Build/Products/Debug-iphonesimulator/CondiscoUITests-Runner.app/PlugIns/CondiscoUITests.xctest/Extensions --platform iphonesimulator --toolchain /Applications/Xcode.app/Contents/Developer/Toolchains/XcodeDefault.xctoolchain --destination /var/folders/3w/91hphlzs0rv_1twbkfyhvn6m0000gn/T/condisco-preflight.7uyGq6/DerivedData/Build/Products/Debug-iphonesimulator/CondiscoUITests-Runner.app/PlugIns/CondiscoUITests.xctest/Frameworks --strip-bitcode --scan-executable /Applications/Xcode.app/Contents/Developer/Platforms/iPhoneSimulator.platform/Developer/usr/lib/libXCTestSwiftSupport.dylib --strip-bitcode-tool /Applications/Xcode.app/Contents/Developer/Toolchains/XcodeDefault.xctoolchain/usr/bin/bitcode_strip --emit-dependency-info /var/folders/3w/91hphlzs0rv_1twbkfyhvn6m0000gn/T/condisco-preflight.7uyGq6/DerivedData/Build/Intermediates.noindex/Condisco.build/Debug-iphonesimulator/CondiscoUITests.build/SwiftStdLibToolInputDependencies.dep --filter-for-swift-os

AppIntentsSSUTraining (in target 'CondiscoUITests' from project 'Condisco')
    cd /Users/spkoehl/Projects/VerbaLibera
    /Applications/Xcode.app/Contents/Developer/Toolchains/XcodeDefault.xctoolchain/usr/bin/appintentsnltrainingprocessor --infoplist-path /var/folders/3w/91hphlzs0rv_1twbkfyhvn6m0000gn/T/condisco-preflight.7uyGq6/DerivedData/Build/Products/Debug-iphonesimulator/CondiscoUITests-Runner.app/PlugIns/CondiscoUITests.xctest/Info.plist --temp-dir-path /var/folders/3w/91hphlzs0rv_1twbkfyhvn6m0000gn/T/condisco-preflight.7uyGq6/DerivedData/Build/Intermediates.noindex/Condisco.build/Debug-iphonesimulator/CondiscoUITests.build/ssu --bundle-id com.sleuthysloth.condisco.UITests --product-path /var/folders/3w/91hphlzs0rv_1twbkfyhvn6m0000gn/T/condisco-preflight.7uyGq6/DerivedData/Build/Products/Debug-iphonesimulator/CondiscoUITests-Runner.app/PlugIns/CondiscoUITests.xctest --extracted-metadata-path /var/folders/3w/91hphlzs0rv_1twbkfyhvn6m0000gn/T/condisco-preflight.7uyGq6/DerivedData/Build/Products/Debug-iphonesimulator/CondiscoUITests-Runner.app/PlugIns/CondiscoUITests.xctest/Metadata.appintents --metadata-file-list /var/folders/3w/91hphlzs0rv_1twbkfyhvn6m0000gn/T/condisco-preflight.7uyGq6/DerivedData/Build/Intermediates.noindex/Condisco.build/Debug-iphonesimulator/CondiscoUITests.build/CondiscoUITests.DependencyMetadataFileList --source-file /var/folders/3w/91hphlzs0rv_1twbkfyhvn6m0000gn/T/condisco-preflight.7uyGq6/DerivedData/Build/Products/Debug-iphonesimulator/CondiscoUITests-Runner.app/PlugIns/CondiscoUITests.xctest/Info.plist --archive-ssu-assets
2026-09-26 00:06:41.569 appintentsnltrainingprocessor[79951:7865217] Parsing options for appintentsnltrainingprocessor
2026-09-26 00:06:41.570 appintentsnltrainingprocessor[79951:7865217] Starting AppIntents SSU YAML Generation
2026-09-26 00:06:41.570 appintentsnltrainingprocessor[79951:7865217] No AppShortcuts found - Skipping.

Copy /var/folders/3w/91hphlzs0rv_1twbkfyhvn6m0000gn/T/condisco-preflight.7uyGq6/DerivedData/Build/Products/Debug-iphonesimulator/CondiscoUITests-Runner.app/PkgInfo /Applications/Xcode.app/Contents/Developer/Platforms/iPhoneSimulator.platform/Developer/Library/Xcode/Agents/XCTRunner.app/PkgInfo (in target 'CondiscoUITests' from project 'Condisco')
    cd /Users/spkoehl/Projects/VerbaLibera
    builtin-copy -exclude .DS_Store -exclude CVS -exclude .svn -exclude .git -exclude .hg -resolve-src-symlinks /Applications/Xcode.app/Contents/Developer/Platforms/iPhoneSimulator.platform/Developer/Library/Xcode/Agents/XCTRunner.app/PkgInfo /var/folders/3w/91hphlzs0rv_1twbkfyhvn6m0000gn/T/condisco-preflight.7uyGq6/DerivedData/Build/Products/Debug-iphonesimulator/CondiscoUITests-Runner.app

CopyAndPreserveArchs /var/folders/3w/91hphlzs0rv_1twbkfyhvn6m0000gn/T/condisco-preflight.7uyGq6/DerivedData/Build/Products/Debug-iphonesimulator/CondiscoUITests-Runner.app/CondiscoUITests-Runner (in target 'CondiscoUITests' from project 'Condisco')
    cd /Users/spkoehl/Projects/VerbaLibera
    /Applications/Xcode.app/Contents/Developer/Toolchains/XcodeDefault.xctoolchain/usr/bin/lipo /Applications/Xcode.app/Contents/Developer/Platforms/iPhoneSimulator.platform/Developer/Library/Xcode/Agents/XCTRunner.app/XCTRunner -output /var/folders/3w/91hphlzs0rv_1twbkfyhvn6m0000gn/T/condisco-preflight.7uyGq6/DerivedData/Build/Products/Debug-iphonesimulator/CondiscoUITests-Runner.app/CondiscoUITests-Runner -extract arm64

MkDir /var/folders/3w/91hphlzs0rv_1twbkfyhvn6m0000gn/T/condisco-preflight.7uyGq6/DerivedData/Build/Products/Debug-iphonesimulator/CondiscoUITests-Runner.app (in target 'CondiscoUITests' from project 'Condisco')
    cd /Users/spkoehl/Projects/VerbaLibera
    /bin/mkdir -p /var/folders/3w/91hphlzs0rv_1twbkfyhvn6m0000gn/T/condisco-preflight.7uyGq6/DerivedData/Build/Products/Debug-iphonesimulator/CondiscoUITests-Runner.app

CopyPlistFile /var/folders/3w/91hphlzs0rv_1twbkfyhvn6m0000gn/T/condisco-preflight.7uyGq6/DerivedData/Build/Products/Debug-iphonesimulator/CondiscoUITests-Runner.app/Info.plist /Applications/Xcode.app/Contents/Developer/Platforms/iPhoneSimulator.platform/Developer/Library/Xcode/Agents/XCTRunner.app/Info.plist (in target 'CondiscoUITests' from project 'Condisco')
    cd /Users/spkoehl/Projects/VerbaLibera
    builtin-copyPlist --validate --convert xml1 --macro-expansion WRAPPEDPRODUCTNAME CondiscoUITests-Runner --macro-expansion WRAPPEDPRODUCTBUNDLEIDENTIFIER com.sleuthysloth.condisco.UITests.xctrunner --macro-expansion TESTPRODUCTNAME CondiscoUITests --macro-expansion TESTPRODUCTBUNDLEIDENTIFIER com.sleuthysloth.condisco.UITests --copy-value UIDeviceFamily /var/folders/3w/91hphlzs0rv_1twbkfyhvn6m0000gn/T/condisco-preflight.7uyGq6/DerivedData/Build/Products/Debug-iphonesimulator/CondiscoUITests-Runner.app/PlugIns/CondiscoUITests.xctest/Info.plist --outdir /var/folders/3w/91hphlzs0rv_1twbkfyhvn6m0000gn/T/condisco-preflight.7uyGq6/DerivedData/Build/Products/Debug-iphonesimulator/CondiscoUITests-Runner.app -- /Applications/Xcode.app/Contents/Developer/Platforms/iPhoneSimulator.platform/Developer/Library/Xcode/Agents/XCTRunner.app/Info.plist

CodeSign /var/folders/3w/91hphlzs0rv_1twbkfyhvn6m0000gn/T/condisco-preflight.7uyGq6/DerivedData/Build/Products/Debug-iphonesimulator/CondiscoUITests-Runner.app/PlugIns/CondiscoUITests.xctest (in target 'CondiscoUITests' from project 'Condisco')
    cd /Users/spkoehl/Projects/VerbaLibera
    
    Signing Identity:     "Sign to Run Locally"
    
    /usr/bin/codesign --force --sign - --timestamp\=none --generate-entitlement-der /var/folders/3w/91hphlzs0rv_1twbkfyhvn6m0000gn/T/condisco-preflight.7uyGq6/DerivedData/Build/Products/Debug-iphonesimulator/CondiscoUITests-Runner.app/PlugIns/CondiscoUITests.xctest

CodeSign /var/folders/3w/91hphlzs0rv_1twbkfyhvn6m0000gn/T/condisco-preflight.7uyGq6/DerivedData/Build/Products/Debug-iphonesimulator/CondiscoUITests-Runner.app (in target 'CondiscoUITests' from project 'Condisco')
    cd /Users/spkoehl/Projects/VerbaLibera
    
    Signing Identity:     "Sign to Run Locally"
    
    /usr/bin/codesign --force --sign - --timestamp\=none --generate-entitlement-der /var/folders/3w/91hphlzs0rv_1twbkfyhvn6m0000gn/T/condisco-preflight.7uyGq6/DerivedData/Build/Products/Debug-iphonesimulator/CondiscoUITests-Runner.app
/var/folders/3w/91hphlzs0rv_1twbkfyhvn6m0000gn/T/condisco-preflight.7uyGq6/DerivedData/Build/Products/Debug-iphonesimulator/CondiscoUITests-Runner.app: replacing existing signature

RegisterExecutionPolicyException /var/folders/3w/91hphlzs0rv_1twbkfyhvn6m0000gn/T/condisco-preflight.7uyGq6/DerivedData/Build/Products/Debug-iphonesimulator/CondiscoUITests-Runner.app/PlugIns/CondiscoUITests.xctest (in target 'CondiscoUITests' from project 'Condisco')
    cd /Users/spkoehl/Projects/VerbaLibera
    builtin-RegisterExecutionPolicyException /var/folders/3w/91hphlzs0rv_1twbkfyhvn6m0000gn/T/condisco-preflight.7uyGq6/DerivedData/Build/Products/Debug-iphonesimulator/CondiscoUITests-Runner.app/PlugIns/CondiscoUITests.xctest

Touch /var/folders/3w/91hphlzs0rv_1twbkfyhvn6m0000gn/T/condisco-preflight.7uyGq6/DerivedData/Build/Products/Debug-iphonesimulator/CondiscoUITests-Runner.app/PlugIns/CondiscoUITests.xctest (in target 'CondiscoUITests' from project 'Condisco')
    cd /Users/spkoehl/Projects/VerbaLibera
    /usr/bin/touch -c /var/folders/3w/91hphlzs0rv_1twbkfyhvn6m0000gn/T/condisco-preflight.7uyGq6/DerivedData/Build/Products/Debug-iphonesimulator/CondiscoUITests-Runner.app/PlugIns/CondiscoUITests.xctest

PruneExplicitPrecompiledModules /var/folders/3w/91hphlzs0rv_1twbkfyhvn6m0000gn/T/condisco-preflight.7uyGq6/DerivedData/Build/Intermediates.noindex/SwiftExplicitPrecompiledModules

PruneExplicitPrecompiledModules /var/folders/3w/91hphlzs0rv_1twbkfyhvn6m0000gn/T/condisco-preflight.7uyGq6/DerivedData/SDKExplicitPrecompiledModules

PruneExplicitPrecompiledModules /var/folders/3w/91hphlzs0rv_1twbkfyhvn6m0000gn/T/condisco-preflight.7uyGq6/DerivedData/Build/Intermediates.noindex/ExplicitPrecompiledModules

2026-09-26 00:06:57.205633-0700 Condisco[79962:7865566] [XPCErrors] non-launching port is incompatible with service identifier "com.apple.PointerUI.pointeruid.default-service"
2026-09-26 00:06:57.346682-0700 Condisco[79962:7865566] [API] cannot add handler to 0 from 0 - dropping
2026-09-26 00:06:57.349136-0700 Condisco[79962:7865566] [API] cannot add handler to 0 from 0 - dropping
2026-09-26 00:06:57.355541-0700 Condisco[79962:7865566] [API] cannot add handler to 0 from 0 - dropping
2026-09-26 00:06:57.355691-0700 Condisco[79962:7865566] [API] cannot add handler to 0 from 0 - dropping
Test Suite 'All tests' started at 2026-09-26 00:06:59.666.
Test Suite 'CondiscoTests.xctest' started at 2026-09-26 00:06:59.688.
Test Suite 'ActivityEvaluationTests' started at 2026-09-26 00:06:59.688.
Test Case '-[CondiscoTests.ActivityEvaluationTests testAssistanceTaintsOnlyPerActivityKinds]' started.
Test Case '-[CondiscoTests.ActivityEvaluationTests testAssistanceTaintsOnlyPerActivityKinds]' passed (0.013 seconds).
Test Case '-[CondiscoTests.ActivityEvaluationTests testClozeAllOrNothingGrading]' started.
Test Case '-[CondiscoTests.ActivityEvaluationTests testClozeAllOrNothingGrading]' passed (0.009 seconds).
Test Case '-[CondiscoTests.ActivityEvaluationTests testHintTextForClozeUsesFirstAnswerLetter]' started.
Test Case '-[CondiscoTests.ActivityEvaluationTests testHintTextForClozeUsesFirstAnswerLetter]' passed (0.001 seconds).
Test Case '-[CondiscoTests.ActivityEvaluationTests testInformationActivityRequiresContinue]' started.
Test Case '-[CondiscoTests.ActivityEvaluationTests testInformationActivityRequiresContinue]' passed (0.001 seconds).
Test Case '-[CondiscoTests.ActivityEvaluationTests testMatchingEvaluation]' started.
Test Case '-[CondiscoTests.ActivityEvaluationTests testMatchingEvaluation]' passed (0.001 seconds).
Test Case '-[CondiscoTests.ActivityEvaluationTests testOrderingEvaluation]' started.
Test Case '-[CondiscoTests.ActivityEvaluationTests testOrderingEvaluation]' passed (0.001 seconds).
Test Case '-[CondiscoTests.ActivityEvaluationTests testSelectionCorrectAndIncorrect]' started.
Test Case '-[CondiscoTests.ActivityEvaluationTests testSelectionCorrectAndIncorrect]' passed (0.037 seconds).
Test Case '-[CondiscoTests.ActivityEvaluationTests testSelectionRejectsMalformedSelections]' started.
Test Case '-[CondiscoTests.ActivityEvaluationTests testSelectionRejectsMalformedSelections]' passed (0.001 seconds).
Test Case '-[CondiscoTests.ActivityEvaluationTests testTextActivityGrading]' started.
Test Case '-[CondiscoTests.ActivityEvaluationTests testTextActivityGrading]' passed (0.001 seconds).
Test Case '-[CondiscoTests.ActivityEvaluationTests testValidDraftHelper]' started.
Test Case '-[CondiscoTests.ActivityEvaluationTests testValidDraftHelper]' passed (0.000 seconds).
Test Suite 'ActivityEvaluationTests' passed at 2026-09-26 00:06:59.757.
	 Executed 10 tests, with 0 failures (0 unexpected) in 0.064 (0.069) seconds
Test Suite 'AnswerEngineTests' started at 2026-09-26 00:06:59.759.
Test Case '-[CondiscoTests.AnswerEngineTests testAcceptedAlternativeTagsSecondForm]' started.
Test Case '-[CondiscoTests.AnswerEngineTests testAcceptedAlternativeTagsSecondForm]' passed (0.001 seconds).
Test Case '-[CondiscoTests.AnswerEngineTests testAuthoredErrorHitsCategoryAndExplains]' started.
Test Case '-[CondiscoTests.AnswerEngineTests testAuthoredErrorHitsCategoryAndExplains]' passed (0.001 seconds).
Test Case '-[CondiscoTests.AnswerEngineTests testBlankAndOverlongResponsesRejected]' started.
Test Case '-[CondiscoTests.AnswerEngineTests testBlankAndOverlongResponsesRejected]' passed (0.000 seconds).
Test Case '-[CondiscoTests.AnswerEngineTests testBoundedEditDistance]' started.
Test Case '-[CondiscoTests.AnswerEngineTests testBoundedEditDistance]' passed (0.000 seconds).
Test Case '-[CondiscoTests.AnswerEngineTests testCaseAndPunctuationAndWhitespaceTolerance]' started.
Test Case '-[CondiscoTests.AnswerEngineTests testCaseAndPunctuationAndWhitespaceTolerance]' passed (0.001 seconds).
Test Case '-[CondiscoTests.AnswerEngineTests testExactMatchGivesFullCredit]' started.
Test Case '-[CondiscoTests.AnswerEngineTests testExactMatchGivesFullCredit]' passed (0.001 seconds).
Test Case '-[CondiscoTests.AnswerEngineTests testExtraWordDetected]' started.
Test Case '-[CondiscoTests.AnswerEngineTests testExtraWordDetected]' passed (0.001 seconds).
Test Case '-[CondiscoTests.AnswerEngineTests testMissingWordDetected]' started.
Test Case '-[CondiscoTests.AnswerEngineTests testMissingWordDetected]' passed (0.001 seconds).
Test Case '-[CondiscoTests.AnswerEngineTests testNormalizePrimitives]' started.
Test Case '-[CondiscoTests.AnswerEngineTests testNormalizePrimitives]' passed (0.001 seconds).
Test Case '-[CondiscoTests.AnswerEngineTests testTypoAcceptedAsPartialCreditWhenAllowed]' started.
Test Case '-[CondiscoTests.AnswerEngineTests testTypoAcceptedAsPartialCreditWhenAllowed]' passed (0.001 seconds).
Test Case '-[CondiscoTests.AnswerEngineTests testTypoRejectedWhenStrict]' started.
Test Case '-[CondiscoTests.AnswerEngineTests testTypoRejectedWhenStrict]' passed (0.008 seconds).
Test Case '-[CondiscoTests.AnswerEngineTests testWordOrderProblemDetected]' started.
Test Case '-[CondiscoTests.AnswerEngineTests testWordOrderProblemDetected]' passed (0.001 seconds).
Test Case '-[CondiscoTests.AnswerEngineTests testWrongAnswerRejected]' started.
Test Case '-[CondiscoTests.AnswerEngineTests testWrongAnswerRejected]' passed (0.001 seconds).
Test Suite 'AnswerEngineTests' passed at 2026-09-26 00:06:59.779.
	 Executed 13 tests, with 0 failures (0 unexpected) in 0.016 (0.020) seconds
Test Suite 'FsrsStateTests' started at 2026-09-26 00:06:59.780.
Test Case '-[CondiscoTests.FsrsStateTests testFirstGoodReviewInitializesState]' started.
Test Case '-[CondiscoTests.FsrsStateTests testFirstGoodReviewInitializesState]' passed (0.001 seconds).
Test Case '-[CondiscoTests.FsrsStateTests testGradeForAttemptMapsOutcomes]' started.
Test Case '-[CondiscoTests.FsrsStateTests testGradeForAttemptMapsOutcomes]' passed (0.001 seconds).
Test Case '-[CondiscoTests.FsrsStateTests testLegacyPayloadWithoutRepetitionsDefaultsToZero]' started.
Test Case '-[CondiscoTests.FsrsStateTests testLegacyPayloadWithoutRepetitionsDefaultsToZero]' passed (0.010 seconds).
Test Case '-[CondiscoTests.FsrsStateTests testLegacySM2PayloadDecodesTolerantly]' started.
Test Case '-[CondiscoTests.FsrsStateTests testLegacySM2PayloadDecodesTolerantly]' passed (0.001 seconds).
Test Case '-[CondiscoTests.FsrsStateTests testRoundTripEncodeDecode]' started.
Test Case '-[CondiscoTests.FsrsStateTests testRoundTripEncodeDecode]' passed (0.001 seconds).
Test Suite 'FsrsStateTests' passed at 2026-09-26 00:06:59.794.
	 Executed 5 tests, with 0 failures (0 unexpected) in 0.013 (0.015) seconds
Test Suite 'LearningStoreTests' started at 2026-09-26 00:06:59.795.
Test Case '-[CondiscoTests.LearningStoreTests testAttemptProjectRoundTrip]' started.
Test Case '-[CondiscoTests.LearningStoreTests testAttemptProjectRoundTrip]' passed (0.009 seconds).
Test Case '-[CondiscoTests.LearningStoreTests testCheckpointSaveLoadRoundTrip]' started.
Test Case '-[CondiscoTests.LearningStoreTests testCheckpointSaveLoadRoundTrip]' passed (0.007 seconds).
Test Case '-[CondiscoTests.LearningStoreTests testClearCheckpointRecordsTombstone]' started.
Test Case '-[CondiscoTests.LearningStoreTests testClearCheckpointRecordsTombstone]' passed (0.008 seconds).
Test Case '-[CondiscoTests.LearningStoreTests testCorruptEventIdsStableOrderAndFirstBadRowNamed]' started.
Test Case '-[CondiscoTests.LearningStoreTests testCorruptEventIdsStableOrderAndFirstBadRowNamed]' passed (0.022 seconds).
Test Case '-[CondiscoTests.LearningStoreTests testCorruptRowIsNeverUploaded]' started.
Test Case '-[CondiscoTests.LearningStoreTests testCorruptRowIsNeverUploaded]' passed (0.007 seconds).
Test Case '-[CondiscoTests.LearningStoreTests testCorruptStoredEventPayloadRawLogsThrowTypedErrorNotCrash]' started.
Test Case '-[CondiscoTests.LearningStoreTests testCorruptStoredEventPayloadRawLogsThrowTypedErrorNotCrash]' passed (0.007 seconds).
Test Case '-[CondiscoTests.LearningStoreTests testCorruptStoredEventPayloadStillProjectsAndSyncs]' started.
Test Case '-[CondiscoTests.LearningStoreTests testCorruptStoredEventPayloadStillProjectsAndSyncs]' passed (0.015 seconds).
Test Case '-[CondiscoTests.LearningStoreTests testDueEvidenceIncludesScheduledKey]' started.
Test Case '-[CondiscoTests.LearningStoreTests testDueEvidenceIncludesScheduledKey]' passed (0.006 seconds).
Test Case '-[CondiscoTests.LearningStoreTests testDuplicateConflictingRecordThrowsConflict]' started.
Test Case '-[CondiscoTests.LearningStoreTests testDuplicateConflictingRecordThrowsConflict]' passed (0.005 seconds).
Test Case '-[CondiscoTests.LearningStoreTests testDuplicateIdenticalRecordDoesNotDuplicateRows]' started.
Test Case '-[CondiscoTests.LearningStoreTests testDuplicateIdenticalRecordDoesNotDuplicateRows]' passed (0.005 seconds).
Test Case '-[CondiscoTests.LearningStoreTests testDuplicateWithReorderedKeyPayloadIsNoOp]' started.
Test Case '-[CondiscoTests.LearningStoreTests testDuplicateWithReorderedKeyPayloadIsNoOp]' passed (0.008 seconds).
Test Case '-[CondiscoTests.LearningStoreTests testFailureAttemptIncrementsFailures]' started.
Test Case '-[CondiscoTests.LearningStoreTests testFailureAttemptIncrementsFailures]' passed (0.006 seconds).
Test Case '-[CondiscoTests.LearningStoreTests testIngestSyncedConflictingSameIdDoesNotDuplicateRows]' started.
Test Case '-[CondiscoTests.LearningStoreTests testIngestSyncedConflictingSameIdDoesNotDuplicateRows]' passed (0.006 seconds).
Test Case '-[CondiscoTests.LearningStoreTests testIngestSyncedContinuesPastCorruptLocalRow]' started.
Test Case '-[CondiscoTests.LearningStoreTests testIngestSyncedContinuesPastCorruptLocalRow]' passed (0.008 seconds).
Test Case '-[CondiscoTests.LearningStoreTests testIngestSyncedMarksEventsUploaded]' started.
Test Case '-[CondiscoTests.LearningStoreTests testIngestSyncedMarksEventsUploaded]' passed (0.005 seconds).
Test Case '-[CondiscoTests.LearningStoreTests testIngestSyncedReplayWithReorderedKeysIsIdempotent]' started.
Test Case '-[CondiscoTests.LearningStoreTests testIngestSyncedReplayWithReorderedKeysIsIdempotent]' passed (0.006 seconds).
Test Case '-[CondiscoTests.LearningStoreTests testKvAndDeviceId]' started.
Test Case '-[CondiscoTests.LearningStoreTests testKvAndDeviceId]' passed (0.005 seconds).
Test Case '-[CondiscoTests.LearningStoreTests testMissionTriedMarkerEmptyValueIsUntried]' started.
Test Case '-[CondiscoTests.LearningStoreTests testMissionTriedMarkerEmptyValueIsUntried]' passed (0.005 seconds).
Test Case '-[CondiscoTests.LearningStoreTests testMissionTriedMarkerLeavesSavedPhrasesUntouched]' started.
Test Case '-[CondiscoTests.LearningStoreTests testMissionTriedMarkerLeavesSavedPhrasesUntouched]' passed (0.005 seconds).
Test Case '-[CondiscoTests.LearningStoreTests testMissionTriedMarkerMissingKeyIsUntried]' started.
Test Case '-[CondiscoTests.LearningStoreTests testMissionTriedMarkerMissingKeyIsUntried]' passed (0.005 seconds).
Test Case '-[CondiscoTests.LearningStoreTests testMissionTriedMarkerRoundTrip]' started.
Test Case '-[CondiscoTests.LearningStoreTests testMissionTriedMarkerRoundTrip]' passed (0.005 seconds).
Test Case '-[CondiscoTests.LearningStoreTests testMissionTriedMarkerUnmarkViaDelete]' started.
Test Case '-[CondiscoTests.LearningStoreTests testMissionTriedMarkerUnmarkViaDelete]' passed (0.006 seconds).
Test Case '-[CondiscoTests.LearningStoreTests testOfflineFirstLocalPathsWorkWithoutSync]' started.
Test Case '-[CondiscoTests.LearningStoreTests testOfflineFirstLocalPathsWorkWithoutSync]' passed (0.013 seconds).
Test Case '-[CondiscoTests.LearningStoreTests testPackScopedTolerantReadReturnsGoodEventsAndReportsSkipped]' started.
Test Case '-[CondiscoTests.LearningStoreTests testPackScopedTolerantReadReturnsGoodEventsAndReportsSkipped]' passed (0.012 seconds).
Test Case '-[CondiscoTests.LearningStoreTests testRecordClozeValuesReorderedKeysIsNoOp]' started.
Test Case '-[CondiscoTests.LearningStoreTests testRecordClozeValuesReorderedKeysIsNoOp]' passed (0.015 seconds).
Test Case '-[CondiscoTests.LearningStoreTests testSavedPhraseSaveUnsaveRoundTrip]' started.
Test Case '-[CondiscoTests.LearningStoreTests testSavedPhraseSaveUnsaveRoundTrip]' passed (0.011 seconds).
Test Case '-[CondiscoTests.LearningStoreTests testTwoDeviceCheckpointLastWriteWinsAndTombstoneConvergence]' started.
Test Case '-[CondiscoTests.LearningStoreTests testTwoDeviceCheckpointLastWriteWinsAndTombstoneConvergence]' passed (0.016 seconds).
Test Case '-[CondiscoTests.LearningStoreTests testTwoDeviceEventMergeConvergesWithoutLossOrDuplicates]' started.
Test Case '-[CondiscoTests.LearningStoreTests testTwoDeviceEventMergeConvergesWithoutLossOrDuplicates]' passed (0.017 seconds).
Test Case '-[CondiscoTests.LearningStoreTests testTwoDeviceListenStateLastWriteWins]' started.
Test Case '-[CondiscoTests.LearningStoreTests testTwoDeviceListenStateLastWriteWins]' passed (0.009 seconds).
Test Case '-[CondiscoTests.LearningStoreTests testTwoDeviceSavedPhraseMergeTombstoneAndUnion]' started.
Test Case '-[CondiscoTests.LearningStoreTests testTwoDeviceSavedPhraseMergeTombstoneAndUnion]' passed (0.010 seconds).
Test Case '-[CondiscoTests.LearningStoreTests testWarmUpAttemptReschedulesFsrsIdenticallyToReview]' started.
Test Case '-[CondiscoTests.LearningStoreTests testWarmUpAttemptReschedulesFsrsIdenticallyToReview]' passed (0.026 seconds).
Test Case '-[CondiscoTests.LearningStoreTests testWarmUpEmptyWhenNothingDueEarlier]' started.
Test Case '-[CondiscoTests.LearningStoreTests testWarmUpEmptyWhenNothingDueEarlier]' passed (0.004 seconds).
Test Case '-[CondiscoTests.LearningStoreTests testWarmUpExcludesCurrentLessonEvidenceKeys]' started.
Test Case '-[CondiscoTests.LearningStoreTests testWarmUpExcludesCurrentLessonEvidenceKeys]' passed (0.002 seconds).
Test Case '-[CondiscoTests.LearningStoreTests testWarmUpExcludesReviewFallbackItems]' started.
Test Case '-[CondiscoTests.LearningStoreTests testWarmUpExcludesReviewFallbackItems]' passed (0.002 seconds).
Test Case '-[CondiscoTests.LearningStoreTests testWarmUpLeavesCheckpointSemanticsIntact]' started.
Test Case '-[CondiscoTests.LearningStoreTests testWarmUpLeavesCheckpointSemanticsIntact]' passed (0.015 seconds).
Test Case '-[CondiscoTests.LearningStoreTests testWarmUpNeverDuplicatesWithinMission]' started.
Test Case '-[CondiscoTests.LearningStoreTests testWarmUpNeverDuplicatesWithinMission]' passed (0.002 seconds).
Test Case '-[CondiscoTests.LearningStoreTests testWarmUpSelectsOldestFirstFromEarlierLessonsOnly]' started.
Test Case '-[CondiscoTests.LearningStoreTests testWarmUpSelectsOldestFirstFromEarlierLessonsOnly]' passed (0.002 seconds).
Test Suite 'LearningStoreTests' passed at 2026-09-26 00:07:00.119.
	 Executed 37 tests, with 0 failures (0 unexpected) in 0.315 (0.324) seconds
Test Suite 'LessonContextTests' started at 2026-09-26 00:07:00.119.
Test Case '-[CondiscoTests.LessonContextTests testRevisitedStoryQuestionDoesNotShowLaterSpoiler]' started.
Test Case '-[CondiscoTests.LessonContextTests testRevisitedStoryQuestionDoesNotShowLaterSpoiler]' passed (0.002 seconds).
Test Case '-[CondiscoTests.LessonContextTests testStoryQuestionShowsMostRecentStoryBeat]' started.
Test Case '-[CondiscoTests.LessonContextTests testStoryQuestionShowsMostRecentStoryBeat]' passed (0.001 seconds).
Test Suite 'LessonContextTests' passed at 2026-09-26 00:07:00.122.
	 Executed 2 tests, with 0 failures (0 unexpected) in 0.002 (0.003) seconds
Test Suite 'LessonSessionTests' started at 2026-09-26 00:07:00.122.
Test Case '-[CondiscoTests.LessonSessionTests testAdvanceOnIncompleteStepThrows]' started.
Test Case '-[CondiscoTests.LessonSessionTests testAdvanceOnIncompleteStepThrows]' passed (0.002 seconds).
Test Case '-[CondiscoTests.LessonSessionTests testAdvanceWithoutEvaluationThrows]' started.
Test Case '-[CondiscoTests.LessonSessionTests testAdvanceWithoutEvaluationThrows]' passed (0.000 seconds).
Test Case '-[CondiscoTests.LessonSessionTests testOpenSupportThrowsWhenStepHasNoSupportActivity]' started.
Test Case '-[CondiscoTests.LessonSessionTests testOpenSupportThrowsWhenStepHasNoSupportActivity]' passed (0.001 seconds).
Test Case '-[CondiscoTests.LessonSessionTests testResumeRestartsOnMissingLesson]' started.
Test Case '-[CondiscoTests.LessonSessionTests testResumeRestartsOnMissingLesson]' passed (0.001 seconds).
Test Case '-[CondiscoTests.LessonSessionTests testResumeRestartsOnRevisionMismatch]' started.
Test Case '-[CondiscoTests.LessonSessionTests testResumeRestartsOnRevisionMismatch]' passed (0.001 seconds).
Test Case '-[CondiscoTests.LessonSessionTests testStartLessonHappyPathRunsToCompletion]' started.
Test Case '-[CondiscoTests.LessonSessionTests testStartLessonHappyPathRunsToCompletion]' passed (0.003 seconds).
Test Case '-[CondiscoTests.LessonSessionTests testUnknownLessonThrows]' started.
Test Case '-[CondiscoTests.LessonSessionTests testUnknownLessonThrows]' passed (0.001 seconds).
Test Case '-[CondiscoTests.LessonSessionTests testWalkTrailCoversLinearLesson]' started.
Test Case '-[CondiscoTests.LessonSessionTests testWalkTrailCoversLinearLesson]' passed (0.001 seconds).
Test Suite 'LessonSessionTests' passed at 2026-09-26 00:07:00.133.
	 Executed 8 tests, with 0 failures (0 unexpected) in 0.009 (0.011) seconds
Test Suite 'MalformedContentTests' started at 2026-09-26 00:07:00.133.
Test Case '-[CondiscoTests.MalformedContentTests testMalformedEventPayloadRejectedAtDecode]' started.
Test Case '-[CondiscoTests.MalformedContentTests testMalformedEventPayloadRejectedAtDecode]' passed (0.001 seconds).
Test Case '-[CondiscoTests.MalformedContentTests testSchemaValidButInvalidPackFailsValidator]' started.
Test Case '-[CondiscoTests.MalformedContentTests testSchemaValidButInvalidPackFailsValidator]' passed (0.001 seconds).
Test Case '-[CondiscoTests.MalformedContentTests testTruncatedPackJSONThrowsSafeDecodingError]' started.
Test Case '-[CondiscoTests.MalformedContentTests testTruncatedPackJSONThrowsSafeDecodingError]' passed (0.000 seconds).
Test Case '-[CondiscoTests.MalformedContentTests testWronglyTypedPackFieldThrowsTypedError]' started.
Test Case '-[CondiscoTests.MalformedContentTests testWronglyTypedPackFieldThrowsTypedError]' passed (0.000 seconds).
Test Case '-[CondiscoTests.MalformedContentTests testWrongSchemaVersionPackThrowsTypedError]' started.
Test Case '-[CondiscoTests.MalformedContentTests testWrongSchemaVersionPackThrowsTypedError]' passed (0.001 seconds).
Test Suite 'MalformedContentTests' passed at 2026-09-26 00:07:00.138.
	 Executed 5 tests, with 0 failures (0 unexpected) in 0.003 (0.005) seconds
Test Suite 'NextLessonTests' started at 2026-09-26 00:07:00.138.
Test Case '-[CondiscoTests.NextLessonTests testContinueDeepLinkParsesToContinueRoute]' started.
Test Case '-[CondiscoTests.NextLessonTests testContinueDeepLinkParsesToContinueRoute]' passed (0.002 seconds).
Test Case '-[CondiscoTests.NextLessonTests testContinueResolutionFullyCompletePackReturnsNil]' started.
Test Case '-[CondiscoTests.NextLessonTests testContinueResolutionFullyCompletePackReturnsNil]' passed (0.002 seconds).
Test Case '-[CondiscoTests.NextLessonTests testContinueResolutionOrphanedCompletedIdsAndOrphanOnlyPack]' started.
Test Case '-[CondiscoTests.NextLessonTests testContinueResolutionOrphanedCompletedIdsAndOrphanOnlyPack]' passed (0.001 seconds).
Test Case '-[CondiscoTests.NextLessonTests testContinueResolutionPartialPackProgress]' started.
Test Case '-[CondiscoTests.NextLessonTests testContinueResolutionPartialPackProgress]' passed (0.001 seconds).
Test Case '-[CondiscoTests.NextLessonTests testHelperAndHomeOnlyCountParticipationCompleted]' started.
Test Case '-[CondiscoTests.NextLessonTests testHelperAndHomeOnlyCountParticipationCompleted]' passed (0.001 seconds).
Test Case '-[CondiscoTests.NextLessonTests testHelperReturnsFirstUncompletedInUnitOrder]' started.
Test Case '-[CondiscoTests.NextLessonTests testHelperReturnsFirstUncompletedInUnitOrder]' passed (0.001 seconds).
Test Case '-[CondiscoTests.NextLessonTests testHelperReturnsNilWhenEveryLessonIsComplete]' started.
Test Case '-[CondiscoTests.NextLessonTests testHelperReturnsNilWhenEveryLessonIsComplete]' passed (0.001 seconds).
Test Case '-[CondiscoTests.NextLessonTests testHelperSkipsOrphanedLessonAndStillFindsThePath]' started.
Test Case '-[CondiscoTests.NextLessonTests testHelperSkipsOrphanedLessonAndStillFindsThePath]' passed (0.001 seconds).
Test Case '-[CondiscoTests.NextLessonTests testHelperSkipsOrphanedLessonEvenWhenOnlyItRemains]' started.
Test Case '-[CondiscoTests.NextLessonTests testHelperSkipsOrphanedLessonEvenWhenOnlyItRemains]' passed (0.001 seconds).
Test Case '-[CondiscoTests.NextLessonTests testHomeAndHelperAgreeAcrossProgressLevels]' started.
Test Case '-[CondiscoTests.NextLessonTests testHomeAndHelperAgreeAcrossProgressLevels]' passed (0.002 seconds).
Test Case '-[CondiscoTests.NextLessonTests testHomeWidgetAndDeepLinkResolutionAgreeOnSameCompletedSet]' started.
Test Case '-[CondiscoTests.NextLessonTests testHomeWidgetAndDeepLinkResolutionAgreeOnSameCompletedSet]' passed (0.001 seconds).
Test Case '-[CondiscoTests.NextLessonTests testRealFrenchPathOrderMatchesAuthoredOrder]' started.
Test Case '-[CondiscoTests.NextLessonTests testRealFrenchPathOrderMatchesAuthoredOrder]' passed (0.001 seconds).
Test Case '-[CondiscoTests.NextLessonTests testWidgetSnapshotNextLessonMatchesHelper]' started.
Test Case '-[CondiscoTests.NextLessonTests testWidgetSnapshotNextLessonMatchesHelper]' passed (0.001 seconds).
Test Case '-[CondiscoTests.NextLessonTests testWidgetSnapshotPathCompleteWhenFullyCompleted]' started.
Test Case '-[CondiscoTests.NextLessonTests testWidgetSnapshotPathCompleteWhenFullyCompleted]' passed (0.001 seconds).
Test Case '-[CondiscoTests.NextLessonTests testWidgetSnapshotSkipsOrphanedLessons]' started.
Test Case '-[CondiscoTests.NextLessonTests testWidgetSnapshotSkipsOrphanedLessons]' passed (0.001 seconds).
Test Case '-[CondiscoTests.NextLessonTests testWidgetSnapshotUsesFocusPackSelectionLikeRefresh]' started.
Test Case '-[CondiscoTests.NextLessonTests testWidgetSnapshotUsesFocusPackSelectionLikeRefresh]' passed (0.001 seconds).
Test Suite 'NextLessonTests' passed at 2026-09-26 00:07:00.157.
	 Executed 16 tests, with 0 failures (0 unexpected) in 0.015 (0.019) seconds
Test Suite 'PackContentTests' started at 2026-09-26 00:07:00.157.
Test Case '-[CondiscoTests.PackContentTests testPacksLoadValidateAndCoverFiveLanguages]' started.
Test Case '-[CondiscoTests.PackContentTests testPacksLoadValidateAndCoverFiveLanguages]' passed (0.025 seconds).
Test Suite 'PackContentTests' passed at 2026-09-26 00:07:00.182.
	 Executed 1 test, with 0 failures (0 unexpected) in 0.025 (0.026) seconds
Test Suite 'PackFrenchTests' started at 2026-09-26 00:07:00.183.
Test Case '-[CondiscoTests.PackFrenchTests testAuthoredErrorsFireForPlausibleWrongAnswers]' started.
Test Case '-[CondiscoTests.PackFrenchTests testAuthoredErrorsFireForPlausibleWrongAnswers]' passed (0.005 seconds).
Test Case '-[CondiscoTests.PackFrenchTests testBatch1AcceptsNaturalAlternatives]' started.
Test Case '-[CondiscoTests.PackFrenchTests testBatch1AcceptsNaturalAlternatives]' passed (0.001 seconds).
Test Case '-[CondiscoTests.PackFrenchTests testBatch1GradedStepsHaveAuthoredHints]' started.
Test Case '-[CondiscoTests.PackFrenchTests testBatch1GradedStepsHaveAuthoredHints]' passed (0.003 seconds).
Test Case '-[CondiscoTests.PackFrenchTests testBatch1PromptNarrowingHolds]' started.
Test Case '-[CondiscoTests.PackFrenchTests testBatch1PromptNarrowingHolds]' passed (0.001 seconds).
Test Case '-[CondiscoTests.PackFrenchTests testBatch1TextActivitiesAuthorErrors]' started.
Test Case '-[CondiscoTests.PackFrenchTests testBatch1TextActivitiesAuthorErrors]' passed (0.003 seconds).
Test Case '-[CondiscoTests.PackFrenchTests testBatch2AcceptsNaturalAlternatives]' started.
Test Case '-[CondiscoTests.PackFrenchTests testBatch2AcceptsNaturalAlternatives]' passed (0.002 seconds).
Test Case '-[CondiscoTests.PackFrenchTests testBatch2ErrorsFireForPlausibleWrongAnswers]' started.
Test Case '-[CondiscoTests.PackFrenchTests testBatch2ErrorsFireForPlausibleWrongAnswers]' passed (0.006 seconds).
Test Case '-[CondiscoTests.PackFrenchTests testBatch2GradedStepsHaveAuthoredHints]' started.
Test Case '-[CondiscoTests.PackFrenchTests testBatch2GradedStepsHaveAuthoredHints]' passed (0.004 seconds).
Test Case '-[CondiscoTests.PackFrenchTests testBatch2MissionsEndWithTextFinalResponse]' started.
Test Case '-[CondiscoTests.PackFrenchTests testBatch2MissionsEndWithTextFinalResponse]' passed (0.001 seconds).
Test Case '-[CondiscoTests.PackFrenchTests testBatch2TextActivitiesAuthorErrors]' started.
Test Case '-[CondiscoTests.PackFrenchTests testBatch2TextActivitiesAuthorErrors]' passed (0.005 seconds).
Test Case '-[CondiscoTests.PackFrenchTests testBatch3ErrorsFireForPlausibleWrongAnswers]' started.
Test Case '-[CondiscoTests.PackFrenchTests testBatch3ErrorsFireForPlausibleWrongAnswers]' passed (0.005 seconds).
Test Case '-[CondiscoTests.PackFrenchTests testBatch3GradedStepsHaveAuthoredHints]' started.
Test Case '-[CondiscoTests.PackFrenchTests testBatch3GradedStepsHaveAuthoredHints]' passed (0.003 seconds).
Test Case '-[CondiscoTests.PackFrenchTests testBatch3PromptAnswerAlignmentHolds]' started.
Test Case '-[CondiscoTests.PackFrenchTests testBatch3PromptAnswerAlignmentHolds]' passed (0.003 seconds).
Test Case '-[CondiscoTests.PackFrenchTests testBatch3StoriesEndWithTextFinalResponse]' started.
Test Case '-[CondiscoTests.PackFrenchTests testBatch3StoriesEndWithTextFinalResponse]' passed (0.001 seconds).
Test Case '-[CondiscoTests.PackFrenchTests testBatch3TextActivitiesAuthorErrors]' started.
Test Case '-[CondiscoTests.PackFrenchTests testBatch3TextActivitiesAuthorErrors]' passed (0.003 seconds).
Test Case '-[CondiscoTests.PackFrenchTests testBatch4AcceptsNaturalAlternatives]' started.
Test Case '-[CondiscoTests.PackFrenchTests testBatch4AcceptsNaturalAlternatives]' passed (0.001 seconds).
Test Case '-[CondiscoTests.PackFrenchTests testBatch4ErrorsFireForPlausibleWrongAnswers]' started.
Test Case '-[CondiscoTests.PackFrenchTests testBatch4ErrorsFireForPlausibleWrongAnswers]' passed (0.012 seconds).
Test Case '-[CondiscoTests.PackFrenchTests testBatch4GradedStepsHaveAuthoredHints]' started.
Test Case '-[CondiscoTests.PackFrenchTests testBatch4GradedStepsHaveAuthoredHints]' passed (0.007 seconds).
Test Case '-[CondiscoTests.PackFrenchTests testBatch4PromptNarrowingHolds]' started.
Test Case '-[CondiscoTests.PackFrenchTests testBatch4PromptNarrowingHolds]' passed (0.005 seconds).
Test Case '-[CondiscoTests.PackFrenchTests testBatch4TextActivitiesAuthorErrors]' started.
Test Case '-[CondiscoTests.PackFrenchTests testBatch4TextActivitiesAuthorErrors]' passed (0.005 seconds).
Test Case '-[CondiscoTests.PackFrenchTests testBatch5AcceptsNaturalAlternatives]' started.
Test Case '-[CondiscoTests.PackFrenchTests testBatch5AcceptsNaturalAlternatives]' passed (0.002 seconds).
Test Case '-[CondiscoTests.PackFrenchTests testBatch5ConversationsEndWithTextFinalResponse]' started.
Test Case '-[CondiscoTests.PackFrenchTests testBatch5ConversationsEndWithTextFinalResponse]' passed (0.001 seconds).
Test Case '-[CondiscoTests.PackFrenchTests testBatch5ErrorsFireForPlausibleWrongAnswers]' started.
Test Case '-[CondiscoTests.PackFrenchTests testBatch5ErrorsFireForPlausibleWrongAnswers]' passed (0.007 seconds).
Test Case '-[CondiscoTests.PackFrenchTests testBatch5GradedStepsHaveAuthoredHints]' started.
Test Case '-[CondiscoTests.PackFrenchTests testBatch5GradedStepsHaveAuthoredHints]' passed (0.005 seconds).
Test Case '-[CondiscoTests.PackFrenchTests testBatch5PromptNarrowingHolds]' started.
Test Case '-[CondiscoTests.PackFrenchTests testBatch5PromptNarrowingHolds]' passed (0.002 seconds).
Test Case '-[CondiscoTests.PackFrenchTests testBatch5TextActivitiesAuthorErrors]' started.
Test Case '-[CondiscoTests.PackFrenchTests testBatch5TextActivitiesAuthorErrors]' passed (0.005 seconds).
Test Case '-[CondiscoTests.PackFrenchTests testFrenchPackLoadsAndValidates]' started.
Test Case '-[CondiscoTests.PackFrenchTests testFrenchPackLoadsAndValidates]' passed (0.008 seconds).
Test Suite 'PackFrenchTests' passed at 2026-09-26 00:07:00.296.
	 Executed 27 tests, with 0 failures (0 unexpected) in 0.106 (0.113) seconds
Test Suite 'PackGermanTests' started at 2026-09-26 00:07:00.296.
Test Case '-[CondiscoTests.PackGermanTests testAuthoredErrorsFireForPlausibleWrongAnswers]' started.
Test Case '-[CondiscoTests.PackGermanTests testAuthoredErrorsFireForPlausibleWrongAnswers]' passed (0.002 seconds).
Test Case '-[CondiscoTests.PackGermanTests testBatch1AcceptsNaturalGermanAlternatives]' started.
Test Case '-[CondiscoTests.PackGermanTests testBatch1AcceptsNaturalGermanAlternatives]' passed (0.001 seconds).
Test Case '-[CondiscoTests.PackGermanTests testBatch1GradedStepsHaveAuthoredHints]' started.
Test Case '-[CondiscoTests.PackGermanTests testBatch1GradedStepsHaveAuthoredHints]' passed (0.001 seconds).
Test Case '-[CondiscoTests.PackGermanTests testBatch1TextActivitiesAuthorErrors]' started.
Test Case '-[CondiscoTests.PackGermanTests testBatch1TextActivitiesAuthorErrors]' passed (0.001 seconds).
Test Case '-[CondiscoTests.PackGermanTests testBatch2AcceptsAuthoredAnswers]' started.
Test Case '-[CondiscoTests.PackGermanTests testBatch2AcceptsAuthoredAnswers]' passed (0.003 seconds).
Test Case '-[CondiscoTests.PackGermanTests testBatch2AuthoredErrorsFireForPlausibleWrongAnswers]' started.
Test Case '-[CondiscoTests.PackGermanTests testBatch2AuthoredErrorsFireForPlausibleWrongAnswers]' passed (0.005 seconds).
Test Case '-[CondiscoTests.PackGermanTests testBatch2GradedStepsHaveAuthoredHints]' started.
Test Case '-[CondiscoTests.PackGermanTests testBatch2GradedStepsHaveAuthoredHints]' passed (0.004 seconds).
Test Case '-[CondiscoTests.PackGermanTests testBatch2TextAndClozeActivitiesAuthorErrors]' started.
Test Case '-[CondiscoTests.PackGermanTests testBatch2TextAndClozeActivitiesAuthorErrors]' passed (0.005 seconds).
Test Case '-[CondiscoTests.PackGermanTests testBatch3AcceptsAuthoredAnswers]' started.
Test Case '-[CondiscoTests.PackGermanTests testBatch3AcceptsAuthoredAnswers]' passed (0.006 seconds).
Test Case '-[CondiscoTests.PackGermanTests testBatch3AuthoredErrorsFireForPlausibleWrongAnswers]' started.
Test Case '-[CondiscoTests.PackGermanTests testBatch3AuthoredErrorsFireForPlausibleWrongAnswers]' passed (0.010 seconds).
Test Case '-[CondiscoTests.PackGermanTests testBatch3GradedStepsHaveAuthoredHints]' started.
Test Case '-[CondiscoTests.PackGermanTests testBatch3GradedStepsHaveAuthoredHints]' passed (0.005 seconds).
Test Case '-[CondiscoTests.PackGermanTests testBatch3TextAndClozeActivitiesAuthorErrors]' started.
Test Case '-[CondiscoTests.PackGermanTests testBatch3TextAndClozeActivitiesAuthorErrors]' passed (0.004 seconds).
Test Case '-[CondiscoTests.PackGermanTests testBatch4AcceptsAuthoredAnswers]' started.
Test Case '-[CondiscoTests.PackGermanTests testBatch4AcceptsAuthoredAnswers]' passed (0.010 seconds).
Test Case '-[CondiscoTests.PackGermanTests testBatch4AuthoredErrorsFireForPlausibleWrongAnswers]' started.
Test Case '-[CondiscoTests.PackGermanTests testBatch4AuthoredErrorsFireForPlausibleWrongAnswers]' passed (0.016 seconds).
Test Case '-[CondiscoTests.PackGermanTests testBatch4GradedStepsHaveAuthoredHints]' started.
Test Case '-[CondiscoTests.PackGermanTests testBatch4GradedStepsHaveAuthoredHints]' passed (0.009 seconds).
Test Case '-[CondiscoTests.PackGermanTests testBatch4TextAndClozeActivitiesAuthorErrors]' started.
Test Case '-[CondiscoTests.PackGermanTests testBatch4TextAndClozeActivitiesAuthorErrors]' passed (0.010 seconds).
Test Case '-[CondiscoTests.PackGermanTests testBatch5AcceptsAuthoredAnswers]' started.
Test Case '-[CondiscoTests.PackGermanTests testBatch5AcceptsAuthoredAnswers]' passed (0.007 seconds).
Test Case '-[CondiscoTests.PackGermanTests testBatch5AuthoredErrorsFireForPlausibleWrongAnswers]' started.
Test Case '-[CondiscoTests.PackGermanTests testBatch5AuthoredErrorsFireForPlausibleWrongAnswers]' passed (0.007 seconds).
Test Case '-[CondiscoTests.PackGermanTests testBatch5GradedStepsHaveAuthoredHints]' started.
Test Case '-[CondiscoTests.PackGermanTests testBatch5GradedStepsHaveAuthoredHints]' passed (0.005 seconds).
Test Case '-[CondiscoTests.PackGermanTests testBatch5TextAndClozeActivitiesAuthorErrors]' started.
Test Case '-[CondiscoTests.PackGermanTests testBatch5TextAndClozeActivitiesAuthorErrors]' passed (0.005 seconds).
Test Case '-[CondiscoTests.PackGermanTests testGermanPackLoadsAndValidates]' started.
Test Case '-[CondiscoTests.PackGermanTests testGermanPackLoadsAndValidates]' passed (0.006 seconds).
Test Case '-[CondiscoTests.PackGermanTests testPackCopyHasNoUnverifiedNativeReviewClaim]' started.
Test Case '-[CondiscoTests.PackGermanTests testPackCopyHasNoUnverifiedNativeReviewClaim]' passed (0.001 seconds).
Test Suite 'PackGermanTests' passed at 2026-09-26 00:07:00.426.
	 Executed 22 tests, with 0 failures (0 unexpected) in 0.122 (0.130) seconds
Test Suite 'PackItalianTests' started at 2026-09-26 00:07:00.426.
Test Case '-[CondiscoTests.PackItalianTests testAlbergoPoliteDarmiRequest]' started.
Test Case '-[CondiscoTests.PackItalianTests testAlbergoPoliteDarmiRequest]' passed (0.002 seconds).
Test Case '-[CondiscoTests.PackItalianTests testAlbergoShowerSubjectAgreement]' started.
Test Case '-[CondiscoTests.PackItalianTests testAlbergoShowerSubjectAgreement]' passed (0.001 seconds).
Test Case '-[CondiscoTests.PackItalianTests testCafeMissionOrderWordingAndAccent]' started.
Test Case '-[CondiscoTests.PackItalianTests testCafeMissionOrderWordingAndAccent]' passed (0.001 seconds).
Test Case '-[CondiscoTests.PackItalianTests testCafeOrderClozeFavore]' started.
Test Case '-[CondiscoTests.PackItalianTests testCafeOrderClozeFavore]' passed (0.001 seconds).
Test Case '-[CondiscoTests.PackItalianTests testCafeOrderProducePoliteOrder]' started.
Test Case '-[CondiscoTests.PackItalianTests testCafeOrderProducePoliteOrder]' passed (0.001 seconds).
Test Case '-[CondiscoTests.PackItalianTests testCafeOrderTransferPriceQuestion]' started.
Test Case '-[CondiscoTests.PackItalianTests testCafeOrderTransferPriceQuestion]' passed (0.001 seconds).
Test Case '-[CondiscoTests.PackItalianTests testComparativiClozePiu]' started.
Test Case '-[CondiscoTests.PackItalianTests testComparativiClozePiu]' passed (0.001 seconds).
Test Case '-[CondiscoTests.PackItalianTests testComparativiThinkConcordance]' started.
Test Case '-[CondiscoTests.PackItalianTests testComparativiThinkConcordance]' passed (0.001 seconds).
Test Case '-[CondiscoTests.PackItalianTests testCondizionaleCortesiaRb3Taxi]' started.
Test Case '-[CondiscoTests.PackItalianTests testCondizionaleCortesiaRb3Taxi]' passed (0.001 seconds).
Test Case '-[CondiscoTests.PackItalianTests testCondizionaleCortesiaThinkVorrei]' started.
Test Case '-[CondiscoTests.PackItalianTests testCondizionaleCortesiaThinkVorrei]' passed (0.001 seconds).
Test Case '-[CondiscoTests.PackItalianTests testCondizionaleCortesiaVaryPronoun]' started.
Test Case '-[CondiscoTests.PackItalianTests testCondizionaleCortesiaVaryPronoun]' passed (0.001 seconds).
Test Case '-[CondiscoTests.PackItalianTests testCongiuntivoClozeFareForm]' started.
Test Case '-[CondiscoTests.PackItalianTests testCongiuntivoClozeFareForm]' passed (0.001 seconds).
Test Case '-[CondiscoTests.PackItalianTests testCongiuntivoVaryDoubtPlacement]' started.
Test Case '-[CondiscoTests.PackItalianTests testCongiuntivoVaryDoubtPlacement]' passed (0.001 seconds).
Test Case '-[CondiscoTests.PackItalianTests testDaysClozeCardinalDate]' started.
Test Case '-[CondiscoTests.PackItalianTests testDaysClozeCardinalDate]' passed (0.001 seconds).
Test Case '-[CondiscoTests.PackItalianTests testDaysListenModelAccents]' started.
Test Case '-[CondiscoTests.PackItalianTests testDaysListenModelAccents]' passed (0.001 seconds).
Test Case '-[CondiscoTests.PackItalianTests testDirectionsFinalArrivalStatement]' started.
Test Case '-[CondiscoTests.PackItalianTests testDirectionsFinalArrivalStatement]' passed (0.001 seconds).
Test Case '-[CondiscoTests.PackItalianTests testDirectionsStationArticleCloze]' started.
Test Case '-[CondiscoTests.PackItalianTests testDirectionsStationArticleCloze]' passed (0.002 seconds).
Test Case '-[CondiscoTests.PackItalianTests testEmergencyClozeElision]' started.
Test Case '-[CondiscoTests.PackItalianTests testEmergencyClozeElision]' passed (0.001 seconds).
Test Case '-[CondiscoTests.PackItalianTests testEmergencyProduceRequestForm]' started.
Test Case '-[CondiscoTests.PackItalianTests testEmergencyProduceRequestForm]' passed (0.001 seconds).
Test Case '-[CondiscoTests.PackItalianTests testFoodClozeIoFormPrendo]' started.
Test Case '-[CondiscoTests.PackItalianTests testFoodClozeIoFormPrendo]' passed (0.001 seconds).
Test Case '-[CondiscoTests.PackItalianTests testFoodStoryTransferPoliteRegister]' started.
Test Case '-[CondiscoTests.PackItalianTests testFoodStoryTransferPoliteRegister]' passed (0.002 seconds).
Test Case '-[CondiscoTests.PackItalianTests testHealthProduceBodyPartArticle]' started.
Test Case '-[CondiscoTests.PackItalianTests testHealthProduceBodyPartArticle]' passed (0.001 seconds).
Test Case '-[CondiscoTests.PackItalianTests testHealthRb5ReportSentence]' started.
Test Case '-[CondiscoTests.PackItalianTests testHealthRb5ReportSentence]' passed (0.002 seconds).
Test Case '-[CondiscoTests.PackItalianTests testHomeBookSentenceAccentError]' started.
Test Case '-[CondiscoTests.PackItalianTests testHomeBookSentenceAccentError]' passed (0.002 seconds).
Test Case '-[CondiscoTests.PackItalianTests testHomeClozeArticleGrading]' started.
Test Case '-[CondiscoTests.PackItalianTests testHomeClozeArticleGrading]' passed (0.001 seconds).
Test Case '-[CondiscoTests.PackItalianTests testInvitationsMeaningPoliteNo]' started.
Test Case '-[CondiscoTests.PackItalianTests testInvitationsMeaningPoliteNo]' passed (0.001 seconds).
Test Case '-[CondiscoTests.PackItalianTests testInvitationsRb5VenireCasaMia]' started.
Test Case '-[CondiscoTests.PackItalianTests testInvitationsRb5VenireCasaMia]' passed (0.001 seconds).
Test Case '-[CondiscoTests.PackItalianTests testItalianPackLoadsAndValidates]' started.
Test Case '-[CondiscoTests.PackItalianTests testItalianPackLoadsAndValidates]' passed (0.007 seconds).
Test Case '-[CondiscoTests.PackItalianTests testLavoroImpersonalSiForms]' started.
Test Case '-[CondiscoTests.PackItalianTests testLavoroImpersonalSiForms]' passed (0.001 seconds).
Test Case '-[CondiscoTests.PackItalianTests testMarketClozePluralPriceVerb]' started.
Test Case '-[CondiscoTests.PackItalianTests testMarketClozePluralPriceVerb]' passed (0.001 seconds).
Test Case '-[CondiscoTests.PackItalianTests testMarketFinalTakeResponse]' started.
Test Case '-[CondiscoTests.PackItalianTests testMarketFinalTakeResponse]' passed (0.001 seconds).
Test Case '-[CondiscoTests.PackItalianTests testMarketKiloCostaSingularRule]' started.
Test Case '-[CondiscoTests.PackItalianTests testMarketKiloCostaSingularRule]' passed (0.001 seconds).
Test Case '-[CondiscoTests.PackItalianTests testMarketListenModelSingularVerb]' started.
Test Case '-[CondiscoTests.PackItalianTests testMarketListenModelSingularVerb]' passed (0.001 seconds).
Test Case '-[CondiscoTests.PackItalianTests testMarketMeaningPluralGloss]' started.
Test Case '-[CondiscoTests.PackItalianTests testMarketMeaningPluralGloss]' passed (0.001 seconds).
Test Case '-[CondiscoTests.PackItalianTests testMarketQuestionKiloAgreement]' started.
Test Case '-[CondiscoTests.PackItalianTests testMarketQuestionKiloAgreement]' passed (0.001 seconds).
Test Case '-[CondiscoTests.PackItalianTests testMarketReadBreadPrice]' started.
Test Case '-[CondiscoTests.PackItalianTests testMarketReadBreadPrice]' passed (0.001 seconds).
Test Case '-[CondiscoTests.PackItalianTests testNegationClozeNonBeforeVerb]' started.
Test Case '-[CondiscoTests.PackItalianTests testNegationClozeNonBeforeVerb]' passed (0.001 seconds).
Test Case '-[CondiscoTests.PackItalianTests testNegationProduceAcceptsDroppedPronoun]' started.
Test Case '-[CondiscoTests.PackItalianTests testNegationProduceAcceptsDroppedPronoun]' passed (0.001 seconds).
Test Case '-[CondiscoTests.PackItalianTests testNumbersMeaningAgeQuestion]' started.
Test Case '-[CondiscoTests.PackItalianTests testNumbersMeaningAgeQuestion]' passed (0.001 seconds).
Test Case '-[CondiscoTests.PackItalianTests testNumbersProduceAcceptsDigitForms]' started.
Test Case '-[CondiscoTests.PackItalianTests testNumbersProduceAcceptsDigitForms]' passed (0.001 seconds).
Test Case '-[CondiscoTests.PackItalianTests testPastClozeAvereHelper]' started.
Test Case '-[CondiscoTests.PackItalianTests testPastClozeAvereHelper]' passed (0.001 seconds).
Test Case '-[CondiscoTests.PackItalianTests testPastMeaningAcceptsHaveStudied]' started.
Test Case '-[CondiscoTests.PackItalianTests testPastMeaningAcceptsHaveStudied]' passed (0.001 seconds).
Test Case '-[CondiscoTests.PackItalianTests testPeopleMeaningAcceptsFormalLeiReading]' started.
Test Case '-[CondiscoTests.PackItalianTests testPeopleMeaningAcceptsFormalLeiReading]' passed (0.001 seconds).
Test Case '-[CondiscoTests.PackItalianTests testPharmacyMeaningSingularCosts]' started.
Test Case '-[CondiscoTests.PackItalianTests testPharmacyMeaningSingularCosts]' passed (0.001 seconds).
Test Case '-[CondiscoTests.PackItalianTests testPharmacyRb5FormalGoodbye]' started.
Test Case '-[CondiscoTests.PackItalianTests testPharmacyRb5FormalGoodbye]' passed (0.001 seconds).
Test Case '-[CondiscoTests.PackItalianTests testPlansClozeAndareIoForm]' started.
Test Case '-[CondiscoTests.PackItalianTests testPlansClozeAndareIoForm]' passed (0.001 seconds).
Test Case '-[CondiscoTests.PackItalianTests testPluralClozeAgreementErrors]' started.
Test Case '-[CondiscoTests.PackItalianTests testPluralClozeAgreementErrors]' passed (0.001 seconds).
Test Case '-[CondiscoTests.PackItalianTests testPossessionClozeFeminineMia]' started.
Test Case '-[CondiscoTests.PackItalianTests testPossessionClozeFeminineMia]' passed (0.001 seconds).
Test Case '-[CondiscoTests.PackItalianTests testPossessionProduceAccentAndArticle]' started.
Test Case '-[CondiscoTests.PackItalianTests testPossessionProduceAccentAndArticle]' passed (0.001 seconds).
Test Case '-[CondiscoTests.PackItalianTests testProgettiFuturiNearFutureBridge]' started.
Test Case '-[CondiscoTests.PackItalianTests testProgettiFuturiNearFutureBridge]' passed (0.001 seconds).
Test Case '-[CondiscoTests.PackItalianTests testRequestsClozeInfinitiveAfterPosso]' started.
Test Case '-[CondiscoTests.PackItalianTests testRequestsClozeInfinitiveAfterPosso]' passed (0.001 seconds).
Test Case '-[CondiscoTests.PackItalianTests testRequestsListenModelDictation]' started.
Test Case '-[CondiscoTests.PackItalianTests testRequestsListenModelDictation]' passed (0.001 seconds).
Test Case '-[CondiscoTests.PackItalianTests testRequestsTransferPermissionQuestion]' started.
Test Case '-[CondiscoTests.PackItalianTests testRequestsTransferPermissionQuestion]' passed (0.001 seconds).
Test Case '-[CondiscoTests.PackItalianTests testRestaurantBillPoliteRequest]' started.
Test Case '-[CondiscoTests.PackItalianTests testRestaurantBillPoliteRequest]' passed (0.001 seconds).
Test Case '-[CondiscoTests.PackItalianTests testRestaurantFinalGoodbye]' started.
Test Case '-[CondiscoTests.PackItalianTests testRestaurantFinalGoodbye]' passed (0.001 seconds).
Test Case '-[CondiscoTests.PackItalianTests testRoutineEveryEveningAcceptedSet]' started.
Test Case '-[CondiscoTests.PackItalianTests testRoutineEveryEveningAcceptedSet]' passed (0.001 seconds).
Test Case '-[CondiscoTests.PackItalianTests testStareGerundioBusWaiting]' started.
Test Case '-[CondiscoTests.PackItalianTests testStareGerundioBusWaiting]' passed (0.002 seconds).
Test Case '-[CondiscoTests.PackItalianTests testStareGerundioClozeIoForm]' started.
Test Case '-[CondiscoTests.PackItalianTests testStareGerundioClozeIoForm]' passed (0.001 seconds).
Test Case '-[CondiscoTests.PackItalianTests testStareGerundioRainShelter]' started.
Test Case '-[CondiscoTests.PackItalianTests testStareGerundioRainShelter]' passed (0.001 seconds).
Test Case '-[CondiscoTests.PackItalianTests testStareGerundioVaryTransform]' started.
Test Case '-[CondiscoTests.PackItalianTests testStareGerundioVaryTransform]' passed (0.001 seconds).
Test Case '-[CondiscoTests.PackItalianTests testTimeClozeOneOclockSingular]' started.
Test Case '-[CondiscoTests.PackItalianTests testTimeClozeOneOclockSingular]' passed (0.001 seconds).
Test Case '-[CondiscoTests.PackItalianTests testTimeProduceHalfPastForms]' started.
Test Case '-[CondiscoTests.PackItalianTests testTimeProduceHalfPastForms]' passed (0.001 seconds).
Test Case '-[CondiscoTests.PackItalianTests testTimeTrainQuarterToDirection]' started.
Test Case '-[CondiscoTests.PackItalianTests testTimeTrainQuarterToDirection]' passed (0.001 seconds).
Test Case '-[CondiscoTests.PackItalianTests testTransportArrivalConjugation]' started.
Test Case '-[CondiscoTests.PackItalianTests testTransportArrivalConjugation]' passed (0.001 seconds).
Test Case '-[CondiscoTests.PackItalianTests testTransportClozeStationArticle]' started.
Test Case '-[CondiscoTests.PackItalianTests testTransportClozeStationArticle]' passed (0.001 seconds).
Test Case '-[CondiscoTests.PackItalianTests testTransportGoToRomeForms]' started.
Test Case '-[CondiscoTests.PackItalianTests testTransportGoToRomeForms]' passed (0.001 seconds).
Test Case '-[CondiscoTests.PackItalianTests testTransportMeaningQuestionForm]' started.
Test Case '-[CondiscoTests.PackItalianTests testTransportMeaningQuestionForm]' passed (0.001 seconds).
Test Case '-[CondiscoTests.PackItalianTests testVorreiAct6PriceQuestion]' started.
Test Case '-[CondiscoTests.PackItalianTests testVorreiAct6PriceQuestion]' passed (0.001 seconds).
Test Case '-[CondiscoTests.PackItalianTests testVorreiAct8GuardandoGerund]' started.
Test Case '-[CondiscoTests.PackItalianTests testVorreiAct8GuardandoGerund]' passed (0.001 seconds).
Test Case '-[CondiscoTests.PackItalianTests testVorreiAct9LaPrendo]' started.
Test Case '-[CondiscoTests.PackItalianTests testVorreiAct9LaPrendo]' passed (0.001 seconds).
Test Case '-[CondiscoTests.PackItalianTests testWaveBMissionsHaveAuthoredErrors]' started.
Test Case '-[CondiscoTests.PackItalianTests testWaveBMissionsHaveAuthoredErrors]' passed (0.011 seconds).
Test Case '-[CondiscoTests.PackItalianTests testWaveBMissionsHaveAuthoredStepHints]' started.
Test Case '-[CondiscoTests.PackItalianTests testWaveBMissionsHaveAuthoredStepHints]' passed (0.009 seconds).
Test Case '-[CondiscoTests.PackItalianTests testWaveCStoriesHaveAuthoredErrors]' started.
Test Case '-[CondiscoTests.PackItalianTests testWaveCStoriesHaveAuthoredErrors]' passed (0.005 seconds).
Test Case '-[CondiscoTests.PackItalianTests testWaveCStoriesHaveAuthoredStepHints]' started.
Test Case '-[CondiscoTests.PackItalianTests testWaveCStoriesHaveAuthoredStepHints]' passed (0.004 seconds).
Test Case '-[CondiscoTests.PackItalianTests testWaveDDiscoveriesHaveAuthoredErrors]' started.
Test Case '-[CondiscoTests.PackItalianTests testWaveDDiscoveriesHaveAuthoredErrors]' passed (0.007 seconds).
Test Case '-[CondiscoTests.PackItalianTests testWaveDDiscoveriesHaveAuthoredStepHints]' started.
Test Case '-[CondiscoTests.PackItalianTests testWaveDDiscoveriesHaveAuthoredStepHints]' passed (0.005 seconds).
Test Case '-[CondiscoTests.PackItalianTests testWeatherColdTodayFarePattern]' started.
Test Case '-[CondiscoTests.PackItalianTests testWeatherColdTodayFarePattern]' passed (0.001 seconds).
Test Case '-[CondiscoTests.PackItalianTests testWeatherMeaningSunnyEnglish]' started.
Test Case '-[CondiscoTests.PackItalianTests testWeatherMeaningSunnyEnglish]' passed (0.001 seconds).
Test Case '-[CondiscoTests.PackItalianTests testWeatherMondaySunForms]' started.
Test Case '-[CondiscoTests.PackItalianTests testWeatherMondaySunForms]' passed (0.001 seconds).
Test Case '-[CondiscoTests.PackItalianTests testWeatherSeasonsClozeFarePattern]' started.
Test Case '-[CondiscoTests.PackItalianTests testWeatherSeasonsClozeFarePattern]' passed (0.001 seconds).
Test Suite 'PackItalianTests' passed at 2026-09-26 00:07:00.583.
	 Executed 80 tests, with 0 failures (0 unexpected) in 0.129 (0.157) seconds
Test Suite 'PackPortugueseTests' started at 2026-09-26 00:07:00.584.
Test Case '-[CondiscoTests.PackPortugueseTests testAuthoredErrorsFireForPlausibleWrongAnswers]' started.
Test Case '-[CondiscoTests.PackPortugueseTests testAuthoredErrorsFireForPlausibleWrongAnswers]' passed (0.004 seconds).
Test Case '-[CondiscoTests.PackPortugueseTests testBatch1AcceptsNaturalAlternatives]' started.
Test Case '-[CondiscoTests.PackPortugueseTests testBatch1AcceptsNaturalAlternatives]' passed (0.001 seconds).
Test Case '-[CondiscoTests.PackPortugueseTests testBatch1GradedStepsHaveAuthoredHints]' started.
Test Case '-[CondiscoTests.PackPortugueseTests testBatch1GradedStepsHaveAuthoredHints]' passed (0.001 seconds).
Test Case '-[CondiscoTests.PackPortugueseTests testBatch1TextActivitiesAuthorErrors]' started.
Test Case '-[CondiscoTests.PackPortugueseTests testBatch1TextActivitiesAuthorErrors]' passed (0.001 seconds).
Test Case '-[CondiscoTests.PackPortugueseTests testEuropeanPossessiveFormIsTheAcceptedTarget]' started.
Test Case '-[CondiscoTests.PackPortugueseTests testEuropeanPossessiveFormIsTheAcceptedTarget]' passed (0.001 seconds).
Test Case '-[CondiscoTests.PackPortugueseTests testHotelMissionEuropeanPossessive]' started.
Test Case '-[CondiscoTests.PackPortugueseTests testHotelMissionEuropeanPossessive]' passed (0.001 seconds).
Test Case '-[CondiscoTests.PackPortugueseTests testLegacyExercisesMatchEuropeanForms]' started.
Test Case '-[CondiscoTests.PackPortugueseTests testLegacyExercisesMatchEuropeanForms]' passed (0.001 seconds).
Test Case '-[CondiscoTests.PackPortugueseTests testPortuguesePackLoadsAndValidates]' started.
Test Case '-[CondiscoTests.PackPortugueseTests testPortuguesePackLoadsAndValidates]' passed (0.006 seconds).
Test Case '-[CondiscoTests.PackPortugueseTests testWaveBAcceptsNaturalAlternatives]' started.
Test Case '-[CondiscoTests.PackPortugueseTests testWaveBAcceptsNaturalAlternatives]' passed (0.001 seconds).
Test Case '-[CondiscoTests.PackPortugueseTests testWaveBAuthoredErrorsFireForPlausibleWrongAnswers]' started.
Test Case '-[CondiscoTests.PackPortugueseTests testWaveBAuthoredErrorsFireForPlausibleWrongAnswers]' passed (0.003 seconds).
Test Case '-[CondiscoTests.PackPortugueseTests testWaveBFinalStepsAreTextResponses]' started.
Test Case '-[CondiscoTests.PackPortugueseTests testWaveBFinalStepsAreTextResponses]' passed (0.001 seconds).
Test Case '-[CondiscoTests.PackPortugueseTests testWaveBGradedStepsHaveAuthoredHints]' started.
Test Case '-[CondiscoTests.PackPortugueseTests testWaveBGradedStepsHaveAuthoredHints]' passed (0.004 seconds).
Test Case '-[CondiscoTests.PackPortugueseTests testWaveBOrderingBuildsTheTaughtSentence]' started.
Test Case '-[CondiscoTests.PackPortugueseTests testWaveBOrderingBuildsTheTaughtSentence]' passed (0.001 seconds).
Test Case '-[CondiscoTests.PackPortugueseTests testWaveBTextActivitiesAuthorErrors]' started.
Test Case '-[CondiscoTests.PackPortugueseTests testWaveBTextActivitiesAuthorErrors]' passed (0.004 seconds).
Test Case '-[CondiscoTests.PackPortugueseTests testWaveCAcceptsNaturalAlternatives]' started.
Test Case '-[CondiscoTests.PackPortugueseTests testWaveCAcceptsNaturalAlternatives]' passed (0.002 seconds).
Test Case '-[CondiscoTests.PackPortugueseTests testWaveCAuthoredErrorsFireForPlausibleWrongAnswers]' started.
Test Case '-[CondiscoTests.PackPortugueseTests testWaveCAuthoredErrorsFireForPlausibleWrongAnswers]' passed (0.004 seconds).
Test Case '-[CondiscoTests.PackPortugueseTests testWaveCGradedStepsHaveAuthoredHints]' started.
Test Case '-[CondiscoTests.PackPortugueseTests testWaveCGradedStepsHaveAuthoredHints]' passed (0.005 seconds).
Test Case '-[CondiscoTests.PackPortugueseTests testWaveCStoryFinalStepsAreTextResponses]' started.
Test Case '-[CondiscoTests.PackPortugueseTests testWaveCStoryFinalStepsAreTextResponses]' passed (0.001 seconds).
Test Case '-[CondiscoTests.PackPortugueseTests testWaveCTextActivitiesAuthorErrors]' started.
Test Case '-[CondiscoTests.PackPortugueseTests testWaveCTextActivitiesAuthorErrors]' passed (0.004 seconds).
Test Case '-[CondiscoTests.PackPortugueseTests testWaveDAcceptsNaturalAlternatives]' started.
Test Case '-[CondiscoTests.PackPortugueseTests testWaveDAcceptsNaturalAlternatives]' passed (0.002 seconds).
Test Case '-[CondiscoTests.PackPortugueseTests testWaveDAuthoredErrorsFireForPlausibleWrongAnswers]' started.
Test Case '-[CondiscoTests.PackPortugueseTests testWaveDAuthoredErrorsFireForPlausibleWrongAnswers]' passed (0.006 seconds).
Test Case '-[CondiscoTests.PackPortugueseTests testWaveDDiscoveryFinalStepsAreTextResponses]' started.
Test Case '-[CondiscoTests.PackPortugueseTests testWaveDDiscoveryFinalStepsAreTextResponses]' passed (0.002 seconds).
Test Case '-[CondiscoTests.PackPortugueseTests testWaveDGradedStepsHaveAuthoredHints]' started.
Test Case '-[CondiscoTests.PackPortugueseTests testWaveDGradedStepsHaveAuthoredHints]' passed (0.007 seconds).
Test Case '-[CondiscoTests.PackPortugueseTests testWaveDTextActivitiesAuthorErrors]' started.
Test Case '-[CondiscoTests.PackPortugueseTests testWaveDTextActivitiesAuthorErrors]' passed (0.006 seconds).
Test Case '-[CondiscoTests.PackPortugueseTests testWaveEAcceptsNaturalAlternatives]' started.
Test Case '-[CondiscoTests.PackPortugueseTests testWaveEAcceptsNaturalAlternatives]' passed (0.001 seconds).
Test Case '-[CondiscoTests.PackPortugueseTests testWaveEAuthoredErrorsFireForPlausibleWrongAnswers]' started.
Test Case '-[CondiscoTests.PackPortugueseTests testWaveEAuthoredErrorsFireForPlausibleWrongAnswers]' passed (0.003 seconds).
Test Case '-[CondiscoTests.PackPortugueseTests testWaveEConversationFinalStepsAreTextResponses]' started.
Test Case '-[CondiscoTests.PackPortugueseTests testWaveEConversationFinalStepsAreTextResponses]' passed (0.001 seconds).
Test Case '-[CondiscoTests.PackPortugueseTests testWaveEGradedStepsHaveAuthoredHints]' started.
Test Case '-[CondiscoTests.PackPortugueseTests testWaveEGradedStepsHaveAuthoredHints]' passed (0.004 seconds).
Test Case '-[CondiscoTests.PackPortugueseTests testWaveETextActivitiesAuthorErrors]' started.
Test Case '-[CondiscoTests.PackPortugueseTests testWaveETextActivitiesAuthorErrors]' passed (0.004 seconds).
Test Suite 'PackPortugueseTests' passed at 2026-09-26 00:07:00.672.
	 Executed 29 tests, with 0 failures (0 unexpected) in 0.080 (0.088) seconds
Test Suite 'PackSpanishTests' started at 2026-09-26 00:07:00.672.
Test Case '-[CondiscoTests.PackSpanishTests testAuthoredErrorsFireForPlausibleWrongAnswers]' started.
Test Case '-[CondiscoTests.PackSpanishTests testAuthoredErrorsFireForPlausibleWrongAnswers]' passed (0.002 seconds).
Test Case '-[CondiscoTests.PackSpanishTests testBatch1AcceptsNaturalSpanishAlternatives]' started.
Test Case '-[CondiscoTests.PackSpanishTests testBatch1AcceptsNaturalSpanishAlternatives]' passed (0.001 seconds).
Test Case '-[CondiscoTests.PackSpanishTests testBatch1GradedStepsHaveAuthoredHints]' started.
Test Case '-[CondiscoTests.PackSpanishTests testBatch1GradedStepsHaveAuthoredHints]' passed (0.002 seconds).
Test Case '-[CondiscoTests.PackSpanishTests testBatch1TextActivitiesAuthorErrors]' started.
Test Case '-[CondiscoTests.PackSpanishTests testBatch1TextActivitiesAuthorErrors]' passed (0.001 seconds).
Test Case '-[CondiscoTests.PackSpanishTests testBatch2AcceptsAuthoredAnswers]' started.
Test Case '-[CondiscoTests.PackSpanishTests testBatch2AcceptsAuthoredAnswers]' passed (0.001 seconds).
Test Case '-[CondiscoTests.PackSpanishTests testBatch2AuthoredErrorsFireForPlausibleWrongAnswers]' started.
Test Case '-[CondiscoTests.PackSpanishTests testBatch2AuthoredErrorsFireForPlausibleWrongAnswers]' passed (0.004 seconds).
Test Case '-[CondiscoTests.PackSpanishTests testBatch2GradedStepsHaveAuthoredHints]' started.
Test Case '-[CondiscoTests.PackSpanishTests testBatch2GradedStepsHaveAuthoredHints]' passed (0.003 seconds).
Test Case '-[CondiscoTests.PackSpanishTests testBatch2TextAndClozeActivitiesAuthorErrors]' started.
Test Case '-[CondiscoTests.PackSpanishTests testBatch2TextAndClozeActivitiesAuthorErrors]' passed (0.003 seconds).
Test Case '-[CondiscoTests.PackSpanishTests testBatch3AcceptsAuthoredAnswers]' started.
Test Case '-[CondiscoTests.PackSpanishTests testBatch3AcceptsAuthoredAnswers]' passed (0.003 seconds).
Test Case '-[CondiscoTests.PackSpanishTests testBatch3AuthoredErrorsFireForPlausibleWrongAnswers]' started.
Test Case '-[CondiscoTests.PackSpanishTests testBatch3AuthoredErrorsFireForPlausibleWrongAnswers]' passed (0.006 seconds).
Test Case '-[CondiscoTests.PackSpanishTests testBatch3GradedStepsHaveAuthoredHints]' started.
Test Case '-[CondiscoTests.PackSpanishTests testBatch3GradedStepsHaveAuthoredHints]' passed (0.004 seconds).
Test Case '-[CondiscoTests.PackSpanishTests testBatch3StoryLessonsEndWithTextFinalResponse]' started.
Test Case '-[CondiscoTests.PackSpanishTests testBatch3StoryLessonsEndWithTextFinalResponse]' passed (0.002 seconds).
Test Case '-[CondiscoTests.PackSpanishTests testBatch3TextAndClozeActivitiesAuthorErrors]' started.
Test Case '-[CondiscoTests.PackSpanishTests testBatch3TextAndClozeActivitiesAuthorErrors]' passed (0.004 seconds).
Test Case '-[CondiscoTests.PackSpanishTests testBatch4AcceptsAuthoredAnswers]' started.
Test Case '-[CondiscoTests.PackSpanishTests testBatch4AcceptsAuthoredAnswers]' passed (0.002 seconds).
Test Case '-[CondiscoTests.PackSpanishTests testBatch4AuthoredErrorsFireForPlausibleWrongAnswers]' started.
Test Case '-[CondiscoTests.PackSpanishTests testBatch4AuthoredErrorsFireForPlausibleWrongAnswers]' passed (0.006 seconds).
Test Case '-[CondiscoTests.PackSpanishTests testBatch4DiscoveryLessonsEndWithTextFinalResponse]' started.
Test Case '-[CondiscoTests.PackSpanishTests testBatch4DiscoveryLessonsEndWithTextFinalResponse]' passed (0.002 seconds).
Test Case '-[CondiscoTests.PackSpanishTests testBatch4GradedStepsHaveAuthoredHints]' started.
Test Case '-[CondiscoTests.PackSpanishTests testBatch4GradedStepsHaveAuthoredHints]' passed (0.009 seconds).
Test Case '-[CondiscoTests.PackSpanishTests testBatch4TextAndClozeActivitiesAuthorErrors]' started.
Test Case '-[CondiscoTests.PackSpanishTests testBatch4TextAndClozeActivitiesAuthorErrors]' passed (0.007 seconds).
Test Case '-[CondiscoTests.PackSpanishTests testBatch5AcceptsAuthoredAnswers]' started.
Test Case '-[CondiscoTests.PackSpanishTests testBatch5AcceptsAuthoredAnswers]' passed (0.002 seconds).
Test Case '-[CondiscoTests.PackSpanishTests testBatch5AuthoredErrorsFireForPlausibleWrongAnswers]' started.
Test Case '-[CondiscoTests.PackSpanishTests testBatch5AuthoredErrorsFireForPlausibleWrongAnswers]' passed (0.002 seconds).
Test Case '-[CondiscoTests.PackSpanishTests testBatch5ConversationLessonsEndWithTextFinalResponse]' started.
Test Case '-[CondiscoTests.PackSpanishTests testBatch5ConversationLessonsEndWithTextFinalResponse]' passed (0.001 seconds).
Test Case '-[CondiscoTests.PackSpanishTests testBatch5GradedStepsHaveAuthoredHints]' started.
Test Case '-[CondiscoTests.PackSpanishTests testBatch5GradedStepsHaveAuthoredHints]' passed (0.004 seconds).
Test Case '-[CondiscoTests.PackSpanishTests testBatch5TextActivitiesAuthorErrors]' started.
Test Case '-[CondiscoTests.PackSpanishTests testBatch5TextActivitiesAuthorErrors]' passed (0.004 seconds).
Test Case '-[CondiscoTests.PackSpanishTests testSpanishPackLoadsAndValidates]' started.
Test Case '-[CondiscoTests.PackSpanishTests testSpanishPackLoadsAndValidates]' passed (0.006 seconds).
Test Suite 'PackSpanishTests' passed at 2026-09-26 00:07:00.758.
	 Executed 24 tests, with 0 failures (0 unexpected) in 0.081 (0.086) seconds
Test Suite 'PairPracticeCardTests' started at 2026-09-26 00:07:00.758.
Test Case '-[CondiscoTests.PairPracticeCardTests testDialogueTurnsEmptyForStoryLesson]' started.
Test Case '-[CondiscoTests.PairPracticeCardTests testDialogueTurnsEmptyForStoryLesson]' passed (0.002 seconds).
Test Case '-[CondiscoTests.PairPracticeCardTests testDialogueTurnsReturnOrderedTwoSpeakerTurnsForConversationLesson]' started.
Test Case '-[CondiscoTests.PairPracticeCardTests testDialogueTurnsReturnOrderedTwoSpeakerTurnsForConversationLesson]' passed (0.001 seconds).
Test Case '-[CondiscoTests.PairPracticeCardTests testPairCardCaptionContainsCourseContentOnly]' started.
Test Case '-[CondiscoTests.PairPracticeCardTests testPairCardCaptionContainsCourseContentOnly]' passed (0.004 seconds).
Test Suite 'PairPracticeCardTests' passed at 2026-09-26 00:07:00.766.
	 Executed 3 tests, with 0 failures (0 unexpected) in 0.007 (0.008) seconds
Test Suite 'PhraseSourceIdsForListenAndBrowserTests' started at 2026-09-26 00:07:00.766.
Test Case '-[CondiscoTests.PhraseSourceIdsForListenAndBrowserTests testEveryListenTrackResolvesToItsPack]' started.
Test Case '-[CondiscoTests.PhraseSourceIdsForListenAndBrowserTests testEveryListenTrackResolvesToItsPack]' passed (0.004 seconds).
Test Case '-[CondiscoTests.PhraseSourceIdsForListenAndBrowserTests testListenTrackExposesFullPackAndLessonSourceIds]' started.
Test Case '-[CondiscoTests.PhraseSourceIdsForListenAndBrowserTests testListenTrackExposesFullPackAndLessonSourceIds]' passed (0.001 seconds).
Test Suite 'PhraseSourceIdsForListenAndBrowserTests' passed at 2026-09-26 00:07:00.772.
	 Executed 2 tests, with 0 failures (0 unexpected) in 0.005 (0.006) seconds
Test Suite 'PlacementTests' started at 2026-09-26 00:07:00.772.
Test Case '-[CondiscoTests.PlacementTests testBandJoining]' started.
Test Case '-[CondiscoTests.PlacementTests testBandJoining]' passed (0.003 seconds).
Test Case '-[CondiscoTests.PlacementTests testBeginnerCanOmitAccentAndApostropheInSamePhrase]' started.
Test Case '-[CondiscoTests.PlacementTests testBeginnerCanOmitAccentAndApostropheInSamePhrase]' passed (0.001 seconds).
Test Case '-[CondiscoTests.PlacementTests testBlankScoreMapsToStart]' started.
Test Case '-[CondiscoTests.PlacementTests testBlankScoreMapsToStart]' passed (0.000 seconds).
Test Case '-[CondiscoTests.PlacementTests testFirstMissThenSevenCorrectNeverPlacesAtStart]' started.
Test Case '-[CondiscoTests.PlacementTests testFirstMissThenSevenCorrectNeverPlacesAtStart]' passed (0.000 seconds).
Test Case '-[CondiscoTests.PlacementTests testMissingAccentExplainsExactCorrectionAndAllowsProgress]' started.
Test Case '-[CondiscoTests.PlacementTests testMissingAccentExplainsExactCorrectionAndAllowsProgress]' passed (0.000 seconds).
Test Case '-[CondiscoTests.PlacementTests testPerfectScoreMapsToVictoryIndex]' started.
Test Case '-[CondiscoTests.PlacementTests testPerfectScoreMapsToVictoryIndex]' passed (0.000 seconds).
Test Case '-[CondiscoTests.PlacementTests testScoreClampsOutOfRange]' started.
Test Case '-[CondiscoTests.PlacementTests testScoreClampsOutOfRange]' passed (0.000 seconds).
Test Case '-[CondiscoTests.PlacementTests testScoreNeverOutranksVictoryIndex]' started.
Test Case '-[CondiscoTests.PlacementTests testScoreNeverOutranksVictoryIndex]' passed (0.000 seconds).
Test Case '-[CondiscoTests.PlacementTests testShortMeaningChangingAccentStillNeedsExplanation]' started.
Test Case '-[CondiscoTests.PlacementTests testShortMeaningChangingAccentStillNeedsExplanation]' passed (0.001 seconds).
Test Suite 'PlacementTests' passed at 2026-09-26 00:07:00.781.
	 Executed 9 tests, with 0 failures (0 unexpected) in 0.007 (0.009) seconds
Test Suite 'RecallWarmUpTests' started at 2026-09-26 00:07:00.781.
Test Case '-[CondiscoTests.RecallWarmUpTests testCapOfTwoKeepsOnlyTheTwoOldest]' started.
Test Case '-[CondiscoTests.RecallWarmUpTests testCapOfTwoKeepsOnlyTheTwoOldest]' passed (0.001 seconds).
Test Case '-[CondiscoTests.RecallWarmUpTests testCurrentLessonMissingFromPackYieldsNothing]' started.
Test Case '-[CondiscoTests.RecallWarmUpTests testCurrentLessonMissingFromPackYieldsNothing]' passed (0.000 seconds).
Test Suite 'RecallWarmUpTests' passed at 2026-09-26 00:07:00.784.
	 Executed 2 tests, with 0 failures (0 unexpected) in 0.002 (0.002) seconds
Test Suite 'RecapPhraseSaveTests' started at 2026-09-26 00:07:00.784.
Test Case '-[CondiscoTests.RecapPhraseSaveTests testEveryLessonRecapSaveCarriesNonEmptySourceIds]' started.
Test Case '-[CondiscoTests.RecapPhraseSaveTests testEveryLessonRecapSaveCarriesNonEmptySourceIds]' passed (0.001 seconds).
Test Case '-[CondiscoTests.RecapPhraseSaveTests testRecapSaveCarriesPackAndLessonSourceIds]' started.
Test Case '-[CondiscoTests.RecapPhraseSaveTests testRecapSaveCarriesPackAndLessonSourceIds]' passed (0.001 seconds).
Test Case '-[CondiscoTests.RecapPhraseSaveTests testStoredPhraseCarriesTheRecapSourceIds]' started.
Test Case '-[CondiscoTests.RecapPhraseSaveTests testStoredPhraseCarriesTheRecapSourceIds]' passed (0.001 seconds).
Test Suite 'RecapPhraseSaveTests' passed at 2026-09-26 00:07:00.788.
	 Executed 3 tests, with 0 failures (0 unexpected) in 0.003 (0.004) seconds
Test Suite 'RecapSplitTests' started at 2026-09-26 00:07:00.788.
Test Case '-[CondiscoTests.RecapSplitTests testFreshSplitStartsAtZero]' started.
Test Case '-[CondiscoTests.RecapSplitTests testFreshSplitStartsAtZero]' passed (0.002 seconds).
Test Case '-[CondiscoTests.RecapSplitTests testOneStepSubmittedThreeTimesCountsOnce]' started.
Test Case '-[CondiscoTests.RecapSplitTests testOneStepSubmittedThreeTimesCountsOnce]' passed (0.000 seconds).
Test Case '-[CondiscoTests.RecapSplitTests testRetriedTroubleSpotStaysWithHelp]' started.
Test Case '-[CondiscoTests.RecapSplitTests testRetriedTroubleSpotStaysWithHelp]' passed (0.000 seconds).
Test Case '-[CondiscoTests.RecapSplitTests testTwoStepsEachSubmittedOnce]' started.
Test Case '-[CondiscoTests.RecapSplitTests testTwoStepsEachSubmittedOnce]' passed (0.000 seconds).
Test Case '-[CondiscoTests.RecapSplitTests testUngradedAndBlockedExcluded]' started.
Test Case '-[CondiscoTests.RecapSplitTests testUngradedAndBlockedExcluded]' passed (0.000 seconds).
Test Suite 'RecapSplitTests' passed at 2026-09-26 00:07:00.793.
	 Executed 5 tests, with 0 failures (0 unexpected) in 0.004 (0.005) seconds
Test Suite 'ReviewCatalogProjectionTests' started at 2026-09-26 00:07:00.793.
Test Case '-[CondiscoTests.ReviewCatalogProjectionTests testFreshAttemptIsNotDueUntilItsSchedule]' started.
Test Case '-[CondiscoTests.ReviewCatalogProjectionTests testFreshAttemptIsNotDueUntilItsSchedule]' passed (0.023 seconds).
Test Case '-[CondiscoTests.ReviewCatalogProjectionTests testLoadDueMatchesProjectionExactly]' started.
Test Case '-[CondiscoTests.ReviewCatalogProjectionTests testLoadDueMatchesProjectionExactly]' passed (0.010 seconds).
Test Suite 'ReviewCatalogProjectionTests' passed at 2026-09-26 00:07:00.826.
	 Executed 2 tests, with 0 failures (0 unexpected) in 0.033 (0.033) seconds
Test Suite 'ReviewSessionLengthTests' started at 2026-09-26 00:07:00.826.
Test Case '-[CondiscoTests.ReviewSessionLengthTests testDeepLinkRequestsEverythingDue]' started.
Test Case '-[CondiscoTests.ReviewSessionLengthTests testDeepLinkRequestsEverythingDue]' passed (0.000 seconds).
Test Case '-[CondiscoTests.ReviewSessionLengthTests testHomeInvitationAlwaysPreselectsFive]' started.
Test Case '-[CondiscoTests.ReviewSessionLengthTests testHomeInvitationAlwaysPreselectsFive]' passed (0.000 seconds).
Test Case '-[CondiscoTests.ReviewSessionLengthTests testTabEntryKeepsCurrentChoice]' started.
Test Case '-[CondiscoTests.ReviewSessionLengthTests testTabEntryKeepsCurrentChoice]' passed (0.000 seconds).
Test Suite 'ReviewSessionLengthTests' passed at 2026-09-26 00:07:00.828.
	 Executed 3 tests, with 0 failures (0 unexpected) in 0.001 (0.002) seconds
Test Suite 'ScenarioLoopTests' started at 2026-09-26 00:07:00.828.
Test Case '-[CondiscoTests.ScenarioLoopTests testScenarioLoopHasNoScoreState]' started.
Test Case '-[CondiscoTests.ScenarioLoopTests testScenarioLoopHasNoScoreState]' passed (0.001 seconds).
Test Case '-[CondiscoTests.ScenarioLoopTests testScenarioLoopSkipsSpeakWhenMicUnavailable]' started.
Test Case '-[CondiscoTests.ScenarioLoopTests testScenarioLoopSkipsSpeakWhenMicUnavailable]' passed (0.000 seconds).
Test Case '-[CondiscoTests.ScenarioLoopTests testScenarioLoopTransitionsThroughAllSteps]' started.
Test Case '-[CondiscoTests.ScenarioLoopTests testScenarioLoopTransitionsThroughAllSteps]' passed (0.000 seconds).
Test Case '-[CondiscoTests.ScenarioLoopTests testScenarioSectionsEligibilityAndOrder]' started.
Test Case '-[CondiscoTests.ScenarioLoopTests testScenarioSectionsEligibilityAndOrder]' passed (0.000 seconds).
Test Case '-[CondiscoTests.ScenarioLoopTests testScenarioStepRateMatchesTransportSlowRate]' started.
Test Case '-[CondiscoTests.ScenarioLoopTests testScenarioStepRateMatchesTransportSlowRate]' passed (0.000 seconds).
Test Case '-[CondiscoTests.ScenarioLoopTests testScenarioStepRatePinsModelStepToSlowRate]' started.
Test Case '-[CondiscoTests.ScenarioLoopTests testScenarioStepRatePinsModelStepToSlowRate]' passed (0.000 seconds).
Test Case '-[CondiscoTests.ScenarioLoopTests testSectionEndFinalEligibleSectionRunsToDeclaredDuration]' started.
Test Case '-[CondiscoTests.ScenarioLoopTests testSectionEndFinalEligibleSectionRunsToDeclaredDuration]' passed (0.000 seconds).
Test Case '-[CondiscoTests.ScenarioLoopTests testSectionEndUsesNextTranscriptBoundaryOrTrackDuration]' started.
Test Case '-[CondiscoTests.ScenarioLoopTests testSectionEndUsesNextTranscriptBoundaryOrTrackDuration]' passed (0.000 seconds).
Test Case '-[CondiscoTests.ScenarioLoopTests testUntargetedSectionsAreSkippedAndStillBoundThePriorWindow]' started.
Test Case '-[CondiscoTests.ScenarioLoopTests testUntargetedSectionsAreSkippedAndStillBoundThePriorWindow]' passed (0.000 seconds).
Test Suite 'ScenarioLoopTests' passed at 2026-09-26 00:07:00.835.
	 Executed 9 tests, with 0 failures (0 unexpected) in 0.004 (0.007) seconds
Test Suite 'TodayPlanTests' started at 2026-09-26 00:07:00.836.
Test Case '-[CondiscoTests.TodayPlanTests testFallsBackToListenThenRest]' started.
Test Case '-[CondiscoTests.TodayPlanTests testFallsBackToListenThenRest]' passed (0.001 seconds).
Test Case '-[CondiscoTests.TodayPlanTests testFreshLearnerWithNoProgressLeadsToLesson]' started.
Test Case '-[CondiscoTests.TodayPlanTests testFreshLearnerWithNoProgressLeadsToLesson]' passed (0.001 seconds).
Test Case '-[CondiscoTests.TodayPlanTests testNoResumeNoLessonWithDueReviewsLeadsToReviewPrimary]' started.
Test Case '-[CondiscoTests.TodayPlanTests testNoResumeNoLessonWithDueReviewsLeadsToReviewPrimary]' passed (0.001 seconds).
Test Case '-[CondiscoTests.TodayPlanTests testNoResumeThenNextLessonWinsOverDueReviews]' started.
Test Case '-[CondiscoTests.TodayPlanTests testNoResumeThenNextLessonWinsOverDueReviews]' passed (0.000 seconds).
Test Case '-[CondiscoTests.TodayPlanTests testPathCompleteWithReviewsDueLeadsToReview]' started.
Test Case '-[CondiscoTests.TodayPlanTests testPathCompleteWithReviewsDueLeadsToReview]' passed (0.001 seconds).
Test Case '-[CondiscoTests.TodayPlanTests testResumeWinsOverLessonAndReviewsStillCarriesDueCount]' started.
Test Case '-[CondiscoTests.TodayPlanTests testResumeWinsOverLessonAndReviewsStillCarriesDueCount]' passed (0.000 seconds).
Test Suite 'TodayPlanTests' passed at 2026-09-26 00:07:00.841.
	 Executed 6 tests, with 0 failures (0 unexpected) in 0.003 (0.005) seconds
Test Suite 'CondiscoTests.xctest' passed at 2026-09-26 00:07:00.841.
	 Executed 323 tests, with 0 failures (0 unexpected) in 1.050 (1.153) seconds
Test Suite 'All tests' passed at 2026-09-26 00:07:00.841.
	 Executed 323 tests, with 0 failures (0 unexpected) in 1.050 (1.175) seconds
2026-09-26 00:07:01.305 xcodebuild[79661:7863371] [MT] IDETestOperationsObserverDebug: 19.660 elapsed -- Testing started completed.
2026-09-26 00:07:01.305 xcodebuild[79661:7863371] [MT] IDETestOperationsObserverDebug: 0.000 sec, +0.000 sec -- start
2026-09-26 00:07:01.305 xcodebuild[79661:7863371] [MT] IDETestOperationsObserverDebug: 19.660 sec, +19.660 sec -- end

Test session results, code coverage, and logs:
	/var/folders/3w/91hphlzs0rv_1twbkfyhvn6m0000gn/T/condisco-preflight.7uyGq6/DerivedData/Logs/Test/Test-Condisco-2026.09.26_00-06-10--0700.xcresult

** TEST SUCCEEDED **

Testing started
PASS unit tests (CondiscoTests)

== Step 5/5  UI smoke  (CondiscoUITests — --with-ui requested) ==
Command line invocation:
    /Applications/Xcode.app/Contents/Developer/usr/bin/xcodebuild test -project Condisco.xcodeproj -scheme Condisco -destination "platform=iOS Simulator,name=iPhone 18 Pro" "-only-testing:CondiscoUITests" -derivedDataPath /var/folders/3w/91hphlzs0rv_1twbkfyhvn6m0000gn/T//condisco-preflight.7uyGq6/DerivedData ONLY_ACTIVE_ARCH=YES

Build settings from command line:
    ONLY_ACTIVE_ARCH = YES

ComputePackagePrebuildTargetDependencyGraph

Prepare packages

CreateBuildRequest

SendProjectDescription

CreateBuildOperation

ComputeTargetDependencyGraph
note: Building targets in dependency order
note: Target dependency graph (4 targets)
    Target 'CondiscoUITests' in project 'Condisco'
        ➜ Explicit dependency on target 'Condisco' in project 'Condisco'
    Target 'CondiscoTests' in project 'Condisco'
        ➜ Explicit dependency on target 'Condisco' in project 'Condisco'
    Target 'Condisco' in project 'Condisco'
        ➜ Explicit dependency on target 'CondiscoWidget' in project 'Condisco'
    Target 'CondiscoWidget' in project 'Condisco' (no dependencies)

GatherProvisioningInputs

CreateBuildDescription

ClangStatCache /Applications/Xcode.app/Contents/Developer/Toolchains/XcodeDefault.xctoolchain/usr/bin/clang-stat-cache /Applications/Xcode.app/Contents/Developer/Platforms/iPhoneSimulator.platform/Developer/SDKs/iPhoneSimulator27.0.sdk /var/folders/3w/91hphlzs0rv_1twbkfyhvn6m0000gn/T/condisco-preflight.7uyGq6/DerivedData/SDKStatCaches.noindex/iphonesimulator27.0-24A430-8dc58220667be655e1bcc261a7455254.sdkstatcache
    cd /Users/spkoehl/Projects/VerbaLibera/Condisco.xcodeproj
    /Applications/Xcode.app/Contents/Developer/Toolchains/XcodeDefault.xctoolchain/usr/bin/clang-stat-cache /Applications/Xcode.app/Contents/Developer/Platforms/iPhoneSimulator.platform/Developer/SDKs/iPhoneSimulator27.0.sdk -o /var/folders/3w/91hphlzs0rv_1twbkfyhvn6m0000gn/T/condisco-preflight.7uyGq6/DerivedData/SDKStatCaches.noindex/iphonesimulator27.0-24A430-8dc58220667be655e1bcc261a7455254.sdkstatcache

Copy /var/folders/3w/91hphlzs0rv_1twbkfyhvn6m0000gn/T/condisco-preflight.7uyGq6/DerivedData/Build/Products/Debug-iphonesimulator/Condisco.app/PlugIns/CondiscoWidget.appex /var/folders/3w/91hphlzs0rv_1twbkfyhvn6m0000gn/T/condisco-preflight.7uyGq6/DerivedData/Build/Products/Debug-iphonesimulator/CondiscoWidget.appex (in target 'Condisco' from project 'Condisco')
    cd /Users/spkoehl/Projects/VerbaLibera
    builtin-copy -exclude .DS_Store -exclude CVS -exclude .svn -exclude .git -exclude .hg -resolve-src-symlinks -remove-static-executable /var/folders/3w/91hphlzs0rv_1twbkfyhvn6m0000gn/T/condisco-preflight.7uyGq6/DerivedData/Build/Products/Debug-iphonesimulator/CondiscoWidget.appex /var/folders/3w/91hphlzs0rv_1twbkfyhvn6m0000gn/T/condisco-preflight.7uyGq6/DerivedData/Build/Products/Debug-iphonesimulator/Condisco.app/PlugIns

ProcessInfoPlistFile /var/folders/3w/91hphlzs0rv_1twbkfyhvn6m0000gn/T/condisco-preflight.7uyGq6/DerivedData/Build/Products/Debug-iphonesimulator/Condisco.app/Info.plist /Users/spkoehl/Projects/VerbaLibera/Condisco/Info.plist (in target 'Condisco' from project 'Condisco')
    cd /Users/spkoehl/Projects/VerbaLibera
    builtin-infoPlistUtility /Users/spkoehl/Projects/VerbaLibera/Condisco/Info.plist -producttype com.apple.product-type.application -genpkginfo /var/folders/3w/91hphlzs0rv_1twbkfyhvn6m0000gn/T/condisco-preflight.7uyGq6/DerivedData/Build/Products/Debug-iphonesimulator/Condisco.app/PkgInfo -expandbuildsettings -format binary -platform iphonesimulator -additionalcontentfile /var/folders/3w/91hphlzs0rv_1twbkfyhvn6m0000gn/T/condisco-preflight.7uyGq6/DerivedData/Build/Intermediates.noindex/Condisco.build/Debug-iphonesimulator/Condisco.build/assetcatalog_generated_info.plist -scanforprivacyfile /var/folders/3w/91hphlzs0rv_1twbkfyhvn6m0000gn/T/condisco-preflight.7uyGq6/DerivedData/Build/Products/Debug-iphonesimulator/Condisco.app/PlugIns/CondiscoWidget.appex -o /var/folders/3w/91hphlzs0rv_1twbkfyhvn6m0000gn/T/condisco-preflight.7uyGq6/DerivedData/Build/Products/Debug-iphonesimulator/Condisco.app/Info.plist

CopySwiftLibs /var/folders/3w/91hphlzs0rv_1twbkfyhvn6m0000gn/T/condisco-preflight.7uyGq6/DerivedData/Build/Products/Debug-iphonesimulator/Condisco.app (in target 'Condisco' from project 'Condisco')
    cd /Users/spkoehl/Projects/VerbaLibera
    builtin-swiftStdLibTool --copy --verbose --sign - --scan-executable /var/folders/3w/91hphlzs0rv_1twbkfyhvn6m0000gn/T/condisco-preflight.7uyGq6/DerivedData/Build/Products/Debug-iphonesimulator/Condisco.app/Condisco.debug.dylib --scan-folder /var/folders/3w/91hphlzs0rv_1twbkfyhvn6m0000gn/T/condisco-preflight.7uyGq6/DerivedData/Build/Products/Debug-iphonesimulator/Condisco.app/Frameworks --scan-folder /var/folders/3w/91hphlzs0rv_1twbkfyhvn6m0000gn/T/condisco-preflight.7uyGq6/DerivedData/Build/Products/Debug-iphonesimulator/Condisco.app/PlugIns --scan-folder /var/folders/3w/91hphlzs0rv_1twbkfyhvn6m0000gn/T/condisco-preflight.7uyGq6/DerivedData/Build/Products/Debug-iphonesimulator/Condisco.app/SystemExtensions --scan-folder /var/folders/3w/91hphlzs0rv_1twbkfyhvn6m0000gn/T/condisco-preflight.7uyGq6/DerivedData/Build/Products/Debug-iphonesimulator/Condisco.app/Extensions --platform iphonesimulator --toolchain /Applications/Xcode.app/Contents/Developer/Toolchains/XcodeDefault.xctoolchain --destination /var/folders/3w/91hphlzs0rv_1twbkfyhvn6m0000gn/T/condisco-preflight.7uyGq6/DerivedData/Build/Products/Debug-iphonesimulator/Condisco.app/Frameworks --strip-bitcode --strip-bitcode-tool /Applications/Xcode.app/Contents/Developer/Toolchains/XcodeDefault.xctoolchain/usr/bin/bitcode_strip --emit-dependency-info /var/folders/3w/91hphlzs0rv_1twbkfyhvn6m0000gn/T/condisco-preflight.7uyGq6/DerivedData/Build/Intermediates.noindex/Condisco.build/Debug-iphonesimulator/Condisco.build/SwiftStdLibToolInputDependencies.dep --filter-for-swift-os

CodeSign /var/folders/3w/91hphlzs0rv_1twbkfyhvn6m0000gn/T/condisco-preflight.7uyGq6/DerivedData/Build/Products/Debug-iphonesimulator/Condisco.app/Condisco.debug.dylib (in target 'Condisco' from project 'Condisco')
    cd /Users/spkoehl/Projects/VerbaLibera
    
    Signing Identity:     "Sign to Run Locally"
    
    /usr/bin/codesign --force --sign - --timestamp\=none --generate-entitlement-der /var/folders/3w/91hphlzs0rv_1twbkfyhvn6m0000gn/T/condisco-preflight.7uyGq6/DerivedData/Build/Products/Debug-iphonesimulator/Condisco.app/Condisco.debug.dylib
/var/folders/3w/91hphlzs0rv_1twbkfyhvn6m0000gn/T/condisco-preflight.7uyGq6/DerivedData/Build/Products/Debug-iphonesimulator/Condisco.app/Condisco.debug.dylib: replacing existing signature

CodeSign /var/folders/3w/91hphlzs0rv_1twbkfyhvn6m0000gn/T/condisco-preflight.7uyGq6/DerivedData/Build/Products/Debug-iphonesimulator/Condisco.app/__preview.dylib (in target 'Condisco' from project 'Condisco')
    cd /Users/spkoehl/Projects/VerbaLibera
    
    Signing Identity:     "Sign to Run Locally"
    
    /usr/bin/codesign --force --sign - --timestamp\=none --generate-entitlement-der /var/folders/3w/91hphlzs0rv_1twbkfyhvn6m0000gn/T/condisco-preflight.7uyGq6/DerivedData/Build/Products/Debug-iphonesimulator/Condisco.app/__preview.dylib
/var/folders/3w/91hphlzs0rv_1twbkfyhvn6m0000gn/T/condisco-preflight.7uyGq6/DerivedData/Build/Products/Debug-iphonesimulator/Condisco.app/__preview.dylib: replacing existing signature

CodeSign /var/folders/3w/91hphlzs0rv_1twbkfyhvn6m0000gn/T/condisco-preflight.7uyGq6/DerivedData/Build/Products/Debug-iphonesimulator/Condisco.app (in target 'Condisco' from project 'Condisco')
    cd /Users/spkoehl/Projects/VerbaLibera
    
    Signing Identity:     "Sign to Run Locally"
    
    /usr/bin/codesign --force --sign - --entitlements /var/folders/3w/91hphlzs0rv_1twbkfyhvn6m0000gn/T/condisco-preflight.7uyGq6/DerivedData/Build/Intermediates.noindex/Condisco.build/Debug-iphonesimulator/Condisco.build/Condisco.app.xcent --timestamp\=none --generate-entitlement-der /var/folders/3w/91hphlzs0rv_1twbkfyhvn6m0000gn/T/condisco-preflight.7uyGq6/DerivedData/Build/Products/Debug-iphonesimulator/Condisco.app
/var/folders/3w/91hphlzs0rv_1twbkfyhvn6m0000gn/T/condisco-preflight.7uyGq6/DerivedData/Build/Products/Debug-iphonesimulator/Condisco.app: replacing existing signature

Validate /var/folders/3w/91hphlzs0rv_1twbkfyhvn6m0000gn/T/condisco-preflight.7uyGq6/DerivedData/Build/Products/Debug-iphonesimulator/Condisco.app (in target 'Condisco' from project 'Condisco')
    cd /Users/spkoehl/Projects/VerbaLibera
    builtin-validationUtility /var/folders/3w/91hphlzs0rv_1twbkfyhvn6m0000gn/T/condisco-preflight.7uyGq6/DerivedData/Build/Products/Debug-iphonesimulator/Condisco.app -shallow-bundle -infoplist-subpath Info.plist

ValidateEmbeddedBinary /var/folders/3w/91hphlzs0rv_1twbkfyhvn6m0000gn/T/condisco-preflight.7uyGq6/DerivedData/Build/Products/Debug-iphonesimulator/Condisco.app/PlugIns/CondiscoWidget.appex (in target 'Condisco' from project 'Condisco')
    cd /Users/spkoehl/Projects/VerbaLibera
    /Applications/Xcode.app/Contents/Developer/usr/bin/embeddedBinaryValidationUtility /var/folders/3w/91hphlzs0rv_1twbkfyhvn6m0000gn/T/condisco-preflight.7uyGq6/DerivedData/Build/Products/Debug-iphonesimulator/Condisco.app/PlugIns/CondiscoWidget.appex -signing-cert - -info-plist-path /var/folders/3w/91hphlzs0rv_1twbkfyhvn6m0000gn/T/condisco-preflight.7uyGq6/DerivedData/Build/Products/Debug-iphonesimulator/Condisco.app/Info.plist

PruneExplicitPrecompiledModules /var/folders/3w/91hphlzs0rv_1twbkfyhvn6m0000gn/T/condisco-preflight.7uyGq6/DerivedData/SDKExplicitPrecompiledModules

PruneExplicitPrecompiledModules /var/folders/3w/91hphlzs0rv_1twbkfyhvn6m0000gn/T/condisco-preflight.7uyGq6/DerivedData/Build/Intermediates.noindex/SwiftExplicitPrecompiledModules

PruneExplicitPrecompiledModules /var/folders/3w/91hphlzs0rv_1twbkfyhvn6m0000gn/T/condisco-preflight.7uyGq6/DerivedData/Build/Intermediates.noindex/ExplicitPrecompiledModules

2026-09-26 00:07:11.723325-0700 CondiscoUITests-Runner[80021:7866573] [Default] Running tests...
    t =      nans Interface orientation changed to Portrait
Test Suite 'All tests' started at 2026-09-26 00:07:19.829.
Test Suite 'CondiscoUITests.xctest' started at 2026-09-26 00:07:19.831.
Test Suite 'FirstRunUITests' started at 2026-09-26 00:07:19.832.
Test Case '-[CondiscoUITests.FirstRunUITests testFreshFrenchLearnerCanFinishFirstMissionAfterAccentAndWrongAnswer]' started.
    t =     0.01s Start Test at 2026-09-26 00:07:19.841
    t =     0.23s Set Up
    t =     0.24s Open com.sleuthysloth.condisco
    t =     0.24s     Launch com.sleuthysloth.condisco
2026-09-26 00:07:20.663 xcodebuild[79998:7866039] [MT] IDELaunchParametersSnapshot: debugger version lookup failed for path '<nil>': noURL
2026-09-26 00:07:20.663 xcodebuild[79998:7866039] [MT] IDELaunchParametersSnapshot: no debugger version
objc[80021]: Class UIAccessibilityLoaderWebShared is implemented in both /private/var/run/com.apple.security.cryptexd/mnt/com.apple.iPhoneOS.SimulatorRuntime-v24.1.434.0.s3a41r/Library/Developer/CoreSimulator/Profiles/Runtimes/iOS 27.0.simruntime/Contents/Resources/RuntimeRoot/System/Library/AccessibilityBundles/WebKit.axbundle/WebKit (0x1042dc398) and /private/var/run/com.apple.security.cryptexd/mnt/com.apple.iPhoneOS.SimulatorRuntime-v24.1.434.0.s3a41r/Library/Developer/CoreSimulator/Profiles/Runtimes/iOS 27.0.simruntime/Contents/Resources/RuntimeRoot/System/Library/AccessibilityBundles/WebCore.axbundle/WebCore (0x107f54310). This may cause spurious casting failures and mysterious crashes. One of the duplicates must be removed or renamed.
    t =     4.49s         Setting up automation session
    t =    14.91s         Wait for com.sleuthysloth.condisco to idle
    t =    21.03s Waiting 30.0s for "Choose a language" Button to exist
    t =    22.10s     Checking `Expect predicate `existsNoRetry == 1` for object "Choose a language" Button`
    t =    22.11s         Checking existence of `"Choose a language" Button`
    t =    22.40s Tap "Choose a language" Button
    t =    22.40s     Wait for com.sleuthysloth.condisco to idle
    t =    22.41s     Find the "Choose a language" Button
    t =    22.45s     Check for interrupting elements affecting "Choose a language" Button
    t =    22.59s     Synthesize event
    t =    23.22s     Wait for com.sleuthysloth.condisco to idle
    t =    23.49s Waiting 10.0s for "Which language are you learning?" StaticText to exist
    t =    24.56s     Checking `Expect predicate `existsNoRetry == 1` for object "Which language are you learning?" StaticText`
    t =    24.56s         Checking existence of `"Which language are you learning?" StaticText`
    t =    24.66s Checking existence of `"French foundations" StaticText`
    t =    24.67s Tap "Continue" Button
    t =    24.67s     Wait for com.sleuthysloth.condisco to idle
    t =    24.67s     Find the "Continue" Button
    t =    24.68s     Check for interrupting elements affecting "Continue" Button
    t =    24.70s     Synthesize event
    t =    24.99s     Wait for com.sleuthysloth.condisco to idle
    t =    24.99s Waiting 10.0s for Button (First Match) to exist
    t =    26.03s     Checking `Expect predicate `existsNoRetry == 1` for object Button (First Match)`
    t =    26.04s         Checking existence of `Button (First Match)`
    t =    26.10s Tap Button (First Match)
    t =    26.10s     Wait for com.sleuthysloth.condisco to idle
    t =    26.11s     Find the Button (First Match)
    t =    26.12s     Check for interrupting elements affecting "I'm starting fresh, Begin with your first mission. No experience needed." Button
    t =    26.13s     Synthesize event
    t =    26.43s     Wait for com.sleuthysloth.condisco to idle
    t =    28.77s Waiting 20.0s for "Start lesson" Button to exist
    t =    29.81s     Checking `Expect predicate `existsNoRetry == 1` for object "Start lesson" Button`
    t =    29.81s         Checking existence of `"Start lesson" Button`
    t =    30.01s Tap "Back to lessons" Button
    t =    30.01s     Wait for com.sleuthysloth.condisco to idle
    t =    30.01s     Find the "Back to lessons" Button
    t =    30.07s     Check for interrupting elements affecting "Back to lessons" Button
    t =    30.12s     Synthesize event
    t =    30.43s     Wait for com.sleuthysloth.condisco to idle
    t =    30.79s Waiting 30.0s for "Home" Button to exist
    t =    31.83s     Checking `Expect predicate `existsNoRetry == 1` for object "Home" Button`
    t =    31.84s         Checking existence of `"Home" Button`
    t =    31.89s Waiting 10.0s for "home.today.header" StaticText to exist
    t =    32.93s     Checking `Expect predicate `existsNoRetry == 1` for object "home.today.header" StaticText`
    t =    32.93s         Checking existence of `"home.today.header" StaticText`
    t =    32.97s Checking existence of `StaticText (First Match)`
    t =    33.02s Tap "You" Button
    t =    33.02s     Wait for com.sleuthysloth.condisco to idle
    t =    33.02s     Find the "You" Button
    t =    33.04s     Check for interrupting elements affecting "person" Button
    t =    33.07s     Synthesize event
    t =    33.37s     Wait for com.sleuthysloth.condisco to idle
    t =    35.25s Waiting 10.0s for "Your learning" StaticText to exist
    t =    36.26s     Checking `Expect predicate `existsNoRetry == 1` for object "Your learning" StaticText`
    t =    36.26s         Checking existence of `"Your learning" StaticText`
    t =    36.32s Checking existence of `"At a glance" StaticText`
    t =    36.34s Checking existence of `"Preferences" Button`
    t =    36.36s Checking existence of `"Account and data" Button`
    t =    36.38s Tap "Home" Button
    t =    36.38s     Wait for com.sleuthysloth.condisco to idle
    t =    36.38s     Find the "Home" Button
    t =    36.40s     Check for interrupting elements affecting "house" Button
    t =    36.42s     Synthesize event
    t =    36.70s     Wait for com.sleuthysloth.condisco to idle
    t =    38.41s Waiting 10.0s for "home.today.primary" Button to exist
    t =    39.47s     Checking `Expect predicate `existsNoRetry == 1` for object "home.today.primary" Button`
    t =    39.47s         Checking existence of `"home.today.primary" Button`
    t =    39.55s Find the "home.today.primary" Button
    t =    39.58s Find the "home.today.primary" Button
    t =    39.62s Tap "home.today.primary" Button
    t =    39.62s     Wait for com.sleuthysloth.condisco to idle
    t =    39.62s     Find the "home.today.primary" Button
    t =    39.64s     Check for interrupting elements affecting "home.today.primary" Button
    t =    39.67s     Synthesize event
    t =    39.96s     Wait for com.sleuthysloth.condisco to idle
    t =    39.97s Waiting 20.0s for "Start lesson" Button to exist
    t =    41.02s     Checking `Expect predicate `existsNoRetry == 1` for object "Start lesson" Button`
    t =    41.02s         Checking existence of `"Start lesson" Button`
    t =    41.09s Tap "Start lesson" Button
    t =    41.09s     Wait for com.sleuthysloth.condisco to idle
    t =    41.09s     Find the "Start lesson" Button
    t =    41.12s     Check for interrupting elements affecting "Start lesson" Button
    t =    41.16s     Synthesize event
    t =    41.45s     Wait for com.sleuthysloth.condisco to idle
    t =    42.26s Waiting 10.0s for "Got it" Button to exist
    t =    43.33s     Checking `Expect predicate `existsNoRetry == 1` for object "Got it" Button`
    t =    43.34s         Checking existence of `"Got it" Button`
    t =    43.43s Tap "Got it" Button
    t =    43.43s     Wait for com.sleuthysloth.condisco to idle
    t =    43.43s     Find the "Got it" Button
    t =    43.47s     Check for interrupting elements affecting "Got it" Button
    t =    43.52s     Synthesize event
    t =    43.90s     Wait for com.sleuthysloth.condisco to idle
    t =    43.90s Tap "Continue" Button
    t =    43.90s     Wait for com.sleuthysloth.condisco to idle
    t =    43.91s     Find the "Continue" Button
    t =    43.95s     Check for interrupting elements affecting "Continue" Button
    t =    43.99s     Synthesize event
    t =    44.27s     Wait for com.sleuthysloth.condisco to idle
    t =    44.28s Waiting 10.0s for "The server looks up from the counter. How do you greet them?" StaticText to exist
    t =    45.30s     Checking `Expect predicate `existsNoRetry == 1` for object "The server looks up from the counter. How do you greet them?" StaticText`
    t =    45.30s         Checking existence of `"The server looks up from the counter. How do you greet them?" StaticText`
    t =    45.36s Tap "Lessons" Button
    t =    45.36s     Wait for com.sleuthysloth.condisco to idle
    t =    45.37s     Find the "Lessons" Button
    t =    45.41s     Check for interrupting elements affecting "Lessons" Button
    t =    45.44s     Synthesize event
    t =    45.74s     Wait for com.sleuthysloth.condisco to idle
    t =    46.26s Waiting 15.0s for "home.today.primary" Button to exist
    t =    47.30s     Checking `Expect predicate `existsNoRetry == 1` for object "home.today.primary" Button`
    t =    47.31s         Checking existence of `"home.today.primary" Button`
    t =    47.35s Find the "home.today.primary" Button
    t =    47.38s Tap "home.today.primary" Button
    t =    47.38s     Wait for com.sleuthysloth.condisco to idle
    t =    47.38s     Find the "home.today.primary" Button
    t =    47.41s     Check for interrupting elements affecting "home.today.primary" Button
    t =    47.44s     Synthesize event
    t =    47.75s     Wait for com.sleuthysloth.condisco to idle
    t =    47.80s Waiting 15.0s for "The server looks up from the counter. How do you greet them?" StaticText to exist
    t =    48.83s     Checking `Expect predicate `existsNoRetry == 1` for object "The server looks up from the counter. How do you greet them?" StaticText`
    t =    48.83s         Checking existence of `"The server looks up from the counter. How do you greet them?" StaticText`
    t =    48.91s Tap "Bonjour." Button
    t =    48.91s     Wait for com.sleuthysloth.condisco to idle
    t =    48.91s     Find the "Bonjour." Button
    t =    48.95s     Check for interrupting elements affecting "Bonjour." Button
    t =    48.99s     Synthesize event
    t =    49.28s     Wait for com.sleuthysloth.condisco to idle
    t =    49.28s Waiting 10.0s for "Check" Button to exist
    t =    50.35s     Checking `Expect predicate `existsNoRetry == 1` for object "Check" Button`
    t =    50.40s         Checking existence of `"Check" Button`
    t =    50.51s Find the "Check" Button
    t =    50.54s Tap "Check" Button
    t =    50.54s     Wait for com.sleuthysloth.condisco to idle
    t =    50.55s     Find the "Check" Button
    t =    50.58s     Check for interrupting elements affecting "Check" Button
    t =    50.61s     Synthesize event
    t =    50.91s     Wait for com.sleuthysloth.condisco to idle
    t =    50.91s Waiting 15.0s for "Next step" Button to exist
    t =    51.97s     Checking `Expect predicate `existsNoRetry == 1` for object "Next step" Button`
    t =    51.97s         Checking existence of `"Next step" Button`
    t =    52.00s Tap "Next step" Button
    t =    52.00s     Wait for com.sleuthysloth.condisco to idle
    t =    52.00s     Find the "Next step" Button
    t =    52.04s     Check for interrupting elements affecting "Next step" Button
    t =    52.08s     Synthesize event
    t =    52.37s     Wait for com.sleuthysloth.condisco to idle
    t =    52.37s Waiting 10.0s for "Build the order: A coffee, please." StaticText to exist
    t =    53.38s     Checking `Expect predicate `existsNoRetry == 1` for object "Build the order: A coffee, please." StaticText`
    t =    53.39s         Checking existence of `"Build the order: A coffee, please." StaticText`
    t =    53.45s Tap "Add Un" Button
    t =    53.45s     Wait for com.sleuthysloth.condisco to idle
    t =    53.45s     Find the "Add Un" Button
    t =    53.48s     Check for interrupting elements affecting "Add Un" Button
    t =    53.51s     Synthesize event
    t =    53.81s     Wait for com.sleuthysloth.condisco to idle
    t =    53.81s Tap "Add café," Button
    t =    53.81s     Wait for com.sleuthysloth.condisco to idle
    t =    53.82s     Find the "Add café," Button
    t =    53.86s     Check for interrupting elements affecting "Add café," Button
    t =    53.89s     Synthesize event
    t =    54.18s     Wait for com.sleuthysloth.condisco to idle
    t =    54.21s Tap "Add s’il vous plaît." Button
    t =    54.21s     Wait for com.sleuthysloth.condisco to idle
    t =    54.22s     Find the "Add s’il vous plaît." Button
    t =    54.26s     Check for interrupting elements affecting "Add s’il vous plaît." Button
    t =    54.28s     Synthesize event
    t =    54.57s     Wait for com.sleuthysloth.condisco to idle
    t =    54.58s Waiting 10.0s for "Check" Button to exist
    t =    55.63s     Checking `Expect predicate `existsNoRetry == 1` for object "Check" Button`
    t =    55.64s         Checking existence of `"Check" Button`
    t =    55.70s Find the "Check" Button
    t =    55.73s Tap "Check" Button
    t =    55.73s     Wait for com.sleuthysloth.condisco to idle
    t =    55.74s     Find the "Check" Button
    t =    55.77s     Check for interrupting elements affecting "Check" Button
    t =    55.80s     Synthesize event
    t =    56.09s     Wait for com.sleuthysloth.condisco to idle
    t =    56.10s Waiting 15.0s for "Next step" Button to exist
    t =    57.13s     Checking `Expect predicate `existsNoRetry == 1` for object "Next step" Button`
    t =    57.13s         Checking existence of `"Next step" Button`
    t =    57.17s Tap "Next step" Button
    t =    57.17s     Wait for com.sleuthysloth.condisco to idle
    t =    57.17s     Find the "Next step" Button
    t =    57.21s     Check for interrupting elements affecting "Next step" Button
    t =    57.26s     Synthesize event
    t =    57.55s     Wait for com.sleuthysloth.condisco to idle
    t =    57.56s Waiting 10.0s for "The cup reaches the counter. What do you say?" StaticText to exist
    t =    58.59s     Checking `Expect predicate `existsNoRetry == 1` for object "The cup reaches the counter. What do you say?" StaticText`
    t =    58.59s         Checking existence of `"The cup reaches the counter. What do you say?" StaticText`
    t =    58.65s Tap "Merci." Button
    t =    58.65s     Wait for com.sleuthysloth.condisco to idle
    t =    58.65s     Find the "Merci." Button
    t =    58.69s     Check for interrupting elements affecting "Merci." Button
    t =    58.72s     Synthesize event
    t =    59.01s     Wait for com.sleuthysloth.condisco to idle
    t =    59.01s Waiting 10.0s for "Check" Button to exist
    t =    60.03s     Checking `Expect predicate `existsNoRetry == 1` for object "Check" Button`
    t =    60.03s         Checking existence of `"Check" Button`
    t =    60.06s Find the "Check" Button
    t =    60.09s Tap "Check" Button
    t =    60.09s     Wait for com.sleuthysloth.condisco to idle
    t =    60.10s     Find the "Check" Button
    t =    60.12s     Check for interrupting elements affecting "Check" Button
    t =    60.15s     Synthesize event
    t =    60.45s     Wait for com.sleuthysloth.condisco to idle
    t =    60.46s Waiting 15.0s for "Next step" Button to exist
    t =    61.50s     Checking `Expect predicate `existsNoRetry == 1` for object "Next step" Button`
    t =    61.50s         Checking existence of `"Next step" Button`
    t =    61.56s Tap "Next step" Button
    t =    61.56s     Wait for com.sleuthysloth.condisco to idle
    t =    61.57s     Find the "Next step" Button
    t =    61.60s     Check for interrupting elements affecting "Next step" Button
    t =    61.63s     Synthesize event
    t =    61.92s     Wait for com.sleuthysloth.condisco to idle
    t =    61.93s Waiting 10.0s for "I've thought about it — let me answer" Button to exist
    t =    62.95s     Checking `Expect predicate `existsNoRetry == 1` for object "I've thought about it — let me answer" Button`
    t =    62.95s         Checking existence of `"I've thought about it — let me answer" Button`
    t =    62.98s Tap "I've thought about it — let me answer" Button
    t =    62.98s     Wait for com.sleuthysloth.condisco to idle
    t =    62.98s     Find the "I've thought about it — let me answer" Button
    t =    63.01s     Check for interrupting elements affecting "I've thought about it — let me answer" Button
    t =    63.04s     Synthesize event
    t =    63.33s     Wait for com.sleuthysloth.condisco to idle
    t =    63.75s Waiting 10.0s for TextView (First Match) to exist
    t =    64.78s     Checking `Expect predicate `existsNoRetry == 1` for object TextView (First Match)`
    t =    64.79s         Checking existence of `TextView (First Match)`
    t =    64.90s Tap TextView (First Match)
    t =    64.90s     Wait for com.sleuthysloth.condisco to idle
    t =    64.90s     Find the TextView (First Match)
    t =    64.94s     Check for interrupting elements affecting "Your answer" TextView
    t =    64.98s     Synthesize event
    t =    65.29s     Wait for com.sleuthysloth.condisco to idle
    t =    69.34s Type 'Un cafe, s’il vous...' into "Your answer" TextView
    t =    69.34s     Wait for com.sleuthysloth.condisco to idle
    t =    69.34s     Find the "Your answer" TextView
    t =    69.42s     Check for interrupting elements affecting "Your answer" TextView
    t =    69.48s     Synthesize event
    t =    70.12s     Wait for com.sleuthysloth.condisco to idle
    t =    70.23s Waiting 10.0s for "Check" Button to exist
    t =    71.28s     Checking `Expect predicate `existsNoRetry == 1` for object "Check" Button`
    t =    71.28s         Checking existence of `"Check" Button`
    t =    72.49s Checking existence of `Keyboard (Descendants matching type Keyboard)`
    t =    72.57s Find the "Check" Button
    t =    72.64s Find the Keyboard (Descendants matching type Keyboard)
    t =    72.70s Tap "Check" Button
    t =    72.70s     Wait for com.sleuthysloth.condisco to idle
    t =    72.70s     Find the "Check" Button
    t =    72.78s     Check for interrupting elements affecting "Check" Button
    t =    72.84s     Synthesize event
    t =    73.18s     Wait for com.sleuthysloth.condisco to idle
    t =    73.20s Waiting 10.0s for StaticText (First Match) to exist
    t =    74.26s     Checking `Expect predicate `existsNoRetry == 1` for object StaticText (First Match)`
    t =    74.26s         Checking existence of `StaticText (First Match)`
    t =    74.39s Checking existence of `StaticText (First Match)`
    t =    74.44s Tap "Next step" Button
    t =    74.44s     Wait for com.sleuthysloth.condisco to idle
    t =    74.44s     Find the "Next step" Button
    t =    74.52s     Check for interrupting elements affecting "Next step" Button
    t =    74.57s     Synthesize event
    t =    74.87s     Wait for com.sleuthysloth.condisco to idle
    t =    74.88s Waiting 10.0s for "Match the three lines you used to their meanings." StaticText to exist
    t =    75.88s     Checking `Expect predicate `existsNoRetry == 1` for object "Match the three lines you used to their meanings." StaticText`
    t =    75.88s         Checking existence of `"Match the three lines you used to their meanings." StaticText`
    t =    76.00s Tap "Bonjour." Button
    t =    76.00s     Wait for com.sleuthysloth.condisco to idle
    t =    76.01s     Find the "Bonjour." Button
    t =    76.08s     Check for interrupting elements affecting "Bonjour." Button
    t =    76.15s     Synthesize event
    t =    76.47s     Wait for com.sleuthysloth.condisco to idle
    t =    76.47s Tap "Hello." Button
    t =    76.47s     Wait for com.sleuthysloth.condisco to idle
    t =    76.47s     Find the "Hello." Button
    t =    76.53s     Check for interrupting elements affecting "Hello." Button
    t =    76.58s     Synthesize event
    t =    76.87s     Wait for com.sleuthysloth.condisco to idle
    t =    76.93s Tap "Un café, s’il vous plaît." Button
    t =    76.93s     Wait for com.sleuthysloth.condisco to idle
    t =    76.93s     Find the "Un café, s’il vous plaît." Button
    t =    77.00s     Check for interrupting elements affecting "Un café, s’il vous plaît." Button
    t =    77.05s     Synthesize event
    t =    77.36s     Wait for com.sleuthysloth.condisco to idle
    t =    77.36s Tap "A coffee, please." Button
    t =    77.36s     Wait for com.sleuthysloth.condisco to idle
    t =    77.77s     Find the "A coffee, please." Button
    t =    78.81s     Check for interrupting elements affecting "A coffee, please." Button
    t =    78.91s     Synthesize event
    t =    79.54s     Wait for com.sleuthysloth.condisco to idle
    t =    80.04s Tap "Merci." Button
    t =    80.04s     Wait for com.sleuthysloth.condisco to idle
    t =    80.04s     Find the "Merci." Button
    t =    80.24s     Check for interrupting elements affecting "Merci." Button
    t =    80.35s     Synthesize event
    t =    80.70s     Wait for com.sleuthysloth.condisco to idle
    t =    80.71s Tap "Thank you." Button
    t =    80.71s     Wait for com.sleuthysloth.condisco to idle
    t =    80.73s     Find the "Thank you." Button
    t =    80.83s     Check for interrupting elements affecting "Thank you." Button
    t =    80.92s     Synthesize event
    t =    81.23s     Wait for com.sleuthysloth.condisco to idle
    t =    81.24s Waiting 10.0s for "Check" Button to exist
    t =    82.26s     Checking `Expect predicate `existsNoRetry == 1` for object "Check" Button`
    t =    82.26s         Checking existence of `"Check" Button`
    t =    82.51s Find the "Check" Button
    t =    82.62s Tap "Check" Button
    t =    82.62s     Wait for com.sleuthysloth.condisco to idle
    t =    82.62s     Find the "Check" Button
    t =    82.68s     Check for interrupting elements affecting "Check" Button
    t =    82.86s     Synthesize event
    t =    83.28s     Wait for com.sleuthysloth.condisco to idle
    t =    84.22s Waiting 15.0s for "Next step" Button to exist
    t =    85.23s     Checking `Expect predicate `existsNoRetry == 1` for object "Next step" Button`
    t =    85.24s         Checking existence of `"Next step" Button`
    t =    85.56s Tap "Next step" Button
    t =    85.56s     Wait for com.sleuthysloth.condisco to idle
    t =    85.56s     Find the "Next step" Button
    t =    85.62s     Check for interrupting elements affecting "Next step" Button
    t =    85.75s     Synthesize event
    t =    86.06s     Wait for com.sleuthysloth.condisco to idle
    t =    86.45s Waiting 10.0s for StaticText (First Match) to exist
    t =    87.49s     Checking `Expect predicate `existsNoRetry == 1` for object StaticText (First Match)`
    t =    87.62s         Checking existence of `StaticText (First Match)`
    t =    88.39s Waiting 10.0s for TextView (First Match) to exist
    t =    89.43s     Checking `Expect predicate `existsNoRetry == 1` for object TextView (First Match)`
    t =    89.48s         Checking existence of `TextView (First Match)`
    t =    89.72s Tap TextView (First Match)
    t =    89.72s     Wait for com.sleuthysloth.condisco to idle
    t =    89.72s     Find the TextView (First Match)
    t =    89.79s     Check for interrupting elements affecting "Your answer" TextView
    t =    90.47s     Synthesize event
    t =    91.92s     Wait for com.sleuthysloth.condisco to idle
    t =    96.75s Type 'No idea yet' into "Your answer" TextView
    t =    96.75s     Wait for com.sleuthysloth.condisco to idle
    t =    97.11s     Find the "Your answer" TextView
    t =    97.29s     Check for interrupting elements affecting "Your answer" TextView
    t =    97.46s     Synthesize event
    t =    97.88s     Wait for com.sleuthysloth.condisco to idle
    t =    98.20s Waiting 10.0s for "Check" Button to exist
    t =    99.24s     Checking `Expect predicate `existsNoRetry == 1` for object "Check" Button`
    t =    99.24s         Checking existence of `"Check" Button`
    t =   100.39s Checking existence of `Keyboard (Descendants matching type Keyboard)`
    t =   100.45s Find the "Check" Button
    t =   100.51s Find the Keyboard (Descendants matching type Keyboard)
    t =   100.56s Tap "Check" Button
    t =   100.56s     Wait for com.sleuthysloth.condisco to idle
    t =   100.56s     Find the "Check" Button
    t =   100.62s     Check for interrupting elements affecting "Check" Button
    t =   100.67s     Synthesize event
    t =   100.98s     Wait for com.sleuthysloth.condisco to idle
    t =   101.42s Waiting 15.0s for "Continue with model answer" Button to exist
    t =   102.46s     Checking `Expect predicate `existsNoRetry == 1` for object "Continue with model answer" Button`
    t =   102.46s         Checking existence of `"Continue with model answer" Button`
    t =   102.57s Checking existence of `StaticText (First Match)`
    t =   102.61s Tap "Continue with model answer" Button
    t =   102.61s     Wait for com.sleuthysloth.condisco to idle
    t =   102.62s     Find the "Continue with model answer" Button
    t =   102.68s     Check for interrupting elements affecting "Continue with model answer" Button
    t =   102.72s     Synthesize event
    t =   103.01s     Wait for com.sleuthysloth.condisco to idle
    t =   103.74s Waiting 15.0s for "Back to lessons" Button to exist
    t =   104.77s     Checking `Expect predicate `existsNoRetry == 1` for object "Back to lessons" Button`
    t =   104.81s         Checking existence of `"Back to lessons" Button`
    t =   104.90s Tap "Back to lessons" Button
    t =   104.90s     Wait for com.sleuthysloth.condisco to idle
    t =   104.90s     Find the "Back to lessons" Button
    t =   104.94s     Check for interrupting elements affecting "Back to lessons" Button
    t =   104.98s     Synthesize event
    t =   105.02s         Scroll element to visible
    t =   105.07s         Find the "Back to lessons" Button
    t =   105.15s         Computed hit point {201, 806.99999999999966} after scrolling to visible
    t =   105.44s     Wait for com.sleuthysloth.condisco to idle
    t =   105.98s Waiting 15.0s for "Review" Button to exist
    t =   107.00s     Checking `Expect predicate `existsNoRetry == 1` for object "Review" Button`
    t =   107.00s         Checking existence of `"Review" Button`
    t =   107.03s Tap "Review" Button
    t =   107.03s     Wait for com.sleuthysloth.condisco to idle
    t =   107.04s     Find the "Review" Button
    t =   107.06s     Check for interrupting elements affecting "arrow.triangle.2.circlepath" Button
    t =   107.09s     Synthesize event
    t =   107.39s     Wait for com.sleuthysloth.condisco to idle
    t =   109.40s Waiting 15.0s for "Review" NavigationBar to exist
    t =   110.43s     Checking `Expect predicate `existsNoRetry == 1` for object "Review" NavigationBar`
    t =   110.44s         Checking existence of `"Review" NavigationBar`
    t =   110.54s Tear Down
Test Case '-[CondiscoUITests.FirstRunUITests testFreshFrenchLearnerCanFinishFirstMissionAfterAccentAndWrongAnswer]' passed (111.125 seconds).
Test Suite 'FirstRunUITests' passed at 2026-09-26 00:09:10.976.
	 Executed 1 test, with 0 failures (0 unexpected) in 111.125 (111.145) seconds
Test Suite 'CondiscoUITests.xctest' passed at 2026-09-26 00:09:10.990.
	 Executed 1 test, with 0 failures (0 unexpected) in 111.125 (111.159) seconds
Test Suite 'All tests' passed at 2026-09-26 00:09:10.991.
	 Executed 1 test, with 0 failures (0 unexpected) in 111.125 (111.162) seconds
2026-09-26 00:09:11.437 xcodebuild[79998:7866039] [MT] IDETestOperationsObserverDebug: 124.404 elapsed -- Testing started completed.
2026-09-26 00:09:11.437 xcodebuild[79998:7866039] [MT] IDETestOperationsObserverDebug: 0.000 sec, +0.000 sec -- start
2026-09-26 00:09:11.437 xcodebuild[79998:7866039] [MT] IDETestOperationsObserverDebug: 124.404 sec, +124.404 sec -- end

Test session results, code coverage, and logs:
	/var/folders/3w/91hphlzs0rv_1twbkfyhvn6m0000gn/T/condisco-preflight.7uyGq6/DerivedData/Logs/Test/Test-Condisco-2026.09.26_00-07-05--0700.xcresult

** TEST SUCCEEDED **

Testing started
PASS UI smoke (CondiscoUITests)

=======================================================
  PREFLIGHT PASSED — every required step is green.
=======================================================
