# Baseline: bash tools/preflight.sh --with-ui
# date: 2026-09-26T01:58:20Z
# xcodebuild: Xcode 27.0 Build version 27A266a 


== Step 1/5  Pack + media integrity  (tools/check_packs.sh) ==
PASS french: 50 lessons
PASS italian: 49 lessons
PASS german: 52 lessons
PASS portuguese: 52 lessons
PASS spanish: 52 lessons
PASS all five languages; 72 shared-feedback replies; invalid legacy policy rejected
== fr-foundations.json media ==
  device-speech (intentional)  fr-polite-coffee-audio  /audio/french-ordering/fr-ordering-politely-answer.wav
  device-speech (intentional)  fr-identity-foundation-model  /audio/french-foundations/fr-identity-foundation-model.wav
  device-speech (intentional)  fr-people-foundation-model  /audio/french-foundations/fr-people-foundation-model.wav
  device-speech (intentional)  fr-family-foundation-model  /audio/french-foundations/fr-family-foundation-model.wav
  device-speech (intentional)  fr-numbers-foundation-model  /audio/french-foundations/fr-numbers-foundation-model.wav
  summary: 5 declared, 0 on disk, 5 missing (5 allowlisted for device speech)
== it-foundations.json media ==
  device-speech (intentional)  it-polite-coffee-audio  /audio/italian/it-ordering-politely-answer.wav
  device-speech (intentional)  it-identity-foundation-model  /audio/italian-foundations/it-identity-foundation-model.wav
  device-speech (intentional)  it-people-foundation-model  /audio/italian-foundations/it-people-foundation-model.wav
  device-speech (intentional)  it-family-foundation-model  /audio/italian-foundations/it-family-foundation-model.wav
  device-speech (intentional)  it-numbers-foundation-model  /audio/italian-foundations/it-numbers-foundation-model.wav
  device-speech (intentional)  it-descriptions-foundation-model  /audio/italian-foundations/it-descriptions-foundation-model.wav
  device-speech (intentional)  it-plural-foundation-model  /audio/italian-foundations/it-plural-foundation-model.wav
  device-speech (intentional)  it-negation-foundation-model  /audio/italian-foundations/it-negation-foundation-model.wav
  device-speech (intentional)  it-food-foundation-model  /audio/italian-foundations/it-food-foundation-model.wav
  device-speech (intentional)  it-possession-foundation-model  /audio/italian-foundations/it-possession-foundation-model.wav
  device-speech (intentional)  it-requests-foundation-model  /audio/italian-foundations/it-requests-foundation-model.wav
  device-speech (intentional)  it-past-foundation-model  /audio/italian-foundations/it-past-foundation-model.wav
  device-speech (intentional)  it-plans-foundation-model  /audio/italian-foundations/it-plans-foundation-model.wav
  device-speech (intentional)  it-days-foundation-model  /audio/italian-foundations/it-days-foundation-model.wav
  device-speech (intentional)  it-market-foundation-model  /audio/italian-foundations/it-market-foundation-model.wav
  device-speech (intentional)  it-emergency-foundation-model  /audio/italian-foundations/it-emergency-foundation-model.wav
  ok  it-market-listen-audio  /audio/italian-foundations/it-market-foundation-listen.mp3
  summary: 17 declared, 1 on disk, 16 missing (16 allowlisted for device speech)
== de-foundations.json media ==
  summary: 0 declared, 0 on disk, 0 missing (0 allowlisted for device speech)
== pt-foundations.json media ==
  summary: 0 declared, 0 on disk, 0 missing (0 allowlisted for device speech)
== es-foundations.json media ==
  summary: 0 declared, 0 on disk, 0 missing (0 allowlisted for device speech)
== listen-tracks ==
  ok  french  fr-identity-foundation  /audio/french-foundations/fr-identity-listen.mp3
  ok  italian  it-market-foundation  /audio/italian-foundations/it-market-foundation-listen.mp3
  ok  german  de-introductions-foundation  /audio/german-foundations/de-introductions-foundation-listen.mp3
  ok  portuguese  pt-introductions-foundation  /audio/portuguese-foundations/pt-introductions-foundation-listen.mp3
  ok  spanish  es-introductions-foundation  /audio/spanish-foundations/es-introductions-foundation-listen.mp3
== MISSING ASSETS ==
  MISSING fr-foundations fr-polite-coffee-audio /audio/french-ordering/fr-ordering-politely-answer.wav — device-speech (intentional) — referenced by lesson fr-cafe-order-foundation legacy dictation fr-cafe-order-foundation-listen-model, lesson fr-cafe-order-foundation step fr-cafe-order-foundation-step-fr-cafe-order-foundation-listen-model
  MISSING fr-foundations fr-identity-foundation-model /audio/french-foundations/fr-identity-foundation-model.wav — device-speech (intentional) — referenced by lesson fr-identity-foundation legacy dictation fr-identity-foundation-listen-model, lesson fr-identity-foundation step fr-identity-foundation-step-fr-identity-foundation-listen-model
  MISSING fr-foundations fr-people-foundation-model /audio/french-foundations/fr-people-foundation-model.wav — device-speech (intentional) — referenced by lesson fr-people-foundation legacy dictation fr-people-foundation-listen-model, lesson fr-people-foundation step fr-people-foundation-step-fr-people-foundation-listen-model
  MISSING fr-foundations fr-family-foundation-model /audio/french-foundations/fr-family-foundation-model.wav — device-speech (intentional) — referenced by lesson fr-family-foundation legacy dictation fr-family-foundation-listen-model, lesson fr-family-foundation step fr-family-foundation-step-fr-family-foundation-listen-model
  MISSING fr-foundations fr-numbers-foundation-model /audio/french-foundations/fr-numbers-foundation-model.wav — device-speech (intentional) — referenced by lesson fr-numbers-foundation legacy dictation fr-numbers-foundation-listen-model, lesson fr-numbers-foundation step fr-numbers-foundation-step-fr-numbers-foundation-listen-model
  MISSING it-foundations it-polite-coffee-audio /audio/italian/it-ordering-politely-answer.wav — device-speech (intentional) — referenced by lesson it-cafe-order-foundation legacy dictation it-cafe-order-foundation-listen-model, lesson it-cafe-order-foundation step it-cafe-order-foundation-step-it-cafe-order-foundation-listen-model, lesson it-cafe-order-foundation step it-cafe-order-foundation-step-say, lesson it-requests-foundation legacy dictation it-requests-foundation-listen, lesson it-requests-foundation step it-requests-foundation-step-it-requests-foundation-listen
  MISSING it-foundations it-identity-foundation-model /audio/italian-foundations/it-identity-foundation-model.wav — device-speech (intentional) — referenced by lesson it-identity-foundation legacy dictation it-identity-foundation-listen-model, lesson it-identity-foundation step it-identity-foundation-step-it-identity-foundation-listen-model
  MISSING it-foundations it-people-foundation-model /audio/italian-foundations/it-people-foundation-model.wav — device-speech (intentional) — referenced by lesson it-people-foundation legacy dictation it-people-foundation-listen-model, lesson it-people-foundation step it-people-foundation-step-it-people-foundation-listen-model, lesson it-people-foundation step it-people-foundation-step-say
  MISSING it-foundations it-family-foundation-model /audio/italian-foundations/it-family-foundation-model.wav — device-speech (intentional) — referenced by lesson it-family-foundation legacy dictation it-family-foundation-listen-model, lesson it-family-foundation step it-family-foundation-step-it-family-foundation-listen-model, lesson it-family-foundation step it-family-foundation-step-say
  MISSING it-foundations it-numbers-foundation-model /audio/italian-foundations/it-numbers-foundation-model.wav — device-speech (intentional) — referenced by lesson it-numbers-foundation legacy dictation it-numbers-foundation-listen-model, lesson it-numbers-foundation step it-numbers-foundation-step-rb10, lesson it-numbers-foundation step it-numbers-foundation-step-rb9
  MISSING it-foundations it-descriptions-foundation-model /audio/italian-foundations/it-descriptions-foundation-model.wav — device-speech (intentional) — referenced by lesson it-descriptions-foundation legacy dictation it-descriptions-foundation-listen-model, lesson it-descriptions-foundation step it-descriptions-foundation-step-rb10, lesson it-descriptions-foundation step it-descriptions-foundation-step-rb8
  MISSING it-foundations it-plural-foundation-model /audio/italian-foundations/it-plural-foundation-model.wav — device-speech (intentional) — referenced by lesson it-plural-foundation legacy dictation it-plural-foundation-listen-model, lesson it-plural-foundation step it-plural-foundation-step-rb10, lesson it-plural-foundation step it-plural-foundation-step-rb9
  MISSING it-foundations it-negation-foundation-model /audio/italian-foundations/it-negation-foundation-model.wav — device-speech (intentional) — referenced by lesson it-negation-foundation legacy dictation it-negation-foundation-listen-model, lesson it-negation-foundation step it-negation-foundation-step-rb10
  MISSING it-foundations it-food-foundation-model /audio/italian-foundations/it-food-foundation-model.wav — device-speech (intentional) — referenced by lesson it-food-foundation legacy dictation it-food-foundation-listen-model, lesson it-food-foundation step it-food-foundation-step-it-food-foundation-listen-model, lesson it-food-foundation step it-food-foundation-step-say
  MISSING it-foundations it-possession-foundation-model /audio/italian-foundations/it-possession-foundation-model.wav — device-speech (intentional) — referenced by lesson it-possession-foundation legacy dictation it-possession-foundation-listen-model, lesson it-possession-foundation step it-possession-foundation-step-rb10, lesson it-possession-foundation step it-possession-foundation-step-rb9
  MISSING it-foundations it-requests-foundation-model /audio/italian-foundations/it-requests-foundation-model.wav — device-speech (intentional) — referenced by lesson it-requests-foundation legacy dictation it-requests-foundation-listen-model, lesson it-requests-foundation step it-requests-foundation-step-it-requests-foundation-listen-model, lesson it-requests-foundation step it-requests-foundation-step-say
  MISSING it-foundations it-past-foundation-model /audio/italian-foundations/it-past-foundation-model.wav — device-speech (intentional) — referenced by lesson it-past-foundation legacy dictation it-past-foundation-listen-model, lesson it-past-foundation step it-past-foundation-step-rb7
  MISSING it-foundations it-plans-foundation-model /audio/italian-foundations/it-plans-foundation-model.wav — device-speech (intentional) — referenced by lesson it-plans-foundation legacy dictation it-plans-foundation-listen-model, lesson it-plans-foundation step it-plans-foundation-step-rb9
  MISSING it-foundations it-days-foundation-model /audio/italian-foundations/it-days-foundation-model.wav — device-speech (intentional) — referenced by lesson it-days-foundation legacy dictation it-days-foundation-listen-model, lesson it-days-foundation step it-days-foundation-step-rb10, lesson it-days-foundation step it-days-foundation-step-rb9
  MISSING it-foundations it-market-foundation-model /audio/italian-foundations/it-market-foundation-model.wav — device-speech (intentional) — referenced by lesson it-market-foundation legacy dictation it-market-foundation-listen-model, lesson it-market-foundation step it-market-foundation-step-it-market-foundation-listen-model, lesson it-market-foundation step it-market-foundation-step-say
  MISSING it-foundations it-emergency-foundation-model /audio/italian-foundations/it-emergency-foundation-model.wav — device-speech (intentional) — referenced by lesson it-emergency-foundation legacy dictation it-emergency-foundation-listen-model, lesson it-emergency-foundation step it-emergency-foundation-step-rb10
PASS Content media inventory: every declared asset resolves with matching type/hash, or is allowlisted for device speech
PASS pack + media integrity (check_packs.sh)

== Step 2/5  Editorial backlog report  (tools/audit_editorial.sh — report only, not a gate) ==
SUMMARY fr-foundations (french): total 571 — error-feedback gap 158 surfaces, hint-gap 347/347 steps, ungraded 64 information + 0 self-compare, mission/story final-response gap 2/15
SUMMARY it-foundations (italian): total 619 — error-feedback gap 182 surfaces, hint-gap 362/362 steps, ungraded 60 information + 12 self-compare, mission/story final-response gap 3/13
SUMMARY de-foundations (german): total 583 — error-feedback gap 178 surfaces, hint-gap 337/337 steps, ungraded 68 information + 0 self-compare, mission/story final-response gap 0/16
SUMMARY pt-foundations (portuguese): total 585 — error-feedback gap 179 surfaces, hint-gap 342/342 steps, ungraded 62 information + 0 self-compare, mission/story final-response gap 2/16
SUMMARY es-foundations (spanish): total 606 — error-feedback gap 183 surfaces, hint-gap 355/355 steps, ungraded 68 information + 0 self-compare, mission/story final-response gap 0/16
== OPEN-ENDED GRADING CHECK ==
EXIT-GATE (open-ended free production falsely auto-graded): PASS (0) — free-phrase 0, interrogative 0; informational: comprehension 102
SUMMARY all five packs audited; exit 0 means packs loaded — treat counts as a backlog, not a pass/fail
PASS editorial audit ran — backlog counts above are informational, not a gate

== Step 3/5  Generated lesson catalog is a faithful snapshot  (tools/gen_lesson_catalog.py) ==
PASS LessonCatalog.generated.swift regenerates byte-identically from the packs

== Step 4/5  Unit tests  (CondiscoTests) ==
Command line invocation:
    /Applications/Xcode.app/Contents/Developer/usr/bin/xcodebuild test -project Condisco.xcodeproj -scheme Condisco -destination "platform=iOS Simulator,name=iPhone 18 Pro" "-only-testing:CondiscoTests" -derivedDataPath /var/folders/3w/91hphlzs0rv_1twbkfyhvn6m0000gn/T//condisco-preflight.dyPabj/DerivedData ONLY_ACTIVE_ARCH=YES

Build settings from command line:
    ONLY_ACTIVE_ARCH = YES

ComputePackagePrebuildTargetDependencyGraph

Prepare packages

CreateBuildRequest

SendProjectDescription

CreateBuildOperation

ComputeTargetDependencyGraph
note: Building targets in dependency order
note: Target dependency graph (4 targets)
    Target 'CondiscoUITests' in project 'Condisco'
        ➜ Explicit dependency on target 'Condisco' in project 'Condisco'
    Target 'CondiscoTests' in project 'Condisco'
        ➜ Explicit dependency on target 'Condisco' in project 'Condisco'
    Target 'Condisco' in project 'Condisco'
        ➜ Explicit dependency on target 'CondiscoWidget' in project 'Condisco'
    Target 'CondiscoWidget' in project 'Condisco' (no dependencies)

GatherProvisioningInputs

CreateBuildDescription

ExecuteExternalTool /Applications/Xcode.app/Contents/Developer/Toolchains/XcodeDefault.xctoolchain/usr/bin/swiftc --version

ExecuteExternalTool /Applications/Xcode.app/Contents/Developer/usr/bin/actool --print-asset-tag-combinations --output-format xml1 /Users/spkoehl/Projects/VerbaLibera/Condisco/Assets.xcassets

ExecuteExternalTool /Applications/Xcode.app/Contents/Developer/Toolchains/XcodeDefault.xctoolchain/usr/bin/clang -v -E -dM -isysroot /Applications/Xcode.app/Contents/Developer/Platforms/iPhoneSimulator.platform/Developer/SDKs/iPhoneSimulator27.0.sdk -x c -c /dev/null

ExecuteExternalTool /Applications/Xcode.app/Contents/Developer/Toolchains/XcodeDefault.xctoolchain/usr/bin/ld -version_details

ExecuteExternalTool /Applications/Xcode.app/Contents/Developer/usr/bin/actool --version --output-format xml1

Build description signature: 7d22913369492d5ba2d5056d8cf07550
Build description path: /var/folders/3w/91hphlzs0rv_1twbkfyhvn6m0000gn/T/condisco-preflight.dyPabj/DerivedData/Build/Intermediates.noindex/XCBuildData/7d22913369492d5ba2d5056d8cf07550.xcbuilddata
CreateBuildDirectory /var/folders/3w/91hphlzs0rv_1twbkfyhvn6m0000gn/T/condisco-preflight.dyPabj/DerivedData/ModuleCache.noindex
    cd /Users/spkoehl/Projects/VerbaLibera/Condisco.xcodeproj
    builtin-create-build-directory /var/folders/3w/91hphlzs0rv_1twbkfyhvn6m0000gn/T/condisco-preflight.dyPabj/DerivedData/ModuleCache.noindex

CreateBuildDirectory /var/folders/3w/91hphlzs0rv_1twbkfyhvn6m0000gn/T/condisco-preflight.dyPabj/DerivedData/CompilationCache.noindex
    cd /Users/spkoehl/Projects/VerbaLibera/Condisco.xcodeproj
    builtin-create-build-directory /var/folders/3w/91hphlzs0rv_1twbkfyhvn6m0000gn/T/condisco-preflight.dyPabj/DerivedData/CompilationCache.noindex

CreateBuildDirectory /var/folders/3w/91hphlzs0rv_1twbkfyhvn6m0000gn/T/condisco-preflight.dyPabj/DerivedData/SDKExplicitPrecompiledModules
    cd /Users/spkoehl/Projects/VerbaLibera/Condisco.xcodeproj
    builtin-create-build-directory /var/folders/3w/91hphlzs0rv_1twbkfyhvn6m0000gn/T/condisco-preflight.dyPabj/DerivedData/SDKExplicitPrecompiledModules

ClangStatCache /Applications/Xcode.app/Contents/Developer/Toolchains/XcodeDefault.xctoolchain/usr/bin/clang-stat-cache /Applications/Xcode.app/Contents/Developer/Platforms/iPhoneSimulator.platform/Developer/SDKs/iPhoneSimulator27.0.sdk /var/folders/3w/91hphlzs0rv_1twbkfyhvn6m0000gn/T/condisco-preflight.dyPabj/DerivedData/SDKStatCaches.noindex/iphonesimulator27.0-24A430-8dc58220667be655e1bcc261a7455254.sdkstatcache
    cd /Users/spkoehl/Projects/VerbaLibera/Condisco.xcodeproj
    /Applications/Xcode.app/Contents/Developer/Toolchains/XcodeDefault.xctoolchain/usr/bin/clang-stat-cache /Applications/Xcode.app/Contents/Developer/Platforms/iPhoneSimulator.platform/Developer/SDKs/iPhoneSimulator27.0.sdk -o /var/folders/3w/91hphlzs0rv_1twbkfyhvn6m0000gn/T/condisco-preflight.dyPabj/DerivedData/SDKStatCaches.noindex/iphonesimulator27.0-24A430-8dc58220667be655e1bcc261a7455254.sdkstatcache

CreateBuildDirectory /var/folders/3w/91hphlzs0rv_1twbkfyhvn6m0000gn/T/condisco-preflight.dyPabj/DerivedData/Build/Products
    cd /Users/spkoehl/Projects/VerbaLibera/Condisco.xcodeproj
    builtin-create-build-directory /var/folders/3w/91hphlzs0rv_1twbkfyhvn6m0000gn/T/condisco-preflight.dyPabj/DerivedData/Build/Products

CreateBuildDirectory /var/folders/3w/91hphlzs0rv_1twbkfyhvn6m0000gn/T/condisco-preflight.dyPabj/DerivedData/Build/Intermediates.noindex
    cd /Users/spkoehl/Projects/VerbaLibera/Condisco.xcodeproj
    builtin-create-build-directory /var/folders/3w/91hphlzs0rv_1twbkfyhvn6m0000gn/T/condisco-preflight.dyPabj/DerivedData/Build/Intermediates.noindex

CreateBuildDirectory /var/folders/3w/91hphlzs0rv_1twbkfyhvn6m0000gn/T/condisco-preflight.dyPabj/DerivedData/Build/Products/Debug-iphonesimulator
    cd /Users/spkoehl/Projects/VerbaLibera/Condisco.xcodeproj
    builtin-create-build-directory /var/folders/3w/91hphlzs0rv_1twbkfyhvn6m0000gn/T/condisco-preflight.dyPabj/DerivedData/Build/Products/Debug-iphonesimulator

CreateBuildDirectory /var/folders/3w/91hphlzs0rv_1twbkfyhvn6m0000gn/T/condisco-preflight.dyPabj/DerivedData/Build/Intermediates.noindex/ExplicitPrecompiledModules
    cd /Users/spkoehl/Projects/VerbaLibera/Condisco.xcodeproj
    builtin-create-build-directory /var/folders/3w/91hphlzs0rv_1twbkfyhvn6m0000gn/T/condisco-preflight.dyPabj/DerivedData/Build/Intermediates.noindex/ExplicitPrecompiledModules

CreateBuildDirectory /var/folders/3w/91hphlzs0rv_1twbkfyhvn6m0000gn/T/condisco-preflight.dyPabj/DerivedData/Build/Intermediates.noindex/PrecompiledHeaders
    cd /Users/spkoehl/Projects/VerbaLibera/Condisco.xcodeproj
    builtin-create-build-directory /var/folders/3w/91hphlzs0rv_1twbkfyhvn6m0000gn/T/condisco-preflight.dyPabj/DerivedData/Build/Intermediates.noindex/PrecompiledHeaders

WriteAuxiliaryFile /var/folders/3w/91hphlzs0rv_1twbkfyhvn6m0000gn/T/condisco-preflight.dyPabj/DerivedData/Build/Intermediates.noindex/Condisco.build/Debug-iphonesimulator/Condisco-a06d22f186627733d537732b5233bd82-VFS-iphonesimulator/all-product-headers.yaml
    cd /Users/spkoehl/Projects/VerbaLibera/Condisco.xcodeproj
    write-file /var/folders/3w/91hphlzs0rv_1twbkfyhvn6m0000gn/T/condisco-preflight.dyPabj/DerivedData/Build/Intermediates.noindex/Condisco.build/Debug-iphonesimulator/Condisco-a06d22f186627733d537732b5233bd82-VFS-iphonesimulator/all-product-headers.yaml

CreateBuildDirectory /var/folders/3w/91hphlzs0rv_1twbkfyhvn6m0000gn/T/condisco-preflight.dyPabj/DerivedData/Build/Intermediates.noindex/SwiftExplicitPrecompiledModules
    cd /Users/spkoehl/Projects/VerbaLibera/Condisco.xcodeproj
    builtin-create-build-directory /var/folders/3w/91hphlzs0rv_1twbkfyhvn6m0000gn/T/condisco-preflight.dyPabj/DerivedData/Build/Intermediates.noindex/SwiftExplicitPrecompiledModules

CreateBuildDirectory /var/folders/3w/91hphlzs0rv_1twbkfyhvn6m0000gn/T/condisco-preflight.dyPabj/DerivedData/Build/Intermediates.noindex/EagerLinkingTBDs/Debug-iphonesimulator
    cd /Users/spkoehl/Projects/VerbaLibera/Condisco.xcodeproj
    builtin-create-build-directory /var/folders/3w/91hphlzs0rv_1twbkfyhvn6m0000gn/T/condisco-preflight.dyPabj/DerivedData/Build/Intermediates.noindex/EagerLinkingTBDs/Debug-iphonesimulator

WriteAuxiliaryFile /var/folders/3w/91hphlzs0rv_1twbkfyhvn6m0000gn/T/condisco-preflight.dyPabj/DerivedData/Build/Intermediates.noindex/Condisco.build/Debug-iphonesimulator/CondiscoWidget.build/Objects-normal/arm64/CondiscoWidget_const_extract_protocols.json (in target 'CondiscoWidget' from project 'Condisco')
    cd /Users/spkoehl/Projects/VerbaLibera
    write-file /var/folders/3w/91hphlzs0rv_1twbkfyhvn6m0000gn/T/condisco-preflight.dyPabj/DerivedData/Build/Intermediates.noindex/Condisco.build/Debug-iphonesimulator/CondiscoWidget.build/Objects-normal/arm64/CondiscoWidget_const_extract_protocols.json

WriteAuxiliaryFile /var/folders/3w/91hphlzs0rv_1twbkfyhvn6m0000gn/T/condisco-preflight.dyPabj/DerivedData/Build/Intermediates.noindex/Condisco.build/Debug-iphonesimulator/CondiscoWidget.build/Objects-normal/arm64/CondiscoWidget.SwiftFileList (in target 'CondiscoWidget' from project 'Condisco')
    cd /Users/spkoehl/Projects/VerbaLibera
    write-file /var/folders/3w/91hphlzs0rv_1twbkfyhvn6m0000gn/T/condisco-preflight.dyPabj/DerivedData/Build/Intermediates.noindex/Condisco.build/Debug-iphonesimulator/CondiscoWidget.build/Objects-normal/arm64/CondiscoWidget.SwiftFileList

WriteAuxiliaryFile /var/folders/3w/91hphlzs0rv_1twbkfyhvn6m0000gn/T/condisco-preflight.dyPabj/DerivedData/Build/Intermediates.noindex/Condisco.build/Debug-iphonesimulator/CondiscoWidget.build/Objects-normal/arm64/CondiscoWidget.SwiftConstValuesFileList (in target 'CondiscoWidget' from project 'Condisco')
    cd /Users/spkoehl/Projects/VerbaLibera
    write-file /var/folders/3w/91hphlzs0rv_1twbkfyhvn6m0000gn/T/condisco-preflight.dyPabj/DerivedData/Build/Intermediates.noindex/Condisco.build/Debug-iphonesimulator/CondiscoWidget.build/Objects-normal/arm64/CondiscoWidget.SwiftConstValuesFileList

WriteAuxiliaryFile /var/folders/3w/91hphlzs0rv_1twbkfyhvn6m0000gn/T/condisco-preflight.dyPabj/DerivedData/Build/Intermediates.noindex/Condisco.build/Debug-iphonesimulator/CondiscoWidget.build/Objects-normal/arm64/CondiscoWidget.LinkFileList (in target 'CondiscoWidget' from project 'Condisco')
    cd /Users/spkoehl/Projects/VerbaLibera
    write-file /var/folders/3w/91hphlzs0rv_1twbkfyhvn6m0000gn/T/condisco-preflight.dyPabj/DerivedData/Build/Intermediates.noindex/Condisco.build/Debug-iphonesimulator/CondiscoWidget.build/Objects-normal/arm64/CondiscoWidget.LinkFileList

WriteAuxiliaryFile /var/folders/3w/91hphlzs0rv_1twbkfyhvn6m0000gn/T/condisco-preflight.dyPabj/DerivedData/Build/Intermediates.noindex/Condisco.build/Debug-iphonesimulator/CondiscoWidget.build/Objects-normal/arm64/CondiscoWidget-OutputFileMap.json (in target 'CondiscoWidget' from project 'Condisco')
    cd /Users/spkoehl/Projects/VerbaLibera
    write-file /var/folders/3w/91hphlzs0rv_1twbkfyhvn6m0000gn/T/condisco-preflight.dyPabj/DerivedData/Build/Intermediates.noindex/Condisco.build/Debug-iphonesimulator/CondiscoWidget.build/Objects-normal/arm64/CondiscoWidget-OutputFileMap.json

WriteAuxiliaryFile /var/folders/3w/91hphlzs0rv_1twbkfyhvn6m0000gn/T/condisco-preflight.dyPabj/DerivedData/Build/Intermediates.noindex/Condisco.build/Debug-iphonesimulator/CondiscoWidget.build/CondiscoWidget.hmap (in target 'CondiscoWidget' from project 'Condisco')
    cd /Users/spkoehl/Projects/VerbaLibera
    write-file /var/folders/3w/91hphlzs0rv_1twbkfyhvn6m0000gn/T/condisco-preflight.dyPabj/DerivedData/Build/Intermediates.noindex/Condisco.build/Debug-iphonesimulator/CondiscoWidget.build/CondiscoWidget.hmap

WriteAuxiliaryFile /var/folders/3w/91hphlzs0rv_1twbkfyhvn6m0000gn/T/condisco-preflight.dyPabj/DerivedData/Build/Intermediates.noindex/Condisco.build/Debug-iphonesimulator/CondiscoWidget.build/DerivedSources/Entitlements-Simulated.plist (in target 'CondiscoWidget' from project 'Condisco')
    cd /Users/spkoehl/Projects/VerbaLibera
    write-file /var/folders/3w/91hphlzs0rv_1twbkfyhvn6m0000gn/T/condisco-preflight.dyPabj/DerivedData/Build/Intermediates.noindex/Condisco.build/Debug-iphonesimulator/CondiscoWidget.build/DerivedSources/Entitlements-Simulated.plist

WriteAuxiliaryFile /var/folders/3w/91hphlzs0rv_1twbkfyhvn6m0000gn/T/condisco-preflight.dyPabj/DerivedData/Build/Intermediates.noindex/Condisco.build/Debug-iphonesimulator/CondiscoWidget.build/CondiscoWidget.DependencyStaticMetadataFileList (in target 'CondiscoWidget' from project 'Condisco')
    cd /Users/spkoehl/Projects/VerbaLibera
    write-file /var/folders/3w/91hphlzs0rv_1twbkfyhvn6m0000gn/T/condisco-preflight.dyPabj/DerivedData/Build/Intermediates.noindex/Condisco.build/Debug-iphonesimulator/CondiscoWidget.build/CondiscoWidget.DependencyStaticMetadataFileList

WriteAuxiliaryFile /var/folders/3w/91hphlzs0rv_1twbkfyhvn6m0000gn/T/condisco-preflight.dyPabj/DerivedData/Build/Intermediates.noindex/Condisco.build/Debug-iphonesimulator/CondiscoWidget.build/CondiscoWidget.DependencyMetadataFileList (in target 'CondiscoWidget' from project 'Condisco')
    cd /Users/spkoehl/Projects/VerbaLibera
    write-file /var/folders/3w/91hphlzs0rv_1twbkfyhvn6m0000gn/T/condisco-preflight.dyPabj/DerivedData/Build/Intermediates.noindex/Condisco.build/Debug-iphonesimulator/CondiscoWidget.build/CondiscoWidget.DependencyMetadataFileList

WriteAuxiliaryFile /var/folders/3w/91hphlzs0rv_1twbkfyhvn6m0000gn/T/condisco-preflight.dyPabj/DerivedData/Build/Intermediates.noindex/Condisco.build/Debug-iphonesimulator/CondiscoWidget.build/CondiscoWidget-project-headers.hmap (in target 'CondiscoWidget' from project 'Condisco')
    cd /Users/spkoehl/Projects/VerbaLibera
    write-file /var/folders/3w/91hphlzs0rv_1twbkfyhvn6m0000gn/T/condisco-preflight.dyPabj/DerivedData/Build/Intermediates.noindex/Condisco.build/Debug-iphonesimulator/CondiscoWidget.build/CondiscoWidget-project-headers.hmap

WriteAuxiliaryFile /var/folders/3w/91hphlzs0rv_1twbkfyhvn6m0000gn/T/condisco-preflight.dyPabj/DerivedData/Build/Intermediates.noindex/Condisco.build/Debug-iphonesimulator/CondiscoWidget.build/CondiscoWidget-own-target-headers.hmap (in target 'CondiscoWidget' from project 'Condisco')
    cd /Users/spkoehl/Projects/VerbaLibera
    write-file /var/folders/3w/91hphlzs0rv_1twbkfyhvn6m0000gn/T/condisco-preflight.dyPabj/DerivedData/Build/Intermediates.noindex/Condisco.build/Debug-iphonesimulator/CondiscoWidget.build/CondiscoWidget-own-target-headers.hmap

WriteAuxiliaryFile /var/folders/3w/91hphlzs0rv_1twbkfyhvn6m0000gn/T/condisco-preflight.dyPabj/DerivedData/Build/Intermediates.noindex/Condisco.build/Debug-iphonesimulator/CondiscoWidget.build/CondiscoWidget-generated-files.hmap (in target 'CondiscoWidget' from project 'Condisco')
    cd /Users/spkoehl/Projects/VerbaLibera
    write-file /var/folders/3w/91hphlzs0rv_1twbkfyhvn6m0000gn/T/condisco-preflight.dyPabj/DerivedData/Build/Intermediates.noindex/Condisco.build/Debug-iphonesimulator/CondiscoWidget.build/CondiscoWidget-generated-files.hmap

WriteAuxiliaryFile /var/folders/3w/91hphlzs0rv_1twbkfyhvn6m0000gn/T/condisco-preflight.dyPabj/DerivedData/Build/Intermediates.noindex/Condisco.build/Debug-iphonesimulator/CondiscoWidget.build/CondiscoWidget-all-target-headers.hmap (in target 'CondiscoWidget' from project 'Condisco')
    cd /Users/spkoehl/Projects/VerbaLibera
    write-file /var/folders/3w/91hphlzs0rv_1twbkfyhvn6m0000gn/T/condisco-preflight.dyPabj/DerivedData/Build/Intermediates.noindex/Condisco.build/Debug-iphonesimulator/CondiscoWidget.build/CondiscoWidget-all-target-headers.hmap

WriteAuxiliaryFile /var/folders/3w/91hphlzs0rv_1twbkfyhvn6m0000gn/T/condisco-preflight.dyPabj/DerivedData/Build/Intermediates.noindex/Condisco.build/Debug-iphonesimulator/CondiscoWidget.build/CondiscoWidget-all-non-framework-target-headers.hmap (in target 'CondiscoWidget' from project 'Condisco')
    cd /Users/spkoehl/Projects/VerbaLibera
    write-file /var/folders/3w/91hphlzs0rv_1twbkfyhvn6m0000gn/T/condisco-preflight.dyPabj/DerivedData/Build/Intermediates.noindex/Condisco.build/Debug-iphonesimulator/CondiscoWidget.build/CondiscoWidget-all-non-framework-target-headers.hmap

WriteAuxiliaryFile /var/folders/3w/91hphlzs0rv_1twbkfyhvn6m0000gn/T/condisco-preflight.dyPabj/DerivedData/Build/Intermediates.noindex/Condisco.build/Debug-iphonesimulator/CondiscoWidget.build/CondiscoWidget-DebugEntryPoint-normal-arm64.txt (in target 'CondiscoWidget' from project 'Condisco')
    cd /Users/spkoehl/Projects/VerbaLibera
    write-file /var/folders/3w/91hphlzs0rv_1twbkfyhvn6m0000gn/T/condisco-preflight.dyPabj/DerivedData/Build/Intermediates.noindex/Condisco.build/Debug-iphonesimulator/CondiscoWidget.build/CondiscoWidget-DebugEntryPoint-normal-arm64.txt

WriteAuxiliaryFile /var/folders/3w/91hphlzs0rv_1twbkfyhvn6m0000gn/T/condisco-preflight.dyPabj/DerivedData/Build/Intermediates.noindex/Condisco.build/Debug-iphonesimulator/CondiscoWidget.build/CondiscoWidget-DebugDylibPath-normal-arm64.txt (in target 'CondiscoWidget' from project 'Condisco')
    cd /Users/spkoehl/Projects/VerbaLibera
    write-file /var/folders/3w/91hphlzs0rv_1twbkfyhvn6m0000gn/T/condisco-preflight.dyPabj/DerivedData/Build/Intermediates.noindex/Condisco.build/Debug-iphonesimulator/CondiscoWidget.build/CondiscoWidget-DebugDylibPath-normal-arm64.txt

WriteAuxiliaryFile /var/folders/3w/91hphlzs0rv_1twbkfyhvn6m0000gn/T/condisco-preflight.dyPabj/DerivedData/Build/Intermediates.noindex/Condisco.build/Debug-iphonesimulator/CondiscoWidget.build/CondiscoWidget-DebugDylibInstallName-normal-arm64.txt (in target 'CondiscoWidget' from project 'Condisco')
    cd /Users/spkoehl/Projects/VerbaLibera
    write-file /var/folders/3w/91hphlzs0rv_1twbkfyhvn6m0000gn/T/condisco-preflight.dyPabj/DerivedData/Build/Intermediates.noindex/Condisco.build/Debug-iphonesimulator/CondiscoWidget.build/CondiscoWidget-DebugDylibInstallName-normal-arm64.txt

WriteAuxiliaryFile /var/folders/3w/91hphlzs0rv_1twbkfyhvn6m0000gn/T/condisco-preflight.dyPabj/DerivedData/Build/Intermediates.noindex/Condisco.build/Debug-iphonesimulator/CondiscoUITests.build/empty-CondiscoUITests.plist (in target 'CondiscoUITests' from project 'Condisco')
    cd /Users/spkoehl/Projects/VerbaLibera
    write-file /var/folders/3w/91hphlzs0rv_1twbkfyhvn6m0000gn/T/condisco-preflight.dyPabj/DerivedData/Build/Intermediates.noindex/Condisco.build/Debug-iphonesimulator/CondiscoUITests.build/empty-CondiscoUITests.plist

WriteAuxiliaryFile /var/folders/3w/91hphlzs0rv_1twbkfyhvn6m0000gn/T/condisco-preflight.dyPabj/DerivedData/Build/Intermediates.noindex/Condisco.build/Debug-iphonesimulator/CondiscoUITests.build/ProductTypeInfoPlistAdditions.plist (in target 'CondiscoUITests' from project 'Condisco')
    cd /Users/spkoehl/Projects/VerbaLibera
    write-file /var/folders/3w/91hphlzs0rv_1twbkfyhvn6m0000gn/T/condisco-preflight.dyPabj/DerivedData/Build/Intermediates.noindex/Condisco.build/Debug-iphonesimulator/CondiscoUITests.build/ProductTypeInfoPlistAdditions.plist

WriteAuxiliaryFile /var/folders/3w/91hphlzs0rv_1twbkfyhvn6m0000gn/T/condisco-preflight.dyPabj/DerivedData/Build/Intermediates.noindex/Condisco.build/Debug-iphonesimulator/CondiscoUITests.build/Objects-normal/arm64/CondiscoUITests_const_extract_protocols.json (in target 'CondiscoUITests' from project 'Condisco')
    cd /Users/spkoehl/Projects/VerbaLibera
    write-file /var/folders/3w/91hphlzs0rv_1twbkfyhvn6m0000gn/T/condisco-preflight.dyPabj/DerivedData/Build/Intermediates.noindex/Condisco.build/Debug-iphonesimulator/CondiscoUITests.build/Objects-normal/arm64/CondiscoUITests_const_extract_protocols.json

WriteAuxiliaryFile /var/folders/3w/91hphlzs0rv_1twbkfyhvn6m0000gn/T/condisco-preflight.dyPabj/DerivedData/Build/Intermediates.noindex/Condisco.build/Debug-iphonesimulator/CondiscoUITests.build/Objects-normal/arm64/CondiscoUITests.SwiftFileList (in target 'CondiscoUITests' from project 'Condisco')
    cd /Users/spkoehl/Projects/VerbaLibera
    write-file /var/folders/3w/91hphlzs0rv_1twbkfyhvn6m0000gn/T/condisco-preflight.dyPabj/DerivedData/Build/Intermediates.noindex/Condisco.build/Debug-iphonesimulator/CondiscoUITests.build/Objects-normal/arm64/CondiscoUITests.SwiftFileList

WriteAuxiliaryFile /var/folders/3w/91hphlzs0rv_1twbkfyhvn6m0000gn/T/condisco-preflight.dyPabj/DerivedData/Build/Intermediates.noindex/Condisco.build/Debug-iphonesimulator/CondiscoUITests.build/Objects-normal/arm64/CondiscoUITests.SwiftConstValuesFileList (in target 'CondiscoUITests' from project 'Condisco')
    cd /Users/spkoehl/Projects/VerbaLibera
    write-file /var/folders/3w/91hphlzs0rv_1twbkfyhvn6m0000gn/T/condisco-preflight.dyPabj/DerivedData/Build/Intermediates.noindex/Condisco.build/Debug-iphonesimulator/CondiscoUITests.build/Objects-normal/arm64/CondiscoUITests.SwiftConstValuesFileList

WriteAuxiliaryFile /var/folders/3w/91hphlzs0rv_1twbkfyhvn6m0000gn/T/condisco-preflight.dyPabj/DerivedData/Build/Intermediates.noindex/Condisco.build/Debug-iphonesimulator/CondiscoUITests.build/Objects-normal/arm64/CondiscoUITests.LinkFileList (in target 'CondiscoUITests' from project 'Condisco')
    cd /Users/spkoehl/Projects/VerbaLibera
    write-file /var/folders/3w/91hphlzs0rv_1twbkfyhvn6m0000gn/T/condisco-preflight.dyPabj/DerivedData/Build/Intermediates.noindex/Condisco.build/Debug-iphonesimulator/CondiscoUITests.build/Objects-normal/arm64/CondiscoUITests.LinkFileList

WriteAuxiliaryFile /var/folders/3w/91hphlzs0rv_1twbkfyhvn6m0000gn/T/condisco-preflight.dyPabj/DerivedData/Build/Intermediates.noindex/Condisco.build/Debug-iphonesimulator/CondiscoUITests.build/Objects-normal/arm64/CondiscoUITests-OutputFileMap.json (in target 'CondiscoUITests' from project 'Condisco')
    cd /Users/spkoehl/Projects/VerbaLibera
    write-file /var/folders/3w/91hphlzs0rv_1twbkfyhvn6m0000gn/T/condisco-preflight.dyPabj/DerivedData/Build/Intermediates.noindex/Condisco.build/Debug-iphonesimulator/CondiscoUITests.build/Objects-normal/arm64/CondiscoUITests-OutputFileMap.json

WriteAuxiliaryFile /var/folders/3w/91hphlzs0rv_1twbkfyhvn6m0000gn/T/condisco-preflight.dyPabj/DerivedData/Build/Intermediates.noindex/Condisco.build/Debug-iphonesimulator/CondiscoUITests.build/DerivedSources/Entitlements-Simulated.plist (in target 'CondiscoUITests' from project 'Condisco')
    cd /Users/spkoehl/Projects/VerbaLibera
    write-file /var/folders/3w/91hphlzs0rv_1twbkfyhvn6m0000gn/T/condisco-preflight.dyPabj/DerivedData/Build/Intermediates.noindex/Condisco.build/Debug-iphonesimulator/CondiscoUITests.build/DerivedSources/Entitlements-Simulated.plist

WriteAuxiliaryFile /var/folders/3w/91hphlzs0rv_1twbkfyhvn6m0000gn/T/condisco-preflight.dyPabj/DerivedData/Build/Intermediates.noindex/Condisco.build/Debug-iphonesimulator/CondiscoUITests.build/CondiscoUITests.hmap (in target 'CondiscoUITests' from project 'Condisco')
    cd /Users/spkoehl/Projects/VerbaLibera
    write-file /var/folders/3w/91hphlzs0rv_1twbkfyhvn6m0000gn/T/condisco-preflight.dyPabj/DerivedData/Build/Intermediates.noindex/Condisco.build/Debug-iphonesimulator/CondiscoUITests.build/CondiscoUITests.hmap

WriteAuxiliaryFile /var/folders/3w/91hphlzs0rv_1twbkfyhvn6m0000gn/T/condisco-preflight.dyPabj/DerivedData/Build/Intermediates.noindex/Condisco.build/Debug-iphonesimulator/CondiscoUITests.build/CondiscoUITests.DependencyStaticMetadataFileList (in target 'CondiscoUITests' from project 'Condisco')
    cd /Users/spkoehl/Projects/VerbaLibera
    write-file /var/folders/3w/91hphlzs0rv_1twbkfyhvn6m0000gn/T/condisco-preflight.dyPabj/DerivedData/Build/Intermediates.noindex/Condisco.build/Debug-iphonesimulator/CondiscoUITests.build/CondiscoUITests.DependencyStaticMetadataFileList

WriteAuxiliaryFile /var/folders/3w/91hphlzs0rv_1twbkfyhvn6m0000gn/T/condisco-preflight.dyPabj/DerivedData/Build/Intermediates.noindex/Condisco.build/Debug-iphonesimulator/CondiscoUITests.build/CondiscoUITests.DependencyMetadataFileList (in target 'CondiscoUITests' from project 'Condisco')
    cd /Users/spkoehl/Projects/VerbaLibera
    write-file /var/folders/3w/91hphlzs0rv_1twbkfyhvn6m0000gn/T/condisco-preflight.dyPabj/DerivedData/Build/Intermediates.noindex/Condisco.build/Debug-iphonesimulator/CondiscoUITests.build/CondiscoUITests.DependencyMetadataFileList

WriteAuxiliaryFile /var/folders/3w/91hphlzs0rv_1twbkfyhvn6m0000gn/T/condisco-preflight.dyPabj/DerivedData/Build/Intermediates.noindex/Condisco.build/Debug-iphonesimulator/CondiscoUITests.build/CondiscoUITests-project-headers.hmap (in target 'CondiscoUITests' from project 'Condisco')
    cd /Users/spkoehl/Projects/VerbaLibera
    write-file /var/folders/3w/91hphlzs0rv_1twbkfyhvn6m0000gn/T/condisco-preflight.dyPabj/DerivedData/Build/Intermediates.noindex/Condisco.build/Debug-iphonesimulator/CondiscoUITests.build/CondiscoUITests-project-headers.hmap

WriteAuxiliaryFile /var/folders/3w/91hphlzs0rv_1twbkfyhvn6m0000gn/T/condisco-preflight.dyPabj/DerivedData/Build/Intermediates.noindex/Condisco.build/Debug-iphonesimulator/CondiscoUITests.build/CondiscoUITests-own-target-headers.hmap (in target 'CondiscoUITests' from project 'Condisco')
    cd /Users/spkoehl/Projects/VerbaLibera
    write-file /var/folders/3w/91hphlzs0rv_1twbkfyhvn6m0000gn/T/condisco-preflight.dyPabj/DerivedData/Build/Intermediates.noindex/Condisco.build/Debug-iphonesimulator/CondiscoUITests.build/CondiscoUITests-own-target-headers.hmap

WriteAuxiliaryFile /var/folders/3w/91hphlzs0rv_1twbkfyhvn6m0000gn/T/condisco-preflight.dyPabj/DerivedData/Build/Intermediates.noindex/Condisco.build/Debug-iphonesimulator/CondiscoUITests.build/CondiscoUITests-generated-files.hmap (in target 'CondiscoUITests' from project 'Condisco')
    cd /Users/spkoehl/Projects/VerbaLibera
    write-file /var/folders/3w/91hphlzs0rv_1twbkfyhvn6m0000gn/T/condisco-preflight.dyPabj/DerivedData/Build/Intermediates.noindex/Condisco.build/Debug-iphonesimulator/CondiscoUITests.build/CondiscoUITests-generated-files.hmap

WriteAuxiliaryFile /var/folders/3w/91hphlzs0rv_1twbkfyhvn6m0000gn/T/condisco-preflight.dyPabj/DerivedData/Build/Intermediates.noindex/Condisco.build/Debug-iphonesimulator/CondiscoUITests.build/CondiscoUITests-all-target-headers.hmap (in target 'CondiscoUITests' from project 'Condisco')
    cd /Users/spkoehl/Projects/VerbaLibera
    write-file /var/folders/3w/91hphlzs0rv_1twbkfyhvn6m0000gn/T/condisco-preflight.dyPabj/DerivedData/Build/Intermediates.noindex/Condisco.build/Debug-iphonesimulator/CondiscoUITests.build/CondiscoUITests-all-target-headers.hmap

WriteAuxiliaryFile /var/folders/3w/91hphlzs0rv_1twbkfyhvn6m0000gn/T/condisco-preflight.dyPabj/DerivedData/Build/Intermediates.noindex/Condisco.build/Debug-iphonesimulator/CondiscoUITests.build/CondiscoUITests-all-non-framework-target-headers.hmap (in target 'CondiscoUITests' from project 'Condisco')
    cd /Users/spkoehl/Projects/VerbaLibera
    write-file /var/folders/3w/91hphlzs0rv_1twbkfyhvn6m0000gn/T/condisco-preflight.dyPabj/DerivedData/Build/Intermediates.noindex/Condisco.build/Debug-iphonesimulator/CondiscoUITests.build/CondiscoUITests-all-non-framework-target-headers.hmap

WriteAuxiliaryFile /var/folders/3w/91hphlzs0rv_1twbkfyhvn6m0000gn/T/condisco-preflight.dyPabj/DerivedData/Build/Intermediates.noindex/Condisco.build/Debug-iphonesimulator/CondiscoTests.build/empty-CondiscoTests.plist (in target 'CondiscoTests' from project 'Condisco')
    cd /Users/spkoehl/Projects/VerbaLibera
    write-file /var/folders/3w/91hphlzs0rv_1twbkfyhvn6m0000gn/T/condisco-preflight.dyPabj/DerivedData/Build/Intermediates.noindex/Condisco.build/Debug-iphonesimulator/CondiscoTests.build/empty-CondiscoTests.plist

WriteAuxiliaryFile /var/folders/3w/91hphlzs0rv_1twbkfyhvn6m0000gn/T/condisco-preflight.dyPabj/DerivedData/Build/Intermediates.noindex/Condisco.build/Debug-iphonesimulator/CondiscoTests.build/Objects-normal/arm64/CondiscoTests_const_extract_protocols.json (in target 'CondiscoTests' from project 'Condisco')
    cd /Users/spkoehl/Projects/VerbaLibera
    write-file /var/folders/3w/91hphlzs0rv_1twbkfyhvn6m0000gn/T/condisco-preflight.dyPabj/DerivedData/Build/Intermediates.noindex/Condisco.build/Debug-iphonesimulator/CondiscoTests.build/Objects-normal/arm64/CondiscoTests_const_extract_protocols.json

WriteAuxiliaryFile /var/folders/3w/91hphlzs0rv_1twbkfyhvn6m0000gn/T/condisco-preflight.dyPabj/DerivedData/Build/Intermediates.noindex/Condisco.build/Debug-iphonesimulator/CondiscoTests.build/Objects-normal/arm64/CondiscoTests.SwiftFileList (in target 'CondiscoTests' from project 'Condisco')
    cd /Users/spkoehl/Projects/VerbaLibera
    write-file /var/folders/3w/91hphlzs0rv_1twbkfyhvn6m0000gn/T/condisco-preflight.dyPabj/DerivedData/Build/Intermediates.noindex/Condisco.build/Debug-iphonesimulator/CondiscoTests.build/Objects-normal/arm64/CondiscoTests.SwiftFileList

WriteAuxiliaryFile /var/folders/3w/91hphlzs0rv_1twbkfyhvn6m0000gn/T/condisco-preflight.dyPabj/DerivedData/Build/Intermediates.noindex/Condisco.build/Debug-iphonesimulator/CondiscoTests.build/Objects-normal/arm64/CondiscoTests.SwiftConstValuesFileList (in target 'CondiscoTests' from project 'Condisco')
    cd /Users/spkoehl/Projects/VerbaLibera
    write-file /var/folders/3w/91hphlzs0rv_1twbkfyhvn6m0000gn/T/condisco-preflight.dyPabj/DerivedData/Build/Intermediates.noindex/Condisco.build/Debug-iphonesimulator/CondiscoTests.build/Objects-normal/arm64/CondiscoTests.SwiftConstValuesFileList

WriteAuxiliaryFile /var/folders/3w/91hphlzs0rv_1twbkfyhvn6m0000gn/T/condisco-preflight.dyPabj/DerivedData/Build/Intermediates.noindex/Condisco.build/Debug-iphonesimulator/CondiscoTests.build/Objects-normal/arm64/CondiscoTests.LinkFileList (in target 'CondiscoTests' from project 'Condisco')
    cd /Users/spkoehl/Projects/VerbaLibera
    write-file /var/folders/3w/91hphlzs0rv_1twbkfyhvn6m0000gn/T/condisco-preflight.dyPabj/DerivedData/Build/Intermediates.noindex/Condisco.build/Debug-iphonesimulator/CondiscoTests.build/Objects-normal/arm64/CondiscoTests.LinkFileList

WriteAuxiliaryFile /var/folders/3w/91hphlzs0rv_1twbkfyhvn6m0000gn/T/condisco-preflight.dyPabj/DerivedData/Build/Intermediates.noindex/Condisco.build/Debug-iphonesimulator/CondiscoTests.build/Objects-normal/arm64/CondiscoTests-OutputFileMap.json (in target 'CondiscoTests' from project 'Condisco')
    cd /Users/spkoehl/Projects/VerbaLibera
    write-file /var/folders/3w/91hphlzs0rv_1twbkfyhvn6m0000gn/T/condisco-preflight.dyPabj/DerivedData/Build/Intermediates.noindex/Condisco.build/Debug-iphonesimulator/CondiscoTests.build/Objects-normal/arm64/CondiscoTests-OutputFileMap.json

WriteAuxiliaryFile /var/folders/3w/91hphlzs0rv_1twbkfyhvn6m0000gn/T/condisco-preflight.dyPabj/DerivedData/Build/Intermediates.noindex/Condisco.build/Debug-iphonesimulator/CondiscoTests.build/CondiscoTests.hmap (in target 'CondiscoTests' from project 'Condisco')
    cd /Users/spkoehl/Projects/VerbaLibera
    write-file /var/folders/3w/91hphlzs0rv_1twbkfyhvn6m0000gn/T/condisco-preflight.dyPabj/DerivedData/Build/Intermediates.noindex/Condisco.build/Debug-iphonesimulator/CondiscoTests.build/CondiscoTests.hmap

WriteAuxiliaryFile /var/folders/3w/91hphlzs0rv_1twbkfyhvn6m0000gn/T/condisco-preflight.dyPabj/DerivedData/Build/Intermediates.noindex/Condisco.build/Debug-iphonesimulator/CondiscoTests.build/CondiscoTests.DependencyStaticMetadataFileList (in target 'CondiscoTests' from project 'Condisco')
    cd /Users/spkoehl/Projects/VerbaLibera
    write-file /var/folders/3w/91hphlzs0rv_1twbkfyhvn6m0000gn/T/condisco-preflight.dyPabj/DerivedData/Build/Intermediates.noindex/Condisco.build/Debug-iphonesimulator/CondiscoTests.build/CondiscoTests.DependencyStaticMetadataFileList

WriteAuxiliaryFile /var/folders/3w/91hphlzs0rv_1twbkfyhvn6m0000gn/T/condisco-preflight.dyPabj/DerivedData/Build/Intermediates.noindex/Condisco.build/Debug-iphonesimulator/CondiscoTests.build/CondiscoTests.DependencyMetadataFileList (in target 'CondiscoTests' from project 'Condisco')
    cd /Users/spkoehl/Projects/VerbaLibera
    write-file /var/folders/3w/91hphlzs0rv_1twbkfyhvn6m0000gn/T/condisco-preflight.dyPabj/DerivedData/Build/Intermediates.noindex/Condisco.build/Debug-iphonesimulator/CondiscoTests.build/CondiscoTests.DependencyMetadataFileList

WriteAuxiliaryFile /var/folders/3w/91hphlzs0rv_1twbkfyhvn6m0000gn/T/condisco-preflight.dyPabj/DerivedData/Build/Intermediates.noindex/Condisco.build/Debug-iphonesimulator/CondiscoTests.build/CondiscoTests-project-headers.hmap (in target 'CondiscoTests' from project 'Condisco')
    cd /Users/spkoehl/Projects/VerbaLibera
    write-file /var/folders/3w/91hphlzs0rv_1twbkfyhvn6m0000gn/T/condisco-preflight.dyPabj/DerivedData/Build/Intermediates.noindex/Condisco.build/Debug-iphonesimulator/CondiscoTests.build/CondiscoTests-project-headers.hmap

WriteAuxiliaryFile /var/folders/3w/91hphlzs0rv_1twbkfyhvn6m0000gn/T/condisco-preflight.dyPabj/DerivedData/Build/Intermediates.noindex/Condisco.build/Debug-iphonesimulator/CondiscoTests.build/CondiscoTests-own-target-headers.hmap (in target 'CondiscoTests' from project 'Condisco')
    cd /Users/spkoehl/Projects/VerbaLibera
    write-file /var/folders/3w/91hphlzs0rv_1twbkfyhvn6m0000gn/T/condisco-preflight.dyPabj/DerivedData/Build/Intermediates.noindex/Condisco.build/Debug-iphonesimulator/CondiscoTests.build/CondiscoTests-own-target-headers.hmap

WriteAuxiliaryFile /var/folders/3w/91hphlzs0rv_1twbkfyhvn6m0000gn/T/condisco-preflight.dyPabj/DerivedData/Build/Intermediates.noindex/Condisco.build/Debug-iphonesimulator/CondiscoTests.build/CondiscoTests-generated-files.hmap (in target 'CondiscoTests' from project 'Condisco')
    cd /Users/spkoehl/Projects/VerbaLibera
    write-file /var/folders/3w/91hphlzs0rv_1twbkfyhvn6m0000gn/T/condisco-preflight.dyPabj/DerivedData/Build/Intermediates.noindex/Condisco.build/Debug-iphonesimulator/CondiscoTests.build/CondiscoTests-generated-files.hmap

WriteAuxiliaryFile /var/folders/3w/91hphlzs0rv_1twbkfyhvn6m0000gn/T/condisco-preflight.dyPabj/DerivedData/Build/Intermediates.noindex/Condisco.build/Debug-iphonesimulator/CondiscoTests.build/CondiscoTests-all-target-headers.hmap (in target 'CondiscoTests' from project 'Condisco')
    cd /Users/spkoehl/Projects/VerbaLibera
    write-file /var/folders/3w/91hphlzs0rv_1twbkfyhvn6m0000gn/T/condisco-preflight.dyPabj/DerivedData/Build/Intermediates.noindex/Condisco.build/Debug-iphonesimulator/CondiscoTests.build/CondiscoTests-all-target-headers.hmap

WriteAuxiliaryFile /var/folders/3w/91hphlzs0rv_1twbkfyhvn6m0000gn/T/condisco-preflight.dyPabj/DerivedData/Build/Intermediates.noindex/Condisco.build/Debug-iphonesimulator/CondiscoTests.build/CondiscoTests-all-non-framework-target-headers.hmap (in target 'CondiscoTests' from project 'Condisco')
    cd /Users/spkoehl/Projects/VerbaLibera
    write-file /var/folders/3w/91hphlzs0rv_1twbkfyhvn6m0000gn/T/condisco-preflight.dyPabj/DerivedData/Build/Intermediates.noindex/Condisco.build/Debug-iphonesimulator/CondiscoTests.build/CondiscoTests-all-non-framework-target-headers.hmap

WriteAuxiliaryFile /var/folders/3w/91hphlzs0rv_1twbkfyhvn6m0000gn/T/condisco-preflight.dyPabj/DerivedData/Build/Intermediates.noindex/Condisco.build/Debug-iphonesimulator/Condisco.build/Objects-normal/arm64/Condisco_const_extract_protocols.json (in target 'Condisco' from project 'Condisco')
    cd /Users/spkoehl/Projects/VerbaLibera
    write-file /var/folders/3w/91hphlzs0rv_1twbkfyhvn6m0000gn/T/condisco-preflight.dyPabj/DerivedData/Build/Intermediates.noindex/Condisco.build/Debug-iphonesimulator/Condisco.build/Objects-normal/arm64/Condisco_const_extract_protocols.json

WriteAuxiliaryFile /var/folders/3w/91hphlzs0rv_1twbkfyhvn6m0000gn/T/condisco-preflight.dyPabj/DerivedData/Build/Intermediates.noindex/Condisco.build/Debug-iphonesimulator/Condisco.build/Objects-normal/arm64/Condisco.SwiftFileList (in target 'Condisco' from project 'Condisco')
    cd /Users/spkoehl/Projects/VerbaLibera
    write-file /var/folders/3w/91hphlzs0rv_1twbkfyhvn6m0000gn/T/condisco-preflight.dyPabj/DerivedData/Build/Intermediates.noindex/Condisco.build/Debug-iphonesimulator/Condisco.build/Objects-normal/arm64/Condisco.SwiftFileList

WriteAuxiliaryFile /var/folders/3w/91hphlzs0rv_1twbkfyhvn6m0000gn/T/condisco-preflight.dyPabj/DerivedData/Build/Intermediates.noindex/Condisco.build/Debug-iphonesimulator/Condisco.build/Objects-normal/arm64/Condisco.SwiftConstValuesFileList (in target 'Condisco' from project 'Condisco')
    cd /Users/spkoehl/Projects/VerbaLibera
    write-file /var/folders/3w/91hphlzs0rv_1twbkfyhvn6m0000gn/T/condisco-preflight.dyPabj/DerivedData/Build/Intermediates.noindex/Condisco.build/Debug-iphonesimulator/Condisco.build/Objects-normal/arm64/Condisco.SwiftConstValuesFileList

WriteAuxiliaryFile /var/folders/3w/91hphlzs0rv_1twbkfyhvn6m0000gn/T/condisco-preflight.dyPabj/DerivedData/Build/Intermediates.noindex/Condisco.build/Debug-iphonesimulator/Condisco.build/Objects-normal/arm64/Condisco.LinkFileList (in target 'Condisco' from project 'Condisco')
    cd /Users/spkoehl/Projects/VerbaLibera
    write-file /var/folders/3w/91hphlzs0rv_1twbkfyhvn6m0000gn/T/condisco-preflight.dyPabj/DerivedData/Build/Intermediates.noindex/Condisco.build/Debug-iphonesimulator/Condisco.build/Objects-normal/arm64/Condisco.LinkFileList

WriteAuxiliaryFile /var/folders/3w/91hphlzs0rv_1twbkfyhvn6m0000gn/T/condisco-preflight.dyPabj/DerivedData/Build/Intermediates.noindex/Condisco.build/Debug-iphonesimulator/Condisco.build/Objects-normal/arm64/Condisco-OutputFileMap.json (in target 'Condisco' from project 'Condisco')
    cd /Users/spkoehl/Projects/VerbaLibera
    write-file /var/folders/3w/91hphlzs0rv_1twbkfyhvn6m0000gn/T/condisco-preflight.dyPabj/DerivedData/Build/Intermediates.noindex/Condisco.build/Debug-iphonesimulator/Condisco.build/Objects-normal/arm64/Condisco-OutputFileMap.json

WriteAuxiliaryFile /var/folders/3w/91hphlzs0rv_1twbkfyhvn6m0000gn/T/condisco-preflight.dyPabj/DerivedData/Build/Intermediates.noindex/Condisco.build/Debug-iphonesimulator/Condisco.build/Condisco.hmap (in target 'Condisco' from project 'Condisco')
    cd /Users/spkoehl/Projects/VerbaLibera
    write-file /var/folders/3w/91hphlzs0rv_1twbkfyhvn6m0000gn/T/condisco-preflight.dyPabj/DerivedData/Build/Intermediates.noindex/Condisco.build/Debug-iphonesimulator/Condisco.build/Condisco.hmap

WriteAuxiliaryFile /var/folders/3w/91hphlzs0rv_1twbkfyhvn6m0000gn/T/condisco-preflight.dyPabj/DerivedData/Build/Intermediates.noindex/Condisco.build/Debug-iphonesimulator/Condisco.build/DerivedSources/Entitlements-Simulated.plist (in target 'Condisco' from project 'Condisco')
    cd /Users/spkoehl/Projects/VerbaLibera
    write-file /var/folders/3w/91hphlzs0rv_1twbkfyhvn6m0000gn/T/condisco-preflight.dyPabj/DerivedData/Build/Intermediates.noindex/Condisco.build/Debug-iphonesimulator/Condisco.build/DerivedSources/Entitlements-Simulated.plist

WriteAuxiliaryFile /var/folders/3w/91hphlzs0rv_1twbkfyhvn6m0000gn/T/condisco-preflight.dyPabj/DerivedData/Build/Intermediates.noindex/Condisco.build/Debug-iphonesimulator/Condisco.build/Condisco.DependencyStaticMetadataFileList (in target 'Condisco' from project 'Condisco')
    cd /Users/spkoehl/Projects/VerbaLibera
    write-file /var/folders/3w/91hphlzs0rv_1twbkfyhvn6m0000gn/T/condisco-preflight.dyPabj/DerivedData/Build/Intermediates.noindex/Condisco.build/Debug-iphonesimulator/Condisco.build/Condisco.DependencyStaticMetadataFileList

WriteAuxiliaryFile /var/folders/3w/91hphlzs0rv_1twbkfyhvn6m0000gn/T/condisco-preflight.dyPabj/DerivedData/Build/Intermediates.noindex/Condisco.build/Debug-iphonesimulator/Condisco.build/Condisco.DependencyMetadataFileList (in target 'Condisco' from project 'Condisco')
    cd /Users/spkoehl/Projects/VerbaLibera
    write-file /var/folders/3w/91hphlzs0rv_1twbkfyhvn6m0000gn/T/condisco-preflight.dyPabj/DerivedData/Build/Intermediates.noindex/Condisco.build/Debug-iphonesimulator/Condisco.build/Condisco.DependencyMetadataFileList

WriteAuxiliaryFile /var/folders/3w/91hphlzs0rv_1twbkfyhvn6m0000gn/T/condisco-preflight.dyPabj/DerivedData/Build/Intermediates.noindex/Condisco.build/Debug-iphonesimulator/Condisco.build/Condisco-project-headers.hmap (in target 'Condisco' from project 'Condisco')
    cd /Users/spkoehl/Projects/VerbaLibera
    write-file /var/folders/3w/91hphlzs0rv_1twbkfyhvn6m0000gn/T/condisco-preflight.dyPabj/DerivedData/Build/Intermediates.noindex/Condisco.build/Debug-iphonesimulator/Condisco.build/Condisco-project-headers.hmap

WriteAuxiliaryFile /var/folders/3w/91hphlzs0rv_1twbkfyhvn6m0000gn/T/condisco-preflight.dyPabj/DerivedData/Build/Intermediates.noindex/Condisco.build/Debug-iphonesimulator/Condisco.build/Condisco-own-target-headers.hmap (in target 'Condisco' from project 'Condisco')
    cd /Users/spkoehl/Projects/VerbaLibera
    write-file /var/folders/3w/91hphlzs0rv_1twbkfyhvn6m0000gn/T/condisco-preflight.dyPabj/DerivedData/Build/Intermediates.noindex/Condisco.build/Debug-iphonesimulator/Condisco.build/Condisco-own-target-headers.hmap

WriteAuxiliaryFile /var/folders/3w/91hphlzs0rv_1twbkfyhvn6m0000gn/T/condisco-preflight.dyPabj/DerivedData/Build/Intermediates.noindex/Condisco.build/Debug-iphonesimulator/Condisco.build/Condisco-generated-files.hmap (in target 'Condisco' from project 'Condisco')
    cd /Users/spkoehl/Projects/VerbaLibera
    write-file /var/folders/3w/91hphlzs0rv_1twbkfyhvn6m0000gn/T/condisco-preflight.dyPabj/DerivedData/Build/Intermediates.noindex/Condisco.build/Debug-iphonesimulator/Condisco.build/Condisco-generated-files.hmap

WriteAuxiliaryFile /var/folders/3w/91hphlzs0rv_1twbkfyhvn6m0000gn/T/condisco-preflight.dyPabj/DerivedData/Build/Intermediates.noindex/Condisco.build/Debug-iphonesimulator/Condisco.build/Condisco-all-target-headers.hmap (in target 'Condisco' from project 'Condisco')
    cd /Users/spkoehl/Projects/VerbaLibera
    write-file /var/folders/3w/91hphlzs0rv_1twbkfyhvn6m0000gn/T/condisco-preflight.dyPabj/DerivedData/Build/Intermediates.noindex/Condisco.build/Debug-iphonesimulator/Condisco.build/Condisco-all-target-headers.hmap

WriteAuxiliaryFile /var/folders/3w/91hphlzs0rv_1twbkfyhvn6m0000gn/T/condisco-preflight.dyPabj/DerivedData/Build/Intermediates.noindex/Condisco.build/Debug-iphonesimulator/Condisco.build/Condisco-all-non-framework-target-headers.hmap (in target 'Condisco' from project 'Condisco')
    cd /Users/spkoehl/Projects/VerbaLibera
    write-file /var/folders/3w/91hphlzs0rv_1twbkfyhvn6m0000gn/T/condisco-preflight.dyPabj/DerivedData/Build/Intermediates.noindex/Condisco.build/Debug-iphonesimulator/Condisco.build/Condisco-all-non-framework-target-headers.hmap

WriteAuxiliaryFile /var/folders/3w/91hphlzs0rv_1twbkfyhvn6m0000gn/T/condisco-preflight.dyPabj/DerivedData/Build/Intermediates.noindex/Condisco.build/Debug-iphonesimulator/Condisco.build/Condisco-DebugDylibPath-normal-arm64.txt (in target 'Condisco' from project 'Condisco')
    cd /Users/spkoehl/Projects/VerbaLibera
    write-file /var/folders/3w/91hphlzs0rv_1twbkfyhvn6m0000gn/T/condisco-preflight.dyPabj/DerivedData/Build/Intermediates.noindex/Condisco.build/Debug-iphonesimulator/Condisco.build/Condisco-DebugDylibPath-normal-arm64.txt

WriteAuxiliaryFile /var/folders/3w/91hphlzs0rv_1twbkfyhvn6m0000gn/T/condisco-preflight.dyPabj/DerivedData/Build/Intermediates.noindex/Condisco.build/Debug-iphonesimulator/Condisco.build/Condisco-DebugDylibInstallName-normal-arm64.txt (in target 'Condisco' from project 'Condisco')
    cd /Users/spkoehl/Projects/VerbaLibera
    write-file /var/folders/3w/91hphlzs0rv_1twbkfyhvn6m0000gn/T/condisco-preflight.dyPabj/DerivedData/Build/Intermediates.noindex/Condisco.build/Debug-iphonesimulator/Condisco.build/Condisco-DebugDylibInstallName-normal-arm64.txt

MkDir /var/folders/3w/91hphlzs0rv_1twbkfyhvn6m0000gn/T/condisco-preflight.dyPabj/DerivedData/Build/Products/Debug-iphonesimulator/CondiscoWidget.appex (in target 'CondiscoWidget' from project 'Condisco')
    cd /Users/spkoehl/Projects/VerbaLibera
    /bin/mkdir -p /var/folders/3w/91hphlzs0rv_1twbkfyhvn6m0000gn/T/condisco-preflight.dyPabj/DerivedData/Build/Products/Debug-iphonesimulator/CondiscoWidget.appex

MkDir /var/folders/3w/91hphlzs0rv_1twbkfyhvn6m0000gn/T/condisco-preflight.dyPabj/DerivedData/Build/Products/Debug-iphonesimulator/Condisco.app/PlugIns (in target 'Condisco' from project 'Condisco')
    cd /Users/spkoehl/Projects/VerbaLibera
    /bin/mkdir -p /var/folders/3w/91hphlzs0rv_1twbkfyhvn6m0000gn/T/condisco-preflight.dyPabj/DerivedData/Build/Products/Debug-iphonesimulator/Condisco.app/PlugIns

MkDir /var/folders/3w/91hphlzs0rv_1twbkfyhvn6m0000gn/T/condisco-preflight.dyPabj/DerivedData/Build/Products/Debug-iphonesimulator/CondiscoUITests-Runner.app/PlugIns/CondiscoUITests.xctest (in target 'CondiscoUITests' from project 'Condisco')
    cd /Users/spkoehl/Projects/VerbaLibera
    /bin/mkdir -p /var/folders/3w/91hphlzs0rv_1twbkfyhvn6m0000gn/T/condisco-preflight.dyPabj/DerivedData/Build/Products/Debug-iphonesimulator/CondiscoUITests-Runner.app/PlugIns/CondiscoUITests.xctest

MkDir /var/folders/3w/91hphlzs0rv_1twbkfyhvn6m0000gn/T/condisco-preflight.dyPabj/DerivedData/Build/Products/Debug-iphonesimulator/Condisco.app/PlugIns/CondiscoTests.xctest (in target 'CondiscoTests' from project 'Condisco')
    cd /Users/spkoehl/Projects/VerbaLibera
    /bin/mkdir -p /var/folders/3w/91hphlzs0rv_1twbkfyhvn6m0000gn/T/condisco-preflight.dyPabj/DerivedData/Build/Products/Debug-iphonesimulator/Condisco.app/PlugIns/CondiscoTests.xctest

MkDir /var/folders/3w/91hphlzs0rv_1twbkfyhvn6m0000gn/T/condisco-preflight.dyPabj/DerivedData/Build/Products/Debug-iphonesimulator/Condisco.app (in target 'Condisco' from project 'Condisco')
    cd /Users/spkoehl/Projects/VerbaLibera
    /bin/mkdir -p /var/folders/3w/91hphlzs0rv_1twbkfyhvn6m0000gn/T/condisco-preflight.dyPabj/DerivedData/Build/Products/Debug-iphonesimulator/Condisco.app

ProcessProductPackaging /Users/spkoehl/Projects/VerbaLibera/CondiscoWidget/CondiscoWidget.entitlements /var/folders/3w/91hphlzs0rv_1twbkfyhvn6m0000gn/T/condisco-preflight.dyPabj/DerivedData/Build/Intermediates.noindex/Condisco.build/Debug-iphonesimulator/CondiscoWidget.build/CondiscoWidget.appex.xcent (in target 'CondiscoWidget' from project 'Condisco')
    cd /Users/spkoehl/Projects/VerbaLibera
    
    Entitlements:
    
    {
}
    
    builtin-productPackagingUtility /Users/spkoehl/Projects/VerbaLibera/CondiscoWidget/CondiscoWidget.entitlements -entitlements -format xml -o /var/folders/3w/91hphlzs0rv_1twbkfyhvn6m0000gn/T/condisco-preflight.dyPabj/DerivedData/Build/Intermediates.noindex/Condisco.build/Debug-iphonesimulator/CondiscoWidget.build/CondiscoWidget.appex.xcent

ProcessProductPackaging /Users/spkoehl/Projects/VerbaLibera/CondiscoWidget/CondiscoWidget.entitlements /var/folders/3w/91hphlzs0rv_1twbkfyhvn6m0000gn/T/condisco-preflight.dyPabj/DerivedData/Build/Intermediates.noindex/Condisco.build/Debug-iphonesimulator/CondiscoWidget.build/CondiscoWidget.appex-Simulated.xcent (in target 'CondiscoWidget' from project 'Condisco')
    cd /Users/spkoehl/Projects/VerbaLibera
    
    Entitlements:
    
    {
    "application-identifier" = "PN9T9MT37J.com.sleuthysloth.condisco.CondiscoWidget";
    "com.apple.security.application-groups" =     (
        "group.com.sleuthysloth.condisco"
    );
}
    
    builtin-productPackagingUtility /Users/spkoehl/Projects/VerbaLibera/CondiscoWidget/CondiscoWidget.entitlements -entitlements -format xml -o /var/folders/3w/91hphlzs0rv_1twbkfyhvn6m0000gn/T/condisco-preflight.dyPabj/DerivedData/Build/Intermediates.noindex/Condisco.build/Debug-iphonesimulator/CondiscoWidget.build/CondiscoWidget.appex-Simulated.xcent

ProcessProductPackagingDER /var/folders/3w/91hphlzs0rv_1twbkfyhvn6m0000gn/T/condisco-preflight.dyPabj/DerivedData/Build/Intermediates.noindex/Condisco.build/Debug-iphonesimulator/CondiscoWidget.build/CondiscoWidget.appex.xcent /var/folders/3w/91hphlzs0rv_1twbkfyhvn6m0000gn/T/condisco-preflight.dyPabj/DerivedData/Build/Intermediates.noindex/Condisco.build/Debug-iphonesimulator/CondiscoWidget.build/CondiscoWidget.appex.xcent.der (in target 'CondiscoWidget' from project 'Condisco')
    cd /Users/spkoehl/Projects/VerbaLibera
    /usr/bin/derq query -f xml -i /var/folders/3w/91hphlzs0rv_1twbkfyhvn6m0000gn/T/condisco-preflight.dyPabj/DerivedData/Build/Intermediates.noindex/Condisco.build/Debug-iphonesimulator/CondiscoWidget.build/CondiscoWidget.appex.xcent -o /var/folders/3w/91hphlzs0rv_1twbkfyhvn6m0000gn/T/condisco-preflight.dyPabj/DerivedData/Build/Intermediates.noindex/Condisco.build/Debug-iphonesimulator/CondiscoWidget.build/CondiscoWidget.appex.xcent.der --raw

ProcessProductPackagingDER /var/folders/3w/91hphlzs0rv_1twbkfyhvn6m0000gn/T/condisco-preflight.dyPabj/DerivedData/Build/Intermediates.noindex/Condisco.build/Debug-iphonesimulator/CondiscoWidget.build/CondiscoWidget.appex-Simulated.xcent /var/folders/3w/91hphlzs0rv_1twbkfyhvn6m0000gn/T/condisco-preflight.dyPabj/DerivedData/Build/Intermediates.noindex/Condisco.build/Debug-iphonesimulator/CondiscoWidget.build/CondiscoWidget.appex-Simulated.xcent.der (in target 'CondiscoWidget' from project 'Condisco')
    cd /Users/spkoehl/Projects/VerbaLibera
    /usr/bin/derq query -f xml -i /var/folders/3w/91hphlzs0rv_1twbkfyhvn6m0000gn/T/condisco-preflight.dyPabj/DerivedData/Build/Intermediates.noindex/Condisco.build/Debug-iphonesimulator/CondiscoWidget.build/CondiscoWidget.appex-Simulated.xcent -o /var/folders/3w/91hphlzs0rv_1twbkfyhvn6m0000gn/T/condisco-preflight.dyPabj/DerivedData/Build/Intermediates.noindex/Condisco.build/Debug-iphonesimulator/CondiscoWidget.build/CondiscoWidget.appex-Simulated.xcent.der --raw

ProcessInfoPlistFile /var/folders/3w/91hphlzs0rv_1twbkfyhvn6m0000gn/T/condisco-preflight.dyPabj/DerivedData/Build/Products/Debug-iphonesimulator/CondiscoWidget.appex/Info.plist /Users/spkoehl/Projects/VerbaLibera/CondiscoWidget/Info.plist (in target 'CondiscoWidget' from project 'Condisco')
    cd /Users/spkoehl/Projects/VerbaLibera
    builtin-infoPlistUtility /Users/spkoehl/Projects/VerbaLibera/CondiscoWidget/Info.plist -producttype com.apple.product-type.app-extension -expandbuildsettings -format binary -platform iphonesimulator -o /var/folders/3w/91hphlzs0rv_1twbkfyhvn6m0000gn/T/condisco-preflight.dyPabj/DerivedData/Build/Products/Debug-iphonesimulator/CondiscoWidget.appex/Info.plist

Ld /var/folders/3w/91hphlzs0rv_1twbkfyhvn6m0000gn/T/condisco-preflight.dyPabj/DerivedData/Build/Products/Debug-iphonesimulator/CondiscoWidget.appex/__preview.dylib normal (in target 'CondiscoWidget' from project 'Condisco')
    cd /Users/spkoehl/Projects/VerbaLibera
    /Applications/Xcode.app/Contents/Developer/Toolchains/XcodeDefault.xctoolchain/usr/bin/clang -Xlinker -reproducible -target arm64-apple-ios17.0-simulator -dynamiclib -isysroot /Applications/Xcode.app/Contents/Developer/Platforms/iPhoneSimulator.platform/Developer/SDKs/iPhoneSimulator27.0.sdk -O0 -Xlinker -no_warn_duplicate_libraries -L/var/folders/3w/91hphlzs0rv_1twbkfyhvn6m0000gn/T/condisco-preflight.dyPabj/DerivedData/Build/Products/Debug-iphonesimulator -F/var/folders/3w/91hphlzs0rv_1twbkfyhvn6m0000gn/T/condisco-preflight.dyPabj/DerivedData/Build/Products/Debug-iphonesimulator -install_name @rpath/CondiscoWidget.debug.dylib -Xlinker -dead_strip -rdynamic -Xlinker -no_deduplicate -Xlinker -objc_abi_version -Xlinker 2 -Xlinker -dependency_info -Xlinker /var/folders/3w/91hphlzs0rv_1twbkfyhvn6m0000gn/T/condisco-preflight.dyPabj/DerivedData/Build/Intermediates.noindex/Condisco.build/Debug-iphonesimulator/CondiscoWidget.build/Objects-normal/arm64/CondiscoWidget_dependency_info.dat -Xlinker -sectcreate -Xlinker __TEXT -Xlinker __entitlements -Xlinker /var/folders/3w/91hphlzs0rv_1twbkfyhvn6m0000gn/T/condisco-preflight.dyPabj/DerivedData/Build/Intermediates.noindex/Condisco.build/Debug-iphonesimulator/CondiscoWidget.build/CondiscoWidget.appex-Simulated.xcent -Xlinker -sectcreate -Xlinker __TEXT -Xlinker __ents_der -Xlinker /var/folders/3w/91hphlzs0rv_1twbkfyhvn6m0000gn/T/condisco-preflight.dyPabj/DerivedData/Build/Intermediates.noindex/Condisco.build/Debug-iphonesimulator/CondiscoWidget.build/CondiscoWidget.appex-Simulated.xcent.der -Xlinker -no_adhoc_codesign -o /var/folders/3w/91hphlzs0rv_1twbkfyhvn6m0000gn/T/condisco-preflight.dyPabj/DerivedData/Build/Products/Debug-iphonesimulator/CondiscoWidget.appex/__preview.dylib

SwiftDriver CondiscoWidget normal arm64 com.apple.xcode.tools.swift.compiler (in target 'CondiscoWidget' from project 'Condisco')
    cd /Users/spkoehl/Projects/VerbaLibera
    builtin-SwiftDriver -- /Applications/Xcode.app/Contents/Developer/Toolchains/XcodeDefault.xctoolchain/usr/bin/swiftc -module-name CondiscoWidget -Onone @/var/folders/3w/91hphlzs0rv_1twbkfyhvn6m0000gn/T/condisco-preflight.dyPabj/DerivedData/Build/Intermediates.noindex/Condisco.build/Debug-iphonesimulator/CondiscoWidget.build/Objects-normal/arm64/CondiscoWidget.SwiftFileList -DDEBUG -enable-bare-slash-regex -enable-experimental-feature DebugDescriptionMacro -sdk /Applications/Xcode.app/Contents/Developer/Platforms/iPhoneSimulator.platform/Developer/SDKs/iPhoneSimulator27.0.sdk -target arm64-apple-ios17.0-simulator -g -module-cache-path /var/folders/3w/91hphlzs0rv_1twbkfyhvn6m0000gn/T/condisco-preflight.dyPabj/DerivedData/ModuleCache.noindex -Xfrontend -serialize-debugging-options -application-extension -enable-testing -index-store-path /var/folders/3w/91hphlzs0rv_1twbkfyhvn6m0000gn/T/condisco-preflight.dyPabj/DerivedData/Index.noindex/DataStore -Xcc -D_LIBCPP_HARDENING_MODE\=_LIBCPP_HARDENING_MODE_DEBUG -swift-version 5 -I /var/folders/3w/91hphlzs0rv_1twbkfyhvn6m0000gn/T/condisco-preflight.dyPabj/DerivedData/Build/Products/Debug-iphonesimulator -F /var/folders/3w/91hphlzs0rv_1twbkfyhvn6m0000gn/T/condisco-preflight.dyPabj/DerivedData/Build/Products/Debug-iphonesimulator -emit-localized-strings -emit-localized-strings-path /var/folders/3w/91hphlzs0rv_1twbkfyhvn6m0000gn/T/condisco-preflight.dyPabj/DerivedData/Build/Intermediates.noindex/Condisco.build/Debug-iphonesimulator/CondiscoWidget.build/Objects-normal/arm64 -c -j6 -enable-batch-mode -incremental -Xcc -ivfsstatcache -Xcc /var/folders/3w/91hphlzs0rv_1twbkfyhvn6m0000gn/T/condisco-preflight.dyPabj/DerivedData/SDKStatCaches.noindex/iphonesimulator27.0-24A430-8dc58220667be655e1bcc261a7455254.sdkstatcache -output-file-map /var/folders/3w/91hphlzs0rv_1twbkfyhvn6m0000gn/T/condisco-preflight.dyPabj/DerivedData/Build/Intermediates.noindex/Condisco.build/Debug-iphonesimulator/CondiscoWidget.build/Objects-normal/arm64/CondiscoWidget-OutputFileMap.json -save-temps -no-color-diagnostics -explicit-module-build -module-cache-path /var/folders/3w/91hphlzs0rv_1twbkfyhvn6m0000gn/T/condisco-preflight.dyPabj/DerivedData/Build/Intermediates.noindex/SwiftExplicitPrecompiledModules -clang-scanner-module-cache-path /var/folders/3w/91hphlzs0rv_1twbkfyhvn6m0000gn/T/condisco-preflight.dyPabj/DerivedData/ModuleCache.noindex -sdk-module-cache-path /var/folders/3w/91hphlzs0rv_1twbkfyhvn6m0000gn/T/condisco-preflight.dyPabj/DerivedData/SDKExplicitPrecompiledModules -emit-dependencies -emit-module -emit-module-path /var/folders/3w/91hphlzs0rv_1twbkfyhvn6m0000gn/T/condisco-preflight.dyPabj/DerivedData/Build/Intermediates.noindex/Condisco.build/Debug-iphonesimulator/CondiscoWidget.build/Objects-normal/arm64/CondiscoWidget.swiftmodule -serialize-diagnostics -dependency-scan-serialize-diagnostics-path /var/folders/3w/91hphlzs0rv_1twbkfyhvn6m0000gn/T/condisco-preflight.dyPabj/DerivedData/Build/Intermediates.noindex/Condisco.build/Debug-iphonesimulator/CondiscoWidget.build/Objects-normal/arm64/CondiscoWidget-dependency-scan.dia -validate-clang-modules-once -clang-build-session-file /var/folders/3w/91hphlzs0rv_1twbkfyhvn6m0000gn/T/condisco-preflight.dyPabj/DerivedData/ModuleCache.noindex/Session.modulevalidation -Xcc -fmodules-prune-interval\=86400 -Xcc -fmodules-prune-after\=345600 -emit-const-values -const-gather-protocols-list /var/folders/3w/91hphlzs0rv_1twbkfyhvn6m0000gn/T/condisco-preflight.dyPabj/DerivedData/Build/Intermediates.noindex/Condisco.build/Debug-iphonesimulator/CondiscoWidget.build/Objects-normal/arm64/CondiscoWidget_const_extract_protocols.json -Xcc -iquote -Xcc /var/folders/3w/91hphlzs0rv_1twbkfyhvn6m0000gn/T/condisco-preflight.dyPabj/DerivedData/Build/Intermediates.noindex/Condisco.build/Debug-iphonesimulator/CondiscoWidget.build/CondiscoWidget-generated-files.hmap -Xcc -I/var/folders/3w/91hphlzs0rv_1twbkfyhvn6m0000gn/T/condisco-preflight.dyPabj/DerivedData/Build/Intermediates.noindex/Condisco.build/Debug-iphonesimulator/CondiscoWidget.build/CondiscoWidget-own-target-headers.hmap -Xcc -I/var/folders/3w/91hphlzs0rv_1twbkfyhvn6m0000gn/T/condisco-preflight.dyPabj/DerivedData/Build/Intermediates.noindex/Condisco.build/Debug-iphonesimulator/CondiscoWidget.build/CondiscoWidget-all-target-headers.hmap -Xcc -iquote -Xcc /var/folders/3w/91hphlzs0rv_1twbkfyhvn6m0000gn/T/condisco-preflight.dyPabj/DerivedData/Build/Intermediates.noindex/Condisco.build/Debug-iphonesimulator/CondiscoWidget.build/CondiscoWidget-project-headers.hmap -Xcc -I/var/folders/3w/91hphlzs0rv_1twbkfyhvn6m0000gn/T/condisco-preflight.dyPabj/DerivedData/Build/Products/Debug-iphonesimulator/include -Xcc -I/var/folders/3w/91hphlzs0rv_1twbkfyhvn6m0000gn/T/condisco-preflight.dyPabj/DerivedData/Build/Intermediates.noindex/Condisco.build/Debug-iphonesimulator/CondiscoWidget.build/DerivedSources-normal/arm64 -Xcc -I/var/folders/3w/91hphlzs0rv_1twbkfyhvn6m0000gn/T/condisco-preflight.dyPabj/DerivedData/Build/Intermediates.noindex/Condisco.build/Debug-iphonesimulator/CondiscoWidget.build/DerivedSources/arm64 -Xcc -I/var/folders/3w/91hphlzs0rv_1twbkfyhvn6m0000gn/T/condisco-preflight.dyPabj/DerivedData/Build/Intermediates.noindex/Condisco.build/Debug-iphonesimulator/CondiscoWidget.build/DerivedSources -Xcc -DDEBUG\=1 -Xcc -DDEBUG\=1 -emit-objc-header -emit-objc-header-path /var/folders/3w/91hphlzs0rv_1twbkfyhvn6m0000gn/T/condisco-preflight.dyPabj/DerivedData/Build/Intermediates.noindex/Condisco.build/Debug-iphonesimulator/CondiscoWidget.build/Objects-normal/arm64/CondiscoWidget-Swift.h -working-directory /Users/spkoehl/Projects/VerbaLibera -experimental-emit-module-separately -disable-cmo

SwiftExplicitDependencyGeneratePcm arm64 /var/folders/3w/91hphlzs0rv_1twbkfyhvn6m0000gn/T/condisco-preflight.dyPabj/DerivedData/SDKExplicitPrecompiledModules/ActivityKit-AAMMS7XFA3HQSCO4H8E77DGDL.pcm

SwiftExplicitDependencyGeneratePcm arm64 /var/folders/3w/91hphlzs0rv_1twbkfyhvn6m0000gn/T/condisco-preflight.dyPabj/DerivedData/SDKExplicitPrecompiledModules/_Builtin_stddef-57OTIYYDFHGKGMJO03AUBL8KG.pcm

SwiftExplicitDependencyGeneratePcm arm64 /var/folders/3w/91hphlzs0rv_1twbkfyhvn6m0000gn/T/condisco-preflight.dyPabj/DerivedData/SDKExplicitPrecompiledModules/_Builtin_stdbool-1PE3SN24ZEHV9VQ6BRTIINYSZ.pcm

SwiftExplicitDependencyGeneratePcm arm64 /var/folders/3w/91hphlzs0rv_1twbkfyhvn6m0000gn/T/condisco-preflight.dyPabj/DerivedData/SDKExplicitPrecompiledModules/_Builtin_stdarg-90JVFCTEP5X58O419533I9Y3E.pcm

SwiftExplicitDependencyGeneratePcm arm64 /var/folders/3w/91hphlzs0rv_1twbkfyhvn6m0000gn/T/condisco-preflight.dyPabj/DerivedData/SDKExplicitPrecompiledModules/DeveloperToolsSupport-2VH2FURL0191FTL2C3HU2OFWP.pcm

SwiftExplicitDependencyGeneratePcm arm64 /var/folders/3w/91hphlzs0rv_1twbkfyhvn6m0000gn/T/condisco-preflight.dyPabj/DerivedData/SDKExplicitPrecompiledModules/ptrcheck-2VXOS0O2DWIJ7SLUJWD4NOCTX.pcm

SwiftExplicitDependencyGeneratePcm arm64 /var/folders/3w/91hphlzs0rv_1twbkfyhvn6m0000gn/T/condisco-preflight.dyPabj/DerivedData/SDKExplicitPrecompiledModules/_Builtin_float-CK37T4SEKCM3B6S2THQQFCQPU.pcm

SwiftExplicitDependencyGeneratePcm arm64 /var/folders/3w/91hphlzs0rv_1twbkfyhvn6m0000gn/T/condisco-preflight.dyPabj/DerivedData/SDKExplicitPrecompiledModules/ptrauth-DR7UBHGE7XKN1JM23L932J5JZ.pcm

SwiftExplicitDependencyGeneratePcm arm64 /var/folders/3w/91hphlzs0rv_1twbkfyhvn6m0000gn/T/condisco-preflight.dyPabj/DerivedData/SDKExplicitPrecompiledModules/_SwiftConcurrencyShims-2A7RBZSHXCII43JKXBDWYUDEU.pcm

SwiftExplicitDependencyGeneratePcm arm64 /var/folders/3w/91hphlzs0rv_1twbkfyhvn6m0000gn/T/condisco-preflight.dyPabj/DerivedData/SDKExplicitPrecompiledModules/SwiftShims-CUACMD07T4NSMAZFVL8MF3OUJ.pcm

SwiftExplicitDependencyGeneratePcm arm64 /var/folders/3w/91hphlzs0rv_1twbkfyhvn6m0000gn/T/condisco-preflight.dyPabj/DerivedData/SDKExplicitPrecompiledModules/_AvailabilityInternal-6ML038I3A44H6UV9APP13Y8HO.pcm

SwiftExplicitDependencyGeneratePcm arm64 /var/folders/3w/91hphlzs0rv_1twbkfyhvn6m0000gn/T/condisco-preflight.dyPabj/DerivedData/SDKExplicitPrecompiledModules/_DarwinFoundation1-5GPD75O3B1GNZ4AFF0V8LEZ2C.pcm

SwiftExplicitDependencyGeneratePcm arm64 /var/folders/3w/91hphlzs0rv_1twbkfyhvn6m0000gn/T/condisco-preflight.dyPabj/DerivedData/SDKExplicitPrecompiledModules/ExtensionFoundation-DBAFCYDB5R4Q03HQW3J8BH1NU.pcm

SwiftExplicitDependencyGeneratePcm arm64 /var/folders/3w/91hphlzs0rv_1twbkfyhvn6m0000gn/T/condisco-preflight.dyPabj/DerivedData/SDKExplicitPrecompiledModules/_DarwinFoundation2-DVJCWLKY614V22N6E9IQMSZ6D.pcm

SwiftExplicitDependencyGeneratePcm arm64 /var/folders/3w/91hphlzs0rv_1twbkfyhvn6m0000gn/T/condisco-preflight.dyPabj/DerivedData/SDKExplicitPrecompiledModules/_Builtin_limits-6C9I65JIBO1BTN589Z7JCOX8R.pcm

SwiftExplicitDependencyGeneratePcm arm64 /var/folders/3w/91hphlzs0rv_1twbkfyhvn6m0000gn/T/condisco-preflight.dyPabj/DerivedData/SDKExplicitPrecompiledModules/sys_types-EFS3IEY8O79I9LHYD0DO1FJFN.pcm

SwiftExplicitDependencyGeneratePcm arm64 /var/folders/3w/91hphlzs0rv_1twbkfyhvn6m0000gn/T/condisco-preflight.dyPabj/DerivedData/SDKExplicitPrecompiledModules/_Builtin_stdint-CIUF1CURIW8RX28I72W6884JH.pcm

SwiftExplicitDependencyGeneratePcm arm64 /var/folders/3w/91hphlzs0rv_1twbkfyhvn6m0000gn/T/condisco-preflight.dyPabj/DerivedData/SDKExplicitPrecompiledModules/_Builtin_tgmath-2Y83DKN7Z50KUMZL25DWQUG23.pcm

SwiftExplicitDependencyGeneratePcm arm64 /var/folders/3w/91hphlzs0rv_1twbkfyhvn6m0000gn/T/condisco-preflight.dyPabj/DerivedData/SDKExplicitPrecompiledModules/string_h-D226NURZNIRSZ1BADH7VRLWJI.pcm

SwiftExplicitDependencyGeneratePcm arm64 /var/folders/3w/91hphlzs0rv_1twbkfyhvn6m0000gn/T/condisco-preflight.dyPabj/DerivedData/SDKExplicitPrecompiledModules/_DarwinFoundation3-9EEAWERVICIYQQZHJ0RLMQWE3.pcm

SwiftExplicitDependencyGeneratePcm arm64 /var/folders/3w/91hphlzs0rv_1twbkfyhvn6m0000gn/T/condisco-preflight.dyPabj/DerivedData/SDKExplicitPrecompiledModules/_Builtin_intrinsics-31BRYLC5AJQ93NE9AP670G6CR.pcm

SwiftExplicitDependencyGeneratePcm arm64 /var/folders/3w/91hphlzs0rv_1twbkfyhvn6m0000gn/T/condisco-preflight.dyPabj/DerivedData/SDKExplicitPrecompiledModules/_Builtin_stdatomic-91GVTFVXAXVV8KB6UE5M3HUWN.pcm

SwiftExplicitDependencyGeneratePcm arm64 /var/folders/3w/91hphlzs0rv_1twbkfyhvn6m0000gn/T/condisco-preflight.dyPabj/DerivedData/SDKExplicitPrecompiledModules/_Builtin_inttypes-894X15C3ZCYWL9MU74UX7X3I2.pcm

SwiftExplicitDependencyGeneratePcm arm64 /var/folders/3w/91hphlzs0rv_1twbkfyhvn6m0000gn/T/condisco-preflight.dyPabj/DerivedData/SDKExplicitPrecompiledModules/Darwin-79HPC9KLXLS1DVVYSUXUXWNB6.pcm

SwiftExplicitDependencyGeneratePcm arm64 /var/folders/3w/91hphlzs0rv_1twbkfyhvn6m0000gn/T/condisco-preflight.dyPabj/DerivedData/SDKExplicitPrecompiledModules/simd-71X034SQ0H71E6IOYAYIVV4V0.pcm

SwiftExplicitDependencyGeneratePcm arm64 /var/folders/3w/91hphlzs0rv_1twbkfyhvn6m0000gn/T/condisco-preflight.dyPabj/DerivedData/SDKExplicitPrecompiledModules/MachO-6ZKZCD9PT954L0Z626CHFVBN2.pcm

SwiftExplicitDependencyGeneratePcm arm64 /var/folders/3w/91hphlzs0rv_1twbkfyhvn6m0000gn/T/condisco-preflight.dyPabj/DerivedData/SDKExplicitPrecompiledModules/ObjectiveC-9P79KITPTGW2ANU73NAOZI57C.pcm

SwiftExplicitDependencyGeneratePcm arm64 /var/folders/3w/91hphlzs0rv_1twbkfyhvn6m0000gn/T/condisco-preflight.dyPabj/DerivedData/SDKExplicitPrecompiledModules/Spatial-EBU46441EPAXF836TCFXV9J5F.pcm

SwiftExplicitDependencyGeneratePcm arm64 /var/folders/3w/91hphlzs0rv_1twbkfyhvn6m0000gn/T/condisco-preflight.dyPabj/DerivedData/SDKExplicitPrecompiledModules/os_object-COGGTJLBXZ1UQSEUXQWQMYYZO.pcm

SwiftExplicitDependencyGeneratePcm arm64 /var/folders/3w/91hphlzs0rv_1twbkfyhvn6m0000gn/T/condisco-preflight.dyPabj/DerivedData/SDKExplicitPrecompiledModules/os_workgroup-2N9YHRGOG2G0Y2LHOKN6UM482.pcm

SwiftExplicitDependencyGeneratePcm arm64 /var/folders/3w/91hphlzs0rv_1twbkfyhvn6m0000gn/T/condisco-preflight.dyPabj/DerivedData/SDKExplicitPrecompiledModules/Dispatch-75LF1WI568HAS6JPIFYRUB79S.pcm

SwiftExplicitDependencyGeneratePcm arm64 /var/folders/3w/91hphlzs0rv_1twbkfyhvn6m0000gn/T/condisco-preflight.dyPabj/DerivedData/SDKExplicitPrecompiledModules/CoreFoundation-82ZAZ02COWKNTVI2IU48NZIC3.pcm

SwiftExplicitDependencyGeneratePcm arm64 /var/folders/3w/91hphlzs0rv_1twbkfyhvn6m0000gn/T/condisco-preflight.dyPabj/DerivedData/SDKExplicitPrecompiledModules/XPC-2XB5NAKQIJDBRKFUFNA24COIV.pcm

SwiftExplicitDependencyGeneratePcm arm64 /var/folders/3w/91hphlzs0rv_1twbkfyhvn6m0000gn/T/condisco-preflight.dyPabj/DerivedData/SDKExplicitPrecompiledModules/dnssd-8JD6EAFSFOUX60BL0YTDNZASV.pcm

SwiftExplicitDependencyGeneratePcm arm64 /var/folders/3w/91hphlzs0rv_1twbkfyhvn6m0000gn/T/condisco-preflight.dyPabj/DerivedData/SDKExplicitPrecompiledModules/os-3GZLOPRLVDKSB2Z1SC1AEMG7G.pcm

SwiftExplicitDependencyGeneratePcm arm64 /var/folders/3w/91hphlzs0rv_1twbkfyhvn6m0000gn/T/condisco-preflight.dyPabj/DerivedData/SDKExplicitPrecompiledModules/CoreAudioTypes-CWY80AUSZWNCYVLXEMB7TYGS6.pcm

SwiftExplicitDependencyGeneratePcm arm64 /var/folders/3w/91hphlzs0rv_1twbkfyhvn6m0000gn/T/condisco-preflight.dyPabj/DerivedData/SDKExplicitPrecompiledModules/Security-D0KFM0BSN31J2QX9SPXWNEN0X.pcm

SwiftExplicitDependencyGeneratePcm arm64 /var/folders/3w/91hphlzs0rv_1twbkfyhvn6m0000gn/T/condisco-preflight.dyPabj/DerivedData/SDKExplicitPrecompiledModules/CoreGraphics-2SXMOFJUN8Q6TE88HCPXY8OTM.pcm

SwiftExplicitDependencyGeneratePcm arm64 /var/folders/3w/91hphlzs0rv_1twbkfyhvn6m0000gn/T/condisco-preflight.dyPabj/DerivedData/SDKExplicitPrecompiledModules/CFNetwork-ASQA4XCC90YXM1N7S41UZI54F.pcm

SwiftExplicitDependencyGeneratePcm arm64 /var/folders/3w/91hphlzs0rv_1twbkfyhvn6m0000gn/T/condisco-preflight.dyPabj/DerivedData/SDKExplicitPrecompiledModules/CoreAudio-2UBNU049A1C5DFYXFO5V69LND.pcm

SwiftExplicitDependencyGeneratePcm arm64 /var/folders/3w/91hphlzs0rv_1twbkfyhvn6m0000gn/T/condisco-preflight.dyPabj/DerivedData/SDKExplicitPrecompiledModules/Foundation-5BTZE1I8H1IJN14XP2ZV9MDX4.pcm

SwiftExplicitDependencyGeneratePcm arm64 /var/folders/3w/91hphlzs0rv_1twbkfyhvn6m0000gn/T/condisco-preflight.dyPabj/DerivedData/SDKExplicitPrecompiledModules/CoreText-1YD4M0FLWR7T8M25KEQ96CQ6V.pcm

SwiftExplicitDependencyGeneratePcm arm64 /var/folders/3w/91hphlzs0rv_1twbkfyhvn6m0000gn/T/condisco-preflight.dyPabj/DerivedData/SDKExplicitPrecompiledModules/ImageIO-974GUHSPWGD66YR0AOZ2WYD0F.pcm

SwiftExplicitDependencyGeneratePcm arm64 /var/folders/3w/91hphlzs0rv_1twbkfyhvn6m0000gn/T/condisco-preflight.dyPabj/DerivedData/SDKExplicitPrecompiledModules/OSLog-77STI2X6T7AD6GT6L0RKBCNP4.pcm

SwiftExplicitDependencyGeneratePcm arm64 /var/folders/3w/91hphlzs0rv_1twbkfyhvn6m0000gn/T/condisco-preflight.dyPabj/DerivedData/SDKExplicitPrecompiledModules/CoreData-39SEECSKVG0SSYTB1V9H1VZQZ.pcm

SwiftExplicitDependencyGeneratePcm arm64 /var/folders/3w/91hphlzs0rv_1twbkfyhvn6m0000gn/T/condisco-preflight.dyPabj/DerivedData/SDKExplicitPrecompiledModules/Network-9MZPV0XH0SUIOOA1TRCGHDZNS.pcm

SwiftExplicitDependencyGeneratePcm arm64 /var/folders/3w/91hphlzs0rv_1twbkfyhvn6m0000gn/T/condisco-preflight.dyPabj/DerivedData/SDKExplicitPrecompiledModules/_LocationEssentials-7I4LHA6YCR2PS9MR1TNCDBCHC.pcm

SwiftExplicitDependencyGeneratePcm arm64 /var/folders/3w/91hphlzs0rv_1twbkfyhvn6m0000gn/T/condisco-preflight.dyPabj/DerivedData/SDKExplicitPrecompiledModules/UserNotifications-74VNYT453I0SW8CZ738LCYDXN.pcm

SwiftExplicitDependencyGeneratePcm arm64 /var/folders/3w/91hphlzs0rv_1twbkfyhvn6m0000gn/T/condisco-preflight.dyPabj/DerivedData/SDKExplicitPrecompiledModules/OpenGLES-383LG6BA9BCSVVAQZVREYLOKH.pcm

SwiftExplicitDependencyGeneratePcm arm64 /var/folders/3w/91hphlzs0rv_1twbkfyhvn6m0000gn/T/condisco-preflight.dyPabj/DerivedData/SDKExplicitPrecompiledModules/WidgetKit-19LAPLT99M6PZZBWHRE9MFBTA.pcm

SwiftExplicitDependencyGeneratePcm arm64 /var/folders/3w/91hphlzs0rv_1twbkfyhvn6m0000gn/T/condisco-preflight.dyPabj/DerivedData/SDKExplicitPrecompiledModules/CoreLocation-2U13MJTYPYD63MYTN3F314Y1M.pcm

SwiftExplicitDependencyGeneratePcm arm64 /var/folders/3w/91hphlzs0rv_1twbkfyhvn6m0000gn/T/condisco-preflight.dyPabj/DerivedData/SDKExplicitPrecompiledModules/CoreTransferable-63D2I5P3GZCTAVU7XWBWLQT84.pcm

SwiftExplicitDependencyGeneratePcm arm64 /var/folders/3w/91hphlzs0rv_1twbkfyhvn6m0000gn/T/condisco-preflight.dyPabj/DerivedData/SDKExplicitPrecompiledModules/DataDetection-2IY3GTAULYKJU3U4QFSEDCK22.pcm

SwiftExplicitDependencyGeneratePcm arm64 /var/folders/3w/91hphlzs0rv_1twbkfyhvn6m0000gn/T/condisco-preflight.dyPabj/DerivedData/SDKExplicitPrecompiledModules/Accessibility-2LQT0KZKGDQYOJYXRJF42E4NT.pcm

SwiftExplicitDependencyGeneratePcm arm64 /var/folders/3w/91hphlzs0rv_1twbkfyhvn6m0000gn/T/condisco-preflight.dyPabj/DerivedData/SDKExplicitPrecompiledModules/Symbols-BLAT89N2O234QYDOONLB9EP8D.pcm

SwiftExplicitDependencyGeneratePcm arm64 /var/folders/3w/91hphlzs0rv_1twbkfyhvn6m0000gn/T/condisco-preflight.dyPabj/DerivedData/SDKExplicitPrecompiledModules/IOSurface-BMVB6MG4MYYSQX2Q2AX6ZQTAG.pcm

SwiftExplicitDependencyGeneratePcm arm64 /var/folders/3w/91hphlzs0rv_1twbkfyhvn6m0000gn/T/condisco-preflight.dyPabj/DerivedData/SDKExplicitPrecompiledModules/AppIntentsTypeSupport-14H60PMG0ZH0B1Z1X85TT3YIR.pcm

SwiftExplicitDependencyGeneratePcm arm64 /var/folders/3w/91hphlzs0rv_1twbkfyhvn6m0000gn/T/condisco-preflight.dyPabj/DerivedData/SDKExplicitPrecompiledModules/RelevanceKit-7KC1IX6CRPDUTQ8TM39KC5OHF.pcm

SwiftExplicitDependencyGeneratePcm arm64 /var/folders/3w/91hphlzs0rv_1twbkfyhvn6m0000gn/T/condisco-preflight.dyPabj/DerivedData/SDKExplicitPrecompiledModules/CoreMotion-27DA5ATY01VFF5XTGJAH9EVE1.pcm

SwiftExplicitDependencyGeneratePcm arm64 /var/folders/3w/91hphlzs0rv_1twbkfyhvn6m0000gn/T/condisco-preflight.dyPabj/DerivedData/SDKExplicitPrecompiledModules/Intents-449JID5MQHQ8SYHKMKET4LFVH.pcm

SwiftExplicitDependencyGeneratePcm arm64 /var/folders/3w/91hphlzs0rv_1twbkfyhvn6m0000gn/T/condisco-preflight.dyPabj/DerivedData/SDKExplicitPrecompiledModules/FileProvider-ACJIQYC4NNYXW8735VAIRC3SZ.pcm

SwiftExplicitDependencyGeneratePcm arm64 /var/folders/3w/91hphlzs0rv_1twbkfyhvn6m0000gn/T/condisco-preflight.dyPabj/DerivedData/SDKExplicitPrecompiledModules/UIUtilities-5U1Y9FT7U4P8KU3YKKOOBBDJ0.pcm

SwiftExplicitDependencyGeneratePcm arm64 /var/folders/3w/91hphlzs0rv_1twbkfyhvn6m0000gn/T/condisco-preflight.dyPabj/DerivedData/SDKExplicitPrecompiledModules/AppIntents-3COSRJWBW8BHO3LD8IAYP33KJ.pcm

SwiftExplicitDependencyGeneratePcm arm64 /var/folders/3w/91hphlzs0rv_1twbkfyhvn6m0000gn/T/condisco-preflight.dyPabj/DerivedData/SDKExplicitPrecompiledModules/Metal-C9MUH1PZUZ6PU4K08IP6LWJGV.pcm

SwiftExplicitDependencyGeneratePcm arm64 /var/folders/3w/91hphlzs0rv_1twbkfyhvn6m0000gn/T/condisco-preflight.dyPabj/DerivedData/SDKExplicitPrecompiledModules/UniformTypeIdentifiers-A3KY3GQ001QPAXOY9XZ7OZI3Y.pcm

SwiftExplicitDependencyGeneratePcm arm64 /var/folders/3w/91hphlzs0rv_1twbkfyhvn6m0000gn/T/condisco-preflight.dyPabj/DerivedData/SDKExplicitPrecompiledModules/CoreSpotlight-K3VB6LWR9JPZYQNR0AU4J6B5.pcm

SwiftExplicitDependencyGeneratePcm arm64 /var/folders/3w/91hphlzs0rv_1twbkfyhvn6m0000gn/T/condisco-preflight.dyPabj/DerivedData/SDKExplicitPrecompiledModules/CoreVideo-BZ2P2X4X280DVEB402GLF6S6N.pcm

SwiftExplicitDependencyGeneratePcm arm64 /var/folders/3w/91hphlzs0rv_1twbkfyhvn6m0000gn/T/condisco-preflight.dyPabj/DerivedData/SDKExplicitPrecompiledModules/QuartzCore-6BCELQR9QL4H4DXP2RNXHYNPU.pcm

SwiftExplicitDependencyGeneratePcm arm64 /var/folders/3w/91hphlzs0rv_1twbkfyhvn6m0000gn/T/condisco-preflight.dyPabj/DerivedData/SDKExplicitPrecompiledModules/CoreImage-DEF826E7WS9ATEDQP4QJFPHKL.pcm

SwiftExplicitDependencyGeneratePcm arm64 /var/folders/3w/91hphlzs0rv_1twbkfyhvn6m0000gn/T/condisco-preflight.dyPabj/DerivedData/SDKExplicitPrecompiledModules/CoreMedia-ON4VB0KOUUQPSNHW7NT49O6I.pcm

SwiftExplicitDependencyGeneratePcm arm64 /var/folders/3w/91hphlzs0rv_1twbkfyhvn6m0000gn/T/condisco-preflight.dyPabj/DerivedData/SDKExplicitPrecompiledModules/SwiftUICore-9LEDYG2SGVGYT06BRI0H3VP25.pcm

SwiftExplicitDependencyGeneratePcm arm64 /var/folders/3w/91hphlzs0rv_1twbkfyhvn6m0000gn/T/condisco-preflight.dyPabj/DerivedData/SDKExplicitPrecompiledModules/UIKit-9UNG76K2SNX67K5BN4Z0NJ4P.pcm

SwiftExplicitDependencyGeneratePcm arm64 /var/folders/3w/91hphlzs0rv_1twbkfyhvn6m0000gn/T/condisco-preflight.dyPabj/DerivedData/SDKExplicitPrecompiledModules/SwiftUI-197193Z6HI3SCGVJSHSEYPN5M.pcm

SwiftCompile normal arm64 Compiling\ CondiscoWidget.swift /Users/spkoehl/Projects/VerbaLibera/CondiscoWidget/CondiscoWidget.swift (in target 'CondiscoWidget' from project 'Condisco')

SwiftCompile normal arm64 /Users/spkoehl/Projects/VerbaLibera/CondiscoWidget/CondiscoWidget.swift (in target 'CondiscoWidget' from project 'Condisco')
    cd /Users/spkoehl/Projects/VerbaLibera
    builtin-SwiftPerFileCompile CondiscoWidget.swift

SwiftCompile normal arm64 Compiling\ WidgetSnapshot.swift /Users/spkoehl/Projects/VerbaLibera/Condisco/Store/WidgetSnapshot.swift (in target 'CondiscoWidget' from project 'Condisco')

SwiftCompile normal arm64 /Users/spkoehl/Projects/VerbaLibera/Condisco/Store/WidgetSnapshot.swift (in target 'CondiscoWidget' from project 'Condisco')
    cd /Users/spkoehl/Projects/VerbaLibera
    builtin-SwiftPerFileCompile WidgetSnapshot.swift

SwiftEmitModule normal arm64 Emitting\ module\ for\ CondiscoWidget (in target 'CondiscoWidget' from project 'Condisco')

SwiftCompile normal arm64 (in target 'CondiscoWidget' from project 'Condisco')
    cd /Users/spkoehl/Projects/VerbaLibera
    

SwiftDriverJobDiscovery normal arm64 Emitting module for CondiscoWidget (in target 'CondiscoWidget' from project 'Condisco')

SwiftDriver\ Compilation\ Requirements CondiscoWidget normal arm64 com.apple.xcode.tools.swift.compiler (in target 'CondiscoWidget' from project 'Condisco')
    cd /Users/spkoehl/Projects/VerbaLibera
    builtin-Swift-Compilation-Requirements -- /Applications/Xcode.app/Contents/Developer/Toolchains/XcodeDefault.xctoolchain/usr/bin/swiftc -module-name CondiscoWidget -Onone @/var/folders/3w/91hphlzs0rv_1twbkfyhvn6m0000gn/T/condisco-preflight.dyPabj/DerivedData/Build/Intermediates.noindex/Condisco.build/Debug-iphonesimulator/CondiscoWidget.build/Objects-normal/arm64/CondiscoWidget.SwiftFileList -DDEBUG -enable-bare-slash-regex -enable-experimental-feature DebugDescriptionMacro -sdk /Applications/Xcode.app/Contents/Developer/Platforms/iPhoneSimulator.platform/Developer/SDKs/iPhoneSimulator27.0.sdk -target arm64-apple-ios17.0-simulator -g -module-cache-path /var/folders/3w/91hphlzs0rv_1twbkfyhvn6m0000gn/T/condisco-preflight.dyPabj/DerivedData/ModuleCache.noindex -Xfrontend -serialize-debugging-options -application-extension -enable-testing -index-store-path /var/folders/3w/91hphlzs0rv_1twbkfyhvn6m0000gn/T/condisco-preflight.dyPabj/DerivedData/Index.noindex/DataStore -Xcc -D_LIBCPP_HARDENING_MODE\=_LIBCPP_HARDENING_MODE_DEBUG -swift-version 5 -I /var/folders/3w/91hphlzs0rv_1twbkfyhvn6m0000gn/T/condisco-preflight.dyPabj/DerivedData/Build/Products/Debug-iphonesimulator -F /var/folders/3w/91hphlzs0rv_1twbkfyhvn6m0000gn/T/condisco-preflight.dyPabj/DerivedData/Build/Products/Debug-iphonesimulator -emit-localized-strings -emit-localized-strings-path /var/folders/3w/91hphlzs0rv_1twbkfyhvn6m0000gn/T/condisco-preflight.dyPabj/DerivedData/Build/Intermediates.noindex/Condisco.build/Debug-iphonesimulator/CondiscoWidget.build/Objects-normal/arm64 -c -j6 -enable-batch-mode -incremental -Xcc -ivfsstatcache -Xcc /var/folders/3w/91hphlzs0rv_1twbkfyhvn6m0000gn/T/condisco-preflight.dyPabj/DerivedData/SDKStatCaches.noindex/iphonesimulator27.0-24A430-8dc58220667be655e1bcc261a7455254.sdkstatcache -output-file-map /var/folders/3w/91hphlzs0rv_1twbkfyhvn6m0000gn/T/condisco-preflight.dyPabj/DerivedData/Build/Intermediates.noindex/Condisco.build/Debug-iphonesimulator/CondiscoWidget.build/Objects-normal/arm64/CondiscoWidget-OutputFileMap.json -save-temps -no-color-diagnostics -explicit-module-build -module-cache-path /var/folders/3w/91hphlzs0rv_1twbkfyhvn6m0000gn/T/condisco-preflight.dyPabj/DerivedData/Build/Intermediates.noindex/SwiftExplicitPrecompiledModules -clang-scanner-module-cache-path /var/folders/3w/91hphlzs0rv_1twbkfyhvn6m0000gn/T/condisco-preflight.dyPabj/DerivedData/ModuleCache.noindex -sdk-module-cache-path /var/folders/3w/91hphlzs0rv_1twbkfyhvn6m0000gn/T/condisco-preflight.dyPabj/DerivedData/SDKExplicitPrecompiledModules -emit-dependencies -emit-module -emit-module-path /var/folders/3w/91hphlzs0rv_1twbkfyhvn6m0000gn/T/condisco-preflight.dyPabj/DerivedData/Build/Intermediates.noindex/Condisco.build/Debug-iphonesimulator/CondiscoWidget.build/Objects-normal/arm64/CondiscoWidget.swiftmodule -serialize-diagnostics -dependency-scan-serialize-diagnostics-path /var/folders/3w/91hphlzs0rv_1twbkfyhvn6m0000gn/T/condisco-preflight.dyPabj/DerivedData/Build/Intermediates.noindex/Condisco.build/Debug-iphonesimulator/CondiscoWidget.build/Objects-normal/arm64/CondiscoWidget-dependency-scan.dia -validate-clang-modules-once -clang-build-session-file /var/folders/3w/91hphlzs0rv_1twbkfyhvn6m0000gn/T/condisco-preflight.dyPabj/DerivedData/ModuleCache.noindex/Session.modulevalidation -Xcc -fmodules-prune-interval\=86400 -Xcc -fmodules-prune-after\=345600 -emit-const-values -const-gather-protocols-list /var/folders/3w/91hphlzs0rv_1twbkfyhvn6m0000gn/T/condisco-preflight.dyPabj/DerivedData/Build/Intermediates.noindex/Condisco.build/Debug-iphonesimulator/CondiscoWidget.build/Objects-normal/arm64/CondiscoWidget_const_extract_protocols.json -Xcc -iquote -Xcc /var/folders/3w/91hphlzs0rv_1twbkfyhvn6m0000gn/T/condisco-preflight.dyPabj/DerivedData/Build/Intermediates.noindex/Condisco.build/Debug-iphonesimulator/CondiscoWidget.build/CondiscoWidget-generated-files.hmap -Xcc -I/var/folders/3w/91hphlzs0rv_1twbkfyhvn6m0000gn/T/condisco-preflight.dyPabj/DerivedData/Build/Intermediates.noindex/Condisco.build/Debug-iphonesimulator/CondiscoWidget.build/CondiscoWidget-own-target-headers.hmap -Xcc -I/var/folders/3w/91hphlzs0rv_1twbkfyhvn6m0000gn/T/condisco-preflight.dyPabj/DerivedData/Build/Intermediates.noindex/Condisco.build/Debug-iphonesimulator/CondiscoWidget.build/CondiscoWidget-all-target-headers.hmap -Xcc -iquote -Xcc /var/folders/3w/91hphlzs0rv_1twbkfyhvn6m0000gn/T/condisco-preflight.dyPabj/DerivedData/Build/Intermediates.noindex/Condisco.build/Debug-iphonesimulator/CondiscoWidget.build/CondiscoWidget-project-headers.hmap -Xcc -I/var/folders/3w/91hphlzs0rv_1twbkfyhvn6m0000gn/T/condisco-preflight.dyPabj/DerivedData/Build/Products/Debug-iphonesimulator/include -Xcc -I/var/folders/3w/91hphlzs0rv_1twbkfyhvn6m0000gn/T/condisco-preflight.dyPabj/DerivedData/Build/Intermediates.noindex/Condisco.build/Debug-iphonesimulator/CondiscoWidget.build/DerivedSources-normal/arm64 -Xcc -I/var/folders/3w/91hphlzs0rv_1twbkfyhvn6m0000gn/T/condisco-preflight.dyPabj/DerivedData/Build/Intermediates.noindex/Condisco.build/Debug-iphonesimulator/CondiscoWidget.build/DerivedSources/arm64 -Xcc -I/var/folders/3w/91hphlzs0rv_1twbkfyhvn6m0000gn/T/condisco-preflight.dyPabj/DerivedData/Build/Intermediates.noindex/Condisco.build/Debug-iphonesimulator/CondiscoWidget.build/DerivedSources -Xcc -DDEBUG\=1 -Xcc -DDEBUG\=1 -emit-objc-header -emit-objc-header-path /var/folders/3w/91hphlzs0rv_1twbkfyhvn6m0000gn/T/condisco-preflight.dyPabj/DerivedData/Build/Intermediates.noindex/Condisco.build/Debug-iphonesimulator/CondiscoWidget.build/Objects-normal/arm64/CondiscoWidget-Swift.h -working-directory /Users/spkoehl/Projects/VerbaLibera -experimental-emit-module-separately -disable-cmo

SwiftMergeGeneratedHeaders /var/folders/3w/91hphlzs0rv_1twbkfyhvn6m0000gn/T/condisco-preflight.dyPabj/DerivedData/Build/Intermediates.noindex/Condisco.build/Debug-iphonesimulator/CondiscoWidget.build/DerivedSources/CondiscoWidget-Swift.h /var/folders/3w/91hphlzs0rv_1twbkfyhvn6m0000gn/T/condisco-preflight.dyPabj/DerivedData/Build/Intermediates.noindex/Condisco.build/Debug-iphonesimulator/CondiscoWidget.build/Objects-normal/arm64/CondiscoWidget-Swift.h (in target 'CondiscoWidget' from project 'Condisco')
    cd /Users/spkoehl/Projects/VerbaLibera
    builtin-swiftHeaderTool -arch arm64 /var/folders/3w/91hphlzs0rv_1twbkfyhvn6m0000gn/T/condisco-preflight.dyPabj/DerivedData/Build/Intermediates.noindex/Condisco.build/Debug-iphonesimulator/CondiscoWidget.build/Objects-normal/arm64/CondiscoWidget-Swift.h -o /var/folders/3w/91hphlzs0rv_1twbkfyhvn6m0000gn/T/condisco-preflight.dyPabj/DerivedData/Build/Intermediates.noindex/Condisco.build/Debug-iphonesimulator/CondiscoWidget.build/DerivedSources/CondiscoWidget-Swift.h

Copy /var/folders/3w/91hphlzs0rv_1twbkfyhvn6m0000gn/T/condisco-preflight.dyPabj/DerivedData/Build/Products/Debug-iphonesimulator/CondiscoWidget.swiftmodule/arm64-apple-ios-simulator.abi.json /var/folders/3w/91hphlzs0rv_1twbkfyhvn6m0000gn/T/condisco-preflight.dyPabj/DerivedData/Build/Intermediates.noindex/Condisco.build/Debug-iphonesimulator/CondiscoWidget.build/Objects-normal/arm64/CondiscoWidget.abi.json (in target 'CondiscoWidget' from project 'Condisco')
    cd /Users/spkoehl/Projects/VerbaLibera
    builtin-copy -exclude .DS_Store -exclude CVS -exclude .svn -exclude .git -exclude .hg -resolve-src-symlinks -rename /var/folders/3w/91hphlzs0rv_1twbkfyhvn6m0000gn/T/condisco-preflight.dyPabj/DerivedData/Build/Intermediates.noindex/Condisco.build/Debug-iphonesimulator/CondiscoWidget.build/Objects-normal/arm64/CondiscoWidget.abi.json /var/folders/3w/91hphlzs0rv_1twbkfyhvn6m0000gn/T/condisco-preflight.dyPabj/DerivedData/Build/Products/Debug-iphonesimulator/CondiscoWidget.swiftmodule/arm64-apple-ios-simulator.abi.json

Copy /var/folders/3w/91hphlzs0rv_1twbkfyhvn6m0000gn/T/condisco-preflight.dyPabj/DerivedData/Build/Products/Debug-iphonesimulator/CondiscoWidget.swiftmodule/arm64-apple-ios-simulator.swiftmodule /var/folders/3w/91hphlzs0rv_1twbkfyhvn6m0000gn/T/condisco-preflight.dyPabj/DerivedData/Build/Intermediates.noindex/Condisco.build/Debug-iphonesimulator/CondiscoWidget.build/Objects-normal/arm64/CondiscoWidget.swiftmodule (in target 'CondiscoWidget' from project 'Condisco')
    cd /Users/spkoehl/Projects/VerbaLibera
    builtin-copy -exclude .DS_Store -exclude CVS -exclude .svn -exclude .git -exclude .hg -resolve-src-symlinks -rename /var/folders/3w/91hphlzs0rv_1twbkfyhvn6m0000gn/T/condisco-preflight.dyPabj/DerivedData/Build/Intermediates.noindex/Condisco.build/Debug-iphonesimulator/CondiscoWidget.build/Objects-normal/arm64/CondiscoWidget.swiftmodule /var/folders/3w/91hphlzs0rv_1twbkfyhvn6m0000gn/T/condisco-preflight.dyPabj/DerivedData/Build/Products/Debug-iphonesimulator/CondiscoWidget.swiftmodule/arm64-apple-ios-simulator.swiftmodule

Copy /var/folders/3w/91hphlzs0rv_1twbkfyhvn6m0000gn/T/condisco-preflight.dyPabj/DerivedData/Build/Products/Debug-iphonesimulator/CondiscoWidget.swiftmodule/arm64-apple-ios-simulator.swiftdoc /var/folders/3w/91hphlzs0rv_1twbkfyhvn6m0000gn/T/condisco-preflight.dyPabj/DerivedData/Build/Intermediates.noindex/Condisco.build/Debug-iphonesimulator/CondiscoWidget.build/Objects-normal/arm64/CondiscoWidget.swiftdoc (in target 'CondiscoWidget' from project 'Condisco')
    cd /Users/spkoehl/Projects/VerbaLibera
    builtin-copy -exclude .DS_Store -exclude CVS -exclude .svn -exclude .git -exclude .hg -resolve-src-symlinks -rename /var/folders/3w/91hphlzs0rv_1twbkfyhvn6m0000gn/T/condisco-preflight.dyPabj/DerivedData/Build/Intermediates.noindex/Condisco.build/Debug-iphonesimulator/CondiscoWidget.build/Objects-normal/arm64/CondiscoWidget.swiftdoc /var/folders/3w/91hphlzs0rv_1twbkfyhvn6m0000gn/T/condisco-preflight.dyPabj/DerivedData/Build/Products/Debug-iphonesimulator/CondiscoWidget.swiftmodule/arm64-apple-ios-simulator.swiftdoc

Copy /var/folders/3w/91hphlzs0rv_1twbkfyhvn6m0000gn/T/condisco-preflight.dyPabj/DerivedData/Build/Products/Debug-iphonesimulator/CondiscoWidget.swiftmodule/Project/arm64-apple-ios-simulator.swiftsourceinfo /var/folders/3w/91hphlzs0rv_1twbkfyhvn6m0000gn/T/condisco-preflight.dyPabj/DerivedData/Build/Intermediates.noindex/Condisco.build/Debug-iphonesimulator/CondiscoWidget.build/Objects-normal/arm64/CondiscoWidget.swiftsourceinfo (in target 'CondiscoWidget' from project 'Condisco')
    cd /Users/spkoehl/Projects/VerbaLibera
    builtin-copy -exclude .DS_Store -exclude CVS -exclude .svn -exclude .git -exclude .hg -resolve-src-symlinks -rename /var/folders/3w/91hphlzs0rv_1twbkfyhvn6m0000gn/T/condisco-preflight.dyPabj/DerivedData/Build/Intermediates.noindex/Condisco.build/Debug-iphonesimulator/CondiscoWidget.build/Objects-normal/arm64/CondiscoWidget.swiftsourceinfo /var/folders/3w/91hphlzs0rv_1twbkfyhvn6m0000gn/T/condisco-preflight.dyPabj/DerivedData/Build/Products/Debug-iphonesimulator/CondiscoWidget.swiftmodule/Project/arm64-apple-ios-simulator.swiftsourceinfo

ProcessProductPackaging /Users/spkoehl/Projects/VerbaLibera/Condisco/Condisco.entitlements /var/folders/3w/91hphlzs0rv_1twbkfyhvn6m0000gn/T/condisco-preflight.dyPabj/DerivedData/Build/Intermediates.noindex/Condisco.build/Debug-iphonesimulator/Condisco.build/Condisco.app-Simulated.xcent (in target 'Condisco' from project 'Condisco')
    cd /Users/spkoehl/Projects/VerbaLibera
    
    Entitlements:
    
    {
    "application-identifier" = "PN9T9MT37J.com.sleuthysloth.condisco";
    "com.apple.security.application-groups" =     (
        "group.com.sleuthysloth.condisco"
    );
}
    
    builtin-productPackagingUtility /Users/spkoehl/Projects/VerbaLibera/Condisco/Condisco.entitlements -entitlements -format xml -o /var/folders/3w/91hphlzs0rv_1twbkfyhvn6m0000gn/T/condisco-preflight.dyPabj/DerivedData/Build/Intermediates.noindex/Condisco.build/Debug-iphonesimulator/Condisco.build/Condisco.app-Simulated.xcent

ProcessProductPackaging /Users/spkoehl/Projects/VerbaLibera/Condisco/Condisco.entitlements /var/folders/3w/91hphlzs0rv_1twbkfyhvn6m0000gn/T/condisco-preflight.dyPabj/DerivedData/Build/Intermediates.noindex/Condisco.build/Debug-iphonesimulator/Condisco.build/Condisco.app.xcent (in target 'Condisco' from project 'Condisco')
    cd /Users/spkoehl/Projects/VerbaLibera
    
    Entitlements:
    
    {
}
    
    builtin-productPackagingUtility /Users/spkoehl/Projects/VerbaLibera/Condisco/Condisco.entitlements -entitlements -format xml -o /var/folders/3w/91hphlzs0rv_1twbkfyhvn6m0000gn/T/condisco-preflight.dyPabj/DerivedData/Build/Intermediates.noindex/Condisco.build/Debug-iphonesimulator/Condisco.build/Condisco.app.xcent

ProcessProductPackagingDER /var/folders/3w/91hphlzs0rv_1twbkfyhvn6m0000gn/T/condisco-preflight.dyPabj/DerivedData/Build/Intermediates.noindex/Condisco.build/Debug-iphonesimulator/Condisco.build/Condisco.app.xcent /var/folders/3w/91hphlzs0rv_1twbkfyhvn6m0000gn/T/condisco-preflight.dyPabj/DerivedData/Build/Intermediates.noindex/Condisco.build/Debug-iphonesimulator/Condisco.build/Condisco.app.xcent.der (in target 'Condisco' from project 'Condisco')
    cd /Users/spkoehl/Projects/VerbaLibera
    /usr/bin/derq query -f xml -i /var/folders/3w/91hphlzs0rv_1twbkfyhvn6m0000gn/T/condisco-preflight.dyPabj/DerivedData/Build/Intermediates.noindex/Condisco.build/Debug-iphonesimulator/Condisco.build/Condisco.app.xcent -o /var/folders/3w/91hphlzs0rv_1twbkfyhvn6m0000gn/T/condisco-preflight.dyPabj/DerivedData/Build/Intermediates.noindex/Condisco.build/Debug-iphonesimulator/Condisco.build/Condisco.app.xcent.der --raw

ProcessProductPackagingDER /var/folders/3w/91hphlzs0rv_1twbkfyhvn6m0000gn/T/condisco-preflight.dyPabj/DerivedData/Build/Intermediates.noindex/Condisco.build/Debug-iphonesimulator/Condisco.build/Condisco.app-Simulated.xcent /var/folders/3w/91hphlzs0rv_1twbkfyhvn6m0000gn/T/condisco-preflight.dyPabj/DerivedData/Build/Intermediates.noindex/Condisco.build/Debug-iphonesimulator/Condisco.build/Condisco.app-Simulated.xcent.der (in target 'Condisco' from project 'Condisco')
    cd /Users/spkoehl/Projects/VerbaLibera
    /usr/bin/derq query -f xml -i /var/folders/3w/91hphlzs0rv_1twbkfyhvn6m0000gn/T/condisco-preflight.dyPabj/DerivedData/Build/Intermediates.noindex/Condisco.build/Debug-iphonesimulator/Condisco.build/Condisco.app-Simulated.xcent -o /var/folders/3w/91hphlzs0rv_1twbkfyhvn6m0000gn/T/condisco-preflight.dyPabj/DerivedData/Build/Intermediates.noindex/Condisco.build/Debug-iphonesimulator/Condisco.build/Condisco.app-Simulated.xcent.der --raw

MkDir /var/folders/3w/91hphlzs0rv_1twbkfyhvn6m0000gn/T/condisco-preflight.dyPabj/DerivedData/Build/Intermediates.noindex/Condisco.build/Debug-iphonesimulator/Condisco.build/assetcatalog_output/thinned (in target 'Condisco' from project 'Condisco')
    cd /Users/spkoehl/Projects/VerbaLibera
    /bin/mkdir -p /var/folders/3w/91hphlzs0rv_1twbkfyhvn6m0000gn/T/condisco-preflight.dyPabj/DerivedData/Build/Intermediates.noindex/Condisco.build/Debug-iphonesimulator/Condisco.build/assetcatalog_output/thinned

MkDir /var/folders/3w/91hphlzs0rv_1twbkfyhvn6m0000gn/T/condisco-preflight.dyPabj/DerivedData/Build/Intermediates.noindex/Condisco.build/Debug-iphonesimulator/Condisco.build/assetcatalog_output/unthinned (in target 'Condisco' from project 'Condisco')
    cd /Users/spkoehl/Projects/VerbaLibera
    /bin/mkdir -p /var/folders/3w/91hphlzs0rv_1twbkfyhvn6m0000gn/T/condisco-preflight.dyPabj/DerivedData/Build/Intermediates.noindex/Condisco.build/Debug-iphonesimulator/Condisco.build/assetcatalog_output/unthinned

CompileAssetCatalogVariant thinned /var/folders/3w/91hphlzs0rv_1twbkfyhvn6m0000gn/T/condisco-preflight.dyPabj/DerivedData/Build/Products/Debug-iphonesimulator/Condisco.app /Users/spkoehl/Projects/VerbaLibera/Condisco/Assets.xcassets (in target 'Condisco' from project 'Condisco')
    cd /Users/spkoehl/Projects/VerbaLibera
    /Applications/Xcode.app/Contents/Developer/usr/bin/actool /Users/spkoehl/Projects/VerbaLibera/Condisco/Assets.xcassets --compile /var/folders/3w/91hphlzs0rv_1twbkfyhvn6m0000gn/T/condisco-preflight.dyPabj/DerivedData/Build/Intermediates.noindex/Condisco.build/Debug-iphonesimulator/Condisco.build/assetcatalog_output/thinned --output-format human-readable-text --notices --warnings --export-dependency-info /var/folders/3w/91hphlzs0rv_1twbkfyhvn6m0000gn/T/condisco-preflight.dyPabj/DerivedData/Build/Intermediates.noindex/Condisco.build/Debug-iphonesimulator/Condisco.build/assetcatalog_dependencies_thinned --output-partial-info-plist /var/folders/3w/91hphlzs0rv_1twbkfyhvn6m0000gn/T/condisco-preflight.dyPabj/DerivedData/Build/Intermediates.noindex/Condisco.build/Debug-iphonesimulator/Condisco.build/assetcatalog_generated_info.plist_thinned --app-icon AppIcon --accent-color AccentColor --compress-pngs --enable-on-demand-resources YES --filter-for-thinning-device-configuration iPhone19,2 --filter-for-device-os-version 27.0 --development-region en --target-device iphone --target-device ipad --minimum-deployment-target 17.0 --platform iphonesimulator
/* com.apple.actool.compilation-results */
/var/folders/3w/91hphlzs0rv_1twbkfyhvn6m0000gn/T/condisco-preflight.dyPabj/DerivedData/Build/Intermediates.noindex/Condisco.build/Debug-iphonesimulator/Condisco.build/assetcatalog_generated_info.plist_thinned
/var/folders/3w/91hphlzs0rv_1twbkfyhvn6m0000gn/T/condisco-preflight.dyPabj/DerivedData/Build/Intermediates.noindex/Condisco.build/Debug-iphonesimulator/Condisco.build/assetcatalog_output/thinned/AppIcon60x60@2x.png
/var/folders/3w/91hphlzs0rv_1twbkfyhvn6m0000gn/T/condisco-preflight.dyPabj/DerivedData/Build/Intermediates.noindex/Condisco.build/Debug-iphonesimulator/Condisco.build/assetcatalog_output/thinned/AppIcon76x76@2x~ipad.png
/var/folders/3w/91hphlzs0rv_1twbkfyhvn6m0000gn/T/condisco-preflight.dyPabj/DerivedData/Build/Intermediates.noindex/Condisco.build/Debug-iphonesimulator/Condisco.build/assetcatalog_output/thinned/Assets.car


GenerateAssetSymbols /Users/spkoehl/Projects/VerbaLibera/Condisco/Assets.xcassets (in target 'Condisco' from project 'Condisco')
    cd /Users/spkoehl/Projects/VerbaLibera
    /Applications/Xcode.app/Contents/Developer/usr/bin/actool /Users/spkoehl/Projects/VerbaLibera/Condisco/Assets.xcassets --compile /var/folders/3w/91hphlzs0rv_1twbkfyhvn6m0000gn/T/condisco-preflight.dyPabj/DerivedData/Build/Products/Debug-iphonesimulator/Condisco.app --output-format human-readable-text --notices --warnings --export-dependency-info /var/folders/3w/91hphlzs0rv_1twbkfyhvn6m0000gn/T/condisco-preflight.dyPabj/DerivedData/Build/Intermediates.noindex/Condisco.build/Debug-iphonesimulator/Condisco.build/assetcatalog_dependencies --output-partial-info-plist /var/folders/3w/91hphlzs0rv_1twbkfyhvn6m0000gn/T/condisco-preflight.dyPabj/DerivedData/Build/Intermediates.noindex/Condisco.build/Debug-iphonesimulator/Condisco.build/assetcatalog_generated_info.plist --app-icon AppIcon --accent-color AccentColor --compress-pngs --enable-on-demand-resources YES --development-region en --target-device iphone --target-device ipad --minimum-deployment-target 17.0 --platform iphonesimulator --bundle-identifier com.sleuthysloth.condisco --generate-swift-asset-symbol-extensions NO --generate-swift-asset-symbols /var/folders/3w/91hphlzs0rv_1twbkfyhvn6m0000gn/T/condisco-preflight.dyPabj/DerivedData/Build/Intermediates.noindex/Condisco.build/Debug-iphonesimulator/Condisco.build/DerivedSources/GeneratedAssetSymbols.swift --generate-objc-asset-symbols /var/folders/3w/91hphlzs0rv_1twbkfyhvn6m0000gn/T/condisco-preflight.dyPabj/DerivedData/Build/Intermediates.noindex/Condisco.build/Debug-iphonesimulator/Condisco.build/DerivedSources/GeneratedAssetSymbols.h --generate-asset-symbol-index /var/folders/3w/91hphlzs0rv_1twbkfyhvn6m0000gn/T/condisco-preflight.dyPabj/DerivedData/Build/Intermediates.noindex/Condisco.build/Debug-iphonesimulator/Condisco.build/DerivedSources/GeneratedAssetSymbols-Index.plist
/* com.apple.actool.compilation-results */
/var/folders/3w/91hphlzs0rv_1twbkfyhvn6m0000gn/T/condisco-preflight.dyPabj/DerivedData/Build/Intermediates.noindex/Condisco.build/Debug-iphonesimulator/Condisco.build/DerivedSources/GeneratedAssetSymbols-Index.plist
/var/folders/3w/91hphlzs0rv_1twbkfyhvn6m0000gn/T/condisco-preflight.dyPabj/DerivedData/Build/Intermediates.noindex/Condisco.build/Debug-iphonesimulator/Condisco.build/DerivedSources/GeneratedAssetSymbols.h
/var/folders/3w/91hphlzs0rv_1twbkfyhvn6m0000gn/T/condisco-preflight.dyPabj/DerivedData/Build/Intermediates.noindex/Condisco.build/Debug-iphonesimulator/Condisco.build/DerivedSources/GeneratedAssetSymbols.swift


SwiftDriver Condisco normal arm64 com.apple.xcode.tools.swift.compiler (in target 'Condisco' from project 'Condisco')
    cd /Users/spkoehl/Projects/VerbaLibera
    builtin-SwiftDriver -- /Applications/Xcode.app/Contents/Developer/Toolchains/XcodeDefault.xctoolchain/usr/bin/swiftc -module-name Condisco -Onone @/var/folders/3w/91hphlzs0rv_1twbkfyhvn6m0000gn/T/condisco-preflight.dyPabj/DerivedData/Build/Intermediates.noindex/Condisco.build/Debug-iphonesimulator/Condisco.build/Objects-normal/arm64/Condisco.SwiftFileList -DDEBUG -enable-bare-slash-regex -enable-experimental-feature DebugDescriptionMacro -sdk /Applications/Xcode.app/Contents/Developer/Platforms/iPhoneSimulator.platform/Developer/SDKs/iPhoneSimulator27.0.sdk -target arm64-apple-ios17.0-simulator -g -module-cache-path /var/folders/3w/91hphlzs0rv_1twbkfyhvn6m0000gn/T/condisco-preflight.dyPabj/DerivedData/ModuleCache.noindex -Xfrontend -serialize-debugging-options -enable-testing -index-store-path /var/folders/3w/91hphlzs0rv_1twbkfyhvn6m0000gn/T/condisco-preflight.dyPabj/DerivedData/Index.noindex/DataStore -Xcc -D_LIBCPP_HARDENING_MODE\=_LIBCPP_HARDENING_MODE_DEBUG -swift-version 5 -I /var/folders/3w/91hphlzs0rv_1twbkfyhvn6m0000gn/T/condisco-preflight.dyPabj/DerivedData/Build/Products/Debug-iphonesimulator -F /var/folders/3w/91hphlzs0rv_1twbkfyhvn6m0000gn/T/condisco-preflight.dyPabj/DerivedData/Build/Products/Debug-iphonesimulator -emit-localized-strings -emit-localized-strings-path /var/folders/3w/91hphlzs0rv_1twbkfyhvn6m0000gn/T/condisco-preflight.dyPabj/DerivedData/Build/Intermediates.noindex/Condisco.build/Debug-iphonesimulator/Condisco.build/Objects-normal/arm64 -c -j6 -enable-batch-mode -incremental -Xcc -ivfsstatcache -Xcc /var/folders/3w/91hphlzs0rv_1twbkfyhvn6m0000gn/T/condisco-preflight.dyPabj/DerivedData/SDKStatCaches.noindex/iphonesimulator27.0-24A430-8dc58220667be655e1bcc261a7455254.sdkstatcache -output-file-map /var/folders/3w/91hphlzs0rv_1twbkfyhvn6m0000gn/T/condisco-preflight.dyPabj/DerivedData/Build/Intermediates.noindex/Condisco.build/Debug-iphonesimulator/Condisco.build/Objects-normal/arm64/Condisco-OutputFileMap.json -save-temps -no-color-diagnostics -explicit-module-build -module-cache-path /var/folders/3w/91hphlzs0rv_1twbkfyhvn6m0000gn/T/condisco-preflight.dyPabj/DerivedData/Build/Intermediates.noindex/SwiftExplicitPrecompiledModules -clang-scanner-module-cache-path /var/folders/3w/91hphlzs0rv_1twbkfyhvn6m0000gn/T/condisco-preflight.dyPabj/DerivedData/ModuleCache.noindex -sdk-module-cache-path /var/folders/3w/91hphlzs0rv_1twbkfyhvn6m0000gn/T/condisco-preflight.dyPabj/DerivedData/SDKExplicitPrecompiledModules -emit-dependencies -emit-module -emit-module-path /var/folders/3w/91hphlzs0rv_1twbkfyhvn6m0000gn/T/condisco-preflight.dyPabj/DerivedData/Build/Intermediates.noindex/Condisco.build/Debug-iphonesimulator/Condisco.build/Objects-normal/arm64/Condisco.swiftmodule -serialize-diagnostics -dependency-scan-serialize-diagnostics-path /var/folders/3w/91hphlzs0rv_1twbkfyhvn6m0000gn/T/condisco-preflight.dyPabj/DerivedData/Build/Intermediates.noindex/Condisco.build/Debug-iphonesimulator/Condisco.build/Objects-normal/arm64/Condisco-dependency-scan.dia -validate-clang-modules-once -clang-build-session-file /var/folders/3w/91hphlzs0rv_1twbkfyhvn6m0000gn/T/condisco-preflight.dyPabj/DerivedData/ModuleCache.noindex/Session.modulevalidation -Xcc -fmodules-prune-interval\=86400 -Xcc -fmodules-prune-after\=345600 -emit-const-values -const-gather-protocols-list /var/folders/3w/91hphlzs0rv_1twbkfyhvn6m0000gn/T/condisco-preflight.dyPabj/DerivedData/Build/Intermediates.noindex/Condisco.build/Debug-iphonesimulator/Condisco.build/Objects-normal/arm64/Condisco_const_extract_protocols.json -Xcc -iquote -Xcc /var/folders/3w/91hphlzs0rv_1twbkfyhvn6m0000gn/T/condisco-preflight.dyPabj/DerivedData/Build/Intermediates.noindex/Condisco.build/Debug-iphonesimulator/Condisco.build/Condisco-generated-files.hmap -Xcc -I/var/folders/3w/91hphlzs0rv_1twbkfyhvn6m0000gn/T/condisco-preflight.dyPabj/DerivedData/Build/Intermediates.noindex/Condisco.build/Debug-iphonesimulator/Condisco.build/Condisco-own-target-headers.hmap -Xcc -I/var/folders/3w/91hphlzs0rv_1twbkfyhvn6m0000gn/T/condisco-preflight.dyPabj/DerivedData/Build/Intermediates.noindex/Condisco.build/Debug-iphonesimulator/Condisco.build/Condisco-all-target-headers.hmap -Xcc -iquote -Xcc /var/folders/3w/91hphlzs0rv_1twbkfyhvn6m0000gn/T/condisco-preflight.dyPabj/DerivedData/Build/Intermediates.noindex/Condisco.build/Debug-iphonesimulator/Condisco.build/Condisco-project-headers.hmap -Xcc -I/var/folders/3w/91hphlzs0rv_1twbkfyhvn6m0000gn/T/condisco-preflight.dyPabj/DerivedData/Build/Products/Debug-iphonesimulator/include -Xcc -I/var/folders/3w/91hphlzs0rv_1twbkfyhvn6m0000gn/T/condisco-preflight.dyPabj/DerivedData/Build/Intermediates.noindex/Condisco.build/Debug-iphonesimulator/Condisco.build/DerivedSources-normal/arm64 -Xcc -I/var/folders/3w/91hphlzs0rv_1twbkfyhvn6m0000gn/T/condisco-preflight.dyPabj/DerivedData/Build/Intermediates.noindex/Condisco.build/Debug-iphonesimulator/Condisco.build/DerivedSources/arm64 -Xcc -I/var/folders/3w/91hphlzs0rv_1twbkfyhvn6m0000gn/T/condisco-preflight.dyPabj/DerivedData/Build/Intermediates.noindex/Condisco.build/Debug-iphonesimulator/Condisco.build/DerivedSources -Xcc -DDEBUG\=1 -Xcc -DDEBUG\=1 -emit-objc-header -emit-objc-header-path /var/folders/3w/91hphlzs0rv_1twbkfyhvn6m0000gn/T/condisco-preflight.dyPabj/DerivedData/Build/Intermediates.noindex/Condisco.build/Debug-iphonesimulator/Condisco.build/Objects-normal/arm64/Condisco-Swift.h -working-directory /Users/spkoehl/Projects/VerbaLibera -experimental-emit-module-separately -disable-cmo

SwiftExplicitDependencyGeneratePcm arm64 /var/folders/3w/91hphlzs0rv_1twbkfyhvn6m0000gn/T/condisco-preflight.dyPabj/DerivedData/SDKExplicitPrecompiledModules/ActivityKit-E4ZCAVNND9DY1HMLDMSP6LLOY.pcm

SwiftExplicitDependencyGeneratePcm arm64 /var/folders/3w/91hphlzs0rv_1twbkfyhvn6m0000gn/T/condisco-preflight.dyPabj/DerivedData/SDKExplicitPrecompiledModules/_Builtin_float-3YBMIFZ8RNIH7QUIQF37LPWD2.pcm

SwiftExplicitDependencyGeneratePcm arm64 /var/folders/3w/91hphlzs0rv_1twbkfyhvn6m0000gn/T/condisco-preflight.dyPabj/DerivedData/SDKExplicitPrecompiledModules/ptrcheck-1P9G95BF8PBH2JI1QLXBZK2XO.pcm

SwiftExplicitDependencyGeneratePcm arm64 /var/folders/3w/91hphlzs0rv_1twbkfyhvn6m0000gn/T/condisco-preflight.dyPabj/DerivedData/SDKExplicitPrecompiledModules/DeveloperToolsSupport-DRCGBGTU31S1L1TEU4WR31PHS.pcm

SwiftDriverJobDiscovery normal arm64 Compiling WidgetSnapshot.swift (in target 'CondiscoWidget' from project 'Condisco')

SwiftExplicitDependencyGeneratePcm arm64 /var/folders/3w/91hphlzs0rv_1twbkfyhvn6m0000gn/T/condisco-preflight.dyPabj/DerivedData/SDKExplicitPrecompiledModules/_Builtin_stddef-1XNCKCBZLGAPX1P1BVU1A84PM.pcm

SwiftExplicitDependencyGeneratePcm arm64 /var/folders/3w/91hphlzs0rv_1twbkfyhvn6m0000gn/T/condisco-preflight.dyPabj/DerivedData/SDKExplicitPrecompiledModules/SwiftShims-5KSGLU4EDNTIE87TRG2SPRX1C.pcm

SwiftExplicitDependencyGeneratePcm arm64 /var/folders/3w/91hphlzs0rv_1twbkfyhvn6m0000gn/T/condisco-preflight.dyPabj/DerivedData/SDKExplicitPrecompiledModules/_SwiftConcurrencyShims-9F37XZ5MWH718LGYUHMNRDYG5.pcm

SwiftExplicitDependencyGeneratePcm arm64 /var/folders/3w/91hphlzs0rv_1twbkfyhvn6m0000gn/T/condisco-preflight.dyPabj/DerivedData/SDKExplicitPrecompiledModules/_StoreKit_SwiftUI-5DR78JQZVDP3D0KL8OL4SAHCN.pcm

SwiftExplicitDependencyGeneratePcm arm64 /var/folders/3w/91hphlzs0rv_1twbkfyhvn6m0000gn/T/condisco-preflight.dyPabj/DerivedData/SDKExplicitPrecompiledModules/_Builtin_stdarg-AXPBBUJUCYTTVH020QVNO31WZ.pcm

SwiftExplicitDependencyGeneratePcm arm64 /var/folders/3w/91hphlzs0rv_1twbkfyhvn6m0000gn/T/condisco-preflight.dyPabj/DerivedData/SDKExplicitPrecompiledModules/ptrauth-5VOZ0L912R55YQZ28EXF75X87.pcm

SwiftExplicitDependencyGeneratePcm arm64 /var/folders/3w/91hphlzs0rv_1twbkfyhvn6m0000gn/T/condisco-preflight.dyPabj/DerivedData/SDKExplicitPrecompiledModules/_Builtin_stdbool-J1Y3150GLSW5QNH9FWTV3VM.pcm

SwiftExplicitDependencyGeneratePcm arm64 /var/folders/3w/91hphlzs0rv_1twbkfyhvn6m0000gn/T/condisco-preflight.dyPabj/DerivedData/SDKExplicitPrecompiledModules/_AvailabilityInternal-E1P7FSVKVC17S8YJXPXHB5G0M.pcm

SwiftExplicitDependencyGeneratePcm arm64 /var/folders/3w/91hphlzs0rv_1twbkfyhvn6m0000gn/T/condisco-preflight.dyPabj/DerivedData/SDKExplicitPrecompiledModules/_DarwinFoundation1-955VIJDQY61YT6DGUF4MBZU8U.pcm

SwiftExplicitDependencyGeneratePcm arm64 /var/folders/3w/91hphlzs0rv_1twbkfyhvn6m0000gn/T/condisco-preflight.dyPabj/DerivedData/SDKExplicitPrecompiledModules/SQLite3-CSADWHBFJI27JAJR6D61EYOSU.pcm

SwiftExplicitDependencyGeneratePcm arm64 /var/folders/3w/91hphlzs0rv_1twbkfyhvn6m0000gn/T/condisco-preflight.dyPabj/DerivedData/SDKExplicitPrecompiledModules/_DarwinFoundation2-6KLPADAJPTQ8038OU2JHQ0532.pcm

SwiftExplicitDependencyGeneratePcm arm64 /var/folders/3w/91hphlzs0rv_1twbkfyhvn6m0000gn/T/condisco-preflight.dyPabj/DerivedData/SDKExplicitPrecompiledModules/ExtensionFoundation-BDUWKNX08QA1Y47068UMXHK1L.pcm

SwiftExplicitDependencyGeneratePcm arm64 /var/folders/3w/91hphlzs0rv_1twbkfyhvn6m0000gn/T/condisco-preflight.dyPabj/DerivedData/SDKExplicitPrecompiledModules/_Builtin_limits-2ZT1F1B8ZKAZP8DVJ0WD5Y3FH.pcm

SwiftExplicitDependencyGeneratePcm arm64 /var/folders/3w/91hphlzs0rv_1twbkfyhvn6m0000gn/T/condisco-preflight.dyPabj/DerivedData/SDKExplicitPrecompiledModules/sys_types-AM4SO9XS7RRZUTE18HXU84TZK.pcm

SwiftExplicitDependencyGeneratePcm arm64 /var/folders/3w/91hphlzs0rv_1twbkfyhvn6m0000gn/T/condisco-preflight.dyPabj/DerivedData/SDKExplicitPrecompiledModules/_Builtin_tgmath-AW6V2XFKF62ALN8BIJ35TL9VK.pcm

SwiftExplicitDependencyGeneratePcm arm64 /var/folders/3w/91hphlzs0rv_1twbkfyhvn6m0000gn/T/condisco-preflight.dyPabj/DerivedData/SDKExplicitPrecompiledModules/_Builtin_stdint-8U8PTIQH30EJMRPCEL569MUP6.pcm

SwiftExplicitDependencyGeneratePcm arm64 /var/folders/3w/91hphlzs0rv_1twbkfyhvn6m0000gn/T/condisco-preflight.dyPabj/DerivedData/SDKExplicitPrecompiledModules/string_h-5CU1E3JL5TVIKY8WUQNZLIMHN.pcm

SwiftExplicitDependencyGeneratePcm arm64 /var/folders/3w/91hphlzs0rv_1twbkfyhvn6m0000gn/T/condisco-preflight.dyPabj/DerivedData/SDKExplicitPrecompiledModules/_DarwinFoundation3-CZOTCOJOX3SSOEP7Y8WNPJ3LL.pcm

SwiftExplicitDependencyGeneratePcm arm64 /var/folders/3w/91hphlzs0rv_1twbkfyhvn6m0000gn/T/condisco-preflight.dyPabj/DerivedData/SDKExplicitPrecompiledModules/_Builtin_stdatomic-9D7ZO2RT73JO5LHHEEQHRG6W3.pcm

SwiftExplicitDependencyGeneratePcm arm64 /var/folders/3w/91hphlzs0rv_1twbkfyhvn6m0000gn/T/condisco-preflight.dyPabj/DerivedData/SDKExplicitPrecompiledModules/_Builtin_intrinsics-7PHALGISCR9KJU91UFZOYG5IJ.pcm

SwiftExplicitDependencyGeneratePcm arm64 /var/folders/3w/91hphlzs0rv_1twbkfyhvn6m0000gn/T/condisco-preflight.dyPabj/DerivedData/SDKExplicitPrecompiledModules/_Builtin_inttypes-6C2SUKIIVJHCXJLF66I3D1IH9.pcm

SwiftExplicitDependencyGeneratePcm arm64 /var/folders/3w/91hphlzs0rv_1twbkfyhvn6m0000gn/T/condisco-preflight.dyPabj/DerivedData/SDKExplicitPrecompiledModules/Darwin-EXDAYTJH697V45PZMB1UJLNZ7.pcm

SwiftExplicitDependencyGeneratePcm arm64 /var/folders/3w/91hphlzs0rv_1twbkfyhvn6m0000gn/T/condisco-preflight.dyPabj/DerivedData/SDKExplicitPrecompiledModules/simd-E7I6VTX6F2FD24CBQW5RASDHI.pcm

SwiftExplicitDependencyGeneratePcm arm64 /var/folders/3w/91hphlzs0rv_1twbkfyhvn6m0000gn/T/condisco-preflight.dyPabj/DerivedData/SDKExplicitPrecompiledModules/MachO-5G1KFPKF9FKQI3H9HOHY7L2YW.pcm

SwiftExplicitDependencyGeneratePcm arm64 /var/folders/3w/91hphlzs0rv_1twbkfyhvn6m0000gn/T/condisco-preflight.dyPabj/DerivedData/SDKExplicitPrecompiledModules/ObjectiveC-EAWU74WQHG6A8T094QK7TQFZ7.pcm

SwiftExplicitDependencyGeneratePcm arm64 /var/folders/3w/91hphlzs0rv_1twbkfyhvn6m0000gn/T/condisco-preflight.dyPabj/DerivedData/SDKExplicitPrecompiledModules/Spatial-107T5NFFLTLP6WLYNYMIQNMAU.pcm

SwiftExplicitDependencyGeneratePcm arm64 /var/folders/3w/91hphlzs0rv_1twbkfyhvn6m0000gn/T/condisco-preflight.dyPabj/DerivedData/SDKExplicitPrecompiledModules/os_object-6IW6UGMQE1MP0PKEQMOVD8CCK.pcm

SwiftExplicitDependencyGeneratePcm arm64 /var/folders/3w/91hphlzs0rv_1twbkfyhvn6m0000gn/T/condisco-preflight.dyPabj/DerivedData/SDKExplicitPrecompiledModules/os_workgroup-732GQDJ7CBWZZ3CQR8SMRXRXX.pcm

SwiftExplicitDependencyGeneratePcm arm64 /var/folders/3w/91hphlzs0rv_1twbkfyhvn6m0000gn/T/condisco-preflight.dyPabj/DerivedData/SDKExplicitPrecompiledModules/Dispatch-6Q7437S9WFFF8ANNRR08EV12F.pcm

SwiftExplicitDependencyGeneratePcm arm64 /var/folders/3w/91hphlzs0rv_1twbkfyhvn6m0000gn/T/condisco-preflight.dyPabj/DerivedData/SDKExplicitPrecompiledModules/CoreFoundation-54PEYH4B1YDZ50HKUQJCANTZC.pcm

SwiftExplicitDependencyGeneratePcm arm64 /var/folders/3w/91hphlzs0rv_1twbkfyhvn6m0000gn/T/condisco-preflight.dyPabj/DerivedData/SDKExplicitPrecompiledModules/XPC-8DD9NOV0OZN71KUG73NSN5P9T.pcm

SwiftExplicitDependencyGeneratePcm arm64 /var/folders/3w/91hphlzs0rv_1twbkfyhvn6m0000gn/T/condisco-preflight.dyPabj/DerivedData/SDKExplicitPrecompiledModules/dnssd-E5EU5SE6VZ4XYOYQPBMBKGG16.pcm

SwiftExplicitDependencyGeneratePcm arm64 /var/folders/3w/91hphlzs0rv_1twbkfyhvn6m0000gn/T/condisco-preflight.dyPabj/DerivedData/SDKExplicitPrecompiledModules/os-9DNOTI50T5WIX5RZLNN4E55CQ.pcm

SwiftExplicitDependencyGeneratePcm arm64 /var/folders/3w/91hphlzs0rv_1twbkfyhvn6m0000gn/T/condisco-preflight.dyPabj/DerivedData/SDKExplicitPrecompiledModules/CoreGraphics-4T8BKGB94ZRK2JXZ3VU7GU0B8.pcm

SwiftExplicitDependencyGeneratePcm arm64 /var/folders/3w/91hphlzs0rv_1twbkfyhvn6m0000gn/T/condisco-preflight.dyPabj/DerivedData/SDKExplicitPrecompiledModules/CFNetwork-8A8QFCI2HMU3SU3BK56ODK5MB.pcm

SwiftExplicitDependencyGeneratePcm arm64 /var/folders/3w/91hphlzs0rv_1twbkfyhvn6m0000gn/T/condisco-preflight.dyPabj/DerivedData/SDKExplicitPrecompiledModules/Security-E0CZO84DWVZPTN0AM2N0JMTQR.pcm

SwiftExplicitDependencyGeneratePcm arm64 /var/folders/3w/91hphlzs0rv_1twbkfyhvn6m0000gn/T/condisco-preflight.dyPabj/DerivedData/SDKExplicitPrecompiledModules/CoreAudioTypes-BEXPK16DSQM0UUHT2BZHWH3JN.pcm

SwiftExplicitDependencyGeneratePcm arm64 /var/folders/3w/91hphlzs0rv_1twbkfyhvn6m0000gn/T/condisco-preflight.dyPabj/DerivedData/SDKExplicitPrecompiledModules/CoreAudio-BQK2KU6G8C8UPTTHNANFF135B.pcm

SwiftExplicitDependencyGeneratePcm arm64 /var/folders/3w/91hphlzs0rv_1twbkfyhvn6m0000gn/T/condisco-preflight.dyPabj/DerivedData/SDKExplicitPrecompiledModules/CoreText-89J07ZLFVGNJD9017WUG6KPX2.pcm

SwiftExplicitDependencyGeneratePcm arm64 /var/folders/3w/91hphlzs0rv_1twbkfyhvn6m0000gn/T/condisco-preflight.dyPabj/DerivedData/SDKExplicitPrecompiledModules/ImageIO-ABIH57G47HHNUI95XN768WHFI.pcm

SwiftExplicitDependencyGeneratePcm arm64 /var/folders/3w/91hphlzs0rv_1twbkfyhvn6m0000gn/T/condisco-preflight.dyPabj/DerivedData/SDKExplicitPrecompiledModules/Foundation-CVSC8RMQ8W90UOU0IKL6TP4PE.pcm

SwiftExplicitDependencyGeneratePcm arm64 /var/folders/3w/91hphlzs0rv_1twbkfyhvn6m0000gn/T/condisco-preflight.dyPabj/DerivedData/SDKExplicitPrecompiledModules/DataDetection-8LMYJZSSN620706QBZ9CNTH5Z.pcm

SwiftExplicitDependencyGeneratePcm arm64 /var/folders/3w/91hphlzs0rv_1twbkfyhvn6m0000gn/T/condisco-preflight.dyPabj/DerivedData/SDKExplicitPrecompiledModules/AppIntentsTypeSupport-8FBDBUA0K65ZNYYL2O4RBCV48.pcm

SwiftExplicitDependencyGeneratePcm arm64 /var/folders/3w/91hphlzs0rv_1twbkfyhvn6m0000gn/T/condisco-preflight.dyPabj/DerivedData/SDKExplicitPrecompiledModules/OSLog-638JJ2SVUDY7QWS7X4FPRWCE6.pcm

SwiftExplicitDependencyGeneratePcm arm64 /var/folders/3w/91hphlzs0rv_1twbkfyhvn6m0000gn/T/condisco-preflight.dyPabj/DerivedData/SDKExplicitPrecompiledModules/AppIntents-DDJN1XWF4GRT7M83ZW4V76IXY.pcm

SwiftExplicitDependencyGeneratePcm arm64 /var/folders/3w/91hphlzs0rv_1twbkfyhvn6m0000gn/T/condisco-preflight.dyPabj/DerivedData/SDKExplicitPrecompiledModules/UniformTypeIdentifiers-EOXRS9US6EO7XIVMPS2Y1QVQC.pcm

SwiftExplicitDependencyGeneratePcm arm64 /var/folders/3w/91hphlzs0rv_1twbkfyhvn6m0000gn/T/condisco-preflight.dyPabj/DerivedData/SDKExplicitPrecompiledModules/FileProvider-BASUSB1P5JJ7WF0PY8DPBLVJV.pcm

SwiftExplicitDependencyGeneratePcm arm64 /var/folders/3w/91hphlzs0rv_1twbkfyhvn6m0000gn/T/condisco-preflight.dyPabj/DerivedData/SDKExplicitPrecompiledModules/CoreTransferable-3SNPC1M2LLK9BLDS4CMAV1923.pcm

SwiftExplicitDependencyGeneratePcm arm64 /var/folders/3w/91hphlzs0rv_1twbkfyhvn6m0000gn/T/condisco-preflight.dyPabj/DerivedData/SDKExplicitPrecompiledModules/UserNotifications-2V9EEMJJ79NPSY4080B335WBZ.pcm

SwiftExplicitDependencyGeneratePcm arm64 /var/folders/3w/91hphlzs0rv_1twbkfyhvn6m0000gn/T/condisco-preflight.dyPabj/DerivedData/SDKExplicitPrecompiledModules/BackgroundAssets-EZ1E08J2CHCUX8EBLFZC7M1GP.pcm

SwiftExplicitDependencyGeneratePcm arm64 /var/folders/3w/91hphlzs0rv_1twbkfyhvn6m0000gn/T/condisco-preflight.dyPabj/DerivedData/SDKExplicitPrecompiledModules/Accessibility-4D2EFI4ENG6ZEDR1AY1DFSAHQ.pcm

SwiftExplicitDependencyGeneratePcm arm64 /var/folders/3w/91hphlzs0rv_1twbkfyhvn6m0000gn/T/condisco-preflight.dyPabj/DerivedData/SDKExplicitPrecompiledModules/CoreData-CG4V155SBPI3TCRL3JDKXW7QA.pcm

SwiftExplicitDependencyGeneratePcm arm64 /var/folders/3w/91hphlzs0rv_1twbkfyhvn6m0000gn/T/condisco-preflight.dyPabj/DerivedData/SDKExplicitPrecompiledModules/CoreSpotlight-C9EUJSHWJTQ2Z064S2JZIKAW.pcm

SwiftExplicitDependencyGeneratePcm arm64 /var/folders/3w/91hphlzs0rv_1twbkfyhvn6m0000gn/T/condisco-preflight.dyPabj/DerivedData/SDKExplicitPrecompiledModules/OpenGLES-12TBL29H1MKTSTJOLF8DQ0D9L.pcm

SwiftExplicitDependencyGeneratePcm arm64 /var/folders/3w/91hphlzs0rv_1twbkfyhvn6m0000gn/T/condisco-preflight.dyPabj/DerivedData/SDKExplicitPrecompiledModules/IOSurface-512X33ERUIBIOIKICHQQSHV8N.pcm

SwiftExplicitDependencyGeneratePcm arm64 /var/folders/3w/91hphlzs0rv_1twbkfyhvn6m0000gn/T/condisco-preflight.dyPabj/DerivedData/SDKExplicitPrecompiledModules/Symbols-9OFAPFDYXLZ4Z2SL3N0DDX9VR.pcm

SwiftExplicitDependencyGeneratePcm arm64 /var/folders/3w/91hphlzs0rv_1twbkfyhvn6m0000gn/T/condisco-preflight.dyPabj/DerivedData/SDKExplicitPrecompiledModules/WidgetKit-A53TAA1HE9L5TVIZ41DYLMJP9.pcm

SwiftExplicitDependencyGeneratePcm arm64 /var/folders/3w/91hphlzs0rv_1twbkfyhvn6m0000gn/T/condisco-preflight.dyPabj/DerivedData/SDKExplicitPrecompiledModules/LocalAuthentication-CTWJGXJN8Q26LADSPDHY4POQ8.pcm

SwiftExplicitDependencyGeneratePcm arm64 /var/folders/3w/91hphlzs0rv_1twbkfyhvn6m0000gn/T/condisco-preflight.dyPabj/DerivedData/SDKExplicitPrecompiledModules/UIUtilities-CVI9HYFXQFFEQ08STEBG2NM7T.pcm

SwiftExplicitDependencyGeneratePcm arm64 /var/folders/3w/91hphlzs0rv_1twbkfyhvn6m0000gn/T/condisco-preflight.dyPabj/DerivedData/SDKExplicitPrecompiledModules/Metal-2CZZGMMW8MGDDD3ZKUDIECBVF.pcm

SwiftExplicitDependencyGeneratePcm arm64 /var/folders/3w/91hphlzs0rv_1twbkfyhvn6m0000gn/T/condisco-preflight.dyPabj/DerivedData/SDKExplicitPrecompiledModules/Network-SMQ3LSFQA46B32CN6T79HEM5.pcm

SwiftExplicitDependencyGeneratePcm arm64 /var/folders/3w/91hphlzs0rv_1twbkfyhvn6m0000gn/T/condisco-preflight.dyPabj/DerivedData/SDKExplicitPrecompiledModules/RelevanceKit-DTYZ5LPLN8HO6UKXUHHPHTE5G.pcm

SwiftExplicitDependencyGeneratePcm arm64 /var/folders/3w/91hphlzs0rv_1twbkfyhvn6m0000gn/T/condisco-preflight.dyPabj/DerivedData/SDKExplicitPrecompiledModules/CoreMIDI-C97PGYHQANXRHJ0XS9LRZ70N6.pcm

SwiftExplicitDependencyGeneratePcm arm64 /var/folders/3w/91hphlzs0rv_1twbkfyhvn6m0000gn/T/condisco-preflight.dyPabj/DerivedData/SDKExplicitPrecompiledModules/_LocationEssentials-4D24R5Q0ILFS681X1YY9W5HGU.pcm

SwiftExplicitDependencyGeneratePcm arm64 /var/folders/3w/91hphlzs0rv_1twbkfyhvn6m0000gn/T/condisco-preflight.dyPabj/DerivedData/SDKExplicitPrecompiledModules/AVRouting-CKMUFYWSBULT3O7733IBWCA4D.pcm

SwiftExplicitDependencyGeneratePcm arm64 /var/folders/3w/91hphlzs0rv_1twbkfyhvn6m0000gn/T/condisco-preflight.dyPabj/DerivedData/SDKExplicitPrecompiledModules/CoreLocation-9EPRZLBUP6FJIY119G26U0R6W.pcm

SwiftExplicitDependencyGeneratePcm arm64 /var/folders/3w/91hphlzs0rv_1twbkfyhvn6m0000gn/T/condisco-preflight.dyPabj/DerivedData/SDKExplicitPrecompiledModules/CoreVideo-EM8QRZXCJPPZFOPODSVWBGPZ2.pcm

SwiftExplicitDependencyGeneratePcm arm64 /var/folders/3w/91hphlzs0rv_1twbkfyhvn6m0000gn/T/condisco-preflight.dyPabj/DerivedData/SDKExplicitPrecompiledModules/AudioToolbox-5PA7ZPHYIP12FXZ44VERJ8GZ9.pcm

SwiftExplicitDependencyGeneratePcm arm64 /var/folders/3w/91hphlzs0rv_1twbkfyhvn6m0000gn/T/condisco-preflight.dyPabj/DerivedData/SDKExplicitPrecompiledModules/CloudKit-D9JLE5VOPBWF23TUYGJTML3OF.pcm

SwiftExplicitDependencyGeneratePcm arm64 /var/folders/3w/91hphlzs0rv_1twbkfyhvn6m0000gn/T/condisco-preflight.dyPabj/DerivedData/SDKExplicitPrecompiledModules/CoreMotion-AKLVXOTDGP4A1YNNVFS87VFB.pcm

SwiftExplicitDependencyGeneratePcm arm64 /var/folders/3w/91hphlzs0rv_1twbkfyhvn6m0000gn/T/condisco-preflight.dyPabj/DerivedData/SDKExplicitPrecompiledModules/Intents-4Z81BDAHBZ44ESACHRAKPPN2R.pcm

SwiftExplicitDependencyGeneratePcm arm64 /var/folders/3w/91hphlzs0rv_1twbkfyhvn6m0000gn/T/condisco-preflight.dyPabj/DerivedData/SDKExplicitPrecompiledModules/QuartzCore-1YR83W6FPB2J2485ER9X8KRIR.pcm

SwiftExplicitDependencyGeneratePcm arm64 /var/folders/3w/91hphlzs0rv_1twbkfyhvn6m0000gn/T/condisco-preflight.dyPabj/DerivedData/SDKExplicitPrecompiledModules/CoreImage-44NFVGSMYNR8MS6Q8PSZBRG1R.pcm

SwiftExplicitDependencyGeneratePcm arm64 /var/folders/3w/91hphlzs0rv_1twbkfyhvn6m0000gn/T/condisco-preflight.dyPabj/DerivedData/SDKExplicitPrecompiledModules/CoreMedia-EGGUNQPBIN0YXXK29QKSD8XSR.pcm

SwiftExplicitDependencyGeneratePcm arm64 /var/folders/3w/91hphlzs0rv_1twbkfyhvn6m0000gn/T/condisco-preflight.dyPabj/DerivedData/SDKExplicitPrecompiledModules/SwiftUICore-8POZTJEC94OMOIA7AJ45RC8AU.pcm

SwiftExplicitDependencyGeneratePcm arm64 /var/folders/3w/91hphlzs0rv_1twbkfyhvn6m0000gn/T/condisco-preflight.dyPabj/DerivedData/SDKExplicitPrecompiledModules/MediaToolbox-37KHG8MWNFZUYFID3PWCTIYMB.pcm

SwiftExplicitDependencyGeneratePcm arm64 /var/folders/3w/91hphlzs0rv_1twbkfyhvn6m0000gn/T/condisco-preflight.dyPabj/DerivedData/SDKExplicitPrecompiledModules/VideoToolbox-7CNYHPIRDA5L09EMSDBXTWPO0.pcm

SwiftExplicitDependencyGeneratePcm arm64 /var/folders/3w/91hphlzs0rv_1twbkfyhvn6m0000gn/T/condisco-preflight.dyPabj/DerivedData/SDKExplicitPrecompiledModules/AVFAudio-5K2LP0L02TKBJ4WR4GBKUFJA6.pcm

SwiftExplicitDependencyGeneratePcm arm64 /var/folders/3w/91hphlzs0rv_1twbkfyhvn6m0000gn/T/condisco-preflight.dyPabj/DerivedData/SDKExplicitPrecompiledModules/UIKit-5HEKFM516Y93PC0OQU53MN3TZ.pcm

SwiftExplicitDependencyGeneratePcm arm64 /var/folders/3w/91hphlzs0rv_1twbkfyhvn6m0000gn/T/condisco-preflight.dyPabj/DerivedData/SDKExplicitPrecompiledModules/AVFoundation-DM0MUL58VFMVYKSHR8YRFBCPL.pcm

SwiftDriverJobDiscovery normal arm64 Compiling CondiscoWidget.swift (in target 'CondiscoWidget' from project 'Condisco')

SwiftDriver\ Compilation CondiscoWidget normal arm64 com.apple.xcode.tools.swift.compiler (in target 'CondiscoWidget' from project 'Condisco')
    cd /Users/spkoehl/Projects/VerbaLibera
    builtin-Swift-Compilation -- /Applications/Xcode.app/Contents/Developer/Toolchains/XcodeDefault.xctoolchain/usr/bin/swiftc -module-name CondiscoWidget -Onone @/var/folders/3w/91hphlzs0rv_1twbkfyhvn6m0000gn/T/condisco-preflight.dyPabj/DerivedData/Build/Intermediates.noindex/Condisco.build/Debug-iphonesimulator/CondiscoWidget.build/Objects-normal/arm64/CondiscoWidget.SwiftFileList -DDEBUG -enable-bare-slash-regex -enable-experimental-feature DebugDescriptionMacro -sdk /Applications/Xcode.app/Contents/Developer/Platforms/iPhoneSimulator.platform/Developer/SDKs/iPhoneSimulator27.0.sdk -target arm64-apple-ios17.0-simulator -g -module-cache-path /var/folders/3w/91hphlzs0rv_1twbkfyhvn6m0000gn/T/condisco-preflight.dyPabj/DerivedData/ModuleCache.noindex -Xfrontend -serialize-debugging-options -application-extension -enable-testing -index-store-path /var/folders/3w/91hphlzs0rv_1twbkfyhvn6m0000gn/T/condisco-preflight.dyPabj/DerivedData/Index.noindex/DataStore -Xcc -D_LIBCPP_HARDENING_MODE\=_LIBCPP_HARDENING_MODE_DEBUG -swift-version 5 -I /var/folders/3w/91hphlzs0rv_1twbkfyhvn6m0000gn/T/condisco-preflight.dyPabj/DerivedData/Build/Products/Debug-iphonesimulator -F /var/folders/3w/91hphlzs0rv_1twbkfyhvn6m0000gn/T/condisco-preflight.dyPabj/DerivedData/Build/Products/Debug-iphonesimulator -emit-localized-strings -emit-localized-strings-path /var/folders/3w/91hphlzs0rv_1twbkfyhvn6m0000gn/T/condisco-preflight.dyPabj/DerivedData/Build/Intermediates.noindex/Condisco.build/Debug-iphonesimulator/CondiscoWidget.build/Objects-normal/arm64 -c -j6 -enable-batch-mode -incremental -Xcc -ivfsstatcache -Xcc /var/folders/3w/91hphlzs0rv_1twbkfyhvn6m0000gn/T/condisco-preflight.dyPabj/DerivedData/SDKStatCaches.noindex/iphonesimulator27.0-24A430-8dc58220667be655e1bcc261a7455254.sdkstatcache -output-file-map /var/folders/3w/91hphlzs0rv_1twbkfyhvn6m0000gn/T/condisco-preflight.dyPabj/DerivedData/Build/Intermediates.noindex/Condisco.build/Debug-iphonesimulator/CondiscoWidget.build/Objects-normal/arm64/CondiscoWidget-OutputFileMap.json -save-temps -no-color-diagnostics -explicit-module-build -module-cache-path /var/folders/3w/91hphlzs0rv_1twbkfyhvn6m0000gn/T/condisco-preflight.dyPabj/DerivedData/Build/Intermediates.noindex/SwiftExplicitPrecompiledModules -clang-scanner-module-cache-path /var/folders/3w/91hphlzs0rv_1twbkfyhvn6m0000gn/T/condisco-preflight.dyPabj/DerivedData/ModuleCache.noindex -sdk-module-cache-path /var/folders/3w/91hphlzs0rv_1twbkfyhvn6m0000gn/T/condisco-preflight.dyPabj/DerivedData/SDKExplicitPrecompiledModules -emit-dependencies -emit-module -emit-module-path /var/folders/3w/91hphlzs0rv_1twbkfyhvn6m0000gn/T/condisco-preflight.dyPabj/DerivedData/Build/Intermediates.noindex/Condisco.build/Debug-iphonesimulator/CondiscoWidget.build/Objects-normal/arm64/CondiscoWidget.swiftmodule -serialize-diagnostics -dependency-scan-serialize-diagnostics-path /var/folders/3w/91hphlzs0rv_1twbkfyhvn6m0000gn/T/condisco-preflight.dyPabj/DerivedData/Build/Intermediates.noindex/Condisco.build/Debug-iphonesimulator/CondiscoWidget.build/Objects-normal/arm64/CondiscoWidget-dependency-scan.dia -validate-clang-modules-once -clang-build-session-file /var/folders/3w/91hphlzs0rv_1twbkfyhvn6m0000gn/T/condisco-preflight.dyPabj/DerivedData/ModuleCache.noindex/Session.modulevalidation -Xcc -fmodules-prune-interval\=86400 -Xcc -fmodules-prune-after\=345600 -emit-const-values -const-gather-protocols-list /var/folders/3w/91hphlzs0rv_1twbkfyhvn6m0000gn/T/condisco-preflight.dyPabj/DerivedData/Build/Intermediates.noindex/Condisco.build/Debug-iphonesimulator/CondiscoWidget.build/Objects-normal/arm64/CondiscoWidget_const_extract_protocols.json -Xcc -iquote -Xcc /var/folders/3w/91hphlzs0rv_1twbkfyhvn6m0000gn/T/condisco-preflight.dyPabj/DerivedData/Build/Intermediates.noindex/Condisco.build/Debug-iphonesimulator/CondiscoWidget.build/CondiscoWidget-generated-files.hmap -Xcc -I/var/folders/3w/91hphlzs0rv_1twbkfyhvn6m0000gn/T/condisco-preflight.dyPabj/DerivedData/Build/Intermediates.noindex/Condisco.build/Debug-iphonesimulator/CondiscoWidget.build/CondiscoWidget-own-target-headers.hmap -Xcc -I/var/folders/3w/91hphlzs0rv_1twbkfyhvn6m0000gn/T/condisco-preflight.dyPabj/DerivedData/Build/Intermediates.noindex/Condisco.build/Debug-iphonesimulator/CondiscoWidget.build/CondiscoWidget-all-target-headers.hmap -Xcc -iquote -Xcc /var/folders/3w/91hphlzs0rv_1twbkfyhvn6m0000gn/T/condisco-preflight.dyPabj/DerivedData/Build/Intermediates.noindex/Condisco.build/Debug-iphonesimulator/CondiscoWidget.build/CondiscoWidget-project-headers.hmap -Xcc -I/var/folders/3w/91hphlzs0rv_1twbkfyhvn6m0000gn/T/condisco-preflight.dyPabj/DerivedData/Build/Products/Debug-iphonesimulator/include -Xcc -I/var/folders/3w/91hphlzs0rv_1twbkfyhvn6m0000gn/T/condisco-preflight.dyPabj/DerivedData/Build/Intermediates.noindex/Condisco.build/Debug-iphonesimulator/CondiscoWidget.build/DerivedSources-normal/arm64 -Xcc -I/var/folders/3w/91hphlzs0rv_1twbkfyhvn6m0000gn/T/condisco-preflight.dyPabj/DerivedData/Build/Intermediates.noindex/Condisco.build/Debug-iphonesimulator/CondiscoWidget.build/DerivedSources/arm64 -Xcc -I/var/folders/3w/91hphlzs0rv_1twbkfyhvn6m0000gn/T/condisco-preflight.dyPabj/DerivedData/Build/Intermediates.noindex/Condisco.build/Debug-iphonesimulator/CondiscoWidget.build/DerivedSources -Xcc -DDEBUG\=1 -Xcc -DDEBUG\=1 -emit-objc-header -emit-objc-header-path /var/folders/3w/91hphlzs0rv_1twbkfyhvn6m0000gn/T/condisco-preflight.dyPabj/DerivedData/Build/Intermediates.noindex/Condisco.build/Debug-iphonesimulator/CondiscoWidget.build/Objects-normal/arm64/CondiscoWidget-Swift.h -working-directory /Users/spkoehl/Projects/VerbaLibera -experimental-emit-module-separately -disable-cmo

Ld /var/folders/3w/91hphlzs0rv_1twbkfyhvn6m0000gn/T/condisco-preflight.dyPabj/DerivedData/Build/Products/Debug-iphonesimulator/CondiscoWidget.appex/CondiscoWidget.debug.dylib normal (in target 'CondiscoWidget' from project 'Condisco')
    cd /Users/spkoehl/Projects/VerbaLibera
    /Applications/Xcode.app/Contents/Developer/Toolchains/XcodeDefault.xctoolchain/usr/bin/clang -Xlinker -reproducible -target arm64-apple-ios17.0-simulator -dynamiclib -isysroot /Applications/Xcode.app/Contents/Developer/Platforms/iPhoneSimulator.platform/Developer/SDKs/iPhoneSimulator27.0.sdk -O0 -Xlinker -no_warn_duplicate_libraries -L/var/folders/3w/91hphlzs0rv_1twbkfyhvn6m0000gn/T/condisco-preflight.dyPabj/DerivedData/Build/Intermediates.noindex/EagerLinkingTBDs/Debug-iphonesimulator -L/var/folders/3w/91hphlzs0rv_1twbkfyhvn6m0000gn/T/condisco-preflight.dyPabj/DerivedData/Build/Products/Debug-iphonesimulator -F/var/folders/3w/91hphlzs0rv_1twbkfyhvn6m0000gn/T/condisco-preflight.dyPabj/DerivedData/Build/Intermediates.noindex/EagerLinkingTBDs/Debug-iphonesimulator -F/var/folders/3w/91hphlzs0rv_1twbkfyhvn6m0000gn/T/condisco-preflight.dyPabj/DerivedData/Build/Products/Debug-iphonesimulator -filelist /var/folders/3w/91hphlzs0rv_1twbkfyhvn6m0000gn/T/condisco-preflight.dyPabj/DerivedData/Build/Intermediates.noindex/Condisco.build/Debug-iphonesimulator/CondiscoWidget.build/Objects-normal/arm64/CondiscoWidget.LinkFileList -install_name @rpath/CondiscoWidget.debug.dylib -Xlinker -rpath -Xlinker /usr/lib/swift -Xlinker -dead_strip -Xlinker -object_path_lto -Xlinker /var/folders/3w/91hphlzs0rv_1twbkfyhvn6m0000gn/T/condisco-preflight.dyPabj/DerivedData/Build/Intermediates.noindex/Condisco.build/Debug-iphonesimulator/CondiscoWidget.build/Objects-normal/arm64/CondiscoWidget_lto.o -rdynamic -Xlinker -no_deduplicate -Xlinker -objc_abi_version -Xlinker 2 -Xlinker -dependency_info -Xlinker /var/folders/3w/91hphlzs0rv_1twbkfyhvn6m0000gn/T/condisco-preflight.dyPabj/DerivedData/Build/Intermediates.noindex/Condisco.build/Debug-iphonesimulator/CondiscoWidget.build/Objects-normal/arm64/CondiscoWidget_dependency_info.dat -fapplication-extension -fobjc-link-runtime -L/Applications/Xcode.app/Contents/Developer/Toolchains/XcodeDefault.xctoolchain/usr/lib/swift/iphonesimulator -L/usr/lib/swift -Xlinker -add_ast_path -Xlinker /var/folders/3w/91hphlzs0rv_1twbkfyhvn6m0000gn/T/condisco-preflight.dyPabj/DerivedData/Build/Intermediates.noindex/Condisco.build/Debug-iphonesimulator/CondiscoWidget.build/Objects-normal/arm64/CondiscoWidget.swiftmodule -Xlinker -alias -Xlinker _NSExtensionMain -Xlinker ___debug_main_executable_dylib_entry_point -Xlinker -no_adhoc_codesign -o /var/folders/3w/91hphlzs0rv_1twbkfyhvn6m0000gn/T/condisco-preflight.dyPabj/DerivedData/Build/Products/Debug-iphonesimulator/CondiscoWidget.appex/CondiscoWidget.debug.dylib

SwiftExplicitDependencyGeneratePcm arm64 /var/folders/3w/91hphlzs0rv_1twbkfyhvn6m0000gn/T/condisco-preflight.dyPabj/DerivedData/SDKExplicitPrecompiledModules/StoreKit-64VTB9S2CX0X5WVWOXCO8NBRM.pcm

SwiftExplicitDependencyGeneratePcm arm64 /var/folders/3w/91hphlzs0rv_1twbkfyhvn6m0000gn/T/condisco-preflight.dyPabj/DerivedData/SDKExplicitPrecompiledModules/SwiftUI-EWOZ69I1T4C4GHGWT6VJ2MZZU.pcm

SwiftExplicitDependencyGeneratePcm arm64 /var/folders/3w/91hphlzs0rv_1twbkfyhvn6m0000gn/T/condisco-preflight.dyPabj/DerivedData/SDKExplicitPrecompiledModules/MediaPlayer-E993B1NV2WG4K1XNAXGYYJYYR.pcm

SwiftExplicitDependencyGeneratePcm arm64 /var/folders/3w/91hphlzs0rv_1twbkfyhvn6m0000gn/T/condisco-preflight.dyPabj/DerivedData/SDKExplicitPrecompiledModules/AuthenticationServices-2SNVHOKTKVRK0OCSOD1DB9P8L.pcm

SwiftEmitModule normal arm64 Emitting\ module\ for\ Condisco (in target 'Condisco' from project 'Condisco')

SwiftCompile normal arm64 (in target 'Condisco' from project 'Condisco')
    cd /Users/spkoehl/Projects/VerbaLibera
    

SwiftCompile normal arm64 Compiling\ LearningStore.swift,\ PackLoader.swift,\ AnswerEngine.swift,\ ActivityEvaluation.swift,\ LessonSession.swift,\ CoursesView.swift,\ FamilyLayouts.swift,\ ActivityViews.swift,\ TextInputViews.swift /Users/spkoehl/Projects/VerbaLibera/Condisco/Store/LearningStore.swift /Users/spkoehl/Projects/VerbaLibera/Condisco/Store/PackLoader.swift /Users/spkoehl/Projects/VerbaLibera/Condisco/Engine/AnswerEngine.swift /Users/spkoehl/Projects/VerbaLibera/Condisco/Engine/ActivityEvaluation.swift /Users/spkoehl/Projects/VerbaLibera/Condisco/Engine/LessonSession.swift /Users/spkoehl/Projects/VerbaLibera/Condisco/Lesson/CoursesView.swift /Users/spkoehl/Projects/VerbaLibera/Condisco/Lesson/FamilyLayouts.swift /Users/spkoehl/Projects/VerbaLibera/Condisco/Lesson/ActivityViews.swift /Users/spkoehl/Projects/VerbaLibera/Condisco/Lesson/TextInputViews.swift (in target 'Condisco' from project 'Condisco')

SwiftCompile normal arm64 /Users/spkoehl/Projects/VerbaLibera/Condisco/Store/LearningStore.swift (in target 'Condisco' from project 'Condisco')
    cd /Users/spkoehl/Projects/VerbaLibera
    builtin-SwiftPerFileCompile LearningStore.swift

SwiftCompile normal arm64 /Users/spkoehl/Projects/VerbaLibera/Condisco/Store/PackLoader.swift (in target 'Condisco' from project 'Condisco')
    cd /Users/spkoehl/Projects/VerbaLibera
    builtin-SwiftPerFileCompile PackLoader.swift

SwiftCompile normal arm64 /Users/spkoehl/Projects/VerbaLibera/Condisco/Engine/AnswerEngine.swift (in target 'Condisco' from project 'Condisco')
    cd /Users/spkoehl/Projects/VerbaLibera
    builtin-SwiftPerFileCompile AnswerEngine.swift

SwiftCompile normal arm64 /Users/spkoehl/Projects/VerbaLibera/Condisco/Engine/ActivityEvaluation.swift (in target 'Condisco' from project 'Condisco')
    cd /Users/spkoehl/Projects/VerbaLibera
    builtin-SwiftPerFileCompile ActivityEvaluation.swift

SwiftCompile normal arm64 /Users/spkoehl/Projects/VerbaLibera/Condisco/Engine/LessonSession.swift (in target 'Condisco' from project 'Condisco')
    cd /Users/spkoehl/Projects/VerbaLibera
    builtin-SwiftPerFileCompile LessonSession.swift

SwiftCompile normal arm64 /Users/spkoehl/Projects/VerbaLibera/Condisco/Lesson/CoursesView.swift (in target 'Condisco' from project 'Condisco')
    cd /Users/spkoehl/Projects/VerbaLibera
    builtin-SwiftPerFileCompile CoursesView.swift

SwiftCompile normal arm64 /Users/spkoehl/Projects/VerbaLibera/Condisco/Lesson/FamilyLayouts.swift (in target 'Condisco' from project 'Condisco')
    cd /Users/spkoehl/Projects/VerbaLibera
    builtin-SwiftPerFileCompile FamilyLayouts.swift

SwiftCompile normal arm64 /Users/spkoehl/Projects/VerbaLibera/Condisco/Lesson/ActivityViews.swift (in target 'Condisco' from project 'Condisco')
    cd /Users/spkoehl/Projects/VerbaLibera
    builtin-SwiftPerFileCompile ActivityViews.swift

SwiftCompile normal arm64 /Users/spkoehl/Projects/VerbaLibera/Condisco/Lesson/TextInputViews.swift (in target 'Condisco' from project 'Condisco')
    cd /Users/spkoehl/Projects/VerbaLibera
    builtin-SwiftPerFileCompile TextInputViews.swift

SwiftCompile normal arm64 Compiling\ CondiscoApp.swift,\ ContentView.swift,\ HomeView.swift,\ MonthView.swift,\ ProgressCard.swift,\ DesignTokens.swift,\ CoursePack.swift,\ Database.swift,\ Fsrs.swift,\ LearningEvents.swift /Users/spkoehl/Projects/VerbaLibera/Condisco/CondiscoApp.swift /Users/spkoehl/Projects/VerbaLibera/Condisco/ContentView.swift /Users/spkoehl/Projects/VerbaLibera/Condisco/Home/HomeView.swift /Users/spkoehl/Projects/VerbaLibera/Condisco/Home/MonthView.swift /Users/spkoehl/Projects/VerbaLibera/Condisco/Home/ProgressCard.swift /Users/spkoehl/Projects/VerbaLibera/Condisco/Theme/DesignTokens.swift /Users/spkoehl/Projects/VerbaLibera/Condisco/Models/CoursePack.swift /Users/spkoehl/Projects/VerbaLibera/Condisco/Store/Database.swift /Users/spkoehl/Projects/VerbaLibera/Condisco/Store/Fsrs.swift /Users/spkoehl/Projects/VerbaLibera/Condisco/Store/LearningEvents.swift (in target 'Condisco' from project 'Condisco')

SwiftCompile normal arm64 /Users/spkoehl/Projects/VerbaLibera/Condisco/CondiscoApp.swift (in target 'Condisco' from project 'Condisco')
    cd /Users/spkoehl/Projects/VerbaLibera
    builtin-SwiftPerFileCompile CondiscoApp.swift

SwiftCompile normal arm64 /Users/spkoehl/Projects/VerbaLibera/Condisco/ContentView.swift (in target 'Condisco' from project 'Condisco')
    cd /Users/spkoehl/Projects/VerbaLibera
    builtin-SwiftPerFileCompile ContentView.swift

SwiftCompile normal arm64 /Users/spkoehl/Projects/VerbaLibera/Condisco/Home/HomeView.swift (in target 'Condisco' from project 'Condisco')
    cd /Users/spkoehl/Projects/VerbaLibera
    builtin-SwiftPerFileCompile HomeView.swift

SwiftCompile normal arm64 /Users/spkoehl/Projects/VerbaLibera/Condisco/Home/MonthView.swift (in target 'Condisco' from project 'Condisco')
    cd /Users/spkoehl/Projects/VerbaLibera
    builtin-SwiftPerFileCompile MonthView.swift

SwiftCompile normal arm64 /Users/spkoehl/Projects/VerbaLibera/Condisco/Home/ProgressCard.swift (in target 'Condisco' from project 'Condisco')
    cd /Users/spkoehl/Projects/VerbaLibera
    builtin-SwiftPerFileCompile ProgressCard.swift

SwiftCompile normal arm64 /Users/spkoehl/Projects/VerbaLibera/Condisco/Theme/DesignTokens.swift (in target 'Condisco' from project 'Condisco')
    cd /Users/spkoehl/Projects/VerbaLibera
    builtin-SwiftPerFileCompile DesignTokens.swift

SwiftCompile normal arm64 /Users/spkoehl/Projects/VerbaLibera/Condisco/Models/CoursePack.swift (in target 'Condisco' from project 'Condisco')
    cd /Users/spkoehl/Projects/VerbaLibera
    builtin-SwiftPerFileCompile CoursePack.swift

SwiftCompile normal arm64 /Users/spkoehl/Projects/VerbaLibera/Condisco/Store/Database.swift (in target 'Condisco' from project 'Condisco')
    cd /Users/spkoehl/Projects/VerbaLibera
    builtin-SwiftPerFileCompile Database.swift

SwiftCompile normal arm64 /Users/spkoehl/Projects/VerbaLibera/Condisco/Store/Fsrs.swift (in target 'Condisco' from project 'Condisco')
    cd /Users/spkoehl/Projects/VerbaLibera
    builtin-SwiftPerFileCompile Fsrs.swift

SwiftCompile normal arm64 /Users/spkoehl/Projects/VerbaLibera/Condisco/Store/LearningEvents.swift (in target 'Condisco' from project 'Condisco')
    cd /Users/spkoehl/Projects/VerbaLibera
    builtin-SwiftPerFileCompile LearningEvents.swift

SwiftCompile normal arm64 Compiling\ InteractiveViews.swift,\ StimulusViews.swift,\ LessonPlayerView.swift,\ Welcome.swift,\ PlacementTest.swift,\ LessonCoachMarks.swift,\ VocabularyBrowser.swift,\ VoiceRecorder.swift,\ VoiceSettings.swift /Users/spkoehl/Projects/VerbaLibera/Condisco/Lesson/InteractiveViews.swift /Users/spkoehl/Projects/VerbaLibera/Condisco/Lesson/StimulusViews.swift /Users/spkoehl/Projects/VerbaLibera/Condisco/Lesson/LessonPlayerView.swift /Users/spkoehl/Projects/VerbaLibera/Condisco/Onboarding/Welcome.swift /Users/spkoehl/Projects/VerbaLibera/Condisco/Onboarding/PlacementTest.swift /Users/spkoehl/Projects/VerbaLibera/Condisco/Lesson/LessonCoachMarks.swift /Users/spkoehl/Projects/VerbaLibera/Condisco/Lesson/VocabularyBrowser.swift /Users/spkoehl/Projects/VerbaLibera/Condisco/Lesson/VoiceRecorder.swift /Users/spkoehl/Projects/VerbaLibera/Condisco/Lesson/VoiceSettings.swift (in target 'Condisco' from project 'Condisco')

SwiftCompile normal arm64 /Users/spkoehl/Projects/VerbaLibera/Condisco/Lesson/InteractiveViews.swift (in target 'Condisco' from project 'Condisco')
    cd /Users/spkoehl/Projects/VerbaLibera
    builtin-SwiftPerFileCompile InteractiveViews.swift

SwiftCompile normal arm64 /Users/spkoehl/Projects/VerbaLibera/Condisco/Lesson/StimulusViews.swift (in target 'Condisco' from project 'Condisco')
    cd /Users/spkoehl/Projects/VerbaLibera
    builtin-SwiftPerFileCompile StimulusViews.swift

SwiftCompile normal arm64 /Users/spkoehl/Projects/VerbaLibera/Condisco/Lesson/LessonPlayerView.swift (in target 'Condisco' from project 'Condisco')
    cd /Users/spkoehl/Projects/VerbaLibera
    builtin-SwiftPerFileCompile LessonPlayerView.swift

SwiftCompile normal arm64 /Users/spkoehl/Projects/VerbaLibera/Condisco/Onboarding/Welcome.swift (in target 'Condisco' from project 'Condisco')
    cd /Users/spkoehl/Projects/VerbaLibera
    builtin-SwiftPerFileCompile Welcome.swift

SwiftCompile normal arm64 /Users/spkoehl/Projects/VerbaLibera/Condisco/Onboarding/PlacementTest.swift (in target 'Condisco' from project 'Condisco')
    cd /Users/spkoehl/Projects/VerbaLibera
    builtin-SwiftPerFileCompile PlacementTest.swift

SwiftCompile normal arm64 /Users/spkoehl/Projects/VerbaLibera/Condisco/Lesson/LessonCoachMarks.swift (in target 'Condisco' from project 'Condisco')
    cd /Users/spkoehl/Projects/VerbaLibera
    builtin-SwiftPerFileCompile LessonCoachMarks.swift

SwiftCompile normal arm64 /Users/spkoehl/Projects/VerbaLibera/Condisco/Lesson/VocabularyBrowser.swift (in target 'Condisco' from project 'Condisco')
    cd /Users/spkoehl/Projects/VerbaLibera
    builtin-SwiftPerFileCompile VocabularyBrowser.swift

SwiftCompile normal arm64 /Users/spkoehl/Projects/VerbaLibera/Condisco/Lesson/VoiceRecorder.swift (in target 'Condisco' from project 'Condisco')
    cd /Users/spkoehl/Projects/VerbaLibera
    builtin-SwiftPerFileCompile VoiceRecorder.swift

SwiftCompile normal arm64 /Users/spkoehl/Projects/VerbaLibera/Condisco/Lesson/VoiceSettings.swift (in target 'Condisco' from project 'Condisco')
    cd /Users/spkoehl/Projects/VerbaLibera
    builtin-SwiftPerFileCompile VoiceSettings.swift

SwiftCompile normal arm64 Compiling\ Glossary.swift,\ LessonMoments.swift,\ DeepLink.swift,\ CondiscoIntents.swift,\ SpotlightIndex.swift,\ LessonCatalog.generated.swift,\ WidgetSnapshot.swift,\ WidgetSnapshotWriter.swift,\ GeneratedAssetSymbols.swift /Users/spkoehl/Projects/VerbaLibera/Condisco/Lesson/Glossary.swift /Users/spkoehl/Projects/VerbaLibera/Condisco/Lesson/LessonMoments.swift /Users/spkoehl/Projects/VerbaLibera/Condisco/DeepLink/DeepLink.swift /Users/spkoehl/Projects/VerbaLibera/Condisco/DeepLink/CondiscoIntents.swift /Users/spkoehl/Projects/VerbaLibera/Condisco/DeepLink/SpotlightIndex.swift /Users/spkoehl/Projects/VerbaLibera/Condisco/DeepLink/LessonCatalog.generated.swift /Users/spkoehl/Projects/VerbaLibera/Condisco/Store/WidgetSnapshot.swift /Users/spkoehl/Projects/VerbaLibera/Condisco/Store/WidgetSnapshotWriter.swift /var/folders/3w/91hphlzs0rv_1twbkfyhvn6m0000gn/T/condisco-preflight.dyPabj/DerivedData/Build/Intermediates.noindex/Condisco.build/Debug-iphonesimulator/Condisco.build/DerivedSources/GeneratedAssetSymbols.swift (in target 'Condisco' from project 'Condisco')

SwiftCompile normal arm64 /Users/spkoehl/Projects/VerbaLibera/Condisco/Lesson/Glossary.swift (in target 'Condisco' from project 'Condisco')
    cd /Users/spkoehl/Projects/VerbaLibera
    builtin-SwiftPerFileCompile Glossary.swift

SwiftCompile normal arm64 /Users/spkoehl/Projects/VerbaLibera/Condisco/Lesson/LessonMoments.swift (in target 'Condisco' from project 'Condisco')
    cd /Users/spkoehl/Projects/VerbaLibera
    builtin-SwiftPerFileCompile LessonMoments.swift

SwiftCompile normal arm64 /Users/spkoehl/Projects/VerbaLibera/Condisco/DeepLink/DeepLink.swift (in target 'Condisco' from project 'Condisco')
    cd /Users/spkoehl/Projects/VerbaLibera
    builtin-SwiftPerFileCompile DeepLink.swift

SwiftCompile normal arm64 /Users/spkoehl/Projects/VerbaLibera/Condisco/DeepLink/CondiscoIntents.swift (in target 'Condisco' from project 'Condisco')
    cd /Users/spkoehl/Projects/VerbaLibera
    builtin-SwiftPerFileCompile CondiscoIntents.swift

SwiftCompile normal arm64 /Users/spkoehl/Projects/VerbaLibera/Condisco/DeepLink/SpotlightIndex.swift (in target 'Condisco' from project 'Condisco')
    cd /Users/spkoehl/Projects/VerbaLibera
    builtin-SwiftPerFileCompile SpotlightIndex.swift

SwiftCompile normal arm64 /Users/spkoehl/Projects/VerbaLibera/Condisco/DeepLink/LessonCatalog.generated.swift (in target 'Condisco' from project 'Condisco')
    cd /Users/spkoehl/Projects/VerbaLibera
    builtin-SwiftPerFileCompile LessonCatalog.generated.swift

SwiftCompile normal arm64 /Users/spkoehl/Projects/VerbaLibera/Condisco/Store/WidgetSnapshot.swift (in target 'Condisco' from project 'Condisco')
    cd /Users/spkoehl/Projects/VerbaLibera
    builtin-SwiftPerFileCompile WidgetSnapshot.swift

SwiftCompile normal arm64 /Users/spkoehl/Projects/VerbaLibera/Condisco/Store/WidgetSnapshotWriter.swift (in target 'Condisco' from project 'Condisco')
    cd /Users/spkoehl/Projects/VerbaLibera
    builtin-SwiftPerFileCompile WidgetSnapshotWriter.swift

SwiftCompile normal arm64 /var/folders/3w/91hphlzs0rv_1twbkfyhvn6m0000gn/T/condisco-preflight.dyPabj/DerivedData/Build/Intermediates.noindex/Condisco.build/Debug-iphonesimulator/Condisco.build/DerivedSources/GeneratedAssetSymbols.swift (in target 'Condisco' from project 'Condisco')
    cd /Users/spkoehl/Projects/VerbaLibera
    builtin-SwiftPerFileCompile GeneratedAssetSymbols.swift

ConstructStubExecutorLinkFileList /var/folders/3w/91hphlzs0rv_1twbkfyhvn6m0000gn/T/condisco-preflight.dyPabj/DerivedData/Build/Intermediates.noindex/Condisco.build/Debug-iphonesimulator/CondiscoWidget.build/CondiscoWidget-ExecutorLinkFileList-normal-arm64.txt (in target 'CondiscoWidget' from project 'Condisco')
    cd /Users/spkoehl/Projects/VerbaLibera
    construct-stub-executor-link-file-list /var/folders/3w/91hphlzs0rv_1twbkfyhvn6m0000gn/T/condisco-preflight.dyPabj/DerivedData/Build/Products/Debug-iphonesimulator/CondiscoWidget.appex/CondiscoWidget.debug.dylib /Applications/Xcode.app/Contents/Developer/Platforms/iPhoneSimulator.platform/Developer/usr/lib/libPreviewsJITStubExecutor_no_swift_entry_point.a /Applications/Xcode.app/Contents/Developer/Platforms/iPhoneSimulator.platform/Developer/usr/lib/libPreviewsJITStubExecutor.a --output /var/folders/3w/91hphlzs0rv_1twbkfyhvn6m0000gn/T/condisco-preflight.dyPabj/DerivedData/Build/Intermediates.noindex/Condisco.build/Debug-iphonesimulator/CondiscoWidget.build/CondiscoWidget-ExecutorLinkFileList-normal-arm64.txt
note: Using stub executor library with Swift entry point. (in target 'CondiscoWidget' from project 'Condisco')

LinkAssetCatalog /Users/spkoehl/Projects/VerbaLibera/Condisco/Assets.xcassets (in target 'Condisco' from project 'Condisco')
    cd /Users/spkoehl/Projects/VerbaLibera
    builtin-linkAssetCatalog --thinned /var/folders/3w/91hphlzs0rv_1twbkfyhvn6m0000gn/T/condisco-preflight.dyPabj/DerivedData/Build/Intermediates.noindex/Condisco.build/Debug-iphonesimulator/Condisco.build/assetcatalog_output/thinned --thinned-dependencies /var/folders/3w/91hphlzs0rv_1twbkfyhvn6m0000gn/T/condisco-preflight.dyPabj/DerivedData/Build/Intermediates.noindex/Condisco.build/Debug-iphonesimulator/Condisco.build/assetcatalog_dependencies_thinned --thinned-info-plist-content /var/folders/3w/91hphlzs0rv_1twbkfyhvn6m0000gn/T/condisco-preflight.dyPabj/DerivedData/Build/Intermediates.noindex/Condisco.build/Debug-iphonesimulator/Condisco.build/assetcatalog_generated_info.plist_thinned --unthinned /var/folders/3w/91hphlzs0rv_1twbkfyhvn6m0000gn/T/condisco-preflight.dyPabj/DerivedData/Build/Intermediates.noindex/Condisco.build/Debug-iphonesimulator/Condisco.build/assetcatalog_output/unthinned --unthinned-dependencies /var/folders/3w/91hphlzs0rv_1twbkfyhvn6m0000gn/T/condisco-preflight.dyPabj/DerivedData/Build/Intermediates.noindex/Condisco.build/Debug-iphonesimulator/Condisco.build/assetcatalog_dependencies_unthinned --unthinned-info-plist-content /var/folders/3w/91hphlzs0rv_1twbkfyhvn6m0000gn/T/condisco-preflight.dyPabj/DerivedData/Build/Intermediates.noindex/Condisco.build/Debug-iphonesimulator/Condisco.build/assetcatalog_generated_info.plist_unthinned --output /var/folders/3w/91hphlzs0rv_1twbkfyhvn6m0000gn/T/condisco-preflight.dyPabj/DerivedData/Build/Products/Debug-iphonesimulator/Condisco.app --plist-output /var/folders/3w/91hphlzs0rv_1twbkfyhvn6m0000gn/T/condisco-preflight.dyPabj/DerivedData/Build/Intermediates.noindex/Condisco.build/Debug-iphonesimulator/Condisco.build/assetcatalog_generated_info.plist
note: Emplaced /var/folders/3w/91hphlzs0rv_1twbkfyhvn6m0000gn/T/condisco-preflight.dyPabj/DerivedData/Build/Products/Debug-iphonesimulator/Condisco.app/Assets.car (in target 'Condisco' from project 'Condisco')
note: Emplaced /var/folders/3w/91hphlzs0rv_1twbkfyhvn6m0000gn/T/condisco-preflight.dyPabj/DerivedData/Build/Products/Debug-iphonesimulator/Condisco.app/AppIcon60x60@2x.png (in target 'Condisco' from project 'Condisco')
note: Emplaced /var/folders/3w/91hphlzs0rv_1twbkfyhvn6m0000gn/T/condisco-preflight.dyPabj/DerivedData/Build/Products/Debug-iphonesimulator/Condisco.app/AppIcon76x76@2x~ipad.png (in target 'Condisco' from project 'Condisco')

Ld /var/folders/3w/91hphlzs0rv_1twbkfyhvn6m0000gn/T/condisco-preflight.dyPabj/DerivedData/Build/Products/Debug-iphonesimulator/CondiscoWidget.appex/CondiscoWidget normal (in target 'CondiscoWidget' from project 'Condisco')
    cd /Users/spkoehl/Projects/VerbaLibera
    /Applications/Xcode.app/Contents/Developer/Toolchains/XcodeDefault.xctoolchain/usr/bin/clang -Xlinker -reproducible -target arm64-apple-ios17.0-simulator -isysroot /Applications/Xcode.app/Contents/Developer/Platforms/iPhoneSimulator.platform/Developer/SDKs/iPhoneSimulator27.0.sdk -O0 -Xlinker -no_warn_duplicate_libraries -L/var/folders/3w/91hphlzs0rv_1twbkfyhvn6m0000gn/T/condisco-preflight.dyPabj/DerivedData/Build/Products/Debug-iphonesimulator -F/var/folders/3w/91hphlzs0rv_1twbkfyhvn6m0000gn/T/condisco-preflight.dyPabj/DerivedData/Build/Products/Debug-iphonesimulator -Xlinker -rpath -Xlinker @executable_path -rdynamic -Xlinker -no_deduplicate -Xlinker -objc_abi_version -Xlinker 2 -e ___debug_blank_executor_main -Xlinker -sectcreate -Xlinker __TEXT -Xlinker __debug_dylib -Xlinker /var/folders/3w/91hphlzs0rv_1twbkfyhvn6m0000gn/T/condisco-preflight.dyPabj/DerivedData/Build/Intermediates.noindex/Condisco.build/Debug-iphonesimulator/CondiscoWidget.build/CondiscoWidget-DebugDylibPath-normal-arm64.txt -Xlinker -sectcreate -Xlinker __TEXT -Xlinker __debug_entry -Xlinker /var/folders/3w/91hphlzs0rv_1twbkfyhvn6m0000gn/T/condisco-preflight.dyPabj/DerivedData/Build/Intermediates.noindex/Condisco.build/Debug-iphonesimulator/CondiscoWidget.build/CondiscoWidget-DebugEntryPoint-normal-arm64.txt -Xlinker -sectcreate -Xlinker __TEXT -Xlinker __debug_instlnm -Xlinker /var/folders/3w/91hphlzs0rv_1twbkfyhvn6m0000gn/T/condisco-preflight.dyPabj/DerivedData/Build/Intermediates.noindex/Condisco.build/Debug-iphonesimulator/CondiscoWidget.build/CondiscoWidget-DebugDylibInstallName-normal-arm64.txt -Xlinker -filelist -Xlinker /var/folders/3w/91hphlzs0rv_1twbkfyhvn6m0000gn/T/condisco-preflight.dyPabj/DerivedData/Build/Intermediates.noindex/Condisco.build/Debug-iphonesimulator/CondiscoWidget.build/CondiscoWidget-ExecutorLinkFileList-normal-arm64.txt -Xlinker -sectcreate -Xlinker __TEXT -Xlinker __entitlements -Xlinker /var/folders/3w/91hphlzs0rv_1twbkfyhvn6m0000gn/T/condisco-preflight.dyPabj/DerivedData/Build/Intermediates.noindex/Condisco.build/Debug-iphonesimulator/CondiscoWidget.build/CondiscoWidget.appex-Simulated.xcent -Xlinker -sectcreate -Xlinker __TEXT -Xlinker __ents_der -Xlinker /var/folders/3w/91hphlzs0rv_1twbkfyhvn6m0000gn/T/condisco-preflight.dyPabj/DerivedData/Build/Intermediates.noindex/Condisco.build/Debug-iphonesimulator/CondiscoWidget.build/CondiscoWidget.appex-Simulated.xcent.der /var/folders/3w/91hphlzs0rv_1twbkfyhvn6m0000gn/T/condisco-preflight.dyPabj/DerivedData/Build/Products/Debug-iphonesimulator/CondiscoWidget.appex/CondiscoWidget.debug.dylib -Xlinker -no_adhoc_codesign -o /var/folders/3w/91hphlzs0rv_1twbkfyhvn6m0000gn/T/condisco-preflight.dyPabj/DerivedData/Build/Products/Debug-iphonesimulator/CondiscoWidget.appex/CondiscoWidget

SwiftCompile normal arm64 Compiling\ EmptyStateArt.swift,\ AppleSignIn.swift,\ CloudKitSync.swift,\ YouModel.swift,\ YouView.swift,\ Support.swift,\ PhraseCard.swift,\ ShadowMode.swift,\ Phrasebook.swift /Users/spkoehl/Projects/VerbaLibera/Condisco/Theme/EmptyStateArt.swift /Users/spkoehl/Projects/VerbaLibera/Condisco/Auth/AppleSignIn.swift /Users/spkoehl/Projects/VerbaLibera/Condisco/Sync/CloudKitSync.swift /Users/spkoehl/Projects/VerbaLibera/Condisco/You/YouModel.swift /Users/spkoehl/Projects/VerbaLibera/Condisco/You/YouView.swift /Users/spkoehl/Projects/VerbaLibera/Condisco/You/Support.swift /Users/spkoehl/Projects/VerbaLibera/Condisco/Lesson/PhraseCard.swift /Users/spkoehl/Projects/VerbaLibera/Condisco/Listen/ShadowMode.swift /Users/spkoehl/Projects/VerbaLibera/Condisco/Lesson/Phrasebook.swift (in target 'Condisco' from project 'Condisco')

SwiftCompile normal arm64 /Users/spkoehl/Projects/VerbaLibera/Condisco/Theme/EmptyStateArt.swift (in target 'Condisco' from project 'Condisco')
    cd /Users/spkoehl/Projects/VerbaLibera
    builtin-SwiftPerFileCompile EmptyStateArt.swift

SwiftCompile normal arm64 /Users/spkoehl/Projects/VerbaLibera/Condisco/Auth/AppleSignIn.swift (in target 'Condisco' from project 'Condisco')
    cd /Users/spkoehl/Projects/VerbaLibera
    builtin-SwiftPerFileCompile AppleSignIn.swift

SwiftCompile normal arm64 /Users/spkoehl/Projects/VerbaLibera/Condisco/Sync/CloudKitSync.swift (in target 'Condisco' from project 'Condisco')
    cd /Users/spkoehl/Projects/VerbaLibera
    builtin-SwiftPerFileCompile CloudKitSync.swift

SwiftCompile normal arm64 /Users/spkoehl/Projects/VerbaLibera/Condisco/You/YouModel.swift (in target 'Condisco' from project 'Condisco')
    cd /Users/spkoehl/Projects/VerbaLibera
    builtin-SwiftPerFileCompile YouModel.swift

SwiftCompile normal arm64 /Users/spkoehl/Projects/VerbaLibera/Condisco/You/YouView.swift (in target 'Condisco' from project 'Condisco')
    cd /Users/spkoehl/Projects/VerbaLibera
    builtin-SwiftPerFileCompile YouView.swift

SwiftCompile normal arm64 /Users/spkoehl/Projects/VerbaLibera/Condisco/You/Support.swift (in target 'Condisco' from project 'Condisco')
    cd /Users/spkoehl/Projects/VerbaLibera
    builtin-SwiftPerFileCompile Support.swift

SwiftCompile normal arm64 /Users/spkoehl/Projects/VerbaLibera/Condisco/Lesson/PhraseCard.swift (in target 'Condisco' from project 'Condisco')
    cd /Users/spkoehl/Projects/VerbaLibera
    builtin-SwiftPerFileCompile PhraseCard.swift

SwiftCompile normal arm64 /Users/spkoehl/Projects/VerbaLibera/Condisco/Listen/ShadowMode.swift (in target 'Condisco' from project 'Condisco')
    cd /Users/spkoehl/Projects/VerbaLibera
    builtin-SwiftPerFileCompile ShadowMode.swift

SwiftCompile normal arm64 /Users/spkoehl/Projects/VerbaLibera/Condisco/Lesson/Phrasebook.swift (in target 'Condisco' from project 'Condisco')
    cd /Users/spkoehl/Projects/VerbaLibera
    builtin-SwiftPerFileCompile Phrasebook.swift

SwiftDriverJobDiscovery normal arm64 Emitting module for Condisco (in target 'Condisco' from project 'Condisco')

SwiftCompile normal arm64 Compiling\ ListenModels.swift,\ ListenView.swift,\ ReviewModels.swift,\ ReviewView.swift,\ ReviewReminders.swift,\ FlashcardsView.swift,\ AnkiExport.swift,\ HandsFreeReview.swift,\ A11ySettings.swift /Users/spkoehl/Projects/VerbaLibera/Condisco/Listen/ListenModels.swift /Users/spkoehl/Projects/VerbaLibera/Condisco/Listen/ListenView.swift /Users/spkoehl/Projects/VerbaLibera/Condisco/Review/ReviewModels.swift /Users/spkoehl/Projects/VerbaLibera/Condisco/Review/ReviewView.swift /Users/spkoehl/Projects/VerbaLibera/Condisco/Review/ReviewReminders.swift /Users/spkoehl/Projects/VerbaLibera/Condisco/Review/FlashcardsView.swift /Users/spkoehl/Projects/VerbaLibera/Condisco/Review/AnkiExport.swift /Users/spkoehl/Projects/VerbaLibera/Condisco/Review/HandsFreeReview.swift /Users/spkoehl/Projects/VerbaLibera/Condisco/Theme/A11ySettings.swift (in target 'Condisco' from project 'Condisco')

SwiftCompile normal arm64 /Users/spkoehl/Projects/VerbaLibera/Condisco/Listen/ListenModels.swift (in target 'Condisco' from project 'Condisco')
    cd /Users/spkoehl/Projects/VerbaLibera
    builtin-SwiftPerFileCompile ListenModels.swift

SwiftCompile normal arm64 /Users/spkoehl/Projects/VerbaLibera/Condisco/Listen/ListenView.swift (in target 'Condisco' from project 'Condisco')
    cd /Users/spkoehl/Projects/VerbaLibera
    builtin-SwiftPerFileCompile ListenView.swift

SwiftCompile normal arm64 /Users/spkoehl/Projects/VerbaLibera/Condisco/Review/ReviewModels.swift (in target 'Condisco' from project 'Condisco')
    cd /Users/spkoehl/Projects/VerbaLibera
    builtin-SwiftPerFileCompile ReviewModels.swift

SwiftCompile normal arm64 /Users/spkoehl/Projects/VerbaLibera/Condisco/Review/ReviewView.swift (in target 'Condisco' from project 'Condisco')
    cd /Users/spkoehl/Projects/VerbaLibera
    builtin-SwiftPerFileCompile ReviewView.swift

SwiftCompile normal arm64 /Users/spkoehl/Projects/VerbaLibera/Condisco/Review/ReviewReminders.swift (in target 'Condisco' from project 'Condisco')
    cd /Users/spkoehl/Projects/VerbaLibera
    builtin-SwiftPerFileCompile ReviewReminders.swift

SwiftCompile normal arm64 /Users/spkoehl/Projects/VerbaLibera/Condisco/Review/FlashcardsView.swift (in target 'Condisco' from project 'Condisco')
    cd /Users/spkoehl/Projects/VerbaLibera
    builtin-SwiftPerFileCompile FlashcardsView.swift

SwiftCompile normal arm64 /Users/spkoehl/Projects/VerbaLibera/Condisco/Review/AnkiExport.swift (in target 'Condisco' from project 'Condisco')
    cd /Users/spkoehl/Projects/VerbaLibera
    builtin-SwiftPerFileCompile AnkiExport.swift

SwiftCompile normal arm64 /Users/spkoehl/Projects/VerbaLibera/Condisco/Review/HandsFreeReview.swift (in target 'Condisco' from project 'Condisco')
    cd /Users/spkoehl/Projects/VerbaLibera
    builtin-SwiftPerFileCompile HandsFreeReview.swift

SwiftCompile normal arm64 /Users/spkoehl/Projects/VerbaLibera/Condisco/Theme/A11ySettings.swift (in target 'Condisco' from project 'Condisco')
    cd /Users/spkoehl/Projects/VerbaLibera
    builtin-SwiftPerFileCompile A11ySettings.swift

SwiftDriver\ Compilation\ Requirements Condisco normal arm64 com.apple.xcode.tools.swift.compiler (in target 'Condisco' from project 'Condisco')
    cd /Users/spkoehl/Projects/VerbaLibera
    builtin-Swift-Compilation-Requirements -- /Applications/Xcode.app/Contents/Developer/Toolchains/XcodeDefault.xctoolchain/usr/bin/swiftc -module-name Condisco -Onone @/var/folders/3w/91hphlzs0rv_1twbkfyhvn6m0000gn/T/condisco-preflight.dyPabj/DerivedData/Build/Intermediates.noindex/Condisco.build/Debug-iphonesimulator/Condisco.build/Objects-normal/arm64/Condisco.SwiftFileList -DDEBUG -enable-bare-slash-regex -enable-experimental-feature DebugDescriptionMacro -sdk /Applications/Xcode.app/Contents/Developer/Platforms/iPhoneSimulator.platform/Developer/SDKs/iPhoneSimulator27.0.sdk -target arm64-apple-ios17.0-simulator -g -module-cache-path /var/folders/3w/91hphlzs0rv_1twbkfyhvn6m0000gn/T/condisco-preflight.dyPabj/DerivedData/ModuleCache.noindex -Xfrontend -serialize-debugging-options -enable-testing -index-store-path /var/folders/3w/91hphlzs0rv_1twbkfyhvn6m0000gn/T/condisco-preflight.dyPabj/DerivedData/Index.noindex/DataStore -Xcc -D_LIBCPP_HARDENING_MODE\=_LIBCPP_HARDENING_MODE_DEBUG -swift-version 5 -I /var/folders/3w/91hphlzs0rv_1twbkfyhvn6m0000gn/T/condisco-preflight.dyPabj/DerivedData/Build/Products/Debug-iphonesimulator -F /var/folders/3w/91hphlzs0rv_1twbkfyhvn6m0000gn/T/condisco-preflight.dyPabj/DerivedData/Build/Products/Debug-iphonesimulator -emit-localized-strings -emit-localized-strings-path /var/folders/3w/91hphlzs0rv_1twbkfyhvn6m0000gn/T/condisco-preflight.dyPabj/DerivedData/Build/Intermediates.noindex/Condisco.build/Debug-iphonesimulator/Condisco.build/Objects-normal/arm64 -c -j6 -enable-batch-mode -incremental -Xcc -ivfsstatcache -Xcc /var/folders/3w/91hphlzs0rv_1twbkfyhvn6m0000gn/T/condisco-preflight.dyPabj/DerivedData/SDKStatCaches.noindex/iphonesimulator27.0-24A430-8dc58220667be655e1bcc261a7455254.sdkstatcache -output-file-map /var/folders/3w/91hphlzs0rv_1twbkfyhvn6m0000gn/T/condisco-preflight.dyPabj/DerivedData/Build/Intermediates.noindex/Condisco.build/Debug-iphonesimulator/Condisco.build/Objects-normal/arm64/Condisco-OutputFileMap.json -save-temps -no-color-diagnostics -explicit-module-build -module-cache-path /var/folders/3w/91hphlzs0rv_1twbkfyhvn6m0000gn/T/condisco-preflight.dyPabj/DerivedData/Build/Intermediates.noindex/SwiftExplicitPrecompiledModules -clang-scanner-module-cache-path /var/folders/3w/91hphlzs0rv_1twbkfyhvn6m0000gn/T/condisco-preflight.dyPabj/DerivedData/ModuleCache.noindex -sdk-module-cache-path /var/folders/3w/91hphlzs0rv_1twbkfyhvn6m0000gn/T/condisco-preflight.dyPabj/DerivedData/SDKExplicitPrecompiledModules -emit-dependencies -emit-module -emit-module-path /var/folders/3w/91hphlzs0rv_1twbkfyhvn6m0000gn/T/condisco-preflight.dyPabj/DerivedData/Build/Intermediates.noindex/Condisco.build/Debug-iphonesimulator/Condisco.build/Objects-normal/arm64/Condisco.swiftmodule -serialize-diagnostics -dependency-scan-serialize-diagnostics-path /var/folders/3w/91hphlzs0rv_1twbkfyhvn6m0000gn/T/condisco-preflight.dyPabj/DerivedData/Build/Intermediates.noindex/Condisco.build/Debug-iphonesimulator/Condisco.build/Objects-normal/arm64/Condisco-dependency-scan.dia -validate-clang-modules-once -clang-build-session-file /var/folders/3w/91hphlzs0rv_1twbkfyhvn6m0000gn/T/condisco-preflight.dyPabj/DerivedData/ModuleCache.noindex/Session.modulevalidation -Xcc -fmodules-prune-interval\=86400 -Xcc -fmodules-prune-after\=345600 -emit-const-values -const-gather-protocols-list /var/folders/3w/91hphlzs0rv_1twbkfyhvn6m0000gn/T/condisco-preflight.dyPabj/DerivedData/Build/Intermediates.noindex/Condisco.build/Debug-iphonesimulator/Condisco.build/Objects-normal/arm64/Condisco_const_extract_protocols.json -Xcc -iquote -Xcc /var/folders/3w/91hphlzs0rv_1twbkfyhvn6m0000gn/T/condisco-preflight.dyPabj/DerivedData/Build/Intermediates.noindex/Condisco.build/Debug-iphonesimulator/Condisco.build/Condisco-generated-files.hmap -Xcc -I/var/folders/3w/91hphlzs0rv_1twbkfyhvn6m0000gn/T/condisco-preflight.dyPabj/DerivedData/Build/Intermediates.noindex/Condisco.build/Debug-iphonesimulator/Condisco.build/Condisco-own-target-headers.hmap -Xcc -I/var/folders/3w/91hphlzs0rv_1twbkfyhvn6m0000gn/T/condisco-preflight.dyPabj/DerivedData/Build/Intermediates.noindex/Condisco.build/Debug-iphonesimulator/Condisco.build/Condisco-all-target-headers.hmap -Xcc -iquote -Xcc /var/folders/3w/91hphlzs0rv_1twbkfyhvn6m0000gn/T/condisco-preflight.dyPabj/DerivedData/Build/Intermediates.noindex/Condisco.build/Debug-iphonesimulator/Condisco.build/Condisco-project-headers.hmap -Xcc -I/var/folders/3w/91hphlzs0rv_1twbkfyhvn6m0000gn/T/condisco-preflight.dyPabj/DerivedData/Build/Products/Debug-iphonesimulator/include -Xcc -I/var/folders/3w/91hphlzs0rv_1twbkfyhvn6m0000gn/T/condisco-preflight.dyPabj/DerivedData/Build/Intermediates.noindex/Condisco.build/Debug-iphonesimulator/Condisco.build/DerivedSources-normal/arm64 -Xcc -I/var/folders/3w/91hphlzs0rv_1twbkfyhvn6m0000gn/T/condisco-preflight.dyPabj/DerivedData/Build/Intermediates.noindex/Condisco.build/Debug-iphonesimulator/Condisco.build/DerivedSources/arm64 -Xcc -I/var/folders/3w/91hphlzs0rv_1twbkfyhvn6m0000gn/T/condisco-preflight.dyPabj/DerivedData/Build/Intermediates.noindex/Condisco.build/Debug-iphonesimulator/Condisco.build/DerivedSources -Xcc -DDEBUG\=1 -Xcc -DDEBUG\=1 -emit-objc-header -emit-objc-header-path /var/folders/3w/91hphlzs0rv_1twbkfyhvn6m0000gn/T/condisco-preflight.dyPabj/DerivedData/Build/Intermediates.noindex/Condisco.build/Debug-iphonesimulator/Condisco.build/Objects-normal/arm64/Condisco-Swift.h -working-directory /Users/spkoehl/Projects/VerbaLibera -experimental-emit-module-separately -disable-cmo

SwiftDriverJobDiscovery normal arm64 Compiling LearningStore.swift, PackLoader.swift, AnswerEngine.swift, ActivityEvaluation.swift, LessonSession.swift, CoursesView.swift, FamilyLayouts.swift, ActivityViews.swift, TextInputViews.swift (in target 'Condisco' from project 'Condisco')

SwiftDriverJobDiscovery normal arm64 Compiling Glossary.swift, LessonMoments.swift, DeepLink.swift, CondiscoIntents.swift, SpotlightIndex.swift, LessonCatalog.generated.swift, WidgetSnapshot.swift, WidgetSnapshotWriter.swift, GeneratedAssetSymbols.swift (in target 'Condisco' from project 'Condisco')

SwiftMergeGeneratedHeaders /var/folders/3w/91hphlzs0rv_1twbkfyhvn6m0000gn/T/condisco-preflight.dyPabj/DerivedData/Build/Intermediates.noindex/Condisco.build/Debug-iphonesimulator/Condisco.build/DerivedSources/Condisco-Swift.h /var/folders/3w/91hphlzs0rv_1twbkfyhvn6m0000gn/T/condisco-preflight.dyPabj/DerivedData/Build/Intermediates.noindex/Condisco.build/Debug-iphonesimulator/Condisco.build/Objects-normal/arm64/Condisco-Swift.h (in target 'Condisco' from project 'Condisco')
    cd /Users/spkoehl/Projects/VerbaLibera
    builtin-swiftHeaderTool -arch arm64 /var/folders/3w/91hphlzs0rv_1twbkfyhvn6m0000gn/T/condisco-preflight.dyPabj/DerivedData/Build/Intermediates.noindex/Condisco.build/Debug-iphonesimulator/Condisco.build/Objects-normal/arm64/Condisco-Swift.h -o /var/folders/3w/91hphlzs0rv_1twbkfyhvn6m0000gn/T/condisco-preflight.dyPabj/DerivedData/Build/Intermediates.noindex/Condisco.build/Debug-iphonesimulator/Condisco.build/DerivedSources/Condisco-Swift.h

Copy /var/folders/3w/91hphlzs0rv_1twbkfyhvn6m0000gn/T/condisco-preflight.dyPabj/DerivedData/Build/Products/Debug-iphonesimulator/Condisco.swiftmodule/arm64-apple-ios-simulator.swiftmodule /var/folders/3w/91hphlzs0rv_1twbkfyhvn6m0000gn/T/condisco-preflight.dyPabj/DerivedData/Build/Intermediates.noindex/Condisco.build/Debug-iphonesimulator/Condisco.build/Objects-normal/arm64/Condisco.swiftmodule (in target 'Condisco' from project 'Condisco')
    cd /Users/spkoehl/Projects/VerbaLibera
    builtin-copy -exclude .DS_Store -exclude CVS -exclude .svn -exclude .git -exclude .hg -resolve-src-symlinks -rename /var/folders/3w/91hphlzs0rv_1twbkfyhvn6m0000gn/T/condisco-preflight.dyPabj/DerivedData/Build/Intermediates.noindex/Condisco.build/Debug-iphonesimulator/Condisco.build/Objects-normal/arm64/Condisco.swiftmodule /var/folders/3w/91hphlzs0rv_1twbkfyhvn6m0000gn/T/condisco-preflight.dyPabj/DerivedData/Build/Products/Debug-iphonesimulator/Condisco.swiftmodule/arm64-apple-ios-simulator.swiftmodule

Copy /var/folders/3w/91hphlzs0rv_1twbkfyhvn6m0000gn/T/condisco-preflight.dyPabj/DerivedData/Build/Products/Debug-iphonesimulator/Condisco.swiftmodule/arm64-apple-ios-simulator.swiftdoc /var/folders/3w/91hphlzs0rv_1twbkfyhvn6m0000gn/T/condisco-preflight.dyPabj/DerivedData/Build/Intermediates.noindex/Condisco.build/Debug-iphonesimulator/Condisco.build/Objects-normal/arm64/Condisco.swiftdoc (in target 'Condisco' from project 'Condisco')
    cd /Users/spkoehl/Projects/VerbaLibera
    builtin-copy -exclude .DS_Store -exclude CVS -exclude .svn -exclude .git -exclude .hg -resolve-src-symlinks -rename /var/folders/3w/91hphlzs0rv_1twbkfyhvn6m0000gn/T/condisco-preflight.dyPabj/DerivedData/Build/Intermediates.noindex/Condisco.build/Debug-iphonesimulator/Condisco.build/Objects-normal/arm64/Condisco.swiftdoc /var/folders/3w/91hphlzs0rv_1twbkfyhvn6m0000gn/T/condisco-preflight.dyPabj/DerivedData/Build/Products/Debug-iphonesimulator/Condisco.swiftmodule/arm64-apple-ios-simulator.swiftdoc

Copy /var/folders/3w/91hphlzs0rv_1twbkfyhvn6m0000gn/T/condisco-preflight.dyPabj/DerivedData/Build/Products/Debug-iphonesimulator/Condisco.swiftmodule/arm64-apple-ios-simulator.abi.json /var/folders/3w/91hphlzs0rv_1twbkfyhvn6m0000gn/T/condisco-preflight.dyPabj/DerivedData/Build/Intermediates.noindex/Condisco.build/Debug-iphonesimulator/Condisco.build/Objects-normal/arm64/Condisco.abi.json (in target 'Condisco' from project 'Condisco')
    cd /Users/spkoehl/Projects/VerbaLibera
    builtin-copy -exclude .DS_Store -exclude CVS -exclude .svn -exclude .git -exclude .hg -resolve-src-symlinks -rename /var/folders/3w/91hphlzs0rv_1twbkfyhvn6m0000gn/T/condisco-preflight.dyPabj/DerivedData/Build/Intermediates.noindex/Condisco.build/Debug-iphonesimulator/Condisco.build/Objects-normal/arm64/Condisco.abi.json /var/folders/3w/91hphlzs0rv_1twbkfyhvn6m0000gn/T/condisco-preflight.dyPabj/DerivedData/Build/Products/Debug-iphonesimulator/Condisco.swiftmodule/arm64-apple-ios-simulator.abi.json

Copy /var/folders/3w/91hphlzs0rv_1twbkfyhvn6m0000gn/T/condisco-preflight.dyPabj/DerivedData/Build/Products/Debug-iphonesimulator/Condisco.swiftmodule/Project/arm64-apple-ios-simulator.swiftsourceinfo /var/folders/3w/91hphlzs0rv_1twbkfyhvn6m0000gn/T/condisco-preflight.dyPabj/DerivedData/Build/Intermediates.noindex/Condisco.build/Debug-iphonesimulator/Condisco.build/Objects-normal/arm64/Condisco.swiftsourceinfo (in target 'Condisco' from project 'Condisco')
    cd /Users/spkoehl/Projects/VerbaLibera
    builtin-copy -exclude .DS_Store -exclude CVS -exclude .svn -exclude .git -exclude .hg -resolve-src-symlinks -rename /var/folders/3w/91hphlzs0rv_1twbkfyhvn6m0000gn/T/condisco-preflight.dyPabj/DerivedData/Build/Intermediates.noindex/Condisco.build/Debug-iphonesimulator/Condisco.build/Objects-normal/arm64/Condisco.swiftsourceinfo /var/folders/3w/91hphlzs0rv_1twbkfyhvn6m0000gn/T/condisco-preflight.dyPabj/DerivedData/Build/Products/Debug-iphonesimulator/Condisco.swiftmodule/Project/arm64-apple-ios-simulator.swiftsourceinfo

ExtractAppIntentsMetadata (in target 'CondiscoWidget' from project 'Condisco')
    cd /Users/spkoehl/Projects/VerbaLibera
    /Applications/Xcode.app/Contents/Developer/Toolchains/XcodeDefault.xctoolchain/usr/bin/appintentsmetadataprocessor --toolchain-dir /Applications/Xcode.app/Contents/Developer/Toolchains/XcodeDefault.xctoolchain --module-name CondiscoWidget --sdk-root /Applications/Xcode.app/Contents/Developer/Platforms/iPhoneSimulator.platform/Developer/SDKs/iPhoneSimulator27.0.sdk --xcode-version 27A266a --platform-family iOS --deployment-target 17.0 --bundle-identifier com.sleuthysloth.condisco.CondiscoWidget --output /var/folders/3w/91hphlzs0rv_1twbkfyhvn6m0000gn/T/condisco-preflight.dyPabj/DerivedData/Build/Products/Debug-iphonesimulator/CondiscoWidget.appex --target-triple arm64-apple-ios17.0-simulator --binary-file /var/folders/3w/91hphlzs0rv_1twbkfyhvn6m0000gn/T/condisco-preflight.dyPabj/DerivedData/Build/Products/Debug-iphonesimulator/CondiscoWidget.appex/CondiscoWidget --dependency-file /var/folders/3w/91hphlzs0rv_1twbkfyhvn6m0000gn/T/condisco-preflight.dyPabj/DerivedData/Build/Intermediates.noindex/Condisco.build/Debug-iphonesimulator/CondiscoWidget.build/Objects-normal/arm64/CondiscoWidget_dependency_info.dat --stringsdata-file /var/folders/3w/91hphlzs0rv_1twbkfyhvn6m0000gn/T/condisco-preflight.dyPabj/DerivedData/Build/Intermediates.noindex/Condisco.build/Debug-iphonesimulator/CondiscoWidget.build/Objects-normal/arm64/ExtractedAppShortcutsMetadata.stringsdata --source-file-list /var/folders/3w/91hphlzs0rv_1twbkfyhvn6m0000gn/T/condisco-preflight.dyPabj/DerivedData/Build/Intermediates.noindex/Condisco.build/Debug-iphonesimulator/CondiscoWidget.build/Objects-normal/arm64/CondiscoWidget.SwiftFileList --metadata-file-list /var/folders/3w/91hphlzs0rv_1twbkfyhvn6m0000gn/T/condisco-preflight.dyPabj/DerivedData/Build/Intermediates.noindex/Condisco.build/Debug-iphonesimulator/CondiscoWidget.build/CondiscoWidget.DependencyMetadataFileList --static-metadata-file-list /var/folders/3w/91hphlzs0rv_1twbkfyhvn6m0000gn/T/condisco-preflight.dyPabj/DerivedData/Build/Intermediates.noindex/Condisco.build/Debug-iphonesimulator/CondiscoWidget.build/CondiscoWidget.DependencyStaticMetadataFileList --swift-const-vals-list /var/folders/3w/91hphlzs0rv_1twbkfyhvn6m0000gn/T/condisco-preflight.dyPabj/DerivedData/Build/Intermediates.noindex/Condisco.build/Debug-iphonesimulator/CondiscoWidget.build/Objects-normal/arm64/CondiscoWidget.SwiftConstValuesFileList --compile-time-extraction --deployment-aware-processing --no-app-shortcuts-localization
2026-09-25 18:59:51.354 appintentsmetadataprocessor[21975:6556174] Starting appintentsmetadataprocessor export
2026-09-25 18:59:53.113 appintentsmetadataprocessor[21975:6556174] Extracted no relevant App Intents symbols, skipping writing output

ProcessProductPackaging "" /var/folders/3w/91hphlzs0rv_1twbkfyhvn6m0000gn/T/condisco-preflight.dyPabj/DerivedData/Build/Intermediates.noindex/Condisco.build/Debug-iphonesimulator/CondiscoUITests.build/CondiscoUITests.xctest-Simulated.xcent (in target 'CondiscoUITests' from project 'Condisco')
    cd /Users/spkoehl/Projects/VerbaLibera
    
    Entitlements:
    
    {
    "application-identifier" = "PN9T9MT37J.com.sleuthysloth.condisco.UITests.xctrunner";
    "keychain-access-groups" =     (
        "PN9T9MT37J.com.sleuthysloth.condisco.UITests.xctrunner"
    );
}
    
    builtin-productPackagingUtility -entitlements -format xml -o /var/folders/3w/91hphlzs0rv_1twbkfyhvn6m0000gn/T/condisco-preflight.dyPabj/DerivedData/Build/Intermediates.noindex/Condisco.build/Debug-iphonesimulator/CondiscoUITests.build/CondiscoUITests.xctest-Simulated.xcent

ProcessProductPackagingDER /var/folders/3w/91hphlzs0rv_1twbkfyhvn6m0000gn/T/condisco-preflight.dyPabj/DerivedData/Build/Intermediates.noindex/Condisco.build/Debug-iphonesimulator/CondiscoUITests.build/CondiscoUITests.xctest-Simulated.xcent /var/folders/3w/91hphlzs0rv_1twbkfyhvn6m0000gn/T/condisco-preflight.dyPabj/DerivedData/Build/Intermediates.noindex/Condisco.build/Debug-iphonesimulator/CondiscoUITests.build/CondiscoUITests.xctest-Simulated.xcent.der (in target 'CondiscoUITests' from project 'Condisco')
    cd /Users/spkoehl/Projects/VerbaLibera
    /usr/bin/derq query -f xml -i /var/folders/3w/91hphlzs0rv_1twbkfyhvn6m0000gn/T/condisco-preflight.dyPabj/DerivedData/Build/Intermediates.noindex/Condisco.build/Debug-iphonesimulator/CondiscoUITests.build/CondiscoUITests.xctest-Simulated.xcent -o /var/folders/3w/91hphlzs0rv_1twbkfyhvn6m0000gn/T/condisco-preflight.dyPabj/DerivedData/Build/Intermediates.noindex/Condisco.build/Debug-iphonesimulator/CondiscoUITests.build/CondiscoUITests.xctest-Simulated.xcent.der --raw

SwiftDriver CondiscoTests normal arm64 com.apple.xcode.tools.swift.compiler (in target 'CondiscoTests' from project 'Condisco')
    cd /Users/spkoehl/Projects/VerbaLibera
    builtin-SwiftDriver -- /Applications/Xcode.app/Contents/Developer/Toolchains/XcodeDefault.xctoolchain/usr/bin/swiftc -module-name CondiscoTests -Onone @/var/folders/3w/91hphlzs0rv_1twbkfyhvn6m0000gn/T/condisco-preflight.dyPabj/DerivedData/Build/Intermediates.noindex/Condisco.build/Debug-iphonesimulator/CondiscoTests.build/Objects-normal/arm64/CondiscoTests.SwiftFileList -DDEBUG -plugin-path /Applications/Xcode.app/Contents/Developer/Toolchains/XcodeDefault.xctoolchain/usr/lib/swift/host/plugins/testing -enable-bare-slash-regex -enable-experimental-feature DebugDescriptionMacro -sdk /Applications/Xcode.app/Contents/Developer/Platforms/iPhoneSimulator.platform/Developer/SDKs/iPhoneSimulator27.0.sdk -target arm64-apple-ios17.0-simulator -g -module-cache-path /var/folders/3w/91hphlzs0rv_1twbkfyhvn6m0000gn/T/condisco-preflight.dyPabj/DerivedData/ModuleCache.noindex -Xfrontend -serialize-debugging-options -enable-testing -index-store-path /var/folders/3w/91hphlzs0rv_1twbkfyhvn6m0000gn/T/condisco-preflight.dyPabj/DerivedData/Index.noindex/DataStore -Xcc -D_LIBCPP_HARDENING_MODE\=_LIBCPP_HARDENING_MODE_DEBUG -swift-version 5 -I /var/folders/3w/91hphlzs0rv_1twbkfyhvn6m0000gn/T/condisco-preflight.dyPabj/DerivedData/Build/Products/Debug-iphonesimulator -Isystem /Applications/Xcode.app/Contents/Developer/Platforms/iPhoneSimulator.platform/Developer/usr/lib -F /var/folders/3w/91hphlzs0rv_1twbkfyhvn6m0000gn/T/condisco-preflight.dyPabj/DerivedData/Build/Products/Debug-iphonesimulator -F /Applications/Xcode.app/Contents/Developer/Platforms/iPhoneSimulator.platform/Developer/Library/Frameworks -F /Applications/Xcode.app/Contents/Developer/Platforms/iPhoneSimulator.platform/Developer/SDKs/iPhoneSimulator27.0.sdk/Developer/Library/Frameworks -emit-localized-strings -emit-localized-strings-path /var/folders/3w/91hphlzs0rv_1twbkfyhvn6m0000gn/T/condisco-preflight.dyPabj/DerivedData/Build/Intermediates.noindex/Condisco.build/Debug-iphonesimulator/CondiscoTests.build/Objects-normal/arm64 -c -j6 -enable-batch-mode -incremental -Xcc -ivfsstatcache -Xcc /var/folders/3w/91hphlzs0rv_1twbkfyhvn6m0000gn/T/condisco-preflight.dyPabj/DerivedData/SDKStatCaches.noindex/iphonesimulator27.0-24A430-8dc58220667be655e1bcc261a7455254.sdkstatcache -output-file-map /var/folders/3w/91hphlzs0rv_1twbkfyhvn6m0000gn/T/condisco-preflight.dyPabj/DerivedData/Build/Intermediates.noindex/Condisco.build/Debug-iphonesimulator/CondiscoTests.build/Objects-normal/arm64/CondiscoTests-OutputFileMap.json -save-temps -no-color-diagnostics -explicit-module-build -module-cache-path /var/folders/3w/91hphlzs0rv_1twbkfyhvn6m0000gn/T/condisco-preflight.dyPabj/DerivedData/Build/Intermediates.noindex/SwiftExplicitPrecompiledModules -clang-scanner-module-cache-path /var/folders/3w/91hphlzs0rv_1twbkfyhvn6m0000gn/T/condisco-preflight.dyPabj/DerivedData/ModuleCache.noindex -sdk-module-cache-path /var/folders/3w/91hphlzs0rv_1twbkfyhvn6m0000gn/T/condisco-preflight.dyPabj/DerivedData/SDKExplicitPrecompiledModules -emit-dependencies -emit-module -emit-module-path /var/folders/3w/91hphlzs0rv_1twbkfyhvn6m0000gn/T/condisco-preflight.dyPabj/DerivedData/Build/Intermediates.noindex/Condisco.build/Debug-iphonesimulator/CondiscoTests.build/Objects-normal/arm64/CondiscoTests.swiftmodule -serialize-diagnostics -dependency-scan-serialize-diagnostics-path /var/folders/3w/91hphlzs0rv_1twbkfyhvn6m0000gn/T/condisco-preflight.dyPabj/DerivedData/Build/Intermediates.noindex/Condisco.build/Debug-iphonesimulator/CondiscoTests.build/Objects-normal/arm64/CondiscoTests-dependency-scan.dia -validate-clang-modules-once -clang-build-session-file /var/folders/3w/91hphlzs0rv_1twbkfyhvn6m0000gn/T/condisco-preflight.dyPabj/DerivedData/ModuleCache.noindex/Session.modulevalidation -Xcc -fmodules-prune-interval\=86400 -Xcc -fmodules-prune-after\=345600 -emit-const-values -const-gather-protocols-list /var/folders/3w/91hphlzs0rv_1twbkfyhvn6m0000gn/T/condisco-preflight.dyPabj/DerivedData/Build/Intermediates.noindex/Condisco.build/Debug-iphonesimulator/CondiscoTests.build/Objects-normal/arm64/CondiscoTests_const_extract_protocols.json -Xcc -iquote -Xcc /var/folders/3w/91hphlzs0rv_1twbkfyhvn6m0000gn/T/condisco-preflight.dyPabj/DerivedData/Build/Intermediates.noindex/Condisco.build/Debug-iphonesimulator/CondiscoTests.build/CondiscoTests-generated-files.hmap -Xcc -I/var/folders/3w/91hphlzs0rv_1twbkfyhvn6m0000gn/T/condisco-preflight.dyPabj/DerivedData/Build/Intermediates.noindex/Condisco.build/Debug-iphonesimulator/CondiscoTests.build/CondiscoTests-own-target-headers.hmap -Xcc -I/var/folders/3w/91hphlzs0rv_1twbkfyhvn6m0000gn/T/condisco-preflight.dyPabj/DerivedData/Build/Intermediates.noindex/Condisco.build/Debug-iphonesimulator/CondiscoTests.build/CondiscoTests-all-target-headers.hmap -Xcc -iquote -Xcc /var/folders/3w/91hphlzs0rv_1twbkfyhvn6m0000gn/T/condisco-preflight.dyPabj/DerivedData/Build/Intermediates.noindex/Condisco.build/Debug-iphonesimulator/CondiscoTests.build/CondiscoTests-project-headers.hmap -Xcc -I/var/folders/3w/91hphlzs0rv_1twbkfyhvn6m0000gn/T/condisco-preflight.dyPabj/DerivedData/Build/Products/Debug-iphonesimulator/include -Xcc -I/var/folders/3w/91hphlzs0rv_1twbkfyhvn6m0000gn/T/condisco-preflight.dyPabj/DerivedData/Build/Intermediates.noindex/Condisco.build/Debug-iphonesimulator/CondiscoTests.build/DerivedSources-normal/arm64 -Xcc -I/var/folders/3w/91hphlzs0rv_1twbkfyhvn6m0000gn/T/condisco-preflight.dyPabj/DerivedData/Build/Intermediates.noindex/Condisco.build/Debug-iphonesimulator/CondiscoTests.build/DerivedSources/arm64 -Xcc -I/var/folders/3w/91hphlzs0rv_1twbkfyhvn6m0000gn/T/condisco-preflight.dyPabj/DerivedData/Build/Intermediates.noindex/Condisco.build/Debug-iphonesimulator/CondiscoTests.build/DerivedSources -Xcc -DDEBUG\=1 -emit-objc-header -emit-objc-header-path /var/folders/3w/91hphlzs0rv_1twbkfyhvn6m0000gn/T/condisco-preflight.dyPabj/DerivedData/Build/Intermediates.noindex/Condisco.build/Debug-iphonesimulator/CondiscoTests.build/Objects-normal/arm64/CondiscoTests-Swift.h -working-directory /Users/spkoehl/Projects/VerbaLibera -experimental-emit-module-separately -disable-cmo

SwiftDriver CondiscoUITests normal arm64 com.apple.xcode.tools.swift.compiler (in target 'CondiscoUITests' from project 'Condisco')
    cd /Users/spkoehl/Projects/VerbaLibera
    builtin-SwiftDriver -- /Applications/Xcode.app/Contents/Developer/Toolchains/XcodeDefault.xctoolchain/usr/bin/swiftc -module-name CondiscoUITests -Onone @/var/folders/3w/91hphlzs0rv_1twbkfyhvn6m0000gn/T/condisco-preflight.dyPabj/DerivedData/Build/Intermediates.noindex/Condisco.build/Debug-iphonesimulator/CondiscoUITests.build/Objects-normal/arm64/CondiscoUITests.SwiftFileList -DDEBUG -module-alias Testing\=_Testing_Unavailable -plugin-path /Applications/Xcode.app/Contents/Developer/Toolchains/XcodeDefault.xctoolchain/usr/lib/swift/host/plugins/testing -enable-bare-slash-regex -enable-experimental-feature DebugDescriptionMacro -sdk /Applications/Xcode.app/Contents/Developer/Platforms/iPhoneSimulator.platform/Developer/SDKs/iPhoneSimulator27.0.sdk -target arm64-apple-ios17.0-simulator -g -module-cache-path /var/folders/3w/91hphlzs0rv_1twbkfyhvn6m0000gn/T/condisco-preflight.dyPabj/DerivedData/ModuleCache.noindex -Xfrontend -serialize-debugging-options -enable-testing -index-store-path /var/folders/3w/91hphlzs0rv_1twbkfyhvn6m0000gn/T/condisco-preflight.dyPabj/DerivedData/Index.noindex/DataStore -Xcc -D_LIBCPP_HARDENING_MODE\=_LIBCPP_HARDENING_MODE_DEBUG -swift-version 5 -I /var/folders/3w/91hphlzs0rv_1twbkfyhvn6m0000gn/T/condisco-preflight.dyPabj/DerivedData/Build/Products/Debug-iphonesimulator -Isystem /Applications/Xcode.app/Contents/Developer/Platforms/iPhoneSimulator.platform/Developer/usr/lib -F /var/folders/3w/91hphlzs0rv_1twbkfyhvn6m0000gn/T/condisco-preflight.dyPabj/DerivedData/Build/Products/Debug-iphonesimulator -F /Applications/Xcode.app/Contents/Developer/Platforms/iPhoneSimulator.platform/Developer/Library/Frameworks -F /Applications/Xcode.app/Contents/Developer/Platforms/iPhoneSimulator.platform/Developer/SDKs/iPhoneSimulator27.0.sdk/Developer/Library/Frameworks -parse-as-library -emit-localized-strings -emit-localized-strings-path /var/folders/3w/91hphlzs0rv_1twbkfyhvn6m0000gn/T/condisco-preflight.dyPabj/DerivedData/Build/Intermediates.noindex/Condisco.build/Debug-iphonesimulator/CondiscoUITests.build/Objects-normal/arm64 -c -j6 -enable-batch-mode -incremental -Xcc -ivfsstatcache -Xcc /var/folders/3w/91hphlzs0rv_1twbkfyhvn6m0000gn/T/condisco-preflight.dyPabj/DerivedData/SDKStatCaches.noindex/iphonesimulator27.0-24A430-8dc58220667be655e1bcc261a7455254.sdkstatcache -output-file-map /var/folders/3w/91hphlzs0rv_1twbkfyhvn6m0000gn/T/condisco-preflight.dyPabj/DerivedData/Build/Intermediates.noindex/Condisco.build/Debug-iphonesimulator/CondiscoUITests.build/Objects-normal/arm64/CondiscoUITests-OutputFileMap.json -save-temps -no-color-diagnostics -explicit-module-build -module-cache-path /var/folders/3w/91hphlzs0rv_1twbkfyhvn6m0000gn/T/condisco-preflight.dyPabj/DerivedData/Build/Intermediates.noindex/SwiftExplicitPrecompiledModules -clang-scanner-module-cache-path /var/folders/3w/91hphlzs0rv_1twbkfyhvn6m0000gn/T/condisco-preflight.dyPabj/DerivedData/ModuleCache.noindex -sdk-module-cache-path /var/folders/3w/91hphlzs0rv_1twbkfyhvn6m0000gn/T/condisco-preflight.dyPabj/DerivedData/SDKExplicitPrecompiledModules -emit-dependencies -emit-module -emit-module-path /var/folders/3w/91hphlzs0rv_1twbkfyhvn6m0000gn/T/condisco-preflight.dyPabj/DerivedData/Build/Intermediates.noindex/Condisco.build/Debug-iphonesimulator/CondiscoUITests.build/Objects-normal/arm64/CondiscoUITests.swiftmodule -serialize-diagnostics -dependency-scan-serialize-diagnostics-path /var/folders/3w/91hphlzs0rv_1twbkfyhvn6m0000gn/T/condisco-preflight.dyPabj/DerivedData/Build/Intermediates.noindex/Condisco.build/Debug-iphonesimulator/CondiscoUITests.build/Objects-normal/arm64/CondiscoUITests-dependency-scan.dia -validate-clang-modules-once -clang-build-session-file /var/folders/3w/91hphlzs0rv_1twbkfyhvn6m0000gn/T/condisco-preflight.dyPabj/DerivedData/ModuleCache.noindex/Session.modulevalidation -Xcc -fmodules-prune-interval\=86400 -Xcc -fmodules-prune-after\=345600 -emit-const-values -const-gather-protocols-list /var/folders/3w/91hphlzs0rv_1twbkfyhvn6m0000gn/T/condisco-preflight.dyPabj/DerivedData/Build/Intermediates.noindex/Condisco.build/Debug-iphonesimulator/CondiscoUITests.build/Objects-normal/arm64/CondiscoUITests_const_extract_protocols.json -Xcc -iquote -Xcc /var/folders/3w/91hphlzs0rv_1twbkfyhvn6m0000gn/T/condisco-preflight.dyPabj/DerivedData/Build/Intermediates.noindex/Condisco.build/Debug-iphonesimulator/CondiscoUITests.build/CondiscoUITests-generated-files.hmap -Xcc -I/var/folders/3w/91hphlzs0rv_1twbkfyhvn6m0000gn/T/condisco-preflight.dyPabj/DerivedData/Build/Intermediates.noindex/Condisco.build/Debug-iphonesimulator/CondiscoUITests.build/CondiscoUITests-own-target-headers.hmap -Xcc -I/var/folders/3w/91hphlzs0rv_1twbkfyhvn6m0000gn/T/condisco-preflight.dyPabj/DerivedData/Build/Intermediates.noindex/Condisco.build/Debug-iphonesimulator/CondiscoUITests.build/CondiscoUITests-all-target-headers.hmap -Xcc -iquote -Xcc /var/folders/3w/91hphlzs0rv_1twbkfyhvn6m0000gn/T/condisco-preflight.dyPabj/DerivedData/Build/Intermediates.noindex/Condisco.build/Debug-iphonesimulator/CondiscoUITests.build/CondiscoUITests-project-headers.hmap -Xcc -I/var/folders/3w/91hphlzs0rv_1twbkfyhvn6m0000gn/T/condisco-preflight.dyPabj/DerivedData/Build/Products/Debug-iphonesimulator/include -Xcc -I/var/folders/3w/91hphlzs0rv_1twbkfyhvn6m0000gn/T/condisco-preflight.dyPabj/DerivedData/Build/Intermediates.noindex/Condisco.build/Debug-iphonesimulator/CondiscoUITests.build/DerivedSources-normal/arm64 -Xcc -I/var/folders/3w/91hphlzs0rv_1twbkfyhvn6m0000gn/T/condisco-preflight.dyPabj/DerivedData/Build/Intermediates.noindex/Condisco.build/Debug-iphonesimulator/CondiscoUITests.build/DerivedSources/arm64 -Xcc -I/var/folders/3w/91hphlzs0rv_1twbkfyhvn6m0000gn/T/condisco-preflight.dyPabj/DerivedData/Build/Intermediates.noindex/Condisco.build/Debug-iphonesimulator/CondiscoUITests.build/DerivedSources -Xcc -DDEBUG\=1 -emit-objc-header -emit-objc-header-path /var/folders/3w/91hphlzs0rv_1twbkfyhvn6m0000gn/T/condisco-preflight.dyPabj/DerivedData/Build/Intermediates.noindex/Condisco.build/Debug-iphonesimulator/CondiscoUITests.build/Objects-normal/arm64/CondiscoUITests-Swift.h -working-directory /Users/spkoehl/Projects/VerbaLibera -experimental-emit-module-separately -disable-cmo

AppIntentsSSUTraining (in target 'CondiscoWidget' from project 'Condisco')
    cd /Users/spkoehl/Projects/VerbaLibera
    /Applications/Xcode.app/Contents/Developer/Toolchains/XcodeDefault.xctoolchain/usr/bin/appintentsnltrainingprocessor --infoplist-path /var/folders/3w/91hphlzs0rv_1twbkfyhvn6m0000gn/T/condisco-preflight.dyPabj/DerivedData/Build/Products/Debug-iphonesimulator/CondiscoWidget.appex/Info.plist --temp-dir-path /var/folders/3w/91hphlzs0rv_1twbkfyhvn6m0000gn/T/condisco-preflight.dyPabj/DerivedData/Build/Intermediates.noindex/Condisco.build/Debug-iphonesimulator/CondiscoWidget.build/ssu --bundle-id com.sleuthysloth.condisco.CondiscoWidget --product-path /var/folders/3w/91hphlzs0rv_1twbkfyhvn6m0000gn/T/condisco-preflight.dyPabj/DerivedData/Build/Products/Debug-iphonesimulator/CondiscoWidget.appex --extracted-metadata-path /var/folders/3w/91hphlzs0rv_1twbkfyhvn6m0000gn/T/condisco-preflight.dyPabj/DerivedData/Build/Products/Debug-iphonesimulator/CondiscoWidget.appex/Metadata.appintents --metadata-file-list /var/folders/3w/91hphlzs0rv_1twbkfyhvn6m0000gn/T/condisco-preflight.dyPabj/DerivedData/Build/Intermediates.noindex/Condisco.build/Debug-iphonesimulator/CondiscoWidget.build/CondiscoWidget.DependencyMetadataFileList --source-file /var/folders/3w/91hphlzs0rv_1twbkfyhvn6m0000gn/T/condisco-preflight.dyPabj/DerivedData/Build/Products/Debug-iphonesimulator/CondiscoWidget.appex/Info.plist --archive-ssu-assets
2026-09-25 19:00:03.946 appintentsnltrainingprocessor[21984:6556739] Parsing options for appintentsnltrainingprocessor
2026-09-25 19:00:03.959 appintentsnltrainingprocessor[21984:6556739] Starting AppIntents SSU YAML Generation
2026-09-25 19:00:03.981 appintentsnltrainingprocessor[21984:6556739] No AppShortcuts found - Skipping.

SwiftExplicitDependencyGeneratePcm arm64 /var/folders/3w/91hphlzs0rv_1twbkfyhvn6m0000gn/T/condisco-preflight.dyPabj/DerivedData/Build/Intermediates.noindex/SwiftExplicitPrecompiledModules/XCUIAutomation-3ZLZM905WQSKY6MPSQ0XDN3NP.pcm

CodeSign /var/folders/3w/91hphlzs0rv_1twbkfyhvn6m0000gn/T/condisco-preflight.dyPabj/DerivedData/Build/Products/Debug-iphonesimulator/CondiscoWidget.appex/CondiscoWidget.debug.dylib (in target 'CondiscoWidget' from project 'Condisco')
    cd /Users/spkoehl/Projects/VerbaLibera
    
    Signing Identity:     "Sign to Run Locally"
    
    /usr/bin/codesign --force --sign - --timestamp\=none --generate-entitlement-der /var/folders/3w/91hphlzs0rv_1twbkfyhvn6m0000gn/T/condisco-preflight.dyPabj/DerivedData/Build/Products/Debug-iphonesimulator/CondiscoWidget.appex/CondiscoWidget.debug.dylib

CodeSign /var/folders/3w/91hphlzs0rv_1twbkfyhvn6m0000gn/T/condisco-preflight.dyPabj/DerivedData/Build/Products/Debug-iphonesimulator/CondiscoWidget.appex/__preview.dylib (in target 'CondiscoWidget' from project 'Condisco')
    cd /Users/spkoehl/Projects/VerbaLibera
    
    Signing Identity:     "Sign to Run Locally"
    
    /usr/bin/codesign --force --sign - --timestamp\=none --generate-entitlement-der /var/folders/3w/91hphlzs0rv_1twbkfyhvn6m0000gn/T/condisco-preflight.dyPabj/DerivedData/Build/Products/Debug-iphonesimulator/CondiscoWidget.appex/__preview.dylib

CodeSign /var/folders/3w/91hphlzs0rv_1twbkfyhvn6m0000gn/T/condisco-preflight.dyPabj/DerivedData/Build/Products/Debug-iphonesimulator/CondiscoWidget.appex (in target 'CondiscoWidget' from project 'Condisco')
    cd /Users/spkoehl/Projects/VerbaLibera
    
    Signing Identity:     "Sign to Run Locally"
    
    /usr/bin/codesign --force --sign - --entitlements /var/folders/3w/91hphlzs0rv_1twbkfyhvn6m0000gn/T/condisco-preflight.dyPabj/DerivedData/Build/Intermediates.noindex/Condisco.build/Debug-iphonesimulator/CondiscoWidget.build/CondiscoWidget.appex.xcent --timestamp\=none --generate-entitlement-der /var/folders/3w/91hphlzs0rv_1twbkfyhvn6m0000gn/T/condisco-preflight.dyPabj/DerivedData/Build/Products/Debug-iphonesimulator/CondiscoWidget.appex

RegisterExecutionPolicyException /var/folders/3w/91hphlzs0rv_1twbkfyhvn6m0000gn/T/condisco-preflight.dyPabj/DerivedData/Build/Products/Debug-iphonesimulator/CondiscoWidget.appex (in target 'CondiscoWidget' from project 'Condisco')
    cd /Users/spkoehl/Projects/VerbaLibera
    builtin-RegisterExecutionPolicyException /var/folders/3w/91hphlzs0rv_1twbkfyhvn6m0000gn/T/condisco-preflight.dyPabj/DerivedData/Build/Products/Debug-iphonesimulator/CondiscoWidget.appex

Touch /var/folders/3w/91hphlzs0rv_1twbkfyhvn6m0000gn/T/condisco-preflight.dyPabj/DerivedData/Build/Products/Debug-iphonesimulator/CondiscoWidget.appex (in target 'CondiscoWidget' from project 'Condisco')
    cd /Users/spkoehl/Projects/VerbaLibera
    /usr/bin/touch -c /var/folders/3w/91hphlzs0rv_1twbkfyhvn6m0000gn/T/condisco-preflight.dyPabj/DerivedData/Build/Products/Debug-iphonesimulator/CondiscoWidget.appex

CpResource /var/folders/3w/91hphlzs0rv_1twbkfyhvn6m0000gn/T/condisco-preflight.dyPabj/DerivedData/Build/Products/Debug-iphonesimulator/Condisco.app/Content /Users/spkoehl/Projects/VerbaLibera/Condisco/Content (in target 'Condisco' from project 'Condisco')
    cd /Users/spkoehl/Projects/VerbaLibera
    builtin-copy -exclude .DS_Store -exclude CVS -exclude .svn -exclude .git -exclude .hg -resolve-src-symlinks /Users/spkoehl/Projects/VerbaLibera/Condisco/Content /var/folders/3w/91hphlzs0rv_1twbkfyhvn6m0000gn/T/condisco-preflight.dyPabj/DerivedData/Build/Products/Debug-iphonesimulator/Condisco.app

Ld /var/folders/3w/91hphlzs0rv_1twbkfyhvn6m0000gn/T/condisco-preflight.dyPabj/DerivedData/Build/Products/Debug-iphonesimulator/Condisco.app/__preview.dylib normal (in target 'Condisco' from project 'Condisco')
    cd /Users/spkoehl/Projects/VerbaLibera
    /Applications/Xcode.app/Contents/Developer/Toolchains/XcodeDefault.xctoolchain/usr/bin/clang -Xlinker -reproducible -target arm64-apple-ios17.0-simulator -dynamiclib -isysroot /Applications/Xcode.app/Contents/Developer/Platforms/iPhoneSimulator.platform/Developer/SDKs/iPhoneSimulator27.0.sdk -O0 -Xlinker -no_warn_duplicate_libraries -L/var/folders/3w/91hphlzs0rv_1twbkfyhvn6m0000gn/T/condisco-preflight.dyPabj/DerivedData/Build/Products/Debug-iphonesimulator -F/var/folders/3w/91hphlzs0rv_1twbkfyhvn6m0000gn/T/condisco-preflight.dyPabj/DerivedData/Build/Products/Debug-iphonesimulator -install_name @rpath/Condisco.debug.dylib -Xlinker -dead_strip -rdynamic -Xlinker -no_deduplicate -Xlinker -objc_abi_version -Xlinker 2 -Xlinker -dependency_info -Xlinker /var/folders/3w/91hphlzs0rv_1twbkfyhvn6m0000gn/T/condisco-preflight.dyPabj/DerivedData/Build/Intermediates.noindex/Condisco.build/Debug-iphonesimulator/Condisco.build/Objects-normal/arm64/Condisco_dependency_info.dat -Xlinker -sectcreate -Xlinker __TEXT -Xlinker __entitlements -Xlinker /var/folders/3w/91hphlzs0rv_1twbkfyhvn6m0000gn/T/condisco-preflight.dyPabj/DerivedData/Build/Intermediates.noindex/Condisco.build/Debug-iphonesimulator/Condisco.build/Condisco.app-Simulated.xcent -Xlinker -sectcreate -Xlinker __TEXT -Xlinker __ents_der -Xlinker /var/folders/3w/91hphlzs0rv_1twbkfyhvn6m0000gn/T/condisco-preflight.dyPabj/DerivedData/Build/Intermediates.noindex/Condisco.build/Debug-iphonesimulator/Condisco.build/Condisco.app-Simulated.xcent.der -Xlinker -no_adhoc_codesign -o /var/folders/3w/91hphlzs0rv_1twbkfyhvn6m0000gn/T/condisco-preflight.dyPabj/DerivedData/Build/Products/Debug-iphonesimulator/Condisco.app/__preview.dylib

SwiftExplicitDependencyCompileModuleFromInterface arm64 /var/folders/3w/91hphlzs0rv_1twbkfyhvn6m0000gn/T/condisco-preflight.dyPabj/DerivedData/Build/Intermediates.noindex/SwiftExplicitPrecompiledModules/XCUIAutomation-15D0VH9OP4UKE.swiftmodule

SwiftExplicitDependencyGeneratePcm arm64 /var/folders/3w/91hphlzs0rv_1twbkfyhvn6m0000gn/T/condisco-preflight.dyPabj/DerivedData/Build/Intermediates.noindex/SwiftExplicitPrecompiledModules/XCTest-5D9SKX57FHY0M2XKILNFV1LAC.pcm

SwiftExplicitDependencyCompileModuleFromInterface arm64 /var/folders/3w/91hphlzs0rv_1twbkfyhvn6m0000gn/T/condisco-preflight.dyPabj/DerivedData/Build/Intermediates.noindex/SwiftExplicitPrecompiledModules/XCTest-3CRJFLKVEN6DW.swiftmodule

SwiftDriverJobDiscovery normal arm64 Compiling CondiscoApp.swift, ContentView.swift, HomeView.swift, MonthView.swift, ProgressCard.swift, DesignTokens.swift, CoursePack.swift, Database.swift, Fsrs.swift, LearningEvents.swift (in target 'Condisco' from project 'Condisco')

SwiftEmitModule normal arm64 Emitting\ module\ for\ CondiscoUITests (in target 'CondiscoUITests' from project 'Condisco')

SwiftCompile normal arm64 (in target 'CondiscoUITests' from project 'Condisco')
    cd /Users/spkoehl/Projects/VerbaLibera
    

SwiftEmitModule normal arm64 Emitting\ module\ for\ CondiscoTests (in target 'CondiscoTests' from project 'Condisco')

SwiftCompile normal arm64 (in target 'CondiscoTests' from project 'Condisco')
    cd /Users/spkoehl/Projects/VerbaLibera
    

SwiftCompile normal arm64 Compiling\ FirstRunUITests.swift /Users/spkoehl/Projects/VerbaLibera/Condisco/UITests/FirstRunUITests.swift (in target 'CondiscoUITests' from project 'Condisco')

SwiftCompile normal arm64 /Users/spkoehl/Projects/VerbaLibera/Condisco/UITests/FirstRunUITests.swift (in target 'CondiscoUITests' from project 'Condisco')
    cd /Users/spkoehl/Projects/VerbaLibera
    builtin-SwiftPerFileCompile FirstRunUITests.swift

SwiftCompile normal arm64 Compiling\ EngineTests.swift /Users/spkoehl/Projects/VerbaLibera/Condisco/Tests/EngineTests.swift (in target 'CondiscoTests' from project 'Condisco')

SwiftCompile normal arm64 /Users/spkoehl/Projects/VerbaLibera/Condisco/Tests/EngineTests.swift (in target 'CondiscoTests' from project 'Condisco')
    cd /Users/spkoehl/Projects/VerbaLibera
    builtin-SwiftPerFileCompile EngineTests.swift

SwiftDriverJobDiscovery normal arm64 Emitting module for CondiscoUITests (in target 'CondiscoUITests' from project 'Condisco')

SwiftDriver\ Compilation\ Requirements CondiscoUITests normal arm64 com.apple.xcode.tools.swift.compiler (in target 'CondiscoUITests' from project 'Condisco')
    cd /Users/spkoehl/Projects/VerbaLibera
    builtin-Swift-Compilation-Requirements -- /Applications/Xcode.app/Contents/Developer/Toolchains/XcodeDefault.xctoolchain/usr/bin/swiftc -module-name CondiscoUITests -Onone @/var/folders/3w/91hphlzs0rv_1twbkfyhvn6m0000gn/T/condisco-preflight.dyPabj/DerivedData/Build/Intermediates.noindex/Condisco.build/Debug-iphonesimulator/CondiscoUITests.build/Objects-normal/arm64/CondiscoUITests.SwiftFileList -DDEBUG -module-alias Testing\=_Testing_Unavailable -plugin-path /Applications/Xcode.app/Contents/Developer/Toolchains/XcodeDefault.xctoolchain/usr/lib/swift/host/plugins/testing -enable-bare-slash-regex -enable-experimental-feature DebugDescriptionMacro -sdk /Applications/Xcode.app/Contents/Developer/Platforms/iPhoneSimulator.platform/Developer/SDKs/iPhoneSimulator27.0.sdk -target arm64-apple-ios17.0-simulator -g -module-cache-path /var/folders/3w/91hphlzs0rv_1twbkfyhvn6m0000gn/T/condisco-preflight.dyPabj/DerivedData/ModuleCache.noindex -Xfrontend -serialize-debugging-options -enable-testing -index-store-path /var/folders/3w/91hphlzs0rv_1twbkfyhvn6m0000gn/T/condisco-preflight.dyPabj/DerivedData/Index.noindex/DataStore -Xcc -D_LIBCPP_HARDENING_MODE\=_LIBCPP_HARDENING_MODE_DEBUG -swift-version 5 -I /var/folders/3w/91hphlzs0rv_1twbkfyhvn6m0000gn/T/condisco-preflight.dyPabj/DerivedData/Build/Products/Debug-iphonesimulator -Isystem /Applications/Xcode.app/Contents/Developer/Platforms/iPhoneSimulator.platform/Developer/usr/lib -F /var/folders/3w/91hphlzs0rv_1twbkfyhvn6m0000gn/T/condisco-preflight.dyPabj/DerivedData/Build/Products/Debug-iphonesimulator -F /Applications/Xcode.app/Contents/Developer/Platforms/iPhoneSimulator.platform/Developer/Library/Frameworks -F /Applications/Xcode.app/Contents/Developer/Platforms/iPhoneSimulator.platform/Developer/SDKs/iPhoneSimulator27.0.sdk/Developer/Library/Frameworks -parse-as-library -emit-localized-strings -emit-localized-strings-path /var/folders/3w/91hphlzs0rv_1twbkfyhvn6m0000gn/T/condisco-preflight.dyPabj/DerivedData/Build/Intermediates.noindex/Condisco.build/Debug-iphonesimulator/CondiscoUITests.build/Objects-normal/arm64 -c -j6 -enable-batch-mode -incremental -Xcc -ivfsstatcache -Xcc /var/folders/3w/91hphlzs0rv_1twbkfyhvn6m0000gn/T/condisco-preflight.dyPabj/DerivedData/SDKStatCaches.noindex/iphonesimulator27.0-24A430-8dc58220667be655e1bcc261a7455254.sdkstatcache -output-file-map /var/folders/3w/91hphlzs0rv_1twbkfyhvn6m0000gn/T/condisco-preflight.dyPabj/DerivedData/Build/Intermediates.noindex/Condisco.build/Debug-iphonesimulator/CondiscoUITests.build/Objects-normal/arm64/CondiscoUITests-OutputFileMap.json -save-temps -no-color-diagnostics -explicit-module-build -module-cache-path /var/folders/3w/91hphlzs0rv_1twbkfyhvn6m0000gn/T/condisco-preflight.dyPabj/DerivedData/Build/Intermediates.noindex/SwiftExplicitPrecompiledModules -clang-scanner-module-cache-path /var/folders/3w/91hphlzs0rv_1twbkfyhvn6m0000gn/T/condisco-preflight.dyPabj/DerivedData/ModuleCache.noindex -sdk-module-cache-path /var/folders/3w/91hphlzs0rv_1twbkfyhvn6m0000gn/T/condisco-preflight.dyPabj/DerivedData/SDKExplicitPrecompiledModules -emit-dependencies -emit-module -emit-module-path /var/folders/3w/91hphlzs0rv_1twbkfyhvn6m0000gn/T/condisco-preflight.dyPabj/DerivedData/Build/Intermediates.noindex/Condisco.build/Debug-iphonesimulator/CondiscoUITests.build/Objects-normal/arm64/CondiscoUITests.swiftmodule -serialize-diagnostics -dependency-scan-serialize-diagnostics-path /var/folders/3w/91hphlzs0rv_1twbkfyhvn6m0000gn/T/condisco-preflight.dyPabj/DerivedData/Build/Intermediates.noindex/Condisco.build/Debug-iphonesimulator/CondiscoUITests.build/Objects-normal/arm64/CondiscoUITests-dependency-scan.dia -validate-clang-modules-once -clang-build-session-file /var/folders/3w/91hphlzs0rv_1twbkfyhvn6m0000gn/T/condisco-preflight.dyPabj/DerivedData/ModuleCache.noindex/Session.modulevalidation -Xcc -fmodules-prune-interval\=86400 -Xcc -fmodules-prune-after\=345600 -emit-const-values -const-gather-protocols-list /var/folders/3w/91hphlzs0rv_1twbkfyhvn6m0000gn/T/condisco-preflight.dyPabj/DerivedData/Build/Intermediates.noindex/Condisco.build/Debug-iphonesimulator/CondiscoUITests.build/Objects-normal/arm64/CondiscoUITests_const_extract_protocols.json -Xcc -iquote -Xcc /var/folders/3w/91hphlzs0rv_1twbkfyhvn6m0000gn/T/condisco-preflight.dyPabj/DerivedData/Build/Intermediates.noindex/Condisco.build/Debug-iphonesimulator/CondiscoUITests.build/CondiscoUITests-generated-files.hmap -Xcc -I/var/folders/3w/91hphlzs0rv_1twbkfyhvn6m0000gn/T/condisco-preflight.dyPabj/DerivedData/Build/Intermediates.noindex/Condisco.build/Debug-iphonesimulator/CondiscoUITests.build/CondiscoUITests-own-target-headers.hmap -Xcc -I/var/folders/3w/91hphlzs0rv_1twbkfyhvn6m0000gn/T/condisco-preflight.dyPabj/DerivedData/Build/Intermediates.noindex/Condisco.build/Debug-iphonesimulator/CondiscoUITests.build/CondiscoUITests-all-target-headers.hmap -Xcc -iquote -Xcc /var/folders/3w/91hphlzs0rv_1twbkfyhvn6m0000gn/T/condisco-preflight.dyPabj/DerivedData/Build/Intermediates.noindex/Condisco.build/Debug-iphonesimulator/CondiscoUITests.build/CondiscoUITests-project-headers.hmap -Xcc -I/var/folders/3w/91hphlzs0rv_1twbkfyhvn6m0000gn/T/condisco-preflight.dyPabj/DerivedData/Build/Products/Debug-iphonesimulator/include -Xcc -I/var/folders/3w/91hphlzs0rv_1twbkfyhvn6m0000gn/T/condisco-preflight.dyPabj/DerivedData/Build/Intermediates.noindex/Condisco.build/Debug-iphonesimulator/CondiscoUITests.build/DerivedSources-normal/arm64 -Xcc -I/var/folders/3w/91hphlzs0rv_1twbkfyhvn6m0000gn/T/condisco-preflight.dyPabj/DerivedData/Build/Intermediates.noindex/Condisco.build/Debug-iphonesimulator/CondiscoUITests.build/DerivedSources/arm64 -Xcc -I/var/folders/3w/91hphlzs0rv_1twbkfyhvn6m0000gn/T/condisco-preflight.dyPabj/DerivedData/Build/Intermediates.noindex/Condisco.build/Debug-iphonesimulator/CondiscoUITests.build/DerivedSources -Xcc -DDEBUG\=1 -emit-objc-header -emit-objc-header-path /var/folders/3w/91hphlzs0rv_1twbkfyhvn6m0000gn/T/condisco-preflight.dyPabj/DerivedData/Build/Intermediates.noindex/Condisco.build/Debug-iphonesimulator/CondiscoUITests.build/Objects-normal/arm64/CondiscoUITests-Swift.h -working-directory /Users/spkoehl/Projects/VerbaLibera -experimental-emit-module-separately -disable-cmo

SwiftDriverJobDiscovery normal arm64 Emitting module for CondiscoTests (in target 'CondiscoTests' from project 'Condisco')

SwiftDriver\ Compilation\ Requirements CondiscoTests normal arm64 com.apple.xcode.tools.swift.compiler (in target 'CondiscoTests' from project 'Condisco')
    cd /Users/spkoehl/Projects/VerbaLibera
    builtin-Swift-Compilation-Requirements -- /Applications/Xcode.app/Contents/Developer/Toolchains/XcodeDefault.xctoolchain/usr/bin/swiftc -module-name CondiscoTests -Onone @/var/folders/3w/91hphlzs0rv_1twbkfyhvn6m0000gn/T/condisco-preflight.dyPabj/DerivedData/Build/Intermediates.noindex/Condisco.build/Debug-iphonesimulator/CondiscoTests.build/Objects-normal/arm64/CondiscoTests.SwiftFileList -DDEBUG -plugin-path /Applications/Xcode.app/Contents/Developer/Toolchains/XcodeDefault.xctoolchain/usr/lib/swift/host/plugins/testing -enable-bare-slash-regex -enable-experimental-feature DebugDescriptionMacro -sdk /Applications/Xcode.app/Contents/Developer/Platforms/iPhoneSimulator.platform/Developer/SDKs/iPhoneSimulator27.0.sdk -target arm64-apple-ios17.0-simulator -g -module-cache-path /var/folders/3w/91hphlzs0rv_1twbkfyhvn6m0000gn/T/condisco-preflight.dyPabj/DerivedData/ModuleCache.noindex -Xfrontend -serialize-debugging-options -enable-testing -index-store-path /var/folders/3w/91hphlzs0rv_1twbkfyhvn6m0000gn/T/condisco-preflight.dyPabj/DerivedData/Index.noindex/DataStore -Xcc -D_LIBCPP_HARDENING_MODE\=_LIBCPP_HARDENING_MODE_DEBUG -swift-version 5 -I /var/folders/3w/91hphlzs0rv_1twbkfyhvn6m0000gn/T/condisco-preflight.dyPabj/DerivedData/Build/Products/Debug-iphonesimulator -Isystem /Applications/Xcode.app/Contents/Developer/Platforms/iPhoneSimulator.platform/Developer/usr/lib -F /var/folders/3w/91hphlzs0rv_1twbkfyhvn6m0000gn/T/condisco-preflight.dyPabj/DerivedData/Build/Products/Debug-iphonesimulator -F /Applications/Xcode.app/Contents/Developer/Platforms/iPhoneSimulator.platform/Developer/Library/Frameworks -F /Applications/Xcode.app/Contents/Developer/Platforms/iPhoneSimulator.platform/Developer/SDKs/iPhoneSimulator27.0.sdk/Developer/Library/Frameworks -emit-localized-strings -emit-localized-strings-path /var/folders/3w/91hphlzs0rv_1twbkfyhvn6m0000gn/T/condisco-preflight.dyPabj/DerivedData/Build/Intermediates.noindex/Condisco.build/Debug-iphonesimulator/CondiscoTests.build/Objects-normal/arm64 -c -j6 -enable-batch-mode -incremental -Xcc -ivfsstatcache -Xcc /var/folders/3w/91hphlzs0rv_1twbkfyhvn6m0000gn/T/condisco-preflight.dyPabj/DerivedData/SDKStatCaches.noindex/iphonesimulator27.0-24A430-8dc58220667be655e1bcc261a7455254.sdkstatcache -output-file-map /var/folders/3w/91hphlzs0rv_1twbkfyhvn6m0000gn/T/condisco-preflight.dyPabj/DerivedData/Build/Intermediates.noindex/Condisco.build/Debug-iphonesimulator/CondiscoTests.build/Objects-normal/arm64/CondiscoTests-OutputFileMap.json -save-temps -no-color-diagnostics -explicit-module-build -module-cache-path /var/folders/3w/91hphlzs0rv_1twbkfyhvn6m0000gn/T/condisco-preflight.dyPabj/DerivedData/Build/Intermediates.noindex/SwiftExplicitPrecompiledModules -clang-scanner-module-cache-path /var/folders/3w/91hphlzs0rv_1twbkfyhvn6m0000gn/T/condisco-preflight.dyPabj/DerivedData/ModuleCache.noindex -sdk-module-cache-path /var/folders/3w/91hphlzs0rv_1twbkfyhvn6m0000gn/T/condisco-preflight.dyPabj/DerivedData/SDKExplicitPrecompiledModules -emit-dependencies -emit-module -emit-module-path /var/folders/3w/91hphlzs0rv_1twbkfyhvn6m0000gn/T/condisco-preflight.dyPabj/DerivedData/Build/Intermediates.noindex/Condisco.build/Debug-iphonesimulator/CondiscoTests.build/Objects-normal/arm64/CondiscoTests.swiftmodule -serialize-diagnostics -dependency-scan-serialize-diagnostics-path /var/folders/3w/91hphlzs0rv_1twbkfyhvn6m0000gn/T/condisco-preflight.dyPabj/DerivedData/Build/Intermediates.noindex/Condisco.build/Debug-iphonesimulator/CondiscoTests.build/Objects-normal/arm64/CondiscoTests-dependency-scan.dia -validate-clang-modules-once -clang-build-session-file /var/folders/3w/91hphlzs0rv_1twbkfyhvn6m0000gn/T/condisco-preflight.dyPabj/DerivedData/ModuleCache.noindex/Session.modulevalidation -Xcc -fmodules-prune-interval\=86400 -Xcc -fmodules-prune-after\=345600 -emit-const-values -const-gather-protocols-list /var/folders/3w/91hphlzs0rv_1twbkfyhvn6m0000gn/T/condisco-preflight.dyPabj/DerivedData/Build/Intermediates.noindex/Condisco.build/Debug-iphonesimulator/CondiscoTests.build/Objects-normal/arm64/CondiscoTests_const_extract_protocols.json -Xcc -iquote -Xcc /var/folders/3w/91hphlzs0rv_1twbkfyhvn6m0000gn/T/condisco-preflight.dyPabj/DerivedData/Build/Intermediates.noindex/Condisco.build/Debug-iphonesimulator/CondiscoTests.build/CondiscoTests-generated-files.hmap -Xcc -I/var/folders/3w/91hphlzs0rv_1twbkfyhvn6m0000gn/T/condisco-preflight.dyPabj/DerivedData/Build/Intermediates.noindex/Condisco.build/Debug-iphonesimulator/CondiscoTests.build/CondiscoTests-own-target-headers.hmap -Xcc -I/var/folders/3w/91hphlzs0rv_1twbkfyhvn6m0000gn/T/condisco-preflight.dyPabj/DerivedData/Build/Intermediates.noindex/Condisco.build/Debug-iphonesimulator/CondiscoTests.build/CondiscoTests-all-target-headers.hmap -Xcc -iquote -Xcc /var/folders/3w/91hphlzs0rv_1twbkfyhvn6m0000gn/T/condisco-preflight.dyPabj/DerivedData/Build/Intermediates.noindex/Condisco.build/Debug-iphonesimulator/CondiscoTests.build/CondiscoTests-project-headers.hmap -Xcc -I/var/folders/3w/91hphlzs0rv_1twbkfyhvn6m0000gn/T/condisco-preflight.dyPabj/DerivedData/Build/Products/Debug-iphonesimulator/include -Xcc -I/var/folders/3w/91hphlzs0rv_1twbkfyhvn6m0000gn/T/condisco-preflight.dyPabj/DerivedData/Build/Intermediates.noindex/Condisco.build/Debug-iphonesimulator/CondiscoTests.build/DerivedSources-normal/arm64 -Xcc -I/var/folders/3w/91hphlzs0rv_1twbkfyhvn6m0000gn/T/condisco-preflight.dyPabj/DerivedData/Build/Intermediates.noindex/Condisco.build/Debug-iphonesimulator/CondiscoTests.build/DerivedSources/arm64 -Xcc -I/var/folders/3w/91hphlzs0rv_1twbkfyhvn6m0000gn/T/condisco-preflight.dyPabj/DerivedData/Build/Intermediates.noindex/Condisco.build/Debug-iphonesimulator/CondiscoTests.build/DerivedSources -Xcc -DDEBUG\=1 -emit-objc-header -emit-objc-header-path /var/folders/3w/91hphlzs0rv_1twbkfyhvn6m0000gn/T/condisco-preflight.dyPabj/DerivedData/Build/Intermediates.noindex/Condisco.build/Debug-iphonesimulator/CondiscoTests.build/Objects-normal/arm64/CondiscoTests-Swift.h -working-directory /Users/spkoehl/Projects/VerbaLibera -experimental-emit-module-separately -disable-cmo

SwiftMergeGeneratedHeaders /var/folders/3w/91hphlzs0rv_1twbkfyhvn6m0000gn/T/condisco-preflight.dyPabj/DerivedData/Build/Intermediates.noindex/Condisco.build/Debug-iphonesimulator/CondiscoUITests.build/DerivedSources/CondiscoUITests-Swift.h /var/folders/3w/91hphlzs0rv_1twbkfyhvn6m0000gn/T/condisco-preflight.dyPabj/DerivedData/Build/Intermediates.noindex/Condisco.build/Debug-iphonesimulator/CondiscoUITests.build/Objects-normal/arm64/CondiscoUITests-Swift.h (in target 'CondiscoUITests' from project 'Condisco')
    cd /Users/spkoehl/Projects/VerbaLibera
    builtin-swiftHeaderTool -arch arm64 /var/folders/3w/91hphlzs0rv_1twbkfyhvn6m0000gn/T/condisco-preflight.dyPabj/DerivedData/Build/Intermediates.noindex/Condisco.build/Debug-iphonesimulator/CondiscoUITests.build/Objects-normal/arm64/CondiscoUITests-Swift.h -o /var/folders/3w/91hphlzs0rv_1twbkfyhvn6m0000gn/T/condisco-preflight.dyPabj/DerivedData/Build/Intermediates.noindex/Condisco.build/Debug-iphonesimulator/CondiscoUITests.build/DerivedSources/CondiscoUITests-Swift.h

Copy /var/folders/3w/91hphlzs0rv_1twbkfyhvn6m0000gn/T/condisco-preflight.dyPabj/DerivedData/Build/Products/Debug-iphonesimulator/CondiscoUITests.swiftmodule/arm64-apple-ios-simulator.swiftmodule /var/folders/3w/91hphlzs0rv_1twbkfyhvn6m0000gn/T/condisco-preflight.dyPabj/DerivedData/Build/Intermediates.noindex/Condisco.build/Debug-iphonesimulator/CondiscoUITests.build/Objects-normal/arm64/CondiscoUITests.swiftmodule (in target 'CondiscoUITests' from project 'Condisco')
    cd /Users/spkoehl/Projects/VerbaLibera
    builtin-copy -exclude .DS_Store -exclude CVS -exclude .svn -exclude .git -exclude .hg -resolve-src-symlinks -rename /var/folders/3w/91hphlzs0rv_1twbkfyhvn6m0000gn/T/condisco-preflight.dyPabj/DerivedData/Build/Intermediates.noindex/Condisco.build/Debug-iphonesimulator/CondiscoUITests.build/Objects-normal/arm64/CondiscoUITests.swiftmodule /var/folders/3w/91hphlzs0rv_1twbkfyhvn6m0000gn/T/condisco-preflight.dyPabj/DerivedData/Build/Products/Debug-iphonesimulator/CondiscoUITests.swiftmodule/arm64-apple-ios-simulator.swiftmodule

Copy /var/folders/3w/91hphlzs0rv_1twbkfyhvn6m0000gn/T/condisco-preflight.dyPabj/DerivedData/Build/Products/Debug-iphonesimulator/CondiscoUITests.swiftmodule/arm64-apple-ios-simulator.swiftdoc /var/folders/3w/91hphlzs0rv_1twbkfyhvn6m0000gn/T/condisco-preflight.dyPabj/DerivedData/Build/Intermediates.noindex/Condisco.build/Debug-iphonesimulator/CondiscoUITests.build/Objects-normal/arm64/CondiscoUITests.swiftdoc (in target 'CondiscoUITests' from project 'Condisco')
    cd /Users/spkoehl/Projects/VerbaLibera
    builtin-copy -exclude .DS_Store -exclude CVS -exclude .svn -exclude .git -exclude .hg -resolve-src-symlinks -rename /var/folders/3w/91hphlzs0rv_1twbkfyhvn6m0000gn/T/condisco-preflight.dyPabj/DerivedData/Build/Intermediates.noindex/Condisco.build/Debug-iphonesimulator/CondiscoUITests.build/Objects-normal/arm64/CondiscoUITests.swiftdoc /var/folders/3w/91hphlzs0rv_1twbkfyhvn6m0000gn/T/condisco-preflight.dyPabj/DerivedData/Build/Products/Debug-iphonesimulator/CondiscoUITests.swiftmodule/arm64-apple-ios-simulator.swiftdoc

Copy /var/folders/3w/91hphlzs0rv_1twbkfyhvn6m0000gn/T/condisco-preflight.dyPabj/DerivedData/Build/Products/Debug-iphonesimulator/CondiscoUITests.swiftmodule/arm64-apple-ios-simulator.abi.json /var/folders/3w/91hphlzs0rv_1twbkfyhvn6m0000gn/T/condisco-preflight.dyPabj/DerivedData/Build/Intermediates.noindex/Condisco.build/Debug-iphonesimulator/CondiscoUITests.build/Objects-normal/arm64/CondiscoUITests.abi.json (in target 'CondiscoUITests' from project 'Condisco')
    cd /Users/spkoehl/Projects/VerbaLibera
    builtin-copy -exclude .DS_Store -exclude CVS -exclude .svn -exclude .git -exclude .hg -resolve-src-symlinks -rename /var/folders/3w/91hphlzs0rv_1twbkfyhvn6m0000gn/T/condisco-preflight.dyPabj/DerivedData/Build/Intermediates.noindex/Condisco.build/Debug-iphonesimulator/CondiscoUITests.build/Objects-normal/arm64/CondiscoUITests.abi.json /var/folders/3w/91hphlzs0rv_1twbkfyhvn6m0000gn/T/condisco-preflight.dyPabj/DerivedData/Build/Products/Debug-iphonesimulator/CondiscoUITests.swiftmodule/arm64-apple-ios-simulator.abi.json

Copy /var/folders/3w/91hphlzs0rv_1twbkfyhvn6m0000gn/T/condisco-preflight.dyPabj/DerivedData/Build/Products/Debug-iphonesimulator/CondiscoUITests.swiftmodule/Project/arm64-apple-ios-simulator.swiftsourceinfo /var/folders/3w/91hphlzs0rv_1twbkfyhvn6m0000gn/T/condisco-preflight.dyPabj/DerivedData/Build/Intermediates.noindex/Condisco.build/Debug-iphonesimulator/CondiscoUITests.build/Objects-normal/arm64/CondiscoUITests.swiftsourceinfo (in target 'CondiscoUITests' from project 'Condisco')
    cd /Users/spkoehl/Projects/VerbaLibera
    builtin-copy -exclude .DS_Store -exclude CVS -exclude .svn -exclude .git -exclude .hg -resolve-src-symlinks -rename /var/folders/3w/91hphlzs0rv_1twbkfyhvn6m0000gn/T/condisco-preflight.dyPabj/DerivedData/Build/Intermediates.noindex/Condisco.build/Debug-iphonesimulator/CondiscoUITests.build/Objects-normal/arm64/CondiscoUITests.swiftsourceinfo /var/folders/3w/91hphlzs0rv_1twbkfyhvn6m0000gn/T/condisco-preflight.dyPabj/DerivedData/Build/Products/Debug-iphonesimulator/CondiscoUITests.swiftmodule/Project/arm64-apple-ios-simulator.swiftsourceinfo

SwiftMergeGeneratedHeaders /var/folders/3w/91hphlzs0rv_1twbkfyhvn6m0000gn/T/condisco-preflight.dyPabj/DerivedData/Build/Intermediates.noindex/Condisco.build/Debug-iphonesimulator/CondiscoTests.build/DerivedSources/CondiscoTests-Swift.h /var/folders/3w/91hphlzs0rv_1twbkfyhvn6m0000gn/T/condisco-preflight.dyPabj/DerivedData/Build/Intermediates.noindex/Condisco.build/Debug-iphonesimulator/CondiscoTests.build/Objects-normal/arm64/CondiscoTests-Swift.h (in target 'CondiscoTests' from project 'Condisco')
    cd /Users/spkoehl/Projects/VerbaLibera
    builtin-swiftHeaderTool -arch arm64 /var/folders/3w/91hphlzs0rv_1twbkfyhvn6m0000gn/T/condisco-preflight.dyPabj/DerivedData/Build/Intermediates.noindex/Condisco.build/Debug-iphonesimulator/CondiscoTests.build/Objects-normal/arm64/CondiscoTests-Swift.h -o /var/folders/3w/91hphlzs0rv_1twbkfyhvn6m0000gn/T/condisco-preflight.dyPabj/DerivedData/Build/Intermediates.noindex/Condisco.build/Debug-iphonesimulator/CondiscoTests.build/DerivedSources/CondiscoTests-Swift.h

Copy /var/folders/3w/91hphlzs0rv_1twbkfyhvn6m0000gn/T/condisco-preflight.dyPabj/DerivedData/Build/Products/Debug-iphonesimulator/CondiscoTests.swiftmodule/arm64-apple-ios-simulator.swiftmodule /var/folders/3w/91hphlzs0rv_1twbkfyhvn6m0000gn/T/condisco-preflight.dyPabj/DerivedData/Build/Intermediates.noindex/Condisco.build/Debug-iphonesimulator/CondiscoTests.build/Objects-normal/arm64/CondiscoTests.swiftmodule (in target 'CondiscoTests' from project 'Condisco')
    cd /Users/spkoehl/Projects/VerbaLibera
    builtin-copy -exclude .DS_Store -exclude CVS -exclude .svn -exclude .git -exclude .hg -resolve-src-symlinks -rename /var/folders/3w/91hphlzs0rv_1twbkfyhvn6m0000gn/T/condisco-preflight.dyPabj/DerivedData/Build/Intermediates.noindex/Condisco.build/Debug-iphonesimulator/CondiscoTests.build/Objects-normal/arm64/CondiscoTests.swiftmodule /var/folders/3w/91hphlzs0rv_1twbkfyhvn6m0000gn/T/condisco-preflight.dyPabj/DerivedData/Build/Products/Debug-iphonesimulator/CondiscoTests.swiftmodule/arm64-apple-ios-simulator.swiftmodule

Copy /var/folders/3w/91hphlzs0rv_1twbkfyhvn6m0000gn/T/condisco-preflight.dyPabj/DerivedData/Build/Products/Debug-iphonesimulator/CondiscoTests.swiftmodule/arm64-apple-ios-simulator.swiftdoc /var/folders/3w/91hphlzs0rv_1twbkfyhvn6m0000gn/T/condisco-preflight.dyPabj/DerivedData/Build/Intermediates.noindex/Condisco.build/Debug-iphonesimulator/CondiscoTests.build/Objects-normal/arm64/CondiscoTests.swiftdoc (in target 'CondiscoTests' from project 'Condisco')
    cd /Users/spkoehl/Projects/VerbaLibera
    builtin-copy -exclude .DS_Store -exclude CVS -exclude .svn -exclude .git -exclude .hg -resolve-src-symlinks -rename /var/folders/3w/91hphlzs0rv_1twbkfyhvn6m0000gn/T/condisco-preflight.dyPabj/DerivedData/Build/Intermediates.noindex/Condisco.build/Debug-iphonesimulator/CondiscoTests.build/Objects-normal/arm64/CondiscoTests.swiftdoc /var/folders/3w/91hphlzs0rv_1twbkfyhvn6m0000gn/T/condisco-preflight.dyPabj/DerivedData/Build/Products/Debug-iphonesimulator/CondiscoTests.swiftmodule/arm64-apple-ios-simulator.swiftdoc

Copy /var/folders/3w/91hphlzs0rv_1twbkfyhvn6m0000gn/T/condisco-preflight.dyPabj/DerivedData/Build/Products/Debug-iphonesimulator/CondiscoTests.swiftmodule/arm64-apple-ios-simulator.abi.json /var/folders/3w/91hphlzs0rv_1twbkfyhvn6m0000gn/T/condisco-preflight.dyPabj/DerivedData/Build/Intermediates.noindex/Condisco.build/Debug-iphonesimulator/CondiscoTests.build/Objects-normal/arm64/CondiscoTests.abi.json (in target 'CondiscoTests' from project 'Condisco')
    cd /Users/spkoehl/Projects/VerbaLibera
    builtin-copy -exclude .DS_Store -exclude CVS -exclude .svn -exclude .git -exclude .hg -resolve-src-symlinks -rename /var/folders/3w/91hphlzs0rv_1twbkfyhvn6m0000gn/T/condisco-preflight.dyPabj/DerivedData/Build/Intermediates.noindex/Condisco.build/Debug-iphonesimulator/CondiscoTests.build/Objects-normal/arm64/CondiscoTests.abi.json /var/folders/3w/91hphlzs0rv_1twbkfyhvn6m0000gn/T/condisco-preflight.dyPabj/DerivedData/Build/Products/Debug-iphonesimulator/CondiscoTests.swiftmodule/arm64-apple-ios-simulator.abi.json

Copy /var/folders/3w/91hphlzs0rv_1twbkfyhvn6m0000gn/T/condisco-preflight.dyPabj/DerivedData/Build/Products/Debug-iphonesimulator/CondiscoTests.swiftmodule/Project/arm64-apple-ios-simulator.swiftsourceinfo /var/folders/3w/91hphlzs0rv_1twbkfyhvn6m0000gn/T/condisco-preflight.dyPabj/DerivedData/Build/Intermediates.noindex/Condisco.build/Debug-iphonesimulator/CondiscoTests.build/Objects-normal/arm64/CondiscoTests.swiftsourceinfo (in target 'CondiscoTests' from project 'Condisco')
    cd /Users/spkoehl/Projects/VerbaLibera
    builtin-copy -exclude .DS_Store -exclude CVS -exclude .svn -exclude .git -exclude .hg -resolve-src-symlinks -rename /var/folders/3w/91hphlzs0rv_1twbkfyhvn6m0000gn/T/condisco-preflight.dyPabj/DerivedData/Build/Intermediates.noindex/Condisco.build/Debug-iphonesimulator/CondiscoTests.build/Objects-normal/arm64/CondiscoTests.swiftsourceinfo /var/folders/3w/91hphlzs0rv_1twbkfyhvn6m0000gn/T/condisco-preflight.dyPabj/DerivedData/Build/Products/Debug-iphonesimulator/CondiscoTests.swiftmodule/Project/arm64-apple-ios-simulator.swiftsourceinfo

SwiftCompile normal arm64 Compiling\ PlacementTests.swift /Users/spkoehl/Projects/VerbaLibera/Condisco/Tests/PlacementTests.swift (in target 'CondiscoTests' from project 'Condisco')

SwiftCompile normal arm64 /Users/spkoehl/Projects/VerbaLibera/Condisco/Tests/PlacementTests.swift (in target 'CondiscoTests' from project 'Condisco')
    cd /Users/spkoehl/Projects/VerbaLibera
    builtin-SwiftPerFileCompile PlacementTests.swift

SwiftCompile normal arm64 Compiling\ StoreTests.swift /Users/spkoehl/Projects/VerbaLibera/Condisco/Tests/StoreTests.swift (in target 'CondiscoTests' from project 'Condisco')

SwiftCompile normal arm64 /Users/spkoehl/Projects/VerbaLibera/Condisco/Tests/StoreTests.swift (in target 'CondiscoTests' from project 'Condisco')
    cd /Users/spkoehl/Projects/VerbaLibera
    builtin-SwiftPerFileCompile StoreTests.swift

SwiftDriverJobDiscovery normal arm64 Compiling FirstRunUITests.swift (in target 'CondiscoUITests' from project 'Condisco')

SwiftDriver\ Compilation CondiscoUITests normal arm64 com.apple.xcode.tools.swift.compiler (in target 'CondiscoUITests' from project 'Condisco')
    cd /Users/spkoehl/Projects/VerbaLibera
    builtin-Swift-Compilation -- /Applications/Xcode.app/Contents/Developer/Toolchains/XcodeDefault.xctoolchain/usr/bin/swiftc -module-name CondiscoUITests -Onone @/var/folders/3w/91hphlzs0rv_1twbkfyhvn6m0000gn/T/condisco-preflight.dyPabj/DerivedData/Build/Intermediates.noindex/Condisco.build/Debug-iphonesimulator/CondiscoUITests.build/Objects-normal/arm64/CondiscoUITests.SwiftFileList -DDEBUG -module-alias Testing\=_Testing_Unavailable -plugin-path /Applications/Xcode.app/Contents/Developer/Toolchains/XcodeDefault.xctoolchain/usr/lib/swift/host/plugins/testing -enable-bare-slash-regex -enable-experimental-feature DebugDescriptionMacro -sdk /Applications/Xcode.app/Contents/Developer/Platforms/iPhoneSimulator.platform/Developer/SDKs/iPhoneSimulator27.0.sdk -target arm64-apple-ios17.0-simulator -g -module-cache-path /var/folders/3w/91hphlzs0rv_1twbkfyhvn6m0000gn/T/condisco-preflight.dyPabj/DerivedData/ModuleCache.noindex -Xfrontend -serialize-debugging-options -enable-testing -index-store-path /var/folders/3w/91hphlzs0rv_1twbkfyhvn6m0000gn/T/condisco-preflight.dyPabj/DerivedData/Index.noindex/DataStore -Xcc -D_LIBCPP_HARDENING_MODE\=_LIBCPP_HARDENING_MODE_DEBUG -swift-version 5 -I /var/folders/3w/91hphlzs0rv_1twbkfyhvn6m0000gn/T/condisco-preflight.dyPabj/DerivedData/Build/Products/Debug-iphonesimulator -Isystem /Applications/Xcode.app/Contents/Developer/Platforms/iPhoneSimulator.platform/Developer/usr/lib -F /var/folders/3w/91hphlzs0rv_1twbkfyhvn6m0000gn/T/condisco-preflight.dyPabj/DerivedData/Build/Products/Debug-iphonesimulator -F /Applications/Xcode.app/Contents/Developer/Platforms/iPhoneSimulator.platform/Developer/Library/Frameworks -F /Applications/Xcode.app/Contents/Developer/Platforms/iPhoneSimulator.platform/Developer/SDKs/iPhoneSimulator27.0.sdk/Developer/Library/Frameworks -parse-as-library -emit-localized-strings -emit-localized-strings-path /var/folders/3w/91hphlzs0rv_1twbkfyhvn6m0000gn/T/condisco-preflight.dyPabj/DerivedData/Build/Intermediates.noindex/Condisco.build/Debug-iphonesimulator/CondiscoUITests.build/Objects-normal/arm64 -c -j6 -enable-batch-mode -incremental -Xcc -ivfsstatcache -Xcc /var/folders/3w/91hphlzs0rv_1twbkfyhvn6m0000gn/T/condisco-preflight.dyPabj/DerivedData/SDKStatCaches.noindex/iphonesimulator27.0-24A430-8dc58220667be655e1bcc261a7455254.sdkstatcache -output-file-map /var/folders/3w/91hphlzs0rv_1twbkfyhvn6m0000gn/T/condisco-preflight.dyPabj/DerivedData/Build/Intermediates.noindex/Condisco.build/Debug-iphonesimulator/CondiscoUITests.build/Objects-normal/arm64/CondiscoUITests-OutputFileMap.json -save-temps -no-color-diagnostics -explicit-module-build -module-cache-path /var/folders/3w/91hphlzs0rv_1twbkfyhvn6m0000gn/T/condisco-preflight.dyPabj/DerivedData/Build/Intermediates.noindex/SwiftExplicitPrecompiledModules -clang-scanner-module-cache-path /var/folders/3w/91hphlzs0rv_1twbkfyhvn6m0000gn/T/condisco-preflight.dyPabj/DerivedData/ModuleCache.noindex -sdk-module-cache-path /var/folders/3w/91hphlzs0rv_1twbkfyhvn6m0000gn/T/condisco-preflight.dyPabj/DerivedData/SDKExplicitPrecompiledModules -emit-dependencies -emit-module -emit-module-path /var/folders/3w/91hphlzs0rv_1twbkfyhvn6m0000gn/T/condisco-preflight.dyPabj/DerivedData/Build/Intermediates.noindex/Condisco.build/Debug-iphonesimulator/CondiscoUITests.build/Objects-normal/arm64/CondiscoUITests.swiftmodule -serialize-diagnostics -dependency-scan-serialize-diagnostics-path /var/folders/3w/91hphlzs0rv_1twbkfyhvn6m0000gn/T/condisco-preflight.dyPabj/DerivedData/Build/Intermediates.noindex/Condisco.build/Debug-iphonesimulator/CondiscoUITests.build/Objects-normal/arm64/CondiscoUITests-dependency-scan.dia -validate-clang-modules-once -clang-build-session-file /var/folders/3w/91hphlzs0rv_1twbkfyhvn6m0000gn/T/condisco-preflight.dyPabj/DerivedData/ModuleCache.noindex/Session.modulevalidation -Xcc -fmodules-prune-interval\=86400 -Xcc -fmodules-prune-after\=345600 -emit-const-values -const-gather-protocols-list /var/folders/3w/91hphlzs0rv_1twbkfyhvn6m0000gn/T/condisco-preflight.dyPabj/DerivedData/Build/Intermediates.noindex/Condisco.build/Debug-iphonesimulator/CondiscoUITests.build/Objects-normal/arm64/CondiscoUITests_const_extract_protocols.json -Xcc -iquote -Xcc /var/folders/3w/91hphlzs0rv_1twbkfyhvn6m0000gn/T/condisco-preflight.dyPabj/DerivedData/Build/Intermediates.noindex/Condisco.build/Debug-iphonesimulator/CondiscoUITests.build/CondiscoUITests-generated-files.hmap -Xcc -I/var/folders/3w/91hphlzs0rv_1twbkfyhvn6m0000gn/T/condisco-preflight.dyPabj/DerivedData/Build/Intermediates.noindex/Condisco.build/Debug-iphonesimulator/CondiscoUITests.build/CondiscoUITests-own-target-headers.hmap -Xcc -I/var/folders/3w/91hphlzs0rv_1twbkfyhvn6m0000gn/T/condisco-preflight.dyPabj/DerivedData/Build/Intermediates.noindex/Condisco.build/Debug-iphonesimulator/CondiscoUITests.build/CondiscoUITests-all-target-headers.hmap -Xcc -iquote -Xcc /var/folders/3w/91hphlzs0rv_1twbkfyhvn6m0000gn/T/condisco-preflight.dyPabj/DerivedData/Build/Intermediates.noindex/Condisco.build/Debug-iphonesimulator/CondiscoUITests.build/CondiscoUITests-project-headers.hmap -Xcc -I/var/folders/3w/91hphlzs0rv_1twbkfyhvn6m0000gn/T/condisco-preflight.dyPabj/DerivedData/Build/Products/Debug-iphonesimulator/include -Xcc -I/var/folders/3w/91hphlzs0rv_1twbkfyhvn6m0000gn/T/condisco-preflight.dyPabj/DerivedData/Build/Intermediates.noindex/Condisco.build/Debug-iphonesimulator/CondiscoUITests.build/DerivedSources-normal/arm64 -Xcc -I/var/folders/3w/91hphlzs0rv_1twbkfyhvn6m0000gn/T/condisco-preflight.dyPabj/DerivedData/Build/Intermediates.noindex/Condisco.build/Debug-iphonesimulator/CondiscoUITests.build/DerivedSources/arm64 -Xcc -I/var/folders/3w/91hphlzs0rv_1twbkfyhvn6m0000gn/T/condisco-preflight.dyPabj/DerivedData/Build/Intermediates.noindex/Condisco.build/Debug-iphonesimulator/CondiscoUITests.build/DerivedSources -Xcc -DDEBUG\=1 -emit-objc-header -emit-objc-header-path /var/folders/3w/91hphlzs0rv_1twbkfyhvn6m0000gn/T/condisco-preflight.dyPabj/DerivedData/Build/Intermediates.noindex/Condisco.build/Debug-iphonesimulator/CondiscoUITests.build/Objects-normal/arm64/CondiscoUITests-Swift.h -working-directory /Users/spkoehl/Projects/VerbaLibera -experimental-emit-module-separately -disable-cmo

SwiftDriverJobDiscovery normal arm64 Compiling PlacementTests.swift (in target 'CondiscoTests' from project 'Condisco')

SwiftDriverJobDiscovery normal arm64 Compiling EmptyStateArt.swift, AppleSignIn.swift, CloudKitSync.swift, YouModel.swift, YouView.swift, Support.swift, PhraseCard.swift, ShadowMode.swift, Phrasebook.swift (in target 'Condisco' from project 'Condisco')

SwiftDriverJobDiscovery normal arm64 Compiling InteractiveViews.swift, StimulusViews.swift, LessonPlayerView.swift, Welcome.swift, PlacementTest.swift, LessonCoachMarks.swift, VocabularyBrowser.swift, VoiceRecorder.swift, VoiceSettings.swift (in target 'Condisco' from project 'Condisco')

SwiftDriverJobDiscovery normal arm64 Compiling EngineTests.swift (in target 'CondiscoTests' from project 'Condisco')

SwiftDriverJobDiscovery normal arm64 Compiling StoreTests.swift (in target 'CondiscoTests' from project 'Condisco')

SwiftDriver\ Compilation CondiscoTests normal arm64 com.apple.xcode.tools.swift.compiler (in target 'CondiscoTests' from project 'Condisco')
    cd /Users/spkoehl/Projects/VerbaLibera
    builtin-Swift-Compilation -- /Applications/Xcode.app/Contents/Developer/Toolchains/XcodeDefault.xctoolchain/usr/bin/swiftc -module-name CondiscoTests -Onone @/var/folders/3w/91hphlzs0rv_1twbkfyhvn6m0000gn/T/condisco-preflight.dyPabj/DerivedData/Build/Intermediates.noindex/Condisco.build/Debug-iphonesimulator/CondiscoTests.build/Objects-normal/arm64/CondiscoTests.SwiftFileList -DDEBUG -plugin-path /Applications/Xcode.app/Contents/Developer/Toolchains/XcodeDefault.xctoolchain/usr/lib/swift/host/plugins/testing -enable-bare-slash-regex -enable-experimental-feature DebugDescriptionMacro -sdk /Applications/Xcode.app/Contents/Developer/Platforms/iPhoneSimulator.platform/Developer/SDKs/iPhoneSimulator27.0.sdk -target arm64-apple-ios17.0-simulator -g -module-cache-path /var/folders/3w/91hphlzs0rv_1twbkfyhvn6m0000gn/T/condisco-preflight.dyPabj/DerivedData/ModuleCache.noindex -Xfrontend -serialize-debugging-options -enable-testing -index-store-path /var/folders/3w/91hphlzs0rv_1twbkfyhvn6m0000gn/T/condisco-preflight.dyPabj/DerivedData/Index.noindex/DataStore -Xcc -D_LIBCPP_HARDENING_MODE\=_LIBCPP_HARDENING_MODE_DEBUG -swift-version 5 -I /var/folders/3w/91hphlzs0rv_1twbkfyhvn6m0000gn/T/condisco-preflight.dyPabj/DerivedData/Build/Products/Debug-iphonesimulator -Isystem /Applications/Xcode.app/Contents/Developer/Platforms/iPhoneSimulator.platform/Developer/usr/lib -F /var/folders/3w/91hphlzs0rv_1twbkfyhvn6m0000gn/T/condisco-preflight.dyPabj/DerivedData/Build/Products/Debug-iphonesimulator -F /Applications/Xcode.app/Contents/Developer/Platforms/iPhoneSimulator.platform/Developer/Library/Frameworks -F /Applications/Xcode.app/Contents/Developer/Platforms/iPhoneSimulator.platform/Developer/SDKs/iPhoneSimulator27.0.sdk/Developer/Library/Frameworks -emit-localized-strings -emit-localized-strings-path /var/folders/3w/91hphlzs0rv_1twbkfyhvn6m0000gn/T/condisco-preflight.dyPabj/DerivedData/Build/Intermediates.noindex/Condisco.build/Debug-iphonesimulator/CondiscoTests.build/Objects-normal/arm64 -c -j6 -enable-batch-mode -incremental -Xcc -ivfsstatcache -Xcc /var/folders/3w/91hphlzs0rv_1twbkfyhvn6m0000gn/T/condisco-preflight.dyPabj/DerivedData/SDKStatCaches.noindex/iphonesimulator27.0-24A430-8dc58220667be655e1bcc261a7455254.sdkstatcache -output-file-map /var/folders/3w/91hphlzs0rv_1twbkfyhvn6m0000gn/T/condisco-preflight.dyPabj/DerivedData/Build/Intermediates.noindex/Condisco.build/Debug-iphonesimulator/CondiscoTests.build/Objects-normal/arm64/CondiscoTests-OutputFileMap.json -save-temps -no-color-diagnostics -explicit-module-build -module-cache-path /var/folders/3w/91hphlzs0rv_1twbkfyhvn6m0000gn/T/condisco-preflight.dyPabj/DerivedData/Build/Intermediates.noindex/SwiftExplicitPrecompiledModules -clang-scanner-module-cache-path /var/folders/3w/91hphlzs0rv_1twbkfyhvn6m0000gn/T/condisco-preflight.dyPabj/DerivedData/ModuleCache.noindex -sdk-module-cache-path /var/folders/3w/91hphlzs0rv_1twbkfyhvn6m0000gn/T/condisco-preflight.dyPabj/DerivedData/SDKExplicitPrecompiledModules -emit-dependencies -emit-module -emit-module-path /var/folders/3w/91hphlzs0rv_1twbkfyhvn6m0000gn/T/condisco-preflight.dyPabj/DerivedData/Build/Intermediates.noindex/Condisco.build/Debug-iphonesimulator/CondiscoTests.build/Objects-normal/arm64/CondiscoTests.swiftmodule -serialize-diagnostics -dependency-scan-serialize-diagnostics-path /var/folders/3w/91hphlzs0rv_1twbkfyhvn6m0000gn/T/condisco-preflight.dyPabj/DerivedData/Build/Intermediates.noindex/Condisco.build/Debug-iphonesimulator/CondiscoTests.build/Objects-normal/arm64/CondiscoTests-dependency-scan.dia -validate-clang-modules-once -clang-build-session-file /var/folders/3w/91hphlzs0rv_1twbkfyhvn6m0000gn/T/condisco-preflight.dyPabj/DerivedData/ModuleCache.noindex/Session.modulevalidation -Xcc -fmodules-prune-interval\=86400 -Xcc -fmodules-prune-after\=345600 -emit-const-values -const-gather-protocols-list /var/folders/3w/91hphlzs0rv_1twbkfyhvn6m0000gn/T/condisco-preflight.dyPabj/DerivedData/Build/Intermediates.noindex/Condisco.build/Debug-iphonesimulator/CondiscoTests.build/Objects-normal/arm64/CondiscoTests_const_extract_protocols.json -Xcc -iquote -Xcc /var/folders/3w/91hphlzs0rv_1twbkfyhvn6m0000gn/T/condisco-preflight.dyPabj/DerivedData/Build/Intermediates.noindex/Condisco.build/Debug-iphonesimulator/CondiscoTests.build/CondiscoTests-generated-files.hmap -Xcc -I/var/folders/3w/91hphlzs0rv_1twbkfyhvn6m0000gn/T/condisco-preflight.dyPabj/DerivedData/Build/Intermediates.noindex/Condisco.build/Debug-iphonesimulator/CondiscoTests.build/CondiscoTests-own-target-headers.hmap -Xcc -I/var/folders/3w/91hphlzs0rv_1twbkfyhvn6m0000gn/T/condisco-preflight.dyPabj/DerivedData/Build/Intermediates.noindex/Condisco.build/Debug-iphonesimulator/CondiscoTests.build/CondiscoTests-all-target-headers.hmap -Xcc -iquote -Xcc /var/folders/3w/91hphlzs0rv_1twbkfyhvn6m0000gn/T/condisco-preflight.dyPabj/DerivedData/Build/Intermediates.noindex/Condisco.build/Debug-iphonesimulator/CondiscoTests.build/CondiscoTests-project-headers.hmap -Xcc -I/var/folders/3w/91hphlzs0rv_1twbkfyhvn6m0000gn/T/condisco-preflight.dyPabj/DerivedData/Build/Products/Debug-iphonesimulator/include -Xcc -I/var/folders/3w/91hphlzs0rv_1twbkfyhvn6m0000gn/T/condisco-preflight.dyPabj/DerivedData/Build/Intermediates.noindex/Condisco.build/Debug-iphonesimulator/CondiscoTests.build/DerivedSources-normal/arm64 -Xcc -I/var/folders/3w/91hphlzs0rv_1twbkfyhvn6m0000gn/T/condisco-preflight.dyPabj/DerivedData/Build/Intermediates.noindex/Condisco.build/Debug-iphonesimulator/CondiscoTests.build/DerivedSources/arm64 -Xcc -I/var/folders/3w/91hphlzs0rv_1twbkfyhvn6m0000gn/T/condisco-preflight.dyPabj/DerivedData/Build/Intermediates.noindex/Condisco.build/Debug-iphonesimulator/CondiscoTests.build/DerivedSources -Xcc -DDEBUG\=1 -emit-objc-header -emit-objc-header-path /var/folders/3w/91hphlzs0rv_1twbkfyhvn6m0000gn/T/condisco-preflight.dyPabj/DerivedData/Build/Intermediates.noindex/Condisco.build/Debug-iphonesimulator/CondiscoTests.build/Objects-normal/arm64/CondiscoTests-Swift.h -working-directory /Users/spkoehl/Projects/VerbaLibera -experimental-emit-module-separately -disable-cmo

SwiftDriverJobDiscovery normal arm64 Compiling ListenModels.swift, ListenView.swift, ReviewModels.swift, ReviewView.swift, ReviewReminders.swift, FlashcardsView.swift, AnkiExport.swift, HandsFreeReview.swift, A11ySettings.swift (in target 'Condisco' from project 'Condisco')

SwiftDriver\ Compilation Condisco normal arm64 com.apple.xcode.tools.swift.compiler (in target 'Condisco' from project 'Condisco')
    cd /Users/spkoehl/Projects/VerbaLibera
    builtin-Swift-Compilation -- /Applications/Xcode.app/Contents/Developer/Toolchains/XcodeDefault.xctoolchain/usr/bin/swiftc -module-name Condisco -Onone @/var/folders/3w/91hphlzs0rv_1twbkfyhvn6m0000gn/T/condisco-preflight.dyPabj/DerivedData/Build/Intermediates.noindex/Condisco.build/Debug-iphonesimulator/Condisco.build/Objects-normal/arm64/Condisco.SwiftFileList -DDEBUG -enable-bare-slash-regex -enable-experimental-feature DebugDescriptionMacro -sdk /Applications/Xcode.app/Contents/Developer/Platforms/iPhoneSimulator.platform/Developer/SDKs/iPhoneSimulator27.0.sdk -target arm64-apple-ios17.0-simulator -g -module-cache-path /var/folders/3w/91hphlzs0rv_1twbkfyhvn6m0000gn/T/condisco-preflight.dyPabj/DerivedData/ModuleCache.noindex -Xfrontend -serialize-debugging-options -enable-testing -index-store-path /var/folders/3w/91hphlzs0rv_1twbkfyhvn6m0000gn/T/condisco-preflight.dyPabj/DerivedData/Index.noindex/DataStore -Xcc -D_LIBCPP_HARDENING_MODE\=_LIBCPP_HARDENING_MODE_DEBUG -swift-version 5 -I /var/folders/3w/91hphlzs0rv_1twbkfyhvn6m0000gn/T/condisco-preflight.dyPabj/DerivedData/Build/Products/Debug-iphonesimulator -F /var/folders/3w/91hphlzs0rv_1twbkfyhvn6m0000gn/T/condisco-preflight.dyPabj/DerivedData/Build/Products/Debug-iphonesimulator -emit-localized-strings -emit-localized-strings-path /var/folders/3w/91hphlzs0rv_1twbkfyhvn6m0000gn/T/condisco-preflight.dyPabj/DerivedData/Build/Intermediates.noindex/Condisco.build/Debug-iphonesimulator/Condisco.build/Objects-normal/arm64 -c -j6 -enable-batch-mode -incremental -Xcc -ivfsstatcache -Xcc /var/folders/3w/91hphlzs0rv_1twbkfyhvn6m0000gn/T/condisco-preflight.dyPabj/DerivedData/SDKStatCaches.noindex/iphonesimulator27.0-24A430-8dc58220667be655e1bcc261a7455254.sdkstatcache -output-file-map /var/folders/3w/91hphlzs0rv_1twbkfyhvn6m0000gn/T/condisco-preflight.dyPabj/DerivedData/Build/Intermediates.noindex/Condisco.build/Debug-iphonesimulator/Condisco.build/Objects-normal/arm64/Condisco-OutputFileMap.json -save-temps -no-color-diagnostics -explicit-module-build -module-cache-path /var/folders/3w/91hphlzs0rv_1twbkfyhvn6m0000gn/T/condisco-preflight.dyPabj/DerivedData/Build/Intermediates.noindex/SwiftExplicitPrecompiledModules -clang-scanner-module-cache-path /var/folders/3w/91hphlzs0rv_1twbkfyhvn6m0000gn/T/condisco-preflight.dyPabj/DerivedData/ModuleCache.noindex -sdk-module-cache-path /var/folders/3w/91hphlzs0rv_1twbkfyhvn6m0000gn/T/condisco-preflight.dyPabj/DerivedData/SDKExplicitPrecompiledModules -emit-dependencies -emit-module -emit-module-path /var/folders/3w/91hphlzs0rv_1twbkfyhvn6m0000gn/T/condisco-preflight.dyPabj/DerivedData/Build/Intermediates.noindex/Condisco.build/Debug-iphonesimulator/Condisco.build/Objects-normal/arm64/Condisco.swiftmodule -serialize-diagnostics -dependency-scan-serialize-diagnostics-path /var/folders/3w/91hphlzs0rv_1twbkfyhvn6m0000gn/T/condisco-preflight.dyPabj/DerivedData/Build/Intermediates.noindex/Condisco.build/Debug-iphonesimulator/Condisco.build/Objects-normal/arm64/Condisco-dependency-scan.dia -validate-clang-modules-once -clang-build-session-file /var/folders/3w/91hphlzs0rv_1twbkfyhvn6m0000gn/T/condisco-preflight.dyPabj/DerivedData/ModuleCache.noindex/Session.modulevalidation -Xcc -fmodules-prune-interval\=86400 -Xcc -fmodules-prune-after\=345600 -emit-const-values -const-gather-protocols-list /var/folders/3w/91hphlzs0rv_1twbkfyhvn6m0000gn/T/condisco-preflight.dyPabj/DerivedData/Build/Intermediates.noindex/Condisco.build/Debug-iphonesimulator/Condisco.build/Objects-normal/arm64/Condisco_const_extract_protocols.json -Xcc -iquote -Xcc /var/folders/3w/91hphlzs0rv_1twbkfyhvn6m0000gn/T/condisco-preflight.dyPabj/DerivedData/Build/Intermediates.noindex/Condisco.build/Debug-iphonesimulator/Condisco.build/Condisco-generated-files.hmap -Xcc -I/var/folders/3w/91hphlzs0rv_1twbkfyhvn6m0000gn/T/condisco-preflight.dyPabj/DerivedData/Build/Intermediates.noindex/Condisco.build/Debug-iphonesimulator/Condisco.build/Condisco-own-target-headers.hmap -Xcc -I/var/folders/3w/91hphlzs0rv_1twbkfyhvn6m0000gn/T/condisco-preflight.dyPabj/DerivedData/Build/Intermediates.noindex/Condisco.build/Debug-iphonesimulator/Condisco.build/Condisco-all-target-headers.hmap -Xcc -iquote -Xcc /var/folders/3w/91hphlzs0rv_1twbkfyhvn6m0000gn/T/condisco-preflight.dyPabj/DerivedData/Build/Intermediates.noindex/Condisco.build/Debug-iphonesimulator/Condisco.build/Condisco-project-headers.hmap -Xcc -I/var/folders/3w/91hphlzs0rv_1twbkfyhvn6m0000gn/T/condisco-preflight.dyPabj/DerivedData/Build/Products/Debug-iphonesimulator/include -Xcc -I/var/folders/3w/91hphlzs0rv_1twbkfyhvn6m0000gn/T/condisco-preflight.dyPabj/DerivedData/Build/Intermediates.noindex/Condisco.build/Debug-iphonesimulator/Condisco.build/DerivedSources-normal/arm64 -Xcc -I/var/folders/3w/91hphlzs0rv_1twbkfyhvn6m0000gn/T/condisco-preflight.dyPabj/DerivedData/Build/Intermediates.noindex/Condisco.build/Debug-iphonesimulator/Condisco.build/DerivedSources/arm64 -Xcc -I/var/folders/3w/91hphlzs0rv_1twbkfyhvn6m0000gn/T/condisco-preflight.dyPabj/DerivedData/Build/Intermediates.noindex/Condisco.build/Debug-iphonesimulator/Condisco.build/DerivedSources -Xcc -DDEBUG\=1 -Xcc -DDEBUG\=1 -emit-objc-header -emit-objc-header-path /var/folders/3w/91hphlzs0rv_1twbkfyhvn6m0000gn/T/condisco-preflight.dyPabj/DerivedData/Build/Intermediates.noindex/Condisco.build/Debug-iphonesimulator/Condisco.build/Objects-normal/arm64/Condisco-Swift.h -working-directory /Users/spkoehl/Projects/VerbaLibera -experimental-emit-module-separately -disable-cmo

Ld /var/folders/3w/91hphlzs0rv_1twbkfyhvn6m0000gn/T/condisco-preflight.dyPabj/DerivedData/Build/Products/Debug-iphonesimulator/Condisco.app/Condisco.debug.dylib normal (in target 'Condisco' from project 'Condisco')
    cd /Users/spkoehl/Projects/VerbaLibera
    /Applications/Xcode.app/Contents/Developer/Toolchains/XcodeDefault.xctoolchain/usr/bin/clang -Xlinker -reproducible -target arm64-apple-ios17.0-simulator -dynamiclib -isysroot /Applications/Xcode.app/Contents/Developer/Platforms/iPhoneSimulator.platform/Developer/SDKs/iPhoneSimulator27.0.sdk -O0 -Xlinker -no_warn_duplicate_libraries -L/var/folders/3w/91hphlzs0rv_1twbkfyhvn6m0000gn/T/condisco-preflight.dyPabj/DerivedData/Build/Intermediates.noindex/EagerLinkingTBDs/Debug-iphonesimulator -L/var/folders/3w/91hphlzs0rv_1twbkfyhvn6m0000gn/T/condisco-preflight.dyPabj/DerivedData/Build/Products/Debug-iphonesimulator -F/var/folders/3w/91hphlzs0rv_1twbkfyhvn6m0000gn/T/condisco-preflight.dyPabj/DerivedData/Build/Intermediates.noindex/EagerLinkingTBDs/Debug-iphonesimulator -F/var/folders/3w/91hphlzs0rv_1twbkfyhvn6m0000gn/T/condisco-preflight.dyPabj/DerivedData/Build/Products/Debug-iphonesimulator -filelist /var/folders/3w/91hphlzs0rv_1twbkfyhvn6m0000gn/T/condisco-preflight.dyPabj/DerivedData/Build/Intermediates.noindex/Condisco.build/Debug-iphonesimulator/Condisco.build/Objects-normal/arm64/Condisco.LinkFileList -install_name @rpath/Condisco.debug.dylib -Xlinker -rpath -Xlinker /usr/lib/swift -Xlinker -rpath -Xlinker @executable_path/Frameworks -Xlinker -dead_strip -Xlinker -object_path_lto -Xlinker /var/folders/3w/91hphlzs0rv_1twbkfyhvn6m0000gn/T/condisco-preflight.dyPabj/DerivedData/Build/Intermediates.noindex/Condisco.build/Debug-iphonesimulator/Condisco.build/Objects-normal/arm64/Condisco_lto.o -rdynamic -Xlinker -no_deduplicate -Xlinker -objc_abi_version -Xlinker 2 -Xlinker -dependency_info -Xlinker /var/folders/3w/91hphlzs0rv_1twbkfyhvn6m0000gn/T/condisco-preflight.dyPabj/DerivedData/Build/Intermediates.noindex/Condisco.build/Debug-iphonesimulator/Condisco.build/Objects-normal/arm64/Condisco_dependency_info.dat -fobjc-link-runtime -L/Applications/Xcode.app/Contents/Developer/Toolchains/XcodeDefault.xctoolchain/usr/lib/swift/iphonesimulator -L/usr/lib/swift -Xlinker -add_ast_path -Xlinker /var/folders/3w/91hphlzs0rv_1twbkfyhvn6m0000gn/T/condisco-preflight.dyPabj/DerivedData/Build/Intermediates.noindex/Condisco.build/Debug-iphonesimulator/Condisco.build/Objects-normal/arm64/Condisco.swiftmodule -Xlinker -alias -Xlinker _main -Xlinker ___debug_main_executable_dylib_entry_point -lsqlite3 -Xlinker -no_adhoc_codesign -o /var/folders/3w/91hphlzs0rv_1twbkfyhvn6m0000gn/T/condisco-preflight.dyPabj/DerivedData/Build/Products/Debug-iphonesimulator/Condisco.app/Condisco.debug.dylib

ConstructStubExecutorLinkFileList /var/folders/3w/91hphlzs0rv_1twbkfyhvn6m0000gn/T/condisco-preflight.dyPabj/DerivedData/Build/Intermediates.noindex/Condisco.build/Debug-iphonesimulator/Condisco.build/Condisco-ExecutorLinkFileList-normal-arm64.txt (in target 'Condisco' from project 'Condisco')
    cd /Users/spkoehl/Projects/VerbaLibera
    construct-stub-executor-link-file-list /var/folders/3w/91hphlzs0rv_1twbkfyhvn6m0000gn/T/condisco-preflight.dyPabj/DerivedData/Build/Products/Debug-iphonesimulator/Condisco.app/Condisco.debug.dylib /Applications/Xcode.app/Contents/Developer/Platforms/iPhoneSimulator.platform/Developer/usr/lib/libPreviewsJITStubExecutor_no_swift_entry_point.a /Applications/Xcode.app/Contents/Developer/Platforms/iPhoneSimulator.platform/Developer/usr/lib/libPreviewsJITStubExecutor.a --output /var/folders/3w/91hphlzs0rv_1twbkfyhvn6m0000gn/T/condisco-preflight.dyPabj/DerivedData/Build/Intermediates.noindex/Condisco.build/Debug-iphonesimulator/Condisco.build/Condisco-ExecutorLinkFileList-normal-arm64.txt
note: Using stub executor library with Swift entry point. (in target 'Condisco' from project 'Condisco')

Ld /var/folders/3w/91hphlzs0rv_1twbkfyhvn6m0000gn/T/condisco-preflight.dyPabj/DerivedData/Build/Products/Debug-iphonesimulator/Condisco.app/Condisco normal (in target 'Condisco' from project 'Condisco')
    cd /Users/spkoehl/Projects/VerbaLibera
    /Applications/Xcode.app/Contents/Developer/Toolchains/XcodeDefault.xctoolchain/usr/bin/clang -Xlinker -reproducible -target arm64-apple-ios17.0-simulator -isysroot /Applications/Xcode.app/Contents/Developer/Platforms/iPhoneSimulator.platform/Developer/SDKs/iPhoneSimulator27.0.sdk -O0 -Xlinker -no_warn_duplicate_libraries -L/var/folders/3w/91hphlzs0rv_1twbkfyhvn6m0000gn/T/condisco-preflight.dyPabj/DerivedData/Build/Products/Debug-iphonesimulator -F/var/folders/3w/91hphlzs0rv_1twbkfyhvn6m0000gn/T/condisco-preflight.dyPabj/DerivedData/Build/Products/Debug-iphonesimulator -Xlinker -rpath -Xlinker @executable_path -Xlinker -rpath -Xlinker @executable_path/Frameworks -rdynamic -Xlinker -no_deduplicate -Xlinker -objc_abi_version -Xlinker 2 -e ___debug_blank_executor_main -Xlinker -sectcreate -Xlinker __TEXT -Xlinker __debug_dylib -Xlinker /var/folders/3w/91hphlzs0rv_1twbkfyhvn6m0000gn/T/condisco-preflight.dyPabj/DerivedData/Build/Intermediates.noindex/Condisco.build/Debug-iphonesimulator/Condisco.build/Condisco-DebugDylibPath-normal-arm64.txt -Xlinker -sectcreate -Xlinker __TEXT -Xlinker __debug_instlnm -Xlinker /var/folders/3w/91hphlzs0rv_1twbkfyhvn6m0000gn/T/condisco-preflight.dyPabj/DerivedData/Build/Intermediates.noindex/Condisco.build/Debug-iphonesimulator/Condisco.build/Condisco-DebugDylibInstallName-normal-arm64.txt -Xlinker -filelist -Xlinker /var/folders/3w/91hphlzs0rv_1twbkfyhvn6m0000gn/T/condisco-preflight.dyPabj/DerivedData/Build/Intermediates.noindex/Condisco.build/Debug-iphonesimulator/Condisco.build/Condisco-ExecutorLinkFileList-normal-arm64.txt -Xlinker -sectcreate -Xlinker __TEXT -Xlinker __entitlements -Xlinker /var/folders/3w/91hphlzs0rv_1twbkfyhvn6m0000gn/T/condisco-preflight.dyPabj/DerivedData/Build/Intermediates.noindex/Condisco.build/Debug-iphonesimulator/Condisco.build/Condisco.app-Simulated.xcent -Xlinker -sectcreate -Xlinker __TEXT -Xlinker __ents_der -Xlinker /var/folders/3w/91hphlzs0rv_1twbkfyhvn6m0000gn/T/condisco-preflight.dyPabj/DerivedData/Build/Intermediates.noindex/Condisco.build/Debug-iphonesimulator/Condisco.build/Condisco.app-Simulated.xcent.der /var/folders/3w/91hphlzs0rv_1twbkfyhvn6m0000gn/T/condisco-preflight.dyPabj/DerivedData/Build/Products/Debug-iphonesimulator/Condisco.app/Condisco.debug.dylib -Xlinker -no_adhoc_codesign -o /var/folders/3w/91hphlzs0rv_1twbkfyhvn6m0000gn/T/condisco-preflight.dyPabj/DerivedData/Build/Products/Debug-iphonesimulator/Condisco.app/Condisco

Copy /var/folders/3w/91hphlzs0rv_1twbkfyhvn6m0000gn/T/condisco-preflight.dyPabj/DerivedData/Build/Products/Debug-iphonesimulator/Condisco.app/PlugIns/CondiscoWidget.appex /var/folders/3w/91hphlzs0rv_1twbkfyhvn6m0000gn/T/condisco-preflight.dyPabj/DerivedData/Build/Products/Debug-iphonesimulator/CondiscoWidget.appex (in target 'Condisco' from project 'Condisco')
    cd /Users/spkoehl/Projects/VerbaLibera
    builtin-copy -exclude .DS_Store -exclude CVS -exclude .svn -exclude .git -exclude .hg -resolve-src-symlinks -remove-static-executable /var/folders/3w/91hphlzs0rv_1twbkfyhvn6m0000gn/T/condisco-preflight.dyPabj/DerivedData/Build/Products/Debug-iphonesimulator/CondiscoWidget.appex /var/folders/3w/91hphlzs0rv_1twbkfyhvn6m0000gn/T/condisco-preflight.dyPabj/DerivedData/Build/Products/Debug-iphonesimulator/Condisco.app/PlugIns

ProcessInfoPlistFile /var/folders/3w/91hphlzs0rv_1twbkfyhvn6m0000gn/T/condisco-preflight.dyPabj/DerivedData/Build/Products/Debug-iphonesimulator/Condisco.app/Info.plist /Users/spkoehl/Projects/VerbaLibera/Condisco/Info.plist (in target 'Condisco' from project 'Condisco')
    cd /Users/spkoehl/Projects/VerbaLibera
    builtin-infoPlistUtility /Users/spkoehl/Projects/VerbaLibera/Condisco/Info.plist -producttype com.apple.product-type.application -genpkginfo /var/folders/3w/91hphlzs0rv_1twbkfyhvn6m0000gn/T/condisco-preflight.dyPabj/DerivedData/Build/Products/Debug-iphonesimulator/Condisco.app/PkgInfo -expandbuildsettings -format binary -platform iphonesimulator -additionalcontentfile /var/folders/3w/91hphlzs0rv_1twbkfyhvn6m0000gn/T/condisco-preflight.dyPabj/DerivedData/Build/Intermediates.noindex/Condisco.build/Debug-iphonesimulator/Condisco.build/assetcatalog_generated_info.plist -scanforprivacyfile /var/folders/3w/91hphlzs0rv_1twbkfyhvn6m0000gn/T/condisco-preflight.dyPabj/DerivedData/Build/Products/Debug-iphonesimulator/Condisco.app/PlugIns/CondiscoWidget.appex -o /var/folders/3w/91hphlzs0rv_1twbkfyhvn6m0000gn/T/condisco-preflight.dyPabj/DerivedData/Build/Products/Debug-iphonesimulator/Condisco.app/Info.plist

CopySwiftLibs /var/folders/3w/91hphlzs0rv_1twbkfyhvn6m0000gn/T/condisco-preflight.dyPabj/DerivedData/Build/Products/Debug-iphonesimulator/Condisco.app (in target 'Condisco' from project 'Condisco')
    cd /Users/spkoehl/Projects/VerbaLibera
    builtin-swiftStdLibTool --copy --verbose --sign - --scan-executable /var/folders/3w/91hphlzs0rv_1twbkfyhvn6m0000gn/T/condisco-preflight.dyPabj/DerivedData/Build/Products/Debug-iphonesimulator/Condisco.app/Condisco.debug.dylib --scan-folder /var/folders/3w/91hphlzs0rv_1twbkfyhvn6m0000gn/T/condisco-preflight.dyPabj/DerivedData/Build/Products/Debug-iphonesimulator/Condisco.app/Frameworks --scan-folder /var/folders/3w/91hphlzs0rv_1twbkfyhvn6m0000gn/T/condisco-preflight.dyPabj/DerivedData/Build/Products/Debug-iphonesimulator/Condisco.app/PlugIns --scan-folder /var/folders/3w/91hphlzs0rv_1twbkfyhvn6m0000gn/T/condisco-preflight.dyPabj/DerivedData/Build/Products/Debug-iphonesimulator/Condisco.app/SystemExtensions --scan-folder /var/folders/3w/91hphlzs0rv_1twbkfyhvn6m0000gn/T/condisco-preflight.dyPabj/DerivedData/Build/Products/Debug-iphonesimulator/Condisco.app/Extensions --platform iphonesimulator --toolchain /Applications/Xcode.app/Contents/Developer/Toolchains/XcodeDefault.xctoolchain --destination /var/folders/3w/91hphlzs0rv_1twbkfyhvn6m0000gn/T/condisco-preflight.dyPabj/DerivedData/Build/Products/Debug-iphonesimulator/Condisco.app/Frameworks --strip-bitcode --strip-bitcode-tool /Applications/Xcode.app/Contents/Developer/Toolchains/XcodeDefault.xctoolchain/usr/bin/bitcode_strip --emit-dependency-info /var/folders/3w/91hphlzs0rv_1twbkfyhvn6m0000gn/T/condisco-preflight.dyPabj/DerivedData/Build/Intermediates.noindex/Condisco.build/Debug-iphonesimulator/Condisco.build/SwiftStdLibToolInputDependencies.dep --filter-for-swift-os

ExtractAppIntentsMetadata (in target 'Condisco' from project 'Condisco')
    cd /Users/spkoehl/Projects/VerbaLibera
    /Applications/Xcode.app/Contents/Developer/Toolchains/XcodeDefault.xctoolchain/usr/bin/appintentsmetadataprocessor --toolchain-dir /Applications/Xcode.app/Contents/Developer/Toolchains/XcodeDefault.xctoolchain --module-name Condisco --sdk-root /Applications/Xcode.app/Contents/Developer/Platforms/iPhoneSimulator.platform/Developer/SDKs/iPhoneSimulator27.0.sdk --xcode-version 27A266a --platform-family iOS --deployment-target 17.0 --bundle-identifier com.sleuthysloth.condisco --output /var/folders/3w/91hphlzs0rv_1twbkfyhvn6m0000gn/T/condisco-preflight.dyPabj/DerivedData/Build/Products/Debug-iphonesimulator/Condisco.app --target-triple arm64-apple-ios17.0-simulator --binary-file /var/folders/3w/91hphlzs0rv_1twbkfyhvn6m0000gn/T/condisco-preflight.dyPabj/DerivedData/Build/Products/Debug-iphonesimulator/Condisco.app/Condisco --dependency-file /var/folders/3w/91hphlzs0rv_1twbkfyhvn6m0000gn/T/condisco-preflight.dyPabj/DerivedData/Build/Intermediates.noindex/Condisco.build/Debug-iphonesimulator/Condisco.build/Objects-normal/arm64/Condisco_dependency_info.dat --stringsdata-file /var/folders/3w/91hphlzs0rv_1twbkfyhvn6m0000gn/T/condisco-preflight.dyPabj/DerivedData/Build/Intermediates.noindex/Condisco.build/Debug-iphonesimulator/Condisco.build/Objects-normal/arm64/ExtractedAppShortcutsMetadata.stringsdata --source-file-list /var/folders/3w/91hphlzs0rv_1twbkfyhvn6m0000gn/T/condisco-preflight.dyPabj/DerivedData/Build/Intermediates.noindex/Condisco.build/Debug-iphonesimulator/Condisco.build/Objects-normal/arm64/Condisco.SwiftFileList --metadata-file-list /var/folders/3w/91hphlzs0rv_1twbkfyhvn6m0000gn/T/condisco-preflight.dyPabj/DerivedData/Build/Intermediates.noindex/Condisco.build/Debug-iphonesimulator/Condisco.build/Condisco.DependencyMetadataFileList --static-metadata-file-list /var/folders/3w/91hphlzs0rv_1twbkfyhvn6m0000gn/T/condisco-preflight.dyPabj/DerivedData/Build/Intermediates.noindex/Condisco.build/Debug-iphonesimulator/Condisco.build/Condisco.DependencyStaticMetadataFileList --swift-const-vals-list /var/folders/3w/91hphlzs0rv_1twbkfyhvn6m0000gn/T/condisco-preflight.dyPabj/DerivedData/Build/Intermediates.noindex/Condisco.build/Debug-iphonesimulator/Condisco.build/Objects-normal/arm64/Condisco.SwiftConstValuesFileList --compile-time-extraction --deployment-aware-processing --no-app-shortcuts-localization
2026-09-25 19:00:12.404 appintentsmetadataprocessor[22012:6557126] Starting appintentsmetadataprocessor export
2026-09-25 19:00:12.531 appintentsmetadataprocessor[22012:6557126] Writing Metadata.appintents
2026-09-25 19:00:12.531 appintentsmetadataprocessor[22012:6557126] Metadata root: /var/folders/3w/91hphlzs0rv_1twbkfyhvn6m0000gn/T/condisco-preflight.dyPabj/DerivedData/Build/Products/Debug-iphonesimulator/Condisco.app/Metadata.appintents

AppIntentsSSUTraining (in target 'Condisco' from project 'Condisco')
    cd /Users/spkoehl/Projects/VerbaLibera
    /Applications/Xcode.app/Contents/Developer/Toolchains/XcodeDefault.xctoolchain/usr/bin/appintentsnltrainingprocessor --infoplist-path /var/folders/3w/91hphlzs0rv_1twbkfyhvn6m0000gn/T/condisco-preflight.dyPabj/DerivedData/Build/Products/Debug-iphonesimulator/Condisco.app/Info.plist --temp-dir-path /var/folders/3w/91hphlzs0rv_1twbkfyhvn6m0000gn/T/condisco-preflight.dyPabj/DerivedData/Build/Intermediates.noindex/Condisco.build/Debug-iphonesimulator/Condisco.build/ssu --bundle-id com.sleuthysloth.condisco --product-path /var/folders/3w/91hphlzs0rv_1twbkfyhvn6m0000gn/T/condisco-preflight.dyPabj/DerivedData/Build/Products/Debug-iphonesimulator/Condisco.app --extracted-metadata-path /var/folders/3w/91hphlzs0rv_1twbkfyhvn6m0000gn/T/condisco-preflight.dyPabj/DerivedData/Build/Products/Debug-iphonesimulator/Condisco.app/Metadata.appintents --metadata-file-list /var/folders/3w/91hphlzs0rv_1twbkfyhvn6m0000gn/T/condisco-preflight.dyPabj/DerivedData/Build/Intermediates.noindex/Condisco.build/Debug-iphonesimulator/Condisco.build/Condisco.DependencyMetadataFileList --source-file /var/folders/3w/91hphlzs0rv_1twbkfyhvn6m0000gn/T/condisco-preflight.dyPabj/DerivedData/Build/Products/Debug-iphonesimulator/Condisco.app/Info.plist --archive-ssu-assets
2026-09-25 19:00:12.574 appintentsnltrainingprocessor[22013:6557135] Parsing options for appintentsnltrainingprocessor
2026-09-25 19:00:12.574 appintentsnltrainingprocessor[22013:6557135] Starting AppIntents SSU YAML Generation
2026-09-25 19:00:12.593 appintentsnltrainingprocessor[22013:6557135] Training 'Continue learning in ${+applicationName}|Continue my lesson in ${+applicationName}|Resume learning in ${+applicationName}' for en
2026-09-25 19:00:12.593 appintentsnltrainingprocessor[22013:6557135] Training 'Start a lesson in ${+applicationName}|Open a lesson in ${+applicationName}|Start learning in ${+applicationName}' for en
2026-09-25 19:00:12.593 appintentsnltrainingprocessor[22013:6557135] Training 'Start my review in ${+applicationName}|Review my phrases in ${+applicationName}|Start reviewing in ${+applicationName}' for en
2026-09-25 19:00:12.593 appintentsnltrainingprocessor[22013:6557135] Training Negative Phrases '' for en
2026-09-25 19:00:12.593 appintentsnltrainingprocessor[22013:6557135] Application name 'Condisco' for en
2026-09-25 19:00:12.604 appintentsnltrainingprocessor[22013:6557135] Generated AppIntents SSU YAML files in file:///var/folders/3w/91hphlzs0rv_1twbkfyhvn6m0000gn/T/condisco-preflight.dyPabj/DerivedData/Build/Intermediates.noindex/Condisco.build/Debug-iphonesimulator/Condisco.build/ssu/
2026-09-25 19:00:12.604 appintentsnltrainingprocessor[22013:6557135] Copied AppIntents SSU YAML files to file:///var/folders/3w/91hphlzs0rv_1twbkfyhvn6m0000gn/T/condisco-preflight.dyPabj/DerivedData/Build/Products/Debug-iphonesimulator/Condisco.app/Metadata.appintents/
Archiving all locales.
[------------------------------------------------------------] 0% archiving en[🁢🁢🁢🁢🁢🁢🁢🁢🁢🁢🁢🁢🁢🁢🁢🁢🁢🁢🁢🁢🁢🁢🁢🁢🁢🁢🁢🁢🁢🁢🁢🁢🁢🁢🁢🁢🁢🁢🁢🁢🁢🁢🁢🁢🁢🁢🁢🁢🁢🁢🁢🁢🁢🁢🁢🁢🁢🁢🁢🁢] 100% archived en[🁢🁢🁢🁢🁢🁢🁢🁢🁢🁢🁢🁢🁢🁢🁢🁢🁢🁢🁢🁢🁢🁢🁢🁢🁢🁢🁢🁢🁢🁢🁢🁢🁢🁢🁢🁢🁢🁢🁢🁢🁢🁢🁢🁢🁢🁢🁢🁢🁢🁢🁢🁢🁢🁢🁢🁢🁢🁢🁢🁢] 100% archived 1 locales/var/folders/3w/91hphlzs0rv_1twbkfyhvn6m0000gn/T/condisco-preflight.dyPabj/DerivedData/Build/Products/Debug-iphonesimulator/Condisco.app/Metadata.appintents/nlu
/var/folders/3w/91hphlzs0rv_1twbkfyhvn6m0000gn/T/condisco-preflight.dyPabj/DerivedData/Build/Products/Debug-iphonesimulator/Condisco.app/Metadata.appintents/nlu/0231e242df2d62371a26fd64e4095339.version


ProcessInfoPlistFile /var/folders/3w/91hphlzs0rv_1twbkfyhvn6m0000gn/T/condisco-preflight.dyPabj/DerivedData/Build/Products/Debug-iphonesimulator/Condisco.app/PlugIns/CondiscoTests.xctest/Info.plist /var/folders/3w/91hphlzs0rv_1twbkfyhvn6m0000gn/T/condisco-preflight.dyPabj/DerivedData/Build/Intermediates.noindex/Condisco.build/Debug-iphonesimulator/CondiscoTests.build/empty-CondiscoTests.plist (in target 'CondiscoTests' from project 'Condisco')
    cd /Users/spkoehl/Projects/VerbaLibera
    builtin-infoPlistUtility /var/folders/3w/91hphlzs0rv_1twbkfyhvn6m0000gn/T/condisco-preflight.dyPabj/DerivedData/Build/Intermediates.noindex/Condisco.build/Debug-iphonesimulator/CondiscoTests.build/empty-CondiscoTests.plist -producttype com.apple.product-type.bundle.unit-test -expandbuildsettings -format binary -platform iphonesimulator -o /var/folders/3w/91hphlzs0rv_1twbkfyhvn6m0000gn/T/condisco-preflight.dyPabj/DerivedData/Build/Products/Debug-iphonesimulator/Condisco.app/PlugIns/CondiscoTests.xctest/Info.plist

Ld /var/folders/3w/91hphlzs0rv_1twbkfyhvn6m0000gn/T/condisco-preflight.dyPabj/DerivedData/Build/Products/Debug-iphonesimulator/Condisco.app/PlugIns/CondiscoTests.xctest/CondiscoTests normal (in target 'CondiscoTests' from project 'Condisco')
    cd /Users/spkoehl/Projects/VerbaLibera
    /Applications/Xcode.app/Contents/Developer/Toolchains/XcodeDefault.xctoolchain/usr/bin/clang -Xlinker -reproducible -target arm64-apple-ios17.0-simulator -bundle -isysroot /Applications/Xcode.app/Contents/Developer/Platforms/iPhoneSimulator.platform/Developer/SDKs/iPhoneSimulator27.0.sdk -O0 -Xlinker -no_warn_duplicate_libraries -L/var/folders/3w/91hphlzs0rv_1twbkfyhvn6m0000gn/T/condisco-preflight.dyPabj/DerivedData/Build/Intermediates.noindex/EagerLinkingTBDs/Debug-iphonesimulator -L/var/folders/3w/91hphlzs0rv_1twbkfyhvn6m0000gn/T/condisco-preflight.dyPabj/DerivedData/Build/Products/Debug-iphonesimulator -L/Applications/Xcode.app/Contents/Developer/Platforms/iPhoneSimulator.platform/Developer/usr/lib -F/var/folders/3w/91hphlzs0rv_1twbkfyhvn6m0000gn/T/condisco-preflight.dyPabj/DerivedData/Build/Intermediates.noindex/EagerLinkingTBDs/Debug-iphonesimulator -F/var/folders/3w/91hphlzs0rv_1twbkfyhvn6m0000gn/T/condisco-preflight.dyPabj/DerivedData/Build/Products/Debug-iphonesimulator -iframework /Applications/Xcode.app/Contents/Developer/Platforms/iPhoneSimulator.platform/Developer/Library/Frameworks -iframework /Applications/Xcode.app/Contents/Developer/Platforms/iPhoneSimulator.platform/Developer/SDKs/iPhoneSimulator27.0.sdk/Developer/Library/Frameworks -filelist /var/folders/3w/91hphlzs0rv_1twbkfyhvn6m0000gn/T/condisco-preflight.dyPabj/DerivedData/Build/Intermediates.noindex/Condisco.build/Debug-iphonesimulator/CondiscoTests.build/Objects-normal/arm64/CondiscoTests.LinkFileList -Xlinker -rpath -Xlinker /usr/lib/swift -Xlinker -rpath -Xlinker @loader_path/Frameworks -Xlinker -rpath -Xlinker @executable_path/Frameworks -Xlinker -dead_strip -bundle_loader /var/folders/3w/91hphlzs0rv_1twbkfyhvn6m0000gn/T/condisco-preflight.dyPabj/DerivedData/Build/Products/Debug-iphonesimulator/Condisco.app/Condisco -Xlinker -object_path_lto -Xlinker /var/folders/3w/91hphlzs0rv_1twbkfyhvn6m0000gn/T/condisco-preflight.dyPabj/DerivedData/Build/Intermediates.noindex/Condisco.build/Debug-iphonesimulator/CondiscoTests.build/Objects-normal/arm64/CondiscoTests_lto.o -rdynamic -Xlinker -no_deduplicate -Xlinker -objc_abi_version -Xlinker 2 -Xlinker -dependency_info -Xlinker /var/folders/3w/91hphlzs0rv_1twbkfyhvn6m0000gn/T/condisco-preflight.dyPabj/DerivedData/Build/Intermediates.noindex/Condisco.build/Debug-iphonesimulator/CondiscoTests.build/Objects-normal/arm64/CondiscoTests_dependency_info.dat -fobjc-link-runtime -L/Applications/Xcode.app/Contents/Developer/Toolchains/XcodeDefault.xctoolchain/usr/lib/swift/iphonesimulator -L/usr/lib/swift -Xlinker -add_ast_path -Xlinker /var/folders/3w/91hphlzs0rv_1twbkfyhvn6m0000gn/T/condisco-preflight.dyPabj/DerivedData/Build/Intermediates.noindex/Condisco.build/Debug-iphonesimulator/CondiscoTests.build/Objects-normal/arm64/CondiscoTests.swiftmodule -Xlinker -needed_framework -Xlinker XCTest -framework XCTest -Xlinker -needed-lXCTestSwiftSupport -lXCTestSwiftSupport /var/folders/3w/91hphlzs0rv_1twbkfyhvn6m0000gn/T/condisco-preflight.dyPabj/DerivedData/Build/Products/Debug-iphonesimulator/Condisco.app/Condisco.debug.dylib -Xlinker -no_adhoc_codesign -o /var/folders/3w/91hphlzs0rv_1twbkfyhvn6m0000gn/T/condisco-preflight.dyPabj/DerivedData/Build/Products/Debug-iphonesimulator/Condisco.app/PlugIns/CondiscoTests.xctest/CondiscoTests

CopySwiftLibs /var/folders/3w/91hphlzs0rv_1twbkfyhvn6m0000gn/T/condisco-preflight.dyPabj/DerivedData/Build/Products/Debug-iphonesimulator/Condisco.app/PlugIns/CondiscoTests.xctest (in target 'CondiscoTests' from project 'Condisco')
    cd /Users/spkoehl/Projects/VerbaLibera
    builtin-swiftStdLibTool --copy --verbose --sign - --scan-executable /var/folders/3w/91hphlzs0rv_1twbkfyhvn6m0000gn/T/condisco-preflight.dyPabj/DerivedData/Build/Products/Debug-iphonesimulator/Condisco.app/PlugIns/CondiscoTests.xctest/CondiscoTests --scan-folder /var/folders/3w/91hphlzs0rv_1twbkfyhvn6m0000gn/T/condisco-preflight.dyPabj/DerivedData/Build/Products/Debug-iphonesimulator/Condisco.app/PlugIns/CondiscoTests.xctest/Frameworks --scan-folder /var/folders/3w/91hphlzs0rv_1twbkfyhvn6m0000gn/T/condisco-preflight.dyPabj/DerivedData/Build/Products/Debug-iphonesimulator/Condisco.app/PlugIns/CondiscoTests.xctest/PlugIns --scan-folder /var/folders/3w/91hphlzs0rv_1twbkfyhvn6m0000gn/T/condisco-preflight.dyPabj/DerivedData/Build/Products/Debug-iphonesimulator/Condisco.app/PlugIns/CondiscoTests.xctest/SystemExtensions --scan-folder /var/folders/3w/91hphlzs0rv_1twbkfyhvn6m0000gn/T/condisco-preflight.dyPabj/DerivedData/Build/Products/Debug-iphonesimulator/Condisco.app/PlugIns/CondiscoTests.xctest/Extensions --platform iphonesimulator --toolchain /Applications/Xcode.app/Contents/Developer/Toolchains/XcodeDefault.xctoolchain --destination /var/folders/3w/91hphlzs0rv_1twbkfyhvn6m0000gn/T/condisco-preflight.dyPabj/DerivedData/Build/Products/Debug-iphonesimulator/Condisco.app/PlugIns/CondiscoTests.xctest/Frameworks --strip-bitcode --scan-executable /Applications/Xcode.app/Contents/Developer/Platforms/iPhoneSimulator.platform/Developer/usr/lib/libXCTestSwiftSupport.dylib --strip-bitcode-tool /Applications/Xcode.app/Contents/Developer/Toolchains/XcodeDefault.xctoolchain/usr/bin/bitcode_strip --emit-dependency-info /var/folders/3w/91hphlzs0rv_1twbkfyhvn6m0000gn/T/condisco-preflight.dyPabj/DerivedData/Build/Intermediates.noindex/Condisco.build/Debug-iphonesimulator/CondiscoTests.build/SwiftStdLibToolInputDependencies.dep --filter-for-swift-os

ExtractAppIntentsMetadata (in target 'CondiscoTests' from project 'Condisco')
    cd /Users/spkoehl/Projects/VerbaLibera
    /Applications/Xcode.app/Contents/Developer/Toolchains/XcodeDefault.xctoolchain/usr/bin/appintentsmetadataprocessor --toolchain-dir /Applications/Xcode.app/Contents/Developer/Toolchains/XcodeDefault.xctoolchain --module-name CondiscoTests --sdk-root /Applications/Xcode.app/Contents/Developer/Platforms/iPhoneSimulator.platform/Developer/SDKs/iPhoneSimulator27.0.sdk --xcode-version 27A266a --platform-family iOS --deployment-target 17.0 --bundle-identifier com.sleuthysloth.condisco.Tests --output /var/folders/3w/91hphlzs0rv_1twbkfyhvn6m0000gn/T/condisco-preflight.dyPabj/DerivedData/Build/Products/Debug-iphonesimulator/Condisco.app/PlugIns/CondiscoTests.xctest --target-triple arm64-apple-ios17.0-simulator --binary-file /var/folders/3w/91hphlzs0rv_1twbkfyhvn6m0000gn/T/condisco-preflight.dyPabj/DerivedData/Build/Products/Debug-iphonesimulator/Condisco.app/PlugIns/CondiscoTests.xctest/CondiscoTests --dependency-file /var/folders/3w/91hphlzs0rv_1twbkfyhvn6m0000gn/T/condisco-preflight.dyPabj/DerivedData/Build/Intermediates.noindex/Condisco.build/Debug-iphonesimulator/CondiscoTests.build/Objects-normal/arm64/CondiscoTests_dependency_info.dat --stringsdata-file /var/folders/3w/91hphlzs0rv_1twbkfyhvn6m0000gn/T/condisco-preflight.dyPabj/DerivedData/Build/Intermediates.noindex/Condisco.build/Debug-iphonesimulator/CondiscoTests.build/Objects-normal/arm64/ExtractedAppShortcutsMetadata.stringsdata --source-file-list /var/folders/3w/91hphlzs0rv_1twbkfyhvn6m0000gn/T/condisco-preflight.dyPabj/DerivedData/Build/Intermediates.noindex/Condisco.build/Debug-iphonesimulator/CondiscoTests.build/Objects-normal/arm64/CondiscoTests.SwiftFileList --metadata-file-list /var/folders/3w/91hphlzs0rv_1twbkfyhvn6m0000gn/T/condisco-preflight.dyPabj/DerivedData/Build/Intermediates.noindex/Condisco.build/Debug-iphonesimulator/CondiscoTests.build/CondiscoTests.DependencyMetadataFileList --static-metadata-file-list /var/folders/3w/91hphlzs0rv_1twbkfyhvn6m0000gn/T/condisco-preflight.dyPabj/DerivedData/Build/Intermediates.noindex/Condisco.build/Debug-iphonesimulator/CondiscoTests.build/CondiscoTests.DependencyStaticMetadataFileList --swift-const-vals-list /var/folders/3w/91hphlzs0rv_1twbkfyhvn6m0000gn/T/condisco-preflight.dyPabj/DerivedData/Build/Intermediates.noindex/Condisco.build/Debug-iphonesimulator/CondiscoTests.build/Objects-normal/arm64/CondiscoTests.SwiftConstValuesFileList --compile-time-extraction --deployment-aware-processing --no-app-shortcuts-localization
2026-09-25 19:00:13.037 appintentsmetadataprocessor[22018:6557158] Starting appintentsmetadataprocessor export
2026-09-25 19:00:13.085 appintentsmetadataprocessor[22018:6557158] Extracted no relevant App Intents symbols, skipping writing output

AppIntentsSSUTraining (in target 'CondiscoTests' from project 'Condisco')
    cd /Users/spkoehl/Projects/VerbaLibera
    /Applications/Xcode.app/Contents/Developer/Toolchains/XcodeDefault.xctoolchain/usr/bin/appintentsnltrainingprocessor --infoplist-path /var/folders/3w/91hphlzs0rv_1twbkfyhvn6m0000gn/T/condisco-preflight.dyPabj/DerivedData/Build/Products/Debug-iphonesimulator/Condisco.app/PlugIns/CondiscoTests.xctest/Info.plist --temp-dir-path /var/folders/3w/91hphlzs0rv_1twbkfyhvn6m0000gn/T/condisco-preflight.dyPabj/DerivedData/Build/Intermediates.noindex/Condisco.build/Debug-iphonesimulator/CondiscoTests.build/ssu --bundle-id com.sleuthysloth.condisco.Tests --product-path /var/folders/3w/91hphlzs0rv_1twbkfyhvn6m0000gn/T/condisco-preflight.dyPabj/DerivedData/Build/Products/Debug-iphonesimulator/Condisco.app/PlugIns/CondiscoTests.xctest --extracted-metadata-path /var/folders/3w/91hphlzs0rv_1twbkfyhvn6m0000gn/T/condisco-preflight.dyPabj/DerivedData/Build/Products/Debug-iphonesimulator/Condisco.app/PlugIns/CondiscoTests.xctest/Metadata.appintents --metadata-file-list /var/folders/3w/91hphlzs0rv_1twbkfyhvn6m0000gn/T/condisco-preflight.dyPabj/DerivedData/Build/Intermediates.noindex/Condisco.build/Debug-iphonesimulator/CondiscoTests.build/CondiscoTests.DependencyMetadataFileList --source-file /var/folders/3w/91hphlzs0rv_1twbkfyhvn6m0000gn/T/condisco-preflight.dyPabj/DerivedData/Build/Products/Debug-iphonesimulator/Condisco.app/PlugIns/CondiscoTests.xctest/Info.plist --archive-ssu-assets
2026-09-25 19:00:13.108 appintentsnltrainingprocessor[22019:6557161] Parsing options for appintentsnltrainingprocessor
2026-09-25 19:00:13.109 appintentsnltrainingprocessor[22019:6557161] Starting AppIntents SSU YAML Generation
2026-09-25 19:00:13.109 appintentsnltrainingprocessor[22019:6557161] No AppShortcuts found - Skipping.

CodeSign /var/folders/3w/91hphlzs0rv_1twbkfyhvn6m0000gn/T/condisco-preflight.dyPabj/DerivedData/Build/Products/Debug-iphonesimulator/Condisco.app/PlugIns/CondiscoTests.xctest (in target 'CondiscoTests' from project 'Condisco')
    cd /Users/spkoehl/Projects/VerbaLibera
    
    Signing Identity:     "Sign to Run Locally"
    
    /usr/bin/codesign --force --sign - --timestamp\=none --generate-entitlement-der /var/folders/3w/91hphlzs0rv_1twbkfyhvn6m0000gn/T/condisco-preflight.dyPabj/DerivedData/Build/Products/Debug-iphonesimulator/Condisco.app/PlugIns/CondiscoTests.xctest

RegisterExecutionPolicyException /var/folders/3w/91hphlzs0rv_1twbkfyhvn6m0000gn/T/condisco-preflight.dyPabj/DerivedData/Build/Products/Debug-iphonesimulator/Condisco.app/PlugIns/CondiscoTests.xctest (in target 'CondiscoTests' from project 'Condisco')
    cd /Users/spkoehl/Projects/VerbaLibera
    builtin-RegisterExecutionPolicyException /var/folders/3w/91hphlzs0rv_1twbkfyhvn6m0000gn/T/condisco-preflight.dyPabj/DerivedData/Build/Products/Debug-iphonesimulator/Condisco.app/PlugIns/CondiscoTests.xctest

Touch /var/folders/3w/91hphlzs0rv_1twbkfyhvn6m0000gn/T/condisco-preflight.dyPabj/DerivedData/Build/Products/Debug-iphonesimulator/Condisco.app/PlugIns/CondiscoTests.xctest (in target 'CondiscoTests' from project 'Condisco')
    cd /Users/spkoehl/Projects/VerbaLibera
    /usr/bin/touch -c /var/folders/3w/91hphlzs0rv_1twbkfyhvn6m0000gn/T/condisco-preflight.dyPabj/DerivedData/Build/Products/Debug-iphonesimulator/Condisco.app/PlugIns/CondiscoTests.xctest

CodeSign /var/folders/3w/91hphlzs0rv_1twbkfyhvn6m0000gn/T/condisco-preflight.dyPabj/DerivedData/Build/Products/Debug-iphonesimulator/Condisco.app/Condisco.debug.dylib (in target 'Condisco' from project 'Condisco')
    cd /Users/spkoehl/Projects/VerbaLibera
    
    Signing Identity:     "Sign to Run Locally"
    
    /usr/bin/codesign --force --sign - --timestamp\=none --generate-entitlement-der /var/folders/3w/91hphlzs0rv_1twbkfyhvn6m0000gn/T/condisco-preflight.dyPabj/DerivedData/Build/Products/Debug-iphonesimulator/Condisco.app/Condisco.debug.dylib

CodeSign /var/folders/3w/91hphlzs0rv_1twbkfyhvn6m0000gn/T/condisco-preflight.dyPabj/DerivedData/Build/Products/Debug-iphonesimulator/Condisco.app/__preview.dylib (in target 'Condisco' from project 'Condisco')
    cd /Users/spkoehl/Projects/VerbaLibera
    
    Signing Identity:     "Sign to Run Locally"
    
    /usr/bin/codesign --force --sign - --timestamp\=none --generate-entitlement-der /var/folders/3w/91hphlzs0rv_1twbkfyhvn6m0000gn/T/condisco-preflight.dyPabj/DerivedData/Build/Products/Debug-iphonesimulator/Condisco.app/__preview.dylib

CodeSign /var/folders/3w/91hphlzs0rv_1twbkfyhvn6m0000gn/T/condisco-preflight.dyPabj/DerivedData/Build/Products/Debug-iphonesimulator/Condisco.app (in target 'Condisco' from project 'Condisco')
    cd /Users/spkoehl/Projects/VerbaLibera
    
    Signing Identity:     "Sign to Run Locally"
    
    /usr/bin/codesign --force --sign - --entitlements /var/folders/3w/91hphlzs0rv_1twbkfyhvn6m0000gn/T/condisco-preflight.dyPabj/DerivedData/Build/Intermediates.noindex/Condisco.build/Debug-iphonesimulator/Condisco.build/Condisco.app.xcent --timestamp\=none --generate-entitlement-der /var/folders/3w/91hphlzs0rv_1twbkfyhvn6m0000gn/T/condisco-preflight.dyPabj/DerivedData/Build/Products/Debug-iphonesimulator/Condisco.app

ValidateEmbeddedBinary /var/folders/3w/91hphlzs0rv_1twbkfyhvn6m0000gn/T/condisco-preflight.dyPabj/DerivedData/Build/Products/Debug-iphonesimulator/Condisco.app/PlugIns/CondiscoWidget.appex (in target 'Condisco' from project 'Condisco')
    cd /Users/spkoehl/Projects/VerbaLibera
    /Applications/Xcode.app/Contents/Developer/usr/bin/embeddedBinaryValidationUtility /var/folders/3w/91hphlzs0rv_1twbkfyhvn6m0000gn/T/condisco-preflight.dyPabj/DerivedData/Build/Products/Debug-iphonesimulator/Condisco.app/PlugIns/CondiscoWidget.appex -signing-cert - -info-plist-path /var/folders/3w/91hphlzs0rv_1twbkfyhvn6m0000gn/T/condisco-preflight.dyPabj/DerivedData/Build/Products/Debug-iphonesimulator/Condisco.app/Info.plist

RegisterExecutionPolicyException /var/folders/3w/91hphlzs0rv_1twbkfyhvn6m0000gn/T/condisco-preflight.dyPabj/DerivedData/Build/Products/Debug-iphonesimulator/Condisco.app (in target 'Condisco' from project 'Condisco')
    cd /Users/spkoehl/Projects/VerbaLibera
    builtin-RegisterExecutionPolicyException /var/folders/3w/91hphlzs0rv_1twbkfyhvn6m0000gn/T/condisco-preflight.dyPabj/DerivedData/Build/Products/Debug-iphonesimulator/Condisco.app

Validate /var/folders/3w/91hphlzs0rv_1twbkfyhvn6m0000gn/T/condisco-preflight.dyPabj/DerivedData/Build/Products/Debug-iphonesimulator/Condisco.app (in target 'Condisco' from project 'Condisco')
    cd /Users/spkoehl/Projects/VerbaLibera
    builtin-validationUtility /var/folders/3w/91hphlzs0rv_1twbkfyhvn6m0000gn/T/condisco-preflight.dyPabj/DerivedData/Build/Products/Debug-iphonesimulator/Condisco.app -shallow-bundle -infoplist-subpath Info.plist

Touch /var/folders/3w/91hphlzs0rv_1twbkfyhvn6m0000gn/T/condisco-preflight.dyPabj/DerivedData/Build/Products/Debug-iphonesimulator/Condisco.app (in target 'Condisco' from project 'Condisco')
    cd /Users/spkoehl/Projects/VerbaLibera
    /usr/bin/touch -c /var/folders/3w/91hphlzs0rv_1twbkfyhvn6m0000gn/T/condisco-preflight.dyPabj/DerivedData/Build/Products/Debug-iphonesimulator/Condisco.app

ProcessInfoPlistFile /var/folders/3w/91hphlzs0rv_1twbkfyhvn6m0000gn/T/condisco-preflight.dyPabj/DerivedData/Build/Products/Debug-iphonesimulator/CondiscoUITests-Runner.app/PlugIns/CondiscoUITests.xctest/Info.plist /var/folders/3w/91hphlzs0rv_1twbkfyhvn6m0000gn/T/condisco-preflight.dyPabj/DerivedData/Build/Intermediates.noindex/Condisco.build/Debug-iphonesimulator/CondiscoUITests.build/empty-CondiscoUITests.plist (in target 'CondiscoUITests' from project 'Condisco')
    cd /Users/spkoehl/Projects/VerbaLibera
    builtin-infoPlistUtility /var/folders/3w/91hphlzs0rv_1twbkfyhvn6m0000gn/T/condisco-preflight.dyPabj/DerivedData/Build/Intermediates.noindex/Condisco.build/Debug-iphonesimulator/CondiscoUITests.build/empty-CondiscoUITests.plist -producttype com.apple.product-type.bundle.ui-testing -expandbuildsettings -format binary -platform iphonesimulator -additionalcontentfile /var/folders/3w/91hphlzs0rv_1twbkfyhvn6m0000gn/T/condisco-preflight.dyPabj/DerivedData/Build/Intermediates.noindex/Condisco.build/Debug-iphonesimulator/CondiscoUITests.build/ProductTypeInfoPlistAdditions.plist -o /var/folders/3w/91hphlzs0rv_1twbkfyhvn6m0000gn/T/condisco-preflight.dyPabj/DerivedData/Build/Products/Debug-iphonesimulator/CondiscoUITests-Runner.app/PlugIns/CondiscoUITests.xctest/Info.plist

Ld /var/folders/3w/91hphlzs0rv_1twbkfyhvn6m0000gn/T/condisco-preflight.dyPabj/DerivedData/Build/Products/Debug-iphonesimulator/CondiscoUITests-Runner.app/PlugIns/CondiscoUITests.xctest/CondiscoUITests normal (in target 'CondiscoUITests' from project 'Condisco')
    cd /Users/spkoehl/Projects/VerbaLibera
    /Applications/Xcode.app/Contents/Developer/Toolchains/XcodeDefault.xctoolchain/usr/bin/clang -Xlinker -reproducible -target arm64-apple-ios17.0-simulator -bundle -isysroot /Applications/Xcode.app/Contents/Developer/Platforms/iPhoneSimulator.platform/Developer/SDKs/iPhoneSimulator27.0.sdk -O0 -Xlinker -no_warn_duplicate_libraries -L/var/folders/3w/91hphlzs0rv_1twbkfyhvn6m0000gn/T/condisco-preflight.dyPabj/DerivedData/Build/Intermediates.noindex/EagerLinkingTBDs/Debug-iphonesimulator -L/var/folders/3w/91hphlzs0rv_1twbkfyhvn6m0000gn/T/condisco-preflight.dyPabj/DerivedData/Build/Products/Debug-iphonesimulator -L/Applications/Xcode.app/Contents/Developer/Platforms/iPhoneSimulator.platform/Developer/usr/lib -F/var/folders/3w/91hphlzs0rv_1twbkfyhvn6m0000gn/T/condisco-preflight.dyPabj/DerivedData/Build/Intermediates.noindex/EagerLinkingTBDs/Debug-iphonesimulator -F/var/folders/3w/91hphlzs0rv_1twbkfyhvn6m0000gn/T/condisco-preflight.dyPabj/DerivedData/Build/Products/Debug-iphonesimulator -iframework /Applications/Xcode.app/Contents/Developer/Platforms/iPhoneSimulator.platform/Developer/Library/Frameworks -iframework /Applications/Xcode.app/Contents/Developer/Platforms/iPhoneSimulator.platform/Developer/SDKs/iPhoneSimulator27.0.sdk/Developer/Library/Frameworks -filelist /var/folders/3w/91hphlzs0rv_1twbkfyhvn6m0000gn/T/condisco-preflight.dyPabj/DerivedData/Build/Intermediates.noindex/Condisco.build/Debug-iphonesimulator/CondiscoUITests.build/Objects-normal/arm64/CondiscoUITests.LinkFileList -Xlinker -rpath -Xlinker /usr/lib/swift -Xlinker -rpath -Xlinker @loader_path/Frameworks -Xlinker -dead_strip -Xlinker -object_path_lto -Xlinker /var/folders/3w/91hphlzs0rv_1twbkfyhvn6m0000gn/T/condisco-preflight.dyPabj/DerivedData/Build/Intermediates.noindex/Condisco.build/Debug-iphonesimulator/CondiscoUITests.build/Objects-normal/arm64/CondiscoUITests_lto.o -rdynamic -Xlinker -no_deduplicate -Xlinker -objc_abi_version -Xlinker 2 -Xlinker -dependency_info -Xlinker /var/folders/3w/91hphlzs0rv_1twbkfyhvn6m0000gn/T/condisco-preflight.dyPabj/DerivedData/Build/Intermediates.noindex/Condisco.build/Debug-iphonesimulator/CondiscoUITests.build/Objects-normal/arm64/CondiscoUITests_dependency_info.dat -fobjc-link-runtime -L/Applications/Xcode.app/Contents/Developer/Toolchains/XcodeDefault.xctoolchain/usr/lib/swift/iphonesimulator -L/usr/lib/swift -Xlinker -add_ast_path -Xlinker /var/folders/3w/91hphlzs0rv_1twbkfyhvn6m0000gn/T/condisco-preflight.dyPabj/DerivedData/Build/Intermediates.noindex/Condisco.build/Debug-iphonesimulator/CondiscoUITests.build/Objects-normal/arm64/CondiscoUITests.swiftmodule -Xlinker -needed_framework -Xlinker XCTest -framework XCTest -Xlinker -needed-lXCTestSwiftSupport -lXCTestSwiftSupport -Xlinker -sectcreate -Xlinker __TEXT -Xlinker __entitlements -Xlinker /var/folders/3w/91hphlzs0rv_1twbkfyhvn6m0000gn/T/condisco-preflight.dyPabj/DerivedData/Build/Intermediates.noindex/Condisco.build/Debug-iphonesimulator/CondiscoUITests.build/CondiscoUITests.xctest-Simulated.xcent -Xlinker -sectcreate -Xlinker __TEXT -Xlinker __ents_der -Xlinker /var/folders/3w/91hphlzs0rv_1twbkfyhvn6m0000gn/T/condisco-preflight.dyPabj/DerivedData/Build/Intermediates.noindex/Condisco.build/Debug-iphonesimulator/CondiscoUITests.build/CondiscoUITests.xctest-Simulated.xcent.der -Xlinker -no_adhoc_codesign -o /var/folders/3w/91hphlzs0rv_1twbkfyhvn6m0000gn/T/condisco-preflight.dyPabj/DerivedData/Build/Products/Debug-iphonesimulator/CondiscoUITests-Runner.app/PlugIns/CondiscoUITests.xctest/CondiscoUITests

CopySwiftLibs /var/folders/3w/91hphlzs0rv_1twbkfyhvn6m0000gn/T/condisco-preflight.dyPabj/DerivedData/Build/Products/Debug-iphonesimulator/CondiscoUITests-Runner.app/PlugIns/CondiscoUITests.xctest (in target 'CondiscoUITests' from project 'Condisco')
    cd /Users/spkoehl/Projects/VerbaLibera
    builtin-swiftStdLibTool --copy --verbose --sign - --scan-executable /var/folders/3w/91hphlzs0rv_1twbkfyhvn6m0000gn/T/condisco-preflight.dyPabj/DerivedData/Build/Products/Debug-iphonesimulator/CondiscoUITests-Runner.app/PlugIns/CondiscoUITests.xctest/CondiscoUITests --scan-folder /var/folders/3w/91hphlzs0rv_1twbkfyhvn6m0000gn/T/condisco-preflight.dyPabj/DerivedData/Build/Products/Debug-iphonesimulator/CondiscoUITests-Runner.app/PlugIns/CondiscoUITests.xctest/Frameworks --scan-folder /var/folders/3w/91hphlzs0rv_1twbkfyhvn6m0000gn/T/condisco-preflight.dyPabj/DerivedData/Build/Products/Debug-iphonesimulator/CondiscoUITests-Runner.app/PlugIns/CondiscoUITests.xctest/PlugIns --scan-folder /var/folders/3w/91hphlzs0rv_1twbkfyhvn6m0000gn/T/condisco-preflight.dyPabj/DerivedData/Build/Products/Debug-iphonesimulator/CondiscoUITests-Runner.app/PlugIns/CondiscoUITests.xctest/SystemExtensions --scan-folder /var/folders/3w/91hphlzs0rv_1twbkfyhvn6m0000gn/T/condisco-preflight.dyPabj/DerivedData/Build/Products/Debug-iphonesimulator/CondiscoUITests-Runner.app/PlugIns/CondiscoUITests.xctest/Extensions --platform iphonesimulator --toolchain /Applications/Xcode.app/Contents/Developer/Toolchains/XcodeDefault.xctoolchain --destination /var/folders/3w/91hphlzs0rv_1twbkfyhvn6m0000gn/T/condisco-preflight.dyPabj/DerivedData/Build/Products/Debug-iphonesimulator/CondiscoUITests-Runner.app/PlugIns/CondiscoUITests.xctest/Frameworks --strip-bitcode --scan-executable /Applications/Xcode.app/Contents/Developer/Platforms/iPhoneSimulator.platform/Developer/usr/lib/libXCTestSwiftSupport.dylib --strip-bitcode-tool /Applications/Xcode.app/Contents/Developer/Toolchains/XcodeDefault.xctoolchain/usr/bin/bitcode_strip --emit-dependency-info /var/folders/3w/91hphlzs0rv_1twbkfyhvn6m0000gn/T/condisco-preflight.dyPabj/DerivedData/Build/Intermediates.noindex/Condisco.build/Debug-iphonesimulator/CondiscoUITests.build/SwiftStdLibToolInputDependencies.dep --filter-for-swift-os

ExtractAppIntentsMetadata (in target 'CondiscoUITests' from project 'Condisco')
    cd /Users/spkoehl/Projects/VerbaLibera
    /Applications/Xcode.app/Contents/Developer/Toolchains/XcodeDefault.xctoolchain/usr/bin/appintentsmetadataprocessor --toolchain-dir /Applications/Xcode.app/Contents/Developer/Toolchains/XcodeDefault.xctoolchain --module-name CondiscoUITests --sdk-root /Applications/Xcode.app/Contents/Developer/Platforms/iPhoneSimulator.platform/Developer/SDKs/iPhoneSimulator27.0.sdk --xcode-version 27A266a --platform-family iOS --deployment-target 17.0 --bundle-identifier com.sleuthysloth.condisco.UITests --output /var/folders/3w/91hphlzs0rv_1twbkfyhvn6m0000gn/T/condisco-preflight.dyPabj/DerivedData/Build/Products/Debug-iphonesimulator/CondiscoUITests-Runner.app/PlugIns/CondiscoUITests.xctest --target-triple arm64-apple-ios17.0-simulator --binary-file /var/folders/3w/91hphlzs0rv_1twbkfyhvn6m0000gn/T/condisco-preflight.dyPabj/DerivedData/Build/Products/Debug-iphonesimulator/CondiscoUITests-Runner.app/PlugIns/CondiscoUITests.xctest/CondiscoUITests --dependency-file /var/folders/3w/91hphlzs0rv_1twbkfyhvn6m0000gn/T/condisco-preflight.dyPabj/DerivedData/Build/Intermediates.noindex/Condisco.build/Debug-iphonesimulator/CondiscoUITests.build/Objects-normal/arm64/CondiscoUITests_dependency_info.dat --stringsdata-file /var/folders/3w/91hphlzs0rv_1twbkfyhvn6m0000gn/T/condisco-preflight.dyPabj/DerivedData/Build/Intermediates.noindex/Condisco.build/Debug-iphonesimulator/CondiscoUITests.build/Objects-normal/arm64/ExtractedAppShortcutsMetadata.stringsdata --source-file-list /var/folders/3w/91hphlzs0rv_1twbkfyhvn6m0000gn/T/condisco-preflight.dyPabj/DerivedData/Build/Intermediates.noindex/Condisco.build/Debug-iphonesimulator/CondiscoUITests.build/Objects-normal/arm64/CondiscoUITests.SwiftFileList --metadata-file-list /var/folders/3w/91hphlzs0rv_1twbkfyhvn6m0000gn/T/condisco-preflight.dyPabj/DerivedData/Build/Intermediates.noindex/Condisco.build/Debug-iphonesimulator/CondiscoUITests.build/CondiscoUITests.DependencyMetadataFileList --static-metadata-file-list /var/folders/3w/91hphlzs0rv_1twbkfyhvn6m0000gn/T/condisco-preflight.dyPabj/DerivedData/Build/Intermediates.noindex/Condisco.build/Debug-iphonesimulator/CondiscoUITests.build/CondiscoUITests.DependencyStaticMetadataFileList --swift-const-vals-list /var/folders/3w/91hphlzs0rv_1twbkfyhvn6m0000gn/T/condisco-preflight.dyPabj/DerivedData/Build/Intermediates.noindex/Condisco.build/Debug-iphonesimulator/CondiscoUITests.build/Objects-normal/arm64/CondiscoUITests.SwiftConstValuesFileList --compile-time-extraction --deployment-aware-processing --no-app-shortcuts-localization
2026-09-25 19:00:15.587 appintentsmetadataprocessor[22030:6557264] Starting appintentsmetadataprocessor export
2026-09-25 19:00:15.589 appintentsmetadataprocessor[22030:6557264] warning: Metadata extraction skipped, no AppIntents.framework dependency found

AppIntentsSSUTraining (in target 'CondiscoUITests' from project 'Condisco')
    cd /Users/spkoehl/Projects/VerbaLibera
    /Applications/Xcode.app/Contents/Developer/Toolchains/XcodeDefault.xctoolchain/usr/bin/appintentsnltrainingprocessor --infoplist-path /var/folders/3w/91hphlzs0rv_1twbkfyhvn6m0000gn/T/condisco-preflight.dyPabj/DerivedData/Build/Products/Debug-iphonesimulator/CondiscoUITests-Runner.app/PlugIns/CondiscoUITests.xctest/Info.plist --temp-dir-path /var/folders/3w/91hphlzs0rv_1twbkfyhvn6m0000gn/T/condisco-preflight.dyPabj/DerivedData/Build/Intermediates.noindex/Condisco.build/Debug-iphonesimulator/CondiscoUITests.build/ssu --bundle-id com.sleuthysloth.condisco.UITests --product-path /var/folders/3w/91hphlzs0rv_1twbkfyhvn6m0000gn/T/condisco-preflight.dyPabj/DerivedData/Build/Products/Debug-iphonesimulator/CondiscoUITests-Runner.app/PlugIns/CondiscoUITests.xctest --extracted-metadata-path /var/folders/3w/91hphlzs0rv_1twbkfyhvn6m0000gn/T/condisco-preflight.dyPabj/DerivedData/Build/Products/Debug-iphonesimulator/CondiscoUITests-Runner.app/PlugIns/CondiscoUITests.xctest/Metadata.appintents --metadata-file-list /var/folders/3w/91hphlzs0rv_1twbkfyhvn6m0000gn/T/condisco-preflight.dyPabj/DerivedData/Build/Intermediates.noindex/Condisco.build/Debug-iphonesimulator/CondiscoUITests.build/CondiscoUITests.DependencyMetadataFileList --source-file /var/folders/3w/91hphlzs0rv_1twbkfyhvn6m0000gn/T/condisco-preflight.dyPabj/DerivedData/Build/Products/Debug-iphonesimulator/CondiscoUITests-Runner.app/PlugIns/CondiscoUITests.xctest/Info.plist --archive-ssu-assets
2026-09-25 19:00:15.616 appintentsnltrainingprocessor[22031:6557265] Parsing options for appintentsnltrainingprocessor
2026-09-25 19:00:15.616 appintentsnltrainingprocessor[22031:6557265] Starting AppIntents SSU YAML Generation
2026-09-25 19:00:15.617 appintentsnltrainingprocessor[22031:6557265] No AppShortcuts found - Skipping.

CopyAndPreserveArchs /var/folders/3w/91hphlzs0rv_1twbkfyhvn6m0000gn/T/condisco-preflight.dyPabj/DerivedData/Build/Products/Debug-iphonesimulator/CondiscoUITests-Runner.app/CondiscoUITests-Runner (in target 'CondiscoUITests' from project 'Condisco')
    cd /Users/spkoehl/Projects/VerbaLibera
    /Applications/Xcode.app/Contents/Developer/Toolchains/XcodeDefault.xctoolchain/usr/bin/lipo /Applications/Xcode.app/Contents/Developer/Platforms/iPhoneSimulator.platform/Developer/Library/Xcode/Agents/XCTRunner.app/XCTRunner -output /var/folders/3w/91hphlzs0rv_1twbkfyhvn6m0000gn/T/condisco-preflight.dyPabj/DerivedData/Build/Products/Debug-iphonesimulator/CondiscoUITests-Runner.app/CondiscoUITests-Runner -extract arm64

CopyPlistFile /var/folders/3w/91hphlzs0rv_1twbkfyhvn6m0000gn/T/condisco-preflight.dyPabj/DerivedData/Build/Products/Debug-iphonesimulator/CondiscoUITests-Runner.app/Info.plist /Applications/Xcode.app/Contents/Developer/Platforms/iPhoneSimulator.platform/Developer/Library/Xcode/Agents/XCTRunner.app/Info.plist (in target 'CondiscoUITests' from project 'Condisco')
    cd /Users/spkoehl/Projects/VerbaLibera
    builtin-copyPlist --validate --convert xml1 --macro-expansion WRAPPEDPRODUCTNAME CondiscoUITests-Runner --macro-expansion WRAPPEDPRODUCTBUNDLEIDENTIFIER com.sleuthysloth.condisco.UITests.xctrunner --macro-expansion TESTPRODUCTNAME CondiscoUITests --macro-expansion TESTPRODUCTBUNDLEIDENTIFIER com.sleuthysloth.condisco.UITests --copy-value UIDeviceFamily /var/folders/3w/91hphlzs0rv_1twbkfyhvn6m0000gn/T/condisco-preflight.dyPabj/DerivedData/Build/Products/Debug-iphonesimulator/CondiscoUITests-Runner.app/PlugIns/CondiscoUITests.xctest/Info.plist --outdir /var/folders/3w/91hphlzs0rv_1twbkfyhvn6m0000gn/T/condisco-preflight.dyPabj/DerivedData/Build/Products/Debug-iphonesimulator/CondiscoUITests-Runner.app -- /Applications/Xcode.app/Contents/Developer/Platforms/iPhoneSimulator.platform/Developer/Library/Xcode/Agents/XCTRunner.app/Info.plist

MkDir /var/folders/3w/91hphlzs0rv_1twbkfyhvn6m0000gn/T/condisco-preflight.dyPabj/DerivedData/Build/Products/Debug-iphonesimulator/CondiscoUITests-Runner.app (in target 'CondiscoUITests' from project 'Condisco')
    cd /Users/spkoehl/Projects/VerbaLibera
    /bin/mkdir -p /var/folders/3w/91hphlzs0rv_1twbkfyhvn6m0000gn/T/condisco-preflight.dyPabj/DerivedData/Build/Products/Debug-iphonesimulator/CondiscoUITests-Runner.app

Copy /var/folders/3w/91hphlzs0rv_1twbkfyhvn6m0000gn/T/condisco-preflight.dyPabj/DerivedData/Build/Products/Debug-iphonesimulator/CondiscoUITests-Runner.app/PkgInfo /Applications/Xcode.app/Contents/Developer/Platforms/iPhoneSimulator.platform/Developer/Library/Xcode/Agents/XCTRunner.app/PkgInfo (in target 'CondiscoUITests' from project 'Condisco')
    cd /Users/spkoehl/Projects/VerbaLibera
    builtin-copy -exclude .DS_Store -exclude CVS -exclude .svn -exclude .git -exclude .hg -resolve-src-symlinks /Applications/Xcode.app/Contents/Developer/Platforms/iPhoneSimulator.platform/Developer/Library/Xcode/Agents/XCTRunner.app/PkgInfo /var/folders/3w/91hphlzs0rv_1twbkfyhvn6m0000gn/T/condisco-preflight.dyPabj/DerivedData/Build/Products/Debug-iphonesimulator/CondiscoUITests-Runner.app

CodeSign /var/folders/3w/91hphlzs0rv_1twbkfyhvn6m0000gn/T/condisco-preflight.dyPabj/DerivedData/Build/Products/Debug-iphonesimulator/CondiscoUITests-Runner.app/PlugIns/CondiscoUITests.xctest (in target 'CondiscoUITests' from project 'Condisco')
    cd /Users/spkoehl/Projects/VerbaLibera
    
    Signing Identity:     "Sign to Run Locally"
    
    /usr/bin/codesign --force --sign - --timestamp\=none --generate-entitlement-der /var/folders/3w/91hphlzs0rv_1twbkfyhvn6m0000gn/T/condisco-preflight.dyPabj/DerivedData/Build/Products/Debug-iphonesimulator/CondiscoUITests-Runner.app/PlugIns/CondiscoUITests.xctest

CodeSign /var/folders/3w/91hphlzs0rv_1twbkfyhvn6m0000gn/T/condisco-preflight.dyPabj/DerivedData/Build/Products/Debug-iphonesimulator/CondiscoUITests-Runner.app (in target 'CondiscoUITests' from project 'Condisco')
    cd /Users/spkoehl/Projects/VerbaLibera
    
    Signing Identity:     "Sign to Run Locally"
    
    /usr/bin/codesign --force --sign - --timestamp\=none --generate-entitlement-der /var/folders/3w/91hphlzs0rv_1twbkfyhvn6m0000gn/T/condisco-preflight.dyPabj/DerivedData/Build/Products/Debug-iphonesimulator/CondiscoUITests-Runner.app
/var/folders/3w/91hphlzs0rv_1twbkfyhvn6m0000gn/T/condisco-preflight.dyPabj/DerivedData/Build/Products/Debug-iphonesimulator/CondiscoUITests-Runner.app: replacing existing signature

RegisterExecutionPolicyException /var/folders/3w/91hphlzs0rv_1twbkfyhvn6m0000gn/T/condisco-preflight.dyPabj/DerivedData/Build/Products/Debug-iphonesimulator/CondiscoUITests-Runner.app/PlugIns/CondiscoUITests.xctest (in target 'CondiscoUITests' from project 'Condisco')
    cd /Users/spkoehl/Projects/VerbaLibera
    builtin-RegisterExecutionPolicyException /var/folders/3w/91hphlzs0rv_1twbkfyhvn6m0000gn/T/condisco-preflight.dyPabj/DerivedData/Build/Products/Debug-iphonesimulator/CondiscoUITests-Runner.app/PlugIns/CondiscoUITests.xctest

Touch /var/folders/3w/91hphlzs0rv_1twbkfyhvn6m0000gn/T/condisco-preflight.dyPabj/DerivedData/Build/Products/Debug-iphonesimulator/CondiscoUITests-Runner.app/PlugIns/CondiscoUITests.xctest (in target 'CondiscoUITests' from project 'Condisco')
    cd /Users/spkoehl/Projects/VerbaLibera
    /usr/bin/touch -c /var/folders/3w/91hphlzs0rv_1twbkfyhvn6m0000gn/T/condisco-preflight.dyPabj/DerivedData/Build/Products/Debug-iphonesimulator/CondiscoUITests-Runner.app/PlugIns/CondiscoUITests.xctest

PruneExplicitPrecompiledModules /var/folders/3w/91hphlzs0rv_1twbkfyhvn6m0000gn/T/condisco-preflight.dyPabj/DerivedData/Build/Intermediates.noindex/ExplicitPrecompiledModules

PruneExplicitPrecompiledModules /var/folders/3w/91hphlzs0rv_1twbkfyhvn6m0000gn/T/condisco-preflight.dyPabj/DerivedData/Build/Intermediates.noindex/SwiftExplicitPrecompiledModules

PruneExplicitPrecompiledModules /var/folders/3w/91hphlzs0rv_1twbkfyhvn6m0000gn/T/condisco-preflight.dyPabj/DerivedData/SDKExplicitPrecompiledModules

2026-09-25 19:00:57.982171-0700 Condisco[22072:6558021] [XPCErrors] non-launching port is incompatible with service identifier "com.apple.PointerUI.pointeruid.default-service"
2026-09-25 19:00:57.987249-0700 Condisco[22072:6558021] [API] cannot add handler to 0 from 0 - dropping
2026-09-25 19:00:57.990417-0700 Condisco[22072:6558021] [API] cannot add handler to 0 from 0 - dropping
2026-09-25 19:00:57.990951-0700 Condisco[22072:6558021] [API] cannot add handler to 0 from 0 - dropping
2026-09-25 19:00:57.991057-0700 Condisco[22072:6558021] [API] cannot add handler to 0 from 0 - dropping
Test Suite 'All tests' started at 2026-09-25 19:01:00.840.
Test Suite 'CondiscoTests.xctest' started at 2026-09-25 19:01:00.843.
Test Suite 'ActivityEvaluationTests' started at 2026-09-25 19:01:00.843.
Test Case '-[CondiscoTests.ActivityEvaluationTests testAssistanceTaintsOnlyPerActivityKinds]' started.
Test Case '-[CondiscoTests.ActivityEvaluationTests testAssistanceTaintsOnlyPerActivityKinds]' passed (0.007 seconds).
Test Case '-[CondiscoTests.ActivityEvaluationTests testClozeAllOrNothingGrading]' started.
Test Case '-[CondiscoTests.ActivityEvaluationTests testClozeAllOrNothingGrading]' passed (0.003 seconds).
Test Case '-[CondiscoTests.ActivityEvaluationTests testHintTextForClozeUsesFirstAnswerLetter]' started.
Test Case '-[CondiscoTests.ActivityEvaluationTests testHintTextForClozeUsesFirstAnswerLetter]' passed (0.001 seconds).
Test Case '-[CondiscoTests.ActivityEvaluationTests testInformationActivityRequiresContinue]' started.
Test Case '-[CondiscoTests.ActivityEvaluationTests testInformationActivityRequiresContinue]' passed (0.085 seconds).
Test Case '-[CondiscoTests.ActivityEvaluationTests testMatchingEvaluation]' started.
Test Case '-[CondiscoTests.ActivityEvaluationTests testMatchingEvaluation]' passed (0.000 seconds).
Test Case '-[CondiscoTests.ActivityEvaluationTests testOrderingEvaluation]' started.
Test Case '-[CondiscoTests.ActivityEvaluationTests testOrderingEvaluation]' passed (0.000 seconds).
Test Case '-[CondiscoTests.ActivityEvaluationTests testSelectionCorrectAndIncorrect]' started.
Test Case '-[CondiscoTests.ActivityEvaluationTests testSelectionCorrectAndIncorrect]' passed (0.000 seconds).
Test Case '-[CondiscoTests.ActivityEvaluationTests testSelectionRejectsMalformedSelections]' started.
Test Case '-[CondiscoTests.ActivityEvaluationTests testSelectionRejectsMalformedSelections]' passed (0.000 seconds).
Test Case '-[CondiscoTests.ActivityEvaluationTests testTextActivityGrading]' started.
Test Case '-[CondiscoTests.ActivityEvaluationTests testTextActivityGrading]' passed (0.039 seconds).
Test Case '-[CondiscoTests.ActivityEvaluationTests testValidDraftHelper]' started.
Test Case '-[CondiscoTests.ActivityEvaluationTests testValidDraftHelper]' passed (0.001 seconds).
Test Suite 'ActivityEvaluationTests' passed at 2026-09-25 19:01:00.983.
	 Executed 10 tests, with 0 failures (0 unexpected) in 0.136 (0.140) seconds
Test Suite 'AnswerEngineTests' started at 2026-09-25 19:01:00.985.
Test Case '-[CondiscoTests.AnswerEngineTests testAcceptedAlternativeTagsSecondForm]' started.
Test Case '-[CondiscoTests.AnswerEngineTests testAcceptedAlternativeTagsSecondForm]' passed (0.005 seconds).
Test Case '-[CondiscoTests.AnswerEngineTests testAuthoredErrorHitsCategoryAndExplains]' started.
Test Case '-[CondiscoTests.AnswerEngineTests testAuthoredErrorHitsCategoryAndExplains]' passed (0.000 seconds).
Test Case '-[CondiscoTests.AnswerEngineTests testBlankAndOverlongResponsesRejected]' started.
Test Case '-[CondiscoTests.AnswerEngineTests testBlankAndOverlongResponsesRejected]' passed (0.001 seconds).
Test Case '-[CondiscoTests.AnswerEngineTests testBoundedEditDistance]' started.
Test Case '-[CondiscoTests.AnswerEngineTests testBoundedEditDistance]' passed (0.001 seconds).
Test Case '-[CondiscoTests.AnswerEngineTests testCaseAndPunctuationAndWhitespaceTolerance]' started.
Test Case '-[CondiscoTests.AnswerEngineTests testCaseAndPunctuationAndWhitespaceTolerance]' passed (0.001 seconds).
Test Case '-[CondiscoTests.AnswerEngineTests testExactMatchGivesFullCredit]' started.
Test Case '-[CondiscoTests.AnswerEngineTests testExactMatchGivesFullCredit]' passed (0.010 seconds).
Test Case '-[CondiscoTests.AnswerEngineTests testExtraWordDetected]' started.
Test Case '-[CondiscoTests.AnswerEngineTests testExtraWordDetected]' passed (0.001 seconds).
Test Case '-[CondiscoTests.AnswerEngineTests testMissingWordDetected]' started.
Test Case '-[CondiscoTests.AnswerEngineTests testMissingWordDetected]' passed (0.001 seconds).
Test Case '-[CondiscoTests.AnswerEngineTests testNormalizePrimitives]' started.
Test Case '-[CondiscoTests.AnswerEngineTests testNormalizePrimitives]' passed (0.000 seconds).
Test Case '-[CondiscoTests.AnswerEngineTests testTypoAcceptedAsPartialCreditWhenAllowed]' started.
Test Case '-[CondiscoTests.AnswerEngineTests testTypoAcceptedAsPartialCreditWhenAllowed]' passed (0.001 seconds).
Test Case '-[CondiscoTests.AnswerEngineTests testTypoRejectedWhenStrict]' started.
Test Case '-[CondiscoTests.AnswerEngineTests testTypoRejectedWhenStrict]' passed (0.000 seconds).
Test Case '-[CondiscoTests.AnswerEngineTests testWordOrderProblemDetected]' started.
Test Case '-[CondiscoTests.AnswerEngineTests testWordOrderProblemDetected]' passed (0.001 seconds).
Test Case '-[CondiscoTests.AnswerEngineTests testWrongAnswerRejected]' started.
Test Case '-[CondiscoTests.AnswerEngineTests testWrongAnswerRejected]' passed (0.001 seconds).
Test Suite 'AnswerEngineTests' passed at 2026-09-25 19:01:01.010.
	 Executed 13 tests, with 0 failures (0 unexpected) in 0.021 (0.025) seconds
Test Suite 'FsrsStateTests' started at 2026-09-25 19:01:01.011.
Test Case '-[CondiscoTests.FsrsStateTests testFirstGoodReviewInitializesState]' started.
Test Case '-[CondiscoTests.FsrsStateTests testFirstGoodReviewInitializesState]' passed (0.000 seconds).
Test Case '-[CondiscoTests.FsrsStateTests testGradeForAttemptMapsOutcomes]' started.
Test Case '-[CondiscoTests.FsrsStateTests testGradeForAttemptMapsOutcomes]' passed (0.001 seconds).
Test Case '-[CondiscoTests.FsrsStateTests testLegacyPayloadWithoutRepetitionsDefaultsToZero]' started.
Test Case '-[CondiscoTests.FsrsStateTests testLegacyPayloadWithoutRepetitionsDefaultsToZero]' passed (0.009 seconds).
Test Case '-[CondiscoTests.FsrsStateTests testLegacySM2PayloadDecodesTolerantly]' started.
Test Case '-[CondiscoTests.FsrsStateTests testLegacySM2PayloadDecodesTolerantly]' passed (0.000 seconds).
Test Case '-[CondiscoTests.FsrsStateTests testRoundTripEncodeDecode]' started.
Test Case '-[CondiscoTests.FsrsStateTests testRoundTripEncodeDecode]' passed (0.000 seconds).
Test Suite 'FsrsStateTests' passed at 2026-09-25 19:01:01.023.
	 Executed 5 tests, with 0 failures (0 unexpected) in 0.011 (0.012) seconds
Test Suite 'LearningStoreTests' started at 2026-09-25 19:01:01.023.
Test Case '-[CondiscoTests.LearningStoreTests testAttemptProjectRoundTrip]' started.
Test Case '-[CondiscoTests.LearningStoreTests testAttemptProjectRoundTrip]' passed (0.010 seconds).
Test Case '-[CondiscoTests.LearningStoreTests testCheckpointSaveLoadRoundTrip]' started.
Test Case '-[CondiscoTests.LearningStoreTests testCheckpointSaveLoadRoundTrip]' passed (0.006 seconds).
Test Case '-[CondiscoTests.LearningStoreTests testClearCheckpointRecordsTombstone]' started.
Test Case '-[CondiscoTests.LearningStoreTests testClearCheckpointRecordsTombstone]' passed (0.006 seconds).
Test Case '-[CondiscoTests.LearningStoreTests testCorruptEventIdsStableOrderAndFirstBadRowNamed]' started.
Test Case '-[CondiscoTests.LearningStoreTests testCorruptEventIdsStableOrderAndFirstBadRowNamed]' passed (0.014 seconds).
Test Case '-[CondiscoTests.LearningStoreTests testCorruptRowIsNeverUploaded]' started.
Test Case '-[CondiscoTests.LearningStoreTests testCorruptRowIsNeverUploaded]' passed (0.007 seconds).
Test Case '-[CondiscoTests.LearningStoreTests testCorruptStoredEventPayloadRawLogsThrowTypedErrorNotCrash]' started.
Test Case '-[CondiscoTests.LearningStoreTests testCorruptStoredEventPayloadRawLogsThrowTypedErrorNotCrash]' passed (0.007 seconds).
Test Case '-[CondiscoTests.LearningStoreTests testCorruptStoredEventPayloadStillProjectsAndSyncs]' started.
Test Case '-[CondiscoTests.LearningStoreTests testCorruptStoredEventPayloadStillProjectsAndSyncs]' passed (0.007 seconds).
Test Case '-[CondiscoTests.LearningStoreTests testDueEvidenceIncludesScheduledKey]' started.
Test Case '-[CondiscoTests.LearningStoreTests testDueEvidenceIncludesScheduledKey]' passed (0.006 seconds).
Test Case '-[CondiscoTests.LearningStoreTests testDuplicateConflictingRecordThrowsConflict]' started.
Test Case '-[CondiscoTests.LearningStoreTests testDuplicateConflictingRecordThrowsConflict]' passed (0.005 seconds).
Test Case '-[CondiscoTests.LearningStoreTests testDuplicateIdenticalRecordDoesNotDuplicateRows]' started.
Test Case '-[CondiscoTests.LearningStoreTests testDuplicateIdenticalRecordDoesNotDuplicateRows]' passed (0.005 seconds).
Test Case '-[CondiscoTests.LearningStoreTests testDuplicateWithReorderedKeyPayloadIsNoOp]' started.
Test Case '-[CondiscoTests.LearningStoreTests testDuplicateWithReorderedKeyPayloadIsNoOp]' passed (0.006 seconds).
Test Case '-[CondiscoTests.LearningStoreTests testFailureAttemptIncrementsFailures]' started.
Test Case '-[CondiscoTests.LearningStoreTests testFailureAttemptIncrementsFailures]' passed (0.006 seconds).
Test Case '-[CondiscoTests.LearningStoreTests testIngestSyncedConflictingSameIdDoesNotDuplicateRows]' started.
Test Case '-[CondiscoTests.LearningStoreTests testIngestSyncedConflictingSameIdDoesNotDuplicateRows]' passed (0.006 seconds).
Test Case '-[CondiscoTests.LearningStoreTests testIngestSyncedContinuesPastCorruptLocalRow]' started.
Test Case '-[CondiscoTests.LearningStoreTests testIngestSyncedContinuesPastCorruptLocalRow]' passed (0.007 seconds).
Test Case '-[CondiscoTests.LearningStoreTests testIngestSyncedMarksEventsUploaded]' started.
Test Case '-[CondiscoTests.LearningStoreTests testIngestSyncedMarksEventsUploaded]' passed (0.006 seconds).
Test Case '-[CondiscoTests.LearningStoreTests testIngestSyncedReplayWithReorderedKeysIsIdempotent]' started.
Test Case '-[CondiscoTests.LearningStoreTests testIngestSyncedReplayWithReorderedKeysIsIdempotent]' passed (0.006 seconds).
Test Case '-[CondiscoTests.LearningStoreTests testKvAndDeviceId]' started.
Test Case '-[CondiscoTests.LearningStoreTests testKvAndDeviceId]' passed (0.004 seconds).
Test Case '-[CondiscoTests.LearningStoreTests testMissionTriedMarkerEmptyValueIsUntried]' started.
Test Case '-[CondiscoTests.LearningStoreTests testMissionTriedMarkerEmptyValueIsUntried]' passed (0.005 seconds).
Test Case '-[CondiscoTests.LearningStoreTests testMissionTriedMarkerLeavesSavedPhrasesUntouched]' started.
Test Case '-[CondiscoTests.LearningStoreTests testMissionTriedMarkerLeavesSavedPhrasesUntouched]' passed (0.004 seconds).
Test Case '-[CondiscoTests.LearningStoreTests testMissionTriedMarkerMissingKeyIsUntried]' started.
Test Case '-[CondiscoTests.LearningStoreTests testMissionTriedMarkerMissingKeyIsUntried]' passed (0.004 seconds).
Test Case '-[CondiscoTests.LearningStoreTests testMissionTriedMarkerRoundTrip]' started.
Test Case '-[CondiscoTests.LearningStoreTests testMissionTriedMarkerRoundTrip]' passed (0.005 seconds).
Test Case '-[CondiscoTests.LearningStoreTests testMissionTriedMarkerUnmarkViaDelete]' started.
Test Case '-[CondiscoTests.LearningStoreTests testMissionTriedMarkerUnmarkViaDelete]' passed (0.005 seconds).
Test Case '-[CondiscoTests.LearningStoreTests testOfflineFirstLocalPathsWorkWithoutSync]' started.
Test Case '-[CondiscoTests.LearningStoreTests testOfflineFirstLocalPathsWorkWithoutSync]' passed (0.008 seconds).
Test Case '-[CondiscoTests.LearningStoreTests testPackScopedTolerantReadReturnsGoodEventsAndReportsSkipped]' started.
Test Case '-[CondiscoTests.LearningStoreTests testPackScopedTolerantReadReturnsGoodEventsAndReportsSkipped]' passed (0.008 seconds).
Test Case '-[CondiscoTests.LearningStoreTests testRecordClozeValuesReorderedKeysIsNoOp]' started.
Test Case '-[CondiscoTests.LearningStoreTests testRecordClozeValuesReorderedKeysIsNoOp]' passed (0.006 seconds).
Test Case '-[CondiscoTests.LearningStoreTests testSavedPhraseSaveUnsaveRoundTrip]' started.
Test Case '-[CondiscoTests.LearningStoreTests testSavedPhraseSaveUnsaveRoundTrip]' passed (0.006 seconds).
Test Case '-[CondiscoTests.LearningStoreTests testTwoDeviceCheckpointLastWriteWinsAndTombstoneConvergence]' started.
Test Case '-[CondiscoTests.LearningStoreTests testTwoDeviceCheckpointLastWriteWinsAndTombstoneConvergence]' passed (0.011 seconds).
Test Case '-[CondiscoTests.LearningStoreTests testTwoDeviceEventMergeConvergesWithoutLossOrDuplicates]' started.
Test Case '-[CondiscoTests.LearningStoreTests testTwoDeviceEventMergeConvergesWithoutLossOrDuplicates]' passed (0.016 seconds).
Test Case '-[CondiscoTests.LearningStoreTests testTwoDeviceListenStateLastWriteWins]' started.
Test Case '-[CondiscoTests.LearningStoreTests testTwoDeviceListenStateLastWriteWins]' passed (0.009 seconds).
Test Case '-[CondiscoTests.LearningStoreTests testTwoDeviceSavedPhraseMergeTombstoneAndUnion]' started.
Test Case '-[CondiscoTests.LearningStoreTests testTwoDeviceSavedPhraseMergeTombstoneAndUnion]' passed (0.011 seconds).
Test Case '-[CondiscoTests.LearningStoreTests testWarmUpAttemptReschedulesFsrsIdenticallyToReview]' started.
Test Case '-[CondiscoTests.LearningStoreTests testWarmUpAttemptReschedulesFsrsIdenticallyToReview]' passed (0.022 seconds).
Test Case '-[CondiscoTests.LearningStoreTests testWarmUpEmptyWhenNothingDueEarlier]' started.
Test Case '-[CondiscoTests.LearningStoreTests testWarmUpEmptyWhenNothingDueEarlier]' passed (0.003 seconds).
Test Case '-[CondiscoTests.LearningStoreTests testWarmUpExcludesCurrentLessonEvidenceKeys]' started.
Test Case '-[CondiscoTests.LearningStoreTests testWarmUpExcludesCurrentLessonEvidenceKeys]' passed (0.001 seconds).
Test Case '-[CondiscoTests.LearningStoreTests testWarmUpExcludesReviewFallbackItems]' started.
Test Case '-[CondiscoTests.LearningStoreTests testWarmUpExcludesReviewFallbackItems]' passed (0.001 seconds).
Test Case '-[CondiscoTests.LearningStoreTests testWarmUpLeavesCheckpointSemanticsIntact]' started.
Test Case '-[CondiscoTests.LearningStoreTests testWarmUpLeavesCheckpointSemanticsIntact]' passed (0.013 seconds).
Test Case '-[CondiscoTests.LearningStoreTests testWarmUpNeverDuplicatesWithinMission]' started.
Test Case '-[CondiscoTests.LearningStoreTests testWarmUpNeverDuplicatesWithinMission]' passed (0.001 seconds).
Test Case '-[CondiscoTests.LearningStoreTests testWarmUpSelectsOldestFirstFromEarlierLessonsOnly]' started.
Test Case '-[CondiscoTests.LearningStoreTests testWarmUpSelectsOldestFirstFromEarlierLessonsOnly]' passed (0.001 seconds).
Test Suite 'LearningStoreTests' passed at 2026-09-25 19:01:01.284.
	 Executed 37 tests, with 0 failures (0 unexpected) in 0.253 (0.261) seconds
Test Suite 'LessonContextTests' started at 2026-09-25 19:01:01.285.
Test Case '-[CondiscoTests.LessonContextTests testRevisitedStoryQuestionDoesNotShowLaterSpoiler]' started.
Test Case '-[CondiscoTests.LessonContextTests testRevisitedStoryQuestionDoesNotShowLaterSpoiler]' passed (0.001 seconds).
Test Case '-[CondiscoTests.LessonContextTests testStoryQuestionShowsMostRecentStoryBeat]' started.
Test Case '-[CondiscoTests.LessonContextTests testStoryQuestionShowsMostRecentStoryBeat]' passed (0.001 seconds).
Test Suite 'LessonContextTests' passed at 2026-09-25 19:01:01.286.
	 Executed 2 tests, with 0 failures (0 unexpected) in 0.001 (0.002) seconds
Test Suite 'LessonSessionTests' started at 2026-09-25 19:01:01.287.
Test Case '-[CondiscoTests.LessonSessionTests testAdvanceOnIncompleteStepThrows]' started.
Test Case '-[CondiscoTests.LessonSessionTests testAdvanceOnIncompleteStepThrows]' passed (0.001 seconds).
Test Case '-[CondiscoTests.LessonSessionTests testAdvanceWithoutEvaluationThrows]' started.
Test Case '-[CondiscoTests.LessonSessionTests testAdvanceWithoutEvaluationThrows]' passed (0.000 seconds).
Test Case '-[CondiscoTests.LessonSessionTests testOpenSupportThrowsWhenStepHasNoSupportActivity]' started.
Test Case '-[CondiscoTests.LessonSessionTests testOpenSupportThrowsWhenStepHasNoSupportActivity]' passed (0.000 seconds).
Test Case '-[CondiscoTests.LessonSessionTests testResumeRestartsOnMissingLesson]' started.
Test Case '-[CondiscoTests.LessonSessionTests testResumeRestartsOnMissingLesson]' passed (0.000 seconds).
Test Case '-[CondiscoTests.LessonSessionTests testResumeRestartsOnRevisionMismatch]' started.
Test Case '-[CondiscoTests.LessonSessionTests testResumeRestartsOnRevisionMismatch]' passed (0.000 seconds).
Test Case '-[CondiscoTests.LessonSessionTests testStartLessonHappyPathRunsToCompletion]' started.
Test Case '-[CondiscoTests.LessonSessionTests testStartLessonHappyPathRunsToCompletion]' passed (0.003 seconds).
Test Case '-[CondiscoTests.LessonSessionTests testUnknownLessonThrows]' started.
Test Case '-[CondiscoTests.LessonSessionTests testUnknownLessonThrows]' passed (0.001 seconds).
Test Case '-[CondiscoTests.LessonSessionTests testWalkTrailCoversLinearLesson]' started.
Test Case '-[CondiscoTests.LessonSessionTests testWalkTrailCoversLinearLesson]' passed (0.001 seconds).
Test Suite 'LessonSessionTests' passed at 2026-09-25 19:01:01.295.
	 Executed 8 tests, with 0 failures (0 unexpected) in 0.007 (0.009) seconds
Test Suite 'MalformedContentTests' started at 2026-09-25 19:01:01.296.
Test Case '-[CondiscoTests.MalformedContentTests testMalformedEventPayloadRejectedAtDecode]' started.
Test Case '-[CondiscoTests.MalformedContentTests testMalformedEventPayloadRejectedAtDecode]' passed (0.005 seconds).
Test Case '-[CondiscoTests.MalformedContentTests testSchemaValidButInvalidPackFailsValidator]' started.
Test Case '-[CondiscoTests.MalformedContentTests testSchemaValidButInvalidPackFailsValidator]' passed (0.001 seconds).
Test Case '-[CondiscoTests.MalformedContentTests testTruncatedPackJSONThrowsSafeDecodingError]' started.
Test Case '-[CondiscoTests.MalformedContentTests testTruncatedPackJSONThrowsSafeDecodingError]' passed (0.000 seconds).
Test Case '-[CondiscoTests.MalformedContentTests testWronglyTypedPackFieldThrowsTypedError]' started.
Test Case '-[CondiscoTests.MalformedContentTests testWronglyTypedPackFieldThrowsTypedError]' passed (0.000 seconds).
Test Case '-[CondiscoTests.MalformedContentTests testWrongSchemaVersionPackThrowsTypedError]' started.
Test Case '-[CondiscoTests.MalformedContentTests testWrongSchemaVersionPackThrowsTypedError]' passed (0.000 seconds).
Test Suite 'MalformedContentTests' passed at 2026-09-25 19:01:01.304.
	 Executed 5 tests, with 0 failures (0 unexpected) in 0.007 (0.008) seconds
Test Suite 'NextLessonTests' started at 2026-09-25 19:01:01.304.
Test Case '-[CondiscoTests.NextLessonTests testContinueDeepLinkParsesToContinueRoute]' started.
Test Case '-[CondiscoTests.NextLessonTests testContinueDeepLinkParsesToContinueRoute]' passed (0.001 seconds).
Test Case '-[CondiscoTests.NextLessonTests testContinueDeepLinkResolutionRequiresStoreSeam]' started.
/Users/spkoehl/Projects/VerbaLibera/Condisco/Tests/EngineTests.swift:876: -[CondiscoTests.NextLessonTests testContinueDeepLinkResolutionRequiresStoreSeam] : Test skipped - Blocker: DeepLinkRouter.resolve is private and opens LearningStore.inDocuments() with no injectable seam (see comment above)
Test Case '-[CondiscoTests.NextLessonTests testContinueDeepLinkResolutionRequiresStoreSeam]' skipped (0.013 seconds).
Test Case '-[CondiscoTests.NextLessonTests testHelperAndHomeOnlyCountParticipationCompleted]' started.
Test Case '-[CondiscoTests.NextLessonTests testHelperAndHomeOnlyCountParticipationCompleted]' passed (0.001 seconds).
Test Case '-[CondiscoTests.NextLessonTests testHelperReturnsFirstUncompletedInUnitOrder]' started.
Test Case '-[CondiscoTests.NextLessonTests testHelperReturnsFirstUncompletedInUnitOrder]' passed (0.000 seconds).
Test Case '-[CondiscoTests.NextLessonTests testHelperReturnsNilWhenEveryLessonIsComplete]' started.
Test Case '-[CondiscoTests.NextLessonTests testHelperReturnsNilWhenEveryLessonIsComplete]' passed (0.001 seconds).
Test Case '-[CondiscoTests.NextLessonTests testHelperSkipsOrphanedLessonAndStillFindsThePath]' started.
Test Case '-[CondiscoTests.NextLessonTests testHelperSkipsOrphanedLessonAndStillFindsThePath]' passed (0.001 seconds).
Test Case '-[CondiscoTests.NextLessonTests testHelperSkipsOrphanedLessonEvenWhenOnlyItRemains]' started.
Test Case '-[CondiscoTests.NextLessonTests testHelperSkipsOrphanedLessonEvenWhenOnlyItRemains]' passed (0.000 seconds).
Test Case '-[CondiscoTests.NextLessonTests testHomeAndHelperAgreeAcrossProgressLevels]' started.
Test Case '-[CondiscoTests.NextLessonTests testHomeAndHelperAgreeAcrossProgressLevels]' passed (0.002 seconds).
Test Case '-[CondiscoTests.NextLessonTests testRealFrenchPathOrderMatchesAuthoredOrder]' started.
Test Case '-[CondiscoTests.NextLessonTests testRealFrenchPathOrderMatchesAuthoredOrder]' passed (0.000 seconds).
Test Case '-[CondiscoTests.NextLessonTests testWidgetSnapshotNextLessonMatchesHelper]' started.
Test Case '-[CondiscoTests.NextLessonTests testWidgetSnapshotNextLessonMatchesHelper]' passed (0.001 seconds).
Test Case '-[CondiscoTests.NextLessonTests testWidgetSnapshotPathCompleteWhenFullyCompleted]' started.
Test Case '-[CondiscoTests.NextLessonTests testWidgetSnapshotPathCompleteWhenFullyCompleted]' passed (0.000 seconds).
Test Case '-[CondiscoTests.NextLessonTests testWidgetSnapshotSkipsOrphanedLessons]' started.
Test Case '-[CondiscoTests.NextLessonTests testWidgetSnapshotSkipsOrphanedLessons]' passed (0.001 seconds).
Test Case '-[CondiscoTests.NextLessonTests testWidgetSnapshotUsesFocusPackSelectionLikeRefresh]' started.
Test Case '-[CondiscoTests.NextLessonTests testWidgetSnapshotUsesFocusPackSelectionLikeRefresh]' passed (0.001 seconds).
Test Suite 'NextLessonTests' passed at 2026-09-25 19:01:01.327.
	 Executed 13 tests, with 1 test skipped and 0 failures (0 unexpected) in 0.020 (0.023) seconds
Test Suite 'PackContentTests' started at 2026-09-25 19:01:01.327.
Test Case '-[CondiscoTests.PackContentTests testPacksLoadValidateAndCoverFiveLanguages]' started.
Test Case '-[CondiscoTests.PackContentTests testPacksLoadValidateAndCoverFiveLanguages]' passed (0.020 seconds).
Test Suite 'PackContentTests' passed at 2026-09-25 19:01:01.347.
	 Executed 1 test, with 0 failures (0 unexpected) in 0.020 (0.021) seconds
Test Suite 'PairPracticeCardTests' started at 2026-09-25 19:01:01.348.
Test Case '-[CondiscoTests.PairPracticeCardTests testDialogueTurnsEmptyForStoryLesson]' started.
Test Case '-[CondiscoTests.PairPracticeCardTests testDialogueTurnsEmptyForStoryLesson]' passed (0.002 seconds).
Test Case '-[CondiscoTests.PairPracticeCardTests testDialogueTurnsReturnOrderedTwoSpeakerTurnsForConversationLesson]' started.
Test Case '-[CondiscoTests.PairPracticeCardTests testDialogueTurnsReturnOrderedTwoSpeakerTurnsForConversationLesson]' passed (0.001 seconds).
Test Case '-[CondiscoTests.PairPracticeCardTests testPairCardCaptionContainsCourseContentOnly]' started.
Test Case '-[CondiscoTests.PairPracticeCardTests testPairCardCaptionContainsCourseContentOnly]' passed (0.019 seconds).
Test Suite 'PairPracticeCardTests' passed at 2026-09-25 19:01:01.370.
	 Executed 3 tests, with 0 failures (0 unexpected) in 0.021 (0.022) seconds
Test Suite 'PlacementTests' started at 2026-09-25 19:01:01.370.
Test Case '-[CondiscoTests.PlacementTests testBandJoining]' started.
Test Case '-[CondiscoTests.PlacementTests testBandJoining]' passed (0.001 seconds).
Test Case '-[CondiscoTests.PlacementTests testBeginnerCanOmitAccentAndApostropheInSamePhrase]' started.
Test Case '-[CondiscoTests.PlacementTests testBeginnerCanOmitAccentAndApostropheInSamePhrase]' passed (0.001 seconds).
Test Case '-[CondiscoTests.PlacementTests testBlankScoreMapsToStart]' started.
Test Case '-[CondiscoTests.PlacementTests testBlankScoreMapsToStart]' passed (0.000 seconds).
Test Case '-[CondiscoTests.PlacementTests testFirstMissThenSevenCorrectNeverPlacesAtStart]' started.
Test Case '-[CondiscoTests.PlacementTests testFirstMissThenSevenCorrectNeverPlacesAtStart]' passed (0.000 seconds).
Test Case '-[CondiscoTests.PlacementTests testMissingAccentExplainsExactCorrectionAndAllowsProgress]' started.
Test Case '-[CondiscoTests.PlacementTests testMissingAccentExplainsExactCorrectionAndAllowsProgress]' passed (0.000 seconds).
Test Case '-[CondiscoTests.PlacementTests testPerfectScoreMapsToVictoryIndex]' started.
Test Case '-[CondiscoTests.PlacementTests testPerfectScoreMapsToVictoryIndex]' passed (0.000 seconds).
Test Case '-[CondiscoTests.PlacementTests testScoreClampsOutOfRange]' started.
Test Case '-[CondiscoTests.PlacementTests testScoreClampsOutOfRange]' passed (0.001 seconds).
Test Case '-[CondiscoTests.PlacementTests testScoreNeverOutranksVictoryIndex]' started.
Test Case '-[CondiscoTests.PlacementTests testScoreNeverOutranksVictoryIndex]' passed (0.000 seconds).
Test Case '-[CondiscoTests.PlacementTests testShortMeaningChangingAccentStillNeedsExplanation]' started.
Test Case '-[CondiscoTests.PlacementTests testShortMeaningChangingAccentStillNeedsExplanation]' passed (0.001 seconds).
Test Suite 'PlacementTests' passed at 2026-09-25 19:01:01.384.
	 Executed 9 tests, with 0 failures (0 unexpected) in 0.004 (0.014) seconds
Test Suite 'RecapSplitTests' started at 2026-09-25 19:01:01.384.
Test Case '-[CondiscoTests.RecapSplitTests testFreshSplitStartsAtZero]' started.
Test Case '-[CondiscoTests.RecapSplitTests testFreshSplitStartsAtZero]' passed (0.002 seconds).
Test Case '-[CondiscoTests.RecapSplitTests testOneStepSubmittedThreeTimesCountsOnce]' started.
Test Case '-[CondiscoTests.RecapSplitTests testOneStepSubmittedThreeTimesCountsOnce]' passed (0.001 seconds).
Test Case '-[CondiscoTests.RecapSplitTests testRetriedTroubleSpotStaysWithHelp]' started.
Test Case '-[CondiscoTests.RecapSplitTests testRetriedTroubleSpotStaysWithHelp]' passed (0.000 seconds).
Test Case '-[CondiscoTests.RecapSplitTests testTwoStepsEachSubmittedOnce]' started.
Test Case '-[CondiscoTests.RecapSplitTests testTwoStepsEachSubmittedOnce]' passed (0.000 seconds).
Test Case '-[CondiscoTests.RecapSplitTests testUngradedAndBlockedExcluded]' started.
Test Case '-[CondiscoTests.RecapSplitTests testUngradedAndBlockedExcluded]' passed (0.000 seconds).
Test Suite 'RecapSplitTests' passed at 2026-09-25 19:01:01.419.
	 Executed 5 tests, with 0 failures (0 unexpected) in 0.004 (0.035) seconds
Test Suite 'ScenarioLoopTests' started at 2026-09-25 19:01:01.419.
Test Case '-[CondiscoTests.ScenarioLoopTests testScenarioLoopHasNoScoreState]' started.
Test Case '-[CondiscoTests.ScenarioLoopTests testScenarioLoopHasNoScoreState]' passed (0.002 seconds).
Test Case '-[CondiscoTests.ScenarioLoopTests testScenarioLoopSkipsSpeakWhenMicUnavailable]' started.
Test Case '-[CondiscoTests.ScenarioLoopTests testScenarioLoopSkipsSpeakWhenMicUnavailable]' passed (0.000 seconds).
Test Case '-[CondiscoTests.ScenarioLoopTests testScenarioLoopTransitionsThroughAllSteps]' started.
Test Case '-[CondiscoTests.ScenarioLoopTests testScenarioLoopTransitionsThroughAllSteps]' passed (0.000 seconds).
Test Case '-[CondiscoTests.ScenarioLoopTests testScenarioSectionsEligibilityAndOrder]' started.
Test Case '-[CondiscoTests.ScenarioLoopTests testScenarioSectionsEligibilityAndOrder]' passed (0.001 seconds).
Test Case '-[CondiscoTests.ScenarioLoopTests testSectionEndUsesNextTranscriptBoundaryOrTrackDuration]' started.
Test Case '-[CondiscoTests.ScenarioLoopTests testSectionEndUsesNextTranscriptBoundaryOrTrackDuration]' passed (0.001 seconds).
Test Suite 'ScenarioLoopTests' passed at 2026-09-25 19:01:01.428.
	 Executed 5 tests, with 0 failures (0 unexpected) in 0.004 (0.009) seconds
Test Suite 'TodayPlanTests' started at 2026-09-25 19:01:01.428.
Test Case '-[CondiscoTests.TodayPlanTests testFallsBackToListenThenRest]' started.
Test Case '-[CondiscoTests.TodayPlanTests testFallsBackToListenThenRest]' passed (0.002 seconds).
Test Case '-[CondiscoTests.TodayPlanTests testNoResumeNoLessonWithDueReviewsLeadsToReviewPrimary]' started.
Test Case '-[CondiscoTests.TodayPlanTests testNoResumeNoLessonWithDueReviewsLeadsToReviewPrimary]' passed (0.000 seconds).
Test Case '-[CondiscoTests.TodayPlanTests testNoResumeThenNextLessonWinsOverDueReviews]' started.
Test Case '-[CondiscoTests.TodayPlanTests testNoResumeThenNextLessonWinsOverDueReviews]' passed (0.000 seconds).
Test Case '-[CondiscoTests.TodayPlanTests testResumeWinsOverLessonAndReviewsStillCarriesDueCount]' started.
Test Case '-[CondiscoTests.TodayPlanTests testResumeWinsOverLessonAndReviewsStillCarriesDueCount]' passed (0.000 seconds).
Test Suite 'TodayPlanTests' passed at 2026-09-25 19:01:01.432.
	 Executed 4 tests, with 0 failures (0 unexpected) in 0.003 (0.004) seconds
Test Suite 'CondiscoTests.xctest' passed at 2026-09-25 19:01:01.432.
	 Executed 120 tests, with 1 test skipped and 0 failures (0 unexpected) in 0.514 (0.589) seconds
Test Suite 'All tests' passed at 2026-09-25 19:01:01.432.
	 Executed 120 tests, with 1 test skipped and 0 failures (0 unexpected) in 0.514 (0.592) seconds
2026-09-25 19:01:01.860 xcodebuild[21330:6552048] [MT] IDETestOperationsObserverDebug: 46.100 elapsed -- Testing started completed.
2026-09-25 19:01:01.861 xcodebuild[21330:6552048] [MT] IDETestOperationsObserverDebug: 0.000 sec, +0.000 sec -- start
2026-09-25 19:01:01.861 xcodebuild[21330:6552048] [MT] IDETestOperationsObserverDebug: 46.100 sec, +46.100 sec -- end

Test session results, code coverage, and logs:
	/var/folders/3w/91hphlzs0rv_1twbkfyhvn6m0000gn/T/condisco-preflight.dyPabj/DerivedData/Logs/Test/Test-Condisco-2026.09.25_18-58-30--0700.xcresult

** TEST SUCCEEDED **

Testing started
PASS unit tests (CondiscoTests)

== Step 5/5  UI smoke  (CondiscoUITests — --with-ui requested) ==
Command line invocation:
    /Applications/Xcode.app/Contents/Developer/usr/bin/xcodebuild test -project Condisco.xcodeproj -scheme Condisco -destination "platform=iOS Simulator,name=iPhone 18 Pro" "-only-testing:CondiscoUITests" -derivedDataPath /var/folders/3w/91hphlzs0rv_1twbkfyhvn6m0000gn/T//condisco-preflight.dyPabj/DerivedData ONLY_ACTIVE_ARCH=YES

Build settings from command line:
    ONLY_ACTIVE_ARCH = YES

ComputePackagePrebuildTargetDependencyGraph

Prepare packages

CreateBuildRequest

SendProjectDescription

CreateBuildOperation

ComputeTargetDependencyGraph
note: Building targets in dependency order
note: Target dependency graph (4 targets)
    Target 'CondiscoUITests' in project 'Condisco'
        ➜ Explicit dependency on target 'Condisco' in project 'Condisco'
    Target 'CondiscoTests' in project 'Condisco'
        ➜ Explicit dependency on target 'Condisco' in project 'Condisco'
    Target 'Condisco' in project 'Condisco'
        ➜ Explicit dependency on target 'CondiscoWidget' in project 'Condisco'
    Target 'CondiscoWidget' in project 'Condisco' (no dependencies)

GatherProvisioningInputs

CreateBuildDescription

ClangStatCache /Applications/Xcode.app/Contents/Developer/Toolchains/XcodeDefault.xctoolchain/usr/bin/clang-stat-cache /Applications/Xcode.app/Contents/Developer/Platforms/iPhoneSimulator.platform/Developer/SDKs/iPhoneSimulator27.0.sdk /var/folders/3w/91hphlzs0rv_1twbkfyhvn6m0000gn/T/condisco-preflight.dyPabj/DerivedData/SDKStatCaches.noindex/iphonesimulator27.0-24A430-8dc58220667be655e1bcc261a7455254.sdkstatcache
    cd /Users/spkoehl/Projects/VerbaLibera/Condisco.xcodeproj
    /Applications/Xcode.app/Contents/Developer/Toolchains/XcodeDefault.xctoolchain/usr/bin/clang-stat-cache /Applications/Xcode.app/Contents/Developer/Platforms/iPhoneSimulator.platform/Developer/SDKs/iPhoneSimulator27.0.sdk -o /var/folders/3w/91hphlzs0rv_1twbkfyhvn6m0000gn/T/condisco-preflight.dyPabj/DerivedData/SDKStatCaches.noindex/iphonesimulator27.0-24A430-8dc58220667be655e1bcc261a7455254.sdkstatcache

Copy /var/folders/3w/91hphlzs0rv_1twbkfyhvn6m0000gn/T/condisco-preflight.dyPabj/DerivedData/Build/Products/Debug-iphonesimulator/Condisco.app/PlugIns/CondiscoWidget.appex /var/folders/3w/91hphlzs0rv_1twbkfyhvn6m0000gn/T/condisco-preflight.dyPabj/DerivedData/Build/Products/Debug-iphonesimulator/CondiscoWidget.appex (in target 'Condisco' from project 'Condisco')
    cd /Users/spkoehl/Projects/VerbaLibera
    builtin-copy -exclude .DS_Store -exclude CVS -exclude .svn -exclude .git -exclude .hg -resolve-src-symlinks -remove-static-executable /var/folders/3w/91hphlzs0rv_1twbkfyhvn6m0000gn/T/condisco-preflight.dyPabj/DerivedData/Build/Products/Debug-iphonesimulator/CondiscoWidget.appex /var/folders/3w/91hphlzs0rv_1twbkfyhvn6m0000gn/T/condisco-preflight.dyPabj/DerivedData/Build/Products/Debug-iphonesimulator/Condisco.app/PlugIns

ProcessInfoPlistFile /var/folders/3w/91hphlzs0rv_1twbkfyhvn6m0000gn/T/condisco-preflight.dyPabj/DerivedData/Build/Products/Debug-iphonesimulator/Condisco.app/Info.plist /Users/spkoehl/Projects/VerbaLibera/Condisco/Info.plist (in target 'Condisco' from project 'Condisco')
    cd /Users/spkoehl/Projects/VerbaLibera
    builtin-infoPlistUtility /Users/spkoehl/Projects/VerbaLibera/Condisco/Info.plist -producttype com.apple.product-type.application -genpkginfo /var/folders/3w/91hphlzs0rv_1twbkfyhvn6m0000gn/T/condisco-preflight.dyPabj/DerivedData/Build/Products/Debug-iphonesimulator/Condisco.app/PkgInfo -expandbuildsettings -format binary -platform iphonesimulator -additionalcontentfile /var/folders/3w/91hphlzs0rv_1twbkfyhvn6m0000gn/T/condisco-preflight.dyPabj/DerivedData/Build/Intermediates.noindex/Condisco.build/Debug-iphonesimulator/Condisco.build/assetcatalog_generated_info.plist -scanforprivacyfile /var/folders/3w/91hphlzs0rv_1twbkfyhvn6m0000gn/T/condisco-preflight.dyPabj/DerivedData/Build/Products/Debug-iphonesimulator/Condisco.app/PlugIns/CondiscoWidget.appex -o /var/folders/3w/91hphlzs0rv_1twbkfyhvn6m0000gn/T/condisco-preflight.dyPabj/DerivedData/Build/Products/Debug-iphonesimulator/Condisco.app/Info.plist

CopySwiftLibs /var/folders/3w/91hphlzs0rv_1twbkfyhvn6m0000gn/T/condisco-preflight.dyPabj/DerivedData/Build/Products/Debug-iphonesimulator/Condisco.app (in target 'Condisco' from project 'Condisco')
    cd /Users/spkoehl/Projects/VerbaLibera
    builtin-swiftStdLibTool --copy --verbose --sign - --scan-executable /var/folders/3w/91hphlzs0rv_1twbkfyhvn6m0000gn/T/condisco-preflight.dyPabj/DerivedData/Build/Products/Debug-iphonesimulator/Condisco.app/Condisco.debug.dylib --scan-folder /var/folders/3w/91hphlzs0rv_1twbkfyhvn6m0000gn/T/condisco-preflight.dyPabj/DerivedData/Build/Products/Debug-iphonesimulator/Condisco.app/Frameworks --scan-folder /var/folders/3w/91hphlzs0rv_1twbkfyhvn6m0000gn/T/condisco-preflight.dyPabj/DerivedData/Build/Products/Debug-iphonesimulator/Condisco.app/PlugIns --scan-folder /var/folders/3w/91hphlzs0rv_1twbkfyhvn6m0000gn/T/condisco-preflight.dyPabj/DerivedData/Build/Products/Debug-iphonesimulator/Condisco.app/SystemExtensions --scan-folder /var/folders/3w/91hphlzs0rv_1twbkfyhvn6m0000gn/T/condisco-preflight.dyPabj/DerivedData/Build/Products/Debug-iphonesimulator/Condisco.app/Extensions --platform iphonesimulator --toolchain /Applications/Xcode.app/Contents/Developer/Toolchains/XcodeDefault.xctoolchain --destination /var/folders/3w/91hphlzs0rv_1twbkfyhvn6m0000gn/T/condisco-preflight.dyPabj/DerivedData/Build/Products/Debug-iphonesimulator/Condisco.app/Frameworks --strip-bitcode --strip-bitcode-tool /Applications/Xcode.app/Contents/Developer/Toolchains/XcodeDefault.xctoolchain/usr/bin/bitcode_strip --emit-dependency-info /var/folders/3w/91hphlzs0rv_1twbkfyhvn6m0000gn/T/condisco-preflight.dyPabj/DerivedData/Build/Intermediates.noindex/Condisco.build/Debug-iphonesimulator/Condisco.build/SwiftStdLibToolInputDependencies.dep --filter-for-swift-os

CodeSign /var/folders/3w/91hphlzs0rv_1twbkfyhvn6m0000gn/T/condisco-preflight.dyPabj/DerivedData/Build/Products/Debug-iphonesimulator/Condisco.app/Condisco.debug.dylib (in target 'Condisco' from project 'Condisco')
    cd /Users/spkoehl/Projects/VerbaLibera
    
    Signing Identity:     "Sign to Run Locally"
    
    /usr/bin/codesign --force --sign - --timestamp\=none --generate-entitlement-der /var/folders/3w/91hphlzs0rv_1twbkfyhvn6m0000gn/T/condisco-preflight.dyPabj/DerivedData/Build/Products/Debug-iphonesimulator/Condisco.app/Condisco.debug.dylib
/var/folders/3w/91hphlzs0rv_1twbkfyhvn6m0000gn/T/condisco-preflight.dyPabj/DerivedData/Build/Products/Debug-iphonesimulator/Condisco.app/Condisco.debug.dylib: replacing existing signature

CodeSign /var/folders/3w/91hphlzs0rv_1twbkfyhvn6m0000gn/T/condisco-preflight.dyPabj/DerivedData/Build/Products/Debug-iphonesimulator/Condisco.app/__preview.dylib (in target 'Condisco' from project 'Condisco')
    cd /Users/spkoehl/Projects/VerbaLibera
    
    Signing Identity:     "Sign to Run Locally"
    
    /usr/bin/codesign --force --sign - --timestamp\=none --generate-entitlement-der /var/folders/3w/91hphlzs0rv_1twbkfyhvn6m0000gn/T/condisco-preflight.dyPabj/DerivedData/Build/Products/Debug-iphonesimulator/Condisco.app/__preview.dylib
/var/folders/3w/91hphlzs0rv_1twbkfyhvn6m0000gn/T/condisco-preflight.dyPabj/DerivedData/Build/Products/Debug-iphonesimulator/Condisco.app/__preview.dylib: replacing existing signature

CodeSign /var/folders/3w/91hphlzs0rv_1twbkfyhvn6m0000gn/T/condisco-preflight.dyPabj/DerivedData/Build/Products/Debug-iphonesimulator/Condisco.app (in target 'Condisco' from project 'Condisco')
    cd /Users/spkoehl/Projects/VerbaLibera
    
    Signing Identity:     "Sign to Run Locally"
    
    /usr/bin/codesign --force --sign - --entitlements /var/folders/3w/91hphlzs0rv_1twbkfyhvn6m0000gn/T/condisco-preflight.dyPabj/DerivedData/Build/Intermediates.noindex/Condisco.build/Debug-iphonesimulator/Condisco.build/Condisco.app.xcent --timestamp\=none --generate-entitlement-der /var/folders/3w/91hphlzs0rv_1twbkfyhvn6m0000gn/T/condisco-preflight.dyPabj/DerivedData/Build/Products/Debug-iphonesimulator/Condisco.app
/var/folders/3w/91hphlzs0rv_1twbkfyhvn6m0000gn/T/condisco-preflight.dyPabj/DerivedData/Build/Products/Debug-iphonesimulator/Condisco.app: replacing existing signature

Validate /var/folders/3w/91hphlzs0rv_1twbkfyhvn6m0000gn/T/condisco-preflight.dyPabj/DerivedData/Build/Products/Debug-iphonesimulator/Condisco.app (in target 'Condisco' from project 'Condisco')
    cd /Users/spkoehl/Projects/VerbaLibera
    builtin-validationUtility /var/folders/3w/91hphlzs0rv_1twbkfyhvn6m0000gn/T/condisco-preflight.dyPabj/DerivedData/Build/Products/Debug-iphonesimulator/Condisco.app -shallow-bundle -infoplist-subpath Info.plist

ValidateEmbeddedBinary /var/folders/3w/91hphlzs0rv_1twbkfyhvn6m0000gn/T/condisco-preflight.dyPabj/DerivedData/Build/Products/Debug-iphonesimulator/Condisco.app/PlugIns/CondiscoWidget.appex (in target 'Condisco' from project 'Condisco')
    cd /Users/spkoehl/Projects/VerbaLibera
    /Applications/Xcode.app/Contents/Developer/usr/bin/embeddedBinaryValidationUtility /var/folders/3w/91hphlzs0rv_1twbkfyhvn6m0000gn/T/condisco-preflight.dyPabj/DerivedData/Build/Products/Debug-iphonesimulator/Condisco.app/PlugIns/CondiscoWidget.appex -signing-cert - -info-plist-path /var/folders/3w/91hphlzs0rv_1twbkfyhvn6m0000gn/T/condisco-preflight.dyPabj/DerivedData/Build/Products/Debug-iphonesimulator/Condisco.app/Info.plist

PruneExplicitPrecompiledModules /var/folders/3w/91hphlzs0rv_1twbkfyhvn6m0000gn/T/condisco-preflight.dyPabj/DerivedData/Build/Intermediates.noindex/ExplicitPrecompiledModules

PruneExplicitPrecompiledModules /var/folders/3w/91hphlzs0rv_1twbkfyhvn6m0000gn/T/condisco-preflight.dyPabj/DerivedData/SDKExplicitPrecompiledModules

PruneExplicitPrecompiledModules /var/folders/3w/91hphlzs0rv_1twbkfyhvn6m0000gn/T/condisco-preflight.dyPabj/DerivedData/Build/Intermediates.noindex/SwiftExplicitPrecompiledModules

2026-09-25 19:01:20.077780-0700 CondiscoUITests-Runner[22764:6560701] [Default] Running tests...
    t =      nans Interface orientation changed to Portrait
Test Suite 'All tests' started at 2026-09-25 19:02:19.084.
Test Suite 'CondiscoUITests.xctest' started at 2026-09-25 19:02:19.241.
Test Suite 'FirstRunUITests' started at 2026-09-25 19:02:19.242.
Test Case '-[CondiscoUITests.FirstRunUITests testFreshFrenchLearnerCanFinishFirstMissionAfterAccentAndWrongAnswer]' started.
    t =     0.08s Start Test at 2026-09-25 19:02:19.322
    t =     1.88s Set Up
    t =     2.02s Open com.sleuthysloth.condisco
    t =     2.02s     Launch com.sleuthysloth.condisco
2026-09-25 19:02:22.703 xcodebuild[22708:6560063] [MT] IDELaunchParametersSnapshot: debugger version lookup failed for path '<nil>': noURL
2026-09-25 19:02:22.704 xcodebuild[22708:6560063] [MT] IDELaunchParametersSnapshot: no debugger version
objc[22764]: Class UIAccessibilityLoaderWebShared is implemented in both /private/var/run/com.apple.security.cryptexd/mnt/com.apple.iPhoneOS.SimulatorRuntime-v24.1.434.0.s3a41r/Library/Developer/CoreSimulator/Profiles/Runtimes/iOS 27.0.simruntime/Contents/Resources/RuntimeRoot/System/Library/AccessibilityBundles/WebKit.axbundle/WebKit (0x1097dc398) and /private/var/run/com.apple.security.cryptexd/mnt/com.apple.iPhoneOS.SimulatorRuntime-v24.1.434.0.s3a41r/Library/Developer/CoreSimulator/Profiles/Runtimes/iOS 27.0.simruntime/Contents/Resources/RuntimeRoot/System/Library/AccessibilityBundles/WebCore.axbundle/WebCore (0x10a5ac310). This may cause spurious casting failures and mysterious crashes. One of the duplicates must be removed or renamed.
    t =    11.21s         Setting up automation session
    t =    20.42s         Wait for com.sleuthysloth.condisco to idle
    t =    28.28s Waiting 30.0s for "Choose a language" Button to exist
    t =    29.30s     Checking `Expect predicate `existsNoRetry == 1` for object "Choose a language" Button`
    t =    29.31s         Checking existence of `"Choose a language" Button`
    t =    29.60s Tap "Choose a language" Button
    t =    29.60s     Wait for com.sleuthysloth.condisco to idle
    t =    29.60s     Find the "Choose a language" Button
    t =    29.63s     Check for interrupting elements affecting "Choose a language" Button
    t =    29.74s     Synthesize event
    t =    30.28s     Wait for com.sleuthysloth.condisco to idle
    t =    30.29s Waiting 10.0s for "Which language are you learning?" StaticText to exist
    t =    31.32s     Checking `Expect predicate `existsNoRetry == 1` for object "Which language are you learning?" StaticText`
    t =    31.32s         Checking existence of `"Which language are you learning?" StaticText`
    t =    31.42s Checking existence of `"French foundations" StaticText`
    t =    31.43s Tap "Continue" Button
    t =    31.43s     Wait for com.sleuthysloth.condisco to idle
    t =    31.43s     Find the "Continue" Button
    t =    31.44s     Check for interrupting elements affecting "Continue" Button
    t =    31.45s     Synthesize event
    t =    31.73s     Wait for com.sleuthysloth.condisco to idle
    t =    31.74s Waiting 10.0s for Button (First Match) to exist
    t =    32.77s     Checking `Expect predicate `existsNoRetry == 1` for object Button (First Match)`
    t =    32.77s         Checking existence of `Button (First Match)`
    t =    32.80s Tap Button (First Match)
    t =    32.80s     Wait for com.sleuthysloth.condisco to idle
    t =    32.80s     Find the Button (First Match)
    t =    32.81s     Check for interrupting elements affecting "I'm starting fresh, Begin with your first mission. No experience needed." Button
    t =    32.82s     Synthesize event
    t =    33.11s     Wait for com.sleuthysloth.condisco to idle
    t =    35.22s Waiting 20.0s for "Start lesson" Button to exist
    t =    36.26s     Checking `Expect predicate `existsNoRetry == 1` for object "Start lesson" Button`
    t =    36.26s         Checking existence of `"Start lesson" Button`
    t =    36.45s Tap "Back to lessons" Button
    t =    36.45s     Wait for com.sleuthysloth.condisco to idle
    t =    36.45s     Find the "Back to lessons" Button
    t =    36.50s     Check for interrupting elements affecting "Back to lessons" Button
    t =    36.54s     Synthesize event
    t =    36.84s     Wait for com.sleuthysloth.condisco to idle
    t =    37.18s Waiting 30.0s for "Home" Button to exist
    t =    38.22s     Checking `Expect predicate `existsNoRetry == 1` for object "Home" Button`
    t =    38.22s         Checking existence of `"Home" Button`
    t =    38.27s Waiting 10.0s for "Continue learning" StaticText to exist
    t =    39.30s     Checking `Expect predicate `existsNoRetry == 1` for object "Continue learning" StaticText`
    t =    39.30s         Checking existence of `"Continue learning" StaticText`
    t =    39.34s         Capturing element debug description
    t =    40.28s     Checking `Expect predicate `existsNoRetry == 1` for object "Continue learning" StaticText`
    t =    40.28s         Checking existence of `"Continue learning" StaticText`
    t =    40.30s         Capturing element debug description
    t =    41.33s     Checking `Expect predicate `existsNoRetry == 1` for object "Continue learning" StaticText`
    t =    41.34s         Checking existence of `"Continue learning" StaticText`
    t =    41.40s         Capturing element debug description
    t =    42.32s     Checking `Expect predicate `existsNoRetry == 1` for object "Continue learning" StaticText`
    t =    42.33s         Checking existence of `"Continue learning" StaticText`
    t =    42.36s         Capturing element debug description
    t =    43.28s     Checking `Expect predicate `existsNoRetry == 1` for object "Continue learning" StaticText`
    t =    43.28s         Checking existence of `"Continue learning" StaticText`
    t =    43.31s         Capturing element debug description
    t =    44.33s     Checking `Expect predicate `existsNoRetry == 1` for object "Continue learning" StaticText`
    t =    44.33s         Checking existence of `"Continue learning" StaticText`
    t =    44.38s         Capturing element debug description
    t =    45.31s     Checking `Expect predicate `existsNoRetry == 1` for object "Continue learning" StaticText`
    t =    45.31s         Checking existence of `"Continue learning" StaticText`
    t =    45.36s         Capturing element debug description
    t =    46.28s     Checking `Expect predicate `existsNoRetry == 1` for object "Continue learning" StaticText`
    t =    46.28s         Checking existence of `"Continue learning" StaticText`
    t =    46.33s         Capturing element debug description
    t =    47.35s     Checking `Expect predicate `existsNoRetry == 1` for object "Continue learning" StaticText`
    t =    47.35s         Checking existence of `"Continue learning" StaticText`
    t =    47.40s         Capturing element debug description
    t =    48.28s     Checking `Expect predicate `existsNoRetry == 1` for object "Continue learning" StaticText`
    t =    48.28s         Checking existence of `"Continue learning" StaticText`
    t =    48.32s         Capturing element debug description
    t =    48.32s     Checking existence of `"Continue learning" StaticText`
    t =    48.35s Collecting debug information to assist test failure triage
    t =    48.35s     Requesting snapshot of accessibility hierarchy for app with pid 25100
    t =    48.48s Requesting snapshot of accessibility hierarchy for app with pid 25100
    t =    48.61s Requesting snapshot of accessibility hierarchy for app with pid 25100
/Users/spkoehl/Projects/VerbaLibera/Condisco/UITests/FirstRunUITests.swift:25: error: -[CondiscoUITests.FirstRunUITests testFreshFrenchLearnerCanFinishFirstMissionAfterAccentAndWrongAnswer] : XCTAssertTrue failed - Attributes: Application, 0x10a256300, pid: 25100, label: 'Condisco'
Element subtree:
 →Application, 0x10a256300, pid: 25100, label: 'Condisco'
    Window (Main), 0x10a256440, {{0.0, 0.0}, {402.0, 874.0}}
      Other, 0x10a256580, {{0.0, 0.0}, {402.0, 874.0}}
      Other, 0x10a2566c0, {{0.0, 0.0}, {402.0, 874.0}}
        Other, 0x10a256800, {{0.0, 0.0}, {402.0, 874.0}}
          Other, 0x10a256940, {{0.0, 0.0}, {402.0, 874.0}}
            Other, 0x10a256a80, {{0.0, 0.0}, {402.0, 874.0}}
              Other, 0x10a256bc0, {{0.0, 0.0}, {402.0, 874.0}}
                Other, 0x10a256d00, {{0.0, 0.0}, {402.0, 874.0}}
                  Other, 0x10a256e40, {{0.0, 0.0}, {402.0, 874.0}}
                    Other, 0x10a256f80, {{0.0, 0.0}, {402.0, 874.0}}
                      Other, 0x10a2570c0, {{0.0, 0.0}, {402.0, 874.0}}
                        Other, 0x10a257200, {{0.0, 0.0}, {402.0, 874.0}}
                          Other, 0x10a257340, {{0.0, 0.0}, {402.0, 874.0}}
                            Other, 0x10a257480, {{0.0, 0.0}, {402.0, 874.0}}
                              Other, 0x10a2575c0, {{0.0, 0.0}, {402.0, 874.0}}
                                Other, 0x10a257700, {{0.0, 0.0}, {402.0, 874.0}}
                                  Other, 0x10a257840, {{0.0, 0.0}, {402.0, 874.0}}
                                    ScrollView, 0x10a257980, {{0.0, 0.0}, {402.0, 874.0}}
                                      Other, 0x10a257ac0, {{0.0, 0.0}, {402.0, 874.0}}
                                        Other, 0x10a257c00, {{0.0, 0.0}, {402.0, 102.0}}
                                        Other, 0x10a257d40, {{0.0, 741.0}, {402.0, 133.0}}
                                      Other, 0x10a257e80, {{0.0, 0.0}, {402.0, 874.0}}
                                        Other, 0x106bf9180, {{0.0, 741.0}, {402.0, 133.0}}
                                      Other, 0x10a2c4000, {{0.0, 62.0}, {402.0, 907.0}}
                                        StaticText, 0x10a2c4140, {{20.0, 86.0}, {133.0, 15.7}}, label: 'Friday, September 25'
                                        StaticText, 0x10a2c4280, {{20.0, 127.3}, {227.7, 40.7}}, label: 'Good evening.'
                                        Button, 0x10a2c43c0, {{20.0, 193.7}, {68.0, 44.0}}, label: 'Focus language'
                                          Button, 0x10a2c4500, {{20.0, 193.7}, {68.0, 44.0}}
                                            StaticText, 0x10a2c4640, {{20.0, 206.7}, {48.7, 18.0}}, label: 'French'
                                            Image, 0x10a2c4780, {{77.0, 212.7}, {9.7, 5.7}}, identifier: 'chevron.down', label: 'Go Down'
                                        StaticText, 0x10a2c48c0, {{24.0, 263.7}, {50.7, 21.7}}, label: 'Today'
                                        Button, 0x10a2c4a00, {{40.0, 319.3}, {319.3, 111.3}}, label: 'French, Mission : un café à Paris, Meeting people, 8 min'
                                          StaticText, 0x10a2c4b40, {{40.0, 319.3}, {43.0, 15.7}}, label: 'French'
                                          StaticText, 0x10a2c4c80, {{40.0, 341.0}, {229.7, 24.0}}, label: 'Mission : un café à Paris'
                                          StaticText, 0x10a2c4dc0, {{40.0, 371.0}, {100.3, 17.0}}, label: 'Meeting people'
                                          StaticText, 0x10a2c4f00, {{40.0, 408.5}, {31.7, 14.3}}, label: '8 min'
                                          Image, 0x10a2c5040, {{329.3, 400.7}, {30.0, 30.0}}, identifier: 'play.circle.fill', label: 'Play'
                                        Button, 0x10a2c5180, {{40.0, 467.7}, {321.0, 39.0}}, label: 'French Identity Foundations, 12:35 · French'
                                          StaticText, 0x10a2c52c0, {{40.0, 467.7}, {212.0, 19.3}}, label: 'French Identity Foundations'
                                          Image, 0x10a2c5400, {{352.7, 480.0}, {8.3, 14.3}}, identifier: 'chevron.right', label: 'Forward'
                                          StaticText, 0x10a2c5540, {{40.0, 491.0}, {86.3, 15.7}}, label: '12:35 · French'
                                        StaticText, 0x10a2c5680, {{24.0, 558.7}, {84.3, 21.7}}, label: 'This week'
                                        Other, 0x10a2c57c0, {{33.0, 600.3}, {26.0, 47.3}}, label: 'Monday'
                                          StaticText, 0x10a2c5900, {{40.9, 600.3}, {10.0, 13.3}}, label: 'M'
                                        Other, 0x10a2c5a40, {{84.7, 600.3}, {26.0, 47.3}}, label: 'Tuesday'
                                          StaticText, 0x10a2c5b80, {{93.9, 600.3}, {7.3, 13.3}}, label: 'T'
                                        Other, 0x10a2c5cc0, {{136.3, 600.3}, {26.0, 47.3}}, label: 'Wednesday'
                                          StaticText, 0x10a2c5e00, {{143.8, 600.3}, {11.0, 13.3}}, label: 'W'
                                        Other, 0x10a2c5f40, {{188.0, 600.3}, {26.0, 47.3}}, label: 'Thursday'
                                          StaticText, 0x10a2c6080, {{197.3, 600.3}, {7.3, 13.3}}, label: 'T'
                                        Other, 0x10a2c61c0, {{239.7, 600.3}, {26.0, 47.3}}, label: 'Friday'
                                          StaticText, 0x10a2c6300, {{249.4, 600.3}, {6.7, 13.3}}, label: 'F'
                                        Other, 0x10a2c6440, {{291.3, 600.3}, {26.0, 47.3}}, label: 'Saturday'
                                          StaticText, 0x10a2c6580, {{300.8, 600.3}, {7.3, 13.3}}, label: 'S'
                                        Other, 0x10a2c66c0, {{343.0, 600.3}, {26.0, 47.3}}, label: 'Sunday'
                                          StaticText, 0x10a2c6800, {{352.5, 600.3}, {7.3, 13.3}}, label: 'S'
                                        StaticText, 0x10a2c6940, {{24.0, 683.7}, {117.3, 21.7}}, label: 'Your progress'
                                        StaticText, 0x10a2c6a80, {{40.0, 735.3}, {236.3, 19.3}}, label: '0 of 50 French lessons finished'
                                        StaticText, 0x10a2c6bc0, {{40.0, 784.7}, {14.3, 26.3}}, label: '0'
                                        StaticText, 0x10a2c6d00, {{144.0, 784.7}, {14.3, 26.3}}, label: '0'
                                        StaticText, 0x10a2c6e40, {{40.0, 813.0}, {76.0, 14.3}}, label: 'practice days'
                                        StaticText, 0x10a2c6f80, {{144.0, 813.0}, {90.7, 14.3}}, label: 'active this week'
                                        Button, 0x10a2c70c0, {{212.7, 842.7}, {149.3, 18.3}}, label: 'Share your progress as an image'
                                          Image, 0x10a2c7200, {{212.7, 842.7}, {12.7, 17.0}}, identifier: 'square.and.arrow.up', label: 'Share'
                                          StaticText, 0x10a2c7340, {{212.7, 842.7}, {149.3, 18.3}}, label: 'Share your journey'
                                        Button, 0x10a2c7480, {{24.0, 907.0}, {354.0, 26.0}}, label: 'Monthly activity'
                                          StaticText, 0x10a2c75c0, {{24.0, 907.0}, {354.0, 26.0}}, label: 'Monthly activity'
                                          Image, 0x10a2c7700, {{370.3, 914.0}, {7.0, 12.0}}, identifier: 'collapsed'
                                      Other, 0x10a2c7840, {{369.0, 62.0}, {30.0, 729.0}}, label: 'Vertical scroll bar, 2 pages', value: 0%
                                        Other, 0x10a2c7980, {{396.0, 65.0}, {3.0, 600.7}}
                                      Other, 0x10a2c7ac0, {{369.0, 62.0}, {30.0, 729.0}}, label: 'Vertical scroll bar, 2 pages', value: 0%
                                        Other, 0x10a2c7c00, {{396.0, 65.0}, {3.0, 600.7}}
                            Toolbar, 0x10a2c7d40, {{0.0, 0.0}, {402.0, 874.0}}, identifier: 'Toolbar', label: 'Toolbar'
                              Other, 0x10a2c7e80, {{0.0, 0.0}, {402.0, 874.0}}
                Other, 0x10a2c8000, {{0.0, 0.0}, {402.0, 874.0}}
                  Other, 0x10a2c8140, {{0.0, 791.0}, {402.0, 83.0}}
                    Other, 0x10a2c8280, {{0.0, 0.0}, {402.0, 874.0}}
                      TabBar, 0x10a2c83c0, {{0.0, 791.0}, {402.0, 83.0}}, label: 'Tab Bar'
                        Other, 0x10a2c8500, {{21.0, 791.0}, {360.0, 62.0}}
                          Other, 0x10a2c8640, {{21.0, 791.0}, {77.0, 54.0}}
                          Other, 0x10a2c8780, {{21.0, 791.0}, {360.0, 62.0}}
                            Button, 0x10a2c88c0, {{25.0, 795.0}, {77.0, 54.0}}, identifier: 'house', label: 'Home', Selected
                              Image, 0x10a2c8a00, {{47.0, 801.0}, {33.3, 28.0}}, identifier: 'house.fill', label: 'home'
                            Button, 0x10a2c8b40, {{93.8, 795.0}, {77.0, 54.0}}, identifier: 'book.closed', label: 'Courses'
                              Image, 0x10a2c8c80, {{119.8, 800.7}, {25.3, 28.7}}, identifier: 'book.closed.fill', label: 'Closed book, filled'
                            Button, 0x10a2c8dc0, {{162.5, 795.0}, {77.0, 54.0}}, identifier: 'headphones', label: 'Listen'
                              Image, 0x10a2c8f00, {{186.5, 800.7}, {29.3, 28.3}}, identifier: 'headphones', label: 'audiobook'
                            Button, 0x10a2c9040, {{231.2, 795.0}, {77.0, 54.0}}, identifier: 'arrow.triangle.2.circlepath', label: 'Review'
                              Image, 0x10a2c9180, {{255.6, 801.3}, {28.3, 27.3}}, identifier: 'arrow.trianglehead.2.clockwise.rotate.90', label: 'Two clockwise triangle-headed arrows rotated 90 degrees'
                            Button, 0x10a2c92c0, {{300.0, 795.0}, {77.0, 54.0}}, identifier: 'person', label: 'You'
                              Image, 0x10a2c9400, {{326.0, 802.7}, {25.3, 24.7}}, identifier: 'person.fill', label: 'Person silhouette, filled'
                          Other, 0x10a2c9540, {{21.0, 791.0}, {360.0, 62.0}}
                          Other, 0x10a2c9680, {{25.0, 795.0}, {77.0, 54.0}}
                            Other, 0x10a2c97c0, {{25.0, 795.0}, {77.0, 54.0}}
                              Other, 0x10a2c9900, {{25.0, 795.0}, {77.0, 54.0}}
                              Other, 0x10a2c9a40, {{25.0, 795.0}, {77.0, 54.0}}
                                Other, 0x10a2c9b80, {{25.0, 795.0}, {77.0, 54.0}}
                                  Other, 0x10a2c9cc0, {{25.0, 795.0}, {77.0, 54.0}}
                                    Other, 0x10a2c9e00, {{25.0, 795.0}, {77.0, 54.0}}
                                  Other, 0x10a2c9f40, {{25.0, 795.0}, {77.0, 54.0}}
                                Other, 0x10a2ca080, {{25.0, 795.0}, {77.0, 54.0}}
                    Other, 0x10a2ca1c0, {{0.0, 791.0}, {402.0, 83.0}}
                      Other, 0x10a2ca300, {{0.0, 791.0}, {402.0, 83.0}}
                        Other, 0x10a2ca440, {{0.0, 791.0}, {402.0, 83.0}}
                          Other, 0x10a2ca580, {{0.0, 791.0}, {402.0, 83.0}}
                            Other, 0x10a2ca6c0, {{0.0, 791.0}, {402.0, 83.0}}
                              Other, 0x10a2ca800, {{0.0, 791.0}, {402.0, 83.0}}
                          Other, 0x10a2ca940, {{0.0, 791.0}, {402.0, 83.0}}
                            Other, 0x10a2caa80, {{0.0, 791.0}, {402.0, 83.0}}
Path to element:
 →Application, 0x10a256300, pid: 25100, label: 'Condisco'
Query chain:
 →Find: Target Application 'com.sleuthysloth.condisco'
  Output: {
    Application, 0x10a2cabc0, pid: 25100, label: 'Condisco'
  }

    t =    49.04s Checking existence of `StaticText (First Match)`
    t =    49.14s Tap "You" Button
    t =    49.14s     Wait for com.sleuthysloth.condisco to idle
    t =    49.15s     Find the "You" Button
    t =    49.18s     Check for interrupting elements affecting "person" Button
    t =    49.26s     Synthesize event
    t =    49.64s     Wait for com.sleuthysloth.condisco to idle
    t =    53.51s Waiting 10.0s for "Your learning" StaticText to exist
    t =    54.54s     Checking `Expect predicate `existsNoRetry == 1` for object "Your learning" StaticText`
    t =    54.54s         Checking existence of `"Your learning" StaticText`
    t =    54.68s Checking existence of `"At a glance" StaticText`
    t =    54.70s Checking existence of `"Preferences" Button`
    t =    54.72s Checking existence of `"Account and data" Button`
    t =    54.73s Tap "Home" Button
    t =    54.73s     Wait for com.sleuthysloth.condisco to idle
    t =    54.74s     Find the "Home" Button
    t =    54.76s     Check for interrupting elements affecting "house" Button
    t =    54.83s     Synthesize event
    t =    55.15s     Wait for com.sleuthysloth.condisco to idle
    t =    56.99s Find the Button (First Match)
    t =    57.09s Waiting 10.0s for "French, Mission : un café à Paris, Step 1 of 7" Button to exist
    t =    58.11s     Checking `Expect predicate `existsNoRetry == 1` for object "French, Mission : un café à Paris, Step 1 of 7" Button`
    t =    58.11s         Checking existence of `"French, Mission : un café à Paris, Step 1 of 7" Button`
    t =    58.16s Tap "French, Mission : un café à Paris, Step 1 of 7" Button
    t =    58.16s     Wait for com.sleuthysloth.condisco to idle
    t =    58.17s     Find the "French, Mission : un café à Paris, Step 1 of 7" Button
    t =    58.20s     Check for interrupting elements affecting "French, Mission : un café à Paris, Step 1 of 7" Button
    t =    58.22s     Synthesize event
    t =    58.50s     Wait for com.sleuthysloth.condisco to idle
    t =    58.52s Waiting 20.0s for "Start lesson" Button to exist
    t =    59.55s     Checking `Expect predicate `existsNoRetry == 1` for object "Start lesson" Button`
    t =    59.55s         Checking existence of `"Start lesson" Button`
    t =    59.62s Tap "Start lesson" Button
    t =    59.62s     Wait for com.sleuthysloth.condisco to idle
    t =    59.62s     Find the "Start lesson" Button
    t =    59.66s     Check for interrupting elements affecting "Start lesson" Button
    t =    59.69s     Synthesize event
    t =    59.98s     Wait for com.sleuthysloth.condisco to idle
    t =    60.94s Waiting 10.0s for "Got it" Button to exist
    t =    61.96s     Checking `Expect predicate `existsNoRetry == 1` for object "Got it" Button`
    t =    61.97s         Checking existence of `"Got it" Button`
    t =    62.05s Tap "Got it" Button
    t =    62.05s     Wait for com.sleuthysloth.condisco to idle
    t =    62.05s     Find the "Got it" Button
    t =    62.09s     Check for interrupting elements affecting "Got it" Button
    t =    62.12s     Synthesize event
    t =    62.41s     Wait for com.sleuthysloth.condisco to idle
    t =    62.42s Tap "Continue" Button
    t =    62.42s     Wait for com.sleuthysloth.condisco to idle
    t =    62.42s     Find the "Continue" Button
    t =    62.47s     Check for interrupting elements affecting "Continue" Button
    t =    62.50s     Synthesize event
    t =    62.79s     Wait for com.sleuthysloth.condisco to idle
    t =    62.79s Waiting 10.0s for "You step inside. The server looks up. What leaves your mouth first?" StaticText to exist
    t =    63.81s     Checking `Expect predicate `existsNoRetry == 1` for object "You step inside. The server looks up. What leaves your mouth first?" StaticText`
    t =    63.81s         Checking existence of `"You step inside. The server looks up. What leaves your mouth first?" StaticText`
    t =    63.85s         Capturing element debug description
    t =    64.87s     Checking `Expect predicate `existsNoRetry == 1` for object "You step inside. The server looks up. What leaves your mouth first?" StaticText`
    t =    64.87s         Checking existence of `"You step inside. The server looks up. What leaves your mouth first?" StaticText`
    t =    64.93s         Capturing element debug description
    t =    65.86s     Checking `Expect predicate `existsNoRetry == 1` for object "You step inside. The server looks up. What leaves your mouth first?" StaticText`
    t =    65.86s         Checking existence of `"You step inside. The server looks up. What leaves your mouth first?" StaticText`
    t =    65.89s         Capturing element debug description
    t =    66.81s     Checking `Expect predicate `existsNoRetry == 1` for object "You step inside. The server looks up. What leaves your mouth first?" StaticText`
    t =    66.81s         Checking existence of `"You step inside. The server looks up. What leaves your mouth first?" StaticText`
    t =    66.85s         Capturing element debug description
    t =    67.87s     Checking `Expect predicate `existsNoRetry == 1` for object "You step inside. The server looks up. What leaves your mouth first?" StaticText`
    t =    67.87s         Checking existence of `"You step inside. The server looks up. What leaves your mouth first?" StaticText`
    t =    67.93s         Capturing element debug description
    t =    68.85s     Checking `Expect predicate `existsNoRetry == 1` for object "You step inside. The server looks up. What leaves your mouth first?" StaticText`
    t =    68.85s         Checking existence of `"You step inside. The server looks up. What leaves your mouth first?" StaticText`
    t =    68.91s         Capturing element debug description
    t =    69.82s     Checking `Expect predicate `existsNoRetry == 1` for object "You step inside. The server looks up. What leaves your mouth first?" StaticText`
    t =    69.83s         Checking existence of `"You step inside. The server looks up. What leaves your mouth first?" StaticText`
    t =    69.88s         Capturing element debug description
    t =    70.81s     Checking `Expect predicate `existsNoRetry == 1` for object "You step inside. The server looks up. What leaves your mouth first?" StaticText`
    t =    70.81s         Checking existence of `"You step inside. The server looks up. What leaves your mouth first?" StaticText`
    t =    70.87s         Capturing element debug description
    t =    71.88s     Checking `Expect predicate `existsNoRetry == 1` for object "You step inside. The server looks up. What leaves your mouth first?" StaticText`
    t =    71.88s         Checking existence of `"You step inside. The server looks up. What leaves your mouth first?" StaticText`
    t =    71.92s         Capturing element debug description
    t =    72.80s     Checking `Expect predicate `existsNoRetry == 1` for object "You step inside. The server looks up. What leaves your mouth first?" StaticText`
    t =    72.80s         Checking existence of `"You step inside. The server looks up. What leaves your mouth first?" StaticText`
    t =    72.86s         Capturing element debug description
    t =    72.86s     Checking existence of `"You step inside. The server looks up. What leaves your mouth first?" StaticText`
    t =    72.89s Collecting debug information to assist test failure triage
    t =    72.89s     Requesting snapshot of accessibility hierarchy for app with pid 25100
/Users/spkoehl/Projects/VerbaLibera/Condisco/UITests/FirstRunUITests.swift:47: error: -[CondiscoUITests.FirstRunUITests testFreshFrenchLearnerCanFinishFirstMissionAfterAccentAndWrongAnswer] : XCTAssertTrue failed
    t =    73.00s Tap "Lessons" Button
    t =    73.00s     Wait for com.sleuthysloth.condisco to idle
    t =    73.01s     Find the "Lessons" Button
    t =    73.04s     Check for interrupting elements affecting "Lessons" Button
    t =    73.06s     Synthesize event
    t =    73.36s     Wait for com.sleuthysloth.condisco to idle
    t =    73.82s Waiting 15.0s for Button (First Match) to exist
    t =    74.84s     Checking `Expect predicate `existsNoRetry == 1` for object Button (First Match)`
    t =    74.85s         Checking existence of `Button (First Match)`
    t =    74.90s Tap Button (First Match)
    t =    74.90s     Wait for com.sleuthysloth.condisco to idle
    t =    74.90s     Find the Button (First Match)
    t =    74.93s     Check for interrupting elements affecting "French, Mission : un café à Paris, Step 2 of 7" Button
    t =    74.95s     Synthesize event
    t =    75.24s     Wait for com.sleuthysloth.condisco to idle
    t =    75.72s Waiting 15.0s for "You step inside. The server looks up. What leaves your mouth first?" StaticText to exist
    t =    76.75s     Checking `Expect predicate `existsNoRetry == 1` for object "You step inside. The server looks up. What leaves your mouth first?" StaticText`
    t =    76.75s         Checking existence of `"You step inside. The server looks up. What leaves your mouth first?" StaticText`
    t =    76.82s         Capturing element debug description
    t =    77.73s     Checking `Expect predicate `existsNoRetry == 1` for object "You step inside. The server looks up. What leaves your mouth first?" StaticText`
    t =    77.74s         Checking existence of `"You step inside. The server looks up. What leaves your mouth first?" StaticText`
    t =    77.79s         Capturing element debug description
    t =    78.81s     Checking `Expect predicate `existsNoRetry == 1` for object "You step inside. The server looks up. What leaves your mouth first?" StaticText`
    t =    78.81s         Checking existence of `"You step inside. The server looks up. What leaves your mouth first?" StaticText`
    t =    78.87s         Capturing element debug description
    t =    79.79s     Checking `Expect predicate `existsNoRetry == 1` for object "You step inside. The server looks up. What leaves your mouth first?" StaticText`
    t =    79.79s         Checking existence of `"You step inside. The server looks up. What leaves your mouth first?" StaticText`
    t =    79.84s         Capturing element debug description
    t =    80.76s     Checking `Expect predicate `existsNoRetry == 1` for object "You step inside. The server looks up. What leaves your mouth first?" StaticText`
    t =    80.76s         Checking existence of `"You step inside. The server looks up. What leaves your mouth first?" StaticText`
    t =    80.82s         Capturing element debug description
    t =    81.74s     Checking `Expect predicate `existsNoRetry == 1` for object "You step inside. The server looks up. What leaves your mouth first?" StaticText`
    t =    81.74s         Checking existence of `"You step inside. The server looks up. What leaves your mouth first?" StaticText`
    t =    81.78s         Capturing element debug description
    t =    82.81s     Checking `Expect predicate `existsNoRetry == 1` for object "You step inside. The server looks up. What leaves your mouth first?" StaticText`
    t =    82.81s         Checking existence of `"You step inside. The server looks up. What leaves your mouth first?" StaticText`
    t =    82.87s         Capturing element debug description
    t =    83.80s     Checking `Expect predicate `existsNoRetry == 1` for object "You step inside. The server looks up. What leaves your mouth first?" StaticText`
    t =    83.80s         Checking existence of `"You step inside. The server looks up. What leaves your mouth first?" StaticText`
    t =    83.86s         Capturing element debug description
    t =    84.78s     Checking `Expect predicate `existsNoRetry == 1` for object "You step inside. The server looks up. What leaves your mouth first?" StaticText`
    t =    84.78s         Checking existence of `"You step inside. The server looks up. What leaves your mouth first?" StaticText`
    t =    84.82s         Capturing element debug description
    t =    85.74s     Checking `Expect predicate `existsNoRetry == 1` for object "You step inside. The server looks up. What leaves your mouth first?" StaticText`
    t =    85.74s         Checking existence of `"You step inside. The server looks up. What leaves your mouth first?" StaticText`
    t =    85.79s         Capturing element debug description
    t =    86.72s     Checking `Expect predicate `existsNoRetry == 1` for object "You step inside. The server looks up. What leaves your mouth first?" StaticText`
    t =    86.72s         Checking existence of `"You step inside. The server looks up. What leaves your mouth first?" StaticText`
    t =    86.79s         Capturing element debug description
    t =    87.80s     Checking `Expect predicate `existsNoRetry == 1` for object "You step inside. The server looks up. What leaves your mouth first?" StaticText`
    t =    87.80s         Checking existence of `"You step inside. The server looks up. What leaves your mouth first?" StaticText`
    t =    87.84s         Capturing element debug description
    t =    88.76s     Checking `Expect predicate `existsNoRetry == 1` for object "You step inside. The server looks up. What leaves your mouth first?" StaticText`
    t =    88.76s         Checking existence of `"You step inside. The server looks up. What leaves your mouth first?" StaticText`
    t =    88.82s         Capturing element debug description
    t =    89.75s     Checking `Expect predicate `existsNoRetry == 1` for object "You step inside. The server looks up. What leaves your mouth first?" StaticText`
    t =    89.75s         Checking existence of `"You step inside. The server looks up. What leaves your mouth first?" StaticText`
    t =    89.81s         Capturing element debug description
    t =    90.72s     Checking `Expect predicate `existsNoRetry == 1` for object "You step inside. The server looks up. What leaves your mouth first?" StaticText`
    t =    90.72s         Checking existence of `"You step inside. The server looks up. What leaves your mouth first?" StaticText`
    t =    90.78s         Capturing element debug description
    t =    90.78s     Checking existence of `"You step inside. The server looks up. What leaves your mouth first?" StaticText`
    t =    90.81s Collecting debug information to assist test failure triage
    t =    90.81s     Requesting snapshot of accessibility hierarchy for app with pid 25100
/Users/spkoehl/Projects/VerbaLibera/Condisco/UITests/FirstRunUITests.swift:53: error: -[CondiscoUITests.FirstRunUITests testFreshFrenchLearnerCanFinishFirstMissionAfterAccentAndWrongAnswer] : XCTAssertTrue failed
    t =    90.86s Tap "Bonjour." Button
    t =    90.86s     Wait for com.sleuthysloth.condisco to idle
    t =    90.86s     Find the "Bonjour." Button
    t =    90.89s     Check for interrupting elements affecting "Bonjour." Button
    t =    90.92s     Synthesize event
    t =    91.22s     Wait for com.sleuthysloth.condisco to idle
    t =    91.23s Waiting 10.0s for "Check" Button to exist
    t =    92.26s     Checking `Expect predicate `existsNoRetry == 1` for object "Check" Button`
    t =    92.27s         Checking existence of `"Check" Button`
    t =    92.32s Find the "Check" Button
    t =    92.36s Tap "Check" Button
    t =    92.36s     Wait for com.sleuthysloth.condisco to idle
    t =    92.36s     Find the "Check" Button
    t =    92.39s     Check for interrupting elements affecting "Check" Button
    t =    92.41s     Synthesize event
    t =    92.71s     Wait for com.sleuthysloth.condisco to idle
    t =    92.71s Waiting 15.0s for "Next step" Button to exist
    t =    93.73s     Checking `Expect predicate `existsNoRetry == 1` for object "Next step" Button`
    t =    93.73s         Checking existence of `"Next step" Button`
    t =    93.80s Tap "Next step" Button
    t =    93.80s     Wait for com.sleuthysloth.condisco to idle
    t =    93.80s     Find the "Next step" Button
    t =    93.83s     Check for interrupting elements affecting "Next step" Button
    t =    93.86s     Synthesize event
    t =    94.15s     Wait for com.sleuthysloth.condisco to idle
    t =    94.16s Waiting 10.0s for "Build your order. Say: A coffee, please." StaticText to exist
    t =    95.18s     Checking `Expect predicate `existsNoRetry == 1` for object "Build your order. Say: A coffee, please." StaticText`
    t =    95.18s         Checking existence of `"Build your order. Say: A coffee, please." StaticText`
    t =    95.24s         Capturing element debug description
    t =    96.17s     Checking `Expect predicate `existsNoRetry == 1` for object "Build your order. Say: A coffee, please." StaticText`
    t =    96.17s         Checking existence of `"Build your order. Say: A coffee, please." StaticText`
    t =    96.22s         Capturing element debug description
    t =    97.25s     Checking `Expect predicate `existsNoRetry == 1` for object "Build your order. Say: A coffee, please." StaticText`
    t =    97.25s         Checking existence of `"Build your order. Say: A coffee, please." StaticText`
    t =    97.31s         Capturing element debug description
    t =    98.23s     Checking `Expect predicate `existsNoRetry == 1` for object "Build your order. Say: A coffee, please." StaticText`
    t =    98.23s         Checking existence of `"Build your order. Say: A coffee, please." StaticText`
    t =    98.28s         Capturing element debug description
    t =    99.21s     Checking `Expect predicate `existsNoRetry == 1` for object "Build your order. Say: A coffee, please." StaticText`
    t =    99.21s         Checking existence of `"Build your order. Say: A coffee, please." StaticText`
    t =    99.27s         Capturing element debug description
    t =   100.19s     Checking `Expect predicate `existsNoRetry == 1` for object "Build your order. Say: A coffee, please." StaticText`
    t =   100.19s         Checking existence of `"Build your order. Say: A coffee, please." StaticText`
    t =   100.22s         Capturing element debug description
    t =   101.25s     Checking `Expect predicate `existsNoRetry == 1` for object "Build your order. Say: A coffee, please." StaticText`
    t =   101.25s         Checking existence of `"Build your order. Say: A coffee, please." StaticText`
    t =   101.31s         Capturing element debug description
    t =   102.23s     Checking `Expect predicate `existsNoRetry == 1` for object "Build your order. Say: A coffee, please." StaticText`
    t =   102.24s         Checking existence of `"Build your order. Say: A coffee, please." StaticText`
    t =   102.28s         Capturing element debug description
    t =   103.20s     Checking `Expect predicate `existsNoRetry == 1` for object "Build your order. Say: A coffee, please." StaticText`
    t =   103.20s         Checking existence of `"Build your order. Say: A coffee, please." StaticText`
    t =   103.26s         Capturing element debug description
    t =   104.16s     Checking `Expect predicate `existsNoRetry == 1` for object "Build your order. Say: A coffee, please." StaticText`
    t =   104.16s         Checking existence of `"Build your order. Say: A coffee, please." StaticText`
    t =   104.22s         Capturing element debug description
    t =   104.22s     Checking existence of `"Build your order. Say: A coffee, please." StaticText`
    t =   104.25s Collecting debug information to assist test failure triage
    t =   104.25s     Requesting snapshot of accessibility hierarchy for app with pid 25100
/Users/spkoehl/Projects/VerbaLibera/Condisco/UITests/FirstRunUITests.swift:58: error: -[CondiscoUITests.FirstRunUITests testFreshFrenchLearnerCanFinishFirstMissionAfterAccentAndWrongAnswer] : XCTAssertTrue failed
    t =   104.30s Tap "Add Un" Button
    t =   104.30s     Wait for com.sleuthysloth.condisco to idle
    t =   104.30s     Find the "Add Un" Button
    t =   104.33s     Check for interrupting elements affecting "Add Un" Button
    t =   104.35s     Synthesize event
    t =   104.70s     Wait for com.sleuthysloth.condisco to idle
    t =   104.70s Tap "Add café," Button
    t =   104.70s     Wait for com.sleuthysloth.condisco to idle
    t =   104.71s     Find the "Add café," Button
    t =   104.74s     Check for interrupting elements affecting "Add café," Button
    t =   104.77s     Synthesize event
    t =   105.07s     Wait for com.sleuthysloth.condisco to idle
    t =   105.09s Tap "Add s’il vous plaît." Button
    t =   105.09s     Wait for com.sleuthysloth.condisco to idle
    t =   105.09s     Find the "Add s’il vous plaît." Button
    t =   105.13s     Check for interrupting elements affecting "Add s’il vous plaît." Button
    t =   105.16s     Synthesize event
    t =   105.46s     Wait for com.sleuthysloth.condisco to idle
    t =   105.46s Waiting 10.0s for "Check" Button to exist
    t =   106.49s     Checking `Expect predicate `existsNoRetry == 1` for object "Check" Button`
    t =   106.49s         Checking existence of `"Check" Button`
    t =   106.55s Find the "Check" Button
    t =   106.58s Tap "Check" Button
    t =   106.58s     Wait for com.sleuthysloth.condisco to idle
    t =   106.58s     Find the "Check" Button
    t =   106.61s     Check for interrupting elements affecting "Check" Button
    t =   106.63s     Synthesize event
    t =   106.94s     Wait for com.sleuthysloth.condisco to idle
    t =   106.95s Waiting 15.0s for "Next step" Button to exist
    t =   107.97s     Checking `Expect predicate `existsNoRetry == 1` for object "Next step" Button`
    t =   107.97s         Checking existence of `"Next step" Button`
    t =   108.03s Tap "Next step" Button
    t =   108.03s     Wait for com.sleuthysloth.condisco to idle
    t =   108.03s     Find the "Next step" Button
    t =   108.07s     Check for interrupting elements affecting "Next step" Button
    t =   108.09s     Synthesize event
    t =   108.39s     Wait for com.sleuthysloth.condisco to idle
    t =   108.40s Waiting 10.0s for "Your coffee arrives, with a smile. What do you say?" StaticText to exist
    t =   109.43s     Checking `Expect predicate `existsNoRetry == 1` for object "Your coffee arrives, with a smile. What do you say?" StaticText`
    t =   109.43s         Checking existence of `"Your coffee arrives, with a smile. What do you say?" StaticText`
    t =   109.49s         Capturing element debug description
    t =   110.41s     Checking `Expect predicate `existsNoRetry == 1` for object "Your coffee arrives, with a smile. What do you say?" StaticText`
    t =   110.41s         Checking existence of `"Your coffee arrives, with a smile. What do you say?" StaticText`
    t =   110.47s         Capturing element debug description
    t =   111.49s     Checking `Expect predicate `existsNoRetry == 1` for object "Your coffee arrives, with a smile. What do you say?" StaticText`
    t =   111.50s         Checking existence of `"Your coffee arrives, with a smile. What do you say?" StaticText`
    t =   111.53s         Capturing element debug description
    t =   112.45s     Checking `Expect predicate `existsNoRetry == 1` for object "Your coffee arrives, with a smile. What do you say?" StaticText`
    t =   112.45s         Checking existence of `"Your coffee arrives, with a smile. What do you say?" StaticText`
    t =   112.51s         Capturing element debug description
    t =   113.43s     Checking `Expect predicate `existsNoRetry == 1` for object "Your coffee arrives, with a smile. What do you say?" StaticText`
    t =   113.43s         Checking existence of `"Your coffee arrives, with a smile. What do you say?" StaticText`
    t =   113.48s         Capturing element debug description
    t =   114.50s     Checking `Expect predicate `existsNoRetry == 1` for object "Your coffee arrives, with a smile. What do you say?" StaticText`
    t =   114.50s         Checking existence of `"Your coffee arrives, with a smile. What do you say?" StaticText`
    t =   114.56s         Capturing element debug description
    t =   115.48s     Checking `Expect predicate `existsNoRetry == 1` for object "Your coffee arrives, with a smile. What do you say?" StaticText`
    t =   115.48s         Checking existence of `"Your coffee arrives, with a smile. What do you say?" StaticText`
    t =   115.54s         Capturing element debug description
    t =   116.46s     Checking `Expect predicate `existsNoRetry == 1` for object "Your coffee arrives, with a smile. What do you say?" StaticText`
    t =   116.46s         Checking existence of `"Your coffee arrives, with a smile. What do you say?" StaticText`
    t =   116.52s         Capturing element debug description
    t =   117.45s     Checking `Expect predicate `existsNoRetry == 1` for object "Your coffee arrives, with a smile. What do you say?" StaticText`
    t =   117.45s         Checking existence of `"Your coffee arrives, with a smile. What do you say?" StaticText`
    t =   117.50s         Capturing element debug description
    t =   118.41s     Checking `Expect predicate `existsNoRetry == 1` for object "Your coffee arrives, with a smile. What do you say?" StaticText`
    t =   118.41s         Checking existence of `"Your coffee arrives, with a smile. What do you say?" StaticText`
    t =   118.47s         Capturing element debug description
    t =   118.47s     Checking existence of `"Your coffee arrives, with a smile. What do you say?" StaticText`
    t =   118.50s Collecting debug information to assist test failure triage
    t =   118.50s     Requesting snapshot of accessibility hierarchy for app with pid 25100
/Users/spkoehl/Projects/VerbaLibera/Condisco/UITests/FirstRunUITests.swift:65: error: -[CondiscoUITests.FirstRunUITests testFreshFrenchLearnerCanFinishFirstMissionAfterAccentAndWrongAnswer] : XCTAssertTrue failed
    t =   118.54s Tap "Merci." Button
    t =   118.54s     Wait for com.sleuthysloth.condisco to idle
    t =   118.55s     Find the "Merci." Button
    t =   118.58s     Check for interrupting elements affecting "Merci." Button
    t =   118.60s     Synthesize event
    t =   118.90s     Wait for com.sleuthysloth.condisco to idle
    t =   118.91s Waiting 10.0s for "Check" Button to exist
    t =   119.96s     Checking `Expect predicate `existsNoRetry == 1` for object "Check" Button`
    t =   119.96s         Checking existence of `"Check" Button`
    t =   120.02s Find the "Check" Button
    t =   120.05s Tap "Check" Button
    t =   120.05s     Wait for com.sleuthysloth.condisco to idle
    t =   120.05s     Find the "Check" Button
    t =   120.08s     Check for interrupting elements affecting "Check" Button
    t =   120.11s     Synthesize event
    t =   120.40s     Wait for com.sleuthysloth.condisco to idle
    t =   120.41s Waiting 15.0s for "Next step" Button to exist
    t =   121.42s     Checking `Expect predicate `existsNoRetry == 1` for object "Next step" Button`
    t =   121.42s         Checking existence of `"Next step" Button`
    t =   121.48s Tap "Next step" Button
    t =   121.48s     Wait for com.sleuthysloth.condisco to idle
    t =   121.48s     Find the "Next step" Button
    t =   121.52s     Check for interrupting elements affecting "Next step" Button
    t =   121.55s     Synthesize event
    t =   121.84s     Wait for com.sleuthysloth.condisco to idle
    t =   121.84s Waiting 10.0s for "I've thought about it — let me answer" Button to exist
    t =   122.86s     Checking `Expect predicate `existsNoRetry == 1` for object "I've thought about it — let me answer" Button`
    t =   122.86s         Checking existence of `"I've thought about it — let me answer" Button`
    t =   122.92s Tap "I've thought about it — let me answer" Button
    t =   122.92s     Wait for com.sleuthysloth.condisco to idle
    t =   122.92s     Find the "I've thought about it — let me answer" Button
    t =   122.96s     Check for interrupting elements affecting "I've thought about it — let me answer" Button
    t =   122.99s     Synthesize event
    t =   123.28s     Wait for com.sleuthysloth.condisco to idle
    t =   123.73s Waiting 10.0s for TextView (First Match) to exist
    t =   124.75s     Checking `Expect predicate `existsNoRetry == 1` for object TextView (First Match)`
    t =   124.75s         Checking existence of `TextView (First Match)`
    t =   124.86s Tap TextView (First Match)
    t =   124.86s     Wait for com.sleuthysloth.condisco to idle
    t =   124.87s     Find the TextView (First Match)
    t =   124.90s     Check for interrupting elements affecting "Your answer" TextView
    t =   124.93s     Synthesize event
    t =   125.23s     Wait for com.sleuthysloth.condisco to idle
    t =   129.88s Type 'Un cafe, s’il vous...' into "Your answer" TextView
    t =   129.88s     Wait for com.sleuthysloth.condisco to idle
    t =   129.89s     Find the "Your answer" TextView
    t =   129.97s     Check for interrupting elements affecting "Your answer" TextView
    t =   130.02s     Synthesize event
    t =   130.67s     Wait for com.sleuthysloth.condisco to idle
    t =   130.71s Tap "Check" Button
    t =   130.71s     Wait for com.sleuthysloth.condisco to idle
    t =   130.73s     Find the "Check" Button
    t =   130.86s     Check for interrupting elements affecting "Check" Button
    t =   130.92s     Synthesize event
    t =   131.25s     Wait for com.sleuthysloth.condisco to idle
    t =   131.26s Waiting 10.0s for StaticText (First Match) to exist
    t =   132.28s     Checking `Expect predicate `existsNoRetry == 1` for object StaticText (First Match)`
    t =   132.29s         Checking existence of `StaticText (First Match)`
    t =   132.46s Checking existence of `StaticText (First Match)`
    t =   132.51s Tap "Next step" Button
    t =   132.51s     Wait for com.sleuthysloth.condisco to idle
    t =   132.51s     Find the "Next step" Button
    t =   132.58s     Check for interrupting elements affecting "Next step" Button
    t =   132.63s     Synthesize event
    t =   132.94s     Wait for com.sleuthysloth.condisco to idle
    t =   132.95s Waiting 10.0s for "Quick check — match each line to its meaning." StaticText to exist
    t =   133.97s     Checking `Expect predicate `existsNoRetry == 1` for object "Quick check — match each line to its meaning." StaticText`
    t =   133.97s         Checking existence of `"Quick check — match each line to its meaning." StaticText`
    t =   134.02s         Capturing element debug description
    t =   135.03s     Checking `Expect predicate `existsNoRetry == 1` for object "Quick check — match each line to its meaning." StaticText`
    t =   135.04s         Checking existence of `"Quick check — match each line to its meaning." StaticText`
    t =   135.09s         Capturing element debug description
    t =   136.01s     Checking `Expect predicate `existsNoRetry == 1` for object "Quick check — match each line to its meaning." StaticText`
    t =   136.02s         Checking existence of `"Quick check — match each line to its meaning." StaticText`
    t =   136.14s         Capturing element debug description
    t =   136.96s     Checking `Expect predicate `existsNoRetry == 1` for object "Quick check — match each line to its meaning." StaticText`
    t =   136.98s         Checking existence of `"Quick check — match each line to its meaning." StaticText`
    t =   137.28s         Capturing element debug description
    t =   137.99s     Checking `Expect predicate `existsNoRetry == 1` for object "Quick check — match each line to its meaning." StaticText`
    t =   138.00s         Checking existence of `"Quick check — match each line to its meaning." StaticText`
    t =   138.51s         Capturing element debug description
    t =   139.03s     Checking `Expect predicate `existsNoRetry == 1` for object "Quick check — match each line to its meaning." StaticText`
    t =   139.03s         Checking existence of `"Quick check — match each line to its meaning." StaticText`
    t =   139.08s         Capturing element debug description
    t =   140.00s     Checking `Expect predicate `existsNoRetry == 1` for object "Quick check — match each line to its meaning." StaticText`
    t =   140.01s         Checking existence of `"Quick check — match each line to its meaning." StaticText`
    t =   140.06s         Capturing element debug description
    t =   140.99s     Checking `Expect predicate `existsNoRetry == 1` for object "Quick check — match each line to its meaning." StaticText`
    t =   140.99s         Checking existence of `"Quick check — match each line to its meaning." StaticText`
    t =   141.04s         Capturing element debug description
    t =   141.96s     Checking `Expect predicate `existsNoRetry == 1` for object "Quick check — match each line to its meaning." StaticText`
    t =   142.01s         Checking existence of `"Quick check — match each line to its meaning." StaticText`
    t =   143.03s         Capturing element debug description
    t =   143.03s     Checking existence of `"Quick check — match each line to its meaning." StaticText`
    t =   143.10s Collecting debug information to assist test failure triage
    t =   143.11s     Requesting snapshot of accessibility hierarchy for app with pid 25100
/Users/spkoehl/Projects/VerbaLibera/Condisco/UITests/FirstRunUITests.swift:81: error: -[CondiscoUITests.FirstRunUITests testFreshFrenchLearnerCanFinishFirstMissionAfterAccentAndWrongAnswer] : XCTAssertTrue failed
    t =   143.82s Tap "Bonjour." Button
    t =   143.82s     Wait for com.sleuthysloth.condisco to idle
    t =   143.84s     Find the "Bonjour." Button
    t =   143.94s     Check for interrupting elements affecting "Bonjour." Button
    t =   144.36s     Synthesize event
    t =   145.30s     Wait for com.sleuthysloth.condisco to idle
    t =   145.32s Tap "Hello." Button
    t =   145.32s     Wait for com.sleuthysloth.condisco to idle
    t =   146.94s     Find the "Hello." Button
    t =   147.05s     Check for interrupting elements affecting "Hello." Button
    t =   147.11s     Synthesize event
    t =   147.42s     Wait for com.sleuthysloth.condisco to idle
    t =   147.86s Tap "Un café, s’il vous plaît." Button
    t =   147.86s     Wait for com.sleuthysloth.condisco to idle
    t =   147.86s     Find the "Un café, s’il vous plaît." Button
    t =   147.94s     Check for interrupting elements affecting "Un café, s’il vous plaît." Button
    t =   148.00s     Synthesize event
    t =   148.32s     Wait for com.sleuthysloth.condisco to idle
    t =   148.32s Tap "A coffee, please." Button
    t =   148.32s     Wait for com.sleuthysloth.condisco to idle
    t =   148.33s     Find the "A coffee, please." Button
    t =   148.39s     Check for interrupting elements affecting "A coffee, please." Button
    t =   148.43s     Synthesize event
    t =   148.72s     Wait for com.sleuthysloth.condisco to idle
    t =   148.73s Tap "Merci." Button
    t =   148.73s     Wait for com.sleuthysloth.condisco to idle
    t =   148.73s     Find the "Merci." Button
    t =   148.79s     Check for interrupting elements affecting "Merci." Button
    t =   149.47s     Synthesize event
    t =   149.96s     Wait for com.sleuthysloth.condisco to idle
    t =   149.97s Tap "Thank you." Button
    t =   149.97s     Wait for com.sleuthysloth.condisco to idle
    t =   149.97s     Find the "Thank you." Button
    t =   150.15s     Check for interrupting elements affecting "Thank you." Button
    t =   150.20s     Synthesize event
    t =   150.53s     Wait for com.sleuthysloth.condisco to idle
    t =   150.71s Waiting 10.0s for "Check" Button to exist
    t =   151.74s     Checking `Expect predicate `existsNoRetry == 1` for object "Check" Button`
    t =   151.85s         Checking existence of `"Check" Button`
    t =   153.95s Find the "Check" Button
    t =   154.04s Tap "Check" Button
    t =   154.04s     Wait for com.sleuthysloth.condisco to idle
    t =   154.07s     Find the "Check" Button
    t =   154.16s     Check for interrupting elements affecting "Check" Button
    t =   154.65s     Synthesize event
    t =   155.82s     Wait for com.sleuthysloth.condisco to idle
    t =   157.71s Waiting 15.0s for "Next step" Button to exist
    t =   158.76s     Checking `Expect predicate `existsNoRetry == 1` for object "Next step" Button`
    t =   158.92s         Checking existence of `"Next step" Button`
    t =   160.41s Tap "Next step" Button
    t =   160.41s     Wait for com.sleuthysloth.condisco to idle
    t =   160.42s     Find the "Next step" Button
    t =   160.51s     Check for interrupting elements affecting "Next step" Button
    t =   160.79s     Synthesize event
    t =   161.54s     Wait for com.sleuthysloth.condisco to idle
    t =   162.46s Waiting 10.0s for StaticText (First Match) to exist
    t =   163.47s     Checking `Expect predicate `existsNoRetry == 1` for object StaticText (First Match)`
    t =   163.47s         Checking existence of `StaticText (First Match)`
    t =   163.71s         Capturing element debug description
    t =   164.54s     Checking `Expect predicate `existsNoRetry == 1` for object StaticText (First Match)`
    t =   164.54s         Checking existence of `StaticText (First Match)`
    t =   164.64s         Capturing element debug description
    t =   165.55s     Checking `Expect predicate `existsNoRetry == 1` for object StaticText (First Match)`
    t =   165.55s         Checking existence of `StaticText (First Match)`
    t =   165.70s         Capturing element debug description
    t =   166.52s     Checking `Expect predicate `existsNoRetry == 1` for object StaticText (First Match)`
    t =   166.52s         Checking existence of `StaticText (First Match)`
    t =   166.61s         Capturing element debug description
    t =   167.53s     Checking `Expect predicate `existsNoRetry == 1` for object StaticText (First Match)`
    t =   167.53s         Checking existence of `StaticText (First Match)`
    t =   167.60s         Capturing element debug description
    t =   168.53s     Checking `Expect predicate `existsNoRetry == 1` for object StaticText (First Match)`
    t =   168.53s         Checking existence of `StaticText (First Match)`
    t =   168.61s         Capturing element debug description
    t =   169.54s     Checking `Expect predicate `existsNoRetry == 1` for object StaticText (First Match)`
    t =   169.54s         Checking existence of `StaticText (First Match)`
    t =   169.63s         Capturing element debug description
    t =   170.55s     Checking `Expect predicate `existsNoRetry == 1` for object StaticText (First Match)`
    t =   170.55s         Checking existence of `StaticText (First Match)`
    t =   170.65s         Capturing element debug description
    t =   171.47s     Checking `Expect predicate `existsNoRetry == 1` for object StaticText (First Match)`
    t =   171.47s         Checking existence of `StaticText (First Match)`
    t =   171.56s         Capturing element debug description
    t =   172.47s     Checking `Expect predicate `existsNoRetry == 1` for object StaticText (First Match)`
    t =   172.47s         Checking existence of `StaticText (First Match)`
    t =   172.56s         Capturing element debug description
    t =   172.56s     Checking existence of `StaticText (First Match)`
    t =   172.61s Collecting debug information to assist test failure triage
    t =   172.61s     Requesting snapshot of accessibility hierarchy for app with pid 25100
/Users/spkoehl/Projects/VerbaLibera/Condisco/UITests/FirstRunUITests.swift:90: error: -[CondiscoUITests.FirstRunUITests testFreshFrenchLearnerCanFinishFirstMissionAfterAccentAndWrongAnswer] : XCTAssertTrue failed
    t =   172.83s Waiting 10.0s for TextView (First Match) to exist
    t =   173.85s     Checking `Expect predicate `existsNoRetry == 1` for object TextView (First Match)`
    t =   173.86s         Checking existence of `TextView (First Match)`
    t =   173.90s Tap TextView (First Match)
    t =   173.90s     Wait for com.sleuthysloth.condisco to idle
    t =   173.91s     Find the TextView (First Match)
    t =   173.94s     Check for interrupting elements affecting "Your answer" TextView
    t =   173.97s     Synthesize event
    t =   174.28s     Wait for com.sleuthysloth.condisco to idle
    t =   175.46s Type 'No idea yet' into "Your answer" TextView
    t =   175.46s     Wait for com.sleuthysloth.condisco to idle
    t =   175.84s     Find the "Your answer" TextView
    t =   175.91s     Check for interrupting elements affecting "Your answer" TextView
    t =   175.96s     Synthesize event
    t =   176.37s     Wait for com.sleuthysloth.condisco to idle
    t =   176.55s Tap "Check" Button
    t =   176.55s     Wait for com.sleuthysloth.condisco to idle
    t =   176.56s     Find the "Check" Button
    t =   176.62s     Check for interrupting elements affecting "Check" Button
    t =   176.65s     Synthesize event
    t =   176.95s     Wait for com.sleuthysloth.condisco to idle
    t =   176.96s Waiting 15.0s for "Continue with model answer" Button to exist
    t =   177.98s     Checking `Expect predicate `existsNoRetry == 1` for object "Continue with model answer" Button`
    t =   177.98s         Checking existence of `"Continue with model answer" Button`
    t =   178.04s Checking existence of `StaticText (First Match)`
    t =   178.06s Tap "Continue with model answer" Button
    t =   178.06s     Wait for com.sleuthysloth.condisco to idle
    t =   178.07s     Find the "Continue with model answer" Button
    t =   178.10s     Check for interrupting elements affecting "Continue with model answer" Button
    t =   178.13s     Synthesize event
    t =   178.42s     Wait for com.sleuthysloth.condisco to idle
    t =   178.85s Waiting 15.0s for "Back to lessons" Button to exist
    t =   179.86s     Checking `Expect predicate `existsNoRetry == 1` for object "Back to lessons" Button`
    t =   179.86s         Checking existence of `"Back to lessons" Button`
    t =   179.97s Tap "Back to lessons" Button
    t =   179.97s     Wait for com.sleuthysloth.condisco to idle
    t =   179.97s     Find the "Back to lessons" Button
    t =   180.01s     Check for interrupting elements affecting "Back to lessons" Button
    t =   180.05s     Synthesize event
    t =   180.06s         Scroll element to visible
    t =   180.12s         Find the "Back to lessons" Button
    t =   180.16s         Computed hit point {201, 806.99999999999966} after scrolling to visible
    t =   180.44s     Wait for com.sleuthysloth.condisco to idle
    t =   180.98s Waiting 15.0s for "Review" Button to exist
    t =   182.01s     Checking `Expect predicate `existsNoRetry == 1` for object "Review" Button`
    t =   182.01s         Checking existence of `"Review" Button`
    t =   182.06s Tap "Review" Button
    t =   182.06s     Wait for com.sleuthysloth.condisco to idle
    t =   182.07s     Find the "Review" Button
    t =   182.09s     Check for interrupting elements affecting "arrow.triangle.2.circlepath" Button
    t =   182.11s     Synthesize event
    t =   182.43s     Wait for com.sleuthysloth.condisco to idle
    t =   184.41s Waiting 15.0s for "Review" NavigationBar to exist
    t =   185.42s     Checking `Expect predicate `existsNoRetry == 1` for object "Review" NavigationBar`
    t =   185.43s         Checking existence of `"Review" NavigationBar`
    t =   185.54s Tear Down
Test Case '-[CondiscoUITests.FirstRunUITests testFreshFrenchLearnerCanFinishFirstMissionAfterAccentAndWrongAnswer]' failed (185.982 seconds).
Test Suite 'FirstRunUITests' failed at 2026-09-25 19:05:25.281.
	 Executed 1 test, with 7 failures (0 unexpected) in 185.982 (186.039) seconds
Test Suite 'CondiscoUITests.xctest' failed at 2026-09-25 19:05:25.296.
	 Executed 1 test, with 7 failures (0 unexpected) in 185.982 (186.055) seconds
Test Suite 'All tests' failed at 2026-09-25 19:05:25.296.
	 Executed 1 test, with 7 failures (0 unexpected) in 185.982 (186.213) seconds
2026-09-25 19:15:25.782 xcodebuild[22708:6572555]  IDETestOperationsObserverDebug: Failure collecting diagnostics from simulator: Timed out after 600.0 seconds while waiting for a response from the invoked process
2026-09-25 19:15:25.879 xcodebuild[22708:6560063] [MT] IDETestOperationsObserverDebug: 857.822 elapsed -- Testing started completed.
2026-09-25 19:15:25.879 xcodebuild[22708:6560063] [MT] IDETestOperationsObserverDebug: 0.000 sec, +0.000 sec -- start
2026-09-25 19:15:25.879 xcodebuild[22708:6560063] [MT] IDETestOperationsObserverDebug: 857.824 sec, +857.824 sec -- end

Test session results, code coverage, and logs:
	/var/folders/3w/91hphlzs0rv_1twbkfyhvn6m0000gn/T/condisco-preflight.dyPabj/DerivedData/Logs/Test/Test-Condisco-2026.09.25_19-01-05--0700.xcresult

Failing tests:
	FirstRunUITests.testFreshFrenchLearnerCanFinishFirstMissionAfterAccentAndWrongAnswer()
	FirstRunUITests.testFreshFrenchLearnerCanFinishFirstMissionAfterAccentAndWrongAnswer()
	FirstRunUITests.testFreshFrenchLearnerCanFinishFirstMissionAfterAccentAndWrongAnswer()
	FirstRunUITests.testFreshFrenchLearnerCanFinishFirstMissionAfterAccentAndWrongAnswer()
	FirstRunUITests.testFreshFrenchLearnerCanFinishFirstMissionAfterAccentAndWrongAnswer()
	FirstRunUITests.testFreshFrenchLearnerCanFinishFirstMissionAfterAccentAndWrongAnswer()
	FirstRunUITests.testFreshFrenchLearnerCanFinishFirstMissionAfterAccentAndWrongAnswer()

** TEST FAILED **

Testing started
FAIL UI smoke (CondiscoUITests) — failing UI tests block a share
PREFLIGHT ABORTED after step 5 (stopping on first failure)
EXIT=1
