
== Step 1/6  Pack + media integrity  (tools/check_packs.sh) ==
/Users/spkoehl/Projects/VerbaLibera/tools/check_packs.swift:233:13: warning: variable 'body' was never mutated; consider changing to 'let' constant [#VariableNeverMutated]
 231 |     /// element, keeping the reported chain stable across runs.
 232 |     private static func canonicalCycle(_ cycle: [String]) -> [String] {
 233 |         var body = Array(cycle.dropLast())
     |             `- warning: variable 'body' was never mutated; consider changing to 'let' constant [#VariableNeverMutated]
 234 |         guard !body.isEmpty else { return cycle }
 235 |         var best = body

[#VariableNeverMutated]: <https://docs.swift.org/compiler/documentation/diagnostics/variable-never-mutated>
PASS french: 50 lessons
PASS italian: 49 lessons
PASS german: 52 lessons
PASS portuguese: 52 lessons
PASS spanish: 100 lessons
PASS all five languages; 72 shared-feedback replies; invalid legacy policy rejected
PASS es-foundations checkpoints: es-cp-foundation[foundation, 3 items], es-cp-developing[developing, 3 items], es-cp-independent[independent, 3 items]
PASS es-foundations sustained: 8 text(s) [message-thread, short-article, personal-narrative, short-article, short-article, message-thread, personal-narrative, short-article], 8 listening passage(s) — es-sustained-listen-llamada[5 sections, 2 voices], es-b1-listen-aeropuerto[4 sections, 2 voices], es-b1-listen-oferta[4 sections, 2 voices], es-b1-listen-fiesta[4 sections, 2 voices], es-b1-listen-anecdota[4 sections, 2 voices], es-b1-listen-discusion[4 sections, 2 voices], es-b1-listen-reparacion[4 sections, 2 voices], es-b1-listen-charla[4 sections, 2 voices]
PASS fr-foundations dialogues: fr-meeting[validated-only, 3 nodes], fr-cafe[validated-only, 4 nodes]
PASS it-foundations dialogues: it-meeting[validated-only, 3 nodes], it-cafe[validated-only, 4 nodes]
PASS es-foundations dialogues: es-cafe-turno[host es-cafe-requests-foundation, 9 nodes], es-a2-planes-sabado[host es-a2-planes-intenciones, 7 nodes], es-b1-dialogo-vuelo[host es-b1-reprogramar-dialogo, 10 nodes], es-b1-dialogo-oferta[host es-b1-decision-dialogo, 8 nodes], es-b1-dialogo-fiesta[host es-b1-plan-dialogo, 8 nodes], es-b1-dialogo-historia[host es-b1-reaccion-dialogo, 7 nodes], es-b1-dialogo-consecuencia[host es-b1-cambio-dialogo, 7 nodes], es-b1-dialogo-opinion[host es-b1-opinion-dialogo, 7 nodes], es-b1-dialogo-problema[host es-b1-problema-dialogo, 8 nodes], es-b1-dialogo-aclaracion[host es-b1-aclarar-dialogo, 8 nodes]
== structural integrity (5.4) ==
  ok fr-foundations: 74 reviewOf, 117 legacy concept/vocab, 0 example-media, 2 dialogue refs checked
  ok it-foundations: 29 reviewOf, 143 legacy concept/vocab, 0 example-media, 2 dialogue refs checked
  ok de-foundations: 92 reviewOf, 107 legacy concept/vocab, 0 example-media, 0 dialogue refs checked
  ok pt-foundations: 279 reviewOf, 294 legacy concept/vocab, 0 example-media, 0 dialogue refs checked
  ok es-foundations: 372 reviewOf, 388 legacy concept/vocab, 0 example-media, 10 dialogue refs checked
PASS reference integrity: 846 reviewOf refs, 1049 legacy concept/vocabulary sets, 0 example-level media refs, 14 dialogue gates — every reference resolves (lesson prerequisites and activity-level refs are PackValidator territory)
  ok fr-foundations: 50 lessons, 7 entry lessons, 0 unreachable, 0 cycles
  ok it-foundations: 49 lessons, 7 entry lessons, 0 unreachable, 0 cycles
  ok de-foundations: 52 lessons, 7 entry lessons, 0 unreachable, 0 cycles
  ok pt-foundations: 52 lessons, 7 entry lessons, 0 unreachable, 0 cycles
  ok es-foundations: 100 lessons, 7 entry lessons, 0 unreachable, 0 cycles
PASS lesson reachability: 303 lessons across 5 packs — every lesson is transitively reachable from a fresh start, no prerequisite cycles
PASS unsupported kinds are rejected by decode: activity/stimulus/checkpoint-item probes with an unknown kind all throw (covered by decode, re-verified by probe)
  ok es-foundations checkpoints: 13 item prompt/question texts vs 843 distinct lesson-activity texts — 0 exact-normalized duplicate(s)
PASS checkpoint unseen-wording: 13 item texts across 1 pack(s) — every checkpoint prompt/question uses wording unseen in lesson activity prompts (plan 5.3)
  ok es-foundations sustained: 48 question texts vs 843 distinct lesson-activity texts and 13 distinct checkpoint texts — 0 exact-normalized duplicate(s)
PASS sustained-material unseen-wording: 48 question texts across 1 pack(s) — every sustained question uses wording unseen in lesson activity prompts, checkpoint item texts, and other sustained questions (plan 6.1)
  ok es-foundations open tasks: goal/model wording vs lesson activities, checkpoint items, sustained questions and other open tasks — 0 exact-normalized duplicate(s)
PASS open-task unseen-wording: 11 task texts across 1 pack(s) — every open-task goal and model uses wording unseen in lesson activities, checkpoint items, sustained questions, and other open tasks (plan 6.2)
  ok fr-foundations dialogues: 14 learner-facing strings vs lesson activities, checkpoint items, sustained questions and open tasks — 0 exact-normalized duplicate(s)
  ok it-foundations dialogues: 28 learner-facing strings vs lesson activities, checkpoint items, sustained questions and open tasks — 0 exact-normalized duplicate(s)
  ok es-foundations dialogues: 286 learner-facing strings vs lesson activities, checkpoint items, sustained questions and open tasks — 0 exact-normalized duplicate(s)
PASS dialogue unseen-wording: 286 strings across 3 pack(s) — every exchange line/meaning/choice/prompt/model/rubric uses wording unseen in lesson activity texts, checkpoint items, sustained questions, and open-task goal/model texts (plan 6.3)
PASS structural integrity: references resolve; every lesson reachable from a fresh start; checkpoints use unseen wording; sustained questions use unseen wording; open tasks use unseen wording; exchanges use unseen wording; unknown kinds rejected by decode
== fr-foundations.json media ==
  device-speech (intentional)  fr-polite-coffee-audio  /audio/french-ordering/fr-ordering-politely-answer.wav
  device-speech (intentional)  fr-identity-foundation-model  /audio/french-foundations/fr-identity-foundation-model.wav
  device-speech (intentional)  fr-people-foundation-model  /audio/french-foundations/fr-people-foundation-model.wav
  device-speech (intentional)  fr-family-foundation-model  /audio/french-foundations/fr-family-foundation-model.wav
  device-speech (intentional)  fr-numbers-foundation-model  /audio/french-foundations/fr-numbers-foundation-model.wav
  summary: 5 declared, 0 on disk, 5 missing (5 allowlisted for device speech)
== it-foundations.json media ==
  device-speech (intentional)  it-polite-coffee-audio  /audio/italian/it-ordering-politely-answer.wav
  device-speech (intentional)  it-identity-foundation-model  /audio/italian-foundations/it-identity-foundation-model.wav
  device-speech (intentional)  it-people-foundation-model  /audio/italian-foundations/it-people-foundation-model.wav
  device-speech (intentional)  it-family-foundation-model  /audio/italian-foundations/it-family-foundation-model.wav
  device-speech (intentional)  it-numbers-foundation-model  /audio/italian-foundations/it-numbers-foundation-model.wav
  device-speech (intentional)  it-descriptions-foundation-model  /audio/italian-foundations/it-descriptions-foundation-model.wav
  device-speech (intentional)  it-plural-foundation-model  /audio/italian-foundations/it-plural-foundation-model.wav
  device-speech (intentional)  it-negation-foundation-model  /audio/italian-foundations/it-negation-foundation-model.wav
  device-speech (intentional)  it-food-foundation-model  /audio/italian-foundations/it-food-foundation-model.wav
  device-speech (intentional)  it-possession-foundation-model  /audio/italian-foundations/it-possession-foundation-model.wav
  device-speech (intentional)  it-requests-foundation-model  /audio/italian-foundations/it-requests-foundation-model.wav
  device-speech (intentional)  it-past-foundation-model  /audio/italian-foundations/it-past-foundation-model.wav
  device-speech (intentional)  it-plans-foundation-model  /audio/italian-foundations/it-plans-foundation-model.wav
  device-speech (intentional)  it-days-foundation-model  /audio/italian-foundations/it-days-foundation-model.wav
  device-speech (intentional)  it-market-foundation-model  /audio/italian-foundations/it-market-foundation-model.wav
  device-speech (intentional)  it-emergency-foundation-model  /audio/italian-foundations/it-emergency-foundation-model.wav
  ok  it-market-listen-audio  /audio/italian-foundations/it-market-foundation-listen.mp3
  summary: 17 declared, 1 on disk, 16 missing (16 allowlisted for device speech)
== de-foundations.json media ==
  summary: 0 declared, 0 on disk, 0 missing (0 allowlisted for device speech)
== pt-foundations.json media ==
  summary: 0 declared, 0 on disk, 0 missing (0 allowlisted for device speech)
== es-foundations.json media ==
  device-speech (intentional)  es-cafe-listen-audio  /audio/spanish-foundations/es-cafe-listen-exchange.wav
  device-speech (intentional)  es-cafe-listen-model  /audio/spanish-foundations/es-cafe-listen-model.wav
  summary: 2 declared, 0 on disk, 2 missing (2 allowlisted for device speech)
== listen-tracks ==
  ok  french  fr-identity-foundation  /audio/french-foundations/fr-identity-listen.mp3
  ok  italian  it-market-foundation  /audio/italian-foundations/it-market-foundation-listen.mp3
  ok  german  de-introductions-foundation  /audio/german-foundations/de-introductions-foundation-listen.mp3
  ok  portuguese  pt-introductions-foundation  /audio/portuguese-foundations/pt-introductions-foundation-listen.mp3
  ok  spanish  es-introductions-foundation  /audio/spanish-foundations/es-introductions-foundation-listen.mp3
== MISSING ASSETS ==
  MISSING fr-foundations fr-polite-coffee-audio /audio/french-ordering/fr-ordering-politely-answer.wav — device-speech (intentional) — referenced by lesson fr-cafe-order-foundation step fr-cafe-order-foundation-step-fr-cafe-order-foundation-listen-model, lesson fr-cafe-order-foundation legacy dictation fr-cafe-order-foundation-listen-model
  MISSING fr-foundations fr-identity-foundation-model /audio/french-foundations/fr-identity-foundation-model.wav — device-speech (intentional) — referenced by lesson fr-identity-foundation step fr-identity-foundation-step-fr-identity-foundation-listen-model, lesson fr-identity-foundation legacy dictation fr-identity-foundation-listen-model
  MISSING fr-foundations fr-people-foundation-model /audio/french-foundations/fr-people-foundation-model.wav — device-speech (intentional) — referenced by lesson fr-people-foundation step fr-people-foundation-step-fr-people-foundation-listen-model, lesson fr-people-foundation legacy dictation fr-people-foundation-listen-model
  MISSING fr-foundations fr-family-foundation-model /audio/french-foundations/fr-family-foundation-model.wav — device-speech (intentional) — referenced by lesson fr-family-foundation step fr-family-foundation-step-fr-family-foundation-listen-model, lesson fr-family-foundation legacy dictation fr-family-foundation-listen-model
  MISSING fr-foundations fr-numbers-foundation-model /audio/french-foundations/fr-numbers-foundation-model.wav — device-speech (intentional) — referenced by lesson fr-numbers-foundation step fr-numbers-foundation-step-fr-numbers-foundation-listen-model, lesson fr-numbers-foundation legacy dictation fr-numbers-foundation-listen-model
  MISSING it-foundations it-polite-coffee-audio /audio/italian/it-ordering-politely-answer.wav — device-speech (intentional) — referenced by lesson it-requests-foundation step it-requests-foundation-step-it-requests-foundation-listen, lesson it-requests-foundation legacy dictation it-requests-foundation-listen, lesson it-cafe-order-foundation step it-cafe-order-foundation-step-say, lesson it-cafe-order-foundation step it-cafe-order-foundation-step-it-cafe-order-foundation-listen-model, lesson it-cafe-order-foundation legacy dictation it-cafe-order-foundation-listen-model
  MISSING it-foundations it-identity-foundation-model /audio/italian-foundations/it-identity-foundation-model.wav — device-speech (intentional) — referenced by lesson it-identity-foundation step it-identity-foundation-step-it-identity-foundation-listen-model, lesson it-identity-foundation legacy dictation it-identity-foundation-listen-model
  MISSING it-foundations it-people-foundation-model /audio/italian-foundations/it-people-foundation-model.wav — device-speech (intentional) — referenced by lesson it-people-foundation step it-people-foundation-step-say, lesson it-people-foundation step it-people-foundation-step-it-people-foundation-listen-model, lesson it-people-foundation legacy dictation it-people-foundation-listen-model
  MISSING it-foundations it-family-foundation-model /audio/italian-foundations/it-family-foundation-model.wav — device-speech (intentional) — referenced by lesson it-family-foundation step it-family-foundation-step-say, lesson it-family-foundation step it-family-foundation-step-it-family-foundation-listen-model, lesson it-family-foundation legacy dictation it-family-foundation-listen-model
  MISSING it-foundations it-numbers-foundation-model /audio/italian-foundations/it-numbers-foundation-model.wav — device-speech (intentional) — referenced by lesson it-numbers-foundation step it-numbers-foundation-step-rb9, lesson it-numbers-foundation step it-numbers-foundation-step-rb10, lesson it-numbers-foundation legacy dictation it-numbers-foundation-listen-model
  MISSING it-foundations it-descriptions-foundation-model /audio/italian-foundations/it-descriptions-foundation-model.wav — device-speech (intentional) — referenced by lesson it-descriptions-foundation step it-descriptions-foundation-step-rb8, lesson it-descriptions-foundation step it-descriptions-foundation-step-rb10, lesson it-descriptions-foundation legacy dictation it-descriptions-foundation-listen-model
  MISSING it-foundations it-plural-foundation-model /audio/italian-foundations/it-plural-foundation-model.wav — device-speech (intentional) — referenced by lesson it-plural-foundation step it-plural-foundation-step-rb9, lesson it-plural-foundation step it-plural-foundation-step-rb10, lesson it-plural-foundation legacy dictation it-plural-foundation-listen-model
  MISSING it-foundations it-negation-foundation-model /audio/italian-foundations/it-negation-foundation-model.wav — device-speech (intentional) — referenced by lesson it-negation-foundation step it-negation-foundation-step-rb10, lesson it-negation-foundation legacy dictation it-negation-foundation-listen-model
  MISSING it-foundations it-food-foundation-model /audio/italian-foundations/it-food-foundation-model.wav — device-speech (intentional) — referenced by lesson it-food-foundation step it-food-foundation-step-say, lesson it-food-foundation step it-food-foundation-step-it-food-foundation-listen-model, lesson it-food-foundation legacy dictation it-food-foundation-listen-model
  MISSING it-foundations it-possession-foundation-model /audio/italian-foundations/it-possession-foundation-model.wav — device-speech (intentional) — referenced by lesson it-possession-foundation step it-possession-foundation-step-rb9, lesson it-possession-foundation step it-possession-foundation-step-rb10, lesson it-possession-foundation legacy dictation it-possession-foundation-listen-model
  MISSING it-foundations it-requests-foundation-model /audio/italian-foundations/it-requests-foundation-model.wav — device-speech (intentional) — referenced by lesson it-requests-foundation step it-requests-foundation-step-say, lesson it-requests-foundation step it-requests-foundation-step-it-requests-foundation-listen-model, lesson it-requests-foundation legacy dictation it-requests-foundation-listen-model
  MISSING it-foundations it-past-foundation-model /audio/italian-foundations/it-past-foundation-model.wav — device-speech (intentional) — referenced by lesson it-past-foundation step it-past-foundation-step-rb7, lesson it-past-foundation legacy dictation it-past-foundation-listen-model
  MISSING it-foundations it-plans-foundation-model /audio/italian-foundations/it-plans-foundation-model.wav — device-speech (intentional) — referenced by lesson it-plans-foundation step it-plans-foundation-step-rb9, lesson it-plans-foundation legacy dictation it-plans-foundation-listen-model
  MISSING it-foundations it-days-foundation-model /audio/italian-foundations/it-days-foundation-model.wav — device-speech (intentional) — referenced by lesson it-days-foundation step it-days-foundation-step-rb9, lesson it-days-foundation step it-days-foundation-step-rb10, lesson it-days-foundation legacy dictation it-days-foundation-listen-model
  MISSING it-foundations it-market-foundation-model /audio/italian-foundations/it-market-foundation-model.wav — device-speech (intentional) — referenced by lesson it-market-foundation step it-market-foundation-step-say, lesson it-market-foundation step it-market-foundation-step-it-market-foundation-listen-model, lesson it-market-foundation legacy dictation it-market-foundation-listen-model
  MISSING it-foundations it-emergency-foundation-model /audio/italian-foundations/it-emergency-foundation-model.wav — device-speech (intentional) — referenced by lesson it-emergency-foundation step it-emergency-foundation-step-rb10, lesson it-emergency-foundation legacy dictation it-emergency-foundation-listen-model
  MISSING es-foundations es-cafe-listen-audio /audio/spanish-foundations/es-cafe-listen-exchange.wav — device-speech (intentional) — referenced by lesson es-cafe-mission step es-cafe-mission-step-10, lesson es-cafe-mission step es-cafe-mission-step-11, lesson es-cafe-mission step es-cafe-mission-step-12, lesson es-cafe-mission step es-cafe-mission-step-13
  MISSING es-foundations es-cafe-listen-model /audio/spanish-foundations/es-cafe-listen-model.wav — device-speech (intentional) — referenced by lesson es-cafe-mission step es-cafe-mission-step-14
PASS Content media inventory: every declared asset resolves with matching type/hash, or is allowlisted for device speech
== attribution citations ==
  ok  fr-foundations fr-polite-coffee-audio: cites docs/audio-provenance/index.md — exists
  ok  it-foundations it-polite-coffee-audio: cites docs/audio-provenance/index.md — exists
  ok  it-foundations it-market-listen-audio: cites docs/audio-provenance/italian-market-listen.json — exists
  ok  es-foundations es-cafe-listen-audio: cites docs/audio-provenance/spanish-cafe-listen-pilot.json — exists
  ok  es-foundations es-cafe-listen-model: cites docs/audio-provenance/spanish-cafe-listen-pilot.json — exists
PASS attribution citations: every docs/… reference resolves to a file in the repo
== listen-tracks integrity ==
  ok duration french: declared 755.58s, actual 755.640s (delta 0.060s)
  ok sections french [#0 'Welcome']: startS 0.0s
  ok sections french [#1 'Two words']: startS 13.78s
  ok sections french [#2 'Think: Marc']: startS 31.53s
  ok sections french [#3 'Marie and Paul']: startS 52.68s
  ok sections french [#4 'One letter']: startS 64.6s
  ok sections french [#5 'Think: Marie']: startS 75.48s
  ok sections french [#6 'Transfer: Sophie']: startS 95.15s
  ok sections french [#7 'Bonjour and Salut']: startS 114.78s
  ok sections french [#8 'Think: New friend']: startS 145.58s
  ok sections french [#9 'Tu and Vous']: startS 169.88s
  ok sections french [#10 'Think: Addressing a shopkeeper']: startS 203.75s
  ok sections french [#11 'Numbers: one through five']: startS 231.4s
  ok sections french [#12 'Think: six through ten']: startS 267.55s
  ok sections french [#13 'J'ai']: startS 295.07s
  ok sections french [#14 'Think: Building with J'ai']: startS 326.0s
  ok sections french [#15 'Transfer: The greeting stack']: startS 355.22s
  ok sections french [#16 'Colors: rouge, bleu, vert']: startS 390.17s
  ok sections french [#17 'Think: Color agreement']: startS 425.87s
  ok sections french [#18 'Il est']: startS 461.45s
  ok sections french [#19 'Think: What time is it?']: startS 496.37s
  ok sections french [#20 'Colors and time together']: startS 523.77s
  ok sections french [#21 'Je vais']: startS 553.82s
  ok sections french [#22 'Think: Where are you going?']: startS 584.37s
  ok sections french [#23 'Full dialogue: The bakery']: startS 621.13s
  ok sections french [#24 'Dialogue: Polite requests']: startS 654.4s
  ok sections french [#25 'Dialogue: Numbers and payment']: startS 689.0s
  ok sections french [#26 'Closing: What you built']: startS 720.1s
  ok duration italian: declared 663.92s, actual 663.984s (delta 0.064s)
  ok sections italian [#0 'Part 1: Welcome']: startS 0.0s
  ok sections italian [#1 'Part 2: Numbers framing']: startS 19.48s
  ok sections italian [#2 'Part 3: Numbers teens']: startS 36.25s
  ok sections italian [#3 'Part 4: Think number']: startS 57.78s
  ok sections italian [#4 'Part 5: Un una']: startS 71.9s
  ok sections italian [#5 'Part 6: Etto']: startS 90.95s
  ok sections italian [#6 'Part 7: Costa think']: startS 107.08s
  ok sections italian [#7 'Part 8: Costano think']: startS 125.7s
  ok sections italian [#8 'Part 9: Prices']: startS 141.75s
  ok sections italian [#9 'Part 10: Vorrei']: startS 158.25s
  ok sections italian [#10 'Part 11: Courtesy']: startS 174.03s
  ok sections italian [#11 'Part 12: Dialogue setup']: startS 186.8s
  ok sections italian [#12 'Part 13: Transfer — market to restaurant']: startS 209.77s
  ok sections italian [#13 'Part 14: At the table — ordering']: startS 243.35s
  ok sections italian [#14 'Part 15: Menu blocks']: startS 270.1s
  ok sections italian [#15 'Part 16: Think — order the pasta']: startS 294.55s
  ok sections italian [#16 'Part 17: Think — order wine and water']: startS 316.43s
  ok sections italian [#17 'Part 18: Asking for the bill']: startS 338.33s
  ok sections italian [#18 'Part 19: Think — the bill']: startS 360.65s
  ok sections italian [#19 'Part 20: Family — my father, my mother']: startS 383.4s
  ok sections italian [#20 'Part 21: Family — brother, sister, parents']: startS 407.7s
  ok sections italian [#21 'Part 22: Transfer — family meets the table']: startS 430.25s
  ok sections italian [#22 'Part 23: Think — introducing family']: startS 457.5s
  ok sections italian [#23 'Part 24: Telling time — the question']: startS 478.55s
  ok sections italian [#24 'Part 25: One o'clock']: startS 499.58s
  ok sections italian [#25 'Part 26: Two, three, eight o'clock']: startS 522.18s
  ok sections italian [#26 'Part 27: Think — building a time']: startS 543.58s
  ok sections italian [#27 'Part 28: Transfer — time plus reservation']: startS 563.68s
  ok sections italian [#28 'Part 29: Full restaurant dialogue']: startS 595.38s
  ok sections italian [#29 'Part 30: Closing']: startS 634.15s
  ok duration german: declared 772.92s, actual 772.968s (delta 0.048s)
  ok sections german [#0 'Start with a greeting']: startS 0.0s
  ok sections german [#1 'Retrieve the greeting']: startS 18.14s
  ok sections german [#2 'Introduce your name']: startS 41.33s
  ok sections german [#3 'Recall the introduction']: startS 59.03s
  ok sections german [#4 'Meet a second speaker']: startS 83.23s
  ok sections german [#5 'Change the speaker']: startS 101.32s
  ok sections german [#6 'Return to the first name']: startS 125.3s
  ok sections german [#7 'Another way to identify yourself']: startS 149.65s
  ok sections german [#8 'Choose the shorter meaning']: startS 168.24s
  ok sections german [#9 'Transfer the new block']: startS 191.81s
  ok sections german [#10 'Put a greeting before your name']: startS 215.27s
  ok sections german [#11 'Introduce yourself on arrival']: startS 233.81s
  ok sections german [#12 'Ask for coffee']: startS 259.16s
  ok sections german [#13 'Retrieve the drink request']: startS 277.05s
  ok sections german [#14 'Add politeness']: startS 300.42s
  ok sections german [#15 'Hear the complete request']: startS 315.81s
  ok sections german [#16 'Order politely']: startS 332.9s
  ok sections german [#17 'Choose a different drink']: startS 357.67s
  ok sections german [#18 'Transfer politeness to tea']: startS 375.63s
  ok sections german [#19 'Switch back to coffee']: startS 399.76s
  ok sections german [#20 'Thank the person']: startS 424.73s
  ok sections german [#21 'Retrieve a thank you']: startS 439.54s
  ok sections german [#22 'Hear a complete counter exchange']: startS 466.43s
  ok sections german [#23 'Make your first visit']: startS 485.06s
  ok sections german [#24 'Change the order to tea']: startS 511.0s
  ok sections german [#25 'Return to introductions']: startS 535.73s
  ok sections german [#26 'Choose your identity pattern']: startS 561.6s
  ok sections german [#27 'A final independent request']: startS 585.77s
  ok sections german [#28 'Numbers: one through five']: startS 613.35s
  ok sections german [#29 'Think: Counting items']: startS 646.91s
  ok sections german [#30 'Telling time']: startS 669.71s
  ok sections german [#31 'Think: Your schedule']: startS 696.12s
  ok sections german [#32 'Transfer: Restaurant arrival']: startS 715.18s
  ok sections german [#33 'Full dialogue: The restaurant']: startS 745.11s
  ok duration portuguese: declared 785.17s, actual 785.232s (delta 0.062s)
  ok sections portuguese [#0 'Start with a greeting']: startS 0.0s
  ok sections portuguese [#1 'Retrieve the greeting']: startS 18.38s
  ok sections portuguese [#2 'Introduce your name']: startS 41.8s
  ok sections portuguese [#3 'Recall the introduction']: startS 60.6s
  ok sections portuguese [#4 'Meet a second speaker']: startS 85.42s
  ok sections portuguese [#5 'Change the speaker']: startS 104.22s
  ok sections portuguese [#6 'Return to the first name']: startS 128.93s
  ok sections portuguese [#7 'Another way to identify yourself']: startS 153.9s
  ok sections portuguese [#8 'Choose the shorter meaning']: startS 173.07s
  ok sections portuguese [#9 'Transfer the new block']: startS 197.05s
  ok sections portuguese [#10 'Put a greeting before your name']: startS 221.02s
  ok sections portuguese [#11 'Introduce yourself on arrival']: startS 239.75s
  ok sections portuguese [#12 'Ask for coffee']: startS 265.27s
  ok sections portuguese [#13 'Retrieve the drink request']: startS 283.4s
  ok sections portuguese [#14 'Add politeness']: startS 307.1s
  ok sections portuguese [#15 'Hear the complete request']: startS 323.05s
  ok sections portuguese [#16 'Order politely']: startS 341.07s
  ok sections portuguese [#17 'Choose a different drink']: startS 366.77s
  ok sections portuguese [#18 'Transfer politeness to tea']: startS 384.92s
  ok sections portuguese [#19 'Switch back to coffee']: startS 410.2s
  ok sections portuguese [#20 'Thank the person']: startS 436.1s
  ok sections portuguese [#21 'Hear the other speaker form']: startS 454.02s
  ok sections portuguese [#22 'Hear a complete counter exchange']: startS 474.35s
  ok sections portuguese [#23 'Make your first visit']: startS 493.45s
  ok sections portuguese [#24 'Change the order to tea']: startS 519.85s
  ok sections portuguese [#25 'Return to introductions']: startS 544.92s
  ok sections portuguese [#26 'Choose your identity pattern']: startS 570.98s
  ok sections portuguese [#27 'A final independent request']: startS 595.55s
  ok sections portuguese [#28 'Numbers: one through five']: startS 624.28s
  ok sections portuguese [#29 'Think: Counting items']: startS 657.5s
  ok sections portuguese [#30 'Telling time']: startS 681.0s
  ok sections portuguese [#31 'Think: Your schedule']: startS 708.03s
  ok sections portuguese [#32 'Transfer: Shopping arrival']: startS 727.58s
  ok sections portuguese [#33 'Full dialogue: The café']: startS 757.43s
  ok duration spanish: declared 795.60s, actual 795.648s (delta 0.048s)
  ok sections spanish [#0 'Start with a greeting']: startS 0.0s
  ok sections spanish [#1 'Retrieve the greeting']: startS 18.27s
  ok sections spanish [#2 'Introduce your name']: startS 41.6s
  ok sections spanish [#3 'Recall the introduction']: startS 60.77s
  ok sections spanish [#4 'Meet a second speaker']: startS 85.33s
  ok sections spanish [#5 'Change the speaker']: startS 103.9s
  ok sections spanish [#6 'Return to the first name']: startS 128.38s
  ok sections spanish [#7 'Another way to identify yourself']: startS 153.07s
  ok sections spanish [#8 'Choose the shorter meaning']: startS 170.02s
  ok sections spanish [#9 'Transfer the new block']: startS 193.62s
  ok sections spanish [#10 'Put a greeting before your name']: startS 217.2s
  ok sections spanish [#11 'Introduce yourself on arrival']: startS 235.75s
  ok sections spanish [#12 'Ask for coffee']: startS 261.1s
  ok sections spanish [#13 'Retrieve the drink request']: startS 278.27s
  ok sections spanish [#14 'Add politeness']: startS 301.82s
  ok sections spanish [#15 'Hear the complete request']: startS 317.72s
  ok sections spanish [#16 'Order politely']: startS 335.25s
  ok sections spanish [#17 'Choose a different drink']: startS 360.45s
  ok sections spanish [#18 'Transfer politeness to tea']: startS 378.4s
  ok sections spanish [#19 'Switch back to coffee']: startS 403.17s
  ok sections spanish [#20 'Thank the person']: startS 428.57s
  ok sections spanish [#21 'Retrieve a thank you']: startS 443.87s
  ok sections spanish [#22 'Hear a complete counter exchange']: startS 471.25s
  ok sections spanish [#23 'Make your first visit']: startS 489.75s
  ok sections spanish [#24 'Change the order to tea']: startS 515.55s
  ok sections spanish [#25 'Return to introductions']: startS 540.05s
  ok sections spanish [#26 'Choose your identity pattern']: startS 565.92s
  ok sections spanish [#27 'A final independent request']: startS 590.12s
  ok sections spanish [#28 'Numbers: one through five']: startS 618.35s
  ok sections spanish [#29 'Think: How many?']: startS 653.48s
  ok sections spanish [#30 'Telling time']: startS 684.4s
  ok sections spanish [#31 'Think: Your schedule']: startS 713.98s
  ok sections spanish [#32 'Transfer: Restaurant arrival']: startS 735.73s
  ok sections spanish [#33 'Full dialogue: The restaurant']: startS 765.63s
== device-speech allowlist text audit ==
  PASS es-cafe-listen-audio: lesson es-cafe-mission step es-cafe-mission-step-10 — visible prompt/transcript
  PASS es-cafe-listen-audio: lesson es-cafe-mission step es-cafe-mission-step-11 — visible prompt/transcript
  PASS es-cafe-listen-audio: lesson es-cafe-mission step es-cafe-mission-step-12 — visible prompt/transcript
  PASS es-cafe-listen-audio: lesson es-cafe-mission step es-cafe-mission-step-13 — visible prompt/transcript
  PASS es-cafe-listen-model: lesson es-cafe-mission step es-cafe-mission-step-14 — visible prompt/transcript
  PASS fr-family-foundation-model: lesson fr-family-foundation step fr-family-foundation-step-fr-family-foundation-listen-model — visible prompt/transcript
  PASS fr-family-foundation-model: lesson fr-family-foundation legacy dictation fr-family-foundation-listen-model — visible prompt/transcript
  PASS fr-identity-foundation-model: lesson fr-identity-foundation step fr-identity-foundation-step-fr-identity-foundation-listen-model — visible prompt/transcript
  PASS fr-identity-foundation-model: lesson fr-identity-foundation legacy dictation fr-identity-foundation-listen-model — visible prompt/transcript
  PASS fr-numbers-foundation-model: lesson fr-numbers-foundation step fr-numbers-foundation-step-fr-numbers-foundation-listen-model — visible prompt/transcript
  PASS fr-numbers-foundation-model: lesson fr-numbers-foundation legacy dictation fr-numbers-foundation-listen-model — visible prompt/transcript
  PASS fr-people-foundation-model: lesson fr-people-foundation step fr-people-foundation-step-fr-people-foundation-listen-model — visible prompt/transcript
  PASS fr-people-foundation-model: lesson fr-people-foundation legacy dictation fr-people-foundation-listen-model — visible prompt/transcript
  PASS fr-polite-coffee-audio: lesson fr-cafe-order-foundation step fr-cafe-order-foundation-step-fr-cafe-order-foundation-listen-model — visible prompt/transcript
  PASS fr-polite-coffee-audio: lesson fr-cafe-order-foundation legacy dictation fr-cafe-order-foundation-listen-model — visible prompt/transcript
  PASS it-days-foundation-model: lesson it-days-foundation step it-days-foundation-step-rb9 — visible prompt/transcript
  PASS it-days-foundation-model: lesson it-days-foundation step it-days-foundation-step-rb10 — visible prompt/transcript
  PASS it-days-foundation-model: lesson it-days-foundation legacy dictation it-days-foundation-listen-model — visible prompt/transcript
  PASS it-descriptions-foundation-model: lesson it-descriptions-foundation step it-descriptions-foundation-step-rb8 — visible prompt/transcript
  PASS it-descriptions-foundation-model: lesson it-descriptions-foundation step it-descriptions-foundation-step-rb10 — visible prompt/transcript
  PASS it-descriptions-foundation-model: lesson it-descriptions-foundation legacy dictation it-descriptions-foundation-listen-model — visible prompt/transcript
  PASS it-emergency-foundation-model: lesson it-emergency-foundation step it-emergency-foundation-step-rb10 — visible prompt/transcript
  PASS it-emergency-foundation-model: lesson it-emergency-foundation legacy dictation it-emergency-foundation-listen-model — visible prompt/transcript
  PASS it-family-foundation-model: lesson it-family-foundation step it-family-foundation-step-say — visible prompt/transcript
  PASS it-family-foundation-model: lesson it-family-foundation step it-family-foundation-step-it-family-foundation-listen-model — visible prompt/transcript
  PASS it-family-foundation-model: lesson it-family-foundation legacy dictation it-family-foundation-listen-model — visible prompt/transcript
  PASS it-food-foundation-model: lesson it-food-foundation step it-food-foundation-step-say — visible prompt/transcript
  PASS it-food-foundation-model: lesson it-food-foundation step it-food-foundation-step-it-food-foundation-listen-model — visible prompt/transcript
  PASS it-food-foundation-model: lesson it-food-foundation legacy dictation it-food-foundation-listen-model — visible prompt/transcript
  PASS it-identity-foundation-model: lesson it-identity-foundation step it-identity-foundation-step-it-identity-foundation-listen-model — visible prompt/transcript
  PASS it-identity-foundation-model: lesson it-identity-foundation legacy dictation it-identity-foundation-listen-model — visible prompt/transcript
  PASS it-market-foundation-model: lesson it-market-foundation step it-market-foundation-step-say — visible prompt/transcript
  PASS it-market-foundation-model: lesson it-market-foundation step it-market-foundation-step-it-market-foundation-listen-model — visible prompt/transcript
  PASS it-market-foundation-model: lesson it-market-foundation legacy dictation it-market-foundation-listen-model — visible prompt/transcript
  PASS it-negation-foundation-model: lesson it-negation-foundation step it-negation-foundation-step-rb10 — visible prompt/transcript
  PASS it-negation-foundation-model: lesson it-negation-foundation legacy dictation it-negation-foundation-listen-model — visible prompt/transcript
  PASS it-numbers-foundation-model: lesson it-numbers-foundation step it-numbers-foundation-step-rb9 — visible prompt/transcript
  PASS it-numbers-foundation-model: lesson it-numbers-foundation step it-numbers-foundation-step-rb10 — visible prompt/transcript
  PASS it-numbers-foundation-model: lesson it-numbers-foundation legacy dictation it-numbers-foundation-listen-model — visible prompt/transcript
  PASS it-past-foundation-model: lesson it-past-foundation step it-past-foundation-step-rb7 — visible prompt/transcript
  PASS it-past-foundation-model: lesson it-past-foundation legacy dictation it-past-foundation-listen-model — visible prompt/transcript
  PASS it-people-foundation-model: lesson it-people-foundation step it-people-foundation-step-say — visible prompt/transcript
  PASS it-people-foundation-model: lesson it-people-foundation step it-people-foundation-step-it-people-foundation-listen-model — visible prompt/transcript
  PASS it-people-foundation-model: lesson it-people-foundation legacy dictation it-people-foundation-listen-model — visible prompt/transcript
  PASS it-plans-foundation-model: lesson it-plans-foundation step it-plans-foundation-step-rb9 — visible prompt/transcript
  PASS it-plans-foundation-model: lesson it-plans-foundation legacy dictation it-plans-foundation-listen-model — visible prompt/transcript
  PASS it-plural-foundation-model: lesson it-plural-foundation step it-plural-foundation-step-rb9 — visible prompt/transcript
  PASS it-plural-foundation-model: lesson it-plural-foundation step it-plural-foundation-step-rb10 — visible prompt/transcript
  PASS it-plural-foundation-model: lesson it-plural-foundation legacy dictation it-plural-foundation-listen-model — visible prompt/transcript
  PASS it-polite-coffee-audio: lesson it-requests-foundation step it-requests-foundation-step-it-requests-foundation-listen — visible prompt/transcript
  PASS it-polite-coffee-audio: lesson it-requests-foundation legacy dictation it-requests-foundation-listen — visible prompt/transcript
  PASS it-polite-coffee-audio: lesson it-cafe-order-foundation step it-cafe-order-foundation-step-say — visible prompt/transcript
  PASS it-polite-coffee-audio: lesson it-cafe-order-foundation step it-cafe-order-foundation-step-it-cafe-order-foundation-listen-model — visible prompt/transcript
  PASS it-polite-coffee-audio: lesson it-cafe-order-foundation legacy dictation it-cafe-order-foundation-listen-model — visible prompt/transcript
  PASS it-possession-foundation-model: lesson it-possession-foundation step it-possession-foundation-step-rb9 — visible prompt/transcript
  PASS it-possession-foundation-model: lesson it-possession-foundation step it-possession-foundation-step-rb10 — visible prompt/transcript
  PASS it-possession-foundation-model: lesson it-possession-foundation legacy dictation it-possession-foundation-listen-model — visible prompt/transcript
  PASS it-requests-foundation-model: lesson it-requests-foundation step it-requests-foundation-step-say — visible prompt/transcript
  PASS it-requests-foundation-model: lesson it-requests-foundation step it-requests-foundation-step-it-requests-foundation-listen-model — visible prompt/transcript
  PASS it-requests-foundation-model: lesson it-requests-foundation legacy dictation it-requests-foundation-listen-model — visible prompt/transcript
PASS listen tracks: declared durations match the audio; sections are ordered and in range; every device-speech step has visible text
PASS pack + media integrity (check_packs.sh)

== Step 2/6  Editorial backlog report  (tools/audit_editorial.sh — report only, not a gate) ==
SUMMARY fr-foundations (french): total 64 — error-feedback gap 0 surfaces, hint-gap 0/349 steps, ungraded 64 information + 0 self-compare, mission/story final-response gap 0/15
SUMMARY it-foundations (italian): total 72 — error-feedback gap 0 surfaces, hint-gap 0/362 steps, ungraded 60 information + 12 self-compare, mission/story final-response gap 0/13
SUMMARY de-foundations (german): total 68 — error-feedback gap 0 surfaces, hint-gap 0/337 steps, ungraded 68 information + 0 self-compare, mission/story final-response gap 0/16
SUMMARY pt-foundations (portuguese): total 60 — error-feedback gap 0 surfaces, hint-gap 0/344 steps, ungraded 60 information + 0 self-compare, mission/story final-response gap 0/16
SUMMARY es-foundations (spanish): total 142 — error-feedback gap 0 surfaces, hint-gap 0/694 steps, ungraded 133 information + 9 self-compare, mission/story final-response gap 0/26
== OPEN-ENDED GRADING CHECK ==
EXIT-GATE (open-ended free production falsely auto-graded): PASS (0) — free-phrase 0, interrogative 0; informational: comprehension 142
SUMMARY all five packs audited; exit 0 means packs loaded — treat counts as a backlog, not a pass/fail
PASS editorial audit ran — backlog counts above are informational, not a gate

== Step 3/6  Modality-claims audit  (tools/audit_outcomes.py) ==
OUTCOMES AUDIT — declared modality skills vs actual activity types
Pack             Lessons Declaring  Audio-back Self-cmp Write-kinds  Unbacked
-----------------------------------------------------------------------------
fr-foundations        50        50           5        0         181         0
it-foundations        49        49          16       12         209         0
de-foundations        52        52           0        0         178         0
pt-foundations        52        52           0        0         181         0
es-foundations       100       100           1        9         423         0
FINDINGS — none; every declared modality claim is backed -> exit 0
PASS modality-claims audit (audit_outcomes.py) — every declared claim is backed

== Step 4/6  Generated lesson catalog is a faithful snapshot  (tools/gen_lesson_catalog.py) ==
PASS LessonCatalog.generated.swift regenerates byte-identically from the packs

== Step 5/6  Unit tests  (CondiscoTests) ==
Command line invocation:
    /Applications/Xcode.app/Contents/Developer/usr/bin/xcodebuild test -project Condisco.xcodeproj -scheme Condisco -destination "platform=iOS Simulator,name=iPhone 18 Pro" "-only-testing:CondiscoTests" -derivedDataPath /var/folders/3w/91hphlzs0rv_1twbkfyhvn6m0000gn/T//condisco-preflight.ngRWOC/DerivedData ONLY_ACTIVE_ARCH=YES

Build settings from command line:
    ONLY_ACTIVE_ARCH = YES

ComputePackagePrebuildTargetDependencyGraph

Prepare packages

CreateBuildRequest

SendProjectDescription

CreateBuildOperation

ComputeTargetDependencyGraph
note: Building targets in dependency order
note: Target dependency graph (4 targets)
    Target 'CondiscoUITests' in project 'Condisco'
        ➜ Explicit dependency on target 'Condisco' in project 'Condisco'
    Target 'CondiscoTests' in project 'Condisco'
        ➜ Explicit dependency on target 'Condisco' in project 'Condisco'
    Target 'Condisco' in project 'Condisco'
        ➜ Explicit dependency on target 'CondiscoWidget' in project 'Condisco'
    Target 'CondiscoWidget' in project 'Condisco' (no dependencies)

GatherProvisioningInputs

CreateBuildDescription

ExecuteExternalTool /Applications/Xcode.app/Contents/Developer/Toolchains/XcodeDefault.xctoolchain/usr/bin/swiftc --version

ExecuteExternalTool /Applications/Xcode.app/Contents/Developer/usr/bin/actool --print-asset-tag-combinations --output-format xml1 /Users/spkoehl/Projects/VerbaLibera/Condisco/Assets.xcassets

ExecuteExternalTool /Applications/Xcode.app/Contents/Developer/Toolchains/XcodeDefault.xctoolchain/usr/bin/clang -v -E -dM -isysroot /Applications/Xcode.app/Contents/Developer/Platforms/iPhoneSimulator.platform/Developer/SDKs/iPhoneSimulator27.0.sdk -x c -c /dev/null

ExecuteExternalTool /Applications/Xcode.app/Contents/Developer/Toolchains/XcodeDefault.xctoolchain/usr/bin/ld -version_details

ExecuteExternalTool /Applications/Xcode.app/Contents/Developer/usr/bin/actool --version --output-format xml1

Build description signature: 02d4864e4ee25fe993760a410339dc11
Build description path: /var/folders/3w/91hphlzs0rv_1twbkfyhvn6m0000gn/T/condisco-preflight.ngRWOC/DerivedData/Build/Intermediates.noindex/XCBuildData/02d4864e4ee25fe993760a410339dc11.xcbuilddata
CreateBuildDirectory /var/folders/3w/91hphlzs0rv_1twbkfyhvn6m0000gn/T/condisco-preflight.ngRWOC/DerivedData/SDKExplicitPrecompiledModules
    cd /Users/spkoehl/Projects/VerbaLibera/Condisco.xcodeproj
    builtin-create-build-directory /var/folders/3w/91hphlzs0rv_1twbkfyhvn6m0000gn/T/condisco-preflight.ngRWOC/DerivedData/SDKExplicitPrecompiledModules

CreateBuildDirectory /var/folders/3w/91hphlzs0rv_1twbkfyhvn6m0000gn/T/condisco-preflight.ngRWOC/DerivedData/CompilationCache.noindex
    cd /Users/spkoehl/Projects/VerbaLibera/Condisco.xcodeproj
    builtin-create-build-directory /var/folders/3w/91hphlzs0rv_1twbkfyhvn6m0000gn/T/condisco-preflight.ngRWOC/DerivedData/CompilationCache.noindex

CreateBuildDirectory /var/folders/3w/91hphlzs0rv_1twbkfyhvn6m0000gn/T/condisco-preflight.ngRWOC/DerivedData/ModuleCache.noindex
    cd /Users/spkoehl/Projects/VerbaLibera/Condisco.xcodeproj
    builtin-create-build-directory /var/folders/3w/91hphlzs0rv_1twbkfyhvn6m0000gn/T/condisco-preflight.ngRWOC/DerivedData/ModuleCache.noindex

ClangStatCache /Applications/Xcode.app/Contents/Developer/Toolchains/XcodeDefault.xctoolchain/usr/bin/clang-stat-cache /Applications/Xcode.app/Contents/Developer/Platforms/iPhoneSimulator.platform/Developer/SDKs/iPhoneSimulator27.0.sdk /var/folders/3w/91hphlzs0rv_1twbkfyhvn6m0000gn/T/condisco-preflight.ngRWOC/DerivedData/SDKStatCaches.noindex/iphonesimulator27.0-24A430-8dc58220667be655e1bcc261a7455254.sdkstatcache
    cd /Users/spkoehl/Projects/VerbaLibera/Condisco.xcodeproj
    /Applications/Xcode.app/Contents/Developer/Toolchains/XcodeDefault.xctoolchain/usr/bin/clang-stat-cache /Applications/Xcode.app/Contents/Developer/Platforms/iPhoneSimulator.platform/Developer/SDKs/iPhoneSimulator27.0.sdk -o /var/folders/3w/91hphlzs0rv_1twbkfyhvn6m0000gn/T/condisco-preflight.ngRWOC/DerivedData/SDKStatCaches.noindex/iphonesimulator27.0-24A430-8dc58220667be655e1bcc261a7455254.sdkstatcache

CreateBuildDirectory /var/folders/3w/91hphlzs0rv_1twbkfyhvn6m0000gn/T/condisco-preflight.ngRWOC/DerivedData/Build/Products
    cd /Users/spkoehl/Projects/VerbaLibera/Condisco.xcodeproj
    builtin-create-build-directory /var/folders/3w/91hphlzs0rv_1twbkfyhvn6m0000gn/T/condisco-preflight.ngRWOC/DerivedData/Build/Products

CreateBuildDirectory /var/folders/3w/91hphlzs0rv_1twbkfyhvn6m0000gn/T/condisco-preflight.ngRWOC/DerivedData/Build/Intermediates.noindex
    cd /Users/spkoehl/Projects/VerbaLibera/Condisco.xcodeproj
    builtin-create-build-directory /var/folders/3w/91hphlzs0rv_1twbkfyhvn6m0000gn/T/condisco-preflight.ngRWOC/DerivedData/Build/Intermediates.noindex

CreateBuildDirectory /var/folders/3w/91hphlzs0rv_1twbkfyhvn6m0000gn/T/condisco-preflight.ngRWOC/DerivedData/Build/Products/Debug-iphonesimulator
    cd /Users/spkoehl/Projects/VerbaLibera/Condisco.xcodeproj
    builtin-create-build-directory /var/folders/3w/91hphlzs0rv_1twbkfyhvn6m0000gn/T/condisco-preflight.ngRWOC/DerivedData/Build/Products/Debug-iphonesimulator

CreateBuildDirectory /var/folders/3w/91hphlzs0rv_1twbkfyhvn6m0000gn/T/condisco-preflight.ngRWOC/DerivedData/Build/Intermediates.noindex/SwiftExplicitPrecompiledModules
    cd /Users/spkoehl/Projects/VerbaLibera/Condisco.xcodeproj
    builtin-create-build-directory /var/folders/3w/91hphlzs0rv_1twbkfyhvn6m0000gn/T/condisco-preflight.ngRWOC/DerivedData/Build/Intermediates.noindex/SwiftExplicitPrecompiledModules

CreateBuildDirectory /var/folders/3w/91hphlzs0rv_1twbkfyhvn6m0000gn/T/condisco-preflight.ngRWOC/DerivedData/Build/Intermediates.noindex/PrecompiledHeaders
    cd /Users/spkoehl/Projects/VerbaLibera/Condisco.xcodeproj
    builtin-create-build-directory /var/folders/3w/91hphlzs0rv_1twbkfyhvn6m0000gn/T/condisco-preflight.ngRWOC/DerivedData/Build/Intermediates.noindex/PrecompiledHeaders

CreateBuildDirectory /var/folders/3w/91hphlzs0rv_1twbkfyhvn6m0000gn/T/condisco-preflight.ngRWOC/DerivedData/Build/Intermediates.noindex/ExplicitPrecompiledModules
    cd /Users/spkoehl/Projects/VerbaLibera/Condisco.xcodeproj
    builtin-create-build-directory /var/folders/3w/91hphlzs0rv_1twbkfyhvn6m0000gn/T/condisco-preflight.ngRWOC/DerivedData/Build/Intermediates.noindex/ExplicitPrecompiledModules

WriteAuxiliaryFile /var/folders/3w/91hphlzs0rv_1twbkfyhvn6m0000gn/T/condisco-preflight.ngRWOC/DerivedData/Build/Intermediates.noindex/Condisco.build/Debug-iphonesimulator/Condisco-a06d22f186627733d537732b5233bd82-VFS-iphonesimulator/all-product-headers.yaml
    cd /Users/spkoehl/Projects/VerbaLibera/Condisco.xcodeproj
    write-file /var/folders/3w/91hphlzs0rv_1twbkfyhvn6m0000gn/T/condisco-preflight.ngRWOC/DerivedData/Build/Intermediates.noindex/Condisco.build/Debug-iphonesimulator/Condisco-a06d22f186627733d537732b5233bd82-VFS-iphonesimulator/all-product-headers.yaml

CreateBuildDirectory /var/folders/3w/91hphlzs0rv_1twbkfyhvn6m0000gn/T/condisco-preflight.ngRWOC/DerivedData/Build/Intermediates.noindex/EagerLinkingTBDs/Debug-iphonesimulator
    cd /Users/spkoehl/Projects/VerbaLibera/Condisco.xcodeproj
    builtin-create-build-directory /var/folders/3w/91hphlzs0rv_1twbkfyhvn6m0000gn/T/condisco-preflight.ngRWOC/DerivedData/Build/Intermediates.noindex/EagerLinkingTBDs/Debug-iphonesimulator

WriteAuxiliaryFile /var/folders/3w/91hphlzs0rv_1twbkfyhvn6m0000gn/T/condisco-preflight.ngRWOC/DerivedData/Build/Intermediates.noindex/Condisco.build/Debug-iphonesimulator/CondiscoWidget.build/DerivedSources/Entitlements-Simulated.plist (in target 'CondiscoWidget' from project 'Condisco')
    cd /Users/spkoehl/Projects/VerbaLibera
    write-file /var/folders/3w/91hphlzs0rv_1twbkfyhvn6m0000gn/T/condisco-preflight.ngRWOC/DerivedData/Build/Intermediates.noindex/Condisco.build/Debug-iphonesimulator/CondiscoWidget.build/DerivedSources/Entitlements-Simulated.plist

WriteAuxiliaryFile /var/folders/3w/91hphlzs0rv_1twbkfyhvn6m0000gn/T/condisco-preflight.ngRWOC/DerivedData/Build/Intermediates.noindex/Condisco.build/Debug-iphonesimulator/CondiscoWidget.build/Objects-normal/arm64/CondiscoWidget.SwiftFileList (in target 'CondiscoWidget' from project 'Condisco')
    cd /Users/spkoehl/Projects/VerbaLibera
    write-file /var/folders/3w/91hphlzs0rv_1twbkfyhvn6m0000gn/T/condisco-preflight.ngRWOC/DerivedData/Build/Intermediates.noindex/Condisco.build/Debug-iphonesimulator/CondiscoWidget.build/Objects-normal/arm64/CondiscoWidget.SwiftFileList

WriteAuxiliaryFile /var/folders/3w/91hphlzs0rv_1twbkfyhvn6m0000gn/T/condisco-preflight.ngRWOC/DerivedData/Build/Intermediates.noindex/Condisco.build/Debug-iphonesimulator/CondiscoWidget.build/Objects-normal/arm64/CondiscoWidget.LinkFileList (in target 'CondiscoWidget' from project 'Condisco')
    cd /Users/spkoehl/Projects/VerbaLibera
    write-file /var/folders/3w/91hphlzs0rv_1twbkfyhvn6m0000gn/T/condisco-preflight.ngRWOC/DerivedData/Build/Intermediates.noindex/Condisco.build/Debug-iphonesimulator/CondiscoWidget.build/Objects-normal/arm64/CondiscoWidget.LinkFileList

WriteAuxiliaryFile /var/folders/3w/91hphlzs0rv_1twbkfyhvn6m0000gn/T/condisco-preflight.ngRWOC/DerivedData/Build/Intermediates.noindex/Condisco.build/Debug-iphonesimulator/CondiscoWidget.build/Objects-normal/arm64/CondiscoWidget.SwiftConstValuesFileList (in target 'CondiscoWidget' from project 'Condisco')
    cd /Users/spkoehl/Projects/VerbaLibera
    write-file /var/folders/3w/91hphlzs0rv_1twbkfyhvn6m0000gn/T/condisco-preflight.ngRWOC/DerivedData/Build/Intermediates.noindex/Condisco.build/Debug-iphonesimulator/CondiscoWidget.build/Objects-normal/arm64/CondiscoWidget.SwiftConstValuesFileList

WriteAuxiliaryFile /var/folders/3w/91hphlzs0rv_1twbkfyhvn6m0000gn/T/condisco-preflight.ngRWOC/DerivedData/Build/Intermediates.noindex/Condisco.build/Debug-iphonesimulator/CondiscoWidget.build/Objects-normal/arm64/CondiscoWidget_const_extract_protocols.json (in target 'CondiscoWidget' from project 'Condisco')
    cd /Users/spkoehl/Projects/VerbaLibera
    write-file /var/folders/3w/91hphlzs0rv_1twbkfyhvn6m0000gn/T/condisco-preflight.ngRWOC/DerivedData/Build/Intermediates.noindex/Condisco.build/Debug-iphonesimulator/CondiscoWidget.build/Objects-normal/arm64/CondiscoWidget_const_extract_protocols.json

WriteAuxiliaryFile /var/folders/3w/91hphlzs0rv_1twbkfyhvn6m0000gn/T/condisco-preflight.ngRWOC/DerivedData/Build/Intermediates.noindex/Condisco.build/Debug-iphonesimulator/CondiscoWidget.build/Objects-normal/arm64/CondiscoWidget-OutputFileMap.json (in target 'CondiscoWidget' from project 'Condisco')
    cd /Users/spkoehl/Projects/VerbaLibera
    write-file /var/folders/3w/91hphlzs0rv_1twbkfyhvn6m0000gn/T/condisco-preflight.ngRWOC/DerivedData/Build/Intermediates.noindex/Condisco.build/Debug-iphonesimulator/CondiscoWidget.build/Objects-normal/arm64/CondiscoWidget-OutputFileMap.json

WriteAuxiliaryFile /var/folders/3w/91hphlzs0rv_1twbkfyhvn6m0000gn/T/condisco-preflight.ngRWOC/DerivedData/Build/Intermediates.noindex/Condisco.build/Debug-iphonesimulator/CondiscoWidget.build/CondiscoWidget.hmap (in target 'CondiscoWidget' from project 'Condisco')
    cd /Users/spkoehl/Projects/VerbaLibera
    write-file /var/folders/3w/91hphlzs0rv_1twbkfyhvn6m0000gn/T/condisco-preflight.ngRWOC/DerivedData/Build/Intermediates.noindex/Condisco.build/Debug-iphonesimulator/CondiscoWidget.build/CondiscoWidget.hmap

WriteAuxiliaryFile /var/folders/3w/91hphlzs0rv_1twbkfyhvn6m0000gn/T/condisco-preflight.ngRWOC/DerivedData/Build/Intermediates.noindex/Condisco.build/Debug-iphonesimulator/CondiscoWidget.build/CondiscoWidget.DependencyStaticMetadataFileList (in target 'CondiscoWidget' from project 'Condisco')
    cd /Users/spkoehl/Projects/VerbaLibera
    write-file /var/folders/3w/91hphlzs0rv_1twbkfyhvn6m0000gn/T/condisco-preflight.ngRWOC/DerivedData/Build/Intermediates.noindex/Condisco.build/Debug-iphonesimulator/CondiscoWidget.build/CondiscoWidget.DependencyStaticMetadataFileList

WriteAuxiliaryFile /var/folders/3w/91hphlzs0rv_1twbkfyhvn6m0000gn/T/condisco-preflight.ngRWOC/DerivedData/Build/Intermediates.noindex/Condisco.build/Debug-iphonesimulator/CondiscoWidget.build/CondiscoWidget.DependencyMetadataFileList (in target 'CondiscoWidget' from project 'Condisco')
    cd /Users/spkoehl/Projects/VerbaLibera
    write-file /var/folders/3w/91hphlzs0rv_1twbkfyhvn6m0000gn/T/condisco-preflight.ngRWOC/DerivedData/Build/Intermediates.noindex/Condisco.build/Debug-iphonesimulator/CondiscoWidget.build/CondiscoWidget.DependencyMetadataFileList

WriteAuxiliaryFile /var/folders/3w/91hphlzs0rv_1twbkfyhvn6m0000gn/T/condisco-preflight.ngRWOC/DerivedData/Build/Intermediates.noindex/Condisco.build/Debug-iphonesimulator/CondiscoWidget.build/CondiscoWidget-project-headers.hmap (in target 'CondiscoWidget' from project 'Condisco')
    cd /Users/spkoehl/Projects/VerbaLibera
    write-file /var/folders/3w/91hphlzs0rv_1twbkfyhvn6m0000gn/T/condisco-preflight.ngRWOC/DerivedData/Build/Intermediates.noindex/Condisco.build/Debug-iphonesimulator/CondiscoWidget.build/CondiscoWidget-project-headers.hmap

WriteAuxiliaryFile /var/folders/3w/91hphlzs0rv_1twbkfyhvn6m0000gn/T/condisco-preflight.ngRWOC/DerivedData/Build/Intermediates.noindex/Condisco.build/Debug-iphonesimulator/CondiscoWidget.build/CondiscoWidget-own-target-headers.hmap (in target 'CondiscoWidget' from project 'Condisco')
    cd /Users/spkoehl/Projects/VerbaLibera
    write-file /var/folders/3w/91hphlzs0rv_1twbkfyhvn6m0000gn/T/condisco-preflight.ngRWOC/DerivedData/Build/Intermediates.noindex/Condisco.build/Debug-iphonesimulator/CondiscoWidget.build/CondiscoWidget-own-target-headers.hmap

WriteAuxiliaryFile /var/folders/3w/91hphlzs0rv_1twbkfyhvn6m0000gn/T/condisco-preflight.ngRWOC/DerivedData/Build/Intermediates.noindex/Condisco.build/Debug-iphonesimulator/CondiscoWidget.build/CondiscoWidget-generated-files.hmap (in target 'CondiscoWidget' from project 'Condisco')
    cd /Users/spkoehl/Projects/VerbaLibera
    write-file /var/folders/3w/91hphlzs0rv_1twbkfyhvn6m0000gn/T/condisco-preflight.ngRWOC/DerivedData/Build/Intermediates.noindex/Condisco.build/Debug-iphonesimulator/CondiscoWidget.build/CondiscoWidget-generated-files.hmap

WriteAuxiliaryFile /var/folders/3w/91hphlzs0rv_1twbkfyhvn6m0000gn/T/condisco-preflight.ngRWOC/DerivedData/Build/Intermediates.noindex/Condisco.build/Debug-iphonesimulator/CondiscoWidget.build/CondiscoWidget-all-target-headers.hmap (in target 'CondiscoWidget' from project 'Condisco')
    cd /Users/spkoehl/Projects/VerbaLibera
    write-file /var/folders/3w/91hphlzs0rv_1twbkfyhvn6m0000gn/T/condisco-preflight.ngRWOC/DerivedData/Build/Intermediates.noindex/Condisco.build/Debug-iphonesimulator/CondiscoWidget.build/CondiscoWidget-all-target-headers.hmap

WriteAuxiliaryFile /var/folders/3w/91hphlzs0rv_1twbkfyhvn6m0000gn/T/condisco-preflight.ngRWOC/DerivedData/Build/Intermediates.noindex/Condisco.build/Debug-iphonesimulator/CondiscoWidget.build/CondiscoWidget-all-non-framework-target-headers.hmap (in target 'CondiscoWidget' from project 'Condisco')
    cd /Users/spkoehl/Projects/VerbaLibera
    write-file /var/folders/3w/91hphlzs0rv_1twbkfyhvn6m0000gn/T/condisco-preflight.ngRWOC/DerivedData/Build/Intermediates.noindex/Condisco.build/Debug-iphonesimulator/CondiscoWidget.build/CondiscoWidget-all-non-framework-target-headers.hmap

WriteAuxiliaryFile /var/folders/3w/91hphlzs0rv_1twbkfyhvn6m0000gn/T/condisco-preflight.ngRWOC/DerivedData/Build/Intermediates.noindex/Condisco.build/Debug-iphonesimulator/CondiscoWidget.build/CondiscoWidget-DebugEntryPoint-normal-arm64.txt (in target 'CondiscoWidget' from project 'Condisco')
    cd /Users/spkoehl/Projects/VerbaLibera
    write-file /var/folders/3w/91hphlzs0rv_1twbkfyhvn6m0000gn/T/condisco-preflight.ngRWOC/DerivedData/Build/Intermediates.noindex/Condisco.build/Debug-iphonesimulator/CondiscoWidget.build/CondiscoWidget-DebugEntryPoint-normal-arm64.txt

WriteAuxiliaryFile /var/folders/3w/91hphlzs0rv_1twbkfyhvn6m0000gn/T/condisco-preflight.ngRWOC/DerivedData/Build/Intermediates.noindex/Condisco.build/Debug-iphonesimulator/CondiscoWidget.build/CondiscoWidget-DebugDylibPath-normal-arm64.txt (in target 'CondiscoWidget' from project 'Condisco')
    cd /Users/spkoehl/Projects/VerbaLibera
    write-file /var/folders/3w/91hphlzs0rv_1twbkfyhvn6m0000gn/T/condisco-preflight.ngRWOC/DerivedData/Build/Intermediates.noindex/Condisco.build/Debug-iphonesimulator/CondiscoWidget.build/CondiscoWidget-DebugDylibPath-normal-arm64.txt

WriteAuxiliaryFile /var/folders/3w/91hphlzs0rv_1twbkfyhvn6m0000gn/T/condisco-preflight.ngRWOC/DerivedData/Build/Intermediates.noindex/Condisco.build/Debug-iphonesimulator/CondiscoWidget.build/CondiscoWidget-DebugDylibInstallName-normal-arm64.txt (in target 'CondiscoWidget' from project 'Condisco')
    cd /Users/spkoehl/Projects/VerbaLibera
    write-file /var/folders/3w/91hphlzs0rv_1twbkfyhvn6m0000gn/T/condisco-preflight.ngRWOC/DerivedData/Build/Intermediates.noindex/Condisco.build/Debug-iphonesimulator/CondiscoWidget.build/CondiscoWidget-DebugDylibInstallName-normal-arm64.txt

WriteAuxiliaryFile /var/folders/3w/91hphlzs0rv_1twbkfyhvn6m0000gn/T/condisco-preflight.ngRWOC/DerivedData/Build/Intermediates.noindex/Condisco.build/Debug-iphonesimulator/CondiscoUITests.build/empty-CondiscoUITests.plist (in target 'CondiscoUITests' from project 'Condisco')
    cd /Users/spkoehl/Projects/VerbaLibera
    write-file /var/folders/3w/91hphlzs0rv_1twbkfyhvn6m0000gn/T/condisco-preflight.ngRWOC/DerivedData/Build/Intermediates.noindex/Condisco.build/Debug-iphonesimulator/CondiscoUITests.build/empty-CondiscoUITests.plist

WriteAuxiliaryFile /var/folders/3w/91hphlzs0rv_1twbkfyhvn6m0000gn/T/condisco-preflight.ngRWOC/DerivedData/Build/Intermediates.noindex/Condisco.build/Debug-iphonesimulator/CondiscoUITests.build/ProductTypeInfoPlistAdditions.plist (in target 'CondiscoUITests' from project 'Condisco')
    cd /Users/spkoehl/Projects/VerbaLibera
    write-file /var/folders/3w/91hphlzs0rv_1twbkfyhvn6m0000gn/T/condisco-preflight.ngRWOC/DerivedData/Build/Intermediates.noindex/Condisco.build/Debug-iphonesimulator/CondiscoUITests.build/ProductTypeInfoPlistAdditions.plist

WriteAuxiliaryFile /var/folders/3w/91hphlzs0rv_1twbkfyhvn6m0000gn/T/condisco-preflight.ngRWOC/DerivedData/Build/Intermediates.noindex/Condisco.build/Debug-iphonesimulator/CondiscoUITests.build/Objects-normal/arm64/CondiscoUITests_const_extract_protocols.json (in target 'CondiscoUITests' from project 'Condisco')
    cd /Users/spkoehl/Projects/VerbaLibera
    write-file /var/folders/3w/91hphlzs0rv_1twbkfyhvn6m0000gn/T/condisco-preflight.ngRWOC/DerivedData/Build/Intermediates.noindex/Condisco.build/Debug-iphonesimulator/CondiscoUITests.build/Objects-normal/arm64/CondiscoUITests_const_extract_protocols.json

WriteAuxiliaryFile /var/folders/3w/91hphlzs0rv_1twbkfyhvn6m0000gn/T/condisco-preflight.ngRWOC/DerivedData/Build/Intermediates.noindex/Condisco.build/Debug-iphonesimulator/CondiscoUITests.build/Objects-normal/arm64/CondiscoUITests.SwiftFileList (in target 'CondiscoUITests' from project 'Condisco')
    cd /Users/spkoehl/Projects/VerbaLibera
    write-file /var/folders/3w/91hphlzs0rv_1twbkfyhvn6m0000gn/T/condisco-preflight.ngRWOC/DerivedData/Build/Intermediates.noindex/Condisco.build/Debug-iphonesimulator/CondiscoUITests.build/Objects-normal/arm64/CondiscoUITests.SwiftFileList

WriteAuxiliaryFile /var/folders/3w/91hphlzs0rv_1twbkfyhvn6m0000gn/T/condisco-preflight.ngRWOC/DerivedData/Build/Intermediates.noindex/Condisco.build/Debug-iphonesimulator/CondiscoUITests.build/Objects-normal/arm64/CondiscoUITests.SwiftConstValuesFileList (in target 'CondiscoUITests' from project 'Condisco')
    cd /Users/spkoehl/Projects/VerbaLibera
    write-file /var/folders/3w/91hphlzs0rv_1twbkfyhvn6m0000gn/T/condisco-preflight.ngRWOC/DerivedData/Build/Intermediates.noindex/Condisco.build/Debug-iphonesimulator/CondiscoUITests.build/Objects-normal/arm64/CondiscoUITests.SwiftConstValuesFileList

WriteAuxiliaryFile /var/folders/3w/91hphlzs0rv_1twbkfyhvn6m0000gn/T/condisco-preflight.ngRWOC/DerivedData/Build/Intermediates.noindex/Condisco.build/Debug-iphonesimulator/CondiscoUITests.build/Objects-normal/arm64/CondiscoUITests.LinkFileList (in target 'CondiscoUITests' from project 'Condisco')
    cd /Users/spkoehl/Projects/VerbaLibera
    write-file /var/folders/3w/91hphlzs0rv_1twbkfyhvn6m0000gn/T/condisco-preflight.ngRWOC/DerivedData/Build/Intermediates.noindex/Condisco.build/Debug-iphonesimulator/CondiscoUITests.build/Objects-normal/arm64/CondiscoUITests.LinkFileList

WriteAuxiliaryFile /var/folders/3w/91hphlzs0rv_1twbkfyhvn6m0000gn/T/condisco-preflight.ngRWOC/DerivedData/Build/Intermediates.noindex/Condisco.build/Debug-iphonesimulator/CondiscoUITests.build/Objects-normal/arm64/CondiscoUITests-OutputFileMap.json (in target 'CondiscoUITests' from project 'Condisco')
    cd /Users/spkoehl/Projects/VerbaLibera
    write-file /var/folders/3w/91hphlzs0rv_1twbkfyhvn6m0000gn/T/condisco-preflight.ngRWOC/DerivedData/Build/Intermediates.noindex/Condisco.build/Debug-iphonesimulator/CondiscoUITests.build/Objects-normal/arm64/CondiscoUITests-OutputFileMap.json

WriteAuxiliaryFile /var/folders/3w/91hphlzs0rv_1twbkfyhvn6m0000gn/T/condisco-preflight.ngRWOC/DerivedData/Build/Intermediates.noindex/Condisco.build/Debug-iphonesimulator/CondiscoUITests.build/DerivedSources/Entitlements-Simulated.plist (in target 'CondiscoUITests' from project 'Condisco')
    cd /Users/spkoehl/Projects/VerbaLibera
    write-file /var/folders/3w/91hphlzs0rv_1twbkfyhvn6m0000gn/T/condisco-preflight.ngRWOC/DerivedData/Build/Intermediates.noindex/Condisco.build/Debug-iphonesimulator/CondiscoUITests.build/DerivedSources/Entitlements-Simulated.plist

WriteAuxiliaryFile /var/folders/3w/91hphlzs0rv_1twbkfyhvn6m0000gn/T/condisco-preflight.ngRWOC/DerivedData/Build/Intermediates.noindex/Condisco.build/Debug-iphonesimulator/CondiscoUITests.build/CondiscoUITests.hmap (in target 'CondiscoUITests' from project 'Condisco')
    cd /Users/spkoehl/Projects/VerbaLibera
    write-file /var/folders/3w/91hphlzs0rv_1twbkfyhvn6m0000gn/T/condisco-preflight.ngRWOC/DerivedData/Build/Intermediates.noindex/Condisco.build/Debug-iphonesimulator/CondiscoUITests.build/CondiscoUITests.hmap

WriteAuxiliaryFile /var/folders/3w/91hphlzs0rv_1twbkfyhvn6m0000gn/T/condisco-preflight.ngRWOC/DerivedData/Build/Intermediates.noindex/Condisco.build/Debug-iphonesimulator/CondiscoUITests.build/CondiscoUITests.DependencyStaticMetadataFileList (in target 'CondiscoUITests' from project 'Condisco')
    cd /Users/spkoehl/Projects/VerbaLibera
    write-file /var/folders/3w/91hphlzs0rv_1twbkfyhvn6m0000gn/T/condisco-preflight.ngRWOC/DerivedData/Build/Intermediates.noindex/Condisco.build/Debug-iphonesimulator/CondiscoUITests.build/CondiscoUITests.DependencyStaticMetadataFileList

WriteAuxiliaryFile /var/folders/3w/91hphlzs0rv_1twbkfyhvn6m0000gn/T/condisco-preflight.ngRWOC/DerivedData/Build/Intermediates.noindex/Condisco.build/Debug-iphonesimulator/CondiscoUITests.build/CondiscoUITests.DependencyMetadataFileList (in target 'CondiscoUITests' from project 'Condisco')
    cd /Users/spkoehl/Projects/VerbaLibera
    write-file /var/folders/3w/91hphlzs0rv_1twbkfyhvn6m0000gn/T/condisco-preflight.ngRWOC/DerivedData/Build/Intermediates.noindex/Condisco.build/Debug-iphonesimulator/CondiscoUITests.build/CondiscoUITests.DependencyMetadataFileList

WriteAuxiliaryFile /var/folders/3w/91hphlzs0rv_1twbkfyhvn6m0000gn/T/condisco-preflight.ngRWOC/DerivedData/Build/Intermediates.noindex/Condisco.build/Debug-iphonesimulator/CondiscoUITests.build/CondiscoUITests-project-headers.hmap (in target 'CondiscoUITests' from project 'Condisco')
    cd /Users/spkoehl/Projects/VerbaLibera
    write-file /var/folders/3w/91hphlzs0rv_1twbkfyhvn6m0000gn/T/condisco-preflight.ngRWOC/DerivedData/Build/Intermediates.noindex/Condisco.build/Debug-iphonesimulator/CondiscoUITests.build/CondiscoUITests-project-headers.hmap

WriteAuxiliaryFile /var/folders/3w/91hphlzs0rv_1twbkfyhvn6m0000gn/T/condisco-preflight.ngRWOC/DerivedData/Build/Intermediates.noindex/Condisco.build/Debug-iphonesimulator/CondiscoUITests.build/CondiscoUITests-own-target-headers.hmap (in target 'CondiscoUITests' from project 'Condisco')
    cd /Users/spkoehl/Projects/VerbaLibera
    write-file /var/folders/3w/91hphlzs0rv_1twbkfyhvn6m0000gn/T/condisco-preflight.ngRWOC/DerivedData/Build/Intermediates.noindex/Condisco.build/Debug-iphonesimulator/CondiscoUITests.build/CondiscoUITests-own-target-headers.hmap

WriteAuxiliaryFile /var/folders/3w/91hphlzs0rv_1twbkfyhvn6m0000gn/T/condisco-preflight.ngRWOC/DerivedData/Build/Intermediates.noindex/Condisco.build/Debug-iphonesimulator/CondiscoUITests.build/CondiscoUITests-generated-files.hmap (in target 'CondiscoUITests' from project 'Condisco')
    cd /Users/spkoehl/Projects/VerbaLibera
    write-file /var/folders/3w/91hphlzs0rv_1twbkfyhvn6m0000gn/T/condisco-preflight.ngRWOC/DerivedData/Build/Intermediates.noindex/Condisco.build/Debug-iphonesimulator/CondiscoUITests.build/CondiscoUITests-generated-files.hmap

WriteAuxiliaryFile /var/folders/3w/91hphlzs0rv_1twbkfyhvn6m0000gn/T/condisco-preflight.ngRWOC/DerivedData/Build/Intermediates.noindex/Condisco.build/Debug-iphonesimulator/CondiscoUITests.build/CondiscoUITests-all-target-headers.hmap (in target 'CondiscoUITests' from project 'Condisco')
    cd /Users/spkoehl/Projects/VerbaLibera
    write-file /var/folders/3w/91hphlzs0rv_1twbkfyhvn6m0000gn/T/condisco-preflight.ngRWOC/DerivedData/Build/Intermediates.noindex/Condisco.build/Debug-iphonesimulator/CondiscoUITests.build/CondiscoUITests-all-target-headers.hmap

WriteAuxiliaryFile /var/folders/3w/91hphlzs0rv_1twbkfyhvn6m0000gn/T/condisco-preflight.ngRWOC/DerivedData/Build/Intermediates.noindex/Condisco.build/Debug-iphonesimulator/CondiscoUITests.build/CondiscoUITests-all-non-framework-target-headers.hmap (in target 'CondiscoUITests' from project 'Condisco')
    cd /Users/spkoehl/Projects/VerbaLibera
    write-file /var/folders/3w/91hphlzs0rv_1twbkfyhvn6m0000gn/T/condisco-preflight.ngRWOC/DerivedData/Build/Intermediates.noindex/Condisco.build/Debug-iphonesimulator/CondiscoUITests.build/CondiscoUITests-all-non-framework-target-headers.hmap

WriteAuxiliaryFile /var/folders/3w/91hphlzs0rv_1twbkfyhvn6m0000gn/T/condisco-preflight.ngRWOC/DerivedData/Build/Intermediates.noindex/Condisco.build/Debug-iphonesimulator/CondiscoTests.build/empty-CondiscoTests.plist (in target 'CondiscoTests' from project 'Condisco')
    cd /Users/spkoehl/Projects/VerbaLibera
    write-file /var/folders/3w/91hphlzs0rv_1twbkfyhvn6m0000gn/T/condisco-preflight.ngRWOC/DerivedData/Build/Intermediates.noindex/Condisco.build/Debug-iphonesimulator/CondiscoTests.build/empty-CondiscoTests.plist

WriteAuxiliaryFile /var/folders/3w/91hphlzs0rv_1twbkfyhvn6m0000gn/T/condisco-preflight.ngRWOC/DerivedData/Build/Intermediates.noindex/Condisco.build/Debug-iphonesimulator/CondiscoTests.build/Objects-normal/arm64/CondiscoTests_const_extract_protocols.json (in target 'CondiscoTests' from project 'Condisco')
    cd /Users/spkoehl/Projects/VerbaLibera
    write-file /var/folders/3w/91hphlzs0rv_1twbkfyhvn6m0000gn/T/condisco-preflight.ngRWOC/DerivedData/Build/Intermediates.noindex/Condisco.build/Debug-iphonesimulator/CondiscoTests.build/Objects-normal/arm64/CondiscoTests_const_extract_protocols.json

WriteAuxiliaryFile /var/folders/3w/91hphlzs0rv_1twbkfyhvn6m0000gn/T/condisco-preflight.ngRWOC/DerivedData/Build/Intermediates.noindex/Condisco.build/Debug-iphonesimulator/CondiscoTests.build/Objects-normal/arm64/CondiscoTests.SwiftConstValuesFileList (in target 'CondiscoTests' from project 'Condisco')
    cd /Users/spkoehl/Projects/VerbaLibera
    write-file /var/folders/3w/91hphlzs0rv_1twbkfyhvn6m0000gn/T/condisco-preflight.ngRWOC/DerivedData/Build/Intermediates.noindex/Condisco.build/Debug-iphonesimulator/CondiscoTests.build/Objects-normal/arm64/CondiscoTests.SwiftConstValuesFileList

WriteAuxiliaryFile /var/folders/3w/91hphlzs0rv_1twbkfyhvn6m0000gn/T/condisco-preflight.ngRWOC/DerivedData/Build/Intermediates.noindex/Condisco.build/Debug-iphonesimulator/CondiscoTests.build/Objects-normal/arm64/CondiscoTests.SwiftFileList (in target 'CondiscoTests' from project 'Condisco')
    cd /Users/spkoehl/Projects/VerbaLibera
    write-file /var/folders/3w/91hphlzs0rv_1twbkfyhvn6m0000gn/T/condisco-preflight.ngRWOC/DerivedData/Build/Intermediates.noindex/Condisco.build/Debug-iphonesimulator/CondiscoTests.build/Objects-normal/arm64/CondiscoTests.SwiftFileList

WriteAuxiliaryFile /var/folders/3w/91hphlzs0rv_1twbkfyhvn6m0000gn/T/condisco-preflight.ngRWOC/DerivedData/Build/Intermediates.noindex/Condisco.build/Debug-iphonesimulator/CondiscoTests.build/Objects-normal/arm64/CondiscoTests.LinkFileList (in target 'CondiscoTests' from project 'Condisco')
    cd /Users/spkoehl/Projects/VerbaLibera
    write-file /var/folders/3w/91hphlzs0rv_1twbkfyhvn6m0000gn/T/condisco-preflight.ngRWOC/DerivedData/Build/Intermediates.noindex/Condisco.build/Debug-iphonesimulator/CondiscoTests.build/Objects-normal/arm64/CondiscoTests.LinkFileList

WriteAuxiliaryFile /var/folders/3w/91hphlzs0rv_1twbkfyhvn6m0000gn/T/condisco-preflight.ngRWOC/DerivedData/Build/Intermediates.noindex/Condisco.build/Debug-iphonesimulator/CondiscoTests.build/Objects-normal/arm64/CondiscoTests-OutputFileMap.json (in target 'CondiscoTests' from project 'Condisco')
    cd /Users/spkoehl/Projects/VerbaLibera
    write-file /var/folders/3w/91hphlzs0rv_1twbkfyhvn6m0000gn/T/condisco-preflight.ngRWOC/DerivedData/Build/Intermediates.noindex/Condisco.build/Debug-iphonesimulator/CondiscoTests.build/Objects-normal/arm64/CondiscoTests-OutputFileMap.json

WriteAuxiliaryFile /var/folders/3w/91hphlzs0rv_1twbkfyhvn6m0000gn/T/condisco-preflight.ngRWOC/DerivedData/Build/Intermediates.noindex/Condisco.build/Debug-iphonesimulator/CondiscoTests.build/CondiscoTests.hmap (in target 'CondiscoTests' from project 'Condisco')
    cd /Users/spkoehl/Projects/VerbaLibera
    write-file /var/folders/3w/91hphlzs0rv_1twbkfyhvn6m0000gn/T/condisco-preflight.ngRWOC/DerivedData/Build/Intermediates.noindex/Condisco.build/Debug-iphonesimulator/CondiscoTests.build/CondiscoTests.hmap

WriteAuxiliaryFile /var/folders/3w/91hphlzs0rv_1twbkfyhvn6m0000gn/T/condisco-preflight.ngRWOC/DerivedData/Build/Intermediates.noindex/Condisco.build/Debug-iphonesimulator/CondiscoTests.build/CondiscoTests.DependencyStaticMetadataFileList (in target 'CondiscoTests' from project 'Condisco')
    cd /Users/spkoehl/Projects/VerbaLibera
    write-file /var/folders/3w/91hphlzs0rv_1twbkfyhvn6m0000gn/T/condisco-preflight.ngRWOC/DerivedData/Build/Intermediates.noindex/Condisco.build/Debug-iphonesimulator/CondiscoTests.build/CondiscoTests.DependencyStaticMetadataFileList

WriteAuxiliaryFile /var/folders/3w/91hphlzs0rv_1twbkfyhvn6m0000gn/T/condisco-preflight.ngRWOC/DerivedData/Build/Intermediates.noindex/Condisco.build/Debug-iphonesimulator/CondiscoTests.build/CondiscoTests.DependencyMetadataFileList (in target 'CondiscoTests' from project 'Condisco')
    cd /Users/spkoehl/Projects/VerbaLibera
    write-file /var/folders/3w/91hphlzs0rv_1twbkfyhvn6m0000gn/T/condisco-preflight.ngRWOC/DerivedData/Build/Intermediates.noindex/Condisco.build/Debug-iphonesimulator/CondiscoTests.build/CondiscoTests.DependencyMetadataFileList

WriteAuxiliaryFile /var/folders/3w/91hphlzs0rv_1twbkfyhvn6m0000gn/T/condisco-preflight.ngRWOC/DerivedData/Build/Intermediates.noindex/Condisco.build/Debug-iphonesimulator/CondiscoTests.build/CondiscoTests-project-headers.hmap (in target 'CondiscoTests' from project 'Condisco')
    cd /Users/spkoehl/Projects/VerbaLibera
    write-file /var/folders/3w/91hphlzs0rv_1twbkfyhvn6m0000gn/T/condisco-preflight.ngRWOC/DerivedData/Build/Intermediates.noindex/Condisco.build/Debug-iphonesimulator/CondiscoTests.build/CondiscoTests-project-headers.hmap

WriteAuxiliaryFile /var/folders/3w/91hphlzs0rv_1twbkfyhvn6m0000gn/T/condisco-preflight.ngRWOC/DerivedData/Build/Intermediates.noindex/Condisco.build/Debug-iphonesimulator/CondiscoTests.build/CondiscoTests-own-target-headers.hmap (in target 'CondiscoTests' from project 'Condisco')
    cd /Users/spkoehl/Projects/VerbaLibera
    write-file /var/folders/3w/91hphlzs0rv_1twbkfyhvn6m0000gn/T/condisco-preflight.ngRWOC/DerivedData/Build/Intermediates.noindex/Condisco.build/Debug-iphonesimulator/CondiscoTests.build/CondiscoTests-own-target-headers.hmap

WriteAuxiliaryFile /var/folders/3w/91hphlzs0rv_1twbkfyhvn6m0000gn/T/condisco-preflight.ngRWOC/DerivedData/Build/Intermediates.noindex/Condisco.build/Debug-iphonesimulator/CondiscoTests.build/CondiscoTests-generated-files.hmap (in target 'CondiscoTests' from project 'Condisco')
    cd /Users/spkoehl/Projects/VerbaLibera
    write-file /var/folders/3w/91hphlzs0rv_1twbkfyhvn6m0000gn/T/condisco-preflight.ngRWOC/DerivedData/Build/Intermediates.noindex/Condisco.build/Debug-iphonesimulator/CondiscoTests.build/CondiscoTests-generated-files.hmap

WriteAuxiliaryFile /var/folders/3w/91hphlzs0rv_1twbkfyhvn6m0000gn/T/condisco-preflight.ngRWOC/DerivedData/Build/Intermediates.noindex/Condisco.build/Debug-iphonesimulator/CondiscoTests.build/CondiscoTests-all-target-headers.hmap (in target 'CondiscoTests' from project 'Condisco')
    cd /Users/spkoehl/Projects/VerbaLibera
    write-file /var/folders/3w/91hphlzs0rv_1twbkfyhvn6m0000gn/T/condisco-preflight.ngRWOC/DerivedData/Build/Intermediates.noindex/Condisco.build/Debug-iphonesimulator/CondiscoTests.build/CondiscoTests-all-target-headers.hmap

WriteAuxiliaryFile /var/folders/3w/91hphlzs0rv_1twbkfyhvn6m0000gn/T/condisco-preflight.ngRWOC/DerivedData/Build/Intermediates.noindex/Condisco.build/Debug-iphonesimulator/CondiscoTests.build/CondiscoTests-all-non-framework-target-headers.hmap (in target 'CondiscoTests' from project 'Condisco')
    cd /Users/spkoehl/Projects/VerbaLibera
    write-file /var/folders/3w/91hphlzs0rv_1twbkfyhvn6m0000gn/T/condisco-preflight.ngRWOC/DerivedData/Build/Intermediates.noindex/Condisco.build/Debug-iphonesimulator/CondiscoTests.build/CondiscoTests-all-non-framework-target-headers.hmap

WriteAuxiliaryFile /var/folders/3w/91hphlzs0rv_1twbkfyhvn6m0000gn/T/condisco-preflight.ngRWOC/DerivedData/Build/Intermediates.noindex/Condisco.build/Debug-iphonesimulator/Condisco.build/Objects-normal/arm64/Condisco.SwiftConstValuesFileList (in target 'Condisco' from project 'Condisco')
    cd /Users/spkoehl/Projects/VerbaLibera
    write-file /var/folders/3w/91hphlzs0rv_1twbkfyhvn6m0000gn/T/condisco-preflight.ngRWOC/DerivedData/Build/Intermediates.noindex/Condisco.build/Debug-iphonesimulator/Condisco.build/Objects-normal/arm64/Condisco.SwiftConstValuesFileList

WriteAuxiliaryFile /var/folders/3w/91hphlzs0rv_1twbkfyhvn6m0000gn/T/condisco-preflight.ngRWOC/DerivedData/Build/Intermediates.noindex/Condisco.build/Debug-iphonesimulator/Condisco.build/Objects-normal/arm64/Condisco.LinkFileList (in target 'Condisco' from project 'Condisco')
    cd /Users/spkoehl/Projects/VerbaLibera
    write-file /var/folders/3w/91hphlzs0rv_1twbkfyhvn6m0000gn/T/condisco-preflight.ngRWOC/DerivedData/Build/Intermediates.noindex/Condisco.build/Debug-iphonesimulator/Condisco.build/Objects-normal/arm64/Condisco.LinkFileList

WriteAuxiliaryFile /var/folders/3w/91hphlzs0rv_1twbkfyhvn6m0000gn/T/condisco-preflight.ngRWOC/DerivedData/Build/Intermediates.noindex/Condisco.build/Debug-iphonesimulator/Condisco.build/Objects-normal/arm64/Condisco.SwiftFileList (in target 'Condisco' from project 'Condisco')
    cd /Users/spkoehl/Projects/VerbaLibera
    write-file /var/folders/3w/91hphlzs0rv_1twbkfyhvn6m0000gn/T/condisco-preflight.ngRWOC/DerivedData/Build/Intermediates.noindex/Condisco.build/Debug-iphonesimulator/Condisco.build/Objects-normal/arm64/Condisco.SwiftFileList

WriteAuxiliaryFile /var/folders/3w/91hphlzs0rv_1twbkfyhvn6m0000gn/T/condisco-preflight.ngRWOC/DerivedData/Build/Intermediates.noindex/Condisco.build/Debug-iphonesimulator/Condisco.build/Objects-normal/arm64/Condisco_const_extract_protocols.json (in target 'Condisco' from project 'Condisco')
    cd /Users/spkoehl/Projects/VerbaLibera
    write-file /var/folders/3w/91hphlzs0rv_1twbkfyhvn6m0000gn/T/condisco-preflight.ngRWOC/DerivedData/Build/Intermediates.noindex/Condisco.build/Debug-iphonesimulator/Condisco.build/Objects-normal/arm64/Condisco_const_extract_protocols.json

WriteAuxiliaryFile /var/folders/3w/91hphlzs0rv_1twbkfyhvn6m0000gn/T/condisco-preflight.ngRWOC/DerivedData/Build/Intermediates.noindex/Condisco.build/Debug-iphonesimulator/Condisco.build/Objects-normal/arm64/Condisco-OutputFileMap.json (in target 'Condisco' from project 'Condisco')
    cd /Users/spkoehl/Projects/VerbaLibera
    write-file /var/folders/3w/91hphlzs0rv_1twbkfyhvn6m0000gn/T/condisco-preflight.ngRWOC/DerivedData/Build/Intermediates.noindex/Condisco.build/Debug-iphonesimulator/Condisco.build/Objects-normal/arm64/Condisco-OutputFileMap.json

WriteAuxiliaryFile /var/folders/3w/91hphlzs0rv_1twbkfyhvn6m0000gn/T/condisco-preflight.ngRWOC/DerivedData/Build/Intermediates.noindex/Condisco.build/Debug-iphonesimulator/Condisco.build/DerivedSources/Entitlements-Simulated.plist (in target 'Condisco' from project 'Condisco')
    cd /Users/spkoehl/Projects/VerbaLibera
    write-file /var/folders/3w/91hphlzs0rv_1twbkfyhvn6m0000gn/T/condisco-preflight.ngRWOC/DerivedData/Build/Intermediates.noindex/Condisco.build/Debug-iphonesimulator/Condisco.build/DerivedSources/Entitlements-Simulated.plist

WriteAuxiliaryFile /var/folders/3w/91hphlzs0rv_1twbkfyhvn6m0000gn/T/condisco-preflight.ngRWOC/DerivedData/Build/Intermediates.noindex/Condisco.build/Debug-iphonesimulator/Condisco.build/Condisco.hmap (in target 'Condisco' from project 'Condisco')
    cd /Users/spkoehl/Projects/VerbaLibera
    write-file /var/folders/3w/91hphlzs0rv_1twbkfyhvn6m0000gn/T/condisco-preflight.ngRWOC/DerivedData/Build/Intermediates.noindex/Condisco.build/Debug-iphonesimulator/Condisco.build/Condisco.hmap

WriteAuxiliaryFile /var/folders/3w/91hphlzs0rv_1twbkfyhvn6m0000gn/T/condisco-preflight.ngRWOC/DerivedData/Build/Intermediates.noindex/Condisco.build/Debug-iphonesimulator/Condisco.build/Condisco.DependencyStaticMetadataFileList (in target 'Condisco' from project 'Condisco')
    cd /Users/spkoehl/Projects/VerbaLibera
    write-file /var/folders/3w/91hphlzs0rv_1twbkfyhvn6m0000gn/T/condisco-preflight.ngRWOC/DerivedData/Build/Intermediates.noindex/Condisco.build/Debug-iphonesimulator/Condisco.build/Condisco.DependencyStaticMetadataFileList

WriteAuxiliaryFile /var/folders/3w/91hphlzs0rv_1twbkfyhvn6m0000gn/T/condisco-preflight.ngRWOC/DerivedData/Build/Intermediates.noindex/Condisco.build/Debug-iphonesimulator/Condisco.build/Condisco.DependencyMetadataFileList (in target 'Condisco' from project 'Condisco')
    cd /Users/spkoehl/Projects/VerbaLibera
    write-file /var/folders/3w/91hphlzs0rv_1twbkfyhvn6m0000gn/T/condisco-preflight.ngRWOC/DerivedData/Build/Intermediates.noindex/Condisco.build/Debug-iphonesimulator/Condisco.build/Condisco.DependencyMetadataFileList

WriteAuxiliaryFile /var/folders/3w/91hphlzs0rv_1twbkfyhvn6m0000gn/T/condisco-preflight.ngRWOC/DerivedData/Build/Intermediates.noindex/Condisco.build/Debug-iphonesimulator/Condisco.build/Condisco-project-headers.hmap (in target 'Condisco' from project 'Condisco')
    cd /Users/spkoehl/Projects/VerbaLibera
    write-file /var/folders/3w/91hphlzs0rv_1twbkfyhvn6m0000gn/T/condisco-preflight.ngRWOC/DerivedData/Build/Intermediates.noindex/Condisco.build/Debug-iphonesimulator/Condisco.build/Condisco-project-headers.hmap

WriteAuxiliaryFile /var/folders/3w/91hphlzs0rv_1twbkfyhvn6m0000gn/T/condisco-preflight.ngRWOC/DerivedData/Build/Intermediates.noindex/Condisco.build/Debug-iphonesimulator/Condisco.build/Condisco-own-target-headers.hmap (in target 'Condisco' from project 'Condisco')
    cd /Users/spkoehl/Projects/VerbaLibera
    write-file /var/folders/3w/91hphlzs0rv_1twbkfyhvn6m0000gn/T/condisco-preflight.ngRWOC/DerivedData/Build/Intermediates.noindex/Condisco.build/Debug-iphonesimulator/Condisco.build/Condisco-own-target-headers.hmap

WriteAuxiliaryFile /var/folders/3w/91hphlzs0rv_1twbkfyhvn6m0000gn/T/condisco-preflight.ngRWOC/DerivedData/Build/Intermediates.noindex/Condisco.build/Debug-iphonesimulator/Condisco.build/Condisco-generated-files.hmap (in target 'Condisco' from project 'Condisco')
    cd /Users/spkoehl/Projects/VerbaLibera
    write-file /var/folders/3w/91hphlzs0rv_1twbkfyhvn6m0000gn/T/condisco-preflight.ngRWOC/DerivedData/Build/Intermediates.noindex/Condisco.build/Debug-iphonesimulator/Condisco.build/Condisco-generated-files.hmap

WriteAuxiliaryFile /var/folders/3w/91hphlzs0rv_1twbkfyhvn6m0000gn/T/condisco-preflight.ngRWOC/DerivedData/Build/Intermediates.noindex/Condisco.build/Debug-iphonesimulator/Condisco.build/Condisco-all-target-headers.hmap (in target 'Condisco' from project 'Condisco')
    cd /Users/spkoehl/Projects/VerbaLibera
    write-file /var/folders/3w/91hphlzs0rv_1twbkfyhvn6m0000gn/T/condisco-preflight.ngRWOC/DerivedData/Build/Intermediates.noindex/Condisco.build/Debug-iphonesimulator/Condisco.build/Condisco-all-target-headers.hmap

WriteAuxiliaryFile /var/folders/3w/91hphlzs0rv_1twbkfyhvn6m0000gn/T/condisco-preflight.ngRWOC/DerivedData/Build/Intermediates.noindex/Condisco.build/Debug-iphonesimulator/Condisco.build/Condisco-all-non-framework-target-headers.hmap (in target 'Condisco' from project 'Condisco')
    cd /Users/spkoehl/Projects/VerbaLibera
    write-file /var/folders/3w/91hphlzs0rv_1twbkfyhvn6m0000gn/T/condisco-preflight.ngRWOC/DerivedData/Build/Intermediates.noindex/Condisco.build/Debug-iphonesimulator/Condisco.build/Condisco-all-non-framework-target-headers.hmap

WriteAuxiliaryFile /var/folders/3w/91hphlzs0rv_1twbkfyhvn6m0000gn/T/condisco-preflight.ngRWOC/DerivedData/Build/Intermediates.noindex/Condisco.build/Debug-iphonesimulator/Condisco.build/Condisco-DebugDylibPath-normal-arm64.txt (in target 'Condisco' from project 'Condisco')
    cd /Users/spkoehl/Projects/VerbaLibera
    write-file /var/folders/3w/91hphlzs0rv_1twbkfyhvn6m0000gn/T/condisco-preflight.ngRWOC/DerivedData/Build/Intermediates.noindex/Condisco.build/Debug-iphonesimulator/Condisco.build/Condisco-DebugDylibPath-normal-arm64.txt

WriteAuxiliaryFile /var/folders/3w/91hphlzs0rv_1twbkfyhvn6m0000gn/T/condisco-preflight.ngRWOC/DerivedData/Build/Intermediates.noindex/Condisco.build/Debug-iphonesimulator/Condisco.build/Condisco-DebugDylibInstallName-normal-arm64.txt (in target 'Condisco' from project 'Condisco')
    cd /Users/spkoehl/Projects/VerbaLibera
    write-file /var/folders/3w/91hphlzs0rv_1twbkfyhvn6m0000gn/T/condisco-preflight.ngRWOC/DerivedData/Build/Intermediates.noindex/Condisco.build/Debug-iphonesimulator/Condisco.build/Condisco-DebugDylibInstallName-normal-arm64.txt

MkDir /var/folders/3w/91hphlzs0rv_1twbkfyhvn6m0000gn/T/condisco-preflight.ngRWOC/DerivedData/Build/Products/Debug-iphonesimulator/CondiscoWidget.appex (in target 'CondiscoWidget' from project 'Condisco')
    cd /Users/spkoehl/Projects/VerbaLibera
    /bin/mkdir -p /var/folders/3w/91hphlzs0rv_1twbkfyhvn6m0000gn/T/condisco-preflight.ngRWOC/DerivedData/Build/Products/Debug-iphonesimulator/CondiscoWidget.appex

MkDir /var/folders/3w/91hphlzs0rv_1twbkfyhvn6m0000gn/T/condisco-preflight.ngRWOC/DerivedData/Build/Products/Debug-iphonesimulator/Condisco.app/PlugIns (in target 'Condisco' from project 'Condisco')
    cd /Users/spkoehl/Projects/VerbaLibera
    /bin/mkdir -p /var/folders/3w/91hphlzs0rv_1twbkfyhvn6m0000gn/T/condisco-preflight.ngRWOC/DerivedData/Build/Products/Debug-iphonesimulator/Condisco.app/PlugIns

MkDir /var/folders/3w/91hphlzs0rv_1twbkfyhvn6m0000gn/T/condisco-preflight.ngRWOC/DerivedData/Build/Products/Debug-iphonesimulator/Condisco.app/PlugIns/CondiscoTests.xctest (in target 'CondiscoTests' from project 'Condisco')
    cd /Users/spkoehl/Projects/VerbaLibera
    /bin/mkdir -p /var/folders/3w/91hphlzs0rv_1twbkfyhvn6m0000gn/T/condisco-preflight.ngRWOC/DerivedData/Build/Products/Debug-iphonesimulator/Condisco.app/PlugIns/CondiscoTests.xctest

MkDir /var/folders/3w/91hphlzs0rv_1twbkfyhvn6m0000gn/T/condisco-preflight.ngRWOC/DerivedData/Build/Products/Debug-iphonesimulator/Condisco.app (in target 'Condisco' from project 'Condisco')
    cd /Users/spkoehl/Projects/VerbaLibera
    /bin/mkdir -p /var/folders/3w/91hphlzs0rv_1twbkfyhvn6m0000gn/T/condisco-preflight.ngRWOC/DerivedData/Build/Products/Debug-iphonesimulator/Condisco.app

MkDir /var/folders/3w/91hphlzs0rv_1twbkfyhvn6m0000gn/T/condisco-preflight.ngRWOC/DerivedData/Build/Products/Debug-iphonesimulator/CondiscoUITests-Runner.app/PlugIns/CondiscoUITests.xctest (in target 'CondiscoUITests' from project 'Condisco')
    cd /Users/spkoehl/Projects/VerbaLibera
    /bin/mkdir -p /var/folders/3w/91hphlzs0rv_1twbkfyhvn6m0000gn/T/condisco-preflight.ngRWOC/DerivedData/Build/Products/Debug-iphonesimulator/CondiscoUITests-Runner.app/PlugIns/CondiscoUITests.xctest

ProcessProductPackaging /Users/spkoehl/Projects/VerbaLibera/CondiscoWidget/CondiscoWidget.entitlements /var/folders/3w/91hphlzs0rv_1twbkfyhvn6m0000gn/T/condisco-preflight.ngRWOC/DerivedData/Build/Intermediates.noindex/Condisco.build/Debug-iphonesimulator/CondiscoWidget.build/CondiscoWidget.appex.xcent (in target 'CondiscoWidget' from project 'Condisco')
    cd /Users/spkoehl/Projects/VerbaLibera
    
    Entitlements:
    
    {
}
    
    builtin-productPackagingUtility /Users/spkoehl/Projects/VerbaLibera/CondiscoWidget/CondiscoWidget.entitlements -entitlements -format xml -o /var/folders/3w/91hphlzs0rv_1twbkfyhvn6m0000gn/T/condisco-preflight.ngRWOC/DerivedData/Build/Intermediates.noindex/Condisco.build/Debug-iphonesimulator/CondiscoWidget.build/CondiscoWidget.appex.xcent

ProcessProductPackaging /Users/spkoehl/Projects/VerbaLibera/CondiscoWidget/CondiscoWidget.entitlements /var/folders/3w/91hphlzs0rv_1twbkfyhvn6m0000gn/T/condisco-preflight.ngRWOC/DerivedData/Build/Intermediates.noindex/Condisco.build/Debug-iphonesimulator/CondiscoWidget.build/CondiscoWidget.appex-Simulated.xcent (in target 'CondiscoWidget' from project 'Condisco')
    cd /Users/spkoehl/Projects/VerbaLibera
    
    Entitlements:
    
    {
    "application-identifier" = "PN9T9MT37J.com.sleuthysloth.condisco.CondiscoWidget";
    "com.apple.security.application-groups" =     (
        "group.com.sleuthysloth.condisco"
    );
}
    
    builtin-productPackagingUtility /Users/spkoehl/Projects/VerbaLibera/CondiscoWidget/CondiscoWidget.entitlements -entitlements -format xml -o /var/folders/3w/91hphlzs0rv_1twbkfyhvn6m0000gn/T/condisco-preflight.ngRWOC/DerivedData/Build/Intermediates.noindex/Condisco.build/Debug-iphonesimulator/CondiscoWidget.build/CondiscoWidget.appex-Simulated.xcent

ProcessProductPackagingDER /var/folders/3w/91hphlzs0rv_1twbkfyhvn6m0000gn/T/condisco-preflight.ngRWOC/DerivedData/Build/Intermediates.noindex/Condisco.build/Debug-iphonesimulator/CondiscoWidget.build/CondiscoWidget.appex.xcent /var/folders/3w/91hphlzs0rv_1twbkfyhvn6m0000gn/T/condisco-preflight.ngRWOC/DerivedData/Build/Intermediates.noindex/Condisco.build/Debug-iphonesimulator/CondiscoWidget.build/CondiscoWidget.appex.xcent.der (in target 'CondiscoWidget' from project 'Condisco')
    cd /Users/spkoehl/Projects/VerbaLibera
    /usr/bin/derq query -f xml -i /var/folders/3w/91hphlzs0rv_1twbkfyhvn6m0000gn/T/condisco-preflight.ngRWOC/DerivedData/Build/Intermediates.noindex/Condisco.build/Debug-iphonesimulator/CondiscoWidget.build/CondiscoWidget.appex.xcent -o /var/folders/3w/91hphlzs0rv_1twbkfyhvn6m0000gn/T/condisco-preflight.ngRWOC/DerivedData/Build/Intermediates.noindex/Condisco.build/Debug-iphonesimulator/CondiscoWidget.build/CondiscoWidget.appex.xcent.der --raw

ProcessProductPackagingDER /var/folders/3w/91hphlzs0rv_1twbkfyhvn6m0000gn/T/condisco-preflight.ngRWOC/DerivedData/Build/Intermediates.noindex/Condisco.build/Debug-iphonesimulator/CondiscoWidget.build/CondiscoWidget.appex-Simulated.xcent /var/folders/3w/91hphlzs0rv_1twbkfyhvn6m0000gn/T/condisco-preflight.ngRWOC/DerivedData/Build/Intermediates.noindex/Condisco.build/Debug-iphonesimulator/CondiscoWidget.build/CondiscoWidget.appex-Simulated.xcent.der (in target 'CondiscoWidget' from project 'Condisco')
    cd /Users/spkoehl/Projects/VerbaLibera
    /usr/bin/derq query -f xml -i /var/folders/3w/91hphlzs0rv_1twbkfyhvn6m0000gn/T/condisco-preflight.ngRWOC/DerivedData/Build/Intermediates.noindex/Condisco.build/Debug-iphonesimulator/CondiscoWidget.build/CondiscoWidget.appex-Simulated.xcent -o /var/folders/3w/91hphlzs0rv_1twbkfyhvn6m0000gn/T/condisco-preflight.ngRWOC/DerivedData/Build/Intermediates.noindex/Condisco.build/Debug-iphonesimulator/CondiscoWidget.build/CondiscoWidget.appex-Simulated.xcent.der --raw

ProcessInfoPlistFile /var/folders/3w/91hphlzs0rv_1twbkfyhvn6m0000gn/T/condisco-preflight.ngRWOC/DerivedData/Build/Products/Debug-iphonesimulator/CondiscoWidget.appex/Info.plist /Users/spkoehl/Projects/VerbaLibera/CondiscoWidget/Info.plist (in target 'CondiscoWidget' from project 'Condisco')
    cd /Users/spkoehl/Projects/VerbaLibera
    builtin-infoPlistUtility /Users/spkoehl/Projects/VerbaLibera/CondiscoWidget/Info.plist -producttype com.apple.product-type.app-extension -expandbuildsettings -format binary -platform iphonesimulator -o /var/folders/3w/91hphlzs0rv_1twbkfyhvn6m0000gn/T/condisco-preflight.ngRWOC/DerivedData/Build/Products/Debug-iphonesimulator/CondiscoWidget.appex/Info.plist

Ld /var/folders/3w/91hphlzs0rv_1twbkfyhvn6m0000gn/T/condisco-preflight.ngRWOC/DerivedData/Build/Products/Debug-iphonesimulator/CondiscoWidget.appex/__preview.dylib normal (in target 'CondiscoWidget' from project 'Condisco')
    cd /Users/spkoehl/Projects/VerbaLibera
    /Applications/Xcode.app/Contents/Developer/Toolchains/XcodeDefault.xctoolchain/usr/bin/clang -Xlinker -reproducible -target arm64-apple-ios17.0-simulator -dynamiclib -isysroot /Applications/Xcode.app/Contents/Developer/Platforms/iPhoneSimulator.platform/Developer/SDKs/iPhoneSimulator27.0.sdk -O0 -Xlinker -no_warn_duplicate_libraries -L/var/folders/3w/91hphlzs0rv_1twbkfyhvn6m0000gn/T/condisco-preflight.ngRWOC/DerivedData/Build/Products/Debug-iphonesimulator -F/var/folders/3w/91hphlzs0rv_1twbkfyhvn6m0000gn/T/condisco-preflight.ngRWOC/DerivedData/Build/Products/Debug-iphonesimulator -install_name @rpath/CondiscoWidget.debug.dylib -Xlinker -dead_strip -rdynamic -Xlinker -no_deduplicate -Xlinker -objc_abi_version -Xlinker 2 -Xlinker -dependency_info -Xlinker /var/folders/3w/91hphlzs0rv_1twbkfyhvn6m0000gn/T/condisco-preflight.ngRWOC/DerivedData/Build/Intermediates.noindex/Condisco.build/Debug-iphonesimulator/CondiscoWidget.build/Objects-normal/arm64/CondiscoWidget_dependency_info.dat -Xlinker -sectcreate -Xlinker __TEXT -Xlinker __entitlements -Xlinker /var/folders/3w/91hphlzs0rv_1twbkfyhvn6m0000gn/T/condisco-preflight.ngRWOC/DerivedData/Build/Intermediates.noindex/Condisco.build/Debug-iphonesimulator/CondiscoWidget.build/CondiscoWidget.appex-Simulated.xcent -Xlinker -sectcreate -Xlinker __TEXT -Xlinker __ents_der -Xlinker /var/folders/3w/91hphlzs0rv_1twbkfyhvn6m0000gn/T/condisco-preflight.ngRWOC/DerivedData/Build/Intermediates.noindex/Condisco.build/Debug-iphonesimulator/CondiscoWidget.build/CondiscoWidget.appex-Simulated.xcent.der -Xlinker -no_adhoc_codesign -o /var/folders/3w/91hphlzs0rv_1twbkfyhvn6m0000gn/T/condisco-preflight.ngRWOC/DerivedData/Build/Products/Debug-iphonesimulator/CondiscoWidget.appex/__preview.dylib

SwiftDriver CondiscoWidget normal arm64 com.apple.xcode.tools.swift.compiler (in target 'CondiscoWidget' from project 'Condisco')
    cd /Users/spkoehl/Projects/VerbaLibera
    builtin-SwiftDriver -- /Applications/Xcode.app/Contents/Developer/Toolchains/XcodeDefault.xctoolchain/usr/bin/swiftc -module-name CondiscoWidget -Onone @/var/folders/3w/91hphlzs0rv_1twbkfyhvn6m0000gn/T/condisco-preflight.ngRWOC/DerivedData/Build/Intermediates.noindex/Condisco.build/Debug-iphonesimulator/CondiscoWidget.build/Objects-normal/arm64/CondiscoWidget.SwiftFileList -DDEBUG -enable-bare-slash-regex -enable-experimental-feature DebugDescriptionMacro -sdk /Applications/Xcode.app/Contents/Developer/Platforms/iPhoneSimulator.platform/Developer/SDKs/iPhoneSimulator27.0.sdk -target arm64-apple-ios17.0-simulator -g -module-cache-path /var/folders/3w/91hphlzs0rv_1twbkfyhvn6m0000gn/T/condisco-preflight.ngRWOC/DerivedData/ModuleCache.noindex -Xfrontend -serialize-debugging-options -application-extension -enable-testing -index-store-path /var/folders/3w/91hphlzs0rv_1twbkfyhvn6m0000gn/T/condisco-preflight.ngRWOC/DerivedData/Index.noindex/DataStore -Xcc -D_LIBCPP_HARDENING_MODE\=_LIBCPP_HARDENING_MODE_DEBUG -swift-version 5 -I /var/folders/3w/91hphlzs0rv_1twbkfyhvn6m0000gn/T/condisco-preflight.ngRWOC/DerivedData/Build/Products/Debug-iphonesimulator -F /var/folders/3w/91hphlzs0rv_1twbkfyhvn6m0000gn/T/condisco-preflight.ngRWOC/DerivedData/Build/Products/Debug-iphonesimulator -emit-localized-strings -emit-localized-strings-path /var/folders/3w/91hphlzs0rv_1twbkfyhvn6m0000gn/T/condisco-preflight.ngRWOC/DerivedData/Build/Intermediates.noindex/Condisco.build/Debug-iphonesimulator/CondiscoWidget.build/Objects-normal/arm64 -c -j6 -enable-batch-mode -incremental -Xcc -ivfsstatcache -Xcc /var/folders/3w/91hphlzs0rv_1twbkfyhvn6m0000gn/T/condisco-preflight.ngRWOC/DerivedData/SDKStatCaches.noindex/iphonesimulator27.0-24A430-8dc58220667be655e1bcc261a7455254.sdkstatcache -output-file-map /var/folders/3w/91hphlzs0rv_1twbkfyhvn6m0000gn/T/condisco-preflight.ngRWOC/DerivedData/Build/Intermediates.noindex/Condisco.build/Debug-iphonesimulator/CondiscoWidget.build/Objects-normal/arm64/CondiscoWidget-OutputFileMap.json -save-temps -no-color-diagnostics -explicit-module-build -module-cache-path /var/folders/3w/91hphlzs0rv_1twbkfyhvn6m0000gn/T/condisco-preflight.ngRWOC/DerivedData/Build/Intermediates.noindex/SwiftExplicitPrecompiledModules -clang-scanner-module-cache-path /var/folders/3w/91hphlzs0rv_1twbkfyhvn6m0000gn/T/condisco-preflight.ngRWOC/DerivedData/ModuleCache.noindex -sdk-module-cache-path /var/folders/3w/91hphlzs0rv_1twbkfyhvn6m0000gn/T/condisco-preflight.ngRWOC/DerivedData/SDKExplicitPrecompiledModules -emit-dependencies -emit-module -emit-module-path /var/folders/3w/91hphlzs0rv_1twbkfyhvn6m0000gn/T/condisco-preflight.ngRWOC/DerivedData/Build/Intermediates.noindex/Condisco.build/Debug-iphonesimulator/CondiscoWidget.build/Objects-normal/arm64/CondiscoWidget.swiftmodule -serialize-diagnostics -dependency-scan-serialize-diagnostics-path /var/folders/3w/91hphlzs0rv_1twbkfyhvn6m0000gn/T/condisco-preflight.ngRWOC/DerivedData/Build/Intermediates.noindex/Condisco.build/Debug-iphonesimulator/CondiscoWidget.build/Objects-normal/arm64/CondiscoWidget-dependency-scan.dia -validate-clang-modules-once -clang-build-session-file /var/folders/3w/91hphlzs0rv_1twbkfyhvn6m0000gn/T/condisco-preflight.ngRWOC/DerivedData/ModuleCache.noindex/Session.modulevalidation -Xcc -fmodules-prune-interval\=86400 -Xcc -fmodules-prune-after\=345600 -emit-const-values -const-gather-protocols-list /var/folders/3w/91hphlzs0rv_1twbkfyhvn6m0000gn/T/condisco-preflight.ngRWOC/DerivedData/Build/Intermediates.noindex/Condisco.build/Debug-iphonesimulator/CondiscoWidget.build/Objects-normal/arm64/CondiscoWidget_const_extract_protocols.json -Xcc -iquote -Xcc /var/folders/3w/91hphlzs0rv_1twbkfyhvn6m0000gn/T/condisco-preflight.ngRWOC/DerivedData/Build/Intermediates.noindex/Condisco.build/Debug-iphonesimulator/CondiscoWidget.build/CondiscoWidget-generated-files.hmap -Xcc -I/var/folders/3w/91hphlzs0rv_1twbkfyhvn6m0000gn/T/condisco-preflight.ngRWOC/DerivedData/Build/Intermediates.noindex/Condisco.build/Debug-iphonesimulator/CondiscoWidget.build/CondiscoWidget-own-target-headers.hmap -Xcc -I/var/folders/3w/91hphlzs0rv_1twbkfyhvn6m0000gn/T/condisco-preflight.ngRWOC/DerivedData/Build/Intermediates.noindex/Condisco.build/Debug-iphonesimulator/CondiscoWidget.build/CondiscoWidget-all-target-headers.hmap -Xcc -iquote -Xcc /var/folders/3w/91hphlzs0rv_1twbkfyhvn6m0000gn/T/condisco-preflight.ngRWOC/DerivedData/Build/Intermediates.noindex/Condisco.build/Debug-iphonesimulator/CondiscoWidget.build/CondiscoWidget-project-headers.hmap -Xcc -I/var/folders/3w/91hphlzs0rv_1twbkfyhvn6m0000gn/T/condisco-preflight.ngRWOC/DerivedData/Build/Products/Debug-iphonesimulator/include -Xcc -I/var/folders/3w/91hphlzs0rv_1twbkfyhvn6m0000gn/T/condisco-preflight.ngRWOC/DerivedData/Build/Intermediates.noindex/Condisco.build/Debug-iphonesimulator/CondiscoWidget.build/DerivedSources-normal/arm64 -Xcc -I/var/folders/3w/91hphlzs0rv_1twbkfyhvn6m0000gn/T/condisco-preflight.ngRWOC/DerivedData/Build/Intermediates.noindex/Condisco.build/Debug-iphonesimulator/CondiscoWidget.build/DerivedSources/arm64 -Xcc -I/var/folders/3w/91hphlzs0rv_1twbkfyhvn6m0000gn/T/condisco-preflight.ngRWOC/DerivedData/Build/Intermediates.noindex/Condisco.build/Debug-iphonesimulator/CondiscoWidget.build/DerivedSources -Xcc -DDEBUG\=1 -Xcc -DDEBUG\=1 -emit-objc-header -emit-objc-header-path /var/folders/3w/91hphlzs0rv_1twbkfyhvn6m0000gn/T/condisco-preflight.ngRWOC/DerivedData/Build/Intermediates.noindex/Condisco.build/Debug-iphonesimulator/CondiscoWidget.build/Objects-normal/arm64/CondiscoWidget-Swift.h -working-directory /Users/spkoehl/Projects/VerbaLibera -experimental-emit-module-separately -disable-cmo

SwiftExplicitDependencyGeneratePcm arm64 /var/folders/3w/91hphlzs0rv_1twbkfyhvn6m0000gn/T/condisco-preflight.ngRWOC/DerivedData/SDKExplicitPrecompiledModules/_Builtin_stdbool-C1OMA3N1A74MW8KMCRL3YA3SA.pcm

SwiftExplicitDependencyGeneratePcm arm64 /var/folders/3w/91hphlzs0rv_1twbkfyhvn6m0000gn/T/condisco-preflight.ngRWOC/DerivedData/SDKExplicitPrecompiledModules/_AvailabilityInternal-18NE3TMMSILUWFGRJZDM065JD.pcm

SwiftExplicitDependencyGeneratePcm arm64 /var/folders/3w/91hphlzs0rv_1twbkfyhvn6m0000gn/T/condisco-preflight.ngRWOC/DerivedData/SDKExplicitPrecompiledModules/_SwiftConcurrencyShims-7VPUI3PER6Q4VBJCTQR0GK27R.pcm

SwiftExplicitDependencyGeneratePcm arm64 /var/folders/3w/91hphlzs0rv_1twbkfyhvn6m0000gn/T/condisco-preflight.ngRWOC/DerivedData/SDKExplicitPrecompiledModules/_Builtin_float-ETDH1YFZDAMALMPTY6NLB64VO.pcm

SwiftExplicitDependencyGeneratePcm arm64 /var/folders/3w/91hphlzs0rv_1twbkfyhvn6m0000gn/T/condisco-preflight.ngRWOC/DerivedData/SDKExplicitPrecompiledModules/_Builtin_stddef-EVOHGPRBDNPX10V5YV8JNVG8L.pcm

SwiftExplicitDependencyGeneratePcm arm64 /var/folders/3w/91hphlzs0rv_1twbkfyhvn6m0000gn/T/condisco-preflight.ngRWOC/DerivedData/SDKExplicitPrecompiledModules/DeveloperToolsSupport-BDDXFRVJNJEKRXG9SNXFJ5J0I.pcm

SwiftExplicitDependencyGeneratePcm arm64 /var/folders/3w/91hphlzs0rv_1twbkfyhvn6m0000gn/T/condisco-preflight.ngRWOC/DerivedData/SDKExplicitPrecompiledModules/ptrcheck-3IV40V6U5B68BBHFNP1S9H3DN.pcm

SwiftExplicitDependencyGeneratePcm arm64 /var/folders/3w/91hphlzs0rv_1twbkfyhvn6m0000gn/T/condisco-preflight.ngRWOC/DerivedData/SDKExplicitPrecompiledModules/ptrauth-1UEWP3DSGRWDCBIRDWPTBF3HN.pcm

SwiftExplicitDependencyGeneratePcm arm64 /var/folders/3w/91hphlzs0rv_1twbkfyhvn6m0000gn/T/condisco-preflight.ngRWOC/DerivedData/SDKExplicitPrecompiledModules/SwiftShims-3GXXYMQN9H53Z94TW0XGWQKJQ.pcm

SwiftExplicitDependencyGeneratePcm arm64 /var/folders/3w/91hphlzs0rv_1twbkfyhvn6m0000gn/T/condisco-preflight.ngRWOC/DerivedData/SDKExplicitPrecompiledModules/_Builtin_stdarg-5A5V59ZRN31HW18FFAA9Y2VHH.pcm

SwiftExplicitDependencyGeneratePcm arm64 /var/folders/3w/91hphlzs0rv_1twbkfyhvn6m0000gn/T/condisco-preflight.ngRWOC/DerivedData/SDKExplicitPrecompiledModules/ActivityKit-7AD7IF2G7DJNM3BHDMXY36Q0J.pcm

SwiftExplicitDependencyGeneratePcm arm64 /var/folders/3w/91hphlzs0rv_1twbkfyhvn6m0000gn/T/condisco-preflight.ngRWOC/DerivedData/SDKExplicitPrecompiledModules/_DarwinFoundation1-E0O9UWBPW6DXPV346P2IL3KR.pcm

SwiftExplicitDependencyGeneratePcm arm64 /var/folders/3w/91hphlzs0rv_1twbkfyhvn6m0000gn/T/condisco-preflight.ngRWOC/DerivedData/SDKExplicitPrecompiledModules/_DarwinFoundation2-EMYRMC9R2Y92QE5TEXT0DLW1X.pcm

SwiftExplicitDependencyGeneratePcm arm64 /var/folders/3w/91hphlzs0rv_1twbkfyhvn6m0000gn/T/condisco-preflight.ngRWOC/DerivedData/SDKExplicitPrecompiledModules/_Builtin_limits-6OQRPKHC8R4D5I3EIUCGQ478C.pcm

SwiftExplicitDependencyGeneratePcm arm64 /var/folders/3w/91hphlzs0rv_1twbkfyhvn6m0000gn/T/condisco-preflight.ngRWOC/DerivedData/SDKExplicitPrecompiledModules/ExtensionFoundation-BOWTXUSJNGIEBKQAL0KIIE5OG.pcm

SwiftExplicitDependencyGeneratePcm arm64 /var/folders/3w/91hphlzs0rv_1twbkfyhvn6m0000gn/T/condisco-preflight.ngRWOC/DerivedData/SDKExplicitPrecompiledModules/string_h-CCVRJPFIXY66FF3WECQMHPYYQ.pcm

SwiftExplicitDependencyGeneratePcm arm64 /var/folders/3w/91hphlzs0rv_1twbkfyhvn6m0000gn/T/condisco-preflight.ngRWOC/DerivedData/SDKExplicitPrecompiledModules/_Builtin_tgmath-DLG871C07H2EGXHWCS69GQXUW.pcm

SwiftExplicitDependencyGeneratePcm arm64 /var/folders/3w/91hphlzs0rv_1twbkfyhvn6m0000gn/T/condisco-preflight.ngRWOC/DerivedData/SDKExplicitPrecompiledModules/_Builtin_stdint-28CVRSK8D6I16R0QDHINHHGB4.pcm

SwiftExplicitDependencyGeneratePcm arm64 /var/folders/3w/91hphlzs0rv_1twbkfyhvn6m0000gn/T/condisco-preflight.ngRWOC/DerivedData/SDKExplicitPrecompiledModules/sys_types-8IZJCXKQ0RXI7I94HFWUHYYKW.pcm

SwiftExplicitDependencyGeneratePcm arm64 /var/folders/3w/91hphlzs0rv_1twbkfyhvn6m0000gn/T/condisco-preflight.ngRWOC/DerivedData/SDKExplicitPrecompiledModules/_DarwinFoundation3-1DSKV5CNMH82PLNW3QENUFVTC.pcm

SwiftExplicitDependencyGeneratePcm arm64 /var/folders/3w/91hphlzs0rv_1twbkfyhvn6m0000gn/T/condisco-preflight.ngRWOC/DerivedData/SDKExplicitPrecompiledModules/_Builtin_intrinsics-32NIITMCR909VVDVXTHBS38MG.pcm

SwiftExplicitDependencyGeneratePcm arm64 /var/folders/3w/91hphlzs0rv_1twbkfyhvn6m0000gn/T/condisco-preflight.ngRWOC/DerivedData/SDKExplicitPrecompiledModules/_Builtin_stdatomic-5TFHKF9BOB3H9AJFIATPGBKLX.pcm

SwiftExplicitDependencyGeneratePcm arm64 /var/folders/3w/91hphlzs0rv_1twbkfyhvn6m0000gn/T/condisco-preflight.ngRWOC/DerivedData/SDKExplicitPrecompiledModules/_Builtin_inttypes-D3PFA78YZNBIXATS42P90IHWZ.pcm

SwiftExplicitDependencyGeneratePcm arm64 /var/folders/3w/91hphlzs0rv_1twbkfyhvn6m0000gn/T/condisco-preflight.ngRWOC/DerivedData/SDKExplicitPrecompiledModules/Darwin-BWJQPPWC4L73326VQY9DKWZCS.pcm

SwiftExplicitDependencyGeneratePcm arm64 /var/folders/3w/91hphlzs0rv_1twbkfyhvn6m0000gn/T/condisco-preflight.ngRWOC/DerivedData/SDKExplicitPrecompiledModules/simd-BUD7TVYR9H97GW7B2LXGHWBOY.pcm

SwiftExplicitDependencyGeneratePcm arm64 /var/folders/3w/91hphlzs0rv_1twbkfyhvn6m0000gn/T/condisco-preflight.ngRWOC/DerivedData/SDKExplicitPrecompiledModules/MachO-4ML9283Q3YU2WYXMP1KTA9UQ2.pcm

SwiftExplicitDependencyGeneratePcm arm64 /var/folders/3w/91hphlzs0rv_1twbkfyhvn6m0000gn/T/condisco-preflight.ngRWOC/DerivedData/SDKExplicitPrecompiledModules/ObjectiveC-BLWI95U1ISRBTZ2CK8XOIXUYD.pcm

SwiftExplicitDependencyGeneratePcm arm64 /var/folders/3w/91hphlzs0rv_1twbkfyhvn6m0000gn/T/condisco-preflight.ngRWOC/DerivedData/SDKExplicitPrecompiledModules/os_object-7MKJCKU9U7L151K2A7VZVCY0D.pcm

SwiftExplicitDependencyGeneratePcm arm64 /var/folders/3w/91hphlzs0rv_1twbkfyhvn6m0000gn/T/condisco-preflight.ngRWOC/DerivedData/SDKExplicitPrecompiledModules/os_workgroup-5SK9OEQTNWHAX0JIPFYBPO3VI.pcm

SwiftExplicitDependencyGeneratePcm arm64 /var/folders/3w/91hphlzs0rv_1twbkfyhvn6m0000gn/T/condisco-preflight.ngRWOC/DerivedData/SDKExplicitPrecompiledModules/Spatial-3OJEP479LN58CSKON4JESJ1P.pcm

SwiftExplicitDependencyGeneratePcm arm64 /var/folders/3w/91hphlzs0rv_1twbkfyhvn6m0000gn/T/condisco-preflight.ngRWOC/DerivedData/SDKExplicitPrecompiledModules/Dispatch-CBESFOE7ECKOEVUUILUPSMMNH.pcm

SwiftExplicitDependencyGeneratePcm arm64 /var/folders/3w/91hphlzs0rv_1twbkfyhvn6m0000gn/T/condisco-preflight.ngRWOC/DerivedData/SDKExplicitPrecompiledModules/dnssd-DCEV89NNODDATC1IBR01PAKWU.pcm

SwiftExplicitDependencyGeneratePcm arm64 /var/folders/3w/91hphlzs0rv_1twbkfyhvn6m0000gn/T/condisco-preflight.ngRWOC/DerivedData/SDKExplicitPrecompiledModules/XPC-BP4ERHUH0LZBZZ7DO2MJGGI8U.pcm

SwiftExplicitDependencyGeneratePcm arm64 /var/folders/3w/91hphlzs0rv_1twbkfyhvn6m0000gn/T/condisco-preflight.ngRWOC/DerivedData/SDKExplicitPrecompiledModules/CoreFoundation-BAIH6DWKPUXSZOZG60SL42JX.pcm

SwiftExplicitDependencyGeneratePcm arm64 /var/folders/3w/91hphlzs0rv_1twbkfyhvn6m0000gn/T/condisco-preflight.ngRWOC/DerivedData/SDKExplicitPrecompiledModules/os-95XP5GRKWTWWBJQG3QGZ6C268.pcm

SwiftExplicitDependencyGeneratePcm arm64 /var/folders/3w/91hphlzs0rv_1twbkfyhvn6m0000gn/T/condisco-preflight.ngRWOC/DerivedData/SDKExplicitPrecompiledModules/Security-7BOP4OYQU7US6MYNG99KNVVXQ.pcm

SwiftExplicitDependencyGeneratePcm arm64 /var/folders/3w/91hphlzs0rv_1twbkfyhvn6m0000gn/T/condisco-preflight.ngRWOC/DerivedData/SDKExplicitPrecompiledModules/CoreAudioTypes-6AJEFBTPUSP2SW7Y9P2HXGUZW.pcm

SwiftExplicitDependencyGeneratePcm arm64 /var/folders/3w/91hphlzs0rv_1twbkfyhvn6m0000gn/T/condisco-preflight.ngRWOC/DerivedData/SDKExplicitPrecompiledModules/CoreGraphics-12VS3TANRHFGZLQC9GB3LBAJF.pcm

SwiftExplicitDependencyGeneratePcm arm64 /var/folders/3w/91hphlzs0rv_1twbkfyhvn6m0000gn/T/condisco-preflight.ngRWOC/DerivedData/SDKExplicitPrecompiledModules/CFNetwork-BTI5UVDO1CNB0HKMW0FCA0HIM.pcm

SwiftExplicitDependencyGeneratePcm arm64 /var/folders/3w/91hphlzs0rv_1twbkfyhvn6m0000gn/T/condisco-preflight.ngRWOC/DerivedData/SDKExplicitPrecompiledModules/CoreAudio-52RTTNQVRWGTSW8PIK9MY0KXG.pcm

SwiftExplicitDependencyGeneratePcm arm64 /var/folders/3w/91hphlzs0rv_1twbkfyhvn6m0000gn/T/condisco-preflight.ngRWOC/DerivedData/SDKExplicitPrecompiledModules/ImageIO-3RIPELRG07B7UIIXX8SVA6H3H.pcm

SwiftExplicitDependencyGeneratePcm arm64 /var/folders/3w/91hphlzs0rv_1twbkfyhvn6m0000gn/T/condisco-preflight.ngRWOC/DerivedData/SDKExplicitPrecompiledModules/CoreText-2G7YNRG44O44N3V976OB7FOPQ.pcm

SwiftExplicitDependencyGeneratePcm arm64 /var/folders/3w/91hphlzs0rv_1twbkfyhvn6m0000gn/T/condisco-preflight.ngRWOC/DerivedData/SDKExplicitPrecompiledModules/Foundation-3DYS2VPUZI0HO6SQ4VAJ8K7IN.pcm

SwiftExplicitDependencyGeneratePcm arm64 /var/folders/3w/91hphlzs0rv_1twbkfyhvn6m0000gn/T/condisco-preflight.ngRWOC/DerivedData/SDKExplicitPrecompiledModules/_LocationEssentials-AI5TMKJSFLW8EPCR3SCKHHDFC.pcm

SwiftExplicitDependencyGeneratePcm arm64 /var/folders/3w/91hphlzs0rv_1twbkfyhvn6m0000gn/T/condisco-preflight.ngRWOC/DerivedData/SDKExplicitPrecompiledModules/OpenGLES-1KOGX8PJCP0TXR9ZEYLTHU0E4.pcm

SwiftExplicitDependencyGeneratePcm arm64 /var/folders/3w/91hphlzs0rv_1twbkfyhvn6m0000gn/T/condisco-preflight.ngRWOC/DerivedData/SDKExplicitPrecompiledModules/RelevanceKit-1SNG1WYLU3OP603B9W42W5ID8.pcm

SwiftExplicitDependencyGeneratePcm arm64 /var/folders/3w/91hphlzs0rv_1twbkfyhvn6m0000gn/T/condisco-preflight.ngRWOC/DerivedData/SDKExplicitPrecompiledModules/WidgetKit-CEW3WEDVS6LHPRUIDJ3B2B58E.pcm

SwiftExplicitDependencyGeneratePcm arm64 /var/folders/3w/91hphlzs0rv_1twbkfyhvn6m0000gn/T/condisco-preflight.ngRWOC/DerivedData/SDKExplicitPrecompiledModules/CoreData-59RCPZG8KNE7SAIQQD0T1EN1C.pcm

SwiftExplicitDependencyGeneratePcm arm64 /var/folders/3w/91hphlzs0rv_1twbkfyhvn6m0000gn/T/condisco-preflight.ngRWOC/DerivedData/SDKExplicitPrecompiledModules/UniformTypeIdentifiers-5EKLTI5U0YIXCS58V41960KYM.pcm

SwiftExplicitDependencyGeneratePcm arm64 /var/folders/3w/91hphlzs0rv_1twbkfyhvn6m0000gn/T/condisco-preflight.ngRWOC/DerivedData/SDKExplicitPrecompiledModules/Accessibility-BF15NCR58VSVUJ3FBC9UGF43D.pcm

SwiftExplicitDependencyGeneratePcm arm64 /var/folders/3w/91hphlzs0rv_1twbkfyhvn6m0000gn/T/condisco-preflight.ngRWOC/DerivedData/SDKExplicitPrecompiledModules/UIUtilities-8NZZU9AH5DAY8FI8LKJKWTC4N.pcm

SwiftExplicitDependencyGeneratePcm arm64 /var/folders/3w/91hphlzs0rv_1twbkfyhvn6m0000gn/T/condisco-preflight.ngRWOC/DerivedData/SDKExplicitPrecompiledModules/DataDetection-AH3QU7HR29NULVFHRP8IUN0CJ.pcm

SwiftExplicitDependencyGeneratePcm arm64 /var/folders/3w/91hphlzs0rv_1twbkfyhvn6m0000gn/T/condisco-preflight.ngRWOC/DerivedData/SDKExplicitPrecompiledModules/CoreSpotlight-ATE0VXLACR9L02C91O6GHYOEU.pcm

SwiftExplicitDependencyGeneratePcm arm64 /var/folders/3w/91hphlzs0rv_1twbkfyhvn6m0000gn/T/condisco-preflight.ngRWOC/DerivedData/SDKExplicitPrecompiledModules/AppIntents-D6TX6X71PBMNPHGMMG3HYI9HD.pcm

SwiftExplicitDependencyGeneratePcm arm64 /var/folders/3w/91hphlzs0rv_1twbkfyhvn6m0000gn/T/condisco-preflight.ngRWOC/DerivedData/SDKExplicitPrecompiledModules/AppIntentsTypeSupport-4YDN9ZO9T2ELXXRYFYZH897H.pcm

SwiftExplicitDependencyGeneratePcm arm64 /var/folders/3w/91hphlzs0rv_1twbkfyhvn6m0000gn/T/condisco-preflight.ngRWOC/DerivedData/SDKExplicitPrecompiledModules/OSLog-44AS0A25O3UU0MZY5YA388ZT.pcm

SwiftExplicitDependencyGeneratePcm arm64 /var/folders/3w/91hphlzs0rv_1twbkfyhvn6m0000gn/T/condisco-preflight.ngRWOC/DerivedData/SDKExplicitPrecompiledModules/FileProvider-50V5YDB13M2MDKLPMO52G6FOK.pcm

SwiftExplicitDependencyGeneratePcm arm64 /var/folders/3w/91hphlzs0rv_1twbkfyhvn6m0000gn/T/condisco-preflight.ngRWOC/DerivedData/SDKExplicitPrecompiledModules/CoreTransferable-C9DQ7C24KO1YPB3KEIV2AOR16.pcm

SwiftExplicitDependencyGeneratePcm arm64 /var/folders/3w/91hphlzs0rv_1twbkfyhvn6m0000gn/T/condisco-preflight.ngRWOC/DerivedData/SDKExplicitPrecompiledModules/CoreLocation-8RB21ZK66TI5TUBP0BSS8CSKU.pcm

SwiftExplicitDependencyGeneratePcm arm64 /var/folders/3w/91hphlzs0rv_1twbkfyhvn6m0000gn/T/condisco-preflight.ngRWOC/DerivedData/SDKExplicitPrecompiledModules/Network-5KGRHM4AS89GBY4RIPD3FKW9H.pcm

SwiftExplicitDependencyGeneratePcm arm64 /var/folders/3w/91hphlzs0rv_1twbkfyhvn6m0000gn/T/condisco-preflight.ngRWOC/DerivedData/SDKExplicitPrecompiledModules/IOSurface-3664R3INTZVQGX7DGXCRAY9P8.pcm

SwiftExplicitDependencyGeneratePcm arm64 /var/folders/3w/91hphlzs0rv_1twbkfyhvn6m0000gn/T/condisco-preflight.ngRWOC/DerivedData/SDKExplicitPrecompiledModules/Symbols-8I1GELTW0ARIJYVRJ47FVS5BN.pcm

SwiftExplicitDependencyGeneratePcm arm64 /var/folders/3w/91hphlzs0rv_1twbkfyhvn6m0000gn/T/condisco-preflight.ngRWOC/DerivedData/SDKExplicitPrecompiledModules/UserNotifications-7WA10A24P9G8KRJXU3HIODJTJ.pcm

SwiftExplicitDependencyGeneratePcm arm64 /var/folders/3w/91hphlzs0rv_1twbkfyhvn6m0000gn/T/condisco-preflight.ngRWOC/DerivedData/SDKExplicitPrecompiledModules/CoreMotion-5YIVY9XXH49TLW85L89B2V3E4.pcm

SwiftExplicitDependencyGeneratePcm arm64 /var/folders/3w/91hphlzs0rv_1twbkfyhvn6m0000gn/T/condisco-preflight.ngRWOC/DerivedData/SDKExplicitPrecompiledModules/Metal-8GWZSV28674JRXFZOO8T108Z2.pcm

SwiftExplicitDependencyGeneratePcm arm64 /var/folders/3w/91hphlzs0rv_1twbkfyhvn6m0000gn/T/condisco-preflight.ngRWOC/DerivedData/SDKExplicitPrecompiledModules/Intents-E12JFOUIXUUSM65TOPTTBDYTE.pcm

SwiftExplicitDependencyGeneratePcm arm64 /var/folders/3w/91hphlzs0rv_1twbkfyhvn6m0000gn/T/condisco-preflight.ngRWOC/DerivedData/SDKExplicitPrecompiledModules/CoreVideo-7CCIY2PYKLKMAZZ4A4X4W649Z.pcm

SwiftExplicitDependencyGeneratePcm arm64 /var/folders/3w/91hphlzs0rv_1twbkfyhvn6m0000gn/T/condisco-preflight.ngRWOC/DerivedData/SDKExplicitPrecompiledModules/QuartzCore-5BQOVL9L9G8RLHX3X6RLY6LAH.pcm

SwiftExplicitDependencyGeneratePcm arm64 /var/folders/3w/91hphlzs0rv_1twbkfyhvn6m0000gn/T/condisco-preflight.ngRWOC/DerivedData/SDKExplicitPrecompiledModules/CoreMedia-8H473IW9YX3JHKEGK3PXDJL24.pcm

SwiftExplicitDependencyGeneratePcm arm64 /var/folders/3w/91hphlzs0rv_1twbkfyhvn6m0000gn/T/condisco-preflight.ngRWOC/DerivedData/SDKExplicitPrecompiledModules/CoreImage-CS3YVQX92VXH2QPLHQAFDZFER.pcm

SwiftExplicitDependencyGeneratePcm arm64 /var/folders/3w/91hphlzs0rv_1twbkfyhvn6m0000gn/T/condisco-preflight.ngRWOC/DerivedData/SDKExplicitPrecompiledModules/SwiftUICore-7EFI9OB8FVUHIEKJDT7EET67A.pcm

SwiftExplicitDependencyGeneratePcm arm64 /var/folders/3w/91hphlzs0rv_1twbkfyhvn6m0000gn/T/condisco-preflight.ngRWOC/DerivedData/SDKExplicitPrecompiledModules/UIKit-8M2WUA88MXB8M6WCG50YRV0Z1.pcm

SwiftExplicitDependencyGeneratePcm arm64 /var/folders/3w/91hphlzs0rv_1twbkfyhvn6m0000gn/T/condisco-preflight.ngRWOC/DerivedData/SDKExplicitPrecompiledModules/SwiftUI-37KBGEO5PY1GH7K37L8AHIYGS.pcm

SwiftEmitModule normal arm64 Emitting\ module\ for\ CondiscoWidget (in target 'CondiscoWidget' from project 'Condisco')

SwiftCompile normal arm64 (in target 'CondiscoWidget' from project 'Condisco')
    cd /Users/spkoehl/Projects/VerbaLibera
    

SwiftCompile normal arm64 Compiling\ CondiscoWidget.swift /Users/spkoehl/Projects/VerbaLibera/CondiscoWidget/CondiscoWidget.swift (in target 'CondiscoWidget' from project 'Condisco')

SwiftCompile normal arm64 /Users/spkoehl/Projects/VerbaLibera/CondiscoWidget/CondiscoWidget.swift (in target 'CondiscoWidget' from project 'Condisco')
    cd /Users/spkoehl/Projects/VerbaLibera
    builtin-SwiftPerFileCompile CondiscoWidget.swift

SwiftCompile normal arm64 Compiling\ WidgetSnapshot.swift /Users/spkoehl/Projects/VerbaLibera/Condisco/Store/WidgetSnapshot.swift (in target 'CondiscoWidget' from project 'Condisco')

SwiftCompile normal arm64 /Users/spkoehl/Projects/VerbaLibera/Condisco/Store/WidgetSnapshot.swift (in target 'CondiscoWidget' from project 'Condisco')
    cd /Users/spkoehl/Projects/VerbaLibera
    builtin-SwiftPerFileCompile WidgetSnapshot.swift

SwiftDriverJobDiscovery normal arm64 Emitting module for CondiscoWidget (in target 'CondiscoWidget' from project 'Condisco')

SwiftDriver\ Compilation\ Requirements CondiscoWidget normal arm64 com.apple.xcode.tools.swift.compiler (in target 'CondiscoWidget' from project 'Condisco')
    cd /Users/spkoehl/Projects/VerbaLibera
    builtin-Swift-Compilation-Requirements -- /Applications/Xcode.app/Contents/Developer/Toolchains/XcodeDefault.xctoolchain/usr/bin/swiftc -module-name CondiscoWidget -Onone @/var/folders/3w/91hphlzs0rv_1twbkfyhvn6m0000gn/T/condisco-preflight.ngRWOC/DerivedData/Build/Intermediates.noindex/Condisco.build/Debug-iphonesimulator/CondiscoWidget.build/Objects-normal/arm64/CondiscoWidget.SwiftFileList -DDEBUG -enable-bare-slash-regex -enable-experimental-feature DebugDescriptionMacro -sdk /Applications/Xcode.app/Contents/Developer/Platforms/iPhoneSimulator.platform/Developer/SDKs/iPhoneSimulator27.0.sdk -target arm64-apple-ios17.0-simulator -g -module-cache-path /var/folders/3w/91hphlzs0rv_1twbkfyhvn6m0000gn/T/condisco-preflight.ngRWOC/DerivedData/ModuleCache.noindex -Xfrontend -serialize-debugging-options -application-extension -enable-testing -index-store-path /var/folders/3w/91hphlzs0rv_1twbkfyhvn6m0000gn/T/condisco-preflight.ngRWOC/DerivedData/Index.noindex/DataStore -Xcc -D_LIBCPP_HARDENING_MODE\=_LIBCPP_HARDENING_MODE_DEBUG -swift-version 5 -I /var/folders/3w/91hphlzs0rv_1twbkfyhvn6m0000gn/T/condisco-preflight.ngRWOC/DerivedData/Build/Products/Debug-iphonesimulator -F /var/folders/3w/91hphlzs0rv_1twbkfyhvn6m0000gn/T/condisco-preflight.ngRWOC/DerivedData/Build/Products/Debug-iphonesimulator -emit-localized-strings -emit-localized-strings-path /var/folders/3w/91hphlzs0rv_1twbkfyhvn6m0000gn/T/condisco-preflight.ngRWOC/DerivedData/Build/Intermediates.noindex/Condisco.build/Debug-iphonesimulator/CondiscoWidget.build/Objects-normal/arm64 -c -j6 -enable-batch-mode -incremental -Xcc -ivfsstatcache -Xcc /var/folders/3w/91hphlzs0rv_1twbkfyhvn6m0000gn/T/condisco-preflight.ngRWOC/DerivedData/SDKStatCaches.noindex/iphonesimulator27.0-24A430-8dc58220667be655e1bcc261a7455254.sdkstatcache -output-file-map /var/folders/3w/91hphlzs0rv_1twbkfyhvn6m0000gn/T/condisco-preflight.ngRWOC/DerivedData/Build/Intermediates.noindex/Condisco.build/Debug-iphonesimulator/CondiscoWidget.build/Objects-normal/arm64/CondiscoWidget-OutputFileMap.json -save-temps -no-color-diagnostics -explicit-module-build -module-cache-path /var/folders/3w/91hphlzs0rv_1twbkfyhvn6m0000gn/T/condisco-preflight.ngRWOC/DerivedData/Build/Intermediates.noindex/SwiftExplicitPrecompiledModules -clang-scanner-module-cache-path /var/folders/3w/91hphlzs0rv_1twbkfyhvn6m0000gn/T/condisco-preflight.ngRWOC/DerivedData/ModuleCache.noindex -sdk-module-cache-path /var/folders/3w/91hphlzs0rv_1twbkfyhvn6m0000gn/T/condisco-preflight.ngRWOC/DerivedData/SDKExplicitPrecompiledModules -emit-dependencies -emit-module -emit-module-path /var/folders/3w/91hphlzs0rv_1twbkfyhvn6m0000gn/T/condisco-preflight.ngRWOC/DerivedData/Build/Intermediates.noindex/Condisco.build/Debug-iphonesimulator/CondiscoWidget.build/Objects-normal/arm64/CondiscoWidget.swiftmodule -serialize-diagnostics -dependency-scan-serialize-diagnostics-path /var/folders/3w/91hphlzs0rv_1twbkfyhvn6m0000gn/T/condisco-preflight.ngRWOC/DerivedData/Build/Intermediates.noindex/Condisco.build/Debug-iphonesimulator/CondiscoWidget.build/Objects-normal/arm64/CondiscoWidget-dependency-scan.dia -validate-clang-modules-once -clang-build-session-file /var/folders/3w/91hphlzs0rv_1twbkfyhvn6m0000gn/T/condisco-preflight.ngRWOC/DerivedData/ModuleCache.noindex/Session.modulevalidation -Xcc -fmodules-prune-interval\=86400 -Xcc -fmodules-prune-after\=345600 -emit-const-values -const-gather-protocols-list /var/folders/3w/91hphlzs0rv_1twbkfyhvn6m0000gn/T/condisco-preflight.ngRWOC/DerivedData/Build/Intermediates.noindex/Condisco.build/Debug-iphonesimulator/CondiscoWidget.build/Objects-normal/arm64/CondiscoWidget_const_extract_protocols.json -Xcc -iquote -Xcc /var/folders/3w/91hphlzs0rv_1twbkfyhvn6m0000gn/T/condisco-preflight.ngRWOC/DerivedData/Build/Intermediates.noindex/Condisco.build/Debug-iphonesimulator/CondiscoWidget.build/CondiscoWidget-generated-files.hmap -Xcc -I/var/folders/3w/91hphlzs0rv_1twbkfyhvn6m0000gn/T/condisco-preflight.ngRWOC/DerivedData/Build/Intermediates.noindex/Condisco.build/Debug-iphonesimulator/CondiscoWidget.build/CondiscoWidget-own-target-headers.hmap -Xcc -I/var/folders/3w/91hphlzs0rv_1twbkfyhvn6m0000gn/T/condisco-preflight.ngRWOC/DerivedData/Build/Intermediates.noindex/Condisco.build/Debug-iphonesimulator/CondiscoWidget.build/CondiscoWidget-all-target-headers.hmap -Xcc -iquote -Xcc /var/folders/3w/91hphlzs0rv_1twbkfyhvn6m0000gn/T/condisco-preflight.ngRWOC/DerivedData/Build/Intermediates.noindex/Condisco.build/Debug-iphonesimulator/CondiscoWidget.build/CondiscoWidget-project-headers.hmap -Xcc -I/var/folders/3w/91hphlzs0rv_1twbkfyhvn6m0000gn/T/condisco-preflight.ngRWOC/DerivedData/Build/Products/Debug-iphonesimulator/include -Xcc -I/var/folders/3w/91hphlzs0rv_1twbkfyhvn6m0000gn/T/condisco-preflight.ngRWOC/DerivedData/Build/Intermediates.noindex/Condisco.build/Debug-iphonesimulator/CondiscoWidget.build/DerivedSources-normal/arm64 -Xcc -I/var/folders/3w/91hphlzs0rv_1twbkfyhvn6m0000gn/T/condisco-preflight.ngRWOC/DerivedData/Build/Intermediates.noindex/Condisco.build/Debug-iphonesimulator/CondiscoWidget.build/DerivedSources/arm64 -Xcc -I/var/folders/3w/91hphlzs0rv_1twbkfyhvn6m0000gn/T/condisco-preflight.ngRWOC/DerivedData/Build/Intermediates.noindex/Condisco.build/Debug-iphonesimulator/CondiscoWidget.build/DerivedSources -Xcc -DDEBUG\=1 -Xcc -DDEBUG\=1 -emit-objc-header -emit-objc-header-path /var/folders/3w/91hphlzs0rv_1twbkfyhvn6m0000gn/T/condisco-preflight.ngRWOC/DerivedData/Build/Intermediates.noindex/Condisco.build/Debug-iphonesimulator/CondiscoWidget.build/Objects-normal/arm64/CondiscoWidget-Swift.h -working-directory /Users/spkoehl/Projects/VerbaLibera -experimental-emit-module-separately -disable-cmo

SwiftMergeGeneratedHeaders /var/folders/3w/91hphlzs0rv_1twbkfyhvn6m0000gn/T/condisco-preflight.ngRWOC/DerivedData/Build/Intermediates.noindex/Condisco.build/Debug-iphonesimulator/CondiscoWidget.build/DerivedSources/CondiscoWidget-Swift.h /var/folders/3w/91hphlzs0rv_1twbkfyhvn6m0000gn/T/condisco-preflight.ngRWOC/DerivedData/Build/Intermediates.noindex/Condisco.build/Debug-iphonesimulator/CondiscoWidget.build/Objects-normal/arm64/CondiscoWidget-Swift.h (in target 'CondiscoWidget' from project 'Condisco')
    cd /Users/spkoehl/Projects/VerbaLibera
    builtin-swiftHeaderTool -arch arm64 /var/folders/3w/91hphlzs0rv_1twbkfyhvn6m0000gn/T/condisco-preflight.ngRWOC/DerivedData/Build/Intermediates.noindex/Condisco.build/Debug-iphonesimulator/CondiscoWidget.build/Objects-normal/arm64/CondiscoWidget-Swift.h -o /var/folders/3w/91hphlzs0rv_1twbkfyhvn6m0000gn/T/condisco-preflight.ngRWOC/DerivedData/Build/Intermediates.noindex/Condisco.build/Debug-iphonesimulator/CondiscoWidget.build/DerivedSources/CondiscoWidget-Swift.h

Copy /var/folders/3w/91hphlzs0rv_1twbkfyhvn6m0000gn/T/condisco-preflight.ngRWOC/DerivedData/Build/Products/Debug-iphonesimulator/CondiscoWidget.swiftmodule/arm64-apple-ios-simulator.abi.json /var/folders/3w/91hphlzs0rv_1twbkfyhvn6m0000gn/T/condisco-preflight.ngRWOC/DerivedData/Build/Intermediates.noindex/Condisco.build/Debug-iphonesimulator/CondiscoWidget.build/Objects-normal/arm64/CondiscoWidget.abi.json (in target 'CondiscoWidget' from project 'Condisco')
    cd /Users/spkoehl/Projects/VerbaLibera
    builtin-copy -exclude .DS_Store -exclude CVS -exclude .svn -exclude .git -exclude .hg -resolve-src-symlinks -rename /var/folders/3w/91hphlzs0rv_1twbkfyhvn6m0000gn/T/condisco-preflight.ngRWOC/DerivedData/Build/Intermediates.noindex/Condisco.build/Debug-iphonesimulator/CondiscoWidget.build/Objects-normal/arm64/CondiscoWidget.abi.json /var/folders/3w/91hphlzs0rv_1twbkfyhvn6m0000gn/T/condisco-preflight.ngRWOC/DerivedData/Build/Products/Debug-iphonesimulator/CondiscoWidget.swiftmodule/arm64-apple-ios-simulator.abi.json

Copy /var/folders/3w/91hphlzs0rv_1twbkfyhvn6m0000gn/T/condisco-preflight.ngRWOC/DerivedData/Build/Products/Debug-iphonesimulator/CondiscoWidget.swiftmodule/arm64-apple-ios-simulator.swiftmodule /var/folders/3w/91hphlzs0rv_1twbkfyhvn6m0000gn/T/condisco-preflight.ngRWOC/DerivedData/Build/Intermediates.noindex/Condisco.build/Debug-iphonesimulator/CondiscoWidget.build/Objects-normal/arm64/CondiscoWidget.swiftmodule (in target 'CondiscoWidget' from project 'Condisco')
    cd /Users/spkoehl/Projects/VerbaLibera
    builtin-copy -exclude .DS_Store -exclude CVS -exclude .svn -exclude .git -exclude .hg -resolve-src-symlinks -rename /var/folders/3w/91hphlzs0rv_1twbkfyhvn6m0000gn/T/condisco-preflight.ngRWOC/DerivedData/Build/Intermediates.noindex/Condisco.build/Debug-iphonesimulator/CondiscoWidget.build/Objects-normal/arm64/CondiscoWidget.swiftmodule /var/folders/3w/91hphlzs0rv_1twbkfyhvn6m0000gn/T/condisco-preflight.ngRWOC/DerivedData/Build/Products/Debug-iphonesimulator/CondiscoWidget.swiftmodule/arm64-apple-ios-simulator.swiftmodule

Copy /var/folders/3w/91hphlzs0rv_1twbkfyhvn6m0000gn/T/condisco-preflight.ngRWOC/DerivedData/Build/Products/Debug-iphonesimulator/CondiscoWidget.swiftmodule/arm64-apple-ios-simulator.swiftdoc /var/folders/3w/91hphlzs0rv_1twbkfyhvn6m0000gn/T/condisco-preflight.ngRWOC/DerivedData/Build/Intermediates.noindex/Condisco.build/Debug-iphonesimulator/CondiscoWidget.build/Objects-normal/arm64/CondiscoWidget.swiftdoc (in target 'CondiscoWidget' from project 'Condisco')
    cd /Users/spkoehl/Projects/VerbaLibera
    builtin-copy -exclude .DS_Store -exclude CVS -exclude .svn -exclude .git -exclude .hg -resolve-src-symlinks -rename /var/folders/3w/91hphlzs0rv_1twbkfyhvn6m0000gn/T/condisco-preflight.ngRWOC/DerivedData/Build/Intermediates.noindex/Condisco.build/Debug-iphonesimulator/CondiscoWidget.build/Objects-normal/arm64/CondiscoWidget.swiftdoc /var/folders/3w/91hphlzs0rv_1twbkfyhvn6m0000gn/T/condisco-preflight.ngRWOC/DerivedData/Build/Products/Debug-iphonesimulator/CondiscoWidget.swiftmodule/arm64-apple-ios-simulator.swiftdoc

Copy /var/folders/3w/91hphlzs0rv_1twbkfyhvn6m0000gn/T/condisco-preflight.ngRWOC/DerivedData/Build/Products/Debug-iphonesimulator/CondiscoWidget.swiftmodule/Project/arm64-apple-ios-simulator.swiftsourceinfo /var/folders/3w/91hphlzs0rv_1twbkfyhvn6m0000gn/T/condisco-preflight.ngRWOC/DerivedData/Build/Intermediates.noindex/Condisco.build/Debug-iphonesimulator/CondiscoWidget.build/Objects-normal/arm64/CondiscoWidget.swiftsourceinfo (in target 'CondiscoWidget' from project 'Condisco')
    cd /Users/spkoehl/Projects/VerbaLibera
    builtin-copy -exclude .DS_Store -exclude CVS -exclude .svn -exclude .git -exclude .hg -resolve-src-symlinks -rename /var/folders/3w/91hphlzs0rv_1twbkfyhvn6m0000gn/T/condisco-preflight.ngRWOC/DerivedData/Build/Intermediates.noindex/Condisco.build/Debug-iphonesimulator/CondiscoWidget.build/Objects-normal/arm64/CondiscoWidget.swiftsourceinfo /var/folders/3w/91hphlzs0rv_1twbkfyhvn6m0000gn/T/condisco-preflight.ngRWOC/DerivedData/Build/Products/Debug-iphonesimulator/CondiscoWidget.swiftmodule/Project/arm64-apple-ios-simulator.swiftsourceinfo

ProcessProductPackaging /Users/spkoehl/Projects/VerbaLibera/Condisco/Condisco.entitlements /var/folders/3w/91hphlzs0rv_1twbkfyhvn6m0000gn/T/condisco-preflight.ngRWOC/DerivedData/Build/Intermediates.noindex/Condisco.build/Debug-iphonesimulator/Condisco.build/Condisco.app-Simulated.xcent (in target 'Condisco' from project 'Condisco')
    cd /Users/spkoehl/Projects/VerbaLibera
    
    Entitlements:
    
    {
    "application-identifier" = "PN9T9MT37J.com.sleuthysloth.condisco";
    "com.apple.security.application-groups" =     (
        "group.com.sleuthysloth.condisco"
    );
}
    
    builtin-productPackagingUtility /Users/spkoehl/Projects/VerbaLibera/Condisco/Condisco.entitlements -entitlements -format xml -o /var/folders/3w/91hphlzs0rv_1twbkfyhvn6m0000gn/T/condisco-preflight.ngRWOC/DerivedData/Build/Intermediates.noindex/Condisco.build/Debug-iphonesimulator/Condisco.build/Condisco.app-Simulated.xcent

ProcessProductPackaging /Users/spkoehl/Projects/VerbaLibera/Condisco/Condisco.entitlements /var/folders/3w/91hphlzs0rv_1twbkfyhvn6m0000gn/T/condisco-preflight.ngRWOC/DerivedData/Build/Intermediates.noindex/Condisco.build/Debug-iphonesimulator/Condisco.build/Condisco.app.xcent (in target 'Condisco' from project 'Condisco')
    cd /Users/spkoehl/Projects/VerbaLibera
    
    Entitlements:
    
    {
}
    
    builtin-productPackagingUtility /Users/spkoehl/Projects/VerbaLibera/Condisco/Condisco.entitlements -entitlements -format xml -o /var/folders/3w/91hphlzs0rv_1twbkfyhvn6m0000gn/T/condisco-preflight.ngRWOC/DerivedData/Build/Intermediates.noindex/Condisco.build/Debug-iphonesimulator/Condisco.build/Condisco.app.xcent

ProcessProductPackagingDER /var/folders/3w/91hphlzs0rv_1twbkfyhvn6m0000gn/T/condisco-preflight.ngRWOC/DerivedData/Build/Intermediates.noindex/Condisco.build/Debug-iphonesimulator/Condisco.build/Condisco.app.xcent /var/folders/3w/91hphlzs0rv_1twbkfyhvn6m0000gn/T/condisco-preflight.ngRWOC/DerivedData/Build/Intermediates.noindex/Condisco.build/Debug-iphonesimulator/Condisco.build/Condisco.app.xcent.der (in target 'Condisco' from project 'Condisco')
    cd /Users/spkoehl/Projects/VerbaLibera
    /usr/bin/derq query -f xml -i /var/folders/3w/91hphlzs0rv_1twbkfyhvn6m0000gn/T/condisco-preflight.ngRWOC/DerivedData/Build/Intermediates.noindex/Condisco.build/Debug-iphonesimulator/Condisco.build/Condisco.app.xcent -o /var/folders/3w/91hphlzs0rv_1twbkfyhvn6m0000gn/T/condisco-preflight.ngRWOC/DerivedData/Build/Intermediates.noindex/Condisco.build/Debug-iphonesimulator/Condisco.build/Condisco.app.xcent.der --raw

ProcessProductPackagingDER /var/folders/3w/91hphlzs0rv_1twbkfyhvn6m0000gn/T/condisco-preflight.ngRWOC/DerivedData/Build/Intermediates.noindex/Condisco.build/Debug-iphonesimulator/Condisco.build/Condisco.app-Simulated.xcent /var/folders/3w/91hphlzs0rv_1twbkfyhvn6m0000gn/T/condisco-preflight.ngRWOC/DerivedData/Build/Intermediates.noindex/Condisco.build/Debug-iphonesimulator/Condisco.build/Condisco.app-Simulated.xcent.der (in target 'Condisco' from project 'Condisco')
    cd /Users/spkoehl/Projects/VerbaLibera
    /usr/bin/derq query -f xml -i /var/folders/3w/91hphlzs0rv_1twbkfyhvn6m0000gn/T/condisco-preflight.ngRWOC/DerivedData/Build/Intermediates.noindex/Condisco.build/Debug-iphonesimulator/Condisco.build/Condisco.app-Simulated.xcent -o /var/folders/3w/91hphlzs0rv_1twbkfyhvn6m0000gn/T/condisco-preflight.ngRWOC/DerivedData/Build/Intermediates.noindex/Condisco.build/Debug-iphonesimulator/Condisco.build/Condisco.app-Simulated.xcent.der --raw

GenerateAssetSymbols /Users/spkoehl/Projects/VerbaLibera/Condisco/Assets.xcassets (in target 'Condisco' from project 'Condisco')
    cd /Users/spkoehl/Projects/VerbaLibera
    /Applications/Xcode.app/Contents/Developer/usr/bin/actool /Users/spkoehl/Projects/VerbaLibera/Condisco/Assets.xcassets --compile /var/folders/3w/91hphlzs0rv_1twbkfyhvn6m0000gn/T/condisco-preflight.ngRWOC/DerivedData/Build/Products/Debug-iphonesimulator/Condisco.app --output-format human-readable-text --notices --warnings --export-dependency-info /var/folders/3w/91hphlzs0rv_1twbkfyhvn6m0000gn/T/condisco-preflight.ngRWOC/DerivedData/Build/Intermediates.noindex/Condisco.build/Debug-iphonesimulator/Condisco.build/assetcatalog_dependencies --output-partial-info-plist /var/folders/3w/91hphlzs0rv_1twbkfyhvn6m0000gn/T/condisco-preflight.ngRWOC/DerivedData/Build/Intermediates.noindex/Condisco.build/Debug-iphonesimulator/Condisco.build/assetcatalog_generated_info.plist --app-icon AppIcon --accent-color AccentColor --compress-pngs --enable-on-demand-resources YES --development-region en --target-device iphone --target-device ipad --minimum-deployment-target 17.0 --platform iphonesimulator --bundle-identifier com.sleuthysloth.condisco --generate-swift-asset-symbol-extensions NO --generate-swift-asset-symbols /var/folders/3w/91hphlzs0rv_1twbkfyhvn6m0000gn/T/condisco-preflight.ngRWOC/DerivedData/Build/Intermediates.noindex/Condisco.build/Debug-iphonesimulator/Condisco.build/DerivedSources/GeneratedAssetSymbols.swift --generate-objc-asset-symbols /var/folders/3w/91hphlzs0rv_1twbkfyhvn6m0000gn/T/condisco-preflight.ngRWOC/DerivedData/Build/Intermediates.noindex/Condisco.build/Debug-iphonesimulator/Condisco.build/DerivedSources/GeneratedAssetSymbols.h --generate-asset-symbol-index /var/folders/3w/91hphlzs0rv_1twbkfyhvn6m0000gn/T/condisco-preflight.ngRWOC/DerivedData/Build/Intermediates.noindex/Condisco.build/Debug-iphonesimulator/Condisco.build/DerivedSources/GeneratedAssetSymbols-Index.plist
/* com.apple.actool.compilation-results */
/var/folders/3w/91hphlzs0rv_1twbkfyhvn6m0000gn/T/condisco-preflight.ngRWOC/DerivedData/Build/Intermediates.noindex/Condisco.build/Debug-iphonesimulator/Condisco.build/DerivedSources/GeneratedAssetSymbols-Index.plist
/var/folders/3w/91hphlzs0rv_1twbkfyhvn6m0000gn/T/condisco-preflight.ngRWOC/DerivedData/Build/Intermediates.noindex/Condisco.build/Debug-iphonesimulator/Condisco.build/DerivedSources/GeneratedAssetSymbols.h
/var/folders/3w/91hphlzs0rv_1twbkfyhvn6m0000gn/T/condisco-preflight.ngRWOC/DerivedData/Build/Intermediates.noindex/Condisco.build/Debug-iphonesimulator/Condisco.build/DerivedSources/GeneratedAssetSymbols.swift


MkDir /var/folders/3w/91hphlzs0rv_1twbkfyhvn6m0000gn/T/condisco-preflight.ngRWOC/DerivedData/Build/Intermediates.noindex/Condisco.build/Debug-iphonesimulator/Condisco.build/assetcatalog_output/unthinned (in target 'Condisco' from project 'Condisco')
    cd /Users/spkoehl/Projects/VerbaLibera
    /bin/mkdir -p /var/folders/3w/91hphlzs0rv_1twbkfyhvn6m0000gn/T/condisco-preflight.ngRWOC/DerivedData/Build/Intermediates.noindex/Condisco.build/Debug-iphonesimulator/Condisco.build/assetcatalog_output/unthinned

MkDir /var/folders/3w/91hphlzs0rv_1twbkfyhvn6m0000gn/T/condisco-preflight.ngRWOC/DerivedData/Build/Intermediates.noindex/Condisco.build/Debug-iphonesimulator/Condisco.build/assetcatalog_output/thinned (in target 'Condisco' from project 'Condisco')
    cd /Users/spkoehl/Projects/VerbaLibera
    /bin/mkdir -p /var/folders/3w/91hphlzs0rv_1twbkfyhvn6m0000gn/T/condisco-preflight.ngRWOC/DerivedData/Build/Intermediates.noindex/Condisco.build/Debug-iphonesimulator/Condisco.build/assetcatalog_output/thinned

CompileAssetCatalogVariant thinned /var/folders/3w/91hphlzs0rv_1twbkfyhvn6m0000gn/T/condisco-preflight.ngRWOC/DerivedData/Build/Products/Debug-iphonesimulator/Condisco.app /Users/spkoehl/Projects/VerbaLibera/Condisco/Assets.xcassets (in target 'Condisco' from project 'Condisco')
    cd /Users/spkoehl/Projects/VerbaLibera
    /Applications/Xcode.app/Contents/Developer/usr/bin/actool /Users/spkoehl/Projects/VerbaLibera/Condisco/Assets.xcassets --compile /var/folders/3w/91hphlzs0rv_1twbkfyhvn6m0000gn/T/condisco-preflight.ngRWOC/DerivedData/Build/Intermediates.noindex/Condisco.build/Debug-iphonesimulator/Condisco.build/assetcatalog_output/thinned --output-format human-readable-text --notices --warnings --export-dependency-info /var/folders/3w/91hphlzs0rv_1twbkfyhvn6m0000gn/T/condisco-preflight.ngRWOC/DerivedData/Build/Intermediates.noindex/Condisco.build/Debug-iphonesimulator/Condisco.build/assetcatalog_dependencies_thinned --output-partial-info-plist /var/folders/3w/91hphlzs0rv_1twbkfyhvn6m0000gn/T/condisco-preflight.ngRWOC/DerivedData/Build/Intermediates.noindex/Condisco.build/Debug-iphonesimulator/Condisco.build/assetcatalog_generated_info.plist_thinned --app-icon AppIcon --accent-color AccentColor --compress-pngs --enable-on-demand-resources YES --filter-for-thinning-device-configuration iPhone19,2 --filter-for-device-os-version 27.0 --development-region en --target-device iphone --target-device ipad --minimum-deployment-target 17.0 --platform iphonesimulator
/* com.apple.actool.compilation-results */
/var/folders/3w/91hphlzs0rv_1twbkfyhvn6m0000gn/T/condisco-preflight.ngRWOC/DerivedData/Build/Intermediates.noindex/Condisco.build/Debug-iphonesimulator/Condisco.build/assetcatalog_generated_info.plist_thinned
/var/folders/3w/91hphlzs0rv_1twbkfyhvn6m0000gn/T/condisco-preflight.ngRWOC/DerivedData/Build/Intermediates.noindex/Condisco.build/Debug-iphonesimulator/Condisco.build/assetcatalog_output/thinned/AppIcon60x60@2x.png
/var/folders/3w/91hphlzs0rv_1twbkfyhvn6m0000gn/T/condisco-preflight.ngRWOC/DerivedData/Build/Intermediates.noindex/Condisco.build/Debug-iphonesimulator/Condisco.build/assetcatalog_output/thinned/AppIcon76x76@2x~ipad.png
/var/folders/3w/91hphlzs0rv_1twbkfyhvn6m0000gn/T/condisco-preflight.ngRWOC/DerivedData/Build/Intermediates.noindex/Condisco.build/Debug-iphonesimulator/Condisco.build/assetcatalog_output/thinned/Assets.car


SwiftDriver Condisco normal arm64 com.apple.xcode.tools.swift.compiler (in target 'Condisco' from project 'Condisco')
    cd /Users/spkoehl/Projects/VerbaLibera
    builtin-SwiftDriver -- /Applications/Xcode.app/Contents/Developer/Toolchains/XcodeDefault.xctoolchain/usr/bin/swiftc -module-name Condisco -Onone @/var/folders/3w/91hphlzs0rv_1twbkfyhvn6m0000gn/T/condisco-preflight.ngRWOC/DerivedData/Build/Intermediates.noindex/Condisco.build/Debug-iphonesimulator/Condisco.build/Objects-normal/arm64/Condisco.SwiftFileList -DDEBUG -enable-bare-slash-regex -enable-experimental-feature DebugDescriptionMacro -sdk /Applications/Xcode.app/Contents/Developer/Platforms/iPhoneSimulator.platform/Developer/SDKs/iPhoneSimulator27.0.sdk -target arm64-apple-ios17.0-simulator -g -module-cache-path /var/folders/3w/91hphlzs0rv_1twbkfyhvn6m0000gn/T/condisco-preflight.ngRWOC/DerivedData/ModuleCache.noindex -Xfrontend -serialize-debugging-options -enable-testing -index-store-path /var/folders/3w/91hphlzs0rv_1twbkfyhvn6m0000gn/T/condisco-preflight.ngRWOC/DerivedData/Index.noindex/DataStore -Xcc -D_LIBCPP_HARDENING_MODE\=_LIBCPP_HARDENING_MODE_DEBUG -swift-version 5 -I /var/folders/3w/91hphlzs0rv_1twbkfyhvn6m0000gn/T/condisco-preflight.ngRWOC/DerivedData/Build/Products/Debug-iphonesimulator -F /var/folders/3w/91hphlzs0rv_1twbkfyhvn6m0000gn/T/condisco-preflight.ngRWOC/DerivedData/Build/Products/Debug-iphonesimulator -emit-localized-strings -emit-localized-strings-path /var/folders/3w/91hphlzs0rv_1twbkfyhvn6m0000gn/T/condisco-preflight.ngRWOC/DerivedData/Build/Intermediates.noindex/Condisco.build/Debug-iphonesimulator/Condisco.build/Objects-normal/arm64 -c -j6 -enable-batch-mode -incremental -Xcc -ivfsstatcache -Xcc /var/folders/3w/91hphlzs0rv_1twbkfyhvn6m0000gn/T/condisco-preflight.ngRWOC/DerivedData/SDKStatCaches.noindex/iphonesimulator27.0-24A430-8dc58220667be655e1bcc261a7455254.sdkstatcache -output-file-map /var/folders/3w/91hphlzs0rv_1twbkfyhvn6m0000gn/T/condisco-preflight.ngRWOC/DerivedData/Build/Intermediates.noindex/Condisco.build/Debug-iphonesimulator/Condisco.build/Objects-normal/arm64/Condisco-OutputFileMap.json -save-temps -no-color-diagnostics -explicit-module-build -module-cache-path /var/folders/3w/91hphlzs0rv_1twbkfyhvn6m0000gn/T/condisco-preflight.ngRWOC/DerivedData/Build/Intermediates.noindex/SwiftExplicitPrecompiledModules -clang-scanner-module-cache-path /var/folders/3w/91hphlzs0rv_1twbkfyhvn6m0000gn/T/condisco-preflight.ngRWOC/DerivedData/ModuleCache.noindex -sdk-module-cache-path /var/folders/3w/91hphlzs0rv_1twbkfyhvn6m0000gn/T/condisco-preflight.ngRWOC/DerivedData/SDKExplicitPrecompiledModules -emit-dependencies -emit-module -emit-module-path /var/folders/3w/91hphlzs0rv_1twbkfyhvn6m0000gn/T/condisco-preflight.ngRWOC/DerivedData/Build/Intermediates.noindex/Condisco.build/Debug-iphonesimulator/Condisco.build/Objects-normal/arm64/Condisco.swiftmodule -serialize-diagnostics -dependency-scan-serialize-diagnostics-path /var/folders/3w/91hphlzs0rv_1twbkfyhvn6m0000gn/T/condisco-preflight.ngRWOC/DerivedData/Build/Intermediates.noindex/Condisco.build/Debug-iphonesimulator/Condisco.build/Objects-normal/arm64/Condisco-dependency-scan.dia -validate-clang-modules-once -clang-build-session-file /var/folders/3w/91hphlzs0rv_1twbkfyhvn6m0000gn/T/condisco-preflight.ngRWOC/DerivedData/ModuleCache.noindex/Session.modulevalidation -Xcc -fmodules-prune-interval\=86400 -Xcc -fmodules-prune-after\=345600 -emit-const-values -const-gather-protocols-list /var/folders/3w/91hphlzs0rv_1twbkfyhvn6m0000gn/T/condisco-preflight.ngRWOC/DerivedData/Build/Intermediates.noindex/Condisco.build/Debug-iphonesimulator/Condisco.build/Objects-normal/arm64/Condisco_const_extract_protocols.json -Xcc -iquote -Xcc /var/folders/3w/91hphlzs0rv_1twbkfyhvn6m0000gn/T/condisco-preflight.ngRWOC/DerivedData/Build/Intermediates.noindex/Condisco.build/Debug-iphonesimulator/Condisco.build/Condisco-generated-files.hmap -Xcc -I/var/folders/3w/91hphlzs0rv_1twbkfyhvn6m0000gn/T/condisco-preflight.ngRWOC/DerivedData/Build/Intermediates.noindex/Condisco.build/Debug-iphonesimulator/Condisco.build/Condisco-own-target-headers.hmap -Xcc -I/var/folders/3w/91hphlzs0rv_1twbkfyhvn6m0000gn/T/condisco-preflight.ngRWOC/DerivedData/Build/Intermediates.noindex/Condisco.build/Debug-iphonesimulator/Condisco.build/Condisco-all-target-headers.hmap -Xcc -iquote -Xcc /var/folders/3w/91hphlzs0rv_1twbkfyhvn6m0000gn/T/condisco-preflight.ngRWOC/DerivedData/Build/Intermediates.noindex/Condisco.build/Debug-iphonesimulator/Condisco.build/Condisco-project-headers.hmap -Xcc -I/var/folders/3w/91hphlzs0rv_1twbkfyhvn6m0000gn/T/condisco-preflight.ngRWOC/DerivedData/Build/Products/Debug-iphonesimulator/include -Xcc -I/var/folders/3w/91hphlzs0rv_1twbkfyhvn6m0000gn/T/condisco-preflight.ngRWOC/DerivedData/Build/Intermediates.noindex/Condisco.build/Debug-iphonesimulator/Condisco.build/DerivedSources-normal/arm64 -Xcc -I/var/folders/3w/91hphlzs0rv_1twbkfyhvn6m0000gn/T/condisco-preflight.ngRWOC/DerivedData/Build/Intermediates.noindex/Condisco.build/Debug-iphonesimulator/Condisco.build/DerivedSources/arm64 -Xcc -I/var/folders/3w/91hphlzs0rv_1twbkfyhvn6m0000gn/T/condisco-preflight.ngRWOC/DerivedData/Build/Intermediates.noindex/Condisco.build/Debug-iphonesimulator/Condisco.build/DerivedSources -Xcc -DDEBUG\=1 -Xcc -DDEBUG\=1 -emit-objc-header -emit-objc-header-path /var/folders/3w/91hphlzs0rv_1twbkfyhvn6m0000gn/T/condisco-preflight.ngRWOC/DerivedData/Build/Intermediates.noindex/Condisco.build/Debug-iphonesimulator/Condisco.build/Objects-normal/arm64/Condisco-Swift.h -working-directory /Users/spkoehl/Projects/VerbaLibera -experimental-emit-module-separately -disable-cmo

SwiftExplicitDependencyGeneratePcm arm64 /var/folders/3w/91hphlzs0rv_1twbkfyhvn6m0000gn/T/condisco-preflight.ngRWOC/DerivedData/SDKExplicitPrecompiledModules/_AvailabilityInternal-98CP21DXQ07JLOW4MPZ1Z4KFK.pcm

SwiftExplicitDependencyGeneratePcm arm64 /var/folders/3w/91hphlzs0rv_1twbkfyhvn6m0000gn/T/condisco-preflight.ngRWOC/DerivedData/SDKExplicitPrecompiledModules/_SwiftConcurrencyShims-D8TANI2B245B6IAAJPS7ALEDY.pcm

SwiftExplicitDependencyGeneratePcm arm64 /var/folders/3w/91hphlzs0rv_1twbkfyhvn6m0000gn/T/condisco-preflight.ngRWOC/DerivedData/SDKExplicitPrecompiledModules/SwiftShims-BHQGE032PE6RB3UGMWV3Z0BXS.pcm

SwiftExplicitDependencyGeneratePcm arm64 /var/folders/3w/91hphlzs0rv_1twbkfyhvn6m0000gn/T/condisco-preflight.ngRWOC/DerivedData/SDKExplicitPrecompiledModules/_StoreKit_SwiftUI-CRVIP9U3IZ27BQHYMAIESYGLC.pcm

SwiftExplicitDependencyGeneratePcm arm64 /var/folders/3w/91hphlzs0rv_1twbkfyhvn6m0000gn/T/condisco-preflight.ngRWOC/DerivedData/SDKExplicitPrecompiledModules/_Builtin_stdbool-EFMOH67QUPHC7FTZLE2HV32PP.pcm

SwiftExplicitDependencyGeneratePcm arm64 /var/folders/3w/91hphlzs0rv_1twbkfyhvn6m0000gn/T/condisco-preflight.ngRWOC/DerivedData/SDKExplicitPrecompiledModules/_Builtin_float-8U5UIQ5U0NCG5HM3ZXJUHJTO4.pcm

SwiftExplicitDependencyGeneratePcm arm64 /var/folders/3w/91hphlzs0rv_1twbkfyhvn6m0000gn/T/condisco-preflight.ngRWOC/DerivedData/SDKExplicitPrecompiledModules/ptrcheck-BK02ZYS8QPCBDJP5CL5NGNJ1Q.pcm

SwiftExplicitDependencyGeneratePcm arm64 /var/folders/3w/91hphlzs0rv_1twbkfyhvn6m0000gn/T/condisco-preflight.ngRWOC/DerivedData/SDKExplicitPrecompiledModules/_Builtin_stdarg-70VFW3HCVRE1B2RV4PZ849V5I.pcm

SwiftExplicitDependencyGeneratePcm arm64 /var/folders/3w/91hphlzs0rv_1twbkfyhvn6m0000gn/T/condisco-preflight.ngRWOC/DerivedData/SDKExplicitPrecompiledModules/ActivityKit-D6LPV7Y78PPE1DVRAAEHSRF9F.pcm

SwiftExplicitDependencyGeneratePcm arm64 /var/folders/3w/91hphlzs0rv_1twbkfyhvn6m0000gn/T/condisco-preflight.ngRWOC/DerivedData/SDKExplicitPrecompiledModules/DeveloperToolsSupport-APZH3LECZQYDECIUMFL9DP08D.pcm

SwiftExplicitDependencyGeneratePcm arm64 /var/folders/3w/91hphlzs0rv_1twbkfyhvn6m0000gn/T/condisco-preflight.ngRWOC/DerivedData/SDKExplicitPrecompiledModules/_DarwinFoundation1-7A4K7FMBGCGF04W4JLAR55EEQ.pcm

SwiftExplicitDependencyGeneratePcm arm64 /var/folders/3w/91hphlzs0rv_1twbkfyhvn6m0000gn/T/condisco-preflight.ngRWOC/DerivedData/SDKExplicitPrecompiledModules/ptrauth-3LVABA3NZPK28J09IA0SB966I.pcm

SwiftExplicitDependencyGeneratePcm arm64 /var/folders/3w/91hphlzs0rv_1twbkfyhvn6m0000gn/T/condisco-preflight.ngRWOC/DerivedData/SDKExplicitPrecompiledModules/_Builtin_stddef-3XDHHXW9SB9S58FDJERRKTMO9.pcm

SwiftExplicitDependencyGeneratePcm arm64 /var/folders/3w/91hphlzs0rv_1twbkfyhvn6m0000gn/T/condisco-preflight.ngRWOC/DerivedData/SDKExplicitPrecompiledModules/_Builtin_limits-A52YQKA5NZSIAN9PNP6BIRKT3.pcm

SwiftExplicitDependencyGeneratePcm arm64 /var/folders/3w/91hphlzs0rv_1twbkfyhvn6m0000gn/T/condisco-preflight.ngRWOC/DerivedData/SDKExplicitPrecompiledModules/SQLite3-1I9TV48NYZ8F7NZUZZL3Z4XO.pcm

SwiftExplicitDependencyGeneratePcm arm64 /var/folders/3w/91hphlzs0rv_1twbkfyhvn6m0000gn/T/condisco-preflight.ngRWOC/DerivedData/SDKExplicitPrecompiledModules/ExtensionFoundation-BY6N7R55TR6YMZBRS9GVM802Y.pcm

SwiftExplicitDependencyGeneratePcm arm64 /var/folders/3w/91hphlzs0rv_1twbkfyhvn6m0000gn/T/condisco-preflight.ngRWOC/DerivedData/SDKExplicitPrecompiledModules/_DarwinFoundation2-1XXPD7DUZ2C6QGQWXFXSO71BV.pcm

SwiftExplicitDependencyGeneratePcm arm64 /var/folders/3w/91hphlzs0rv_1twbkfyhvn6m0000gn/T/condisco-preflight.ngRWOC/DerivedData/SDKExplicitPrecompiledModules/sys_types-2TBBUAK2ZMXD7IT2RVV8WV0PM.pcm

SwiftExplicitDependencyGeneratePcm arm64 /var/folders/3w/91hphlzs0rv_1twbkfyhvn6m0000gn/T/condisco-preflight.ngRWOC/DerivedData/SDKExplicitPrecompiledModules/_Builtin_tgmath-3HMCBBIGXM6K12JKOUZGTN3S0.pcm

SwiftExplicitDependencyGeneratePcm arm64 /var/folders/3w/91hphlzs0rv_1twbkfyhvn6m0000gn/T/condisco-preflight.ngRWOC/DerivedData/SDKExplicitPrecompiledModules/string_h-B5SHF3A4LIYN6NLUAJVKX0VYZ.pcm

SwiftExplicitDependencyGeneratePcm arm64 /var/folders/3w/91hphlzs0rv_1twbkfyhvn6m0000gn/T/condisco-preflight.ngRWOC/DerivedData/SDKExplicitPrecompiledModules/_Builtin_stdint-AHYI1LZ9FQFTC17CV58HPNRT0.pcm

SwiftExplicitDependencyGeneratePcm arm64 /var/folders/3w/91hphlzs0rv_1twbkfyhvn6m0000gn/T/condisco-preflight.ngRWOC/DerivedData/SDKExplicitPrecompiledModules/_Builtin_stdatomic-39AU94VUUFSN5X90F7E3AO485.pcm

SwiftExplicitDependencyGeneratePcm arm64 /var/folders/3w/91hphlzs0rv_1twbkfyhvn6m0000gn/T/condisco-preflight.ngRWOC/DerivedData/SDKExplicitPrecompiledModules/_Builtin_intrinsics-8FUD2NE3PRECS3JPNTRJHPCD1.pcm

SwiftExplicitDependencyGeneratePcm arm64 /var/folders/3w/91hphlzs0rv_1twbkfyhvn6m0000gn/T/condisco-preflight.ngRWOC/DerivedData/SDKExplicitPrecompiledModules/_DarwinFoundation3-CBBAJJPNXIY598GBAF21GPL9G.pcm

SwiftDriverJobDiscovery normal arm64 Compiling WidgetSnapshot.swift (in target 'CondiscoWidget' from project 'Condisco')

SwiftExplicitDependencyGeneratePcm arm64 /var/folders/3w/91hphlzs0rv_1twbkfyhvn6m0000gn/T/condisco-preflight.ngRWOC/DerivedData/SDKExplicitPrecompiledModules/_Builtin_inttypes-822FNXGMIJ7VZWOHMOIXK50GQ.pcm

SwiftExplicitDependencyGeneratePcm arm64 /var/folders/3w/91hphlzs0rv_1twbkfyhvn6m0000gn/T/condisco-preflight.ngRWOC/DerivedData/SDKExplicitPrecompiledModules/Darwin-6Y1FNEX8OYJU92STL9RVYPN3B.pcm

SwiftExplicitDependencyGeneratePcm arm64 /var/folders/3w/91hphlzs0rv_1twbkfyhvn6m0000gn/T/condisco-preflight.ngRWOC/DerivedData/SDKExplicitPrecompiledModules/simd-9IAQ16MML1N25PMGR41D5OZWP.pcm

SwiftExplicitDependencyGeneratePcm arm64 /var/folders/3w/91hphlzs0rv_1twbkfyhvn6m0000gn/T/condisco-preflight.ngRWOC/DerivedData/SDKExplicitPrecompiledModules/ObjectiveC-BRYU8XANU53L6AX72W1CHPZG1.pcm

SwiftExplicitDependencyGeneratePcm arm64 /var/folders/3w/91hphlzs0rv_1twbkfyhvn6m0000gn/T/condisco-preflight.ngRWOC/DerivedData/SDKExplicitPrecompiledModules/MachO-2XJT0EKF2IYFU4ANX40LU2N94.pcm

SwiftExplicitDependencyGeneratePcm arm64 /var/folders/3w/91hphlzs0rv_1twbkfyhvn6m0000gn/T/condisco-preflight.ngRWOC/DerivedData/SDKExplicitPrecompiledModules/os_object-BIFIN9FDX1IHA8YYKH6BHDEJ.pcm

SwiftExplicitDependencyGeneratePcm arm64 /var/folders/3w/91hphlzs0rv_1twbkfyhvn6m0000gn/T/condisco-preflight.ngRWOC/DerivedData/SDKExplicitPrecompiledModules/os_workgroup-1G6QPA4M5P70JB81BBIXQ75GD.pcm

SwiftExplicitDependencyGeneratePcm arm64 /var/folders/3w/91hphlzs0rv_1twbkfyhvn6m0000gn/T/condisco-preflight.ngRWOC/DerivedData/SDKExplicitPrecompiledModules/Spatial-DM103S86DZ6A37IEQK8JJZ0LX.pcm

SwiftExplicitDependencyGeneratePcm arm64 /var/folders/3w/91hphlzs0rv_1twbkfyhvn6m0000gn/T/condisco-preflight.ngRWOC/DerivedData/SDKExplicitPrecompiledModules/Dispatch-EU2K0JX80HEHMPGUEXMQQZZ7Z.pcm

SwiftExplicitDependencyGeneratePcm arm64 /var/folders/3w/91hphlzs0rv_1twbkfyhvn6m0000gn/T/condisco-preflight.ngRWOC/DerivedData/SDKExplicitPrecompiledModules/dnssd-356HO67YCIYPM2MWQ6OPVYZAK.pcm

SwiftExplicitDependencyGeneratePcm arm64 /var/folders/3w/91hphlzs0rv_1twbkfyhvn6m0000gn/T/condisco-preflight.ngRWOC/DerivedData/SDKExplicitPrecompiledModules/XPC-6F4PBCN5WMTSO1R9X5W9NTTQV.pcm

SwiftExplicitDependencyGeneratePcm arm64 /var/folders/3w/91hphlzs0rv_1twbkfyhvn6m0000gn/T/condisco-preflight.ngRWOC/DerivedData/SDKExplicitPrecompiledModules/CoreFoundation-AE7844J3EOF93AKKX6PHBOXH.pcm

SwiftExplicitDependencyGeneratePcm arm64 /var/folders/3w/91hphlzs0rv_1twbkfyhvn6m0000gn/T/condisco-preflight.ngRWOC/DerivedData/SDKExplicitPrecompiledModules/os-1EWLC5MVHGY67HUSS0X29T69P.pcm

SwiftExplicitDependencyGeneratePcm arm64 /var/folders/3w/91hphlzs0rv_1twbkfyhvn6m0000gn/T/condisco-preflight.ngRWOC/DerivedData/SDKExplicitPrecompiledModules/CFNetwork-F2XY7BVM0Q4PTXVA4YGDV2NC5.pcm

SwiftExplicitDependencyGeneratePcm arm64 /var/folders/3w/91hphlzs0rv_1twbkfyhvn6m0000gn/T/condisco-preflight.ngRWOC/DerivedData/SDKExplicitPrecompiledModules/CoreGraphics-CSYY7EFJX6WVO3QYNV99ODTHI.pcm

SwiftExplicitDependencyGeneratePcm arm64 /var/folders/3w/91hphlzs0rv_1twbkfyhvn6m0000gn/T/condisco-preflight.ngRWOC/DerivedData/SDKExplicitPrecompiledModules/Security-9UMRQLRO5SYH4XGGZWMYCD87W.pcm

SwiftExplicitDependencyGeneratePcm arm64 /var/folders/3w/91hphlzs0rv_1twbkfyhvn6m0000gn/T/condisco-preflight.ngRWOC/DerivedData/SDKExplicitPrecompiledModules/CoreAudioTypes-8IFJKUGVH34A0OKJIP2GV326P.pcm

SwiftExplicitDependencyGeneratePcm arm64 /var/folders/3w/91hphlzs0rv_1twbkfyhvn6m0000gn/T/condisco-preflight.ngRWOC/DerivedData/SDKExplicitPrecompiledModules/CoreAudio-D0KRJICYVUHW5AJOOFHBCPE8A.pcm

SwiftExplicitDependencyGeneratePcm arm64 /var/folders/3w/91hphlzs0rv_1twbkfyhvn6m0000gn/T/condisco-preflight.ngRWOC/DerivedData/SDKExplicitPrecompiledModules/Foundation-C8QZZ63OBP8EVZMHM3F0DKHLF.pcm

SwiftExplicitDependencyGeneratePcm arm64 /var/folders/3w/91hphlzs0rv_1twbkfyhvn6m0000gn/T/condisco-preflight.ngRWOC/DerivedData/SDKExplicitPrecompiledModules/ImageIO-1KS4KJPZTI4WYIUPD0LHMVKG7.pcm

SwiftExplicitDependencyGeneratePcm arm64 /var/folders/3w/91hphlzs0rv_1twbkfyhvn6m0000gn/T/condisco-preflight.ngRWOC/DerivedData/SDKExplicitPrecompiledModules/CoreText-AC3FYOS78A528NI4ZKRZJRWTG.pcm

SwiftExplicitDependencyGeneratePcm arm64 /var/folders/3w/91hphlzs0rv_1twbkfyhvn6m0000gn/T/condisco-preflight.ngRWOC/DerivedData/SDKExplicitPrecompiledModules/FileProvider-3V7W6TX86NJQDGVDC2EHU3OGG.pcm

SwiftExplicitDependencyGeneratePcm arm64 /var/folders/3w/91hphlzs0rv_1twbkfyhvn6m0000gn/T/condisco-preflight.ngRWOC/DerivedData/SDKExplicitPrecompiledModules/WidgetKit-6Y7IMUKNWAPSWU3UV87YBX353.pcm

SwiftExplicitDependencyGeneratePcm arm64 /var/folders/3w/91hphlzs0rv_1twbkfyhvn6m0000gn/T/condisco-preflight.ngRWOC/DerivedData/SDKExplicitPrecompiledModules/Symbols-C55QWO6DZJTFIVVN6AB15WOMK.pcm

SwiftExplicitDependencyGeneratePcm arm64 /var/folders/3w/91hphlzs0rv_1twbkfyhvn6m0000gn/T/condisco-preflight.ngRWOC/DerivedData/SDKExplicitPrecompiledModules/DataDetection-COBVYQJNKFG6Z5KG33IU58ZMM.pcm

SwiftExplicitDependencyGeneratePcm arm64 /var/folders/3w/91hphlzs0rv_1twbkfyhvn6m0000gn/T/condisco-preflight.ngRWOC/DerivedData/SDKExplicitPrecompiledModules/LocalAuthentication-1C6JJN6A4VJFJD91JYYR8A4RO.pcm

SwiftExplicitDependencyGeneratePcm arm64 /var/folders/3w/91hphlzs0rv_1twbkfyhvn6m0000gn/T/condisco-preflight.ngRWOC/DerivedData/SDKExplicitPrecompiledModules/RelevanceKit-69G8KS8SO2VAH914ZE6OGFG7U.pcm

SwiftExplicitDependencyGeneratePcm arm64 /var/folders/3w/91hphlzs0rv_1twbkfyhvn6m0000gn/T/condisco-preflight.ngRWOC/DerivedData/SDKExplicitPrecompiledModules/OpenGLES-7T7VV87PJNBXHU6VS8G2D99Y8.pcm

SwiftExplicitDependencyGeneratePcm arm64 /var/folders/3w/91hphlzs0rv_1twbkfyhvn6m0000gn/T/condisco-preflight.ngRWOC/DerivedData/SDKExplicitPrecompiledModules/AppIntents-18HUVXFLKUFKVI5RD0IK003DM.pcm

SwiftExplicitDependencyGeneratePcm arm64 /var/folders/3w/91hphlzs0rv_1twbkfyhvn6m0000gn/T/condisco-preflight.ngRWOC/DerivedData/SDKExplicitPrecompiledModules/OSLog-7ZXMN4QLQB5O4TVT0WF8118ZE.pcm

SwiftExplicitDependencyGeneratePcm arm64 /var/folders/3w/91hphlzs0rv_1twbkfyhvn6m0000gn/T/condisco-preflight.ngRWOC/DerivedData/SDKExplicitPrecompiledModules/UIUtilities-BOU4WTVLHFTO1GFR1TX0G7FWR.pcm

SwiftExplicitDependencyGeneratePcm arm64 /var/folders/3w/91hphlzs0rv_1twbkfyhvn6m0000gn/T/condisco-preflight.ngRWOC/DerivedData/SDKExplicitPrecompiledModules/AppIntentsTypeSupport-BGZXDRM0I99FCBCFCQJPCCMFC.pcm

SwiftExplicitDependencyGeneratePcm arm64 /var/folders/3w/91hphlzs0rv_1twbkfyhvn6m0000gn/T/condisco-preflight.ngRWOC/DerivedData/SDKExplicitPrecompiledModules/Network-ADHJZABBI8R4ES5PKCDR8JLAH.pcm

SwiftExplicitDependencyGeneratePcm arm64 /var/folders/3w/91hphlzs0rv_1twbkfyhvn6m0000gn/T/condisco-preflight.ngRWOC/DerivedData/SDKExplicitPrecompiledModules/CoreMIDI-29AGZ4762QMK7T2PMPZDXFL34.pcm

SwiftExplicitDependencyGeneratePcm arm64 /var/folders/3w/91hphlzs0rv_1twbkfyhvn6m0000gn/T/condisco-preflight.ngRWOC/DerivedData/SDKExplicitPrecompiledModules/UserNotifications-2JG3WYD0GL895WJDBL3FISDOH.pcm

SwiftExplicitDependencyGeneratePcm arm64 /var/folders/3w/91hphlzs0rv_1twbkfyhvn6m0000gn/T/condisco-preflight.ngRWOC/DerivedData/SDKExplicitPrecompiledModules/CoreData-EIT93Z08FQIUFYWVNY0VNMXRD.pcm

SwiftExplicitDependencyGeneratePcm arm64 /var/folders/3w/91hphlzs0rv_1twbkfyhvn6m0000gn/T/condisco-preflight.ngRWOC/DerivedData/SDKExplicitPrecompiledModules/_LocationEssentials-3EIW9IBSGAVZGJQR7QOORJ0VW.pcm

SwiftExplicitDependencyGeneratePcm arm64 /var/folders/3w/91hphlzs0rv_1twbkfyhvn6m0000gn/T/condisco-preflight.ngRWOC/DerivedData/SDKExplicitPrecompiledModules/BackgroundAssets-8EW2LDXPING83T13U33DHKDBW.pcm

SwiftExplicitDependencyGeneratePcm arm64 /var/folders/3w/91hphlzs0rv_1twbkfyhvn6m0000gn/T/condisco-preflight.ngRWOC/DerivedData/SDKExplicitPrecompiledModules/AVRouting-7PT4PF2X8YZ7JCPMN83Y04KTN.pcm

SwiftExplicitDependencyGeneratePcm arm64 /var/folders/3w/91hphlzs0rv_1twbkfyhvn6m0000gn/T/condisco-preflight.ngRWOC/DerivedData/SDKExplicitPrecompiledModules/AudioToolbox-72R77YO2D3M81RLJKETUXU5FR.pcm

SwiftExplicitDependencyGeneratePcm arm64 /var/folders/3w/91hphlzs0rv_1twbkfyhvn6m0000gn/T/condisco-preflight.ngRWOC/DerivedData/SDKExplicitPrecompiledModules/IOSurface-KTYMXZHU9C6QONDWUDGHY1KH.pcm

SwiftExplicitDependencyGeneratePcm arm64 /var/folders/3w/91hphlzs0rv_1twbkfyhvn6m0000gn/T/condisco-preflight.ngRWOC/DerivedData/SDKExplicitPrecompiledModules/CoreLocation-29Q9OOVN9ZFKSUV769FMSB3EX.pcm

SwiftExplicitDependencyGeneratePcm arm64 /var/folders/3w/91hphlzs0rv_1twbkfyhvn6m0000gn/T/condisco-preflight.ngRWOC/DerivedData/SDKExplicitPrecompiledModules/UniformTypeIdentifiers-3NQWA8T0RMD33XPAY91HVHMOW.pcm

SwiftExplicitDependencyGeneratePcm arm64 /var/folders/3w/91hphlzs0rv_1twbkfyhvn6m0000gn/T/condisco-preflight.ngRWOC/DerivedData/SDKExplicitPrecompiledModules/CoreTransferable-5YRD86AVSUUGLG3JCHNGE17DQ.pcm

SwiftExplicitDependencyGeneratePcm arm64 /var/folders/3w/91hphlzs0rv_1twbkfyhvn6m0000gn/T/condisco-preflight.ngRWOC/DerivedData/SDKExplicitPrecompiledModules/Accessibility-DH7WIHBSYR6J6NGW8MQWV84GK.pcm

SwiftExplicitDependencyGeneratePcm arm64 /var/folders/3w/91hphlzs0rv_1twbkfyhvn6m0000gn/T/condisco-preflight.ngRWOC/DerivedData/SDKExplicitPrecompiledModules/Metal-5QNJCI3V8A1EG91MXID5XG2UW.pcm

LinkAssetCatalog /Users/spkoehl/Projects/VerbaLibera/Condisco/Assets.xcassets (in target 'Condisco' from project 'Condisco')
    cd /Users/spkoehl/Projects/VerbaLibera
    builtin-linkAssetCatalog --thinned /var/folders/3w/91hphlzs0rv_1twbkfyhvn6m0000gn/T/condisco-preflight.ngRWOC/DerivedData/Build/Intermediates.noindex/Condisco.build/Debug-iphonesimulator/Condisco.build/assetcatalog_output/thinned --thinned-dependencies /var/folders/3w/91hphlzs0rv_1twbkfyhvn6m0000gn/T/condisco-preflight.ngRWOC/DerivedData/Build/Intermediates.noindex/Condisco.build/Debug-iphonesimulator/Condisco.build/assetcatalog_dependencies_thinned --thinned-info-plist-content /var/folders/3w/91hphlzs0rv_1twbkfyhvn6m0000gn/T/condisco-preflight.ngRWOC/DerivedData/Build/Intermediates.noindex/Condisco.build/Debug-iphonesimulator/Condisco.build/assetcatalog_generated_info.plist_thinned --unthinned /var/folders/3w/91hphlzs0rv_1twbkfyhvn6m0000gn/T/condisco-preflight.ngRWOC/DerivedData/Build/Intermediates.noindex/Condisco.build/Debug-iphonesimulator/Condisco.build/assetcatalog_output/unthinned --unthinned-dependencies /var/folders/3w/91hphlzs0rv_1twbkfyhvn6m0000gn/T/condisco-preflight.ngRWOC/DerivedData/Build/Intermediates.noindex/Condisco.build/Debug-iphonesimulator/Condisco.build/assetcatalog_dependencies_unthinned --unthinned-info-plist-content /var/folders/3w/91hphlzs0rv_1twbkfyhvn6m0000gn/T/condisco-preflight.ngRWOC/DerivedData/Build/Intermediates.noindex/Condisco.build/Debug-iphonesimulator/Condisco.build/assetcatalog_generated_info.plist_unthinned --output /var/folders/3w/91hphlzs0rv_1twbkfyhvn6m0000gn/T/condisco-preflight.ngRWOC/DerivedData/Build/Products/Debug-iphonesimulator/Condisco.app --plist-output /var/folders/3w/91hphlzs0rv_1twbkfyhvn6m0000gn/T/condisco-preflight.ngRWOC/DerivedData/Build/Intermediates.noindex/Condisco.build/Debug-iphonesimulator/Condisco.build/assetcatalog_generated_info.plist
note: Emplaced /var/folders/3w/91hphlzs0rv_1twbkfyhvn6m0000gn/T/condisco-preflight.ngRWOC/DerivedData/Build/Products/Debug-iphonesimulator/Condisco.app/AppIcon76x76@2x~ipad.png (in target 'Condisco' from project 'Condisco')
note: Emplaced /var/folders/3w/91hphlzs0rv_1twbkfyhvn6m0000gn/T/condisco-preflight.ngRWOC/DerivedData/Build/Products/Debug-iphonesimulator/Condisco.app/AppIcon60x60@2x.png (in target 'Condisco' from project 'Condisco')
note: Emplaced /var/folders/3w/91hphlzs0rv_1twbkfyhvn6m0000gn/T/condisco-preflight.ngRWOC/DerivedData/Build/Products/Debug-iphonesimulator/Condisco.app/Assets.car (in target 'Condisco' from project 'Condisco')

SwiftExplicitDependencyGeneratePcm arm64 /var/folders/3w/91hphlzs0rv_1twbkfyhvn6m0000gn/T/condisco-preflight.ngRWOC/DerivedData/SDKExplicitPrecompiledModules/CoreSpotlight-F4NVBC876KMW8EKG3AYMF5NS9.pcm

SwiftExplicitDependencyGeneratePcm arm64 /var/folders/3w/91hphlzs0rv_1twbkfyhvn6m0000gn/T/condisco-preflight.ngRWOC/DerivedData/SDKExplicitPrecompiledModules/Intents-EVK5RTHVY2TJBJLHLHA2QB0FH.pcm

SwiftExplicitDependencyGeneratePcm arm64 /var/folders/3w/91hphlzs0rv_1twbkfyhvn6m0000gn/T/condisco-preflight.ngRWOC/DerivedData/SDKExplicitPrecompiledModules/CloudKit-16MW3ZEY2NQ8O2FRHZBE8O5XD.pcm

SwiftExplicitDependencyGeneratePcm arm64 /var/folders/3w/91hphlzs0rv_1twbkfyhvn6m0000gn/T/condisco-preflight.ngRWOC/DerivedData/SDKExplicitPrecompiledModules/CoreMotion-CJ2ZVTIZ8JMCTNQ0EJIY6XJK8.pcm

SwiftExplicitDependencyGeneratePcm arm64 /var/folders/3w/91hphlzs0rv_1twbkfyhvn6m0000gn/T/condisco-preflight.ngRWOC/DerivedData/SDKExplicitPrecompiledModules/CoreVideo-6RY1VZNJRQP615E5Z82T0NOPW.pcm

SwiftExplicitDependencyGeneratePcm arm64 /var/folders/3w/91hphlzs0rv_1twbkfyhvn6m0000gn/T/condisco-preflight.ngRWOC/DerivedData/SDKExplicitPrecompiledModules/CoreMedia-BSHOIEDRNM3UB79KJA69XSNTK.pcm

SwiftExplicitDependencyGeneratePcm arm64 /var/folders/3w/91hphlzs0rv_1twbkfyhvn6m0000gn/T/condisco-preflight.ngRWOC/DerivedData/SDKExplicitPrecompiledModules/QuartzCore-4AYEDOR2HI2WZLRYNRYE02O1O.pcm

SwiftExplicitDependencyGeneratePcm arm64 /var/folders/3w/91hphlzs0rv_1twbkfyhvn6m0000gn/T/condisco-preflight.ngRWOC/DerivedData/SDKExplicitPrecompiledModules/CoreImage-737WVTE86ZVF1WNY69KDTZ5M8.pcm

SwiftExplicitDependencyGeneratePcm arm64 /var/folders/3w/91hphlzs0rv_1twbkfyhvn6m0000gn/T/condisco-preflight.ngRWOC/DerivedData/SDKExplicitPrecompiledModules/SwiftUICore-BFN2CJVBN6SMFSGX5Y5D38SDL.pcm

SwiftExplicitDependencyGeneratePcm arm64 /var/folders/3w/91hphlzs0rv_1twbkfyhvn6m0000gn/T/condisco-preflight.ngRWOC/DerivedData/SDKExplicitPrecompiledModules/AVFAudio-53ITBGCPKAQ6SZYDJ9BDTE74H.pcm

SwiftExplicitDependencyGeneratePcm arm64 /var/folders/3w/91hphlzs0rv_1twbkfyhvn6m0000gn/T/condisco-preflight.ngRWOC/DerivedData/SDKExplicitPrecompiledModules/MediaToolbox-5WO0XCKFZ0UYA8MP9J0IJWY08.pcm

SwiftExplicitDependencyGeneratePcm arm64 /var/folders/3w/91hphlzs0rv_1twbkfyhvn6m0000gn/T/condisco-preflight.ngRWOC/DerivedData/SDKExplicitPrecompiledModules/VideoToolbox-3CEVNDPJPL5KKBPN8R2OYDPVJ.pcm

SwiftExplicitDependencyGeneratePcm arm64 /var/folders/3w/91hphlzs0rv_1twbkfyhvn6m0000gn/T/condisco-preflight.ngRWOC/DerivedData/SDKExplicitPrecompiledModules/UIKit-BHBZ72KY8GMLD1TW4KY3DMKVI.pcm

SwiftExplicitDependencyGeneratePcm arm64 /var/folders/3w/91hphlzs0rv_1twbkfyhvn6m0000gn/T/condisco-preflight.ngRWOC/DerivedData/SDKExplicitPrecompiledModules/AVFoundation-4W11AX753T99QUI3K1ITDFUBQ.pcm

SwiftDriverJobDiscovery normal arm64 Compiling CondiscoWidget.swift (in target 'CondiscoWidget' from project 'Condisco')

SwiftDriver\ Compilation CondiscoWidget normal arm64 com.apple.xcode.tools.swift.compiler (in target 'CondiscoWidget' from project 'Condisco')
    cd /Users/spkoehl/Projects/VerbaLibera
    builtin-Swift-Compilation -- /Applications/Xcode.app/Contents/Developer/Toolchains/XcodeDefault.xctoolchain/usr/bin/swiftc -module-name CondiscoWidget -Onone @/var/folders/3w/91hphlzs0rv_1twbkfyhvn6m0000gn/T/condisco-preflight.ngRWOC/DerivedData/Build/Intermediates.noindex/Condisco.build/Debug-iphonesimulator/CondiscoWidget.build/Objects-normal/arm64/CondiscoWidget.SwiftFileList -DDEBUG -enable-bare-slash-regex -enable-experimental-feature DebugDescriptionMacro -sdk /Applications/Xcode.app/Contents/Developer/Platforms/iPhoneSimulator.platform/Developer/SDKs/iPhoneSimulator27.0.sdk -target arm64-apple-ios17.0-simulator -g -module-cache-path /var/folders/3w/91hphlzs0rv_1twbkfyhvn6m0000gn/T/condisco-preflight.ngRWOC/DerivedData/ModuleCache.noindex -Xfrontend -serialize-debugging-options -application-extension -enable-testing -index-store-path /var/folders/3w/91hphlzs0rv_1twbkfyhvn6m0000gn/T/condisco-preflight.ngRWOC/DerivedData/Index.noindex/DataStore -Xcc -D_LIBCPP_HARDENING_MODE\=_LIBCPP_HARDENING_MODE_DEBUG -swift-version 5 -I /var/folders/3w/91hphlzs0rv_1twbkfyhvn6m0000gn/T/condisco-preflight.ngRWOC/DerivedData/Build/Products/Debug-iphonesimulator -F /var/folders/3w/91hphlzs0rv_1twbkfyhvn6m0000gn/T/condisco-preflight.ngRWOC/DerivedData/Build/Products/Debug-iphonesimulator -emit-localized-strings -emit-localized-strings-path /var/folders/3w/91hphlzs0rv_1twbkfyhvn6m0000gn/T/condisco-preflight.ngRWOC/DerivedData/Build/Intermediates.noindex/Condisco.build/Debug-iphonesimulator/CondiscoWidget.build/Objects-normal/arm64 -c -j6 -enable-batch-mode -incremental -Xcc -ivfsstatcache -Xcc /var/folders/3w/91hphlzs0rv_1twbkfyhvn6m0000gn/T/condisco-preflight.ngRWOC/DerivedData/SDKStatCaches.noindex/iphonesimulator27.0-24A430-8dc58220667be655e1bcc261a7455254.sdkstatcache -output-file-map /var/folders/3w/91hphlzs0rv_1twbkfyhvn6m0000gn/T/condisco-preflight.ngRWOC/DerivedData/Build/Intermediates.noindex/Condisco.build/Debug-iphonesimulator/CondiscoWidget.build/Objects-normal/arm64/CondiscoWidget-OutputFileMap.json -save-temps -no-color-diagnostics -explicit-module-build -module-cache-path /var/folders/3w/91hphlzs0rv_1twbkfyhvn6m0000gn/T/condisco-preflight.ngRWOC/DerivedData/Build/Intermediates.noindex/SwiftExplicitPrecompiledModules -clang-scanner-module-cache-path /var/folders/3w/91hphlzs0rv_1twbkfyhvn6m0000gn/T/condisco-preflight.ngRWOC/DerivedData/ModuleCache.noindex -sdk-module-cache-path /var/folders/3w/91hphlzs0rv_1twbkfyhvn6m0000gn/T/condisco-preflight.ngRWOC/DerivedData/SDKExplicitPrecompiledModules -emit-dependencies -emit-module -emit-module-path /var/folders/3w/91hphlzs0rv_1twbkfyhvn6m0000gn/T/condisco-preflight.ngRWOC/DerivedData/Build/Intermediates.noindex/Condisco.build/Debug-iphonesimulator/CondiscoWidget.build/Objects-normal/arm64/CondiscoWidget.swiftmodule -serialize-diagnostics -dependency-scan-serialize-diagnostics-path /var/folders/3w/91hphlzs0rv_1twbkfyhvn6m0000gn/T/condisco-preflight.ngRWOC/DerivedData/Build/Intermediates.noindex/Condisco.build/Debug-iphonesimulator/CondiscoWidget.build/Objects-normal/arm64/CondiscoWidget-dependency-scan.dia -validate-clang-modules-once -clang-build-session-file /var/folders/3w/91hphlzs0rv_1twbkfyhvn6m0000gn/T/condisco-preflight.ngRWOC/DerivedData/ModuleCache.noindex/Session.modulevalidation -Xcc -fmodules-prune-interval\=86400 -Xcc -fmodules-prune-after\=345600 -emit-const-values -const-gather-protocols-list /var/folders/3w/91hphlzs0rv_1twbkfyhvn6m0000gn/T/condisco-preflight.ngRWOC/DerivedData/Build/Intermediates.noindex/Condisco.build/Debug-iphonesimulator/CondiscoWidget.build/Objects-normal/arm64/CondiscoWidget_const_extract_protocols.json -Xcc -iquote -Xcc /var/folders/3w/91hphlzs0rv_1twbkfyhvn6m0000gn/T/condisco-preflight.ngRWOC/DerivedData/Build/Intermediates.noindex/Condisco.build/Debug-iphonesimulator/CondiscoWidget.build/CondiscoWidget-generated-files.hmap -Xcc -I/var/folders/3w/91hphlzs0rv_1twbkfyhvn6m0000gn/T/condisco-preflight.ngRWOC/DerivedData/Build/Intermediates.noindex/Condisco.build/Debug-iphonesimulator/CondiscoWidget.build/CondiscoWidget-own-target-headers.hmap -Xcc -I/var/folders/3w/91hphlzs0rv_1twbkfyhvn6m0000gn/T/condisco-preflight.ngRWOC/DerivedData/Build/Intermediates.noindex/Condisco.build/Debug-iphonesimulator/CondiscoWidget.build/CondiscoWidget-all-target-headers.hmap -Xcc -iquote -Xcc /var/folders/3w/91hphlzs0rv_1twbkfyhvn6m0000gn/T/condisco-preflight.ngRWOC/DerivedData/Build/Intermediates.noindex/Condisco.build/Debug-iphonesimulator/CondiscoWidget.build/CondiscoWidget-project-headers.hmap -Xcc -I/var/folders/3w/91hphlzs0rv_1twbkfyhvn6m0000gn/T/condisco-preflight.ngRWOC/DerivedData/Build/Products/Debug-iphonesimulator/include -Xcc -I/var/folders/3w/91hphlzs0rv_1twbkfyhvn6m0000gn/T/condisco-preflight.ngRWOC/DerivedData/Build/Intermediates.noindex/Condisco.build/Debug-iphonesimulator/CondiscoWidget.build/DerivedSources-normal/arm64 -Xcc -I/var/folders/3w/91hphlzs0rv_1twbkfyhvn6m0000gn/T/condisco-preflight.ngRWOC/DerivedData/Build/Intermediates.noindex/Condisco.build/Debug-iphonesimulator/CondiscoWidget.build/DerivedSources/arm64 -Xcc -I/var/folders/3w/91hphlzs0rv_1twbkfyhvn6m0000gn/T/condisco-preflight.ngRWOC/DerivedData/Build/Intermediates.noindex/Condisco.build/Debug-iphonesimulator/CondiscoWidget.build/DerivedSources -Xcc -DDEBUG\=1 -Xcc -DDEBUG\=1 -emit-objc-header -emit-objc-header-path /var/folders/3w/91hphlzs0rv_1twbkfyhvn6m0000gn/T/condisco-preflight.ngRWOC/DerivedData/Build/Intermediates.noindex/Condisco.build/Debug-iphonesimulator/CondiscoWidget.build/Objects-normal/arm64/CondiscoWidget-Swift.h -working-directory /Users/spkoehl/Projects/VerbaLibera -experimental-emit-module-separately -disable-cmo

Ld /var/folders/3w/91hphlzs0rv_1twbkfyhvn6m0000gn/T/condisco-preflight.ngRWOC/DerivedData/Build/Products/Debug-iphonesimulator/CondiscoWidget.appex/CondiscoWidget.debug.dylib normal (in target 'CondiscoWidget' from project 'Condisco')
    cd /Users/spkoehl/Projects/VerbaLibera
    /Applications/Xcode.app/Contents/Developer/Toolchains/XcodeDefault.xctoolchain/usr/bin/clang -Xlinker -reproducible -target arm64-apple-ios17.0-simulator -dynamiclib -isysroot /Applications/Xcode.app/Contents/Developer/Platforms/iPhoneSimulator.platform/Developer/SDKs/iPhoneSimulator27.0.sdk -O0 -Xlinker -no_warn_duplicate_libraries -L/var/folders/3w/91hphlzs0rv_1twbkfyhvn6m0000gn/T/condisco-preflight.ngRWOC/DerivedData/Build/Intermediates.noindex/EagerLinkingTBDs/Debug-iphonesimulator -L/var/folders/3w/91hphlzs0rv_1twbkfyhvn6m0000gn/T/condisco-preflight.ngRWOC/DerivedData/Build/Products/Debug-iphonesimulator -F/var/folders/3w/91hphlzs0rv_1twbkfyhvn6m0000gn/T/condisco-preflight.ngRWOC/DerivedData/Build/Intermediates.noindex/EagerLinkingTBDs/Debug-iphonesimulator -F/var/folders/3w/91hphlzs0rv_1twbkfyhvn6m0000gn/T/condisco-preflight.ngRWOC/DerivedData/Build/Products/Debug-iphonesimulator -filelist /var/folders/3w/91hphlzs0rv_1twbkfyhvn6m0000gn/T/condisco-preflight.ngRWOC/DerivedData/Build/Intermediates.noindex/Condisco.build/Debug-iphonesimulator/CondiscoWidget.build/Objects-normal/arm64/CondiscoWidget.LinkFileList -install_name @rpath/CondiscoWidget.debug.dylib -Xlinker -rpath -Xlinker /usr/lib/swift -Xlinker -dead_strip -Xlinker -object_path_lto -Xlinker /var/folders/3w/91hphlzs0rv_1twbkfyhvn6m0000gn/T/condisco-preflight.ngRWOC/DerivedData/Build/Intermediates.noindex/Condisco.build/Debug-iphonesimulator/CondiscoWidget.build/Objects-normal/arm64/CondiscoWidget_lto.o -rdynamic -Xlinker -no_deduplicate -Xlinker -objc_abi_version -Xlinker 2 -Xlinker -dependency_info -Xlinker /var/folders/3w/91hphlzs0rv_1twbkfyhvn6m0000gn/T/condisco-preflight.ngRWOC/DerivedData/Build/Intermediates.noindex/Condisco.build/Debug-iphonesimulator/CondiscoWidget.build/Objects-normal/arm64/CondiscoWidget_dependency_info.dat -fapplication-extension -fobjc-link-runtime -L/Applications/Xcode.app/Contents/Developer/Toolchains/XcodeDefault.xctoolchain/usr/lib/swift/iphonesimulator -L/usr/lib/swift -Xlinker -add_ast_path -Xlinker /var/folders/3w/91hphlzs0rv_1twbkfyhvn6m0000gn/T/condisco-preflight.ngRWOC/DerivedData/Build/Intermediates.noindex/Condisco.build/Debug-iphonesimulator/CondiscoWidget.build/Objects-normal/arm64/CondiscoWidget.swiftmodule -Xlinker -alias -Xlinker _NSExtensionMain -Xlinker ___debug_main_executable_dylib_entry_point -Xlinker -no_adhoc_codesign -o /var/folders/3w/91hphlzs0rv_1twbkfyhvn6m0000gn/T/condisco-preflight.ngRWOC/DerivedData/Build/Products/Debug-iphonesimulator/CondiscoWidget.appex/CondiscoWidget.debug.dylib

SwiftExplicitDependencyGeneratePcm arm64 /var/folders/3w/91hphlzs0rv_1twbkfyhvn6m0000gn/T/condisco-preflight.ngRWOC/DerivedData/SDKExplicitPrecompiledModules/StoreKit-EF8I29UW40232RRPV8F48PXNW.pcm

SwiftExplicitDependencyGeneratePcm arm64 /var/folders/3w/91hphlzs0rv_1twbkfyhvn6m0000gn/T/condisco-preflight.ngRWOC/DerivedData/SDKExplicitPrecompiledModules/SwiftUI-9FJMCW06KUIQKQF3ZG4TMA7UU.pcm

SwiftExplicitDependencyGeneratePcm arm64 /var/folders/3w/91hphlzs0rv_1twbkfyhvn6m0000gn/T/condisco-preflight.ngRWOC/DerivedData/SDKExplicitPrecompiledModules/MediaPlayer-1OT3XFHEW77MV6DR3ECJD8NX7.pcm

SwiftExplicitDependencyGeneratePcm arm64 /var/folders/3w/91hphlzs0rv_1twbkfyhvn6m0000gn/T/condisco-preflight.ngRWOC/DerivedData/SDKExplicitPrecompiledModules/AuthenticationServices-BWUNPEJMNFJ2ZK9R9774NBS4J.pcm

SwiftEmitModule normal arm64 Emitting\ module\ for\ Condisco (in target 'Condisco' from project 'Condisco')

SwiftCompile normal arm64 (in target 'Condisco' from project 'Condisco')
    cd /Users/spkoehl/Projects/VerbaLibera
    

SwiftCompile normal arm64 Compiling\ ReviewModels.swift,\ ReviewView.swift,\ ReviewReminders.swift,\ FlashcardsView.swift,\ AnkiExport.swift,\ HandsFreeReview.swift,\ A11ySettings.swift,\ EmptyStateArt.swift,\ AppleSignIn.swift /Users/spkoehl/Projects/VerbaLibera/Condisco/Review/ReviewModels.swift /Users/spkoehl/Projects/VerbaLibera/Condisco/Review/ReviewView.swift /Users/spkoehl/Projects/VerbaLibera/Condisco/Review/ReviewReminders.swift /Users/spkoehl/Projects/VerbaLibera/Condisco/Review/FlashcardsView.swift /Users/spkoehl/Projects/VerbaLibera/Condisco/Review/AnkiExport.swift /Users/spkoehl/Projects/VerbaLibera/Condisco/Review/HandsFreeReview.swift /Users/spkoehl/Projects/VerbaLibera/Condisco/Theme/A11ySettings.swift /Users/spkoehl/Projects/VerbaLibera/Condisco/Theme/EmptyStateArt.swift /Users/spkoehl/Projects/VerbaLibera/Condisco/Auth/AppleSignIn.swift (in target 'Condisco' from project 'Condisco')

SwiftCompile normal arm64 /Users/spkoehl/Projects/VerbaLibera/Condisco/Review/ReviewModels.swift (in target 'Condisco' from project 'Condisco')
    cd /Users/spkoehl/Projects/VerbaLibera
    builtin-SwiftPerFileCompile ReviewModels.swift

SwiftCompile normal arm64 /Users/spkoehl/Projects/VerbaLibera/Condisco/Review/ReviewView.swift (in target 'Condisco' from project 'Condisco')
    cd /Users/spkoehl/Projects/VerbaLibera
    builtin-SwiftPerFileCompile ReviewView.swift

SwiftCompile normal arm64 /Users/spkoehl/Projects/VerbaLibera/Condisco/Review/ReviewReminders.swift (in target 'Condisco' from project 'Condisco')
    cd /Users/spkoehl/Projects/VerbaLibera
    builtin-SwiftPerFileCompile ReviewReminders.swift

SwiftCompile normal arm64 /Users/spkoehl/Projects/VerbaLibera/Condisco/Review/FlashcardsView.swift (in target 'Condisco' from project 'Condisco')
    cd /Users/spkoehl/Projects/VerbaLibera
    builtin-SwiftPerFileCompile FlashcardsView.swift

SwiftCompile normal arm64 /Users/spkoehl/Projects/VerbaLibera/Condisco/Review/AnkiExport.swift (in target 'Condisco' from project 'Condisco')
    cd /Users/spkoehl/Projects/VerbaLibera
    builtin-SwiftPerFileCompile AnkiExport.swift

SwiftCompile normal arm64 /Users/spkoehl/Projects/VerbaLibera/Condisco/Review/HandsFreeReview.swift (in target 'Condisco' from project 'Condisco')
    cd /Users/spkoehl/Projects/VerbaLibera
    builtin-SwiftPerFileCompile HandsFreeReview.swift

SwiftCompile normal arm64 /Users/spkoehl/Projects/VerbaLibera/Condisco/Theme/A11ySettings.swift (in target 'Condisco' from project 'Condisco')
    cd /Users/spkoehl/Projects/VerbaLibera
    builtin-SwiftPerFileCompile A11ySettings.swift

SwiftCompile normal arm64 /Users/spkoehl/Projects/VerbaLibera/Condisco/Theme/EmptyStateArt.swift (in target 'Condisco' from project 'Condisco')
    cd /Users/spkoehl/Projects/VerbaLibera
    builtin-SwiftPerFileCompile EmptyStateArt.swift

SwiftCompile normal arm64 /Users/spkoehl/Projects/VerbaLibera/Condisco/Auth/AppleSignIn.swift (in target 'Condisco' from project 'Condisco')
    cd /Users/spkoehl/Projects/VerbaLibera
    builtin-SwiftPerFileCompile AppleSignIn.swift

/Users/spkoehl/Projects/VerbaLibera/Condisco/Review/ReviewView.swift:91:19: warning: immutable value 'store' was never used; consider replacing with '_' or removing it [#NoUsage]
 89 |     /// spinner, because the reload is synchronous.
 90 |     func applyScope() {
 91 |         guard let store, !packs.isEmpty else { return }
    |                   `- warning: immutable value 'store' was never used; consider replacing with '_' or removing it [#NoUsage]
 92 |         do {
 93 |             try reloadScoped()

[#NoUsage]: <https://docs.swift.org/compiler/documentation/diagnostics/no-usage>
SwiftCompile normal arm64 Compiling\ CheckpointFlow.swift,\ DeepLink.swift,\ CondiscoIntents.swift,\ SpotlightIndex.swift,\ LessonCatalog.generated.swift,\ WidgetSnapshot.swift,\ WidgetSnapshotWriter.swift,\ ImportValidator.swift,\ GeneratedAssetSymbols.swift /Users/spkoehl/Projects/VerbaLibera/Condisco/Lesson/CheckpointFlow.swift /Users/spkoehl/Projects/VerbaLibera/Condisco/DeepLink/DeepLink.swift /Users/spkoehl/Projects/VerbaLibera/Condisco/DeepLink/CondiscoIntents.swift /Users/spkoehl/Projects/VerbaLibera/Condisco/DeepLink/SpotlightIndex.swift /Users/spkoehl/Projects/VerbaLibera/Condisco/DeepLink/LessonCatalog.generated.swift /Users/spkoehl/Projects/VerbaLibera/Condisco/Store/WidgetSnapshot.swift /Users/spkoehl/Projects/VerbaLibera/Condisco/Store/WidgetSnapshotWriter.swift /Users/spkoehl/Projects/VerbaLibera/Condisco/Store/ImportValidator.swift /var/folders/3w/91hphlzs0rv_1twbkfyhvn6m0000gn/T/condisco-preflight.ngRWOC/DerivedData/Build/Intermediates.noindex/Condisco.build/Debug-iphonesimulator/Condisco.build/DerivedSources/GeneratedAssetSymbols.swift (in target 'Condisco' from project 'Condisco')

SwiftCompile normal arm64 /Users/spkoehl/Projects/VerbaLibera/Condisco/Lesson/CheckpointFlow.swift (in target 'Condisco' from project 'Condisco')
    cd /Users/spkoehl/Projects/VerbaLibera
    builtin-SwiftPerFileCompile CheckpointFlow.swift

SwiftCompile normal arm64 /Users/spkoehl/Projects/VerbaLibera/Condisco/DeepLink/DeepLink.swift (in target 'Condisco' from project 'Condisco')
    cd /Users/spkoehl/Projects/VerbaLibera
    builtin-SwiftPerFileCompile DeepLink.swift

SwiftCompile normal arm64 /Users/spkoehl/Projects/VerbaLibera/Condisco/DeepLink/CondiscoIntents.swift (in target 'Condisco' from project 'Condisco')
    cd /Users/spkoehl/Projects/VerbaLibera
    builtin-SwiftPerFileCompile CondiscoIntents.swift

SwiftCompile normal arm64 /Users/spkoehl/Projects/VerbaLibera/Condisco/DeepLink/SpotlightIndex.swift (in target 'Condisco' from project 'Condisco')
    cd /Users/spkoehl/Projects/VerbaLibera
    builtin-SwiftPerFileCompile SpotlightIndex.swift

SwiftCompile normal arm64 /Users/spkoehl/Projects/VerbaLibera/Condisco/DeepLink/LessonCatalog.generated.swift (in target 'Condisco' from project 'Condisco')
    cd /Users/spkoehl/Projects/VerbaLibera
    builtin-SwiftPerFileCompile LessonCatalog.generated.swift

SwiftCompile normal arm64 /Users/spkoehl/Projects/VerbaLibera/Condisco/Store/WidgetSnapshot.swift (in target 'Condisco' from project 'Condisco')
    cd /Users/spkoehl/Projects/VerbaLibera
    builtin-SwiftPerFileCompile WidgetSnapshot.swift

SwiftCompile normal arm64 /Users/spkoehl/Projects/VerbaLibera/Condisco/Store/WidgetSnapshotWriter.swift (in target 'Condisco' from project 'Condisco')
    cd /Users/spkoehl/Projects/VerbaLibera
    builtin-SwiftPerFileCompile WidgetSnapshotWriter.swift

SwiftCompile normal arm64 /Users/spkoehl/Projects/VerbaLibera/Condisco/Store/ImportValidator.swift (in target 'Condisco' from project 'Condisco')
    cd /Users/spkoehl/Projects/VerbaLibera
    builtin-SwiftPerFileCompile ImportValidator.swift

SwiftCompile normal arm64 /var/folders/3w/91hphlzs0rv_1twbkfyhvn6m0000gn/T/condisco-preflight.ngRWOC/DerivedData/Build/Intermediates.noindex/Condisco.build/Debug-iphonesimulator/Condisco.build/DerivedSources/GeneratedAssetSymbols.swift (in target 'Condisco' from project 'Condisco')
    cd /Users/spkoehl/Projects/VerbaLibera
    builtin-SwiftPerFileCompile GeneratedAssetSymbols.swift

SwiftCompile normal arm64 Compiling\ CondiscoApp.swift,\ ContentView.swift,\ HomeView.swift,\ MonthView.swift,\ ProgressCard.swift,\ DesignTokens.swift,\ CoursePack.swift,\ Database.swift,\ Fsrs.swift,\ LearningEvents.swift /Users/spkoehl/Projects/VerbaLibera/Condisco/CondiscoApp.swift /Users/spkoehl/Projects/VerbaLibera/Condisco/ContentView.swift /Users/spkoehl/Projects/VerbaLibera/Condisco/Home/HomeView.swift /Users/spkoehl/Projects/VerbaLibera/Condisco/Home/MonthView.swift /Users/spkoehl/Projects/VerbaLibera/Condisco/Home/ProgressCard.swift /Users/spkoehl/Projects/VerbaLibera/Condisco/Theme/DesignTokens.swift /Users/spkoehl/Projects/VerbaLibera/Condisco/Models/CoursePack.swift /Users/spkoehl/Projects/VerbaLibera/Condisco/Store/Database.swift /Users/spkoehl/Projects/VerbaLibera/Condisco/Store/Fsrs.swift /Users/spkoehl/Projects/VerbaLibera/Condisco/Store/LearningEvents.swift (in target 'Condisco' from project 'Condisco')

SwiftCompile normal arm64 /Users/spkoehl/Projects/VerbaLibera/Condisco/CondiscoApp.swift (in target 'Condisco' from project 'Condisco')
    cd /Users/spkoehl/Projects/VerbaLibera
    builtin-SwiftPerFileCompile CondiscoApp.swift

SwiftCompile normal arm64 /Users/spkoehl/Projects/VerbaLibera/Condisco/ContentView.swift (in target 'Condisco' from project 'Condisco')
    cd /Users/spkoehl/Projects/VerbaLibera
    builtin-SwiftPerFileCompile ContentView.swift

SwiftCompile normal arm64 /Users/spkoehl/Projects/VerbaLibera/Condisco/Home/HomeView.swift (in target 'Condisco' from project 'Condisco')
    cd /Users/spkoehl/Projects/VerbaLibera
    builtin-SwiftPerFileCompile HomeView.swift

SwiftCompile normal arm64 /Users/spkoehl/Projects/VerbaLibera/Condisco/Home/MonthView.swift (in target 'Condisco' from project 'Condisco')
    cd /Users/spkoehl/Projects/VerbaLibera
    builtin-SwiftPerFileCompile MonthView.swift

SwiftCompile normal arm64 /Users/spkoehl/Projects/VerbaLibera/Condisco/Home/ProgressCard.swift (in target 'Condisco' from project 'Condisco')
    cd /Users/spkoehl/Projects/VerbaLibera
    builtin-SwiftPerFileCompile ProgressCard.swift

SwiftCompile normal arm64 /Users/spkoehl/Projects/VerbaLibera/Condisco/Theme/DesignTokens.swift (in target 'Condisco' from project 'Condisco')
    cd /Users/spkoehl/Projects/VerbaLibera
    builtin-SwiftPerFileCompile DesignTokens.swift

SwiftCompile normal arm64 /Users/spkoehl/Projects/VerbaLibera/Condisco/Models/CoursePack.swift (in target 'Condisco' from project 'Condisco')
    cd /Users/spkoehl/Projects/VerbaLibera
    builtin-SwiftPerFileCompile CoursePack.swift

SwiftCompile normal arm64 /Users/spkoehl/Projects/VerbaLibera/Condisco/Store/Database.swift (in target 'Condisco' from project 'Condisco')
    cd /Users/spkoehl/Projects/VerbaLibera
    builtin-SwiftPerFileCompile Database.swift

SwiftCompile normal arm64 /Users/spkoehl/Projects/VerbaLibera/Condisco/Store/Fsrs.swift (in target 'Condisco' from project 'Condisco')
    cd /Users/spkoehl/Projects/VerbaLibera
    builtin-SwiftPerFileCompile Fsrs.swift

SwiftCompile normal arm64 /Users/spkoehl/Projects/VerbaLibera/Condisco/Store/LearningEvents.swift (in target 'Condisco' from project 'Condisco')
    cd /Users/spkoehl/Projects/VerbaLibera
    builtin-SwiftPerFileCompile LearningEvents.swift

SwiftCompile normal arm64 Compiling\ StimulusViews.swift,\ LessonPlayerView.swift,\ Welcome.swift,\ PlacementTest.swift,\ LessonCoachMarks.swift,\ VocabularyBrowser.swift,\ VoiceRecorder.swift,\ VoiceSettings.swift,\ ListenModels.swift,\ ListenView.swift /Users/spkoehl/Projects/VerbaLibera/Condisco/Lesson/StimulusViews.swift /Users/spkoehl/Projects/VerbaLibera/Condisco/Lesson/LessonPlayerView.swift /Users/spkoehl/Projects/VerbaLibera/Condisco/Onboarding/Welcome.swift /Users/spkoehl/Projects/VerbaLibera/Condisco/Onboarding/PlacementTest.swift /Users/spkoehl/Projects/VerbaLibera/Condisco/Lesson/LessonCoachMarks.swift /Users/spkoehl/Projects/VerbaLibera/Condisco/Lesson/VocabularyBrowser.swift /Users/spkoehl/Projects/VerbaLibera/Condisco/Lesson/VoiceRecorder.swift /Users/spkoehl/Projects/VerbaLibera/Condisco/Lesson/VoiceSettings.swift /Users/spkoehl/Projects/VerbaLibera/Condisco/Listen/ListenModels.swift /Users/spkoehl/Projects/VerbaLibera/Condisco/Listen/ListenView.swift (in target 'Condisco' from project 'Condisco')

SwiftCompile normal arm64 /Users/spkoehl/Projects/VerbaLibera/Condisco/Lesson/StimulusViews.swift (in target 'Condisco' from project 'Condisco')
    cd /Users/spkoehl/Projects/VerbaLibera
    builtin-SwiftPerFileCompile StimulusViews.swift

SwiftCompile normal arm64 /Users/spkoehl/Projects/VerbaLibera/Condisco/Lesson/LessonPlayerView.swift (in target 'Condisco' from project 'Condisco')
    cd /Users/spkoehl/Projects/VerbaLibera
    builtin-SwiftPerFileCompile LessonPlayerView.swift

SwiftCompile normal arm64 /Users/spkoehl/Projects/VerbaLibera/Condisco/Onboarding/Welcome.swift (in target 'Condisco' from project 'Condisco')
    cd /Users/spkoehl/Projects/VerbaLibera
    builtin-SwiftPerFileCompile Welcome.swift

SwiftCompile normal arm64 /Users/spkoehl/Projects/VerbaLibera/Condisco/Onboarding/PlacementTest.swift (in target 'Condisco' from project 'Condisco')
    cd /Users/spkoehl/Projects/VerbaLibera
    builtin-SwiftPerFileCompile PlacementTest.swift

SwiftCompile normal arm64 /Users/spkoehl/Projects/VerbaLibera/Condisco/Lesson/LessonCoachMarks.swift (in target 'Condisco' from project 'Condisco')
    cd /Users/spkoehl/Projects/VerbaLibera
    builtin-SwiftPerFileCompile LessonCoachMarks.swift

SwiftCompile normal arm64 /Users/spkoehl/Projects/VerbaLibera/Condisco/Lesson/VocabularyBrowser.swift (in target 'Condisco' from project 'Condisco')
    cd /Users/spkoehl/Projects/VerbaLibera
    builtin-SwiftPerFileCompile VocabularyBrowser.swift

SwiftCompile normal arm64 /Users/spkoehl/Projects/VerbaLibera/Condisco/Lesson/VoiceRecorder.swift (in target 'Condisco' from project 'Condisco')
    cd /Users/spkoehl/Projects/VerbaLibera
    builtin-SwiftPerFileCompile VoiceRecorder.swift

SwiftCompile normal arm64 /Users/spkoehl/Projects/VerbaLibera/Condisco/Lesson/VoiceSettings.swift (in target 'Condisco' from project 'Condisco')
    cd /Users/spkoehl/Projects/VerbaLibera
    builtin-SwiftPerFileCompile VoiceSettings.swift

SwiftCompile normal arm64 /Users/spkoehl/Projects/VerbaLibera/Condisco/Listen/ListenModels.swift (in target 'Condisco' from project 'Condisco')
    cd /Users/spkoehl/Projects/VerbaLibera
    builtin-SwiftPerFileCompile ListenModels.swift

SwiftCompile normal arm64 /Users/spkoehl/Projects/VerbaLibera/Condisco/Listen/ListenView.swift (in target 'Condisco' from project 'Condisco')
    cd /Users/spkoehl/Projects/VerbaLibera
    builtin-SwiftPerFileCompile ListenView.swift

SwiftCompile normal arm64 Compiling\ LearningStore.swift,\ PackLoader.swift,\ AnswerEngine.swift,\ ActivityEvaluation.swift,\ LessonSession.swift,\ CoursesView.swift,\ FamilyLayouts.swift,\ ActivityViews.swift,\ TextInputViews.swift,\ InteractiveViews.swift /Users/spkoehl/Projects/VerbaLibera/Condisco/Store/LearningStore.swift /Users/spkoehl/Projects/VerbaLibera/Condisco/Store/PackLoader.swift /Users/spkoehl/Projects/VerbaLibera/Condisco/Engine/AnswerEngine.swift /Users/spkoehl/Projects/VerbaLibera/Condisco/Engine/ActivityEvaluation.swift /Users/spkoehl/Projects/VerbaLibera/Condisco/Engine/LessonSession.swift /Users/spkoehl/Projects/VerbaLibera/Condisco/Lesson/CoursesView.swift /Users/spkoehl/Projects/VerbaLibera/Condisco/Lesson/FamilyLayouts.swift /Users/spkoehl/Projects/VerbaLibera/Condisco/Lesson/ActivityViews.swift /Users/spkoehl/Projects/VerbaLibera/Condisco/Lesson/TextInputViews.swift /Users/spkoehl/Projects/VerbaLibera/Condisco/Lesson/InteractiveViews.swift (in target 'Condisco' from project 'Condisco')

SwiftCompile normal arm64 /Users/spkoehl/Projects/VerbaLibera/Condisco/Store/LearningStore.swift (in target 'Condisco' from project 'Condisco')
    cd /Users/spkoehl/Projects/VerbaLibera
    builtin-SwiftPerFileCompile LearningStore.swift

SwiftCompile normal arm64 /Users/spkoehl/Projects/VerbaLibera/Condisco/Store/PackLoader.swift (in target 'Condisco' from project 'Condisco')
    cd /Users/spkoehl/Projects/VerbaLibera
    builtin-SwiftPerFileCompile PackLoader.swift

SwiftCompile normal arm64 /Users/spkoehl/Projects/VerbaLibera/Condisco/Engine/AnswerEngine.swift (in target 'Condisco' from project 'Condisco')
    cd /Users/spkoehl/Projects/VerbaLibera
    builtin-SwiftPerFileCompile AnswerEngine.swift

SwiftCompile normal arm64 /Users/spkoehl/Projects/VerbaLibera/Condisco/Engine/ActivityEvaluation.swift (in target 'Condisco' from project 'Condisco')
    cd /Users/spkoehl/Projects/VerbaLibera
    builtin-SwiftPerFileCompile ActivityEvaluation.swift

SwiftCompile normal arm64 /Users/spkoehl/Projects/VerbaLibera/Condisco/Engine/LessonSession.swift (in target 'Condisco' from project 'Condisco')
    cd /Users/spkoehl/Projects/VerbaLibera
    builtin-SwiftPerFileCompile LessonSession.swift

SwiftCompile normal arm64 /Users/spkoehl/Projects/VerbaLibera/Condisco/Lesson/CoursesView.swift (in target 'Condisco' from project 'Condisco')
    cd /Users/spkoehl/Projects/VerbaLibera
    builtin-SwiftPerFileCompile CoursesView.swift

SwiftCompile normal arm64 /Users/spkoehl/Projects/VerbaLibera/Condisco/Lesson/FamilyLayouts.swift (in target 'Condisco' from project 'Condisco')
    cd /Users/spkoehl/Projects/VerbaLibera
    builtin-SwiftPerFileCompile FamilyLayouts.swift

SwiftCompile normal arm64 /Users/spkoehl/Projects/VerbaLibera/Condisco/Lesson/ActivityViews.swift (in target 'Condisco' from project 'Condisco')
    cd /Users/spkoehl/Projects/VerbaLibera
    builtin-SwiftPerFileCompile ActivityViews.swift

SwiftCompile normal arm64 /Users/spkoehl/Projects/VerbaLibera/Condisco/Lesson/TextInputViews.swift (in target 'Condisco' from project 'Condisco')
    cd /Users/spkoehl/Projects/VerbaLibera
    builtin-SwiftPerFileCompile TextInputViews.swift

SwiftCompile normal arm64 /Users/spkoehl/Projects/VerbaLibera/Condisco/Lesson/InteractiveViews.swift (in target 'Condisco' from project 'Condisco')
    cd /Users/spkoehl/Projects/VerbaLibera
    builtin-SwiftPerFileCompile InteractiveViews.swift

ConstructStubExecutorLinkFileList /var/folders/3w/91hphlzs0rv_1twbkfyhvn6m0000gn/T/condisco-preflight.ngRWOC/DerivedData/Build/Intermediates.noindex/Condisco.build/Debug-iphonesimulator/CondiscoWidget.build/CondiscoWidget-ExecutorLinkFileList-normal-arm64.txt (in target 'CondiscoWidget' from project 'Condisco')
    cd /Users/spkoehl/Projects/VerbaLibera
    construct-stub-executor-link-file-list /var/folders/3w/91hphlzs0rv_1twbkfyhvn6m0000gn/T/condisco-preflight.ngRWOC/DerivedData/Build/Products/Debug-iphonesimulator/CondiscoWidget.appex/CondiscoWidget.debug.dylib /Applications/Xcode.app/Contents/Developer/Platforms/iPhoneSimulator.platform/Developer/usr/lib/libPreviewsJITStubExecutor_no_swift_entry_point.a /Applications/Xcode.app/Contents/Developer/Platforms/iPhoneSimulator.platform/Developer/usr/lib/libPreviewsJITStubExecutor.a --output /var/folders/3w/91hphlzs0rv_1twbkfyhvn6m0000gn/T/condisco-preflight.ngRWOC/DerivedData/Build/Intermediates.noindex/Condisco.build/Debug-iphonesimulator/CondiscoWidget.build/CondiscoWidget-ExecutorLinkFileList-normal-arm64.txt
note: Using stub executor library with Swift entry point. (in target 'CondiscoWidget' from project 'Condisco')

SwiftDriverJobDiscovery normal arm64 Emitting module for Condisco (in target 'Condisco' from project 'Condisco')

SwiftDriver\ Compilation\ Requirements Condisco normal arm64 com.apple.xcode.tools.swift.compiler (in target 'Condisco' from project 'Condisco')
    cd /Users/spkoehl/Projects/VerbaLibera
    builtin-Swift-Compilation-Requirements -- /Applications/Xcode.app/Contents/Developer/Toolchains/XcodeDefault.xctoolchain/usr/bin/swiftc -module-name Condisco -Onone @/var/folders/3w/91hphlzs0rv_1twbkfyhvn6m0000gn/T/condisco-preflight.ngRWOC/DerivedData/Build/Intermediates.noindex/Condisco.build/Debug-iphonesimulator/Condisco.build/Objects-normal/arm64/Condisco.SwiftFileList -DDEBUG -enable-bare-slash-regex -enable-experimental-feature DebugDescriptionMacro -sdk /Applications/Xcode.app/Contents/Developer/Platforms/iPhoneSimulator.platform/Developer/SDKs/iPhoneSimulator27.0.sdk -target arm64-apple-ios17.0-simulator -g -module-cache-path /var/folders/3w/91hphlzs0rv_1twbkfyhvn6m0000gn/T/condisco-preflight.ngRWOC/DerivedData/ModuleCache.noindex -Xfrontend -serialize-debugging-options -enable-testing -index-store-path /var/folders/3w/91hphlzs0rv_1twbkfyhvn6m0000gn/T/condisco-preflight.ngRWOC/DerivedData/Index.noindex/DataStore -Xcc -D_LIBCPP_HARDENING_MODE\=_LIBCPP_HARDENING_MODE_DEBUG -swift-version 5 -I /var/folders/3w/91hphlzs0rv_1twbkfyhvn6m0000gn/T/condisco-preflight.ngRWOC/DerivedData/Build/Products/Debug-iphonesimulator -F /var/folders/3w/91hphlzs0rv_1twbkfyhvn6m0000gn/T/condisco-preflight.ngRWOC/DerivedData/Build/Products/Debug-iphonesimulator -emit-localized-strings -emit-localized-strings-path /var/folders/3w/91hphlzs0rv_1twbkfyhvn6m0000gn/T/condisco-preflight.ngRWOC/DerivedData/Build/Intermediates.noindex/Condisco.build/Debug-iphonesimulator/Condisco.build/Objects-normal/arm64 -c -j6 -enable-batch-mode -incremental -Xcc -ivfsstatcache -Xcc /var/folders/3w/91hphlzs0rv_1twbkfyhvn6m0000gn/T/condisco-preflight.ngRWOC/DerivedData/SDKStatCaches.noindex/iphonesimulator27.0-24A430-8dc58220667be655e1bcc261a7455254.sdkstatcache -output-file-map /var/folders/3w/91hphlzs0rv_1twbkfyhvn6m0000gn/T/condisco-preflight.ngRWOC/DerivedData/Build/Intermediates.noindex/Condisco.build/Debug-iphonesimulator/Condisco.build/Objects-normal/arm64/Condisco-OutputFileMap.json -save-temps -no-color-diagnostics -explicit-module-build -module-cache-path /var/folders/3w/91hphlzs0rv_1twbkfyhvn6m0000gn/T/condisco-preflight.ngRWOC/DerivedData/Build/Intermediates.noindex/SwiftExplicitPrecompiledModules -clang-scanner-module-cache-path /var/folders/3w/91hphlzs0rv_1twbkfyhvn6m0000gn/T/condisco-preflight.ngRWOC/DerivedData/ModuleCache.noindex -sdk-module-cache-path /var/folders/3w/91hphlzs0rv_1twbkfyhvn6m0000gn/T/condisco-preflight.ngRWOC/DerivedData/SDKExplicitPrecompiledModules -emit-dependencies -emit-module -emit-module-path /var/folders/3w/91hphlzs0rv_1twbkfyhvn6m0000gn/T/condisco-preflight.ngRWOC/DerivedData/Build/Intermediates.noindex/Condisco.build/Debug-iphonesimulator/Condisco.build/Objects-normal/arm64/Condisco.swiftmodule -serialize-diagnostics -dependency-scan-serialize-diagnostics-path /var/folders/3w/91hphlzs0rv_1twbkfyhvn6m0000gn/T/condisco-preflight.ngRWOC/DerivedData/Build/Intermediates.noindex/Condisco.build/Debug-iphonesimulator/Condisco.build/Objects-normal/arm64/Condisco-dependency-scan.dia -validate-clang-modules-once -clang-build-session-file /var/folders/3w/91hphlzs0rv_1twbkfyhvn6m0000gn/T/condisco-preflight.ngRWOC/DerivedData/ModuleCache.noindex/Session.modulevalidation -Xcc -fmodules-prune-interval\=86400 -Xcc -fmodules-prune-after\=345600 -emit-const-values -const-gather-protocols-list /var/folders/3w/91hphlzs0rv_1twbkfyhvn6m0000gn/T/condisco-preflight.ngRWOC/DerivedData/Build/Intermediates.noindex/Condisco.build/Debug-iphonesimulator/Condisco.build/Objects-normal/arm64/Condisco_const_extract_protocols.json -Xcc -iquote -Xcc /var/folders/3w/91hphlzs0rv_1twbkfyhvn6m0000gn/T/condisco-preflight.ngRWOC/DerivedData/Build/Intermediates.noindex/Condisco.build/Debug-iphonesimulator/Condisco.build/Condisco-generated-files.hmap -Xcc -I/var/folders/3w/91hphlzs0rv_1twbkfyhvn6m0000gn/T/condisco-preflight.ngRWOC/DerivedData/Build/Intermediates.noindex/Condisco.build/Debug-iphonesimulator/Condisco.build/Condisco-own-target-headers.hmap -Xcc -I/var/folders/3w/91hphlzs0rv_1twbkfyhvn6m0000gn/T/condisco-preflight.ngRWOC/DerivedData/Build/Intermediates.noindex/Condisco.build/Debug-iphonesimulator/Condisco.build/Condisco-all-target-headers.hmap -Xcc -iquote -Xcc /var/folders/3w/91hphlzs0rv_1twbkfyhvn6m0000gn/T/condisco-preflight.ngRWOC/DerivedData/Build/Intermediates.noindex/Condisco.build/Debug-iphonesimulator/Condisco.build/Condisco-project-headers.hmap -Xcc -I/var/folders/3w/91hphlzs0rv_1twbkfyhvn6m0000gn/T/condisco-preflight.ngRWOC/DerivedData/Build/Products/Debug-iphonesimulator/include -Xcc -I/var/folders/3w/91hphlzs0rv_1twbkfyhvn6m0000gn/T/condisco-preflight.ngRWOC/DerivedData/Build/Intermediates.noindex/Condisco.build/Debug-iphonesimulator/Condisco.build/DerivedSources-normal/arm64 -Xcc -I/var/folders/3w/91hphlzs0rv_1twbkfyhvn6m0000gn/T/condisco-preflight.ngRWOC/DerivedData/Build/Intermediates.noindex/Condisco.build/Debug-iphonesimulator/Condisco.build/DerivedSources/arm64 -Xcc -I/var/folders/3w/91hphlzs0rv_1twbkfyhvn6m0000gn/T/condisco-preflight.ngRWOC/DerivedData/Build/Intermediates.noindex/Condisco.build/Debug-iphonesimulator/Condisco.build/DerivedSources -Xcc -DDEBUG\=1 -Xcc -DDEBUG\=1 -emit-objc-header -emit-objc-header-path /var/folders/3w/91hphlzs0rv_1twbkfyhvn6m0000gn/T/condisco-preflight.ngRWOC/DerivedData/Build/Intermediates.noindex/Condisco.build/Debug-iphonesimulator/Condisco.build/Objects-normal/arm64/Condisco-Swift.h -working-directory /Users/spkoehl/Projects/VerbaLibera -experimental-emit-module-separately -disable-cmo

Ld /var/folders/3w/91hphlzs0rv_1twbkfyhvn6m0000gn/T/condisco-preflight.ngRWOC/DerivedData/Build/Products/Debug-iphonesimulator/CondiscoWidget.appex/CondiscoWidget normal (in target 'CondiscoWidget' from project 'Condisco')
    cd /Users/spkoehl/Projects/VerbaLibera
    /Applications/Xcode.app/Contents/Developer/Toolchains/XcodeDefault.xctoolchain/usr/bin/clang -Xlinker -reproducible -target arm64-apple-ios17.0-simulator -isysroot /Applications/Xcode.app/Contents/Developer/Platforms/iPhoneSimulator.platform/Developer/SDKs/iPhoneSimulator27.0.sdk -O0 -Xlinker -no_warn_duplicate_libraries -L/var/folders/3w/91hphlzs0rv_1twbkfyhvn6m0000gn/T/condisco-preflight.ngRWOC/DerivedData/Build/Products/Debug-iphonesimulator -F/var/folders/3w/91hphlzs0rv_1twbkfyhvn6m0000gn/T/condisco-preflight.ngRWOC/DerivedData/Build/Products/Debug-iphonesimulator -Xlinker -rpath -Xlinker @executable_path -rdynamic -Xlinker -no_deduplicate -Xlinker -objc_abi_version -Xlinker 2 -e ___debug_blank_executor_main -Xlinker -sectcreate -Xlinker __TEXT -Xlinker __debug_dylib -Xlinker /var/folders/3w/91hphlzs0rv_1twbkfyhvn6m0000gn/T/condisco-preflight.ngRWOC/DerivedData/Build/Intermediates.noindex/Condisco.build/Debug-iphonesimulator/CondiscoWidget.build/CondiscoWidget-DebugDylibPath-normal-arm64.txt -Xlinker -sectcreate -Xlinker __TEXT -Xlinker __debug_entry -Xlinker /var/folders/3w/91hphlzs0rv_1twbkfyhvn6m0000gn/T/condisco-preflight.ngRWOC/DerivedData/Build/Intermediates.noindex/Condisco.build/Debug-iphonesimulator/CondiscoWidget.build/CondiscoWidget-DebugEntryPoint-normal-arm64.txt -Xlinker -sectcreate -Xlinker __TEXT -Xlinker __debug_instlnm -Xlinker /var/folders/3w/91hphlzs0rv_1twbkfyhvn6m0000gn/T/condisco-preflight.ngRWOC/DerivedData/Build/Intermediates.noindex/Condisco.build/Debug-iphonesimulator/CondiscoWidget.build/CondiscoWidget-DebugDylibInstallName-normal-arm64.txt -Xlinker -filelist -Xlinker /var/folders/3w/91hphlzs0rv_1twbkfyhvn6m0000gn/T/condisco-preflight.ngRWOC/DerivedData/Build/Intermediates.noindex/Condisco.build/Debug-iphonesimulator/CondiscoWidget.build/CondiscoWidget-ExecutorLinkFileList-normal-arm64.txt -Xlinker -sectcreate -Xlinker __TEXT -Xlinker __entitlements -Xlinker /var/folders/3w/91hphlzs0rv_1twbkfyhvn6m0000gn/T/condisco-preflight.ngRWOC/DerivedData/Build/Intermediates.noindex/Condisco.build/Debug-iphonesimulator/CondiscoWidget.build/CondiscoWidget.appex-Simulated.xcent -Xlinker -sectcreate -Xlinker __TEXT -Xlinker __ents_der -Xlinker /var/folders/3w/91hphlzs0rv_1twbkfyhvn6m0000gn/T/condisco-preflight.ngRWOC/DerivedData/Build/Intermediates.noindex/Condisco.build/Debug-iphonesimulator/CondiscoWidget.build/CondiscoWidget.appex-Simulated.xcent.der /var/folders/3w/91hphlzs0rv_1twbkfyhvn6m0000gn/T/condisco-preflight.ngRWOC/DerivedData/Build/Products/Debug-iphonesimulator/CondiscoWidget.appex/CondiscoWidget.debug.dylib -Xlinker -no_adhoc_codesign -o /var/folders/3w/91hphlzs0rv_1twbkfyhvn6m0000gn/T/condisco-preflight.ngRWOC/DerivedData/Build/Products/Debug-iphonesimulator/CondiscoWidget.appex/CondiscoWidget

SwiftMergeGeneratedHeaders /var/folders/3w/91hphlzs0rv_1twbkfyhvn6m0000gn/T/condisco-preflight.ngRWOC/DerivedData/Build/Intermediates.noindex/Condisco.build/Debug-iphonesimulator/Condisco.build/DerivedSources/Condisco-Swift.h /var/folders/3w/91hphlzs0rv_1twbkfyhvn6m0000gn/T/condisco-preflight.ngRWOC/DerivedData/Build/Intermediates.noindex/Condisco.build/Debug-iphonesimulator/Condisco.build/Objects-normal/arm64/Condisco-Swift.h (in target 'Condisco' from project 'Condisco')
    cd /Users/spkoehl/Projects/VerbaLibera
    builtin-swiftHeaderTool -arch arm64 /var/folders/3w/91hphlzs0rv_1twbkfyhvn6m0000gn/T/condisco-preflight.ngRWOC/DerivedData/Build/Intermediates.noindex/Condisco.build/Debug-iphonesimulator/Condisco.build/Objects-normal/arm64/Condisco-Swift.h -o /var/folders/3w/91hphlzs0rv_1twbkfyhvn6m0000gn/T/condisco-preflight.ngRWOC/DerivedData/Build/Intermediates.noindex/Condisco.build/Debug-iphonesimulator/Condisco.build/DerivedSources/Condisco-Swift.h

Copy /var/folders/3w/91hphlzs0rv_1twbkfyhvn6m0000gn/T/condisco-preflight.ngRWOC/DerivedData/Build/Products/Debug-iphonesimulator/Condisco.swiftmodule/arm64-apple-ios-simulator.swiftmodule /var/folders/3w/91hphlzs0rv_1twbkfyhvn6m0000gn/T/condisco-preflight.ngRWOC/DerivedData/Build/Intermediates.noindex/Condisco.build/Debug-iphonesimulator/Condisco.build/Objects-normal/arm64/Condisco.swiftmodule (in target 'Condisco' from project 'Condisco')
    cd /Users/spkoehl/Projects/VerbaLibera
    builtin-copy -exclude .DS_Store -exclude CVS -exclude .svn -exclude .git -exclude .hg -resolve-src-symlinks -rename /var/folders/3w/91hphlzs0rv_1twbkfyhvn6m0000gn/T/condisco-preflight.ngRWOC/DerivedData/Build/Intermediates.noindex/Condisco.build/Debug-iphonesimulator/Condisco.build/Objects-normal/arm64/Condisco.swiftmodule /var/folders/3w/91hphlzs0rv_1twbkfyhvn6m0000gn/T/condisco-preflight.ngRWOC/DerivedData/Build/Products/Debug-iphonesimulator/Condisco.swiftmodule/arm64-apple-ios-simulator.swiftmodule

Copy /var/folders/3w/91hphlzs0rv_1twbkfyhvn6m0000gn/T/condisco-preflight.ngRWOC/DerivedData/Build/Products/Debug-iphonesimulator/Condisco.swiftmodule/arm64-apple-ios-simulator.swiftdoc /var/folders/3w/91hphlzs0rv_1twbkfyhvn6m0000gn/T/condisco-preflight.ngRWOC/DerivedData/Build/Intermediates.noindex/Condisco.build/Debug-iphonesimulator/Condisco.build/Objects-normal/arm64/Condisco.swiftdoc (in target 'Condisco' from project 'Condisco')
    cd /Users/spkoehl/Projects/VerbaLibera
    builtin-copy -exclude .DS_Store -exclude CVS -exclude .svn -exclude .git -exclude .hg -resolve-src-symlinks -rename /var/folders/3w/91hphlzs0rv_1twbkfyhvn6m0000gn/T/condisco-preflight.ngRWOC/DerivedData/Build/Intermediates.noindex/Condisco.build/Debug-iphonesimulator/Condisco.build/Objects-normal/arm64/Condisco.swiftdoc /var/folders/3w/91hphlzs0rv_1twbkfyhvn6m0000gn/T/condisco-preflight.ngRWOC/DerivedData/Build/Products/Debug-iphonesimulator/Condisco.swiftmodule/arm64-apple-ios-simulator.swiftdoc

Copy /var/folders/3w/91hphlzs0rv_1twbkfyhvn6m0000gn/T/condisco-preflight.ngRWOC/DerivedData/Build/Products/Debug-iphonesimulator/Condisco.swiftmodule/arm64-apple-ios-simulator.abi.json /var/folders/3w/91hphlzs0rv_1twbkfyhvn6m0000gn/T/condisco-preflight.ngRWOC/DerivedData/Build/Intermediates.noindex/Condisco.build/Debug-iphonesimulator/Condisco.build/Objects-normal/arm64/Condisco.abi.json (in target 'Condisco' from project 'Condisco')
    cd /Users/spkoehl/Projects/VerbaLibera
    builtin-copy -exclude .DS_Store -exclude CVS -exclude .svn -exclude .git -exclude .hg -resolve-src-symlinks -rename /var/folders/3w/91hphlzs0rv_1twbkfyhvn6m0000gn/T/condisco-preflight.ngRWOC/DerivedData/Build/Intermediates.noindex/Condisco.build/Debug-iphonesimulator/Condisco.build/Objects-normal/arm64/Condisco.abi.json /var/folders/3w/91hphlzs0rv_1twbkfyhvn6m0000gn/T/condisco-preflight.ngRWOC/DerivedData/Build/Products/Debug-iphonesimulator/Condisco.swiftmodule/arm64-apple-ios-simulator.abi.json

Copy /var/folders/3w/91hphlzs0rv_1twbkfyhvn6m0000gn/T/condisco-preflight.ngRWOC/DerivedData/Build/Products/Debug-iphonesimulator/Condisco.swiftmodule/Project/arm64-apple-ios-simulator.swiftsourceinfo /var/folders/3w/91hphlzs0rv_1twbkfyhvn6m0000gn/T/condisco-preflight.ngRWOC/DerivedData/Build/Intermediates.noindex/Condisco.build/Debug-iphonesimulator/Condisco.build/Objects-normal/arm64/Condisco.swiftsourceinfo (in target 'Condisco' from project 'Condisco')
    cd /Users/spkoehl/Projects/VerbaLibera
    builtin-copy -exclude .DS_Store -exclude CVS -exclude .svn -exclude .git -exclude .hg -resolve-src-symlinks -rename /var/folders/3w/91hphlzs0rv_1twbkfyhvn6m0000gn/T/condisco-preflight.ngRWOC/DerivedData/Build/Intermediates.noindex/Condisco.build/Debug-iphonesimulator/Condisco.build/Objects-normal/arm64/Condisco.swiftsourceinfo /var/folders/3w/91hphlzs0rv_1twbkfyhvn6m0000gn/T/condisco-preflight.ngRWOC/DerivedData/Build/Products/Debug-iphonesimulator/Condisco.swiftmodule/Project/arm64-apple-ios-simulator.swiftsourceinfo

SwiftCompile normal arm64 Compiling\ CloudKitSync.swift,\ YouModel.swift,\ YouView.swift,\ Support.swift,\ PhraseCard.swift,\ ShadowMode.swift,\ Phrasebook.swift,\ Glossary.swift,\ LessonMoments.swift /Users/spkoehl/Projects/VerbaLibera/Condisco/Sync/CloudKitSync.swift /Users/spkoehl/Projects/VerbaLibera/Condisco/You/YouModel.swift /Users/spkoehl/Projects/VerbaLibera/Condisco/You/YouView.swift /Users/spkoehl/Projects/VerbaLibera/Condisco/You/Support.swift /Users/spkoehl/Projects/VerbaLibera/Condisco/Lesson/PhraseCard.swift /Users/spkoehl/Projects/VerbaLibera/Condisco/Listen/ShadowMode.swift /Users/spkoehl/Projects/VerbaLibera/Condisco/Lesson/Phrasebook.swift /Users/spkoehl/Projects/VerbaLibera/Condisco/Lesson/Glossary.swift /Users/spkoehl/Projects/VerbaLibera/Condisco/Lesson/LessonMoments.swift (in target 'Condisco' from project 'Condisco')

SwiftCompile normal arm64 /Users/spkoehl/Projects/VerbaLibera/Condisco/Sync/CloudKitSync.swift (in target 'Condisco' from project 'Condisco')
    cd /Users/spkoehl/Projects/VerbaLibera
    builtin-SwiftPerFileCompile CloudKitSync.swift

SwiftCompile normal arm64 /Users/spkoehl/Projects/VerbaLibera/Condisco/You/YouModel.swift (in target 'Condisco' from project 'Condisco')
    cd /Users/spkoehl/Projects/VerbaLibera
    builtin-SwiftPerFileCompile YouModel.swift

SwiftCompile normal arm64 /Users/spkoehl/Projects/VerbaLibera/Condisco/You/YouView.swift (in target 'Condisco' from project 'Condisco')
    cd /Users/spkoehl/Projects/VerbaLibera
    builtin-SwiftPerFileCompile YouView.swift

SwiftCompile normal arm64 /Users/spkoehl/Projects/VerbaLibera/Condisco/You/Support.swift (in target 'Condisco' from project 'Condisco')
    cd /Users/spkoehl/Projects/VerbaLibera
    builtin-SwiftPerFileCompile Support.swift

SwiftCompile normal arm64 /Users/spkoehl/Projects/VerbaLibera/Condisco/Lesson/PhraseCard.swift (in target 'Condisco' from project 'Condisco')
    cd /Users/spkoehl/Projects/VerbaLibera
    builtin-SwiftPerFileCompile PhraseCard.swift

SwiftCompile normal arm64 /Users/spkoehl/Projects/VerbaLibera/Condisco/Listen/ShadowMode.swift (in target 'Condisco' from project 'Condisco')
    cd /Users/spkoehl/Projects/VerbaLibera
    builtin-SwiftPerFileCompile ShadowMode.swift

SwiftCompile normal arm64 /Users/spkoehl/Projects/VerbaLibera/Condisco/Lesson/Phrasebook.swift (in target 'Condisco' from project 'Condisco')
    cd /Users/spkoehl/Projects/VerbaLibera
    builtin-SwiftPerFileCompile Phrasebook.swift

SwiftCompile normal arm64 /Users/spkoehl/Projects/VerbaLibera/Condisco/Lesson/Glossary.swift (in target 'Condisco' from project 'Condisco')
    cd /Users/spkoehl/Projects/VerbaLibera
    builtin-SwiftPerFileCompile Glossary.swift

SwiftCompile normal arm64 /Users/spkoehl/Projects/VerbaLibera/Condisco/Lesson/LessonMoments.swift (in target 'Condisco' from project 'Condisco')
    cd /Users/spkoehl/Projects/VerbaLibera
    builtin-SwiftPerFileCompile LessonMoments.swift

SwiftDriverJobDiscovery normal arm64 Compiling CheckpointFlow.swift, DeepLink.swift, CondiscoIntents.swift, SpotlightIndex.swift, LessonCatalog.generated.swift, WidgetSnapshot.swift, WidgetSnapshotWriter.swift, ImportValidator.swift, GeneratedAssetSymbols.swift (in target 'Condisco' from project 'Condisco')

ExtractAppIntentsMetadata (in target 'CondiscoWidget' from project 'Condisco')
    cd /Users/spkoehl/Projects/VerbaLibera
    /Applications/Xcode.app/Contents/Developer/Toolchains/XcodeDefault.xctoolchain/usr/bin/appintentsmetadataprocessor --toolchain-dir /Applications/Xcode.app/Contents/Developer/Toolchains/XcodeDefault.xctoolchain --module-name CondiscoWidget --sdk-root /Applications/Xcode.app/Contents/Developer/Platforms/iPhoneSimulator.platform/Developer/SDKs/iPhoneSimulator27.0.sdk --xcode-version 27A266a --platform-family iOS --deployment-target 17.0 --bundle-identifier com.sleuthysloth.condisco.CondiscoWidget --output /var/folders/3w/91hphlzs0rv_1twbkfyhvn6m0000gn/T/condisco-preflight.ngRWOC/DerivedData/Build/Products/Debug-iphonesimulator/CondiscoWidget.appex --target-triple arm64-apple-ios17.0-simulator --binary-file /var/folders/3w/91hphlzs0rv_1twbkfyhvn6m0000gn/T/condisco-preflight.ngRWOC/DerivedData/Build/Products/Debug-iphonesimulator/CondiscoWidget.appex/CondiscoWidget --dependency-file /var/folders/3w/91hphlzs0rv_1twbkfyhvn6m0000gn/T/condisco-preflight.ngRWOC/DerivedData/Build/Intermediates.noindex/Condisco.build/Debug-iphonesimulator/CondiscoWidget.build/Objects-normal/arm64/CondiscoWidget_dependency_info.dat --stringsdata-file /var/folders/3w/91hphlzs0rv_1twbkfyhvn6m0000gn/T/condisco-preflight.ngRWOC/DerivedData/Build/Intermediates.noindex/Condisco.build/Debug-iphonesimulator/CondiscoWidget.build/Objects-normal/arm64/ExtractedAppShortcutsMetadata.stringsdata --source-file-list /var/folders/3w/91hphlzs0rv_1twbkfyhvn6m0000gn/T/condisco-preflight.ngRWOC/DerivedData/Build/Intermediates.noindex/Condisco.build/Debug-iphonesimulator/CondiscoWidget.build/Objects-normal/arm64/CondiscoWidget.SwiftFileList --metadata-file-list /var/folders/3w/91hphlzs0rv_1twbkfyhvn6m0000gn/T/condisco-preflight.ngRWOC/DerivedData/Build/Intermediates.noindex/Condisco.build/Debug-iphonesimulator/CondiscoWidget.build/CondiscoWidget.DependencyMetadataFileList --static-metadata-file-list /var/folders/3w/91hphlzs0rv_1twbkfyhvn6m0000gn/T/condisco-preflight.ngRWOC/DerivedData/Build/Intermediates.noindex/Condisco.build/Debug-iphonesimulator/CondiscoWidget.build/CondiscoWidget.DependencyStaticMetadataFileList --swift-const-vals-list /var/folders/3w/91hphlzs0rv_1twbkfyhvn6m0000gn/T/condisco-preflight.ngRWOC/DerivedData/Build/Intermediates.noindex/Condisco.build/Debug-iphonesimulator/CondiscoWidget.build/Objects-normal/arm64/CondiscoWidget.SwiftConstValuesFileList --compile-time-extraction --deployment-aware-processing --no-app-shortcuts-localization
2026-09-27 02:57:37.092 appintentsmetadataprocessor[77148:2024069] Starting appintentsmetadataprocessor export
2026-09-27 02:57:37.208 appintentsmetadataprocessor[77148:2024069] Extracted no relevant App Intents symbols, skipping writing output

AppIntentsSSUTraining (in target 'CondiscoWidget' from project 'Condisco')
    cd /Users/spkoehl/Projects/VerbaLibera
    /Applications/Xcode.app/Contents/Developer/Toolchains/XcodeDefault.xctoolchain/usr/bin/appintentsnltrainingprocessor --infoplist-path /var/folders/3w/91hphlzs0rv_1twbkfyhvn6m0000gn/T/condisco-preflight.ngRWOC/DerivedData/Build/Products/Debug-iphonesimulator/CondiscoWidget.appex/Info.plist --temp-dir-path /var/folders/3w/91hphlzs0rv_1twbkfyhvn6m0000gn/T/condisco-preflight.ngRWOC/DerivedData/Build/Intermediates.noindex/Condisco.build/Debug-iphonesimulator/CondiscoWidget.build/ssu --bundle-id com.sleuthysloth.condisco.CondiscoWidget --product-path /var/folders/3w/91hphlzs0rv_1twbkfyhvn6m0000gn/T/condisco-preflight.ngRWOC/DerivedData/Build/Products/Debug-iphonesimulator/CondiscoWidget.appex --extracted-metadata-path /var/folders/3w/91hphlzs0rv_1twbkfyhvn6m0000gn/T/condisco-preflight.ngRWOC/DerivedData/Build/Products/Debug-iphonesimulator/CondiscoWidget.appex/Metadata.appintents --metadata-file-list /var/folders/3w/91hphlzs0rv_1twbkfyhvn6m0000gn/T/condisco-preflight.ngRWOC/DerivedData/Build/Intermediates.noindex/Condisco.build/Debug-iphonesimulator/CondiscoWidget.build/CondiscoWidget.DependencyMetadataFileList --source-file /var/folders/3w/91hphlzs0rv_1twbkfyhvn6m0000gn/T/condisco-preflight.ngRWOC/DerivedData/Build/Products/Debug-iphonesimulator/CondiscoWidget.appex/Info.plist --archive-ssu-assets
2026-09-27 02:57:37.255 appintentsnltrainingprocessor[77149:2024074] Parsing options for appintentsnltrainingprocessor
2026-09-27 02:57:37.255 appintentsnltrainingprocessor[77149:2024074] Starting AppIntents SSU YAML Generation
2026-09-27 02:57:37.259 appintentsnltrainingprocessor[77149:2024074] No AppShortcuts found - Skipping.

ProcessProductPackaging "" /var/folders/3w/91hphlzs0rv_1twbkfyhvn6m0000gn/T/condisco-preflight.ngRWOC/DerivedData/Build/Intermediates.noindex/Condisco.build/Debug-iphonesimulator/CondiscoUITests.build/CondiscoUITests.xctest-Simulated.xcent (in target 'CondiscoUITests' from project 'Condisco')
    cd /Users/spkoehl/Projects/VerbaLibera
    
    Entitlements:
    
    {
    "application-identifier" = "PN9T9MT37J.com.sleuthysloth.condisco.UITests.xctrunner";
    "keychain-access-groups" =     (
        "PN9T9MT37J.com.sleuthysloth.condisco.UITests.xctrunner"
    );
}
    
    builtin-productPackagingUtility -entitlements -format xml -o /var/folders/3w/91hphlzs0rv_1twbkfyhvn6m0000gn/T/condisco-preflight.ngRWOC/DerivedData/Build/Intermediates.noindex/Condisco.build/Debug-iphonesimulator/CondiscoUITests.build/CondiscoUITests.xctest-Simulated.xcent

ProcessProductPackagingDER /var/folders/3w/91hphlzs0rv_1twbkfyhvn6m0000gn/T/condisco-preflight.ngRWOC/DerivedData/Build/Intermediates.noindex/Condisco.build/Debug-iphonesimulator/CondiscoUITests.build/CondiscoUITests.xctest-Simulated.xcent /var/folders/3w/91hphlzs0rv_1twbkfyhvn6m0000gn/T/condisco-preflight.ngRWOC/DerivedData/Build/Intermediates.noindex/Condisco.build/Debug-iphonesimulator/CondiscoUITests.build/CondiscoUITests.xctest-Simulated.xcent.der (in target 'CondiscoUITests' from project 'Condisco')
    cd /Users/spkoehl/Projects/VerbaLibera
    /usr/bin/derq query -f xml -i /var/folders/3w/91hphlzs0rv_1twbkfyhvn6m0000gn/T/condisco-preflight.ngRWOC/DerivedData/Build/Intermediates.noindex/Condisco.build/Debug-iphonesimulator/CondiscoUITests.build/CondiscoUITests.xctest-Simulated.xcent -o /var/folders/3w/91hphlzs0rv_1twbkfyhvn6m0000gn/T/condisco-preflight.ngRWOC/DerivedData/Build/Intermediates.noindex/Condisco.build/Debug-iphonesimulator/CondiscoUITests.build/CondiscoUITests.xctest-Simulated.xcent.der --raw

CodeSign /var/folders/3w/91hphlzs0rv_1twbkfyhvn6m0000gn/T/condisco-preflight.ngRWOC/DerivedData/Build/Products/Debug-iphonesimulator/CondiscoWidget.appex/CondiscoWidget.debug.dylib (in target 'CondiscoWidget' from project 'Condisco')
    cd /Users/spkoehl/Projects/VerbaLibera
    
    Signing Identity:     "Sign to Run Locally"
    
    /usr/bin/codesign --force --sign - --timestamp\=none --generate-entitlement-der /var/folders/3w/91hphlzs0rv_1twbkfyhvn6m0000gn/T/condisco-preflight.ngRWOC/DerivedData/Build/Products/Debug-iphonesimulator/CondiscoWidget.appex/CondiscoWidget.debug.dylib

CodeSign /var/folders/3w/91hphlzs0rv_1twbkfyhvn6m0000gn/T/condisco-preflight.ngRWOC/DerivedData/Build/Products/Debug-iphonesimulator/CondiscoWidget.appex/__preview.dylib (in target 'CondiscoWidget' from project 'Condisco')
    cd /Users/spkoehl/Projects/VerbaLibera
    
    Signing Identity:     "Sign to Run Locally"
    
    /usr/bin/codesign --force --sign - --timestamp\=none --generate-entitlement-der /var/folders/3w/91hphlzs0rv_1twbkfyhvn6m0000gn/T/condisco-preflight.ngRWOC/DerivedData/Build/Products/Debug-iphonesimulator/CondiscoWidget.appex/__preview.dylib

CodeSign /var/folders/3w/91hphlzs0rv_1twbkfyhvn6m0000gn/T/condisco-preflight.ngRWOC/DerivedData/Build/Products/Debug-iphonesimulator/CondiscoWidget.appex (in target 'CondiscoWidget' from project 'Condisco')
    cd /Users/spkoehl/Projects/VerbaLibera
    
    Signing Identity:     "Sign to Run Locally"
    
    /usr/bin/codesign --force --sign - --entitlements /var/folders/3w/91hphlzs0rv_1twbkfyhvn6m0000gn/T/condisco-preflight.ngRWOC/DerivedData/Build/Intermediates.noindex/Condisco.build/Debug-iphonesimulator/CondiscoWidget.build/CondiscoWidget.appex.xcent --timestamp\=none --generate-entitlement-der /var/folders/3w/91hphlzs0rv_1twbkfyhvn6m0000gn/T/condisco-preflight.ngRWOC/DerivedData/Build/Products/Debug-iphonesimulator/CondiscoWidget.appex

SwiftDriver CondiscoUITests normal arm64 com.apple.xcode.tools.swift.compiler (in target 'CondiscoUITests' from project 'Condisco')
    cd /Users/spkoehl/Projects/VerbaLibera
    builtin-SwiftDriver -- /Applications/Xcode.app/Contents/Developer/Toolchains/XcodeDefault.xctoolchain/usr/bin/swiftc -module-name CondiscoUITests -Onone @/var/folders/3w/91hphlzs0rv_1twbkfyhvn6m0000gn/T/condisco-preflight.ngRWOC/DerivedData/Build/Intermediates.noindex/Condisco.build/Debug-iphonesimulator/CondiscoUITests.build/Objects-normal/arm64/CondiscoUITests.SwiftFileList -DDEBUG -module-alias Testing\=_Testing_Unavailable -plugin-path /Applications/Xcode.app/Contents/Developer/Toolchains/XcodeDefault.xctoolchain/usr/lib/swift/host/plugins/testing -enable-bare-slash-regex -enable-experimental-feature DebugDescriptionMacro -sdk /Applications/Xcode.app/Contents/Developer/Platforms/iPhoneSimulator.platform/Developer/SDKs/iPhoneSimulator27.0.sdk -target arm64-apple-ios17.0-simulator -g -module-cache-path /var/folders/3w/91hphlzs0rv_1twbkfyhvn6m0000gn/T/condisco-preflight.ngRWOC/DerivedData/ModuleCache.noindex -Xfrontend -serialize-debugging-options -enable-testing -index-store-path /var/folders/3w/91hphlzs0rv_1twbkfyhvn6m0000gn/T/condisco-preflight.ngRWOC/DerivedData/Index.noindex/DataStore -Xcc -D_LIBCPP_HARDENING_MODE\=_LIBCPP_HARDENING_MODE_DEBUG -swift-version 5 -I /var/folders/3w/91hphlzs0rv_1twbkfyhvn6m0000gn/T/condisco-preflight.ngRWOC/DerivedData/Build/Products/Debug-iphonesimulator -Isystem /Applications/Xcode.app/Contents/Developer/Platforms/iPhoneSimulator.platform/Developer/usr/lib -F /var/folders/3w/91hphlzs0rv_1twbkfyhvn6m0000gn/T/condisco-preflight.ngRWOC/DerivedData/Build/Products/Debug-iphonesimulator -F /Applications/Xcode.app/Contents/Developer/Platforms/iPhoneSimulator.platform/Developer/Library/Frameworks -F /Applications/Xcode.app/Contents/Developer/Platforms/iPhoneSimulator.platform/Developer/SDKs/iPhoneSimulator27.0.sdk/Developer/Library/Frameworks -emit-localized-strings -emit-localized-strings-path /var/folders/3w/91hphlzs0rv_1twbkfyhvn6m0000gn/T/condisco-preflight.ngRWOC/DerivedData/Build/Intermediates.noindex/Condisco.build/Debug-iphonesimulator/CondiscoUITests.build/Objects-normal/arm64 -c -j6 -enable-batch-mode -incremental -Xcc -ivfsstatcache -Xcc /var/folders/3w/91hphlzs0rv_1twbkfyhvn6m0000gn/T/condisco-preflight.ngRWOC/DerivedData/SDKStatCaches.noindex/iphonesimulator27.0-24A430-8dc58220667be655e1bcc261a7455254.sdkstatcache -output-file-map /var/folders/3w/91hphlzs0rv_1twbkfyhvn6m0000gn/T/condisco-preflight.ngRWOC/DerivedData/Build/Intermediates.noindex/Condisco.build/Debug-iphonesimulator/CondiscoUITests.build/Objects-normal/arm64/CondiscoUITests-OutputFileMap.json -save-temps -no-color-diagnostics -explicit-module-build -module-cache-path /var/folders/3w/91hphlzs0rv_1twbkfyhvn6m0000gn/T/condisco-preflight.ngRWOC/DerivedData/Build/Intermediates.noindex/SwiftExplicitPrecompiledModules -clang-scanner-module-cache-path /var/folders/3w/91hphlzs0rv_1twbkfyhvn6m0000gn/T/condisco-preflight.ngRWOC/DerivedData/ModuleCache.noindex -sdk-module-cache-path /var/folders/3w/91hphlzs0rv_1twbkfyhvn6m0000gn/T/condisco-preflight.ngRWOC/DerivedData/SDKExplicitPrecompiledModules -emit-dependencies -emit-module -emit-module-path /var/folders/3w/91hphlzs0rv_1twbkfyhvn6m0000gn/T/condisco-preflight.ngRWOC/DerivedData/Build/Intermediates.noindex/Condisco.build/Debug-iphonesimulator/CondiscoUITests.build/Objects-normal/arm64/CondiscoUITests.swiftmodule -serialize-diagnostics -dependency-scan-serialize-diagnostics-path /var/folders/3w/91hphlzs0rv_1twbkfyhvn6m0000gn/T/condisco-preflight.ngRWOC/DerivedData/Build/Intermediates.noindex/Condisco.build/Debug-iphonesimulator/CondiscoUITests.build/Objects-normal/arm64/CondiscoUITests-dependency-scan.dia -validate-clang-modules-once -clang-build-session-file /var/folders/3w/91hphlzs0rv_1twbkfyhvn6m0000gn/T/condisco-preflight.ngRWOC/DerivedData/ModuleCache.noindex/Session.modulevalidation -Xcc -fmodules-prune-interval\=86400 -Xcc -fmodules-prune-after\=345600 -emit-const-values -const-gather-protocols-list /var/folders/3w/91hphlzs0rv_1twbkfyhvn6m0000gn/T/condisco-preflight.ngRWOC/DerivedData/Build/Intermediates.noindex/Condisco.build/Debug-iphonesimulator/CondiscoUITests.build/Objects-normal/arm64/CondiscoUITests_const_extract_protocols.json -Xcc -iquote -Xcc /var/folders/3w/91hphlzs0rv_1twbkfyhvn6m0000gn/T/condisco-preflight.ngRWOC/DerivedData/Build/Intermediates.noindex/Condisco.build/Debug-iphonesimulator/CondiscoUITests.build/CondiscoUITests-generated-files.hmap -Xcc -I/var/folders/3w/91hphlzs0rv_1twbkfyhvn6m0000gn/T/condisco-preflight.ngRWOC/DerivedData/Build/Intermediates.noindex/Condisco.build/Debug-iphonesimulator/CondiscoUITests.build/CondiscoUITests-own-target-headers.hmap -Xcc -I/var/folders/3w/91hphlzs0rv_1twbkfyhvn6m0000gn/T/condisco-preflight.ngRWOC/DerivedData/Build/Intermediates.noindex/Condisco.build/Debug-iphonesimulator/CondiscoUITests.build/CondiscoUITests-all-target-headers.hmap -Xcc -iquote -Xcc /var/folders/3w/91hphlzs0rv_1twbkfyhvn6m0000gn/T/condisco-preflight.ngRWOC/DerivedData/Build/Intermediates.noindex/Condisco.build/Debug-iphonesimulator/CondiscoUITests.build/CondiscoUITests-project-headers.hmap -Xcc -I/var/folders/3w/91hphlzs0rv_1twbkfyhvn6m0000gn/T/condisco-preflight.ngRWOC/DerivedData/Build/Products/Debug-iphonesimulator/include -Xcc -I/var/folders/3w/91hphlzs0rv_1twbkfyhvn6m0000gn/T/condisco-preflight.ngRWOC/DerivedData/Build/Intermediates.noindex/Condisco.build/Debug-iphonesimulator/CondiscoUITests.build/DerivedSources-normal/arm64 -Xcc -I/var/folders/3w/91hphlzs0rv_1twbkfyhvn6m0000gn/T/condisco-preflight.ngRWOC/DerivedData/Build/Intermediates.noindex/Condisco.build/Debug-iphonesimulator/CondiscoUITests.build/DerivedSources/arm64 -Xcc -I/var/folders/3w/91hphlzs0rv_1twbkfyhvn6m0000gn/T/condisco-preflight.ngRWOC/DerivedData/Build/Intermediates.noindex/Condisco.build/Debug-iphonesimulator/CondiscoUITests.build/DerivedSources -Xcc -DDEBUG\=1 -emit-objc-header -emit-objc-header-path /var/folders/3w/91hphlzs0rv_1twbkfyhvn6m0000gn/T/condisco-preflight.ngRWOC/DerivedData/Build/Intermediates.noindex/Condisco.build/Debug-iphonesimulator/CondiscoUITests.build/Objects-normal/arm64/CondiscoUITests-Swift.h -working-directory /Users/spkoehl/Projects/VerbaLibera -experimental-emit-module-separately -disable-cmo

SwiftDriverJobDiscovery normal arm64 Compiling ReviewModels.swift, ReviewView.swift, ReviewReminders.swift, FlashcardsView.swift, AnkiExport.swift, HandsFreeReview.swift, A11ySettings.swift, EmptyStateArt.swift, AppleSignIn.swift (in target 'Condisco' from project 'Condisco')

RegisterExecutionPolicyException /var/folders/3w/91hphlzs0rv_1twbkfyhvn6m0000gn/T/condisco-preflight.ngRWOC/DerivedData/Build/Products/Debug-iphonesimulator/CondiscoWidget.appex (in target 'CondiscoWidget' from project 'Condisco')
    cd /Users/spkoehl/Projects/VerbaLibera
    builtin-RegisterExecutionPolicyException /var/folders/3w/91hphlzs0rv_1twbkfyhvn6m0000gn/T/condisco-preflight.ngRWOC/DerivedData/Build/Products/Debug-iphonesimulator/CondiscoWidget.appex

Touch /var/folders/3w/91hphlzs0rv_1twbkfyhvn6m0000gn/T/condisco-preflight.ngRWOC/DerivedData/Build/Products/Debug-iphonesimulator/CondiscoWidget.appex (in target 'CondiscoWidget' from project 'Condisco')
    cd /Users/spkoehl/Projects/VerbaLibera
    /usr/bin/touch -c /var/folders/3w/91hphlzs0rv_1twbkfyhvn6m0000gn/T/condisco-preflight.ngRWOC/DerivedData/Build/Products/Debug-iphonesimulator/CondiscoWidget.appex

SwiftDriver CondiscoTests normal arm64 com.apple.xcode.tools.swift.compiler (in target 'CondiscoTests' from project 'Condisco')
    cd /Users/spkoehl/Projects/VerbaLibera
    builtin-SwiftDriver -- /Applications/Xcode.app/Contents/Developer/Toolchains/XcodeDefault.xctoolchain/usr/bin/swiftc -module-name CondiscoTests -Onone @/var/folders/3w/91hphlzs0rv_1twbkfyhvn6m0000gn/T/condisco-preflight.ngRWOC/DerivedData/Build/Intermediates.noindex/Condisco.build/Debug-iphonesimulator/CondiscoTests.build/Objects-normal/arm64/CondiscoTests.SwiftFileList -DDEBUG -plugin-path /Applications/Xcode.app/Contents/Developer/Toolchains/XcodeDefault.xctoolchain/usr/lib/swift/host/plugins/testing -enable-bare-slash-regex -enable-experimental-feature DebugDescriptionMacro -sdk /Applications/Xcode.app/Contents/Developer/Platforms/iPhoneSimulator.platform/Developer/SDKs/iPhoneSimulator27.0.sdk -target arm64-apple-ios17.0-simulator -g -module-cache-path /var/folders/3w/91hphlzs0rv_1twbkfyhvn6m0000gn/T/condisco-preflight.ngRWOC/DerivedData/ModuleCache.noindex -Xfrontend -serialize-debugging-options -enable-testing -index-store-path /var/folders/3w/91hphlzs0rv_1twbkfyhvn6m0000gn/T/condisco-preflight.ngRWOC/DerivedData/Index.noindex/DataStore -Xcc -D_LIBCPP_HARDENING_MODE\=_LIBCPP_HARDENING_MODE_DEBUG -swift-version 5 -I /var/folders/3w/91hphlzs0rv_1twbkfyhvn6m0000gn/T/condisco-preflight.ngRWOC/DerivedData/Build/Products/Debug-iphonesimulator -Isystem /Applications/Xcode.app/Contents/Developer/Platforms/iPhoneSimulator.platform/Developer/usr/lib -F /var/folders/3w/91hphlzs0rv_1twbkfyhvn6m0000gn/T/condisco-preflight.ngRWOC/DerivedData/Build/Products/Debug-iphonesimulator -F /Applications/Xcode.app/Contents/Developer/Platforms/iPhoneSimulator.platform/Developer/Library/Frameworks -F /Applications/Xcode.app/Contents/Developer/Platforms/iPhoneSimulator.platform/Developer/SDKs/iPhoneSimulator27.0.sdk/Developer/Library/Frameworks -emit-localized-strings -emit-localized-strings-path /var/folders/3w/91hphlzs0rv_1twbkfyhvn6m0000gn/T/condisco-preflight.ngRWOC/DerivedData/Build/Intermediates.noindex/Condisco.build/Debug-iphonesimulator/CondiscoTests.build/Objects-normal/arm64 -c -j6 -enable-batch-mode -incremental -Xcc -ivfsstatcache -Xcc /var/folders/3w/91hphlzs0rv_1twbkfyhvn6m0000gn/T/condisco-preflight.ngRWOC/DerivedData/SDKStatCaches.noindex/iphonesimulator27.0-24A430-8dc58220667be655e1bcc261a7455254.sdkstatcache -output-file-map /var/folders/3w/91hphlzs0rv_1twbkfyhvn6m0000gn/T/condisco-preflight.ngRWOC/DerivedData/Build/Intermediates.noindex/Condisco.build/Debug-iphonesimulator/CondiscoTests.build/Objects-normal/arm64/CondiscoTests-OutputFileMap.json -save-temps -no-color-diagnostics -explicit-module-build -module-cache-path /var/folders/3w/91hphlzs0rv_1twbkfyhvn6m0000gn/T/condisco-preflight.ngRWOC/DerivedData/Build/Intermediates.noindex/SwiftExplicitPrecompiledModules -clang-scanner-module-cache-path /var/folders/3w/91hphlzs0rv_1twbkfyhvn6m0000gn/T/condisco-preflight.ngRWOC/DerivedData/ModuleCache.noindex -sdk-module-cache-path /var/folders/3w/91hphlzs0rv_1twbkfyhvn6m0000gn/T/condisco-preflight.ngRWOC/DerivedData/SDKExplicitPrecompiledModules -emit-dependencies -emit-module -emit-module-path /var/folders/3w/91hphlzs0rv_1twbkfyhvn6m0000gn/T/condisco-preflight.ngRWOC/DerivedData/Build/Intermediates.noindex/Condisco.build/Debug-iphonesimulator/CondiscoTests.build/Objects-normal/arm64/CondiscoTests.swiftmodule -serialize-diagnostics -dependency-scan-serialize-diagnostics-path /var/folders/3w/91hphlzs0rv_1twbkfyhvn6m0000gn/T/condisco-preflight.ngRWOC/DerivedData/Build/Intermediates.noindex/Condisco.build/Debug-iphonesimulator/CondiscoTests.build/Objects-normal/arm64/CondiscoTests-dependency-scan.dia -validate-clang-modules-once -clang-build-session-file /var/folders/3w/91hphlzs0rv_1twbkfyhvn6m0000gn/T/condisco-preflight.ngRWOC/DerivedData/ModuleCache.noindex/Session.modulevalidation -Xcc -fmodules-prune-interval\=86400 -Xcc -fmodules-prune-after\=345600 -emit-const-values -const-gather-protocols-list /var/folders/3w/91hphlzs0rv_1twbkfyhvn6m0000gn/T/condisco-preflight.ngRWOC/DerivedData/Build/Intermediates.noindex/Condisco.build/Debug-iphonesimulator/CondiscoTests.build/Objects-normal/arm64/CondiscoTests_const_extract_protocols.json -Xcc -iquote -Xcc /var/folders/3w/91hphlzs0rv_1twbkfyhvn6m0000gn/T/condisco-preflight.ngRWOC/DerivedData/Build/Intermediates.noindex/Condisco.build/Debug-iphonesimulator/CondiscoTests.build/CondiscoTests-generated-files.hmap -Xcc -I/var/folders/3w/91hphlzs0rv_1twbkfyhvn6m0000gn/T/condisco-preflight.ngRWOC/DerivedData/Build/Intermediates.noindex/Condisco.build/Debug-iphonesimulator/CondiscoTests.build/CondiscoTests-own-target-headers.hmap -Xcc -I/var/folders/3w/91hphlzs0rv_1twbkfyhvn6m0000gn/T/condisco-preflight.ngRWOC/DerivedData/Build/Intermediates.noindex/Condisco.build/Debug-iphonesimulator/CondiscoTests.build/CondiscoTests-all-target-headers.hmap -Xcc -iquote -Xcc /var/folders/3w/91hphlzs0rv_1twbkfyhvn6m0000gn/T/condisco-preflight.ngRWOC/DerivedData/Build/Intermediates.noindex/Condisco.build/Debug-iphonesimulator/CondiscoTests.build/CondiscoTests-project-headers.hmap -Xcc -I/var/folders/3w/91hphlzs0rv_1twbkfyhvn6m0000gn/T/condisco-preflight.ngRWOC/DerivedData/Build/Products/Debug-iphonesimulator/include -Xcc -I/var/folders/3w/91hphlzs0rv_1twbkfyhvn6m0000gn/T/condisco-preflight.ngRWOC/DerivedData/Build/Intermediates.noindex/Condisco.build/Debug-iphonesimulator/CondiscoTests.build/DerivedSources-normal/arm64 -Xcc -I/var/folders/3w/91hphlzs0rv_1twbkfyhvn6m0000gn/T/condisco-preflight.ngRWOC/DerivedData/Build/Intermediates.noindex/Condisco.build/Debug-iphonesimulator/CondiscoTests.build/DerivedSources/arm64 -Xcc -I/var/folders/3w/91hphlzs0rv_1twbkfyhvn6m0000gn/T/condisco-preflight.ngRWOC/DerivedData/Build/Intermediates.noindex/Condisco.build/Debug-iphonesimulator/CondiscoTests.build/DerivedSources -Xcc -DDEBUG\=1 -emit-objc-header -emit-objc-header-path /var/folders/3w/91hphlzs0rv_1twbkfyhvn6m0000gn/T/condisco-preflight.ngRWOC/DerivedData/Build/Intermediates.noindex/Condisco.build/Debug-iphonesimulator/CondiscoTests.build/Objects-normal/arm64/CondiscoTests-Swift.h -working-directory /Users/spkoehl/Projects/VerbaLibera -experimental-emit-module-separately -disable-cmo

SwiftExplicitDependencyGeneratePcm arm64 /var/folders/3w/91hphlzs0rv_1twbkfyhvn6m0000gn/T/condisco-preflight.ngRWOC/DerivedData/Build/Intermediates.noindex/SwiftExplicitPrecompiledModules/XCUIAutomation-9ALWRVSAWWC21HL0QHPEVFEMS.pcm

Ld /var/folders/3w/91hphlzs0rv_1twbkfyhvn6m0000gn/T/condisco-preflight.ngRWOC/DerivedData/Build/Products/Debug-iphonesimulator/Condisco.app/__preview.dylib normal (in target 'Condisco' from project 'Condisco')
    cd /Users/spkoehl/Projects/VerbaLibera
    /Applications/Xcode.app/Contents/Developer/Toolchains/XcodeDefault.xctoolchain/usr/bin/clang -Xlinker -reproducible -target arm64-apple-ios17.0-simulator -dynamiclib -isysroot /Applications/Xcode.app/Contents/Developer/Platforms/iPhoneSimulator.platform/Developer/SDKs/iPhoneSimulator27.0.sdk -O0 -Xlinker -no_warn_duplicate_libraries -L/var/folders/3w/91hphlzs0rv_1twbkfyhvn6m0000gn/T/condisco-preflight.ngRWOC/DerivedData/Build/Products/Debug-iphonesimulator -F/var/folders/3w/91hphlzs0rv_1twbkfyhvn6m0000gn/T/condisco-preflight.ngRWOC/DerivedData/Build/Products/Debug-iphonesimulator -install_name @rpath/Condisco.debug.dylib -Xlinker -dead_strip -rdynamic -Xlinker -no_deduplicate -Xlinker -objc_abi_version -Xlinker 2 -Xlinker -dependency_info -Xlinker /var/folders/3w/91hphlzs0rv_1twbkfyhvn6m0000gn/T/condisco-preflight.ngRWOC/DerivedData/Build/Intermediates.noindex/Condisco.build/Debug-iphonesimulator/Condisco.build/Objects-normal/arm64/Condisco_dependency_info.dat -Xlinker -sectcreate -Xlinker __TEXT -Xlinker __entitlements -Xlinker /var/folders/3w/91hphlzs0rv_1twbkfyhvn6m0000gn/T/condisco-preflight.ngRWOC/DerivedData/Build/Intermediates.noindex/Condisco.build/Debug-iphonesimulator/Condisco.build/Condisco.app-Simulated.xcent -Xlinker -sectcreate -Xlinker __TEXT -Xlinker __ents_der -Xlinker /var/folders/3w/91hphlzs0rv_1twbkfyhvn6m0000gn/T/condisco-preflight.ngRWOC/DerivedData/Build/Intermediates.noindex/Condisco.build/Debug-iphonesimulator/Condisco.build/Condisco.app-Simulated.xcent.der -Xlinker -no_adhoc_codesign -o /var/folders/3w/91hphlzs0rv_1twbkfyhvn6m0000gn/T/condisco-preflight.ngRWOC/DerivedData/Build/Products/Debug-iphonesimulator/Condisco.app/__preview.dylib

CpResource /var/folders/3w/91hphlzs0rv_1twbkfyhvn6m0000gn/T/condisco-preflight.ngRWOC/DerivedData/Build/Products/Debug-iphonesimulator/Condisco.app/Content /Users/spkoehl/Projects/VerbaLibera/Condisco/Content (in target 'Condisco' from project 'Condisco')
    cd /Users/spkoehl/Projects/VerbaLibera
    builtin-copy -exclude .DS_Store -exclude CVS -exclude .svn -exclude .git -exclude .hg -resolve-src-symlinks /Users/spkoehl/Projects/VerbaLibera/Condisco/Content /var/folders/3w/91hphlzs0rv_1twbkfyhvn6m0000gn/T/condisco-preflight.ngRWOC/DerivedData/Build/Products/Debug-iphonesimulator/Condisco.app

SwiftExplicitDependencyGeneratePcm arm64 /var/folders/3w/91hphlzs0rv_1twbkfyhvn6m0000gn/T/condisco-preflight.ngRWOC/DerivedData/Build/Intermediates.noindex/SwiftExplicitPrecompiledModules/XCTest-1FNIEUL7UMWM65KWIS4APEPRW.pcm

SwiftExplicitDependencyCompileModuleFromInterface arm64 /var/folders/3w/91hphlzs0rv_1twbkfyhvn6m0000gn/T/condisco-preflight.ngRWOC/DerivedData/Build/Intermediates.noindex/SwiftExplicitPrecompiledModules/XCUIAutomation-98RXITU1UVSL.swiftmodule

SwiftExplicitDependencyCompileModuleFromInterface arm64 /var/folders/3w/91hphlzs0rv_1twbkfyhvn6m0000gn/T/condisco-preflight.ngRWOC/DerivedData/Build/Intermediates.noindex/SwiftExplicitPrecompiledModules/XCTest-2K29RY1OIWFB6.swiftmodule

SwiftEmitModule normal arm64 Emitting\ module\ for\ CondiscoUITests (in target 'CondiscoUITests' from project 'Condisco')

SwiftCompile normal arm64 (in target 'CondiscoUITests' from project 'Condisco')
    cd /Users/spkoehl/Projects/VerbaLibera
    

SwiftEmitModule normal arm64 Emitting\ module\ for\ CondiscoTests (in target 'CondiscoTests' from project 'Condisco')

SwiftCompile normal arm64 (in target 'CondiscoTests' from project 'Condisco')
    cd /Users/spkoehl/Projects/VerbaLibera
    

SwiftCompile normal arm64 Compiling\ AccessibilitySweepUITests.swift /Users/spkoehl/Projects/VerbaLibera/Condisco/UITests/AccessibilitySweepUITests.swift (in target 'CondiscoUITests' from project 'Condisco')

SwiftCompile normal arm64 /Users/spkoehl/Projects/VerbaLibera/Condisco/UITests/AccessibilitySweepUITests.swift (in target 'CondiscoUITests' from project 'Condisco')
    cd /Users/spkoehl/Projects/VerbaLibera
    builtin-SwiftPerFileCompile AccessibilitySweepUITests.swift

SwiftDriverJobDiscovery normal arm64 Emitting module for CondiscoUITests (in target 'CondiscoUITests' from project 'Condisco')

SwiftDriver\ Compilation\ Requirements CondiscoUITests normal arm64 com.apple.xcode.tools.swift.compiler (in target 'CondiscoUITests' from project 'Condisco')
    cd /Users/spkoehl/Projects/VerbaLibera
    builtin-Swift-Compilation-Requirements -- /Applications/Xcode.app/Contents/Developer/Toolchains/XcodeDefault.xctoolchain/usr/bin/swiftc -module-name CondiscoUITests -Onone @/var/folders/3w/91hphlzs0rv_1twbkfyhvn6m0000gn/T/condisco-preflight.ngRWOC/DerivedData/Build/Intermediates.noindex/Condisco.build/Debug-iphonesimulator/CondiscoUITests.build/Objects-normal/arm64/CondiscoUITests.SwiftFileList -DDEBUG -module-alias Testing\=_Testing_Unavailable -plugin-path /Applications/Xcode.app/Contents/Developer/Toolchains/XcodeDefault.xctoolchain/usr/lib/swift/host/plugins/testing -enable-bare-slash-regex -enable-experimental-feature DebugDescriptionMacro -sdk /Applications/Xcode.app/Contents/Developer/Platforms/iPhoneSimulator.platform/Developer/SDKs/iPhoneSimulator27.0.sdk -target arm64-apple-ios17.0-simulator -g -module-cache-path /var/folders/3w/91hphlzs0rv_1twbkfyhvn6m0000gn/T/condisco-preflight.ngRWOC/DerivedData/ModuleCache.noindex -Xfrontend -serialize-debugging-options -enable-testing -index-store-path /var/folders/3w/91hphlzs0rv_1twbkfyhvn6m0000gn/T/condisco-preflight.ngRWOC/DerivedData/Index.noindex/DataStore -Xcc -D_LIBCPP_HARDENING_MODE\=_LIBCPP_HARDENING_MODE_DEBUG -swift-version 5 -I /var/folders/3w/91hphlzs0rv_1twbkfyhvn6m0000gn/T/condisco-preflight.ngRWOC/DerivedData/Build/Products/Debug-iphonesimulator -Isystem /Applications/Xcode.app/Contents/Developer/Platforms/iPhoneSimulator.platform/Developer/usr/lib -F /var/folders/3w/91hphlzs0rv_1twbkfyhvn6m0000gn/T/condisco-preflight.ngRWOC/DerivedData/Build/Products/Debug-iphonesimulator -F /Applications/Xcode.app/Contents/Developer/Platforms/iPhoneSimulator.platform/Developer/Library/Frameworks -F /Applications/Xcode.app/Contents/Developer/Platforms/iPhoneSimulator.platform/Developer/SDKs/iPhoneSimulator27.0.sdk/Developer/Library/Frameworks -emit-localized-strings -emit-localized-strings-path /var/folders/3w/91hphlzs0rv_1twbkfyhvn6m0000gn/T/condisco-preflight.ngRWOC/DerivedData/Build/Intermediates.noindex/Condisco.build/Debug-iphonesimulator/CondiscoUITests.build/Objects-normal/arm64 -c -j6 -enable-batch-mode -incremental -Xcc -ivfsstatcache -Xcc /var/folders/3w/91hphlzs0rv_1twbkfyhvn6m0000gn/T/condisco-preflight.ngRWOC/DerivedData/SDKStatCaches.noindex/iphonesimulator27.0-24A430-8dc58220667be655e1bcc261a7455254.sdkstatcache -output-file-map /var/folders/3w/91hphlzs0rv_1twbkfyhvn6m0000gn/T/condisco-preflight.ngRWOC/DerivedData/Build/Intermediates.noindex/Condisco.build/Debug-iphonesimulator/CondiscoUITests.build/Objects-normal/arm64/CondiscoUITests-OutputFileMap.json -save-temps -no-color-diagnostics -explicit-module-build -module-cache-path /var/folders/3w/91hphlzs0rv_1twbkfyhvn6m0000gn/T/condisco-preflight.ngRWOC/DerivedData/Build/Intermediates.noindex/SwiftExplicitPrecompiledModules -clang-scanner-module-cache-path /var/folders/3w/91hphlzs0rv_1twbkfyhvn6m0000gn/T/condisco-preflight.ngRWOC/DerivedData/ModuleCache.noindex -sdk-module-cache-path /var/folders/3w/91hphlzs0rv_1twbkfyhvn6m0000gn/T/condisco-preflight.ngRWOC/DerivedData/SDKExplicitPrecompiledModules -emit-dependencies -emit-module -emit-module-path /var/folders/3w/91hphlzs0rv_1twbkfyhvn6m0000gn/T/condisco-preflight.ngRWOC/DerivedData/Build/Intermediates.noindex/Condisco.build/Debug-iphonesimulator/CondiscoUITests.build/Objects-normal/arm64/CondiscoUITests.swiftmodule -serialize-diagnostics -dependency-scan-serialize-diagnostics-path /var/folders/3w/91hphlzs0rv_1twbkfyhvn6m0000gn/T/condisco-preflight.ngRWOC/DerivedData/Build/Intermediates.noindex/Condisco.build/Debug-iphonesimulator/CondiscoUITests.build/Objects-normal/arm64/CondiscoUITests-dependency-scan.dia -validate-clang-modules-once -clang-build-session-file /var/folders/3w/91hphlzs0rv_1twbkfyhvn6m0000gn/T/condisco-preflight.ngRWOC/DerivedData/ModuleCache.noindex/Session.modulevalidation -Xcc -fmodules-prune-interval\=86400 -Xcc -fmodules-prune-after\=345600 -emit-const-values -const-gather-protocols-list /var/folders/3w/91hphlzs0rv_1twbkfyhvn6m0000gn/T/condisco-preflight.ngRWOC/DerivedData/Build/Intermediates.noindex/Condisco.build/Debug-iphonesimulator/CondiscoUITests.build/Objects-normal/arm64/CondiscoUITests_const_extract_protocols.json -Xcc -iquote -Xcc /var/folders/3w/91hphlzs0rv_1twbkfyhvn6m0000gn/T/condisco-preflight.ngRWOC/DerivedData/Build/Intermediates.noindex/Condisco.build/Debug-iphonesimulator/CondiscoUITests.build/CondiscoUITests-generated-files.hmap -Xcc -I/var/folders/3w/91hphlzs0rv_1twbkfyhvn6m0000gn/T/condisco-preflight.ngRWOC/DerivedData/Build/Intermediates.noindex/Condisco.build/Debug-iphonesimulator/CondiscoUITests.build/CondiscoUITests-own-target-headers.hmap -Xcc -I/var/folders/3w/91hphlzs0rv_1twbkfyhvn6m0000gn/T/condisco-preflight.ngRWOC/DerivedData/Build/Intermediates.noindex/Condisco.build/Debug-iphonesimulator/CondiscoUITests.build/CondiscoUITests-all-target-headers.hmap -Xcc -iquote -Xcc /var/folders/3w/91hphlzs0rv_1twbkfyhvn6m0000gn/T/condisco-preflight.ngRWOC/DerivedData/Build/Intermediates.noindex/Condisco.build/Debug-iphonesimulator/CondiscoUITests.build/CondiscoUITests-project-headers.hmap -Xcc -I/var/folders/3w/91hphlzs0rv_1twbkfyhvn6m0000gn/T/condisco-preflight.ngRWOC/DerivedData/Build/Products/Debug-iphonesimulator/include -Xcc -I/var/folders/3w/91hphlzs0rv_1twbkfyhvn6m0000gn/T/condisco-preflight.ngRWOC/DerivedData/Build/Intermediates.noindex/Condisco.build/Debug-iphonesimulator/CondiscoUITests.build/DerivedSources-normal/arm64 -Xcc -I/var/folders/3w/91hphlzs0rv_1twbkfyhvn6m0000gn/T/condisco-preflight.ngRWOC/DerivedData/Build/Intermediates.noindex/Condisco.build/Debug-iphonesimulator/CondiscoUITests.build/DerivedSources/arm64 -Xcc -I/var/folders/3w/91hphlzs0rv_1twbkfyhvn6m0000gn/T/condisco-preflight.ngRWOC/DerivedData/Build/Intermediates.noindex/Condisco.build/Debug-iphonesimulator/CondiscoUITests.build/DerivedSources -Xcc -DDEBUG\=1 -emit-objc-header -emit-objc-header-path /var/folders/3w/91hphlzs0rv_1twbkfyhvn6m0000gn/T/condisco-preflight.ngRWOC/DerivedData/Build/Intermediates.noindex/Condisco.build/Debug-iphonesimulator/CondiscoUITests.build/Objects-normal/arm64/CondiscoUITests-Swift.h -working-directory /Users/spkoehl/Projects/VerbaLibera -experimental-emit-module-separately -disable-cmo

SwiftDriverJobDiscovery normal arm64 Compiling AccessibilitySweepUITests.swift (in target 'CondiscoUITests' from project 'Condisco')

SwiftCompile normal arm64 Compiling\ FirstRunUITests.swift /Users/spkoehl/Projects/VerbaLibera/Condisco/UITests/FirstRunUITests.swift (in target 'CondiscoUITests' from project 'Condisco')

SwiftCompile normal arm64 /Users/spkoehl/Projects/VerbaLibera/Condisco/UITests/FirstRunUITests.swift (in target 'CondiscoUITests' from project 'Condisco')
    cd /Users/spkoehl/Projects/VerbaLibera
    builtin-SwiftPerFileCompile FirstRunUITests.swift

SwiftMergeGeneratedHeaders /var/folders/3w/91hphlzs0rv_1twbkfyhvn6m0000gn/T/condisco-preflight.ngRWOC/DerivedData/Build/Intermediates.noindex/Condisco.build/Debug-iphonesimulator/CondiscoUITests.build/DerivedSources/CondiscoUITests-Swift.h /var/folders/3w/91hphlzs0rv_1twbkfyhvn6m0000gn/T/condisco-preflight.ngRWOC/DerivedData/Build/Intermediates.noindex/Condisco.build/Debug-iphonesimulator/CondiscoUITests.build/Objects-normal/arm64/CondiscoUITests-Swift.h (in target 'CondiscoUITests' from project 'Condisco')
    cd /Users/spkoehl/Projects/VerbaLibera
    builtin-swiftHeaderTool -arch arm64 /var/folders/3w/91hphlzs0rv_1twbkfyhvn6m0000gn/T/condisco-preflight.ngRWOC/DerivedData/Build/Intermediates.noindex/Condisco.build/Debug-iphonesimulator/CondiscoUITests.build/Objects-normal/arm64/CondiscoUITests-Swift.h -o /var/folders/3w/91hphlzs0rv_1twbkfyhvn6m0000gn/T/condisco-preflight.ngRWOC/DerivedData/Build/Intermediates.noindex/Condisco.build/Debug-iphonesimulator/CondiscoUITests.build/DerivedSources/CondiscoUITests-Swift.h

SwiftDriverJobDiscovery normal arm64 Emitting module for CondiscoTests (in target 'CondiscoTests' from project 'Condisco')

Copy /var/folders/3w/91hphlzs0rv_1twbkfyhvn6m0000gn/T/condisco-preflight.ngRWOC/DerivedData/Build/Products/Debug-iphonesimulator/CondiscoUITests.swiftmodule/arm64-apple-ios-simulator.swiftmodule /var/folders/3w/91hphlzs0rv_1twbkfyhvn6m0000gn/T/condisco-preflight.ngRWOC/DerivedData/Build/Intermediates.noindex/Condisco.build/Debug-iphonesimulator/CondiscoUITests.build/Objects-normal/arm64/CondiscoUITests.swiftmodule (in target 'CondiscoUITests' from project 'Condisco')
    cd /Users/spkoehl/Projects/VerbaLibera
    builtin-copy -exclude .DS_Store -exclude CVS -exclude .svn -exclude .git -exclude .hg -resolve-src-symlinks -rename /var/folders/3w/91hphlzs0rv_1twbkfyhvn6m0000gn/T/condisco-preflight.ngRWOC/DerivedData/Build/Intermediates.noindex/Condisco.build/Debug-iphonesimulator/CondiscoUITests.build/Objects-normal/arm64/CondiscoUITests.swiftmodule /var/folders/3w/91hphlzs0rv_1twbkfyhvn6m0000gn/T/condisco-preflight.ngRWOC/DerivedData/Build/Products/Debug-iphonesimulator/CondiscoUITests.swiftmodule/arm64-apple-ios-simulator.swiftmodule

Copy /var/folders/3w/91hphlzs0rv_1twbkfyhvn6m0000gn/T/condisco-preflight.ngRWOC/DerivedData/Build/Products/Debug-iphonesimulator/CondiscoUITests.swiftmodule/arm64-apple-ios-simulator.swiftdoc /var/folders/3w/91hphlzs0rv_1twbkfyhvn6m0000gn/T/condisco-preflight.ngRWOC/DerivedData/Build/Intermediates.noindex/Condisco.build/Debug-iphonesimulator/CondiscoUITests.build/Objects-normal/arm64/CondiscoUITests.swiftdoc (in target 'CondiscoUITests' from project 'Condisco')
    cd /Users/spkoehl/Projects/VerbaLibera
    builtin-copy -exclude .DS_Store -exclude CVS -exclude .svn -exclude .git -exclude .hg -resolve-src-symlinks -rename /var/folders/3w/91hphlzs0rv_1twbkfyhvn6m0000gn/T/condisco-preflight.ngRWOC/DerivedData/Build/Intermediates.noindex/Condisco.build/Debug-iphonesimulator/CondiscoUITests.build/Objects-normal/arm64/CondiscoUITests.swiftdoc /var/folders/3w/91hphlzs0rv_1twbkfyhvn6m0000gn/T/condisco-preflight.ngRWOC/DerivedData/Build/Products/Debug-iphonesimulator/CondiscoUITests.swiftmodule/arm64-apple-ios-simulator.swiftdoc

Copy /var/folders/3w/91hphlzs0rv_1twbkfyhvn6m0000gn/T/condisco-preflight.ngRWOC/DerivedData/Build/Products/Debug-iphonesimulator/CondiscoUITests.swiftmodule/arm64-apple-ios-simulator.abi.json /var/folders/3w/91hphlzs0rv_1twbkfyhvn6m0000gn/T/condisco-preflight.ngRWOC/DerivedData/Build/Intermediates.noindex/Condisco.build/Debug-iphonesimulator/CondiscoUITests.build/Objects-normal/arm64/CondiscoUITests.abi.json (in target 'CondiscoUITests' from project 'Condisco')
    cd /Users/spkoehl/Projects/VerbaLibera
    builtin-copy -exclude .DS_Store -exclude CVS -exclude .svn -exclude .git -exclude .hg -resolve-src-symlinks -rename /var/folders/3w/91hphlzs0rv_1twbkfyhvn6m0000gn/T/condisco-preflight.ngRWOC/DerivedData/Build/Intermediates.noindex/Condisco.build/Debug-iphonesimulator/CondiscoUITests.build/Objects-normal/arm64/CondiscoUITests.abi.json /var/folders/3w/91hphlzs0rv_1twbkfyhvn6m0000gn/T/condisco-preflight.ngRWOC/DerivedData/Build/Products/Debug-iphonesimulator/CondiscoUITests.swiftmodule/arm64-apple-ios-simulator.abi.json

Copy /var/folders/3w/91hphlzs0rv_1twbkfyhvn6m0000gn/T/condisco-preflight.ngRWOC/DerivedData/Build/Products/Debug-iphonesimulator/CondiscoUITests.swiftmodule/Project/arm64-apple-ios-simulator.swiftsourceinfo /var/folders/3w/91hphlzs0rv_1twbkfyhvn6m0000gn/T/condisco-preflight.ngRWOC/DerivedData/Build/Intermediates.noindex/Condisco.build/Debug-iphonesimulator/CondiscoUITests.build/Objects-normal/arm64/CondiscoUITests.swiftsourceinfo (in target 'CondiscoUITests' from project 'Condisco')
    cd /Users/spkoehl/Projects/VerbaLibera
    builtin-copy -exclude .DS_Store -exclude CVS -exclude .svn -exclude .git -exclude .hg -resolve-src-symlinks -rename /var/folders/3w/91hphlzs0rv_1twbkfyhvn6m0000gn/T/condisco-preflight.ngRWOC/DerivedData/Build/Intermediates.noindex/Condisco.build/Debug-iphonesimulator/CondiscoUITests.build/Objects-normal/arm64/CondiscoUITests.swiftsourceinfo /var/folders/3w/91hphlzs0rv_1twbkfyhvn6m0000gn/T/condisco-preflight.ngRWOC/DerivedData/Build/Products/Debug-iphonesimulator/CondiscoUITests.swiftmodule/Project/arm64-apple-ios-simulator.swiftsourceinfo

SwiftDriver\ Compilation\ Requirements CondiscoTests normal arm64 com.apple.xcode.tools.swift.compiler (in target 'CondiscoTests' from project 'Condisco')
    cd /Users/spkoehl/Projects/VerbaLibera
    builtin-Swift-Compilation-Requirements -- /Applications/Xcode.app/Contents/Developer/Toolchains/XcodeDefault.xctoolchain/usr/bin/swiftc -module-name CondiscoTests -Onone @/var/folders/3w/91hphlzs0rv_1twbkfyhvn6m0000gn/T/condisco-preflight.ngRWOC/DerivedData/Build/Intermediates.noindex/Condisco.build/Debug-iphonesimulator/CondiscoTests.build/Objects-normal/arm64/CondiscoTests.SwiftFileList -DDEBUG -plugin-path /Applications/Xcode.app/Contents/Developer/Toolchains/XcodeDefault.xctoolchain/usr/lib/swift/host/plugins/testing -enable-bare-slash-regex -enable-experimental-feature DebugDescriptionMacro -sdk /Applications/Xcode.app/Contents/Developer/Platforms/iPhoneSimulator.platform/Developer/SDKs/iPhoneSimulator27.0.sdk -target arm64-apple-ios17.0-simulator -g -module-cache-path /var/folders/3w/91hphlzs0rv_1twbkfyhvn6m0000gn/T/condisco-preflight.ngRWOC/DerivedData/ModuleCache.noindex -Xfrontend -serialize-debugging-options -enable-testing -index-store-path /var/folders/3w/91hphlzs0rv_1twbkfyhvn6m0000gn/T/condisco-preflight.ngRWOC/DerivedData/Index.noindex/DataStore -Xcc -D_LIBCPP_HARDENING_MODE\=_LIBCPP_HARDENING_MODE_DEBUG -swift-version 5 -I /var/folders/3w/91hphlzs0rv_1twbkfyhvn6m0000gn/T/condisco-preflight.ngRWOC/DerivedData/Build/Products/Debug-iphonesimulator -Isystem /Applications/Xcode.app/Contents/Developer/Platforms/iPhoneSimulator.platform/Developer/usr/lib -F /var/folders/3w/91hphlzs0rv_1twbkfyhvn6m0000gn/T/condisco-preflight.ngRWOC/DerivedData/Build/Products/Debug-iphonesimulator -F /Applications/Xcode.app/Contents/Developer/Platforms/iPhoneSimulator.platform/Developer/Library/Frameworks -F /Applications/Xcode.app/Contents/Developer/Platforms/iPhoneSimulator.platform/Developer/SDKs/iPhoneSimulator27.0.sdk/Developer/Library/Frameworks -emit-localized-strings -emit-localized-strings-path /var/folders/3w/91hphlzs0rv_1twbkfyhvn6m0000gn/T/condisco-preflight.ngRWOC/DerivedData/Build/Intermediates.noindex/Condisco.build/Debug-iphonesimulator/CondiscoTests.build/Objects-normal/arm64 -c -j6 -enable-batch-mode -incremental -Xcc -ivfsstatcache -Xcc /var/folders/3w/91hphlzs0rv_1twbkfyhvn6m0000gn/T/condisco-preflight.ngRWOC/DerivedData/SDKStatCaches.noindex/iphonesimulator27.0-24A430-8dc58220667be655e1bcc261a7455254.sdkstatcache -output-file-map /var/folders/3w/91hphlzs0rv_1twbkfyhvn6m0000gn/T/condisco-preflight.ngRWOC/DerivedData/Build/Intermediates.noindex/Condisco.build/Debug-iphonesimulator/CondiscoTests.build/Objects-normal/arm64/CondiscoTests-OutputFileMap.json -save-temps -no-color-diagnostics -explicit-module-build -module-cache-path /var/folders/3w/91hphlzs0rv_1twbkfyhvn6m0000gn/T/condisco-preflight.ngRWOC/DerivedData/Build/Intermediates.noindex/SwiftExplicitPrecompiledModules -clang-scanner-module-cache-path /var/folders/3w/91hphlzs0rv_1twbkfyhvn6m0000gn/T/condisco-preflight.ngRWOC/DerivedData/ModuleCache.noindex -sdk-module-cache-path /var/folders/3w/91hphlzs0rv_1twbkfyhvn6m0000gn/T/condisco-preflight.ngRWOC/DerivedData/SDKExplicitPrecompiledModules -emit-dependencies -emit-module -emit-module-path /var/folders/3w/91hphlzs0rv_1twbkfyhvn6m0000gn/T/condisco-preflight.ngRWOC/DerivedData/Build/Intermediates.noindex/Condisco.build/Debug-iphonesimulator/CondiscoTests.build/Objects-normal/arm64/CondiscoTests.swiftmodule -serialize-diagnostics -dependency-scan-serialize-diagnostics-path /var/folders/3w/91hphlzs0rv_1twbkfyhvn6m0000gn/T/condisco-preflight.ngRWOC/DerivedData/Build/Intermediates.noindex/Condisco.build/Debug-iphonesimulator/CondiscoTests.build/Objects-normal/arm64/CondiscoTests-dependency-scan.dia -validate-clang-modules-once -clang-build-session-file /var/folders/3w/91hphlzs0rv_1twbkfyhvn6m0000gn/T/condisco-preflight.ngRWOC/DerivedData/ModuleCache.noindex/Session.modulevalidation -Xcc -fmodules-prune-interval\=86400 -Xcc -fmodules-prune-after\=345600 -emit-const-values -const-gather-protocols-list /var/folders/3w/91hphlzs0rv_1twbkfyhvn6m0000gn/T/condisco-preflight.ngRWOC/DerivedData/Build/Intermediates.noindex/Condisco.build/Debug-iphonesimulator/CondiscoTests.build/Objects-normal/arm64/CondiscoTests_const_extract_protocols.json -Xcc -iquote -Xcc /var/folders/3w/91hphlzs0rv_1twbkfyhvn6m0000gn/T/condisco-preflight.ngRWOC/DerivedData/Build/Intermediates.noindex/Condisco.build/Debug-iphonesimulator/CondiscoTests.build/CondiscoTests-generated-files.hmap -Xcc -I/var/folders/3w/91hphlzs0rv_1twbkfyhvn6m0000gn/T/condisco-preflight.ngRWOC/DerivedData/Build/Intermediates.noindex/Condisco.build/Debug-iphonesimulator/CondiscoTests.build/CondiscoTests-own-target-headers.hmap -Xcc -I/var/folders/3w/91hphlzs0rv_1twbkfyhvn6m0000gn/T/condisco-preflight.ngRWOC/DerivedData/Build/Intermediates.noindex/Condisco.build/Debug-iphonesimulator/CondiscoTests.build/CondiscoTests-all-target-headers.hmap -Xcc -iquote -Xcc /var/folders/3w/91hphlzs0rv_1twbkfyhvn6m0000gn/T/condisco-preflight.ngRWOC/DerivedData/Build/Intermediates.noindex/Condisco.build/Debug-iphonesimulator/CondiscoTests.build/CondiscoTests-project-headers.hmap -Xcc -I/var/folders/3w/91hphlzs0rv_1twbkfyhvn6m0000gn/T/condisco-preflight.ngRWOC/DerivedData/Build/Products/Debug-iphonesimulator/include -Xcc -I/var/folders/3w/91hphlzs0rv_1twbkfyhvn6m0000gn/T/condisco-preflight.ngRWOC/DerivedData/Build/Intermediates.noindex/Condisco.build/Debug-iphonesimulator/CondiscoTests.build/DerivedSources-normal/arm64 -Xcc -I/var/folders/3w/91hphlzs0rv_1twbkfyhvn6m0000gn/T/condisco-preflight.ngRWOC/DerivedData/Build/Intermediates.noindex/Condisco.build/Debug-iphonesimulator/CondiscoTests.build/DerivedSources/arm64 -Xcc -I/var/folders/3w/91hphlzs0rv_1twbkfyhvn6m0000gn/T/condisco-preflight.ngRWOC/DerivedData/Build/Intermediates.noindex/Condisco.build/Debug-iphonesimulator/CondiscoTests.build/DerivedSources -Xcc -DDEBUG\=1 -emit-objc-header -emit-objc-header-path /var/folders/3w/91hphlzs0rv_1twbkfyhvn6m0000gn/T/condisco-preflight.ngRWOC/DerivedData/Build/Intermediates.noindex/Condisco.build/Debug-iphonesimulator/CondiscoTests.build/Objects-normal/arm64/CondiscoTests-Swift.h -working-directory /Users/spkoehl/Projects/VerbaLibera -experimental-emit-module-separately -disable-cmo

SwiftMergeGeneratedHeaders /var/folders/3w/91hphlzs0rv_1twbkfyhvn6m0000gn/T/condisco-preflight.ngRWOC/DerivedData/Build/Intermediates.noindex/Condisco.build/Debug-iphonesimulator/CondiscoTests.build/DerivedSources/CondiscoTests-Swift.h /var/folders/3w/91hphlzs0rv_1twbkfyhvn6m0000gn/T/condisco-preflight.ngRWOC/DerivedData/Build/Intermediates.noindex/Condisco.build/Debug-iphonesimulator/CondiscoTests.build/Objects-normal/arm64/CondiscoTests-Swift.h (in target 'CondiscoTests' from project 'Condisco')
    cd /Users/spkoehl/Projects/VerbaLibera
    builtin-swiftHeaderTool -arch arm64 /var/folders/3w/91hphlzs0rv_1twbkfyhvn6m0000gn/T/condisco-preflight.ngRWOC/DerivedData/Build/Intermediates.noindex/Condisco.build/Debug-iphonesimulator/CondiscoTests.build/Objects-normal/arm64/CondiscoTests-Swift.h -o /var/folders/3w/91hphlzs0rv_1twbkfyhvn6m0000gn/T/condisco-preflight.ngRWOC/DerivedData/Build/Intermediates.noindex/Condisco.build/Debug-iphonesimulator/CondiscoTests.build/DerivedSources/CondiscoTests-Swift.h

Copy /var/folders/3w/91hphlzs0rv_1twbkfyhvn6m0000gn/T/condisco-preflight.ngRWOC/DerivedData/Build/Products/Debug-iphonesimulator/CondiscoTests.swiftmodule/arm64-apple-ios-simulator.swiftmodule /var/folders/3w/91hphlzs0rv_1twbkfyhvn6m0000gn/T/condisco-preflight.ngRWOC/DerivedData/Build/Intermediates.noindex/Condisco.build/Debug-iphonesimulator/CondiscoTests.build/Objects-normal/arm64/CondiscoTests.swiftmodule (in target 'CondiscoTests' from project 'Condisco')
    cd /Users/spkoehl/Projects/VerbaLibera
    builtin-copy -exclude .DS_Store -exclude CVS -exclude .svn -exclude .git -exclude .hg -resolve-src-symlinks -rename /var/folders/3w/91hphlzs0rv_1twbkfyhvn6m0000gn/T/condisco-preflight.ngRWOC/DerivedData/Build/Intermediates.noindex/Condisco.build/Debug-iphonesimulator/CondiscoTests.build/Objects-normal/arm64/CondiscoTests.swiftmodule /var/folders/3w/91hphlzs0rv_1twbkfyhvn6m0000gn/T/condisco-preflight.ngRWOC/DerivedData/Build/Products/Debug-iphonesimulator/CondiscoTests.swiftmodule/arm64-apple-ios-simulator.swiftmodule

Copy /var/folders/3w/91hphlzs0rv_1twbkfyhvn6m0000gn/T/condisco-preflight.ngRWOC/DerivedData/Build/Products/Debug-iphonesimulator/CondiscoTests.swiftmodule/arm64-apple-ios-simulator.swiftdoc /var/folders/3w/91hphlzs0rv_1twbkfyhvn6m0000gn/T/condisco-preflight.ngRWOC/DerivedData/Build/Intermediates.noindex/Condisco.build/Debug-iphonesimulator/CondiscoTests.build/Objects-normal/arm64/CondiscoTests.swiftdoc (in target 'CondiscoTests' from project 'Condisco')
    cd /Users/spkoehl/Projects/VerbaLibera
    builtin-copy -exclude .DS_Store -exclude CVS -exclude .svn -exclude .git -exclude .hg -resolve-src-symlinks -rename /var/folders/3w/91hphlzs0rv_1twbkfyhvn6m0000gn/T/condisco-preflight.ngRWOC/DerivedData/Build/Intermediates.noindex/Condisco.build/Debug-iphonesimulator/CondiscoTests.build/Objects-normal/arm64/CondiscoTests.swiftdoc /var/folders/3w/91hphlzs0rv_1twbkfyhvn6m0000gn/T/condisco-preflight.ngRWOC/DerivedData/Build/Products/Debug-iphonesimulator/CondiscoTests.swiftmodule/arm64-apple-ios-simulator.swiftdoc

Copy /var/folders/3w/91hphlzs0rv_1twbkfyhvn6m0000gn/T/condisco-preflight.ngRWOC/DerivedData/Build/Products/Debug-iphonesimulator/CondiscoTests.swiftmodule/arm64-apple-ios-simulator.abi.json /var/folders/3w/91hphlzs0rv_1twbkfyhvn6m0000gn/T/condisco-preflight.ngRWOC/DerivedData/Build/Intermediates.noindex/Condisco.build/Debug-iphonesimulator/CondiscoTests.build/Objects-normal/arm64/CondiscoTests.abi.json (in target 'CondiscoTests' from project 'Condisco')
    cd /Users/spkoehl/Projects/VerbaLibera
    builtin-copy -exclude .DS_Store -exclude CVS -exclude .svn -exclude .git -exclude .hg -resolve-src-symlinks -rename /var/folders/3w/91hphlzs0rv_1twbkfyhvn6m0000gn/T/condisco-preflight.ngRWOC/DerivedData/Build/Intermediates.noindex/Condisco.build/Debug-iphonesimulator/CondiscoTests.build/Objects-normal/arm64/CondiscoTests.abi.json /var/folders/3w/91hphlzs0rv_1twbkfyhvn6m0000gn/T/condisco-preflight.ngRWOC/DerivedData/Build/Products/Debug-iphonesimulator/CondiscoTests.swiftmodule/arm64-apple-ios-simulator.abi.json

Copy /var/folders/3w/91hphlzs0rv_1twbkfyhvn6m0000gn/T/condisco-preflight.ngRWOC/DerivedData/Build/Products/Debug-iphonesimulator/CondiscoTests.swiftmodule/Project/arm64-apple-ios-simulator.swiftsourceinfo /var/folders/3w/91hphlzs0rv_1twbkfyhvn6m0000gn/T/condisco-preflight.ngRWOC/DerivedData/Build/Intermediates.noindex/Condisco.build/Debug-iphonesimulator/CondiscoTests.build/Objects-normal/arm64/CondiscoTests.swiftsourceinfo (in target 'CondiscoTests' from project 'Condisco')
    cd /Users/spkoehl/Projects/VerbaLibera
    builtin-copy -exclude .DS_Store -exclude CVS -exclude .svn -exclude .git -exclude .hg -resolve-src-symlinks -rename /var/folders/3w/91hphlzs0rv_1twbkfyhvn6m0000gn/T/condisco-preflight.ngRWOC/DerivedData/Build/Intermediates.noindex/Condisco.build/Debug-iphonesimulator/CondiscoTests.build/Objects-normal/arm64/CondiscoTests.swiftsourceinfo /var/folders/3w/91hphlzs0rv_1twbkfyhvn6m0000gn/T/condisco-preflight.ngRWOC/DerivedData/Build/Products/Debug-iphonesimulator/CondiscoTests.swiftmodule/Project/arm64-apple-ios-simulator.swiftsourceinfo

SwiftCompile normal arm64 Compiling\ PackSpanishTests.swift /Users/spkoehl/Projects/VerbaLibera/Condisco/Tests/PackSpanishTests.swift (in target 'CondiscoTests' from project 'Condisco')
/Users/spkoehl/Projects/VerbaLibera/Condisco/Tests/PackSpanishTests.swift:1693:27: warning: enum case 'audio' has 2 associated values; matching them as a tuple is deprecated [#deprecation]
1691 | 
1692 |         // Media + stimulus exist and are bound.
1693 |         guard case .audio(let stimMediaId)? = pack.stimulus(id: "es-cafe-listen-stim") else {
     |                           `- warning: enum case 'audio' has 2 associated values; matching them as a tuple is deprecated [#deprecation]
1694 |             return XCTFail("es-cafe-listen-stim must be an audio stimulus")
1695 |         }

<unknown>:0: note: 'audio(id:mediaId:)' declared here
/Users/spkoehl/Projects/VerbaLibera/Condisco/Tests/PackSpanishTests.swift:1902:24: warning: immutable value 'id' was never used; consider replacing with '_' or removing it [#NoUsage]
1900 |             lesson["steps"] = kept.map { step -> [String: Any] in
1901 |                 var step = step
1902 |                 if let id = step["id"] as? String,
     |                        `- warning: immutable value 'id' was never used; consider replacing with '_' or removing it [#NoUsage]
1903 |                    let next = step["nextStepId"] as? String,
1904 |                    let replacement = removedNext[next] {

/Users/spkoehl/Projects/VerbaLibera/Condisco/Tests/PackSpanishTests.swift:2864:24: warning: immutable value 'id' was never used; consider replacing with '_' or removing it [#NoUsage]
2862 |             lesson["steps"] = kept.map { step -> [String: Any] in
2863 |                 var step = step
2864 |                 if let id = step["id"] as? String,
     |                        `- warning: immutable value 'id' was never used; consider replacing with '_' or removing it [#NoUsage]
2865 |                    let next = step["nextStepId"] as? String,
2866 |                    let replacement = removedNext[next] {

[#NoUsage]: <https://docs.swift.org/compiler/documentation/diagnostics/no-usage>

SwiftCompile normal arm64 /Users/spkoehl/Projects/VerbaLibera/Condisco/Tests/PackSpanishTests.swift (in target 'CondiscoTests' from project 'Condisco')
    cd /Users/spkoehl/Projects/VerbaLibera
    builtin-SwiftPerFileCompile PackSpanishTests.swift

SwiftCompile normal arm64 Compiling\ PackPortugueseTests.swift /Users/spkoehl/Projects/VerbaLibera/Condisco/Tests/PackPortugueseTests.swift (in target 'CondiscoTests' from project 'Condisco')
/Users/spkoehl/Projects/VerbaLibera/Condisco/Tests/PackPortugueseTests.swift:443:13: warning: variable 'act' was never mutated; consider changing to 'let' constant [#VariableNeverMutated]
 441 |             "hotel phrase strip must carry the European form: \(pairs.map(\.target))")
 442 | 
 443 |         var act = try activity("pt-hotel-mission-act-3", in: pack)
     |             `- warning: variable 'act' was never mutated; consider changing to 'let' constant [#VariableNeverMutated]
 444 |         guard case .ordering(let spec) = act else {
 445 |             throw XCTSkip("expected ordering for pt-hotel-mission-act-3")

[#VariableNeverMutated]: <https://docs.swift.org/compiler/documentation/diagnostics/variable-never-mutated>

SwiftCompile normal arm64 /Users/spkoehl/Projects/VerbaLibera/Condisco/Tests/PackPortugueseTests.swift (in target 'CondiscoTests' from project 'Condisco')
    cd /Users/spkoehl/Projects/VerbaLibera
    builtin-SwiftPerFileCompile PackPortugueseTests.swift

SwiftDriverJobDiscovery normal arm64 Compiling FirstRunUITests.swift (in target 'CondiscoUITests' from project 'Condisco')

SwiftDriver\ Compilation CondiscoUITests normal arm64 com.apple.xcode.tools.swift.compiler (in target 'CondiscoUITests' from project 'Condisco')
    cd /Users/spkoehl/Projects/VerbaLibera
    builtin-Swift-Compilation -- /Applications/Xcode.app/Contents/Developer/Toolchains/XcodeDefault.xctoolchain/usr/bin/swiftc -module-name CondiscoUITests -Onone @/var/folders/3w/91hphlzs0rv_1twbkfyhvn6m0000gn/T/condisco-preflight.ngRWOC/DerivedData/Build/Intermediates.noindex/Condisco.build/Debug-iphonesimulator/CondiscoUITests.build/Objects-normal/arm64/CondiscoUITests.SwiftFileList -DDEBUG -module-alias Testing\=_Testing_Unavailable -plugin-path /Applications/Xcode.app/Contents/Developer/Toolchains/XcodeDefault.xctoolchain/usr/lib/swift/host/plugins/testing -enable-bare-slash-regex -enable-experimental-feature DebugDescriptionMacro -sdk /Applications/Xcode.app/Contents/Developer/Platforms/iPhoneSimulator.platform/Developer/SDKs/iPhoneSimulator27.0.sdk -target arm64-apple-ios17.0-simulator -g -module-cache-path /var/folders/3w/91hphlzs0rv_1twbkfyhvn6m0000gn/T/condisco-preflight.ngRWOC/DerivedData/ModuleCache.noindex -Xfrontend -serialize-debugging-options -enable-testing -index-store-path /var/folders/3w/91hphlzs0rv_1twbkfyhvn6m0000gn/T/condisco-preflight.ngRWOC/DerivedData/Index.noindex/DataStore -Xcc -D_LIBCPP_HARDENING_MODE\=_LIBCPP_HARDENING_MODE_DEBUG -swift-version 5 -I /var/folders/3w/91hphlzs0rv_1twbkfyhvn6m0000gn/T/condisco-preflight.ngRWOC/DerivedData/Build/Products/Debug-iphonesimulator -Isystem /Applications/Xcode.app/Contents/Developer/Platforms/iPhoneSimulator.platform/Developer/usr/lib -F /var/folders/3w/91hphlzs0rv_1twbkfyhvn6m0000gn/T/condisco-preflight.ngRWOC/DerivedData/Build/Products/Debug-iphonesimulator -F /Applications/Xcode.app/Contents/Developer/Platforms/iPhoneSimulator.platform/Developer/Library/Frameworks -F /Applications/Xcode.app/Contents/Developer/Platforms/iPhoneSimulator.platform/Developer/SDKs/iPhoneSimulator27.0.sdk/Developer/Library/Frameworks -emit-localized-strings -emit-localized-strings-path /var/folders/3w/91hphlzs0rv_1twbkfyhvn6m0000gn/T/condisco-preflight.ngRWOC/DerivedData/Build/Intermediates.noindex/Condisco.build/Debug-iphonesimulator/CondiscoUITests.build/Objects-normal/arm64 -c -j6 -enable-batch-mode -incremental -Xcc -ivfsstatcache -Xcc /var/folders/3w/91hphlzs0rv_1twbkfyhvn6m0000gn/T/condisco-preflight.ngRWOC/DerivedData/SDKStatCaches.noindex/iphonesimulator27.0-24A430-8dc58220667be655e1bcc261a7455254.sdkstatcache -output-file-map /var/folders/3w/91hphlzs0rv_1twbkfyhvn6m0000gn/T/condisco-preflight.ngRWOC/DerivedData/Build/Intermediates.noindex/Condisco.build/Debug-iphonesimulator/CondiscoUITests.build/Objects-normal/arm64/CondiscoUITests-OutputFileMap.json -save-temps -no-color-diagnostics -explicit-module-build -module-cache-path /var/folders/3w/91hphlzs0rv_1twbkfyhvn6m0000gn/T/condisco-preflight.ngRWOC/DerivedData/Build/Intermediates.noindex/SwiftExplicitPrecompiledModules -clang-scanner-module-cache-path /var/folders/3w/91hphlzs0rv_1twbkfyhvn6m0000gn/T/condisco-preflight.ngRWOC/DerivedData/ModuleCache.noindex -sdk-module-cache-path /var/folders/3w/91hphlzs0rv_1twbkfyhvn6m0000gn/T/condisco-preflight.ngRWOC/DerivedData/SDKExplicitPrecompiledModules -emit-dependencies -emit-module -emit-module-path /var/folders/3w/91hphlzs0rv_1twbkfyhvn6m0000gn/T/condisco-preflight.ngRWOC/DerivedData/Build/Intermediates.noindex/Condisco.build/Debug-iphonesimulator/CondiscoUITests.build/Objects-normal/arm64/CondiscoUITests.swiftmodule -serialize-diagnostics -dependency-scan-serialize-diagnostics-path /var/folders/3w/91hphlzs0rv_1twbkfyhvn6m0000gn/T/condisco-preflight.ngRWOC/DerivedData/Build/Intermediates.noindex/Condisco.build/Debug-iphonesimulator/CondiscoUITests.build/Objects-normal/arm64/CondiscoUITests-dependency-scan.dia -validate-clang-modules-once -clang-build-session-file /var/folders/3w/91hphlzs0rv_1twbkfyhvn6m0000gn/T/condisco-preflight.ngRWOC/DerivedData/ModuleCache.noindex/Session.modulevalidation -Xcc -fmodules-prune-interval\=86400 -Xcc -fmodules-prune-after\=345600 -emit-const-values -const-gather-protocols-list /var/folders/3w/91hphlzs0rv_1twbkfyhvn6m0000gn/T/condisco-preflight.ngRWOC/DerivedData/Build/Intermediates.noindex/Condisco.build/Debug-iphonesimulator/CondiscoUITests.build/Objects-normal/arm64/CondiscoUITests_const_extract_protocols.json -Xcc -iquote -Xcc /var/folders/3w/91hphlzs0rv_1twbkfyhvn6m0000gn/T/condisco-preflight.ngRWOC/DerivedData/Build/Intermediates.noindex/Condisco.build/Debug-iphonesimulator/CondiscoUITests.build/CondiscoUITests-generated-files.hmap -Xcc -I/var/folders/3w/91hphlzs0rv_1twbkfyhvn6m0000gn/T/condisco-preflight.ngRWOC/DerivedData/Build/Intermediates.noindex/Condisco.build/Debug-iphonesimulator/CondiscoUITests.build/CondiscoUITests-own-target-headers.hmap -Xcc -I/var/folders/3w/91hphlzs0rv_1twbkfyhvn6m0000gn/T/condisco-preflight.ngRWOC/DerivedData/Build/Intermediates.noindex/Condisco.build/Debug-iphonesimulator/CondiscoUITests.build/CondiscoUITests-all-target-headers.hmap -Xcc -iquote -Xcc /var/folders/3w/91hphlzs0rv_1twbkfyhvn6m0000gn/T/condisco-preflight.ngRWOC/DerivedData/Build/Intermediates.noindex/Condisco.build/Debug-iphonesimulator/CondiscoUITests.build/CondiscoUITests-project-headers.hmap -Xcc -I/var/folders/3w/91hphlzs0rv_1twbkfyhvn6m0000gn/T/condisco-preflight.ngRWOC/DerivedData/Build/Products/Debug-iphonesimulator/include -Xcc -I/var/folders/3w/91hphlzs0rv_1twbkfyhvn6m0000gn/T/condisco-preflight.ngRWOC/DerivedData/Build/Intermediates.noindex/Condisco.build/Debug-iphonesimulator/CondiscoUITests.build/DerivedSources-normal/arm64 -Xcc -I/var/folders/3w/91hphlzs0rv_1twbkfyhvn6m0000gn/T/condisco-preflight.ngRWOC/DerivedData/Build/Intermediates.noindex/Condisco.build/Debug-iphonesimulator/CondiscoUITests.build/DerivedSources/arm64 -Xcc -I/var/folders/3w/91hphlzs0rv_1twbkfyhvn6m0000gn/T/condisco-preflight.ngRWOC/DerivedData/Build/Intermediates.noindex/Condisco.build/Debug-iphonesimulator/CondiscoUITests.build/DerivedSources -Xcc -DDEBUG\=1 -emit-objc-header -emit-objc-header-path /var/folders/3w/91hphlzs0rv_1twbkfyhvn6m0000gn/T/condisco-preflight.ngRWOC/DerivedData/Build/Intermediates.noindex/Condisco.build/Debug-iphonesimulator/CondiscoUITests.build/Objects-normal/arm64/CondiscoUITests-Swift.h -working-directory /Users/spkoehl/Projects/VerbaLibera -experimental-emit-module-separately -disable-cmo

SwiftDriverJobDiscovery normal arm64 Compiling PackPortugueseTests.swift (in target 'CondiscoTests' from project 'Condisco')

SwiftCompile normal arm64 Compiling\ PackItalianTests.swift /Users/spkoehl/Projects/VerbaLibera/Condisco/Tests/PackItalianTests.swift (in target 'CondiscoTests' from project 'Condisco')

SwiftCompile normal arm64 /Users/spkoehl/Projects/VerbaLibera/Condisco/Tests/PackItalianTests.swift (in target 'CondiscoTests' from project 'Condisco')
    cd /Users/spkoehl/Projects/VerbaLibera
    builtin-SwiftPerFileCompile PackItalianTests.swift

SwiftCompile normal arm64 Compiling\ StoreTests.swift,\ PackFrenchTests.swift /Users/spkoehl/Projects/VerbaLibera/Condisco/Tests/StoreTests.swift /Users/spkoehl/Projects/VerbaLibera/Condisco/Tests/PackFrenchTests.swift (in target 'CondiscoTests' from project 'Condisco')

SwiftCompile normal arm64 /Users/spkoehl/Projects/VerbaLibera/Condisco/Tests/StoreTests.swift (in target 'CondiscoTests' from project 'Condisco')
    cd /Users/spkoehl/Projects/VerbaLibera
    builtin-SwiftPerFileCompile StoreTests.swift

SwiftCompile normal arm64 /Users/spkoehl/Projects/VerbaLibera/Condisco/Tests/PackFrenchTests.swift (in target 'CondiscoTests' from project 'Condisco')
    cd /Users/spkoehl/Projects/VerbaLibera
    builtin-SwiftPerFileCompile PackFrenchTests.swift

SwiftDriverJobDiscovery normal arm64 Compiling CondiscoApp.swift, ContentView.swift, HomeView.swift, MonthView.swift, ProgressCard.swift, DesignTokens.swift, CoursePack.swift, Database.swift, Fsrs.swift, LearningEvents.swift (in target 'Condisco' from project 'Condisco')

SwiftCompile normal arm64 Compiling\ PackGermanTests.swift /Users/spkoehl/Projects/VerbaLibera/Condisco/Tests/PackGermanTests.swift (in target 'CondiscoTests' from project 'Condisco')

SwiftCompile normal arm64 /Users/spkoehl/Projects/VerbaLibera/Condisco/Tests/PackGermanTests.swift (in target 'CondiscoTests' from project 'Condisco')
    cd /Users/spkoehl/Projects/VerbaLibera
    builtin-SwiftPerFileCompile PackGermanTests.swift

SwiftDriverJobDiscovery normal arm64 Compiling LearningStore.swift, PackLoader.swift, AnswerEngine.swift, ActivityEvaluation.swift, LessonSession.swift, CoursesView.swift, FamilyLayouts.swift, ActivityViews.swift, TextInputViews.swift, InteractiveViews.swift (in target 'Condisco' from project 'Condisco')

SwiftCompile normal arm64 Compiling\ PlacementTests.swift,\ EngineTests.swift /Users/spkoehl/Projects/VerbaLibera/Condisco/Tests/PlacementTests.swift /Users/spkoehl/Projects/VerbaLibera/Condisco/Tests/EngineTests.swift (in target 'CondiscoTests' from project 'Condisco')

SwiftCompile normal arm64 /Users/spkoehl/Projects/VerbaLibera/Condisco/Tests/PlacementTests.swift (in target 'CondiscoTests' from project 'Condisco')
    cd /Users/spkoehl/Projects/VerbaLibera
    builtin-SwiftPerFileCompile PlacementTests.swift

SwiftCompile normal arm64 /Users/spkoehl/Projects/VerbaLibera/Condisco/Tests/EngineTests.swift (in target 'CondiscoTests' from project 'Condisco')
    cd /Users/spkoehl/Projects/VerbaLibera
    builtin-SwiftPerFileCompile EngineTests.swift

SwiftDriverJobDiscovery normal arm64 Compiling PackSpanishTests.swift (in target 'CondiscoTests' from project 'Condisco')

SwiftDriverJobDiscovery normal arm64 Compiling PackItalianTests.swift (in target 'CondiscoTests' from project 'Condisco')

SwiftDriverJobDiscovery normal arm64 Compiling PackGermanTests.swift (in target 'CondiscoTests' from project 'Condisco')

SwiftDriverJobDiscovery normal arm64 Compiling PlacementTests.swift, EngineTests.swift (in target 'CondiscoTests' from project 'Condisco')

SwiftDriverJobDiscovery normal arm64 Compiling StimulusViews.swift, LessonPlayerView.swift, Welcome.swift, PlacementTest.swift, LessonCoachMarks.swift, VocabularyBrowser.swift, VoiceRecorder.swift, VoiceSettings.swift, ListenModels.swift, ListenView.swift (in target 'Condisco' from project 'Condisco')

SwiftDriverJobDiscovery normal arm64 Compiling CloudKitSync.swift, YouModel.swift, YouView.swift, Support.swift, PhraseCard.swift, ShadowMode.swift, Phrasebook.swift, Glossary.swift, LessonMoments.swift (in target 'Condisco' from project 'Condisco')

SwiftDriver\ Compilation Condisco normal arm64 com.apple.xcode.tools.swift.compiler (in target 'Condisco' from project 'Condisco')
    cd /Users/spkoehl/Projects/VerbaLibera
    builtin-Swift-Compilation -- /Applications/Xcode.app/Contents/Developer/Toolchains/XcodeDefault.xctoolchain/usr/bin/swiftc -module-name Condisco -Onone @/var/folders/3w/91hphlzs0rv_1twbkfyhvn6m0000gn/T/condisco-preflight.ngRWOC/DerivedData/Build/Intermediates.noindex/Condisco.build/Debug-iphonesimulator/Condisco.build/Objects-normal/arm64/Condisco.SwiftFileList -DDEBUG -enable-bare-slash-regex -enable-experimental-feature DebugDescriptionMacro -sdk /Applications/Xcode.app/Contents/Developer/Platforms/iPhoneSimulator.platform/Developer/SDKs/iPhoneSimulator27.0.sdk -target arm64-apple-ios17.0-simulator -g -module-cache-path /var/folders/3w/91hphlzs0rv_1twbkfyhvn6m0000gn/T/condisco-preflight.ngRWOC/DerivedData/ModuleCache.noindex -Xfrontend -serialize-debugging-options -enable-testing -index-store-path /var/folders/3w/91hphlzs0rv_1twbkfyhvn6m0000gn/T/condisco-preflight.ngRWOC/DerivedData/Index.noindex/DataStore -Xcc -D_LIBCPP_HARDENING_MODE\=_LIBCPP_HARDENING_MODE_DEBUG -swift-version 5 -I /var/folders/3w/91hphlzs0rv_1twbkfyhvn6m0000gn/T/condisco-preflight.ngRWOC/DerivedData/Build/Products/Debug-iphonesimulator -F /var/folders/3w/91hphlzs0rv_1twbkfyhvn6m0000gn/T/condisco-preflight.ngRWOC/DerivedData/Build/Products/Debug-iphonesimulator -emit-localized-strings -emit-localized-strings-path /var/folders/3w/91hphlzs0rv_1twbkfyhvn6m0000gn/T/condisco-preflight.ngRWOC/DerivedData/Build/Intermediates.noindex/Condisco.build/Debug-iphonesimulator/Condisco.build/Objects-normal/arm64 -c -j6 -enable-batch-mode -incremental -Xcc -ivfsstatcache -Xcc /var/folders/3w/91hphlzs0rv_1twbkfyhvn6m0000gn/T/condisco-preflight.ngRWOC/DerivedData/SDKStatCaches.noindex/iphonesimulator27.0-24A430-8dc58220667be655e1bcc261a7455254.sdkstatcache -output-file-map /var/folders/3w/91hphlzs0rv_1twbkfyhvn6m0000gn/T/condisco-preflight.ngRWOC/DerivedData/Build/Intermediates.noindex/Condisco.build/Debug-iphonesimulator/Condisco.build/Objects-normal/arm64/Condisco-OutputFileMap.json -save-temps -no-color-diagnostics -explicit-module-build -module-cache-path /var/folders/3w/91hphlzs0rv_1twbkfyhvn6m0000gn/T/condisco-preflight.ngRWOC/DerivedData/Build/Intermediates.noindex/SwiftExplicitPrecompiledModules -clang-scanner-module-cache-path /var/folders/3w/91hphlzs0rv_1twbkfyhvn6m0000gn/T/condisco-preflight.ngRWOC/DerivedData/ModuleCache.noindex -sdk-module-cache-path /var/folders/3w/91hphlzs0rv_1twbkfyhvn6m0000gn/T/condisco-preflight.ngRWOC/DerivedData/SDKExplicitPrecompiledModules -emit-dependencies -emit-module -emit-module-path /var/folders/3w/91hphlzs0rv_1twbkfyhvn6m0000gn/T/condisco-preflight.ngRWOC/DerivedData/Build/Intermediates.noindex/Condisco.build/Debug-iphonesimulator/Condisco.build/Objects-normal/arm64/Condisco.swiftmodule -serialize-diagnostics -dependency-scan-serialize-diagnostics-path /var/folders/3w/91hphlzs0rv_1twbkfyhvn6m0000gn/T/condisco-preflight.ngRWOC/DerivedData/Build/Intermediates.noindex/Condisco.build/Debug-iphonesimulator/Condisco.build/Objects-normal/arm64/Condisco-dependency-scan.dia -validate-clang-modules-once -clang-build-session-file /var/folders/3w/91hphlzs0rv_1twbkfyhvn6m0000gn/T/condisco-preflight.ngRWOC/DerivedData/ModuleCache.noindex/Session.modulevalidation -Xcc -fmodules-prune-interval\=86400 -Xcc -fmodules-prune-after\=345600 -emit-const-values -const-gather-protocols-list /var/folders/3w/91hphlzs0rv_1twbkfyhvn6m0000gn/T/condisco-preflight.ngRWOC/DerivedData/Build/Intermediates.noindex/Condisco.build/Debug-iphonesimulator/Condisco.build/Objects-normal/arm64/Condisco_const_extract_protocols.json -Xcc -iquote -Xcc /var/folders/3w/91hphlzs0rv_1twbkfyhvn6m0000gn/T/condisco-preflight.ngRWOC/DerivedData/Build/Intermediates.noindex/Condisco.build/Debug-iphonesimulator/Condisco.build/Condisco-generated-files.hmap -Xcc -I/var/folders/3w/91hphlzs0rv_1twbkfyhvn6m0000gn/T/condisco-preflight.ngRWOC/DerivedData/Build/Intermediates.noindex/Condisco.build/Debug-iphonesimulator/Condisco.build/Condisco-own-target-headers.hmap -Xcc -I/var/folders/3w/91hphlzs0rv_1twbkfyhvn6m0000gn/T/condisco-preflight.ngRWOC/DerivedData/Build/Intermediates.noindex/Condisco.build/Debug-iphonesimulator/Condisco.build/Condisco-all-target-headers.hmap -Xcc -iquote -Xcc /var/folders/3w/91hphlzs0rv_1twbkfyhvn6m0000gn/T/condisco-preflight.ngRWOC/DerivedData/Build/Intermediates.noindex/Condisco.build/Debug-iphonesimulator/Condisco.build/Condisco-project-headers.hmap -Xcc -I/var/folders/3w/91hphlzs0rv_1twbkfyhvn6m0000gn/T/condisco-preflight.ngRWOC/DerivedData/Build/Products/Debug-iphonesimulator/include -Xcc -I/var/folders/3w/91hphlzs0rv_1twbkfyhvn6m0000gn/T/condisco-preflight.ngRWOC/DerivedData/Build/Intermediates.noindex/Condisco.build/Debug-iphonesimulator/Condisco.build/DerivedSources-normal/arm64 -Xcc -I/var/folders/3w/91hphlzs0rv_1twbkfyhvn6m0000gn/T/condisco-preflight.ngRWOC/DerivedData/Build/Intermediates.noindex/Condisco.build/Debug-iphonesimulator/Condisco.build/DerivedSources/arm64 -Xcc -I/var/folders/3w/91hphlzs0rv_1twbkfyhvn6m0000gn/T/condisco-preflight.ngRWOC/DerivedData/Build/Intermediates.noindex/Condisco.build/Debug-iphonesimulator/Condisco.build/DerivedSources -Xcc -DDEBUG\=1 -Xcc -DDEBUG\=1 -emit-objc-header -emit-objc-header-path /var/folders/3w/91hphlzs0rv_1twbkfyhvn6m0000gn/T/condisco-preflight.ngRWOC/DerivedData/Build/Intermediates.noindex/Condisco.build/Debug-iphonesimulator/Condisco.build/Objects-normal/arm64/Condisco-Swift.h -working-directory /Users/spkoehl/Projects/VerbaLibera -experimental-emit-module-separately -disable-cmo

Ld /var/folders/3w/91hphlzs0rv_1twbkfyhvn6m0000gn/T/condisco-preflight.ngRWOC/DerivedData/Build/Products/Debug-iphonesimulator/Condisco.app/Condisco.debug.dylib normal (in target 'Condisco' from project 'Condisco')
    cd /Users/spkoehl/Projects/VerbaLibera
    /Applications/Xcode.app/Contents/Developer/Toolchains/XcodeDefault.xctoolchain/usr/bin/clang -Xlinker -reproducible -target arm64-apple-ios17.0-simulator -dynamiclib -isysroot /Applications/Xcode.app/Contents/Developer/Platforms/iPhoneSimulator.platform/Developer/SDKs/iPhoneSimulator27.0.sdk -O0 -Xlinker -no_warn_duplicate_libraries -L/var/folders/3w/91hphlzs0rv_1twbkfyhvn6m0000gn/T/condisco-preflight.ngRWOC/DerivedData/Build/Intermediates.noindex/EagerLinkingTBDs/Debug-iphonesimulator -L/var/folders/3w/91hphlzs0rv_1twbkfyhvn6m0000gn/T/condisco-preflight.ngRWOC/DerivedData/Build/Products/Debug-iphonesimulator -F/var/folders/3w/91hphlzs0rv_1twbkfyhvn6m0000gn/T/condisco-preflight.ngRWOC/DerivedData/Build/Intermediates.noindex/EagerLinkingTBDs/Debug-iphonesimulator -F/var/folders/3w/91hphlzs0rv_1twbkfyhvn6m0000gn/T/condisco-preflight.ngRWOC/DerivedData/Build/Products/Debug-iphonesimulator -filelist /var/folders/3w/91hphlzs0rv_1twbkfyhvn6m0000gn/T/condisco-preflight.ngRWOC/DerivedData/Build/Intermediates.noindex/Condisco.build/Debug-iphonesimulator/Condisco.build/Objects-normal/arm64/Condisco.LinkFileList -install_name @rpath/Condisco.debug.dylib -Xlinker -rpath -Xlinker /usr/lib/swift -Xlinker -rpath -Xlinker @executable_path/Frameworks -Xlinker -dead_strip -Xlinker -object_path_lto -Xlinker /var/folders/3w/91hphlzs0rv_1twbkfyhvn6m0000gn/T/condisco-preflight.ngRWOC/DerivedData/Build/Intermediates.noindex/Condisco.build/Debug-iphonesimulator/Condisco.build/Objects-normal/arm64/Condisco_lto.o -rdynamic -Xlinker -no_deduplicate -Xlinker -objc_abi_version -Xlinker 2 -Xlinker -dependency_info -Xlinker /var/folders/3w/91hphlzs0rv_1twbkfyhvn6m0000gn/T/condisco-preflight.ngRWOC/DerivedData/Build/Intermediates.noindex/Condisco.build/Debug-iphonesimulator/Condisco.build/Objects-normal/arm64/Condisco_dependency_info.dat -fobjc-link-runtime -L/Applications/Xcode.app/Contents/Developer/Toolchains/XcodeDefault.xctoolchain/usr/lib/swift/iphonesimulator -L/usr/lib/swift -Xlinker -add_ast_path -Xlinker /var/folders/3w/91hphlzs0rv_1twbkfyhvn6m0000gn/T/condisco-preflight.ngRWOC/DerivedData/Build/Intermediates.noindex/Condisco.build/Debug-iphonesimulator/Condisco.build/Objects-normal/arm64/Condisco.swiftmodule -Xlinker -alias -Xlinker _main -Xlinker ___debug_main_executable_dylib_entry_point -lsqlite3 -Xlinker -no_adhoc_codesign -o /var/folders/3w/91hphlzs0rv_1twbkfyhvn6m0000gn/T/condisco-preflight.ngRWOC/DerivedData/Build/Products/Debug-iphonesimulator/Condisco.app/Condisco.debug.dylib

ConstructStubExecutorLinkFileList /var/folders/3w/91hphlzs0rv_1twbkfyhvn6m0000gn/T/condisco-preflight.ngRWOC/DerivedData/Build/Intermediates.noindex/Condisco.build/Debug-iphonesimulator/Condisco.build/Condisco-ExecutorLinkFileList-normal-arm64.txt (in target 'Condisco' from project 'Condisco')
    cd /Users/spkoehl/Projects/VerbaLibera
    construct-stub-executor-link-file-list /var/folders/3w/91hphlzs0rv_1twbkfyhvn6m0000gn/T/condisco-preflight.ngRWOC/DerivedData/Build/Products/Debug-iphonesimulator/Condisco.app/Condisco.debug.dylib /Applications/Xcode.app/Contents/Developer/Platforms/iPhoneSimulator.platform/Developer/usr/lib/libPreviewsJITStubExecutor_no_swift_entry_point.a /Applications/Xcode.app/Contents/Developer/Platforms/iPhoneSimulator.platform/Developer/usr/lib/libPreviewsJITStubExecutor.a --output /var/folders/3w/91hphlzs0rv_1twbkfyhvn6m0000gn/T/condisco-preflight.ngRWOC/DerivedData/Build/Intermediates.noindex/Condisco.build/Debug-iphonesimulator/Condisco.build/Condisco-ExecutorLinkFileList-normal-arm64.txt
note: Using stub executor library with Swift entry point. (in target 'Condisco' from project 'Condisco')

Ld /var/folders/3w/91hphlzs0rv_1twbkfyhvn6m0000gn/T/condisco-preflight.ngRWOC/DerivedData/Build/Products/Debug-iphonesimulator/Condisco.app/Condisco normal (in target 'Condisco' from project 'Condisco')
    cd /Users/spkoehl/Projects/VerbaLibera
    /Applications/Xcode.app/Contents/Developer/Toolchains/XcodeDefault.xctoolchain/usr/bin/clang -Xlinker -reproducible -target arm64-apple-ios17.0-simulator -isysroot /Applications/Xcode.app/Contents/Developer/Platforms/iPhoneSimulator.platform/Developer/SDKs/iPhoneSimulator27.0.sdk -O0 -Xlinker -no_warn_duplicate_libraries -L/var/folders/3w/91hphlzs0rv_1twbkfyhvn6m0000gn/T/condisco-preflight.ngRWOC/DerivedData/Build/Products/Debug-iphonesimulator -F/var/folders/3w/91hphlzs0rv_1twbkfyhvn6m0000gn/T/condisco-preflight.ngRWOC/DerivedData/Build/Products/Debug-iphonesimulator -Xlinker -rpath -Xlinker @executable_path -Xlinker -rpath -Xlinker @executable_path/Frameworks -rdynamic -Xlinker -no_deduplicate -Xlinker -objc_abi_version -Xlinker 2 -e ___debug_blank_executor_main -Xlinker -sectcreate -Xlinker __TEXT -Xlinker __debug_dylib -Xlinker /var/folders/3w/91hphlzs0rv_1twbkfyhvn6m0000gn/T/condisco-preflight.ngRWOC/DerivedData/Build/Intermediates.noindex/Condisco.build/Debug-iphonesimulator/Condisco.build/Condisco-DebugDylibPath-normal-arm64.txt -Xlinker -sectcreate -Xlinker __TEXT -Xlinker __debug_instlnm -Xlinker /var/folders/3w/91hphlzs0rv_1twbkfyhvn6m0000gn/T/condisco-preflight.ngRWOC/DerivedData/Build/Intermediates.noindex/Condisco.build/Debug-iphonesimulator/Condisco.build/Condisco-DebugDylibInstallName-normal-arm64.txt -Xlinker -filelist -Xlinker /var/folders/3w/91hphlzs0rv_1twbkfyhvn6m0000gn/T/condisco-preflight.ngRWOC/DerivedData/Build/Intermediates.noindex/Condisco.build/Debug-iphonesimulator/Condisco.build/Condisco-ExecutorLinkFileList-normal-arm64.txt -Xlinker -sectcreate -Xlinker __TEXT -Xlinker __entitlements -Xlinker /var/folders/3w/91hphlzs0rv_1twbkfyhvn6m0000gn/T/condisco-preflight.ngRWOC/DerivedData/Build/Intermediates.noindex/Condisco.build/Debug-iphonesimulator/Condisco.build/Condisco.app-Simulated.xcent -Xlinker -sectcreate -Xlinker __TEXT -Xlinker __ents_der -Xlinker /var/folders/3w/91hphlzs0rv_1twbkfyhvn6m0000gn/T/condisco-preflight.ngRWOC/DerivedData/Build/Intermediates.noindex/Condisco.build/Debug-iphonesimulator/Condisco.build/Condisco.app-Simulated.xcent.der /var/folders/3w/91hphlzs0rv_1twbkfyhvn6m0000gn/T/condisco-preflight.ngRWOC/DerivedData/Build/Products/Debug-iphonesimulator/Condisco.app/Condisco.debug.dylib -Xlinker -no_adhoc_codesign -o /var/folders/3w/91hphlzs0rv_1twbkfyhvn6m0000gn/T/condisco-preflight.ngRWOC/DerivedData/Build/Products/Debug-iphonesimulator/Condisco.app/Condisco

Copy /var/folders/3w/91hphlzs0rv_1twbkfyhvn6m0000gn/T/condisco-preflight.ngRWOC/DerivedData/Build/Products/Debug-iphonesimulator/Condisco.app/PlugIns/CondiscoWidget.appex /var/folders/3w/91hphlzs0rv_1twbkfyhvn6m0000gn/T/condisco-preflight.ngRWOC/DerivedData/Build/Products/Debug-iphonesimulator/CondiscoWidget.appex (in target 'Condisco' from project 'Condisco')
    cd /Users/spkoehl/Projects/VerbaLibera
    builtin-copy -exclude .DS_Store -exclude CVS -exclude .svn -exclude .git -exclude .hg -resolve-src-symlinks -remove-static-executable /var/folders/3w/91hphlzs0rv_1twbkfyhvn6m0000gn/T/condisco-preflight.ngRWOC/DerivedData/Build/Products/Debug-iphonesimulator/CondiscoWidget.appex /var/folders/3w/91hphlzs0rv_1twbkfyhvn6m0000gn/T/condisco-preflight.ngRWOC/DerivedData/Build/Products/Debug-iphonesimulator/Condisco.app/PlugIns

ProcessInfoPlistFile /var/folders/3w/91hphlzs0rv_1twbkfyhvn6m0000gn/T/condisco-preflight.ngRWOC/DerivedData/Build/Products/Debug-iphonesimulator/Condisco.app/Info.plist /Users/spkoehl/Projects/VerbaLibera/Condisco/Info.plist (in target 'Condisco' from project 'Condisco')
    cd /Users/spkoehl/Projects/VerbaLibera
    builtin-infoPlistUtility /Users/spkoehl/Projects/VerbaLibera/Condisco/Info.plist -producttype com.apple.product-type.application -genpkginfo /var/folders/3w/91hphlzs0rv_1twbkfyhvn6m0000gn/T/condisco-preflight.ngRWOC/DerivedData/Build/Products/Debug-iphonesimulator/Condisco.app/PkgInfo -expandbuildsettings -format binary -platform iphonesimulator -additionalcontentfile /var/folders/3w/91hphlzs0rv_1twbkfyhvn6m0000gn/T/condisco-preflight.ngRWOC/DerivedData/Build/Intermediates.noindex/Condisco.build/Debug-iphonesimulator/Condisco.build/assetcatalog_generated_info.plist -scanforprivacyfile /var/folders/3w/91hphlzs0rv_1twbkfyhvn6m0000gn/T/condisco-preflight.ngRWOC/DerivedData/Build/Products/Debug-iphonesimulator/Condisco.app/PlugIns/CondiscoWidget.appex -o /var/folders/3w/91hphlzs0rv_1twbkfyhvn6m0000gn/T/condisco-preflight.ngRWOC/DerivedData/Build/Products/Debug-iphonesimulator/Condisco.app/Info.plist

CopySwiftLibs /var/folders/3w/91hphlzs0rv_1twbkfyhvn6m0000gn/T/condisco-preflight.ngRWOC/DerivedData/Build/Products/Debug-iphonesimulator/Condisco.app (in target 'Condisco' from project 'Condisco')
    cd /Users/spkoehl/Projects/VerbaLibera
    builtin-swiftStdLibTool --copy --verbose --sign - --scan-executable /var/folders/3w/91hphlzs0rv_1twbkfyhvn6m0000gn/T/condisco-preflight.ngRWOC/DerivedData/Build/Products/Debug-iphonesimulator/Condisco.app/Condisco.debug.dylib --scan-folder /var/folders/3w/91hphlzs0rv_1twbkfyhvn6m0000gn/T/condisco-preflight.ngRWOC/DerivedData/Build/Products/Debug-iphonesimulator/Condisco.app/Frameworks --scan-folder /var/folders/3w/91hphlzs0rv_1twbkfyhvn6m0000gn/T/condisco-preflight.ngRWOC/DerivedData/Build/Products/Debug-iphonesimulator/Condisco.app/PlugIns --scan-folder /var/folders/3w/91hphlzs0rv_1twbkfyhvn6m0000gn/T/condisco-preflight.ngRWOC/DerivedData/Build/Products/Debug-iphonesimulator/Condisco.app/SystemExtensions --scan-folder /var/folders/3w/91hphlzs0rv_1twbkfyhvn6m0000gn/T/condisco-preflight.ngRWOC/DerivedData/Build/Products/Debug-iphonesimulator/Condisco.app/Extensions --platform iphonesimulator --toolchain /Applications/Xcode.app/Contents/Developer/Toolchains/XcodeDefault.xctoolchain --destination /var/folders/3w/91hphlzs0rv_1twbkfyhvn6m0000gn/T/condisco-preflight.ngRWOC/DerivedData/Build/Products/Debug-iphonesimulator/Condisco.app/Frameworks --strip-bitcode --strip-bitcode-tool /Applications/Xcode.app/Contents/Developer/Toolchains/XcodeDefault.xctoolchain/usr/bin/bitcode_strip --emit-dependency-info /var/folders/3w/91hphlzs0rv_1twbkfyhvn6m0000gn/T/condisco-preflight.ngRWOC/DerivedData/Build/Intermediates.noindex/Condisco.build/Debug-iphonesimulator/Condisco.build/SwiftStdLibToolInputDependencies.dep --filter-for-swift-os

ExtractAppIntentsMetadata (in target 'Condisco' from project 'Condisco')
    cd /Users/spkoehl/Projects/VerbaLibera
    /Applications/Xcode.app/Contents/Developer/Toolchains/XcodeDefault.xctoolchain/usr/bin/appintentsmetadataprocessor --toolchain-dir /Applications/Xcode.app/Contents/Developer/Toolchains/XcodeDefault.xctoolchain --module-name Condisco --sdk-root /Applications/Xcode.app/Contents/Developer/Platforms/iPhoneSimulator.platform/Developer/SDKs/iPhoneSimulator27.0.sdk --xcode-version 27A266a --platform-family iOS --deployment-target 17.0 --bundle-identifier com.sleuthysloth.condisco --output /var/folders/3w/91hphlzs0rv_1twbkfyhvn6m0000gn/T/condisco-preflight.ngRWOC/DerivedData/Build/Products/Debug-iphonesimulator/Condisco.app --target-triple arm64-apple-ios17.0-simulator --binary-file /var/folders/3w/91hphlzs0rv_1twbkfyhvn6m0000gn/T/condisco-preflight.ngRWOC/DerivedData/Build/Products/Debug-iphonesimulator/Condisco.app/Condisco --dependency-file /var/folders/3w/91hphlzs0rv_1twbkfyhvn6m0000gn/T/condisco-preflight.ngRWOC/DerivedData/Build/Intermediates.noindex/Condisco.build/Debug-iphonesimulator/Condisco.build/Objects-normal/arm64/Condisco_dependency_info.dat --stringsdata-file /var/folders/3w/91hphlzs0rv_1twbkfyhvn6m0000gn/T/condisco-preflight.ngRWOC/DerivedData/Build/Intermediates.noindex/Condisco.build/Debug-iphonesimulator/Condisco.build/Objects-normal/arm64/ExtractedAppShortcutsMetadata.stringsdata --source-file-list /var/folders/3w/91hphlzs0rv_1twbkfyhvn6m0000gn/T/condisco-preflight.ngRWOC/DerivedData/Build/Intermediates.noindex/Condisco.build/Debug-iphonesimulator/Condisco.build/Objects-normal/arm64/Condisco.SwiftFileList --metadata-file-list /var/folders/3w/91hphlzs0rv_1twbkfyhvn6m0000gn/T/condisco-preflight.ngRWOC/DerivedData/Build/Intermediates.noindex/Condisco.build/Debug-iphonesimulator/Condisco.build/Condisco.DependencyMetadataFileList --static-metadata-file-list /var/folders/3w/91hphlzs0rv_1twbkfyhvn6m0000gn/T/condisco-preflight.ngRWOC/DerivedData/Build/Intermediates.noindex/Condisco.build/Debug-iphonesimulator/Condisco.build/Condisco.DependencyStaticMetadataFileList --swift-const-vals-list /var/folders/3w/91hphlzs0rv_1twbkfyhvn6m0000gn/T/condisco-preflight.ngRWOC/DerivedData/Build/Intermediates.noindex/Condisco.build/Debug-iphonesimulator/Condisco.build/Objects-normal/arm64/Condisco.SwiftConstValuesFileList --compile-time-extraction --deployment-aware-processing --no-app-shortcuts-localization
2026-09-27 02:57:44.986 appintentsmetadataprocessor[77175:2024430] Starting appintentsmetadataprocessor export
2026-09-27 02:57:45.073 appintentsmetadataprocessor[77175:2024430] Writing Metadata.appintents
2026-09-27 02:57:45.073 appintentsmetadataprocessor[77175:2024430] Metadata root: /var/folders/3w/91hphlzs0rv_1twbkfyhvn6m0000gn/T/condisco-preflight.ngRWOC/DerivedData/Build/Products/Debug-iphonesimulator/Condisco.app/Metadata.appintents

AppIntentsSSUTraining (in target 'Condisco' from project 'Condisco')
    cd /Users/spkoehl/Projects/VerbaLibera
    /Applications/Xcode.app/Contents/Developer/Toolchains/XcodeDefault.xctoolchain/usr/bin/appintentsnltrainingprocessor --infoplist-path /var/folders/3w/91hphlzs0rv_1twbkfyhvn6m0000gn/T/condisco-preflight.ngRWOC/DerivedData/Build/Products/Debug-iphonesimulator/Condisco.app/Info.plist --temp-dir-path /var/folders/3w/91hphlzs0rv_1twbkfyhvn6m0000gn/T/condisco-preflight.ngRWOC/DerivedData/Build/Intermediates.noindex/Condisco.build/Debug-iphonesimulator/Condisco.build/ssu --bundle-id com.sleuthysloth.condisco --product-path /var/folders/3w/91hphlzs0rv_1twbkfyhvn6m0000gn/T/condisco-preflight.ngRWOC/DerivedData/Build/Products/Debug-iphonesimulator/Condisco.app --extracted-metadata-path /var/folders/3w/91hphlzs0rv_1twbkfyhvn6m0000gn/T/condisco-preflight.ngRWOC/DerivedData/Build/Products/Debug-iphonesimulator/Condisco.app/Metadata.appintents --metadata-file-list /var/folders/3w/91hphlzs0rv_1twbkfyhvn6m0000gn/T/condisco-preflight.ngRWOC/DerivedData/Build/Intermediates.noindex/Condisco.build/Debug-iphonesimulator/Condisco.build/Condisco.DependencyMetadataFileList --source-file /var/folders/3w/91hphlzs0rv_1twbkfyhvn6m0000gn/T/condisco-preflight.ngRWOC/DerivedData/Build/Products/Debug-iphonesimulator/Condisco.app/Info.plist --archive-ssu-assets
2026-09-27 02:57:45.107 appintentsnltrainingprocessor[77177:2024436] Parsing options for appintentsnltrainingprocessor
2026-09-27 02:57:45.108 appintentsnltrainingprocessor[77177:2024436] Starting AppIntents SSU YAML Generation
2026-09-27 02:57:45.127 appintentsnltrainingprocessor[77177:2024436] Training 'Continue learning in ${+applicationName}|Continue my lesson in ${+applicationName}|Resume learning in ${+applicationName}' for en
2026-09-27 02:57:45.127 appintentsnltrainingprocessor[77177:2024436] Training 'Start a lesson in ${+applicationName}|Open a lesson in ${+applicationName}|Start learning in ${+applicationName}' for en
2026-09-27 02:57:45.127 appintentsnltrainingprocessor[77177:2024436] Training 'Start my review in ${+applicationName}|Review my phrases in ${+applicationName}|Start reviewing in ${+applicationName}' for en
2026-09-27 02:57:45.128 appintentsnltrainingprocessor[77177:2024436] Training Negative Phrases '' for en
2026-09-27 02:57:45.128 appintentsnltrainingprocessor[77177:2024436] Application name 'Condisco' for en
2026-09-27 02:57:45.140 appintentsnltrainingprocessor[77177:2024436] Generated AppIntents SSU YAML files in file:///var/folders/3w/91hphlzs0rv_1twbkfyhvn6m0000gn/T/condisco-preflight.ngRWOC/DerivedData/Build/Intermediates.noindex/Condisco.build/Debug-iphonesimulator/Condisco.build/ssu/
2026-09-27 02:57:45.140 appintentsnltrainingprocessor[77177:2024436] Copied AppIntents SSU YAML files to file:///var/folders/3w/91hphlzs0rv_1twbkfyhvn6m0000gn/T/condisco-preflight.ngRWOC/DerivedData/Build/Products/Debug-iphonesimulator/Condisco.app/Metadata.appintents/
Archiving all locales.
[------------------------------------------------------------] 0% archiving en[🁢🁢🁢🁢🁢🁢🁢🁢🁢🁢🁢🁢🁢🁢🁢🁢🁢🁢🁢🁢🁢🁢🁢🁢🁢🁢🁢🁢🁢🁢🁢🁢🁢🁢🁢🁢🁢🁢🁢🁢🁢🁢🁢🁢🁢🁢🁢🁢🁢🁢🁢🁢🁢🁢🁢🁢🁢🁢🁢🁢] 100% archived en[🁢🁢🁢🁢🁢🁢🁢🁢🁢🁢🁢🁢🁢🁢🁢🁢🁢🁢🁢🁢🁢🁢🁢🁢🁢🁢🁢🁢🁢🁢🁢🁢🁢🁢🁢🁢🁢🁢🁢🁢🁢🁢🁢🁢🁢🁢🁢🁢🁢🁢🁢🁢🁢🁢🁢🁢🁢🁢🁢🁢] 100% archived 1 locales/var/folders/3w/91hphlzs0rv_1twbkfyhvn6m0000gn/T/condisco-preflight.ngRWOC/DerivedData/Build/Products/Debug-iphonesimulator/Condisco.app/Metadata.appintents/nlu
/var/folders/3w/91hphlzs0rv_1twbkfyhvn6m0000gn/T/condisco-preflight.ngRWOC/DerivedData/Build/Products/Debug-iphonesimulator/Condisco.app/Metadata.appintents/nlu/0231e242df2d62371a26fd64e4095339.version


ProcessInfoPlistFile /var/folders/3w/91hphlzs0rv_1twbkfyhvn6m0000gn/T/condisco-preflight.ngRWOC/DerivedData/Build/Products/Debug-iphonesimulator/Condisco.app/PlugIns/CondiscoTests.xctest/Info.plist /var/folders/3w/91hphlzs0rv_1twbkfyhvn6m0000gn/T/condisco-preflight.ngRWOC/DerivedData/Build/Intermediates.noindex/Condisco.build/Debug-iphonesimulator/CondiscoTests.build/empty-CondiscoTests.plist (in target 'CondiscoTests' from project 'Condisco')
    cd /Users/spkoehl/Projects/VerbaLibera
    builtin-infoPlistUtility /var/folders/3w/91hphlzs0rv_1twbkfyhvn6m0000gn/T/condisco-preflight.ngRWOC/DerivedData/Build/Intermediates.noindex/Condisco.build/Debug-iphonesimulator/CondiscoTests.build/empty-CondiscoTests.plist -producttype com.apple.product-type.bundle.unit-test -expandbuildsettings -format binary -platform iphonesimulator -o /var/folders/3w/91hphlzs0rv_1twbkfyhvn6m0000gn/T/condisco-preflight.ngRWOC/DerivedData/Build/Products/Debug-iphonesimulator/Condisco.app/PlugIns/CondiscoTests.xctest/Info.plist

SwiftDriverJobDiscovery normal arm64 Compiling StoreTests.swift, PackFrenchTests.swift (in target 'CondiscoTests' from project 'Condisco')

SwiftDriver\ Compilation CondiscoTests normal arm64 com.apple.xcode.tools.swift.compiler (in target 'CondiscoTests' from project 'Condisco')
    cd /Users/spkoehl/Projects/VerbaLibera
    builtin-Swift-Compilation -- /Applications/Xcode.app/Contents/Developer/Toolchains/XcodeDefault.xctoolchain/usr/bin/swiftc -module-name CondiscoTests -Onone @/var/folders/3w/91hphlzs0rv_1twbkfyhvn6m0000gn/T/condisco-preflight.ngRWOC/DerivedData/Build/Intermediates.noindex/Condisco.build/Debug-iphonesimulator/CondiscoTests.build/Objects-normal/arm64/CondiscoTests.SwiftFileList -DDEBUG -plugin-path /Applications/Xcode.app/Contents/Developer/Toolchains/XcodeDefault.xctoolchain/usr/lib/swift/host/plugins/testing -enable-bare-slash-regex -enable-experimental-feature DebugDescriptionMacro -sdk /Applications/Xcode.app/Contents/Developer/Platforms/iPhoneSimulator.platform/Developer/SDKs/iPhoneSimulator27.0.sdk -target arm64-apple-ios17.0-simulator -g -module-cache-path /var/folders/3w/91hphlzs0rv_1twbkfyhvn6m0000gn/T/condisco-preflight.ngRWOC/DerivedData/ModuleCache.noindex -Xfrontend -serialize-debugging-options -enable-testing -index-store-path /var/folders/3w/91hphlzs0rv_1twbkfyhvn6m0000gn/T/condisco-preflight.ngRWOC/DerivedData/Index.noindex/DataStore -Xcc -D_LIBCPP_HARDENING_MODE\=_LIBCPP_HARDENING_MODE_DEBUG -swift-version 5 -I /var/folders/3w/91hphlzs0rv_1twbkfyhvn6m0000gn/T/condisco-preflight.ngRWOC/DerivedData/Build/Products/Debug-iphonesimulator -Isystem /Applications/Xcode.app/Contents/Developer/Platforms/iPhoneSimulator.platform/Developer/usr/lib -F /var/folders/3w/91hphlzs0rv_1twbkfyhvn6m0000gn/T/condisco-preflight.ngRWOC/DerivedData/Build/Products/Debug-iphonesimulator -F /Applications/Xcode.app/Contents/Developer/Platforms/iPhoneSimulator.platform/Developer/Library/Frameworks -F /Applications/Xcode.app/Contents/Developer/Platforms/iPhoneSimulator.platform/Developer/SDKs/iPhoneSimulator27.0.sdk/Developer/Library/Frameworks -emit-localized-strings -emit-localized-strings-path /var/folders/3w/91hphlzs0rv_1twbkfyhvn6m0000gn/T/condisco-preflight.ngRWOC/DerivedData/Build/Intermediates.noindex/Condisco.build/Debug-iphonesimulator/CondiscoTests.build/Objects-normal/arm64 -c -j6 -enable-batch-mode -incremental -Xcc -ivfsstatcache -Xcc /var/folders/3w/91hphlzs0rv_1twbkfyhvn6m0000gn/T/condisco-preflight.ngRWOC/DerivedData/SDKStatCaches.noindex/iphonesimulator27.0-24A430-8dc58220667be655e1bcc261a7455254.sdkstatcache -output-file-map /var/folders/3w/91hphlzs0rv_1twbkfyhvn6m0000gn/T/condisco-preflight.ngRWOC/DerivedData/Build/Intermediates.noindex/Condisco.build/Debug-iphonesimulator/CondiscoTests.build/Objects-normal/arm64/CondiscoTests-OutputFileMap.json -save-temps -no-color-diagnostics -explicit-module-build -module-cache-path /var/folders/3w/91hphlzs0rv_1twbkfyhvn6m0000gn/T/condisco-preflight.ngRWOC/DerivedData/Build/Intermediates.noindex/SwiftExplicitPrecompiledModules -clang-scanner-module-cache-path /var/folders/3w/91hphlzs0rv_1twbkfyhvn6m0000gn/T/condisco-preflight.ngRWOC/DerivedData/ModuleCache.noindex -sdk-module-cache-path /var/folders/3w/91hphlzs0rv_1twbkfyhvn6m0000gn/T/condisco-preflight.ngRWOC/DerivedData/SDKExplicitPrecompiledModules -emit-dependencies -emit-module -emit-module-path /var/folders/3w/91hphlzs0rv_1twbkfyhvn6m0000gn/T/condisco-preflight.ngRWOC/DerivedData/Build/Intermediates.noindex/Condisco.build/Debug-iphonesimulator/CondiscoTests.build/Objects-normal/arm64/CondiscoTests.swiftmodule -serialize-diagnostics -dependency-scan-serialize-diagnostics-path /var/folders/3w/91hphlzs0rv_1twbkfyhvn6m0000gn/T/condisco-preflight.ngRWOC/DerivedData/Build/Intermediates.noindex/Condisco.build/Debug-iphonesimulator/CondiscoTests.build/Objects-normal/arm64/CondiscoTests-dependency-scan.dia -validate-clang-modules-once -clang-build-session-file /var/folders/3w/91hphlzs0rv_1twbkfyhvn6m0000gn/T/condisco-preflight.ngRWOC/DerivedData/ModuleCache.noindex/Session.modulevalidation -Xcc -fmodules-prune-interval\=86400 -Xcc -fmodules-prune-after\=345600 -emit-const-values -const-gather-protocols-list /var/folders/3w/91hphlzs0rv_1twbkfyhvn6m0000gn/T/condisco-preflight.ngRWOC/DerivedData/Build/Intermediates.noindex/Condisco.build/Debug-iphonesimulator/CondiscoTests.build/Objects-normal/arm64/CondiscoTests_const_extract_protocols.json -Xcc -iquote -Xcc /var/folders/3w/91hphlzs0rv_1twbkfyhvn6m0000gn/T/condisco-preflight.ngRWOC/DerivedData/Build/Intermediates.noindex/Condisco.build/Debug-iphonesimulator/CondiscoTests.build/CondiscoTests-generated-files.hmap -Xcc -I/var/folders/3w/91hphlzs0rv_1twbkfyhvn6m0000gn/T/condisco-preflight.ngRWOC/DerivedData/Build/Intermediates.noindex/Condisco.build/Debug-iphonesimulator/CondiscoTests.build/CondiscoTests-own-target-headers.hmap -Xcc -I/var/folders/3w/91hphlzs0rv_1twbkfyhvn6m0000gn/T/condisco-preflight.ngRWOC/DerivedData/Build/Intermediates.noindex/Condisco.build/Debug-iphonesimulator/CondiscoTests.build/CondiscoTests-all-target-headers.hmap -Xcc -iquote -Xcc /var/folders/3w/91hphlzs0rv_1twbkfyhvn6m0000gn/T/condisco-preflight.ngRWOC/DerivedData/Build/Intermediates.noindex/Condisco.build/Debug-iphonesimulator/CondiscoTests.build/CondiscoTests-project-headers.hmap -Xcc -I/var/folders/3w/91hphlzs0rv_1twbkfyhvn6m0000gn/T/condisco-preflight.ngRWOC/DerivedData/Build/Products/Debug-iphonesimulator/include -Xcc -I/var/folders/3w/91hphlzs0rv_1twbkfyhvn6m0000gn/T/condisco-preflight.ngRWOC/DerivedData/Build/Intermediates.noindex/Condisco.build/Debug-iphonesimulator/CondiscoTests.build/DerivedSources-normal/arm64 -Xcc -I/var/folders/3w/91hphlzs0rv_1twbkfyhvn6m0000gn/T/condisco-preflight.ngRWOC/DerivedData/Build/Intermediates.noindex/Condisco.build/Debug-iphonesimulator/CondiscoTests.build/DerivedSources/arm64 -Xcc -I/var/folders/3w/91hphlzs0rv_1twbkfyhvn6m0000gn/T/condisco-preflight.ngRWOC/DerivedData/Build/Intermediates.noindex/Condisco.build/Debug-iphonesimulator/CondiscoTests.build/DerivedSources -Xcc -DDEBUG\=1 -emit-objc-header -emit-objc-header-path /var/folders/3w/91hphlzs0rv_1twbkfyhvn6m0000gn/T/condisco-preflight.ngRWOC/DerivedData/Build/Intermediates.noindex/Condisco.build/Debug-iphonesimulator/CondiscoTests.build/Objects-normal/arm64/CondiscoTests-Swift.h -working-directory /Users/spkoehl/Projects/VerbaLibera -experimental-emit-module-separately -disable-cmo

Ld /var/folders/3w/91hphlzs0rv_1twbkfyhvn6m0000gn/T/condisco-preflight.ngRWOC/DerivedData/Build/Products/Debug-iphonesimulator/Condisco.app/PlugIns/CondiscoTests.xctest/CondiscoTests normal (in target 'CondiscoTests' from project 'Condisco')
    cd /Users/spkoehl/Projects/VerbaLibera
    /Applications/Xcode.app/Contents/Developer/Toolchains/XcodeDefault.xctoolchain/usr/bin/clang -Xlinker -reproducible -target arm64-apple-ios17.0-simulator -bundle -isysroot /Applications/Xcode.app/Contents/Developer/Platforms/iPhoneSimulator.platform/Developer/SDKs/iPhoneSimulator27.0.sdk -O0 -Xlinker -no_warn_duplicate_libraries -L/var/folders/3w/91hphlzs0rv_1twbkfyhvn6m0000gn/T/condisco-preflight.ngRWOC/DerivedData/Build/Intermediates.noindex/EagerLinkingTBDs/Debug-iphonesimulator -L/var/folders/3w/91hphlzs0rv_1twbkfyhvn6m0000gn/T/condisco-preflight.ngRWOC/DerivedData/Build/Products/Debug-iphonesimulator -L/Applications/Xcode.app/Contents/Developer/Platforms/iPhoneSimulator.platform/Developer/usr/lib -F/var/folders/3w/91hphlzs0rv_1twbkfyhvn6m0000gn/T/condisco-preflight.ngRWOC/DerivedData/Build/Intermediates.noindex/EagerLinkingTBDs/Debug-iphonesimulator -F/var/folders/3w/91hphlzs0rv_1twbkfyhvn6m0000gn/T/condisco-preflight.ngRWOC/DerivedData/Build/Products/Debug-iphonesimulator -iframework /Applications/Xcode.app/Contents/Developer/Platforms/iPhoneSimulator.platform/Developer/Library/Frameworks -iframework /Applications/Xcode.app/Contents/Developer/Platforms/iPhoneSimulator.platform/Developer/SDKs/iPhoneSimulator27.0.sdk/Developer/Library/Frameworks -filelist /var/folders/3w/91hphlzs0rv_1twbkfyhvn6m0000gn/T/condisco-preflight.ngRWOC/DerivedData/Build/Intermediates.noindex/Condisco.build/Debug-iphonesimulator/CondiscoTests.build/Objects-normal/arm64/CondiscoTests.LinkFileList -Xlinker -rpath -Xlinker /usr/lib/swift -Xlinker -rpath -Xlinker @loader_path/Frameworks -Xlinker -rpath -Xlinker @executable_path/Frameworks -Xlinker -dead_strip -bundle_loader /var/folders/3w/91hphlzs0rv_1twbkfyhvn6m0000gn/T/condisco-preflight.ngRWOC/DerivedData/Build/Products/Debug-iphonesimulator/Condisco.app/Condisco -Xlinker -object_path_lto -Xlinker /var/folders/3w/91hphlzs0rv_1twbkfyhvn6m0000gn/T/condisco-preflight.ngRWOC/DerivedData/Build/Intermediates.noindex/Condisco.build/Debug-iphonesimulator/CondiscoTests.build/Objects-normal/arm64/CondiscoTests_lto.o -rdynamic -Xlinker -no_deduplicate -Xlinker -objc_abi_version -Xlinker 2 -Xlinker -dependency_info -Xlinker /var/folders/3w/91hphlzs0rv_1twbkfyhvn6m0000gn/T/condisco-preflight.ngRWOC/DerivedData/Build/Intermediates.noindex/Condisco.build/Debug-iphonesimulator/CondiscoTests.build/Objects-normal/arm64/CondiscoTests_dependency_info.dat -fobjc-link-runtime -L/Applications/Xcode.app/Contents/Developer/Toolchains/XcodeDefault.xctoolchain/usr/lib/swift/iphonesimulator -L/usr/lib/swift -Xlinker -add_ast_path -Xlinker /var/folders/3w/91hphlzs0rv_1twbkfyhvn6m0000gn/T/condisco-preflight.ngRWOC/DerivedData/Build/Intermediates.noindex/Condisco.build/Debug-iphonesimulator/CondiscoTests.build/Objects-normal/arm64/CondiscoTests.swiftmodule -Xlinker -needed_framework -Xlinker XCTest -framework XCTest -Xlinker -needed-lXCTestSwiftSupport -lXCTestSwiftSupport /var/folders/3w/91hphlzs0rv_1twbkfyhvn6m0000gn/T/condisco-preflight.ngRWOC/DerivedData/Build/Products/Debug-iphonesimulator/Condisco.app/Condisco.debug.dylib -Xlinker -no_adhoc_codesign -o /var/folders/3w/91hphlzs0rv_1twbkfyhvn6m0000gn/T/condisco-preflight.ngRWOC/DerivedData/Build/Products/Debug-iphonesimulator/Condisco.app/PlugIns/CondiscoTests.xctest/CondiscoTests

ExtractAppIntentsMetadata (in target 'CondiscoTests' from project 'Condisco')
    cd /Users/spkoehl/Projects/VerbaLibera
    /Applications/Xcode.app/Contents/Developer/Toolchains/XcodeDefault.xctoolchain/usr/bin/appintentsmetadataprocessor --toolchain-dir /Applications/Xcode.app/Contents/Developer/Toolchains/XcodeDefault.xctoolchain --module-name CondiscoTests --sdk-root /Applications/Xcode.app/Contents/Developer/Platforms/iPhoneSimulator.platform/Developer/SDKs/iPhoneSimulator27.0.sdk --xcode-version 27A266a --platform-family iOS --deployment-target 17.0 --bundle-identifier com.sleuthysloth.condisco.Tests --output /var/folders/3w/91hphlzs0rv_1twbkfyhvn6m0000gn/T/condisco-preflight.ngRWOC/DerivedData/Build/Products/Debug-iphonesimulator/Condisco.app/PlugIns/CondiscoTests.xctest --target-triple arm64-apple-ios17.0-simulator --binary-file /var/folders/3w/91hphlzs0rv_1twbkfyhvn6m0000gn/T/condisco-preflight.ngRWOC/DerivedData/Build/Products/Debug-iphonesimulator/Condisco.app/PlugIns/CondiscoTests.xctest/CondiscoTests --dependency-file /var/folders/3w/91hphlzs0rv_1twbkfyhvn6m0000gn/T/condisco-preflight.ngRWOC/DerivedData/Build/Intermediates.noindex/Condisco.build/Debug-iphonesimulator/CondiscoTests.build/Objects-normal/arm64/CondiscoTests_dependency_info.dat --stringsdata-file /var/folders/3w/91hphlzs0rv_1twbkfyhvn6m0000gn/T/condisco-preflight.ngRWOC/DerivedData/Build/Intermediates.noindex/Condisco.build/Debug-iphonesimulator/CondiscoTests.build/Objects-normal/arm64/ExtractedAppShortcutsMetadata.stringsdata --source-file-list /var/folders/3w/91hphlzs0rv_1twbkfyhvn6m0000gn/T/condisco-preflight.ngRWOC/DerivedData/Build/Intermediates.noindex/Condisco.build/Debug-iphonesimulator/CondiscoTests.build/Objects-normal/arm64/CondiscoTests.SwiftFileList --metadata-file-list /var/folders/3w/91hphlzs0rv_1twbkfyhvn6m0000gn/T/condisco-preflight.ngRWOC/DerivedData/Build/Intermediates.noindex/Condisco.build/Debug-iphonesimulator/CondiscoTests.build/CondiscoTests.DependencyMetadataFileList --static-metadata-file-list /var/folders/3w/91hphlzs0rv_1twbkfyhvn6m0000gn/T/condisco-preflight.ngRWOC/DerivedData/Build/Intermediates.noindex/Condisco.build/Debug-iphonesimulator/CondiscoTests.build/CondiscoTests.DependencyStaticMetadataFileList --swift-const-vals-list /var/folders/3w/91hphlzs0rv_1twbkfyhvn6m0000gn/T/condisco-preflight.ngRWOC/DerivedData/Build/Intermediates.noindex/Condisco.build/Debug-iphonesimulator/CondiscoTests.build/Objects-normal/arm64/CondiscoTests.SwiftConstValuesFileList --compile-time-extraction --deployment-aware-processing --no-app-shortcuts-localization
2026-09-27 02:57:45.756 appintentsmetadataprocessor[77183:2024470] Starting appintentsmetadataprocessor export
2026-09-27 02:57:45.798 appintentsmetadataprocessor[77183:2024470] Extracted no relevant App Intents symbols, skipping writing output

CopySwiftLibs /var/folders/3w/91hphlzs0rv_1twbkfyhvn6m0000gn/T/condisco-preflight.ngRWOC/DerivedData/Build/Products/Debug-iphonesimulator/Condisco.app/PlugIns/CondiscoTests.xctest (in target 'CondiscoTests' from project 'Condisco')
    cd /Users/spkoehl/Projects/VerbaLibera
    builtin-swiftStdLibTool --copy --verbose --sign - --scan-executable /var/folders/3w/91hphlzs0rv_1twbkfyhvn6m0000gn/T/condisco-preflight.ngRWOC/DerivedData/Build/Products/Debug-iphonesimulator/Condisco.app/PlugIns/CondiscoTests.xctest/CondiscoTests --scan-folder /var/folders/3w/91hphlzs0rv_1twbkfyhvn6m0000gn/T/condisco-preflight.ngRWOC/DerivedData/Build/Products/Debug-iphonesimulator/Condisco.app/PlugIns/CondiscoTests.xctest/Frameworks --scan-folder /var/folders/3w/91hphlzs0rv_1twbkfyhvn6m0000gn/T/condisco-preflight.ngRWOC/DerivedData/Build/Products/Debug-iphonesimulator/Condisco.app/PlugIns/CondiscoTests.xctest/PlugIns --scan-folder /var/folders/3w/91hphlzs0rv_1twbkfyhvn6m0000gn/T/condisco-preflight.ngRWOC/DerivedData/Build/Products/Debug-iphonesimulator/Condisco.app/PlugIns/CondiscoTests.xctest/SystemExtensions --scan-folder /var/folders/3w/91hphlzs0rv_1twbkfyhvn6m0000gn/T/condisco-preflight.ngRWOC/DerivedData/Build/Products/Debug-iphonesimulator/Condisco.app/PlugIns/CondiscoTests.xctest/Extensions --platform iphonesimulator --toolchain /Applications/Xcode.app/Contents/Developer/Toolchains/XcodeDefault.xctoolchain --destination /var/folders/3w/91hphlzs0rv_1twbkfyhvn6m0000gn/T/condisco-preflight.ngRWOC/DerivedData/Build/Products/Debug-iphonesimulator/Condisco.app/PlugIns/CondiscoTests.xctest/Frameworks --strip-bitcode --scan-executable /Applications/Xcode.app/Contents/Developer/Platforms/iPhoneSimulator.platform/Developer/usr/lib/libXCTestSwiftSupport.dylib --strip-bitcode-tool /Applications/Xcode.app/Contents/Developer/Toolchains/XcodeDefault.xctoolchain/usr/bin/bitcode_strip --emit-dependency-info /var/folders/3w/91hphlzs0rv_1twbkfyhvn6m0000gn/T/condisco-preflight.ngRWOC/DerivedData/Build/Intermediates.noindex/Condisco.build/Debug-iphonesimulator/CondiscoTests.build/SwiftStdLibToolInputDependencies.dep --filter-for-swift-os

AppIntentsSSUTraining (in target 'CondiscoTests' from project 'Condisco')
    cd /Users/spkoehl/Projects/VerbaLibera
    /Applications/Xcode.app/Contents/Developer/Toolchains/XcodeDefault.xctoolchain/usr/bin/appintentsnltrainingprocessor --infoplist-path /var/folders/3w/91hphlzs0rv_1twbkfyhvn6m0000gn/T/condisco-preflight.ngRWOC/DerivedData/Build/Products/Debug-iphonesimulator/Condisco.app/PlugIns/CondiscoTests.xctest/Info.plist --temp-dir-path /var/folders/3w/91hphlzs0rv_1twbkfyhvn6m0000gn/T/condisco-preflight.ngRWOC/DerivedData/Build/Intermediates.noindex/Condisco.build/Debug-iphonesimulator/CondiscoTests.build/ssu --bundle-id com.sleuthysloth.condisco.Tests --product-path /var/folders/3w/91hphlzs0rv_1twbkfyhvn6m0000gn/T/condisco-preflight.ngRWOC/DerivedData/Build/Products/Debug-iphonesimulator/Condisco.app/PlugIns/CondiscoTests.xctest --extracted-metadata-path /var/folders/3w/91hphlzs0rv_1twbkfyhvn6m0000gn/T/condisco-preflight.ngRWOC/DerivedData/Build/Products/Debug-iphonesimulator/Condisco.app/PlugIns/CondiscoTests.xctest/Metadata.appintents --metadata-file-list /var/folders/3w/91hphlzs0rv_1twbkfyhvn6m0000gn/T/condisco-preflight.ngRWOC/DerivedData/Build/Intermediates.noindex/Condisco.build/Debug-iphonesimulator/CondiscoTests.build/CondiscoTests.DependencyMetadataFileList --source-file /var/folders/3w/91hphlzs0rv_1twbkfyhvn6m0000gn/T/condisco-preflight.ngRWOC/DerivedData/Build/Products/Debug-iphonesimulator/Condisco.app/PlugIns/CondiscoTests.xctest/Info.plist --archive-ssu-assets
2026-09-27 02:57:45.819 appintentsnltrainingprocessor[77184:2024473] Parsing options for appintentsnltrainingprocessor
2026-09-27 02:57:45.819 appintentsnltrainingprocessor[77184:2024473] Starting AppIntents SSU YAML Generation
2026-09-27 02:57:45.819 appintentsnltrainingprocessor[77184:2024473] No AppShortcuts found - Skipping.

CodeSign /var/folders/3w/91hphlzs0rv_1twbkfyhvn6m0000gn/T/condisco-preflight.ngRWOC/DerivedData/Build/Products/Debug-iphonesimulator/Condisco.app/PlugIns/CondiscoTests.xctest (in target 'CondiscoTests' from project 'Condisco')
    cd /Users/spkoehl/Projects/VerbaLibera
    
    Signing Identity:     "Sign to Run Locally"
    
    /usr/bin/codesign --force --sign - --timestamp\=none --generate-entitlement-der /var/folders/3w/91hphlzs0rv_1twbkfyhvn6m0000gn/T/condisco-preflight.ngRWOC/DerivedData/Build/Products/Debug-iphonesimulator/Condisco.app/PlugIns/CondiscoTests.xctest

RegisterExecutionPolicyException /var/folders/3w/91hphlzs0rv_1twbkfyhvn6m0000gn/T/condisco-preflight.ngRWOC/DerivedData/Build/Products/Debug-iphonesimulator/Condisco.app/PlugIns/CondiscoTests.xctest (in target 'CondiscoTests' from project 'Condisco')
    cd /Users/spkoehl/Projects/VerbaLibera
    builtin-RegisterExecutionPolicyException /var/folders/3w/91hphlzs0rv_1twbkfyhvn6m0000gn/T/condisco-preflight.ngRWOC/DerivedData/Build/Products/Debug-iphonesimulator/Condisco.app/PlugIns/CondiscoTests.xctest

Touch /var/folders/3w/91hphlzs0rv_1twbkfyhvn6m0000gn/T/condisco-preflight.ngRWOC/DerivedData/Build/Products/Debug-iphonesimulator/Condisco.app/PlugIns/CondiscoTests.xctest (in target 'CondiscoTests' from project 'Condisco')
    cd /Users/spkoehl/Projects/VerbaLibera
    /usr/bin/touch -c /var/folders/3w/91hphlzs0rv_1twbkfyhvn6m0000gn/T/condisco-preflight.ngRWOC/DerivedData/Build/Products/Debug-iphonesimulator/Condisco.app/PlugIns/CondiscoTests.xctest

CodeSign /var/folders/3w/91hphlzs0rv_1twbkfyhvn6m0000gn/T/condisco-preflight.ngRWOC/DerivedData/Build/Products/Debug-iphonesimulator/Condisco.app/Condisco.debug.dylib (in target 'Condisco' from project 'Condisco')
    cd /Users/spkoehl/Projects/VerbaLibera
    
    Signing Identity:     "Sign to Run Locally"
    
    /usr/bin/codesign --force --sign - --timestamp\=none --generate-entitlement-der /var/folders/3w/91hphlzs0rv_1twbkfyhvn6m0000gn/T/condisco-preflight.ngRWOC/DerivedData/Build/Products/Debug-iphonesimulator/Condisco.app/Condisco.debug.dylib

CodeSign /var/folders/3w/91hphlzs0rv_1twbkfyhvn6m0000gn/T/condisco-preflight.ngRWOC/DerivedData/Build/Products/Debug-iphonesimulator/Condisco.app/__preview.dylib (in target 'Condisco' from project 'Condisco')
    cd /Users/spkoehl/Projects/VerbaLibera
    
    Signing Identity:     "Sign to Run Locally"
    
    /usr/bin/codesign --force --sign - --timestamp\=none --generate-entitlement-der /var/folders/3w/91hphlzs0rv_1twbkfyhvn6m0000gn/T/condisco-preflight.ngRWOC/DerivedData/Build/Products/Debug-iphonesimulator/Condisco.app/__preview.dylib

CodeSign /var/folders/3w/91hphlzs0rv_1twbkfyhvn6m0000gn/T/condisco-preflight.ngRWOC/DerivedData/Build/Products/Debug-iphonesimulator/Condisco.app (in target 'Condisco' from project 'Condisco')
    cd /Users/spkoehl/Projects/VerbaLibera
    
    Signing Identity:     "Sign to Run Locally"
    
    /usr/bin/codesign --force --sign - --entitlements /var/folders/3w/91hphlzs0rv_1twbkfyhvn6m0000gn/T/condisco-preflight.ngRWOC/DerivedData/Build/Intermediates.noindex/Condisco.build/Debug-iphonesimulator/Condisco.build/Condisco.app.xcent --timestamp\=none --generate-entitlement-der /var/folders/3w/91hphlzs0rv_1twbkfyhvn6m0000gn/T/condisco-preflight.ngRWOC/DerivedData/Build/Products/Debug-iphonesimulator/Condisco.app

ValidateEmbeddedBinary /var/folders/3w/91hphlzs0rv_1twbkfyhvn6m0000gn/T/condisco-preflight.ngRWOC/DerivedData/Build/Products/Debug-iphonesimulator/Condisco.app/PlugIns/CondiscoWidget.appex (in target 'Condisco' from project 'Condisco')
    cd /Users/spkoehl/Projects/VerbaLibera
    /Applications/Xcode.app/Contents/Developer/usr/bin/embeddedBinaryValidationUtility /var/folders/3w/91hphlzs0rv_1twbkfyhvn6m0000gn/T/condisco-preflight.ngRWOC/DerivedData/Build/Products/Debug-iphonesimulator/Condisco.app/PlugIns/CondiscoWidget.appex -signing-cert - -info-plist-path /var/folders/3w/91hphlzs0rv_1twbkfyhvn6m0000gn/T/condisco-preflight.ngRWOC/DerivedData/Build/Products/Debug-iphonesimulator/Condisco.app/Info.plist

RegisterExecutionPolicyException /var/folders/3w/91hphlzs0rv_1twbkfyhvn6m0000gn/T/condisco-preflight.ngRWOC/DerivedData/Build/Products/Debug-iphonesimulator/Condisco.app (in target 'Condisco' from project 'Condisco')
    cd /Users/spkoehl/Projects/VerbaLibera
    builtin-RegisterExecutionPolicyException /var/folders/3w/91hphlzs0rv_1twbkfyhvn6m0000gn/T/condisco-preflight.ngRWOC/DerivedData/Build/Products/Debug-iphonesimulator/Condisco.app

Validate /var/folders/3w/91hphlzs0rv_1twbkfyhvn6m0000gn/T/condisco-preflight.ngRWOC/DerivedData/Build/Products/Debug-iphonesimulator/Condisco.app (in target 'Condisco' from project 'Condisco')
    cd /Users/spkoehl/Projects/VerbaLibera
    builtin-validationUtility /var/folders/3w/91hphlzs0rv_1twbkfyhvn6m0000gn/T/condisco-preflight.ngRWOC/DerivedData/Build/Products/Debug-iphonesimulator/Condisco.app -shallow-bundle -infoplist-subpath Info.plist

Touch /var/folders/3w/91hphlzs0rv_1twbkfyhvn6m0000gn/T/condisco-preflight.ngRWOC/DerivedData/Build/Products/Debug-iphonesimulator/Condisco.app (in target 'Condisco' from project 'Condisco')
    cd /Users/spkoehl/Projects/VerbaLibera
    /usr/bin/touch -c /var/folders/3w/91hphlzs0rv_1twbkfyhvn6m0000gn/T/condisco-preflight.ngRWOC/DerivedData/Build/Products/Debug-iphonesimulator/Condisco.app

ProcessInfoPlistFile /var/folders/3w/91hphlzs0rv_1twbkfyhvn6m0000gn/T/condisco-preflight.ngRWOC/DerivedData/Build/Products/Debug-iphonesimulator/CondiscoUITests-Runner.app/PlugIns/CondiscoUITests.xctest/Info.plist /var/folders/3w/91hphlzs0rv_1twbkfyhvn6m0000gn/T/condisco-preflight.ngRWOC/DerivedData/Build/Intermediates.noindex/Condisco.build/Debug-iphonesimulator/CondiscoUITests.build/empty-CondiscoUITests.plist (in target 'CondiscoUITests' from project 'Condisco')
    cd /Users/spkoehl/Projects/VerbaLibera
    builtin-infoPlistUtility /var/folders/3w/91hphlzs0rv_1twbkfyhvn6m0000gn/T/condisco-preflight.ngRWOC/DerivedData/Build/Intermediates.noindex/Condisco.build/Debug-iphonesimulator/CondiscoUITests.build/empty-CondiscoUITests.plist -producttype com.apple.product-type.bundle.ui-testing -expandbuildsettings -format binary -platform iphonesimulator -additionalcontentfile /var/folders/3w/91hphlzs0rv_1twbkfyhvn6m0000gn/T/condisco-preflight.ngRWOC/DerivedData/Build/Intermediates.noindex/Condisco.build/Debug-iphonesimulator/CondiscoUITests.build/ProductTypeInfoPlistAdditions.plist -o /var/folders/3w/91hphlzs0rv_1twbkfyhvn6m0000gn/T/condisco-preflight.ngRWOC/DerivedData/Build/Products/Debug-iphonesimulator/CondiscoUITests-Runner.app/PlugIns/CondiscoUITests.xctest/Info.plist

Ld /var/folders/3w/91hphlzs0rv_1twbkfyhvn6m0000gn/T/condisco-preflight.ngRWOC/DerivedData/Build/Products/Debug-iphonesimulator/CondiscoUITests-Runner.app/PlugIns/CondiscoUITests.xctest/CondiscoUITests normal (in target 'CondiscoUITests' from project 'Condisco')
    cd /Users/spkoehl/Projects/VerbaLibera
    /Applications/Xcode.app/Contents/Developer/Toolchains/XcodeDefault.xctoolchain/usr/bin/clang -Xlinker -reproducible -target arm64-apple-ios17.0-simulator -bundle -isysroot /Applications/Xcode.app/Contents/Developer/Platforms/iPhoneSimulator.platform/Developer/SDKs/iPhoneSimulator27.0.sdk -O0 -Xlinker -no_warn_duplicate_libraries -L/var/folders/3w/91hphlzs0rv_1twbkfyhvn6m0000gn/T/condisco-preflight.ngRWOC/DerivedData/Build/Intermediates.noindex/EagerLinkingTBDs/Debug-iphonesimulator -L/var/folders/3w/91hphlzs0rv_1twbkfyhvn6m0000gn/T/condisco-preflight.ngRWOC/DerivedData/Build/Products/Debug-iphonesimulator -L/Applications/Xcode.app/Contents/Developer/Platforms/iPhoneSimulator.platform/Developer/usr/lib -F/var/folders/3w/91hphlzs0rv_1twbkfyhvn6m0000gn/T/condisco-preflight.ngRWOC/DerivedData/Build/Intermediates.noindex/EagerLinkingTBDs/Debug-iphonesimulator -F/var/folders/3w/91hphlzs0rv_1twbkfyhvn6m0000gn/T/condisco-preflight.ngRWOC/DerivedData/Build/Products/Debug-iphonesimulator -iframework /Applications/Xcode.app/Contents/Developer/Platforms/iPhoneSimulator.platform/Developer/Library/Frameworks -iframework /Applications/Xcode.app/Contents/Developer/Platforms/iPhoneSimulator.platform/Developer/SDKs/iPhoneSimulator27.0.sdk/Developer/Library/Frameworks -filelist /var/folders/3w/91hphlzs0rv_1twbkfyhvn6m0000gn/T/condisco-preflight.ngRWOC/DerivedData/Build/Intermediates.noindex/Condisco.build/Debug-iphonesimulator/CondiscoUITests.build/Objects-normal/arm64/CondiscoUITests.LinkFileList -Xlinker -rpath -Xlinker /usr/lib/swift -Xlinker -rpath -Xlinker @loader_path/Frameworks -Xlinker -dead_strip -Xlinker -object_path_lto -Xlinker /var/folders/3w/91hphlzs0rv_1twbkfyhvn6m0000gn/T/condisco-preflight.ngRWOC/DerivedData/Build/Intermediates.noindex/Condisco.build/Debug-iphonesimulator/CondiscoUITests.build/Objects-normal/arm64/CondiscoUITests_lto.o -rdynamic -Xlinker -no_deduplicate -Xlinker -objc_abi_version -Xlinker 2 -Xlinker -dependency_info -Xlinker /var/folders/3w/91hphlzs0rv_1twbkfyhvn6m0000gn/T/condisco-preflight.ngRWOC/DerivedData/Build/Intermediates.noindex/Condisco.build/Debug-iphonesimulator/CondiscoUITests.build/Objects-normal/arm64/CondiscoUITests_dependency_info.dat -fobjc-link-runtime -L/Applications/Xcode.app/Contents/Developer/Toolchains/XcodeDefault.xctoolchain/usr/lib/swift/iphonesimulator -L/usr/lib/swift -Xlinker -add_ast_path -Xlinker /var/folders/3w/91hphlzs0rv_1twbkfyhvn6m0000gn/T/condisco-preflight.ngRWOC/DerivedData/Build/Intermediates.noindex/Condisco.build/Debug-iphonesimulator/CondiscoUITests.build/Objects-normal/arm64/CondiscoUITests.swiftmodule -Xlinker -needed_framework -Xlinker XCTest -framework XCTest -Xlinker -needed-lXCTestSwiftSupport -lXCTestSwiftSupport -Xlinker -sectcreate -Xlinker __TEXT -Xlinker __entitlements -Xlinker /var/folders/3w/91hphlzs0rv_1twbkfyhvn6m0000gn/T/condisco-preflight.ngRWOC/DerivedData/Build/Intermediates.noindex/Condisco.build/Debug-iphonesimulator/CondiscoUITests.build/CondiscoUITests.xctest-Simulated.xcent -Xlinker -sectcreate -Xlinker __TEXT -Xlinker __ents_der -Xlinker /var/folders/3w/91hphlzs0rv_1twbkfyhvn6m0000gn/T/condisco-preflight.ngRWOC/DerivedData/Build/Intermediates.noindex/Condisco.build/Debug-iphonesimulator/CondiscoUITests.build/CondiscoUITests.xctest-Simulated.xcent.der -Xlinker -no_adhoc_codesign -o /var/folders/3w/91hphlzs0rv_1twbkfyhvn6m0000gn/T/condisco-preflight.ngRWOC/DerivedData/Build/Products/Debug-iphonesimulator/CondiscoUITests-Runner.app/PlugIns/CondiscoUITests.xctest/CondiscoUITests

CopySwiftLibs /var/folders/3w/91hphlzs0rv_1twbkfyhvn6m0000gn/T/condisco-preflight.ngRWOC/DerivedData/Build/Products/Debug-iphonesimulator/CondiscoUITests-Runner.app/PlugIns/CondiscoUITests.xctest (in target 'CondiscoUITests' from project 'Condisco')
    cd /Users/spkoehl/Projects/VerbaLibera
    builtin-swiftStdLibTool --copy --verbose --sign - --scan-executable /var/folders/3w/91hphlzs0rv_1twbkfyhvn6m0000gn/T/condisco-preflight.ngRWOC/DerivedData/Build/Products/Debug-iphonesimulator/CondiscoUITests-Runner.app/PlugIns/CondiscoUITests.xctest/CondiscoUITests --scan-folder /var/folders/3w/91hphlzs0rv_1twbkfyhvn6m0000gn/T/condisco-preflight.ngRWOC/DerivedData/Build/Products/Debug-iphonesimulator/CondiscoUITests-Runner.app/PlugIns/CondiscoUITests.xctest/Frameworks --scan-folder /var/folders/3w/91hphlzs0rv_1twbkfyhvn6m0000gn/T/condisco-preflight.ngRWOC/DerivedData/Build/Products/Debug-iphonesimulator/CondiscoUITests-Runner.app/PlugIns/CondiscoUITests.xctest/PlugIns --scan-folder /var/folders/3w/91hphlzs0rv_1twbkfyhvn6m0000gn/T/condisco-preflight.ngRWOC/DerivedData/Build/Products/Debug-iphonesimulator/CondiscoUITests-Runner.app/PlugIns/CondiscoUITests.xctest/SystemExtensions --scan-folder /var/folders/3w/91hphlzs0rv_1twbkfyhvn6m0000gn/T/condisco-preflight.ngRWOC/DerivedData/Build/Products/Debug-iphonesimulator/CondiscoUITests-Runner.app/PlugIns/CondiscoUITests.xctest/Extensions --platform iphonesimulator --toolchain /Applications/Xcode.app/Contents/Developer/Toolchains/XcodeDefault.xctoolchain --destination /var/folders/3w/91hphlzs0rv_1twbkfyhvn6m0000gn/T/condisco-preflight.ngRWOC/DerivedData/Build/Products/Debug-iphonesimulator/CondiscoUITests-Runner.app/PlugIns/CondiscoUITests.xctest/Frameworks --strip-bitcode --scan-executable /Applications/Xcode.app/Contents/Developer/Platforms/iPhoneSimulator.platform/Developer/usr/lib/libXCTestSwiftSupport.dylib --strip-bitcode-tool /Applications/Xcode.app/Contents/Developer/Toolchains/XcodeDefault.xctoolchain/usr/bin/bitcode_strip --emit-dependency-info /var/folders/3w/91hphlzs0rv_1twbkfyhvn6m0000gn/T/condisco-preflight.ngRWOC/DerivedData/Build/Intermediates.noindex/Condisco.build/Debug-iphonesimulator/CondiscoUITests.build/SwiftStdLibToolInputDependencies.dep --filter-for-swift-os

ExtractAppIntentsMetadata (in target 'CondiscoUITests' from project 'Condisco')
    cd /Users/spkoehl/Projects/VerbaLibera
    /Applications/Xcode.app/Contents/Developer/Toolchains/XcodeDefault.xctoolchain/usr/bin/appintentsmetadataprocessor --toolchain-dir /Applications/Xcode.app/Contents/Developer/Toolchains/XcodeDefault.xctoolchain --module-name CondiscoUITests --sdk-root /Applications/Xcode.app/Contents/Developer/Platforms/iPhoneSimulator.platform/Developer/SDKs/iPhoneSimulator27.0.sdk --xcode-version 27A266a --platform-family iOS --deployment-target 17.0 --bundle-identifier com.sleuthysloth.condisco.UITests --output /var/folders/3w/91hphlzs0rv_1twbkfyhvn6m0000gn/T/condisco-preflight.ngRWOC/DerivedData/Build/Products/Debug-iphonesimulator/CondiscoUITests-Runner.app/PlugIns/CondiscoUITests.xctest --target-triple arm64-apple-ios17.0-simulator --binary-file /var/folders/3w/91hphlzs0rv_1twbkfyhvn6m0000gn/T/condisco-preflight.ngRWOC/DerivedData/Build/Products/Debug-iphonesimulator/CondiscoUITests-Runner.app/PlugIns/CondiscoUITests.xctest/CondiscoUITests --dependency-file /var/folders/3w/91hphlzs0rv_1twbkfyhvn6m0000gn/T/condisco-preflight.ngRWOC/DerivedData/Build/Intermediates.noindex/Condisco.build/Debug-iphonesimulator/CondiscoUITests.build/Objects-normal/arm64/CondiscoUITests_dependency_info.dat --stringsdata-file /var/folders/3w/91hphlzs0rv_1twbkfyhvn6m0000gn/T/condisco-preflight.ngRWOC/DerivedData/Build/Intermediates.noindex/Condisco.build/Debug-iphonesimulator/CondiscoUITests.build/Objects-normal/arm64/ExtractedAppShortcutsMetadata.stringsdata --source-file-list /var/folders/3w/91hphlzs0rv_1twbkfyhvn6m0000gn/T/condisco-preflight.ngRWOC/DerivedData/Build/Intermediates.noindex/Condisco.build/Debug-iphonesimulator/CondiscoUITests.build/Objects-normal/arm64/CondiscoUITests.SwiftFileList --metadata-file-list /var/folders/3w/91hphlzs0rv_1twbkfyhvn6m0000gn/T/condisco-preflight.ngRWOC/DerivedData/Build/Intermediates.noindex/Condisco.build/Debug-iphonesimulator/CondiscoUITests.build/CondiscoUITests.DependencyMetadataFileList --static-metadata-file-list /var/folders/3w/91hphlzs0rv_1twbkfyhvn6m0000gn/T/condisco-preflight.ngRWOC/DerivedData/Build/Intermediates.noindex/Condisco.build/Debug-iphonesimulator/CondiscoUITests.build/CondiscoUITests.DependencyStaticMetadataFileList --swift-const-vals-list /var/folders/3w/91hphlzs0rv_1twbkfyhvn6m0000gn/T/condisco-preflight.ngRWOC/DerivedData/Build/Intermediates.noindex/Condisco.build/Debug-iphonesimulator/CondiscoUITests.build/Objects-normal/arm64/CondiscoUITests.SwiftConstValuesFileList --compile-time-extraction --deployment-aware-processing --no-app-shortcuts-localization
2026-09-27 02:57:47.364 appintentsmetadataprocessor[77195:2024568] Starting appintentsmetadataprocessor export
2026-09-27 02:57:47.365 appintentsmetadataprocessor[77195:2024568] warning: Metadata extraction skipped, no AppIntents.framework dependency found

AppIntentsSSUTraining (in target 'CondiscoUITests' from project 'Condisco')
    cd /Users/spkoehl/Projects/VerbaLibera
    /Applications/Xcode.app/Contents/Developer/Toolchains/XcodeDefault.xctoolchain/usr/bin/appintentsnltrainingprocessor --infoplist-path /var/folders/3w/91hphlzs0rv_1twbkfyhvn6m0000gn/T/condisco-preflight.ngRWOC/DerivedData/Build/Products/Debug-iphonesimulator/CondiscoUITests-Runner.app/PlugIns/CondiscoUITests.xctest/Info.plist --temp-dir-path /var/folders/3w/91hphlzs0rv_1twbkfyhvn6m0000gn/T/condisco-preflight.ngRWOC/DerivedData/Build/Intermediates.noindex/Condisco.build/Debug-iphonesimulator/CondiscoUITests.build/ssu --bundle-id com.sleuthysloth.condisco.UITests --product-path /var/folders/3w/91hphlzs0rv_1twbkfyhvn6m0000gn/T/condisco-preflight.ngRWOC/DerivedData/Build/Products/Debug-iphonesimulator/CondiscoUITests-Runner.app/PlugIns/CondiscoUITests.xctest --extracted-metadata-path /var/folders/3w/91hphlzs0rv_1twbkfyhvn6m0000gn/T/condisco-preflight.ngRWOC/DerivedData/Build/Products/Debug-iphonesimulator/CondiscoUITests-Runner.app/PlugIns/CondiscoUITests.xctest/Metadata.appintents --metadata-file-list /var/folders/3w/91hphlzs0rv_1twbkfyhvn6m0000gn/T/condisco-preflight.ngRWOC/DerivedData/Build/Intermediates.noindex/Condisco.build/Debug-iphonesimulator/CondiscoUITests.build/CondiscoUITests.DependencyMetadataFileList --source-file /var/folders/3w/91hphlzs0rv_1twbkfyhvn6m0000gn/T/condisco-preflight.ngRWOC/DerivedData/Build/Products/Debug-iphonesimulator/CondiscoUITests-Runner.app/PlugIns/CondiscoUITests.xctest/Info.plist --archive-ssu-assets
2026-09-27 02:57:47.385 appintentsnltrainingprocessor[77196:2024569] Parsing options for appintentsnltrainingprocessor
2026-09-27 02:57:47.385 appintentsnltrainingprocessor[77196:2024569] Starting AppIntents SSU YAML Generation
2026-09-27 02:57:47.385 appintentsnltrainingprocessor[77196:2024569] No AppShortcuts found - Skipping.

CopyPlistFile /var/folders/3w/91hphlzs0rv_1twbkfyhvn6m0000gn/T/condisco-preflight.ngRWOC/DerivedData/Build/Products/Debug-iphonesimulator/CondiscoUITests-Runner.app/Info.plist /Applications/Xcode.app/Contents/Developer/Platforms/iPhoneSimulator.platform/Developer/Library/Xcode/Agents/XCTRunner.app/Info.plist (in target 'CondiscoUITests' from project 'Condisco')
    cd /Users/spkoehl/Projects/VerbaLibera
    builtin-copyPlist --validate --convert xml1 --macro-expansion WRAPPEDPRODUCTNAME CondiscoUITests-Runner --macro-expansion WRAPPEDPRODUCTBUNDLEIDENTIFIER com.sleuthysloth.condisco.UITests.xctrunner --macro-expansion TESTPRODUCTNAME CondiscoUITests --macro-expansion TESTPRODUCTBUNDLEIDENTIFIER com.sleuthysloth.condisco.UITests --copy-value UIDeviceFamily /var/folders/3w/91hphlzs0rv_1twbkfyhvn6m0000gn/T/condisco-preflight.ngRWOC/DerivedData/Build/Products/Debug-iphonesimulator/CondiscoUITests-Runner.app/PlugIns/CondiscoUITests.xctest/Info.plist --outdir /var/folders/3w/91hphlzs0rv_1twbkfyhvn6m0000gn/T/condisco-preflight.ngRWOC/DerivedData/Build/Products/Debug-iphonesimulator/CondiscoUITests-Runner.app -- /Applications/Xcode.app/Contents/Developer/Platforms/iPhoneSimulator.platform/Developer/Library/Xcode/Agents/XCTRunner.app/Info.plist

Copy /var/folders/3w/91hphlzs0rv_1twbkfyhvn6m0000gn/T/condisco-preflight.ngRWOC/DerivedData/Build/Products/Debug-iphonesimulator/CondiscoUITests-Runner.app/PkgInfo /Applications/Xcode.app/Contents/Developer/Platforms/iPhoneSimulator.platform/Developer/Library/Xcode/Agents/XCTRunner.app/PkgInfo (in target 'CondiscoUITests' from project 'Condisco')
    cd /Users/spkoehl/Projects/VerbaLibera
    builtin-copy -exclude .DS_Store -exclude CVS -exclude .svn -exclude .git -exclude .hg -resolve-src-symlinks /Applications/Xcode.app/Contents/Developer/Platforms/iPhoneSimulator.platform/Developer/Library/Xcode/Agents/XCTRunner.app/PkgInfo /var/folders/3w/91hphlzs0rv_1twbkfyhvn6m0000gn/T/condisco-preflight.ngRWOC/DerivedData/Build/Products/Debug-iphonesimulator/CondiscoUITests-Runner.app

CopyAndPreserveArchs /var/folders/3w/91hphlzs0rv_1twbkfyhvn6m0000gn/T/condisco-preflight.ngRWOC/DerivedData/Build/Products/Debug-iphonesimulator/CondiscoUITests-Runner.app/CondiscoUITests-Runner (in target 'CondiscoUITests' from project 'Condisco')
    cd /Users/spkoehl/Projects/VerbaLibera
    /Applications/Xcode.app/Contents/Developer/Toolchains/XcodeDefault.xctoolchain/usr/bin/lipo /Applications/Xcode.app/Contents/Developer/Platforms/iPhoneSimulator.platform/Developer/Library/Xcode/Agents/XCTRunner.app/XCTRunner -output /var/folders/3w/91hphlzs0rv_1twbkfyhvn6m0000gn/T/condisco-preflight.ngRWOC/DerivedData/Build/Products/Debug-iphonesimulator/CondiscoUITests-Runner.app/CondiscoUITests-Runner -extract arm64

MkDir /var/folders/3w/91hphlzs0rv_1twbkfyhvn6m0000gn/T/condisco-preflight.ngRWOC/DerivedData/Build/Products/Debug-iphonesimulator/CondiscoUITests-Runner.app (in target 'CondiscoUITests' from project 'Condisco')
    cd /Users/spkoehl/Projects/VerbaLibera
    /bin/mkdir -p /var/folders/3w/91hphlzs0rv_1twbkfyhvn6m0000gn/T/condisco-preflight.ngRWOC/DerivedData/Build/Products/Debug-iphonesimulator/CondiscoUITests-Runner.app

CodeSign /var/folders/3w/91hphlzs0rv_1twbkfyhvn6m0000gn/T/condisco-preflight.ngRWOC/DerivedData/Build/Products/Debug-iphonesimulator/CondiscoUITests-Runner.app/PlugIns/CondiscoUITests.xctest (in target 'CondiscoUITests' from project 'Condisco')
    cd /Users/spkoehl/Projects/VerbaLibera
    
    Signing Identity:     "Sign to Run Locally"
    
    /usr/bin/codesign --force --sign - --timestamp\=none --generate-entitlement-der /var/folders/3w/91hphlzs0rv_1twbkfyhvn6m0000gn/T/condisco-preflight.ngRWOC/DerivedData/Build/Products/Debug-iphonesimulator/CondiscoUITests-Runner.app/PlugIns/CondiscoUITests.xctest

CodeSign /var/folders/3w/91hphlzs0rv_1twbkfyhvn6m0000gn/T/condisco-preflight.ngRWOC/DerivedData/Build/Products/Debug-iphonesimulator/CondiscoUITests-Runner.app (in target 'CondiscoUITests' from project 'Condisco')
    cd /Users/spkoehl/Projects/VerbaLibera
    
    Signing Identity:     "Sign to Run Locally"
    
    /usr/bin/codesign --force --sign - --timestamp\=none --generate-entitlement-der /var/folders/3w/91hphlzs0rv_1twbkfyhvn6m0000gn/T/condisco-preflight.ngRWOC/DerivedData/Build/Products/Debug-iphonesimulator/CondiscoUITests-Runner.app
/var/folders/3w/91hphlzs0rv_1twbkfyhvn6m0000gn/T/condisco-preflight.ngRWOC/DerivedData/Build/Products/Debug-iphonesimulator/CondiscoUITests-Runner.app: replacing existing signature

RegisterExecutionPolicyException /var/folders/3w/91hphlzs0rv_1twbkfyhvn6m0000gn/T/condisco-preflight.ngRWOC/DerivedData/Build/Products/Debug-iphonesimulator/CondiscoUITests-Runner.app/PlugIns/CondiscoUITests.xctest (in target 'CondiscoUITests' from project 'Condisco')
    cd /Users/spkoehl/Projects/VerbaLibera
    builtin-RegisterExecutionPolicyException /var/folders/3w/91hphlzs0rv_1twbkfyhvn6m0000gn/T/condisco-preflight.ngRWOC/DerivedData/Build/Products/Debug-iphonesimulator/CondiscoUITests-Runner.app/PlugIns/CondiscoUITests.xctest

Touch /var/folders/3w/91hphlzs0rv_1twbkfyhvn6m0000gn/T/condisco-preflight.ngRWOC/DerivedData/Build/Products/Debug-iphonesimulator/CondiscoUITests-Runner.app/PlugIns/CondiscoUITests.xctest (in target 'CondiscoUITests' from project 'Condisco')
    cd /Users/spkoehl/Projects/VerbaLibera
    /usr/bin/touch -c /var/folders/3w/91hphlzs0rv_1twbkfyhvn6m0000gn/T/condisco-preflight.ngRWOC/DerivedData/Build/Products/Debug-iphonesimulator/CondiscoUITests-Runner.app/PlugIns/CondiscoUITests.xctest

PruneExplicitPrecompiledModules /var/folders/3w/91hphlzs0rv_1twbkfyhvn6m0000gn/T/condisco-preflight.ngRWOC/DerivedData/Build/Intermediates.noindex/ExplicitPrecompiledModules

PruneExplicitPrecompiledModules /var/folders/3w/91hphlzs0rv_1twbkfyhvn6m0000gn/T/condisco-preflight.ngRWOC/DerivedData/Build/Intermediates.noindex/SwiftExplicitPrecompiledModules

PruneExplicitPrecompiledModules /var/folders/3w/91hphlzs0rv_1twbkfyhvn6m0000gn/T/condisco-preflight.ngRWOC/DerivedData/SDKExplicitPrecompiledModules

2026-09-27 02:59:15.861064-0700 Condisco[77404:2026956] [API] cannot add handler to 0 from 0 - dropping
2026-09-27 02:59:15.861326-0700 Condisco[77404:2026956] [API] cannot add handler to 0 from 0 - dropping
2026-09-27 02:59:15.904129-0700 Condisco[77404:2026956] [XPCErrors] non-launching port is incompatible with service identifier "com.apple.PointerUI.pointeruid.default-service"
2026-09-27 02:59:15.937547-0700 Condisco[77404:2026956] [API] cannot add handler to 0 from 0 - dropping
2026-09-27 02:59:15.937688-0700 Condisco[77404:2026956] [API] cannot add handler to 0 from 0 - dropping
Test Suite 'All tests' started at 2026-09-27 02:59:33.463.
Test Suite 'CondiscoTests.xctest' started at 2026-09-27 02:59:33.472.
Test Suite 'ActivityEvaluationTests' started at 2026-09-27 02:59:33.472.
Test Case '-[CondiscoTests.ActivityEvaluationTests testAssistanceTaintsOnlyPerActivityKinds]' started.
Test Case '-[CondiscoTests.ActivityEvaluationTests testAssistanceTaintsOnlyPerActivityKinds]' passed (0.029 seconds).
Test Case '-[CondiscoTests.ActivityEvaluationTests testClozeAllOrNothingGrading]' started.
Test Case '-[CondiscoTests.ActivityEvaluationTests testClozeAllOrNothingGrading]' passed (0.026 seconds).
Test Case '-[CondiscoTests.ActivityEvaluationTests testHintTextForClozeUsesFirstAnswerLetter]' started.
Test Case '-[CondiscoTests.ActivityEvaluationTests testHintTextForClozeUsesFirstAnswerLetter]' passed (0.001 seconds).
Test Case '-[CondiscoTests.ActivityEvaluationTests testInformationActivityRequiresContinue]' started.
Test Case '-[CondiscoTests.ActivityEvaluationTests testInformationActivityRequiresContinue]' passed (0.001 seconds).
Test Case '-[CondiscoTests.ActivityEvaluationTests testMatchingEvaluation]' started.
Test Case '-[CondiscoTests.ActivityEvaluationTests testMatchingEvaluation]' passed (0.001 seconds).
Test Case '-[CondiscoTests.ActivityEvaluationTests testOrderingEvaluation]' started.
Test Case '-[CondiscoTests.ActivityEvaluationTests testOrderingEvaluation]' passed (0.001 seconds).
Test Case '-[CondiscoTests.ActivityEvaluationTests testSelectionCorrectAndIncorrect]' started.
Test Case '-[CondiscoTests.ActivityEvaluationTests testSelectionCorrectAndIncorrect]' passed (0.001 seconds).
Test Case '-[CondiscoTests.ActivityEvaluationTests testSelectionRejectsMalformedSelections]' started.
Test Case '-[CondiscoTests.ActivityEvaluationTests testSelectionRejectsMalformedSelections]' passed (0.001 seconds).
Test Case '-[CondiscoTests.ActivityEvaluationTests testTextActivityGrading]' started.
Test Case '-[CondiscoTests.ActivityEvaluationTests testTextActivityGrading]' passed (0.005 seconds).
Test Case '-[CondiscoTests.ActivityEvaluationTests testValidDraftHelper]' started.
Test Case '-[CondiscoTests.ActivityEvaluationTests testValidDraftHelper]' passed (0.002 seconds).
Test Suite 'ActivityEvaluationTests' passed at 2026-09-27 02:59:33.600.
	 Executed 10 tests, with 0 failures (0 unexpected) in 0.069 (0.128) seconds
Test Suite 'AnswerEngineTests' started at 2026-09-27 02:59:33.600.
Test Case '-[CondiscoTests.AnswerEngineTests testAcceptedAlternativeTagsSecondForm]' started.
Test Case '-[CondiscoTests.AnswerEngineTests testAcceptedAlternativeTagsSecondForm]' passed (0.006 seconds).
Test Case '-[CondiscoTests.AnswerEngineTests testAuthoredErrorHitsCategoryAndExplains]' started.
Test Case '-[CondiscoTests.AnswerEngineTests testAuthoredErrorHitsCategoryAndExplains]' passed (0.001 seconds).
Test Case '-[CondiscoTests.AnswerEngineTests testBlankAndOverlongResponsesRejected]' started.
Test Case '-[CondiscoTests.AnswerEngineTests testBlankAndOverlongResponsesRejected]' passed (0.001 seconds).
Test Case '-[CondiscoTests.AnswerEngineTests testBoundedEditDistance]' started.
Test Case '-[CondiscoTests.AnswerEngineTests testBoundedEditDistance]' passed (0.001 seconds).
Test Case '-[CondiscoTests.AnswerEngineTests testCaseAndPunctuationAndWhitespaceTolerance]' started.
Test Case '-[CondiscoTests.AnswerEngineTests testCaseAndPunctuationAndWhitespaceTolerance]' passed (0.001 seconds).
Test Case '-[CondiscoTests.AnswerEngineTests testExactMatchGivesFullCredit]' started.
Test Case '-[CondiscoTests.AnswerEngineTests testExactMatchGivesFullCredit]' passed (0.001 seconds).
Test Case '-[CondiscoTests.AnswerEngineTests testExtraWordDetected]' started.
Test Case '-[CondiscoTests.AnswerEngineTests testExtraWordDetected]' passed (0.001 seconds).
Test Case '-[CondiscoTests.AnswerEngineTests testMissingWordDetected]' started.
Test Case '-[CondiscoTests.AnswerEngineTests testMissingWordDetected]' passed (0.001 seconds).
Test Case '-[CondiscoTests.AnswerEngineTests testNormalizePrimitives]' started.
Test Case '-[CondiscoTests.AnswerEngineTests testNormalizePrimitives]' passed (0.001 seconds).
Test Case '-[CondiscoTests.AnswerEngineTests testTypoAcceptedAsPartialCreditWhenAllowed]' started.
Test Case '-[CondiscoTests.AnswerEngineTests testTypoAcceptedAsPartialCreditWhenAllowed]' passed (0.001 seconds).
Test Case '-[CondiscoTests.AnswerEngineTests testTypoRejectedWhenStrict]' started.
Test Case '-[CondiscoTests.AnswerEngineTests testTypoRejectedWhenStrict]' passed (0.001 seconds).
Test Case '-[CondiscoTests.AnswerEngineTests testWordOrderProblemDetected]' started.
Test Case '-[CondiscoTests.AnswerEngineTests testWordOrderProblemDetected]' passed (0.001 seconds).
Test Case '-[CondiscoTests.AnswerEngineTests testWrongAnswerRejected]' started.
Test Case '-[CondiscoTests.AnswerEngineTests testWrongAnswerRejected]' passed (0.001 seconds).
Test Suite 'AnswerEngineTests' passed at 2026-09-27 02:59:33.656.
	 Executed 13 tests, with 0 failures (0 unexpected) in 0.018 (0.056) seconds
Test Suite 'CheckpointAttemptTests' started at 2026-09-27 02:59:33.656.
Test Case '-[CondiscoTests.CheckpointAttemptTests testCheckpointAttemptRecordsTaskModalityAssistanceRatingAndDate]' started.
Test Case '-[CondiscoTests.CheckpointAttemptTests testCheckpointAttemptRecordsTaskModalityAssistanceRatingAndDate]' passed (0.038 seconds).
Test Case '-[CondiscoTests.CheckpointAttemptTests testCheckpointAttemptSurvivesExportValidateImportRoundTrip]' started.
Test Case '-[CondiscoTests.CheckpointAttemptTests testCheckpointAttemptSurvivesExportValidateImportRoundTrip]' passed (0.038 seconds).
Test Case '-[CondiscoTests.CheckpointAttemptTests testCheckpointAttemptWithoutRevealCarriesNoIndependentCredit]' started.
Test Case '-[CondiscoTests.CheckpointAttemptTests testCheckpointAttemptWithoutRevealCarriesNoIndependentCredit]' passed (0.010 seconds).
Test Case '-[CondiscoTests.CheckpointAttemptTests testCheckpointRetakeAppendsWithoutDuplicatingCompletion]' started.
Test Case '-[CondiscoTests.CheckpointAttemptTests testCheckpointRetakeAppendsWithoutDuplicatingCompletion]' passed (0.012 seconds).
Test Case '-[CondiscoTests.CheckpointAttemptTests testLowSelfRatedCheckpointStillLeavesLearnerFreeToContinue]' started.
Test Case '-[CondiscoTests.CheckpointAttemptTests testLowSelfRatedCheckpointStillLeavesLearnerFreeToContinue]' passed (0.012 seconds).
Test Suite 'CheckpointAttemptTests' passed at 2026-09-27 02:59:33.769.
	 Executed 5 tests, with 0 failures (0 unexpected) in 0.110 (0.112) seconds
Test Suite 'CheckpointFlowTests' started at 2026-09-27 02:59:33.769.
Test Case '-[CondiscoTests.CheckpointFlowTests testCheckpointCopyNamesSourcesAndBansLevelClaims]' started.
Test Case '-[CondiscoTests.CheckpointFlowTests testCheckpointCopyNamesSourcesAndBansLevelClaims]' passed (0.006 seconds).
Test Case '-[CondiscoTests.CheckpointFlowTests testDevelopingReadingRevisitStaysInDevelopingStage]' started.
Test Case '-[CondiscoTests.CheckpointFlowTests testDevelopingReadingRevisitStaysInDevelopingStage]' passed (0.032 seconds).
Test Case '-[CondiscoTests.CheckpointFlowTests testFlowAttemptsNeverTouchLessonProgress]' started.
Test Case '-[CondiscoTests.CheckpointFlowTests testFlowAttemptsNeverTouchLessonProgress]' passed (0.014 seconds).
Test Case '-[CondiscoTests.CheckpointFlowTests testFlowReadingResultsGradeSelectionStyle]' started.
Test Case '-[CondiscoTests.CheckpointFlowTests testFlowReadingResultsGradeSelectionStyle]' passed (0.002 seconds).
Test Case '-[CondiscoTests.CheckpointFlowTests testFlowRecordingPathHonorsRevealBeforeAnswer]' started.
Test Case '-[CondiscoTests.CheckpointFlowTests testFlowRecordingPathHonorsRevealBeforeAnswer]' passed (0.009 seconds).
Test Case '-[CondiscoTests.CheckpointFlowTests testFoundationReadingRevisitResolvesToRealFoundationLessons]' started.
Test Case '-[CondiscoTests.CheckpointFlowTests testFoundationReadingRevisitResolvesToRealFoundationLessons]' passed (0.020 seconds).
Test Case '-[CondiscoTests.CheckpointFlowTests testFoundationSpeakingMissSuggestsTheSpeakingLesson]' started.
Test Case '-[CondiscoTests.CheckpointFlowTests testFoundationSpeakingMissSuggestsTheSpeakingLesson]' passed (0.027 seconds).
Test Case '-[CondiscoTests.CheckpointFlowTests testRevisitSuggestionsAreEmptyWhenDerivationIsHonestlyThin]' started.
Test Case '-[CondiscoTests.CheckpointFlowTests testRevisitSuggestionsAreEmptyWhenDerivationIsHonestlyThin]' passed (0.025 seconds).
Test Suite 'CheckpointFlowTests' passed at 2026-09-27 02:59:33.908.
	 Executed 8 tests, with 0 failures (0 unexpected) in 0.135 (0.140) seconds
Test Suite 'DataExportTests' started at 2026-09-27 02:59:33.909.
Test Case '-[CondiscoTests.DataExportTests testExportContainsEventsCheckpointTombstonesPhrasesAndListenState]' started.
Test Case '-[CondiscoTests.DataExportTests testExportContainsEventsCheckpointTombstonesPhrasesAndListenState]' passed (0.034 seconds).
Test Case '-[CondiscoTests.DataExportTests testExportContainsNoSecretsRecordingsOrDeviceBookkeeping]' started.
Test Case '-[CondiscoTests.DataExportTests testExportContainsNoSecretsRecordingsOrDeviceBookkeeping]' passed (0.030 seconds).
Test Case '-[CondiscoTests.DataExportTests testExportHeaderHasFormatVersionAndAppIdentifier]' started.
Test Case '-[CondiscoTests.DataExportTests testExportHeaderHasFormatVersionAndAppIdentifier]' passed (0.010 seconds).
Test Case '-[CondiscoTests.DataExportTests testExportIncludesPlacementRecommendations]' started.
Test Case '-[CondiscoTests.DataExportTests testExportIncludesPlacementRecommendations]' passed (0.016 seconds).
Test Case '-[CondiscoTests.DataExportTests testExportRoundTripsIdentifiersAndRawTimestamps]' started.
Test Case '-[CondiscoTests.DataExportTests testExportRoundTripsIdentifiersAndRawTimestamps]' passed (0.011 seconds).
Test Suite 'DataExportTests' passed at 2026-09-27 02:59:34.011.
	 Executed 5 tests, with 0 failures (0 unexpected) in 0.100 (0.103) seconds
Test Suite 'DialogueSessionTests' started at 2026-09-27 02:59:34.012.
Test Case '-[CondiscoTests.DialogueSessionTests testClarificationRouteRejoinsMainThread]' started.
Test Case '-[CondiscoTests.DialogueSessionTests testClarificationRouteRejoinsMainThread]' passed (0.001 seconds).
Test Case '-[CondiscoTests.DialogueSessionTests testDialogueMainPathRunsToCompletion]' started.
Test Case '-[CondiscoTests.DialogueSessionTests testDialogueMainPathRunsToCompletion]' passed (0.009 seconds).
Test Case '-[CondiscoTests.DialogueSessionTests testForceQuitResumeKeepsPositionAndTurnOrder]' started.
Test Case '-[CondiscoTests.DialogueSessionTests testForceQuitResumeKeepsPositionAndTurnOrder]' passed (0.003 seconds).
Test Case '-[CondiscoTests.DialogueSessionTests testPlansExchangeMisunderstandingAboutDay]' started.
Test Case '-[CondiscoTests.DialogueSessionTests testPlansExchangeMisunderstandingAboutDay]' passed (0.001 seconds).
Test Case '-[CondiscoTests.DialogueSessionTests testPractiseAgainStartsFreshAttempt]' started.
Test Case '-[CondiscoTests.DialogueSessionTests testPractiseAgainStartsFreshAttempt]' passed (0.000 seconds).
Test Case '-[CondiscoTests.DialogueSessionTests testRecapDataContainsOnlyLearnerSuppliedResponses]' started.
Test Case '-[CondiscoTests.DialogueSessionTests testRecapDataContainsOnlyLearnerSuppliedResponses]' passed (0.001 seconds).
Test Case '-[CondiscoTests.DialogueSessionTests testResumeReturnsNilForBrokenThread]' started.
Test Case '-[CondiscoTests.DialogueSessionTests testResumeReturnsNilForBrokenThread]' passed (0.000 seconds).
Test Case '-[CondiscoTests.DialogueSessionTests testStartDialogueRequiresHostedExchange]' started.
Test Case '-[CondiscoTests.DialogueSessionTests testStartDialogueRequiresHostedExchange]' passed (0.000 seconds).
Test Suite 'DialogueSessionTests' passed at 2026-09-27 02:59:34.031.
	 Executed 8 tests, with 0 failures (0 unexpected) in 0.016 (0.019) seconds
Test Suite 'DialogueStoreTests' started at 2026-09-27 02:59:34.032.
Test Case '-[CondiscoTests.DialogueStoreTests testDialogueCheckpointRoundTripPreservesExchange]' started.
Test Case '-[CondiscoTests.DialogueStoreTests testDialogueCheckpointRoundTripPreservesExchange]' passed (0.015 seconds).
Test Case '-[CondiscoTests.DialogueStoreTests testDialogueCopyBansGradingClaims]' started.
Test Case '-[CondiscoTests.DialogueStoreTests testDialogueCopyBansGradingClaims]' passed (0.009 seconds).
Test Case '-[CondiscoTests.DialogueStoreTests testDialogueOpenTurnModelRevealIsRecorded]' started.
Test Case '-[CondiscoTests.DialogueStoreTests testDialogueOpenTurnModelRevealIsRecorded]' passed (0.010 seconds).
Test Case '-[CondiscoTests.DialogueStoreTests testDialogueReplayRecordsNoDuplicateEvents]' started.
Test Case '-[CondiscoTests.DialogueStoreTests testDialogueReplayRecordsNoDuplicateEvents]' passed (0.011 seconds).
Test Case '-[CondiscoTests.DialogueStoreTests testDialogueTurnsRecordInAuthoredTurnOrder]' started.
Test Case '-[CondiscoTests.DialogueStoreTests testDialogueTurnsRecordInAuthoredTurnOrder]' passed (0.012 seconds).
Test Case '-[CondiscoTests.DialogueStoreTests testDialogueTurnUnknownBindingQuarantines]' started.
Test Case '-[CondiscoTests.DialogueStoreTests testDialogueTurnUnknownBindingQuarantines]' passed (0.012 seconds).
Test Case '-[CondiscoTests.DialogueStoreTests testOldCheckpointWithoutDialogueStateStillDecodes]' started.
Test Case '-[CondiscoTests.DialogueStoreTests testOldCheckpointWithoutDialogueStateStillDecodes]' passed (0.002 seconds).
Test Suite 'DialogueStoreTests' passed at 2026-09-27 02:59:34.106.
	 Executed 7 tests, with 0 failures (0 unexpected) in 0.071 (0.074) seconds
Test Suite 'FsrsStateTests' started at 2026-09-27 02:59:34.106.
Test Case '-[CondiscoTests.FsrsStateTests testFirstGoodReviewInitializesState]' started.
Test Case '-[CondiscoTests.FsrsStateTests testFirstGoodReviewInitializesState]' passed (0.001 seconds).
Test Case '-[CondiscoTests.FsrsStateTests testGradeForAttemptMapsOutcomes]' started.
Test Case '-[CondiscoTests.FsrsStateTests testGradeForAttemptMapsOutcomes]' passed (0.000 seconds).
Test Case '-[CondiscoTests.FsrsStateTests testLegacyPayloadWithoutRepetitionsDefaultsToZero]' started.
Test Case '-[CondiscoTests.FsrsStateTests testLegacyPayloadWithoutRepetitionsDefaultsToZero]' passed (0.001 seconds).
Test Case '-[CondiscoTests.FsrsStateTests testLegacySM2PayloadDecodesTolerantly]' started.
Test Case '-[CondiscoTests.FsrsStateTests testLegacySM2PayloadDecodesTolerantly]' passed (0.000 seconds).
Test Case '-[CondiscoTests.FsrsStateTests testRoundTripEncodeDecode]' started.
Test Case '-[CondiscoTests.FsrsStateTests testRoundTripEncodeDecode]' passed (0.001 seconds).
Test Suite 'FsrsStateTests' passed at 2026-09-27 02:59:34.111.
	 Executed 5 tests, with 0 failures (0 unexpected) in 0.004 (0.005) seconds
Test Suite 'ImportRestoreTests' started at 2026-09-27 02:59:34.112.
Test Case '-[CondiscoTests.ImportRestoreTests testConflictingEventIDAbortsImportLeavingStoreByteIdentical]' started.
Test Case '-[CondiscoTests.ImportRestoreTests testConflictingEventIDAbortsImportLeavingStoreByteIdentical]' passed (0.014 seconds).
Test Case '-[CondiscoTests.ImportRestoreTests testDanglingStepCompletionRejected]' started.
Test Case '-[CondiscoTests.ImportRestoreTests testDanglingStepCompletionRejected]' passed (0.002 seconds).
Test Case '-[CondiscoTests.ImportRestoreTests testDuplicateEventIDsRejected]' started.
Test Case '-[CondiscoTests.ImportRestoreTests testDuplicateEventIDsRejected]' passed (0.002 seconds).
Test Case '-[CondiscoTests.ImportRestoreTests testEventForPackNotInBundleIsRetained]' started.
Test Case '-[CondiscoTests.ImportRestoreTests testEventForPackNotInBundleIsRetained]' passed (0.009 seconds).
Test Case '-[CondiscoTests.ImportRestoreTests testInvalidListenPositionRejectedZeroWrites]' started.
Test Case '-[CondiscoTests.ImportRestoreTests testInvalidListenPositionRejectedZeroWrites]' passed (0.011 seconds).
Test Case '-[CondiscoTests.ImportRestoreTests testLegacyExportWithoutFormatVersionImports]' started.
Test Case '-[CondiscoTests.ImportRestoreTests testLegacyExportWithoutFormatVersionImports]' passed (0.025 seconds).
Test Case '-[CondiscoTests.ImportRestoreTests testOversizedFileRejectedBySizeCap]' started.
Test Case '-[CondiscoTests.ImportRestoreTests testOversizedFileRejectedBySizeCap]' passed (0.016 seconds).
Test Case '-[CondiscoTests.ImportRestoreTests testRepeatImportIsANoOp]' started.
Test Case '-[CondiscoTests.ImportRestoreTests testRepeatImportIsANoOp]' passed (0.010 seconds).
Test Case '-[CondiscoTests.ImportRestoreTests testTruncatedAndCorruptJSONRejectedWithZeroWrites]' started.
Test Case '-[CondiscoTests.ImportRestoreTests testTruncatedAndCorruptJSONRejectedWithZeroWrites]' passed (0.011 seconds).
Test Case '-[CondiscoTests.ImportRestoreTests testUnsupportedFormatVersionRejectedZeroWrites]' started.
Test Case '-[CondiscoTests.ImportRestoreTests testUnsupportedFormatVersionRejectedZeroWrites]' passed (0.008 seconds).
Test Case '-[CondiscoTests.ImportRestoreTests testValidFormat1ImportRestoresCountsIdentifiersAndProjections]' started.
Test Case '-[CondiscoTests.ImportRestoreTests testValidFormat1ImportRestoresCountsIdentifiersAndProjections]' passed (0.016 seconds).
Test Case '-[CondiscoTests.ImportRestoreTests testWrongAppMarkerRejected]' started.
Test Case '-[CondiscoTests.ImportRestoreTests testWrongAppMarkerRejected]' passed (0.001 seconds).
Test Suite 'ImportRestoreTests' passed at 2026-09-27 02:59:34.242.
	 Executed 12 tests, with 0 failures (0 unexpected) in 0.125 (0.130) seconds
Test Suite 'LearningStoreTests' started at 2026-09-27 02:59:34.242.
Test Case '-[CondiscoTests.LearningStoreTests testAttemptProjectRoundTrip]' started.
Test Case '-[CondiscoTests.LearningStoreTests testAttemptProjectRoundTrip]' passed (0.009 seconds).
Test Case '-[CondiscoTests.LearningStoreTests testCheckpointSaveLoadRoundTrip]' started.
Test Case '-[CondiscoTests.LearningStoreTests testCheckpointSaveLoadRoundTrip]' passed (0.008 seconds).
Test Case '-[CondiscoTests.LearningStoreTests testClearCheckpointRecordsTombstone]' started.
Test Case '-[CondiscoTests.LearningStoreTests testClearCheckpointRecordsTombstone]' passed (0.006 seconds).
Test Case '-[CondiscoTests.LearningStoreTests testCorruptEventIdsStableOrderAndFirstBadRowNamed]' started.
Test Case '-[CondiscoTests.LearningStoreTests testCorruptEventIdsStableOrderAndFirstBadRowNamed]' passed (0.015 seconds).
Test Case '-[CondiscoTests.LearningStoreTests testCorruptRowIsNeverUploaded]' started.
Test Case '-[CondiscoTests.LearningStoreTests testCorruptRowIsNeverUploaded]' passed (0.008 seconds).
Test Case '-[CondiscoTests.LearningStoreTests testCorruptStoredEventPayloadRawLogsThrowTypedErrorNotCrash]' started.
Test Case '-[CondiscoTests.LearningStoreTests testCorruptStoredEventPayloadRawLogsThrowTypedErrorNotCrash]' passed (0.009 seconds).
Test Case '-[CondiscoTests.LearningStoreTests testCorruptStoredEventPayloadStillProjectsAndSyncs]' started.
Test Case '-[CondiscoTests.LearningStoreTests testCorruptStoredEventPayloadStillProjectsAndSyncs]' passed (0.009 seconds).
Test Case '-[CondiscoTests.LearningStoreTests testDueEvidenceIncludesScheduledKey]' started.
Test Case '-[CondiscoTests.LearningStoreTests testDueEvidenceIncludesScheduledKey]' passed (0.010 seconds).
Test Case '-[CondiscoTests.LearningStoreTests testDuplicateConflictingRecordThrowsConflict]' started.
Test Case '-[CondiscoTests.LearningStoreTests testDuplicateConflictingRecordThrowsConflict]' passed (0.009 seconds).
Test Case '-[CondiscoTests.LearningStoreTests testDuplicateIdenticalRecordDoesNotDuplicateRows]' started.
Test Case '-[CondiscoTests.LearningStoreTests testDuplicateIdenticalRecordDoesNotDuplicateRows]' passed (0.008 seconds).
Test Case '-[CondiscoTests.LearningStoreTests testDuplicateWithReorderedKeyPayloadIsNoOp]' started.
Test Case '-[CondiscoTests.LearningStoreTests testDuplicateWithReorderedKeyPayloadIsNoOp]' passed (0.009 seconds).
Test Case '-[CondiscoTests.LearningStoreTests testFailureAttemptIncrementsFailures]' started.
Test Case '-[CondiscoTests.LearningStoreTests testFailureAttemptIncrementsFailures]' passed (0.016 seconds).
Test Case '-[CondiscoTests.LearningStoreTests testIngestSyncedConflictingSameIdDoesNotDuplicateRows]' started.
Test Case '-[CondiscoTests.LearningStoreTests testIngestSyncedConflictingSameIdDoesNotDuplicateRows]' passed (0.010 seconds).
Test Case '-[CondiscoTests.LearningStoreTests testIngestSyncedContinuesPastCorruptLocalRow]' started.
Test Case '-[CondiscoTests.LearningStoreTests testIngestSyncedContinuesPastCorruptLocalRow]' passed (0.014 seconds).
Test Case '-[CondiscoTests.LearningStoreTests testIngestSyncedMarksEventsUploaded]' started.
Test Case '-[CondiscoTests.LearningStoreTests testIngestSyncedMarksEventsUploaded]' passed (0.009 seconds).
Test Case '-[CondiscoTests.LearningStoreTests testIngestSyncedReplayWithReorderedKeysIsIdempotent]' started.
Test Case '-[CondiscoTests.LearningStoreTests testIngestSyncedReplayWithReorderedKeysIsIdempotent]' passed (0.011 seconds).
Test Case '-[CondiscoTests.LearningStoreTests testKnownMarkCanSkipAndRestoreNextLessonWithoutPracticeEvidence]' started.
Test Case '-[CondiscoTests.LearningStoreTests testKnownMarkCanSkipAndRestoreNextLessonWithoutPracticeEvidence]' passed (0.017 seconds).
Test Case '-[CondiscoTests.LearningStoreTests testKvAndDeviceId]' started.
Test Case '-[CondiscoTests.LearningStoreTests testKvAndDeviceId]' passed (0.008 seconds).
Test Case '-[CondiscoTests.LearningStoreTests testLegacyBuildDatabaseUpgradesInPlaceWithoutDataLoss]' started.
Test Case '-[CondiscoTests.LearningStoreTests testLegacyBuildDatabaseUpgradesInPlaceWithoutDataLoss]' passed (0.023 seconds).
Test Case '-[CondiscoTests.LearningStoreTests testMissionTriedMarkerEmptyValueIsUntried]' started.
Test Case '-[CondiscoTests.LearningStoreTests testMissionTriedMarkerEmptyValueIsUntried]' passed (0.008 seconds).
Test Case '-[CondiscoTests.LearningStoreTests testMissionTriedMarkerLeavesSavedPhrasesUntouched]' started.
Test Case '-[CondiscoTests.LearningStoreTests testMissionTriedMarkerLeavesSavedPhrasesUntouched]' passed (0.008 seconds).
Test Case '-[CondiscoTests.LearningStoreTests testMissionTriedMarkerMissingKeyIsUntried]' started.
Test Case '-[CondiscoTests.LearningStoreTests testMissionTriedMarkerMissingKeyIsUntried]' passed (0.008 seconds).
Test Case '-[CondiscoTests.LearningStoreTests testMissionTriedMarkerRoundTrip]' started.
Test Case '-[CondiscoTests.LearningStoreTests testMissionTriedMarkerRoundTrip]' passed (0.012 seconds).
Test Case '-[CondiscoTests.LearningStoreTests testMissionTriedMarkerUnmarkViaDelete]' started.
Test Case '-[CondiscoTests.LearningStoreTests testMissionTriedMarkerUnmarkViaDelete]' passed (0.010 seconds).
Test Case '-[CondiscoTests.LearningStoreTests testOfflineFirstLocalPathsWorkWithoutSync]' started.
Test Case '-[CondiscoTests.LearningStoreTests testOfflineFirstLocalPathsWorkWithoutSync]' passed (0.016 seconds).
Test Case '-[CondiscoTests.LearningStoreTests testOldPackVersionEventsProjectWithoutLossOrQuarantine]' started.
Test Case '-[CondiscoTests.LearningStoreTests testOldPackVersionEventsProjectWithoutLossOrQuarantine]' passed (0.027 seconds).
Test Case '-[CondiscoTests.LearningStoreTests testPackScopedTolerantReadReturnsGoodEventsAndReportsSkipped]' started.
Test Case '-[CondiscoTests.LearningStoreTests testPackScopedTolerantReadReturnsGoodEventsAndReportsSkipped]' passed (0.012 seconds).
Test Case '-[CondiscoTests.LearningStoreTests testRecordClozeValuesReorderedKeysIsNoOp]' started.
Test Case '-[CondiscoTests.LearningStoreTests testRecordClozeValuesReorderedKeysIsNoOp]' passed (0.062 seconds).
Test Case '-[CondiscoTests.LearningStoreTests testReopenPreservesAllRowsAndDeviceIdentity]' started.
Test Case '-[CondiscoTests.LearningStoreTests testReopenPreservesAllRowsAndDeviceIdentity]' passed (0.030 seconds).
Test Case '-[CondiscoTests.LearningStoreTests testSavedPhraseSaveUnsaveRoundTrip]' started.
Test Case '-[CondiscoTests.LearningStoreTests testSavedPhraseSaveUnsaveRoundTrip]' passed (0.039 seconds).
Test Case '-[CondiscoTests.LearningStoreTests testTwoDeviceCheckpointLastWriteWinsAndTombstoneConvergence]' started.
Test Case '-[CondiscoTests.LearningStoreTests testTwoDeviceCheckpointLastWriteWinsAndTombstoneConvergence]' passed (0.025 seconds).
Test Case '-[CondiscoTests.LearningStoreTests testTwoDeviceEventMergeConvergesWithoutLossOrDuplicates]' started.
Test Case '-[CondiscoTests.LearningStoreTests testTwoDeviceEventMergeConvergesWithoutLossOrDuplicates]' passed (0.029 seconds).
Test Case '-[CondiscoTests.LearningStoreTests testTwoDeviceListenStateLastWriteWins]' started.
Test Case '-[CondiscoTests.LearningStoreTests testTwoDeviceListenStateLastWriteWins]' passed (0.017 seconds).
Test Case '-[CondiscoTests.LearningStoreTests testTwoDeviceSavedPhraseMergeTombstoneAndUnion]' started.
Test Case '-[CondiscoTests.LearningStoreTests testTwoDeviceSavedPhraseMergeTombstoneAndUnion]' passed (0.019 seconds).
Test Case '-[CondiscoTests.LearningStoreTests testWarmUpAttemptReschedulesFsrsIdenticallyToReview]' started.
Test Case '-[CondiscoTests.LearningStoreTests testWarmUpAttemptReschedulesFsrsIdenticallyToReview]' passed (0.039 seconds).
Test Case '-[CondiscoTests.LearningStoreTests testWarmUpEmptyWhenNothingDueEarlier]' started.
Test Case '-[CondiscoTests.LearningStoreTests testWarmUpEmptyWhenNothingDueEarlier]' passed (0.006 seconds).
Test Case '-[CondiscoTests.LearningStoreTests testWarmUpExcludesCurrentLessonEvidenceKeys]' started.
Test Case '-[CondiscoTests.LearningStoreTests testWarmUpExcludesCurrentLessonEvidenceKeys]' passed (0.003 seconds).
Test Case '-[CondiscoTests.LearningStoreTests testWarmUpExcludesReviewFallbackItems]' started.
Test Case '-[CondiscoTests.LearningStoreTests testWarmUpExcludesReviewFallbackItems]' passed (0.003 seconds).
Test Case '-[CondiscoTests.LearningStoreTests testWarmUpLeavesCheckpointSemanticsIntact]' started.
Test Case '-[CondiscoTests.LearningStoreTests testWarmUpLeavesCheckpointSemanticsIntact]' passed (0.028 seconds).
Test Case '-[CondiscoTests.LearningStoreTests testWarmUpNeverDuplicatesWithinMission]' started.
Test Case '-[CondiscoTests.LearningStoreTests testWarmUpNeverDuplicatesWithinMission]' passed (0.003 seconds).
Test Case '-[CondiscoTests.LearningStoreTests testWarmUpSelectsOldestFirstFromEarlierLessonsOnly]' started.
Test Case '-[CondiscoTests.LearningStoreTests testWarmUpSelectsOldestFirstFromEarlierLessonsOnly]' passed (0.003 seconds).
Test Suite 'LearningStoreTests' passed at 2026-09-27 02:59:34.885.
	 Executed 41 tests, with 0 failures (0 unexpected) in 0.618 (0.643) seconds
Test Suite 'LegacyUserDefaultsMigrationTests' started at 2026-09-27 02:59:34.885.
Test Case '-[CondiscoTests.LegacyUserDefaultsMigrationTests testFocusLanguageKeyReadExactlyAsHomeReadsIt]' started.
Test Case '-[CondiscoTests.LegacyUserDefaultsMigrationTests testFocusLanguageKeyReadExactlyAsHomeReadsIt]' passed (0.009 seconds).
Test Case '-[CondiscoTests.LegacyUserDefaultsMigrationTests testLegacyPlacementKeyRoundTripsThroughPlacementStore]' started.
Test Case '-[CondiscoTests.LegacyUserDefaultsMigrationTests testLegacyPlacementKeyRoundTripsThroughPlacementStore]' passed (0.005 seconds).
Test Case '-[CondiscoTests.LegacyUserDefaultsMigrationTests testLegacyReminderKeysReadAtInit]' started.
Test Case '-[CondiscoTests.LegacyUserDefaultsMigrationTests testLegacyReminderKeysReadAtInit]' passed (0.020 seconds).
Test Case '-[CondiscoTests.LegacyUserDefaultsMigrationTests testLegacySignInDisplayNameKeySurvives]' started.
Test Case '-[CondiscoTests.LegacyUserDefaultsMigrationTests testLegacySignInDisplayNameKeySurvives]' passed (0.005 seconds).
Test Case '-[CondiscoTests.LegacyUserDefaultsMigrationTests testLegacyVoiceKeyRoundTripsThroughVoiceStore]' started.
Test Case '-[CondiscoTests.LegacyUserDefaultsMigrationTests testLegacyVoiceKeyRoundTripsThroughVoiceStore]' passed (0.006 seconds).
Test Suite 'LegacyUserDefaultsMigrationTests' passed at 2026-09-27 02:59:34.932.
	 Executed 5 tests, with 0 failures (0 unexpected) in 0.044 (0.047) seconds
Test Suite 'LessonContextTests' started at 2026-09-27 02:59:34.932.
Test Case '-[CondiscoTests.LessonContextTests testRevisitedStoryQuestionDoesNotShowLaterSpoiler]' started.
Test Case '-[CondiscoTests.LessonContextTests testRevisitedStoryQuestionDoesNotShowLaterSpoiler]' passed (0.001 seconds).
Test Case '-[CondiscoTests.LessonContextTests testStoryQuestionShowsMostRecentStoryBeat]' started.
Test Case '-[CondiscoTests.LessonContextTests testStoryQuestionShowsMostRecentStoryBeat]' passed (0.001 seconds).
Test Suite 'LessonContextTests' passed at 2026-09-27 02:59:34.936.
	 Executed 2 tests, with 0 failures (0 unexpected) in 0.003 (0.004) seconds
Test Suite 'LessonSessionTests' started at 2026-09-27 02:59:34.937.
Test Case '-[CondiscoTests.LessonSessionTests testAdvanceOnIncompleteStepThrows]' started.
Test Case '-[CondiscoTests.LessonSessionTests testAdvanceOnIncompleteStepThrows]' passed (0.004 seconds).
Test Case '-[CondiscoTests.LessonSessionTests testAdvanceWithoutEvaluationThrows]' started.
Test Case '-[CondiscoTests.LessonSessionTests testAdvanceWithoutEvaluationThrows]' passed (0.001 seconds).
Test Case '-[CondiscoTests.LessonSessionTests testOpenSupportThrowsWhenStepHasNoSupportActivity]' started.
Test Case '-[CondiscoTests.LessonSessionTests testOpenSupportThrowsWhenStepHasNoSupportActivity]' passed (0.001 seconds).
Test Case '-[CondiscoTests.LessonSessionTests testResumeRestartsOnMissingLesson]' started.
Test Case '-[CondiscoTests.LessonSessionTests testResumeRestartsOnMissingLesson]' passed (0.001 seconds).
Test Case '-[CondiscoTests.LessonSessionTests testResumeRestartsOnRevisionMismatch]' started.
Test Case '-[CondiscoTests.LessonSessionTests testResumeRestartsOnRevisionMismatch]' passed (0.001 seconds).
Test Case '-[CondiscoTests.LessonSessionTests testStartLessonHappyPathRunsToCompletion]' started.
Test Case '-[CondiscoTests.LessonSessionTests testStartLessonHappyPathRunsToCompletion]' passed (0.004 seconds).
Test Case '-[CondiscoTests.LessonSessionTests testUnknownLessonThrows]' started.
Test Case '-[CondiscoTests.LessonSessionTests testUnknownLessonThrows]' passed (0.001 seconds).
Test Case '-[CondiscoTests.LessonSessionTests testWalkTrailCoversLinearLesson]' started.
Test Case '-[CondiscoTests.LessonSessionTests testWalkTrailCoversLinearLesson]' passed (0.001 seconds).
Test Suite 'LessonSessionTests' passed at 2026-09-27 02:59:34.953.
	 Executed 8 tests, with 0 failures (0 unexpected) in 0.013 (0.016) seconds
Test Suite 'MalformedContentTests' started at 2026-09-27 02:59:34.953.
Test Case '-[CondiscoTests.MalformedContentTests testMalformedEventPayloadRejectedAtDecode]' started.
Test Case '-[CondiscoTests.MalformedContentTests testMalformedEventPayloadRejectedAtDecode]' passed (0.001 seconds).
Test Case '-[CondiscoTests.MalformedContentTests testSchemaValidButInvalidPackFailsValidator]' started.
Test Case '-[CondiscoTests.MalformedContentTests testSchemaValidButInvalidPackFailsValidator]' passed (0.005 seconds).
Test Case '-[CondiscoTests.MalformedContentTests testTruncatedPackJSONThrowsSafeDecodingError]' started.
Test Case '-[CondiscoTests.MalformedContentTests testTruncatedPackJSONThrowsSafeDecodingError]' passed (0.001 seconds).
Test Case '-[CondiscoTests.MalformedContentTests testWronglyTypedPackFieldThrowsTypedError]' started.
Test Case '-[CondiscoTests.MalformedContentTests testWronglyTypedPackFieldThrowsTypedError]' passed (0.001 seconds).
Test Case '-[CondiscoTests.MalformedContentTests testWrongSchemaVersionPackThrowsTypedError]' started.
Test Case '-[CondiscoTests.MalformedContentTests testWrongSchemaVersionPackThrowsTypedError]' passed (0.001 seconds).
Test Suite 'MalformedContentTests' passed at 2026-09-27 02:59:34.964.
	 Executed 5 tests, with 0 failures (0 unexpected) in 0.009 (0.011) seconds
Test Suite 'NextLessonTests' started at 2026-09-27 02:59:34.964.
Test Case '-[CondiscoTests.NextLessonTests testContinueDeepLinkParsesToContinueRoute]' started.
Test Case '-[CondiscoTests.NextLessonTests testContinueDeepLinkParsesToContinueRoute]' passed (0.001 seconds).
Test Case '-[CondiscoTests.NextLessonTests testContinueResolutionFullyCompletePackReturnsNil]' started.
Test Case '-[CondiscoTests.NextLessonTests testContinueResolutionFullyCompletePackReturnsNil]' passed (0.003 seconds).
Test Case '-[CondiscoTests.NextLessonTests testContinueResolutionOrphanedCompletedIdsAndOrphanOnlyPack]' started.
Test Case '-[CondiscoTests.NextLessonTests testContinueResolutionOrphanedCompletedIdsAndOrphanOnlyPack]' passed (0.001 seconds).
Test Case '-[CondiscoTests.NextLessonTests testContinueResolutionPartialPackProgress]' started.
Test Case '-[CondiscoTests.NextLessonTests testContinueResolutionPartialPackProgress]' passed (0.001 seconds).
Test Case '-[CondiscoTests.NextLessonTests testHelperReturnsFirstUncompletedInUnitOrder]' started.
Test Case '-[CondiscoTests.NextLessonTests testHelperReturnsFirstUncompletedInUnitOrder]' passed (0.001 seconds).
Test Case '-[CondiscoTests.NextLessonTests testHelperReturnsNilWhenEveryLessonIsComplete]' started.
Test Case '-[CondiscoTests.NextLessonTests testHelperReturnsNilWhenEveryLessonIsComplete]' passed (0.001 seconds).
Test Case '-[CondiscoTests.NextLessonTests testHelperSkipsOrphanedLessonAndStillFindsThePath]' started.
Test Case '-[CondiscoTests.NextLessonTests testHelperSkipsOrphanedLessonAndStillFindsThePath]' passed (0.001 seconds).
Test Case '-[CondiscoTests.NextLessonTests testHelperSkipsOrphanedLessonEvenWhenOnlyItRemains]' started.
Test Case '-[CondiscoTests.NextLessonTests testHelperSkipsOrphanedLessonEvenWhenOnlyItRemains]' passed (0.001 seconds).
Test Case '-[CondiscoTests.NextLessonTests testHomeAndHelperAgreeAcrossProgressLevels]' started.
Test Case '-[CondiscoTests.NextLessonTests testHomeAndHelperAgreeAcrossProgressLevels]' passed (0.003 seconds).
Test Case '-[CondiscoTests.NextLessonTests testHomeWidgetAndDeepLinkResolutionAgreeOnSameCompletedSet]' started.
Test Case '-[CondiscoTests.NextLessonTests testHomeWidgetAndDeepLinkResolutionAgreeOnSameCompletedSet]' passed (0.002 seconds).
Test Case '-[CondiscoTests.NextLessonTests testItalianPastUnitComesBeforeFutureOnThePath]' started.
Test Case '-[CondiscoTests.NextLessonTests testItalianPastUnitComesBeforeFutureOnThePath]' passed (0.001 seconds).
Test Case '-[CondiscoTests.NextLessonTests testKnownAndLegacyCreditsAdvanceHomePath]' started.
Test Case '-[CondiscoTests.NextLessonTests testKnownAndLegacyCreditsAdvanceHomePath]' passed (0.001 seconds).
Test Case '-[CondiscoTests.NextLessonTests testRealFrenchPathOrderMatchesAuthoredOrder]' started.
Test Case '-[CondiscoTests.NextLessonTests testRealFrenchPathOrderMatchesAuthoredOrder]' passed (0.001 seconds).
Test Case '-[CondiscoTests.NextLessonTests testWidgetSnapshotNextLessonMatchesHelper]' started.
Test Case '-[CondiscoTests.NextLessonTests testWidgetSnapshotNextLessonMatchesHelper]' passed (0.001 seconds).
Test Case '-[CondiscoTests.NextLessonTests testWidgetSnapshotPathCompleteWhenFullyCompleted]' started.
Test Case '-[CondiscoTests.NextLessonTests testWidgetSnapshotPathCompleteWhenFullyCompleted]' passed (0.001 seconds).
Test Case '-[CondiscoTests.NextLessonTests testWidgetSnapshotSkipsOrphanedLessons]' started.
Test Case '-[CondiscoTests.NextLessonTests testWidgetSnapshotSkipsOrphanedLessons]' passed (0.001 seconds).
Test Case '-[CondiscoTests.NextLessonTests testWidgetSnapshotUsesFocusPackSelectionLikeRefresh]' started.
Test Case '-[CondiscoTests.NextLessonTests testWidgetSnapshotUsesFocusPackSelectionLikeRefresh]' passed (0.001 seconds).
Test Suite 'NextLessonTests' passed at 2026-09-27 02:59:34.995.
	 Executed 17 tests, with 0 failures (0 unexpected) in 0.023 (0.030) seconds
Test Suite 'OpenTaskAttemptTests' started at 2026-09-27 02:59:34.995.
Test Case '-[CondiscoTests.OpenTaskAttemptTests testOpenTaskAttemptRecordsBindingModalityAssistanceRatingAndReveal]' started.
Test Case '-[CondiscoTests.OpenTaskAttemptTests testOpenTaskAttemptRecordsBindingModalityAssistanceRatingAndReveal]' passed (0.025 seconds).
Test Case '-[CondiscoTests.OpenTaskAttemptTests testOpenTaskEvaluationNeverGradesAnOpenResponse]' started.
Test Case '-[CondiscoTests.OpenTaskAttemptTests testOpenTaskEvaluationNeverGradesAnOpenResponse]' passed (0.002 seconds).
Test Case '-[CondiscoTests.OpenTaskAttemptTests testOpenTaskProjectionQuarantinesStaleOrRemodelledRows]' started.
Test Case '-[CondiscoTests.OpenTaskAttemptTests testOpenTaskProjectionQuarantinesStaleOrRemodelledRows]' passed (0.019 seconds).
Test Case '-[CondiscoTests.OpenTaskAttemptTests testOpenTaskRetakeAppendsWithoutDuplicatingCompletion]' started.
Test Case '-[CondiscoTests.OpenTaskAttemptTests testOpenTaskRetakeAppendsWithoutDuplicatingCompletion]' passed (0.018 seconds).
Test Case '-[CondiscoTests.OpenTaskAttemptTests testOpenTaskRevealOrHelpVoidsIndependence]' started.
Test Case '-[CondiscoTests.OpenTaskAttemptTests testOpenTaskRevealOrHelpVoidsIndependence]' passed (0.016 seconds).
Test Case '-[CondiscoTests.OpenTaskAttemptTests testOpenTaskStepCompletionCompletesParticipationLesson]' started.
Test Case '-[CondiscoTests.OpenTaskAttemptTests testOpenTaskStepCompletionCompletesParticipationLesson]' passed (0.020 seconds).
Test Case '-[CondiscoTests.OpenTaskAttemptTests testOpenTaskUnknownBindingRecordsNothing]' started.
Test Case '-[CondiscoTests.OpenTaskAttemptTests testOpenTaskUnknownBindingRecordsNothing]' passed (0.008 seconds).
Test Case '-[CondiscoTests.OpenTaskAttemptTests testValidatorRejectsOpenTaskWithEmptyGoal]' started.
Test Case '-[CondiscoTests.OpenTaskAttemptTests testValidatorRejectsOpenTaskWithEmptyGoal]' passed (0.101 seconds).
Test Case '-[CondiscoTests.OpenTaskAttemptTests testValidatorRejectsOpenTaskWithMissingRubric]' started.
Test Case '-[CondiscoTests.OpenTaskAttemptTests testValidatorRejectsOpenTaskWithMissingRubric]' passed (0.096 seconds).
Test Suite 'OpenTaskAttemptTests' passed at 2026-09-27 02:59:35.306.
	 Executed 9 tests, with 0 failures (0 unexpected) in 0.306 (0.311) seconds
Test Suite 'OpenTaskFlowTests' started at 2026-09-27 02:59:35.306.
Test Case '-[CondiscoTests.OpenTaskFlowTests testDraftPersistsAcrossReinitAtFiveThousandCharacters]' started.
Test Case '-[CondiscoTests.OpenTaskFlowTests testDraftPersistsAcrossReinitAtFiveThousandCharacters]' passed (0.012 seconds).
Test Case '-[CondiscoTests.OpenTaskFlowTests testOpenTaskCopyBansGradingClaims]' started.
Test Case '-[CondiscoTests.OpenTaskFlowTests testOpenTaskCopyBansGradingClaims]' passed (0.006 seconds).
Test Case '-[CondiscoTests.OpenTaskFlowTests testRecordingDeletionRemovesLocalFile]' started.
Test Case '-[CondiscoTests.OpenTaskFlowTests testRecordingDeletionRemovesLocalFile]' passed (0.004 seconds).
Test Case '-[CondiscoTests.OpenTaskFlowTests testRetryAfterRevealStaysDistinguishableFromIndependent]' started.
Test Case '-[CondiscoTests.OpenTaskFlowTests testRetryAfterRevealStaysDistinguishableFromIndependent]' passed (0.012 seconds).
Test Case '-[CondiscoTests.OpenTaskFlowTests testSpokenSubmissionRequiresRecordingOrMicDeniedTicks]' started.
Test Case '-[CondiscoTests.OpenTaskFlowTests testSpokenSubmissionRequiresRecordingOrMicDeniedTicks]' passed (0.001 seconds).
Test Case '-[CondiscoTests.OpenTaskFlowTests testWrittenSubmissionRequiresContentAndAcceptsLongDrafts]' started.
Test Case '-[CondiscoTests.OpenTaskFlowTests testWrittenSubmissionRequiresContentAndAcceptsLongDrafts]' passed (0.001 seconds).
Test Suite 'OpenTaskFlowTests' passed at 2026-09-27 02:59:35.345.
	 Executed 6 tests, with 0 failures (0 unexpected) in 0.037 (0.040) seconds
Test Suite 'PackContentTests' started at 2026-09-27 02:59:35.346.
Test Case '-[CondiscoTests.PackContentTests testPacksLoadValidateAndCoverFiveLanguages]' started.
Test Case '-[CondiscoTests.PackContentTests testPacksLoadValidateAndCoverFiveLanguages]' passed (0.054 seconds).
Test Suite 'PackContentTests' passed at 2026-09-27 02:59:35.400.
	 Executed 1 test, with 0 failures (0 unexpected) in 0.054 (0.055) seconds
Test Suite 'PackFrenchTests' started at 2026-09-27 02:59:35.401.
Test Case '-[CondiscoTests.PackFrenchTests testAuthoredErrorsFireForPlausibleWrongAnswers]' started.
Test Case '-[CondiscoTests.PackFrenchTests testAuthoredErrorsFireForPlausibleWrongAnswers]' passed (0.008 seconds).
Test Case '-[CondiscoTests.PackFrenchTests testBatch1AcceptsNaturalAlternatives]' started.
Test Case '-[CondiscoTests.PackFrenchTests testBatch1AcceptsNaturalAlternatives]' passed (0.002 seconds).
Test Case '-[CondiscoTests.PackFrenchTests testBatch1GradedStepsHaveAuthoredHints]' started.
Test Case '-[CondiscoTests.PackFrenchTests testBatch1GradedStepsHaveAuthoredHints]' passed (0.005 seconds).
Test Case '-[CondiscoTests.PackFrenchTests testBatch1PromptNarrowingHolds]' started.
Test Case '-[CondiscoTests.PackFrenchTests testBatch1PromptNarrowingHolds]' passed (0.001 seconds).
Test Case '-[CondiscoTests.PackFrenchTests testBatch1TextActivitiesAuthorErrors]' started.
Test Case '-[CondiscoTests.PackFrenchTests testBatch1TextActivitiesAuthorErrors]' passed (0.004 seconds).
Test Case '-[CondiscoTests.PackFrenchTests testBatch2AcceptsNaturalAlternatives]' started.
Test Case '-[CondiscoTests.PackFrenchTests testBatch2AcceptsNaturalAlternatives]' passed (0.002 seconds).
Test Case '-[CondiscoTests.PackFrenchTests testBatch2ErrorsFireForPlausibleWrongAnswers]' started.
Test Case '-[CondiscoTests.PackFrenchTests testBatch2ErrorsFireForPlausibleWrongAnswers]' passed (0.009 seconds).
Test Case '-[CondiscoTests.PackFrenchTests testBatch2GradedStepsHaveAuthoredHints]' started.
Test Case '-[CondiscoTests.PackFrenchTests testBatch2GradedStepsHaveAuthoredHints]' passed (0.007 seconds).
Test Case '-[CondiscoTests.PackFrenchTests testBatch2MissionsEndWithTextFinalResponse]' started.
Test Case '-[CondiscoTests.PackFrenchTests testBatch2MissionsEndWithTextFinalResponse]' passed (0.002 seconds).
Test Case '-[CondiscoTests.PackFrenchTests testBatch2TextActivitiesAuthorErrors]' started.
Test Case '-[CondiscoTests.PackFrenchTests testBatch2TextActivitiesAuthorErrors]' passed (0.007 seconds).
Test Case '-[CondiscoTests.PackFrenchTests testBatch3ErrorsFireForPlausibleWrongAnswers]' started.
Test Case '-[CondiscoTests.PackFrenchTests testBatch3ErrorsFireForPlausibleWrongAnswers]' passed (0.006 seconds).
Test Case '-[CondiscoTests.PackFrenchTests testBatch3GradedStepsHaveAuthoredHints]' started.
Test Case '-[CondiscoTests.PackFrenchTests testBatch3GradedStepsHaveAuthoredHints]' passed (0.005 seconds).
Test Case '-[CondiscoTests.PackFrenchTests testBatch3PromptAnswerAlignmentHolds]' started.
Test Case '-[CondiscoTests.PackFrenchTests testBatch3PromptAnswerAlignmentHolds]' passed (0.005 seconds).
Test Case '-[CondiscoTests.PackFrenchTests testBatch3StoriesEndWithTextFinalResponse]' started.
Test Case '-[CondiscoTests.PackFrenchTests testBatch3StoriesEndWithTextFinalResponse]' passed (0.002 seconds).
Test Case '-[CondiscoTests.PackFrenchTests testBatch3TextActivitiesAuthorErrors]' started.
Test Case '-[CondiscoTests.PackFrenchTests testBatch3TextActivitiesAuthorErrors]' passed (0.005 seconds).
Test Case '-[CondiscoTests.PackFrenchTests testBatch4AcceptsNaturalAlternatives]' started.
Test Case '-[CondiscoTests.PackFrenchTests testBatch4AcceptsNaturalAlternatives]' passed (0.002 seconds).
Test Case '-[CondiscoTests.PackFrenchTests testBatch4ErrorsFireForPlausibleWrongAnswers]' started.
Test Case '-[CondiscoTests.PackFrenchTests testBatch4ErrorsFireForPlausibleWrongAnswers]' passed (0.020 seconds).
Test Case '-[CondiscoTests.PackFrenchTests testBatch4GradedStepsHaveAuthoredHints]' started.
Test Case '-[CondiscoTests.PackFrenchTests testBatch4GradedStepsHaveAuthoredHints]' passed (0.009 seconds).
Test Case '-[CondiscoTests.PackFrenchTests testBatch4PromptNarrowingHolds]' started.
Test Case '-[CondiscoTests.PackFrenchTests testBatch4PromptNarrowingHolds]' passed (0.002 seconds).
Test Case '-[CondiscoTests.PackFrenchTests testBatch4TextActivitiesAuthorErrors]' started.
Test Case '-[CondiscoTests.PackFrenchTests testBatch4TextActivitiesAuthorErrors]' passed (0.009 seconds).
Test Case '-[CondiscoTests.PackFrenchTests testBatch5AcceptsNaturalAlternatives]' started.
Test Case '-[CondiscoTests.PackFrenchTests testBatch5AcceptsNaturalAlternatives]' passed (0.003 seconds).
Test Case '-[CondiscoTests.PackFrenchTests testBatch5ConversationsEndWithTextFinalResponse]' started.
Test Case '-[CondiscoTests.PackFrenchTests testBatch5ConversationsEndWithTextFinalResponse]' passed (0.002 seconds).
Test Case '-[CondiscoTests.PackFrenchTests testBatch5ErrorsFireForPlausibleWrongAnswers]' started.
Test Case '-[CondiscoTests.PackFrenchTests testBatch5ErrorsFireForPlausibleWrongAnswers]' passed (0.011 seconds).
Test Case '-[CondiscoTests.PackFrenchTests testBatch5GradedStepsHaveAuthoredHints]' started.
Test Case '-[CondiscoTests.PackFrenchTests testBatch5GradedStepsHaveAuthoredHints]' passed (0.007 seconds).
Test Case '-[CondiscoTests.PackFrenchTests testBatch5PromptNarrowingHolds]' started.
Test Case '-[CondiscoTests.PackFrenchTests testBatch5PromptNarrowingHolds]' passed (0.003 seconds).
Test Case '-[CondiscoTests.PackFrenchTests testBatch5TextActivitiesAuthorErrors]' started.
Test Case '-[CondiscoTests.PackFrenchTests testBatch5TextActivitiesAuthorErrors]' passed (0.007 seconds).
Test Case '-[CondiscoTests.PackFrenchTests testBatch6AcceptsNaturalAlternatives]' started.
Test Case '-[CondiscoTests.PackFrenchTests testBatch6AcceptsNaturalAlternatives]' passed (0.002 seconds).
Test Case '-[CondiscoTests.PackFrenchTests testBatch6ErrorsFireForPlausibleWrongAnswers]' started.
Test Case '-[CondiscoTests.PackFrenchTests testBatch6ErrorsFireForPlausibleWrongAnswers]' passed (0.011 seconds).
Test Case '-[CondiscoTests.PackFrenchTests testBatch6GradedStepsHaveAuthoredHints]' started.
Test Case '-[CondiscoTests.PackFrenchTests testBatch6GradedStepsHaveAuthoredHints]' passed (0.009 seconds).
Test Case '-[CondiscoTests.PackFrenchTests testBatch6LessonsEndOnGradedResponse]' started.
Test Case '-[CondiscoTests.PackFrenchTests testBatch6LessonsEndOnGradedResponse]' passed (0.002 seconds).
Test Case '-[CondiscoTests.PackFrenchTests testBatch6PromptNarrowingHolds]' started.
Test Case '-[CondiscoTests.PackFrenchTests testBatch6PromptNarrowingHolds]' passed (0.002 seconds).
Test Case '-[CondiscoTests.PackFrenchTests testBatch6TextActivitiesAuthorErrors]' started.
Test Case '-[CondiscoTests.PackFrenchTests testBatch6TextActivitiesAuthorErrors]' passed (0.009 seconds).
Test Case '-[CondiscoTests.PackFrenchTests testComprehensionVariantWidening]' started.
Test Case '-[CondiscoTests.PackFrenchTests testComprehensionVariantWidening]' passed (0.003 seconds).
Test Case '-[CondiscoTests.PackFrenchTests testFrenchPackLoadsAndValidates]' started.
Test Case '-[CondiscoTests.PackFrenchTests testFrenchPackLoadsAndValidates]' passed (0.009 seconds).
Test Suite 'PackFrenchTests' passed at 2026-09-27 02:59:35.604.
	 Executed 34 tests, with 0 failures (0 unexpected) in 0.189 (0.203) seconds
Test Suite 'PackGermanTests' started at 2026-09-27 02:59:35.604.
Test Case '-[CondiscoTests.PackGermanTests testAuthoredErrorsFireForPlausibleWrongAnswers]' started.
Test Case '-[CondiscoTests.PackGermanTests testAuthoredErrorsFireForPlausibleWrongAnswers]' passed (0.003 seconds).
Test Case '-[CondiscoTests.PackGermanTests testBatch1AcceptsNaturalGermanAlternatives]' started.
Test Case '-[CondiscoTests.PackGermanTests testBatch1AcceptsNaturalGermanAlternatives]' passed (0.001 seconds).
Test Case '-[CondiscoTests.PackGermanTests testBatch1GradedStepsHaveAuthoredHints]' started.
Test Case '-[CondiscoTests.PackGermanTests testBatch1GradedStepsHaveAuthoredHints]' passed (0.001 seconds).
Test Case '-[CondiscoTests.PackGermanTests testBatch1TextActivitiesAuthorErrors]' started.
Test Case '-[CondiscoTests.PackGermanTests testBatch1TextActivitiesAuthorErrors]' passed (0.001 seconds).
Test Case '-[CondiscoTests.PackGermanTests testBatch2AcceptsAuthoredAnswers]' started.
Test Case '-[CondiscoTests.PackGermanTests testBatch2AcceptsAuthoredAnswers]' passed (0.004 seconds).
Test Case '-[CondiscoTests.PackGermanTests testBatch2AuthoredErrorsFireForPlausibleWrongAnswers]' started.
Test Case '-[CondiscoTests.PackGermanTests testBatch2AuthoredErrorsFireForPlausibleWrongAnswers]' passed (0.008 seconds).
Test Case '-[CondiscoTests.PackGermanTests testBatch2GradedStepsHaveAuthoredHints]' started.
Test Case '-[CondiscoTests.PackGermanTests testBatch2GradedStepsHaveAuthoredHints]' passed (0.005 seconds).
Test Case '-[CondiscoTests.PackGermanTests testBatch2TextAndClozeActivitiesAuthorErrors]' started.
Test Case '-[CondiscoTests.PackGermanTests testBatch2TextAndClozeActivitiesAuthorErrors]' passed (0.005 seconds).
Test Case '-[CondiscoTests.PackGermanTests testBatch3AcceptsAuthoredAnswers]' started.
Test Case '-[CondiscoTests.PackGermanTests testBatch3AcceptsAuthoredAnswers]' passed (0.006 seconds).
Test Case '-[CondiscoTests.PackGermanTests testBatch3AuthoredErrorsFireForPlausibleWrongAnswers]' started.
Test Case '-[CondiscoTests.PackGermanTests testBatch3AuthoredErrorsFireForPlausibleWrongAnswers]' passed (0.011 seconds).
Test Case '-[CondiscoTests.PackGermanTests testBatch3GradedStepsHaveAuthoredHints]' started.
Test Case '-[CondiscoTests.PackGermanTests testBatch3GradedStepsHaveAuthoredHints]' passed (0.006 seconds).
Test Case '-[CondiscoTests.PackGermanTests testBatch3TextAndClozeActivitiesAuthorErrors]' started.
Test Case '-[CondiscoTests.PackGermanTests testBatch3TextAndClozeActivitiesAuthorErrors]' passed (0.005 seconds).
Test Case '-[CondiscoTests.PackGermanTests testBatch4AcceptsAuthoredAnswers]' started.
Test Case '-[CondiscoTests.PackGermanTests testBatch4AcceptsAuthoredAnswers]' passed (0.009 seconds).
Test Case '-[CondiscoTests.PackGermanTests testBatch4AuthoredErrorsFireForPlausibleWrongAnswers]' started.
Test Case '-[CondiscoTests.PackGermanTests testBatch4AuthoredErrorsFireForPlausibleWrongAnswers]' passed (0.017 seconds).
Test Case '-[CondiscoTests.PackGermanTests testBatch4GradedStepsHaveAuthoredHints]' started.
Test Case '-[CondiscoTests.PackGermanTests testBatch4GradedStepsHaveAuthoredHints]' passed (0.010 seconds).
Test Case '-[CondiscoTests.PackGermanTests testBatch4TextAndClozeActivitiesAuthorErrors]' started.
Test Case '-[CondiscoTests.PackGermanTests testBatch4TextAndClozeActivitiesAuthorErrors]' passed (0.011 seconds).
Test Case '-[CondiscoTests.PackGermanTests testBatch5AcceptsAuthoredAnswers]' started.
Test Case '-[CondiscoTests.PackGermanTests testBatch5AcceptsAuthoredAnswers]' passed (0.005 seconds).
Test Case '-[CondiscoTests.PackGermanTests testBatch5AuthoredErrorsFireForPlausibleWrongAnswers]' started.
Test Case '-[CondiscoTests.PackGermanTests testBatch5AuthoredErrorsFireForPlausibleWrongAnswers]' passed (0.011 seconds).
Test Case '-[CondiscoTests.PackGermanTests testBatch5GradedStepsHaveAuthoredHints]' started.
Test Case '-[CondiscoTests.PackGermanTests testBatch5GradedStepsHaveAuthoredHints]' passed (0.006 seconds).
Test Case '-[CondiscoTests.PackGermanTests testBatch5TextAndClozeActivitiesAuthorErrors]' started.
Test Case '-[CondiscoTests.PackGermanTests testBatch5TextAndClozeActivitiesAuthorErrors]' passed (0.006 seconds).
Test Case '-[CondiscoTests.PackGermanTests testBatch6AcceptsAuthoredAnswers]' started.
Test Case '-[CondiscoTests.PackGermanTests testBatch6AcceptsAuthoredAnswers]' passed (0.007 seconds).
Test Case '-[CondiscoTests.PackGermanTests testBatch6AuthoredErrorsFireForPlausibleWrongAnswers]' started.
Test Case '-[CondiscoTests.PackGermanTests testBatch6AuthoredErrorsFireForPlausibleWrongAnswers]' passed (0.015 seconds).
Test Case '-[CondiscoTests.PackGermanTests testBatch6GradedStepsHaveAuthoredHints]' started.
Test Case '-[CondiscoTests.PackGermanTests testBatch6GradedStepsHaveAuthoredHints]' passed (0.011 seconds).
Test Case '-[CondiscoTests.PackGermanTests testBatch6TextAndClozeActivitiesAuthorErrors]' started.
Test Case '-[CondiscoTests.PackGermanTests testBatch6TextAndClozeActivitiesAuthorErrors]' passed (0.011 seconds).
Test Case '-[CondiscoTests.PackGermanTests testGermanPackLoadsAndValidates]' started.
Test Case '-[CondiscoTests.PackGermanTests testGermanPackLoadsAndValidates]' passed (0.008 seconds).
Test Case '-[CondiscoTests.PackGermanTests testPackCopyHasNoUnverifiedNativeReviewClaim]' started.
Test Case '-[CondiscoTests.PackGermanTests testPackCopyHasNoUnverifiedNativeReviewClaim]' passed (0.001 seconds).
Test Suite 'PackGermanTests' passed at 2026-09-27 02:59:35.804.
	 Executed 26 tests, with 0 failures (0 unexpected) in 0.184 (0.199) seconds
Test Suite 'PackItalianTests' started at 2026-09-27 02:59:35.804.
Test Case '-[CondiscoTests.PackItalianTests testAlbergoPoliteDarmiRequest]' started.
Test Case '-[CondiscoTests.PackItalianTests testAlbergoPoliteDarmiRequest]' passed (0.002 seconds).
Test Case '-[CondiscoTests.PackItalianTests testAlbergoShowerSubjectAgreement]' started.
Test Case '-[CondiscoTests.PackItalianTests testAlbergoShowerSubjectAgreement]' passed (0.002 seconds).
Test Case '-[CondiscoTests.PackItalianTests testCafeBuildClozeUnArticle]' started.
Test Case '-[CondiscoTests.PackItalianTests testCafeBuildClozeUnArticle]' passed (0.001 seconds).
Test Case '-[CondiscoTests.PackItalianTests testCafeBuildTeaAccent]' started.
Test Case '-[CondiscoTests.PackItalianTests testCafeBuildTeaAccent]' passed (0.001 seconds).
Test Case '-[CondiscoTests.PackItalianTests testCafeMissionOrderWordingAndAccent]' started.
Test Case '-[CondiscoTests.PackItalianTests testCafeMissionOrderWordingAndAccent]' passed (0.001 seconds).
Test Case '-[CondiscoTests.PackItalianTests testCafeOrderClozeFavore]' started.
Test Case '-[CondiscoTests.PackItalianTests testCafeOrderClozeFavore]' passed (0.001 seconds).
Test Case '-[CondiscoTests.PackItalianTests testCafeOrderProducePoliteOrder]' started.
Test Case '-[CondiscoTests.PackItalianTests testCafeOrderProducePoliteOrder]' passed (0.001 seconds).
Test Case '-[CondiscoTests.PackItalianTests testCafeOrderTransferPriceQuestion]' started.
Test Case '-[CondiscoTests.PackItalianTests testCafeOrderTransferPriceQuestion]' passed (0.001 seconds).
Test Case '-[CondiscoTests.PackItalianTests testComparativiClozePiu]' started.
Test Case '-[CondiscoTests.PackItalianTests testComparativiClozePiu]' passed (0.002 seconds).
Test Case '-[CondiscoTests.PackItalianTests testComparativiReadAcceptsPassageWording]' started.
Test Case '-[CondiscoTests.PackItalianTests testComparativiReadAcceptsPassageWording]' passed (0.001 seconds).
Test Case '-[CondiscoTests.PackItalianTests testComparativiThinkConcordance]' started.
Test Case '-[CondiscoTests.PackItalianTests testComparativiThinkConcordance]' passed (0.002 seconds).
Test Case '-[CondiscoTests.PackItalianTests testCondizionaleClozeDovrei]' started.
Test Case '-[CondiscoTests.PackItalianTests testCondizionaleClozeDovrei]' passed (0.002 seconds).
Test Case '-[CondiscoTests.PackItalianTests testCondizionaleCortesiaRb3Taxi]' started.
Test Case '-[CondiscoTests.PackItalianTests testCondizionaleCortesiaRb3Taxi]' passed (0.002 seconds).
Test Case '-[CondiscoTests.PackItalianTests testCondizionaleCortesiaThinkVorrei]' started.
Test Case '-[CondiscoTests.PackItalianTests testCondizionaleCortesiaThinkVorrei]' passed (0.001 seconds).
Test Case '-[CondiscoTests.PackItalianTests testCondizionaleCortesiaVaryPronoun]' started.
Test Case '-[CondiscoTests.PackItalianTests testCondizionaleCortesiaVaryPronoun]' passed (0.005 seconds).
Test Case '-[CondiscoTests.PackItalianTests testCondizionaleThinkComprerei]' started.
Test Case '-[CondiscoTests.PackItalianTests testCondizionaleThinkComprerei]' passed (0.001 seconds).
Test Case '-[CondiscoTests.PackItalianTests testCongiuntivoClozeFareForm]' started.
Test Case '-[CondiscoTests.PackItalianTests testCongiuntivoClozeFareForm]' passed (0.002 seconds).
Test Case '-[CondiscoTests.PackItalianTests testCongiuntivoVaryDoubtPlacement]' started.
Test Case '-[CondiscoTests.PackItalianTests testCongiuntivoVaryDoubtPlacement]' passed (0.001 seconds).
Test Case '-[CondiscoTests.PackItalianTests testDaysClozeCardinalDate]' started.
Test Case '-[CondiscoTests.PackItalianTests testDaysClozeCardinalDate]' passed (0.001 seconds).
Test Case '-[CondiscoTests.PackItalianTests testDaysListenModelAccents]' started.
Test Case '-[CondiscoTests.PackItalianTests testDaysListenModelAccents]' passed (0.001 seconds).
Test Case '-[CondiscoTests.PackItalianTests testDaysReadAcceptsDigitDate]' started.
Test Case '-[CondiscoTests.PackItalianTests testDaysReadAcceptsDigitDate]' passed (0.001 seconds).
Test Case '-[CondiscoTests.PackItalianTests testDirectionsFinalArrivalStatement]' started.
Test Case '-[CondiscoTests.PackItalianTests testDirectionsFinalArrivalStatement]' passed (0.001 seconds).
Test Case '-[CondiscoTests.PackItalianTests testDirectionsStationArticleCloze]' started.
Test Case '-[CondiscoTests.PackItalianTests testDirectionsStationArticleCloze]' passed (0.001 seconds).
Test Case '-[CondiscoTests.PackItalianTests testEarlyWordsCostaSingular]' started.
Test Case '-[CondiscoTests.PackItalianTests testEarlyWordsCostaSingular]' passed (0.013 seconds).
Test Case '-[CondiscoTests.PackItalianTests testEarlyWordsIntroProDropVariant]' started.
Test Case '-[CondiscoTests.PackItalianTests testEarlyWordsIntroProDropVariant]' passed (0.001 seconds).
Test Case '-[CondiscoTests.PackItalianTests testEarlyWordsPrendoExplicitIo]' started.
Test Case '-[CondiscoTests.PackItalianTests testEarlyWordsPrendoExplicitIo]' passed (0.001 seconds).
Test Case '-[CondiscoTests.PackItalianTests testEmergencyClozeElision]' started.
Test Case '-[CondiscoTests.PackItalianTests testEmergencyClozeElision]' passed (0.001 seconds).
Test Case '-[CondiscoTests.PackItalianTests testEmergencyProduceRequestForm]' started.
Test Case '-[CondiscoTests.PackItalianTests testEmergencyProduceRequestForm]' passed (0.001 seconds).
Test Case '-[CondiscoTests.PackItalianTests testEssereParticipiClozeAbbiamo]' started.
Test Case '-[CondiscoTests.PackItalianTests testEssereParticipiClozeAbbiamo]' passed (0.002 seconds).
Test Case '-[CondiscoTests.PackItalianTests testEssereParticipiProduceHanno]' started.
Test Case '-[CondiscoTests.PackItalianTests testEssereParticipiProduceHanno]' passed (0.002 seconds).
Test Case '-[CondiscoTests.PackItalianTests testFoodClozeIoFormPrendo]' started.
Test Case '-[CondiscoTests.PackItalianTests testFoodClozeIoFormPrendo]' passed (0.001 seconds).
Test Case '-[CondiscoTests.PackItalianTests testFoodConstructionClozeNonPrendo]' started.
Test Case '-[CondiscoTests.PackItalianTests testFoodConstructionClozeNonPrendo]' passed (0.001 seconds).
Test Case '-[CondiscoTests.PackItalianTests testFoodConstructionRefusalAccent]' started.
Test Case '-[CondiscoTests.PackItalianTests testFoodConstructionRefusalAccent]' passed (0.002 seconds).
Test Case '-[CondiscoTests.PackItalianTests testFoodStoryTransferPoliteRegister]' started.
Test Case '-[CondiscoTests.PackItalianTests testFoodStoryTransferPoliteRegister]' passed (0.002 seconds).
Test Case '-[CondiscoTests.PackItalianTests testFuturoSempliceClozeSaro]' started.
Test Case '-[CondiscoTests.PackItalianTests testFuturoSempliceClozeSaro]' passed (0.001 seconds).
Test Case '-[CondiscoTests.PackItalianTests testFuturoSempliceThinkMangeranno]' started.
Test Case '-[CondiscoTests.PackItalianTests testFuturoSempliceThinkMangeranno]' passed (0.040 seconds).
Test Case '-[CondiscoTests.PackItalianTests testFuturoUsiClozeChiamero]' started.
Test Case '-[CondiscoTests.PackItalianTests testFuturoUsiClozeChiamero]' passed (0.001 seconds).
Test Case '-[CondiscoTests.PackItalianTests testFuturoUsiClozeLavoreremo]' started.
Test Case '-[CondiscoTests.PackItalianTests testFuturoUsiClozeLavoreremo]' passed (0.001 seconds).
Test Case '-[CondiscoTests.PackItalianTests testHealthProduceBodyPartArticle]' started.
Test Case '-[CondiscoTests.PackItalianTests testHealthProduceBodyPartArticle]' passed (0.001 seconds).
Test Case '-[CondiscoTests.PackItalianTests testHealthRb5ReportSentence]' started.
Test Case '-[CondiscoTests.PackItalianTests testHealthRb5ReportSentence]' passed (0.001 seconds).
Test Case '-[CondiscoTests.PackItalianTests testHomeBookSentenceAccentError]' started.
Test Case '-[CondiscoTests.PackItalianTests testHomeBookSentenceAccentError]' passed (0.106 seconds).
Test Case '-[CondiscoTests.PackItalianTests testHomeClozeArticleGrading]' started.
Test Case '-[CondiscoTests.PackItalianTests testHomeClozeArticleGrading]' passed (0.001 seconds).
Test Case '-[CondiscoTests.PackItalianTests testIdentityPeopleFamilyReadsAcceptFullAnswers]' started.
Test Case '-[CondiscoTests.PackItalianTests testIdentityPeopleFamilyReadsAcceptFullAnswers]' passed (0.001 seconds).
Test Case '-[CondiscoTests.PackItalianTests testImperfettoClozeHoMangiato]' started.
Test Case '-[CondiscoTests.PackItalianTests testImperfettoClozeHoMangiato]' passed (0.001 seconds).
Test Case '-[CondiscoTests.PackItalianTests testImperfettoProduceStudiato]' started.
Test Case '-[CondiscoTests.PackItalianTests testImperfettoProduceStudiato]' passed (0.002 seconds).
Test Case '-[CondiscoTests.PackItalianTests testInvitationsMeaningPoliteNo]' started.
Test Case '-[CondiscoTests.PackItalianTests testInvitationsMeaningPoliteNo]' passed (0.002 seconds).
Test Case '-[CondiscoTests.PackItalianTests testInvitationsRb5VenireCasaMia]' started.
Test Case '-[CondiscoTests.PackItalianTests testInvitationsRb5VenireCasaMia]' passed (0.002 seconds).
Test Case '-[CondiscoTests.PackItalianTests testItalianPackLoadsAndValidates]' started.
Test Case '-[CondiscoTests.PackItalianTests testItalianPackLoadsAndValidates]' passed (0.010 seconds).
Test Case '-[CondiscoTests.PackItalianTests testLavoroImpersonalSiForms]' started.
Test Case '-[CondiscoTests.PackItalianTests testLavoroImpersonalSiForms]' passed (0.002 seconds).
Test Case '-[CondiscoTests.PackItalianTests testMarketClozePluralPriceVerb]' started.
Test Case '-[CondiscoTests.PackItalianTests testMarketClozePluralPriceVerb]' passed (0.012 seconds).
Test Case '-[CondiscoTests.PackItalianTests testMarketFinalTakeResponse]' started.
Test Case '-[CondiscoTests.PackItalianTests testMarketFinalTakeResponse]' passed (0.001 seconds).
Test Case '-[CondiscoTests.PackItalianTests testMarketKiloCostaSingularRule]' started.
Test Case '-[CondiscoTests.PackItalianTests testMarketKiloCostaSingularRule]' passed (0.001 seconds).
Test Case '-[CondiscoTests.PackItalianTests testMarketListenModelSingularVerb]' started.
Test Case '-[CondiscoTests.PackItalianTests testMarketListenModelSingularVerb]' passed (0.001 seconds).
Test Case '-[CondiscoTests.PackItalianTests testMarketMeaningPluralGloss]' started.
Test Case '-[CondiscoTests.PackItalianTests testMarketMeaningPluralGloss]' passed (0.001 seconds).
Test Case '-[CondiscoTests.PackItalianTests testMarketQuestionKiloAgreement]' started.
Test Case '-[CondiscoTests.PackItalianTests testMarketQuestionKiloAgreement]' passed (0.001 seconds).
Test Case '-[CondiscoTests.PackItalianTests testMarketReadBreadPrice]' started.
Test Case '-[CondiscoTests.PackItalianTests testMarketReadBreadPrice]' passed (0.001 seconds).
Test Case '-[CondiscoTests.PackItalianTests testNeCiClozeNeFromDi]' started.
Test Case '-[CondiscoTests.PackItalianTests testNeCiClozeNeFromDi]' passed (0.002 seconds).
Test Case '-[CondiscoTests.PackItalianTests testNeCiThinkCiVado]' started.
Test Case '-[CondiscoTests.PackItalianTests testNeCiThinkCiVado]' passed (0.002 seconds).
Test Case '-[CondiscoTests.PackItalianTests testNegationClozeNonBeforeVerb]' started.
Test Case '-[CondiscoTests.PackItalianTests testNegationClozeNonBeforeVerb]' passed (0.007 seconds).
Test Case '-[CondiscoTests.PackItalianTests testNegationProduceAcceptsDroppedPronoun]' started.
Test Case '-[CondiscoTests.PackItalianTests testNegationProduceAcceptsDroppedPronoun]' passed (0.001 seconds).
Test Case '-[CondiscoTests.PackItalianTests testNegationReadAcceptsGenderNeutralForms]' started.
Test Case '-[CondiscoTests.PackItalianTests testNegationReadAcceptsGenderNeutralForms]' passed (0.001 seconds).
Test Case '-[CondiscoTests.PackItalianTests testNumbersMeaningAgeQuestion]' started.
Test Case '-[CondiscoTests.PackItalianTests testNumbersMeaningAgeQuestion]' passed (0.001 seconds).
Test Case '-[CondiscoTests.PackItalianTests testNumbersProduceAcceptsDigitForms]' started.
Test Case '-[CondiscoTests.PackItalianTests testNumbersProduceAcceptsDigitForms]' passed (0.001 seconds).
Test Case '-[CondiscoTests.PackItalianTests testPassatoImperfettoClozeHannoChiamato]' started.
Test Case '-[CondiscoTests.PackItalianTests testPassatoImperfettoClozeHannoChiamato]' passed (0.001 seconds).
Test Case '-[CondiscoTests.PackItalianTests testPassatoImperfettoProduceMariaHa]' started.
Test Case '-[CondiscoTests.PackItalianTests testPassatoImperfettoProduceMariaHa]' passed (0.094 seconds).
Test Case '-[CondiscoTests.PackItalianTests testPassatoProssimoClozeHaMaria]' started.
Test Case '-[CondiscoTests.PackItalianTests testPassatoProssimoClozeHaMaria]' passed (0.001 seconds).
Test Case '-[CondiscoTests.PackItalianTests testPassatoProssimoThinkHoComprato]' started.
Test Case '-[CondiscoTests.PackItalianTests testPassatoProssimoThinkHoComprato]' passed (0.001 seconds).
Test Case '-[CondiscoTests.PackItalianTests testPastClozeAvereHelper]' started.
Test Case '-[CondiscoTests.PackItalianTests testPastClozeAvereHelper]' passed (0.001 seconds).
Test Case '-[CondiscoTests.PackItalianTests testPastMeaningAcceptsHaveStudied]' started.
Test Case '-[CondiscoTests.PackItalianTests testPastMeaningAcceptsHaveStudied]' passed (0.001 seconds).
Test Case '-[CondiscoTests.PackItalianTests testPeopleMeaningAcceptsFormalLeiReading]' started.
Test Case '-[CondiscoTests.PackItalianTests testPeopleMeaningAcceptsFormalLeiReading]' passed (0.001 seconds).
Test Case '-[CondiscoTests.PackItalianTests testPharmacyMeaningSingularCosts]' started.
Test Case '-[CondiscoTests.PackItalianTests testPharmacyMeaningSingularCosts]' passed (0.001 seconds).
Test Case '-[CondiscoTests.PackItalianTests testPharmacyRb5FormalGoodbye]' started.
Test Case '-[CondiscoTests.PackItalianTests testPharmacyRb5FormalGoodbye]' passed (0.001 seconds).
Test Case '-[CondiscoTests.PackItalianTests testPlansClozeAndareIoForm]' started.
Test Case '-[CondiscoTests.PackItalianTests testPlansClozeAndareIoForm]' passed (0.001 seconds).
Test Case '-[CondiscoTests.PackItalianTests testPluralClozeAgreementErrors]' started.
Test Case '-[CondiscoTests.PackItalianTests testPluralClozeAgreementErrors]' passed (0.025 seconds).
Test Case '-[CondiscoTests.PackItalianTests testPossessionClozeFeminineMia]' started.
Test Case '-[CondiscoTests.PackItalianTests testPossessionClozeFeminineMia]' passed (0.001 seconds).
Test Case '-[CondiscoTests.PackItalianTests testPossessionProduceAccentAndArticle]' started.
Test Case '-[CondiscoTests.PackItalianTests testPossessionProduceAccentAndArticle]' passed (0.001 seconds).
Test Case '-[CondiscoTests.PackItalianTests testPossessionReadAcceptsPassagePhrase]' started.
Test Case '-[CondiscoTests.PackItalianTests testPossessionReadAcceptsPassagePhrase]' passed (0.001 seconds).
Test Case '-[CondiscoTests.PackItalianTests testProgettiFuturiNearFutureBridge]' started.
Test Case '-[CondiscoTests.PackItalianTests testProgettiFuturiNearFutureBridge]' passed (0.001 seconds).
Test Case '-[CondiscoTests.PackItalianTests testReflexiveClozeStudioIoForm]' started.
Test Case '-[CondiscoTests.PackItalianTests testReflexiveClozeStudioIoForm]' passed (0.001 seconds).
Test Case '-[CondiscoTests.PackItalianTests testReflexiveProduceTuLavori]' started.
Test Case '-[CondiscoTests.PackItalianTests testReflexiveProduceTuLavori]' passed (0.001 seconds).
Test Case '-[CondiscoTests.PackItalianTests testRelativiClozeDiCui]' started.
Test Case '-[CondiscoTests.PackItalianTests testRelativiClozeDiCui]' passed (0.002 seconds).
Test Case '-[CondiscoTests.PackItalianTests testRelativiVaryConCui]' started.
Test Case '-[CondiscoTests.PackItalianTests testRelativiVaryConCui]' passed (0.002 seconds).
Test Case '-[CondiscoTests.PackItalianTests testRequestsClozeInfinitiveAfterPosso]' started.
Test Case '-[CondiscoTests.PackItalianTests testRequestsClozeInfinitiveAfterPosso]' passed (0.001 seconds).
Test Case '-[CondiscoTests.PackItalianTests testRequestsListenModelDictation]' started.
Test Case '-[CondiscoTests.PackItalianTests testRequestsListenModelDictation]' passed (0.001 seconds).
Test Case '-[CondiscoTests.PackItalianTests testRequestsTransferPermissionQuestion]' started.
Test Case '-[CondiscoTests.PackItalianTests testRequestsTransferPermissionQuestion]' passed (0.002 seconds).
Test Case '-[CondiscoTests.PackItalianTests testRestaurantBillPoliteRequest]' started.
Test Case '-[CondiscoTests.PackItalianTests testRestaurantBillPoliteRequest]' passed (0.005 seconds).
Test Case '-[CondiscoTests.PackItalianTests testRestaurantFinalGoodbye]' started.
Test Case '-[CondiscoTests.PackItalianTests testRestaurantFinalGoodbye]' passed (0.001 seconds).
Test Case '-[CondiscoTests.PackItalianTests testRoutineEveryEveningAcceptedSet]' started.
Test Case '-[CondiscoTests.PackItalianTests testRoutineEveryEveningAcceptedSet]' passed (0.002 seconds).
Test Case '-[CondiscoTests.PackItalianTests testStareGerundioBusWaiting]' started.
Test Case '-[CondiscoTests.PackItalianTests testStareGerundioBusWaiting]' passed (0.007 seconds).
Test Case '-[CondiscoTests.PackItalianTests testStareGerundioClozeIoForm]' started.
Test Case '-[CondiscoTests.PackItalianTests testStareGerundioClozeIoForm]' passed (0.001 seconds).
Test Case '-[CondiscoTests.PackItalianTests testStareGerundioRainShelter]' started.
Test Case '-[CondiscoTests.PackItalianTests testStareGerundioRainShelter]' passed (0.001 seconds).
Test Case '-[CondiscoTests.PackItalianTests testStareGerundioVaryTransform]' started.
Test Case '-[CondiscoTests.PackItalianTests testStareGerundioVaryTransform]' passed (0.001 seconds).
Test Case '-[CondiscoTests.PackItalianTests testTimeClozeOneOclockSingular]' started.
Test Case '-[CondiscoTests.PackItalianTests testTimeClozeOneOclockSingular]' passed (0.001 seconds).
Test Case '-[CondiscoTests.PackItalianTests testTimeProduceHalfPastForms]' started.
Test Case '-[CondiscoTests.PackItalianTests testTimeProduceHalfPastForms]' passed (0.002 seconds).
Test Case '-[CondiscoTests.PackItalianTests testTimeTrainQuarterToDirection]' started.
Test Case '-[CondiscoTests.PackItalianTests testTimeTrainQuarterToDirection]' passed (0.002 seconds).
Test Case '-[CondiscoTests.PackItalianTests testTransportArrivalConjugation]' started.
Test Case '-[CondiscoTests.PackItalianTests testTransportArrivalConjugation]' passed (0.001 seconds).
Test Case '-[CondiscoTests.PackItalianTests testTransportClozeStationArticle]' started.
Test Case '-[CondiscoTests.PackItalianTests testTransportClozeStationArticle]' passed (0.001 seconds).
Test Case '-[CondiscoTests.PackItalianTests testTransportGoToRomeForms]' started.
Test Case '-[CondiscoTests.PackItalianTests testTransportGoToRomeForms]' passed (0.007 seconds).
Test Case '-[CondiscoTests.PackItalianTests testTransportMeaningQuestionForm]' started.
Test Case '-[CondiscoTests.PackItalianTests testTransportMeaningQuestionForm]' passed (0.001 seconds).
Test Case '-[CondiscoTests.PackItalianTests testVorreiAct6PriceQuestion]' started.
Test Case '-[CondiscoTests.PackItalianTests testVorreiAct6PriceQuestion]' passed (0.001 seconds).
Test Case '-[CondiscoTests.PackItalianTests testVorreiAct8GuardandoGerund]' started.
Test Case '-[CondiscoTests.PackItalianTests testVorreiAct8GuardandoGerund]' passed (0.001 seconds).
Test Case '-[CondiscoTests.PackItalianTests testVorreiAct9LaPrendo]' started.
Test Case '-[CondiscoTests.PackItalianTests testVorreiAct9LaPrendo]' passed (0.001 seconds).
Test Case '-[CondiscoTests.PackItalianTests testWaveBMissionsHaveAuthoredErrors]' started.
Test Case '-[CondiscoTests.PackItalianTests testWaveBMissionsHaveAuthoredErrors]' passed (0.009 seconds).
Test Case '-[CondiscoTests.PackItalianTests testWaveBMissionsHaveAuthoredStepHints]' started.
Test Case '-[CondiscoTests.PackItalianTests testWaveBMissionsHaveAuthoredStepHints]' passed (0.009 seconds).
Test Case '-[CondiscoTests.PackItalianTests testWaveCStoriesHaveAuthoredErrors]' started.
Test Case '-[CondiscoTests.PackItalianTests testWaveCStoriesHaveAuthoredErrors]' passed (0.006 seconds).
Test Case '-[CondiscoTests.PackItalianTests testWaveCStoriesHaveAuthoredStepHints]' started.
Test Case '-[CondiscoTests.PackItalianTests testWaveCStoriesHaveAuthoredStepHints]' passed (0.006 seconds).
Test Case '-[CondiscoTests.PackItalianTests testWaveDDiscoveriesHaveAuthoredErrors]' started.
Test Case '-[CondiscoTests.PackItalianTests testWaveDDiscoveriesHaveAuthoredErrors]' passed (0.008 seconds).
Test Case '-[CondiscoTests.PackItalianTests testWaveDDiscoveriesHaveAuthoredStepHints]' started.
Test Case '-[CondiscoTests.PackItalianTests testWaveDDiscoveriesHaveAuthoredStepHints]' passed (0.008 seconds).
Test Case '-[CondiscoTests.PackItalianTests testWaveFConstructionRecallHaveAuthoredErrors]' started.
Test Case '-[CondiscoTests.PackItalianTests testWaveFConstructionRecallHaveAuthoredErrors]' passed (0.020 seconds).
Test Case '-[CondiscoTests.PackItalianTests testWaveFConstructionRecallHaveAuthoredStepHints]' started.
Test Case '-[CondiscoTests.PackItalianTests testWaveFConstructionRecallHaveAuthoredStepHints]' passed (0.016 seconds).
Test Case '-[CondiscoTests.PackItalianTests testWeatherColdTodayFarePattern]' started.
Test Case '-[CondiscoTests.PackItalianTests testWeatherColdTodayFarePattern]' passed (0.002 seconds).
Test Case '-[CondiscoTests.PackItalianTests testWeatherMeaningSunnyEnglish]' started.
Test Case '-[CondiscoTests.PackItalianTests testWeatherMeaningSunnyEnglish]' passed (0.006 seconds).
Test Case '-[CondiscoTests.PackItalianTests testWeatherMondaySunForms]' started.
Test Case '-[CondiscoTests.PackItalianTests testWeatherMondaySunForms]' passed (0.006 seconds).
Test Case '-[CondiscoTests.PackItalianTests testWeatherSeasonsClozeFarePattern]' started.
Test Case '-[CondiscoTests.PackItalianTests testWeatherSeasonsClozeFarePattern]' passed (0.002 seconds).
Test Suite 'PackItalianTests' passed at 2026-09-27 02:59:36.727.
	 Executed 114 tests, with 0 failures (0 unexpected) in 0.551 (0.923) seconds
Test Suite 'PackLoaderRecoveryTests' started at 2026-09-27 02:59:36.727.
Test Case '-[CondiscoTests.PackLoaderRecoveryTests testCorruptedFirstPackSkippedOthersStillLoad]' started.
Test Case '-[CondiscoTests.PackLoaderRecoveryTests testCorruptedFirstPackSkippedOthersStillLoad]' passed (0.223 seconds).
Test Case '-[CondiscoTests.PackLoaderRecoveryTests testCorruptedMiddlePackSkippedOthersStillLoad]' started.
Test Case '-[CondiscoTests.PackLoaderRecoveryTests testCorruptedMiddlePackSkippedOthersStillLoad]' passed (0.154 seconds).
Test Case '-[CondiscoTests.PackLoaderRecoveryTests testFullyCorruptedBundleThrowsActionableErrorNamingFiles]' started.
Test Case '-[CondiscoTests.PackLoaderRecoveryTests testFullyCorruptedBundleThrowsActionableErrorNamingFiles]' passed (0.009 seconds).
Test Suite 'PackLoaderRecoveryTests' passed at 2026-09-27 02:59:37.119.
	 Executed 3 tests, with 0 failures (0 unexpected) in 0.386 (0.392) seconds
Test Suite 'PackPortugueseTests' started at 2026-09-27 02:59:37.120.
Test Case '-[CondiscoTests.PackPortugueseTests testAuthoredErrorsFireForPlausibleWrongAnswers]' started.
Test Case '-[CondiscoTests.PackPortugueseTests testAuthoredErrorsFireForPlausibleWrongAnswers]' passed (0.004 seconds).
Test Case '-[CondiscoTests.PackPortugueseTests testBatch1AcceptsNaturalAlternatives]' started.
Test Case '-[CondiscoTests.PackPortugueseTests testBatch1AcceptsNaturalAlternatives]' passed (0.001 seconds).
Test Case '-[CondiscoTests.PackPortugueseTests testBatch1GradedStepsHaveAuthoredHints]' started.
Test Case '-[CondiscoTests.PackPortugueseTests testBatch1GradedStepsHaveAuthoredHints]' passed (0.002 seconds).
Test Case '-[CondiscoTests.PackPortugueseTests testBatch1TextActivitiesAuthorErrors]' started.
Test Case '-[CondiscoTests.PackPortugueseTests testBatch1TextActivitiesAuthorErrors]' passed (0.001 seconds).
Test Case '-[CondiscoTests.PackPortugueseTests testComprehensionReadsAcceptPortugueseForms]' started.
Test Case '-[CondiscoTests.PackPortugueseTests testComprehensionReadsAcceptPortugueseForms]' passed (0.005 seconds).
Test Case '-[CondiscoTests.PackPortugueseTests testEuropeanPossessiveFormIsTheAcceptedTarget]' started.
Test Case '-[CondiscoTests.PackPortugueseTests testEuropeanPossessiveFormIsTheAcceptedTarget]' passed (0.002 seconds).
Test Case '-[CondiscoTests.PackPortugueseTests testHotelMissionEuropeanPossessive]' started.
Test Case '-[CondiscoTests.PackPortugueseTests testHotelMissionEuropeanPossessive]' passed (0.001 seconds).
Test Case '-[CondiscoTests.PackPortugueseTests testLegacyExercisesMatchEuropeanForms]' started.
Test Case '-[CondiscoTests.PackPortugueseTests testLegacyExercisesMatchEuropeanForms]' passed (0.001 seconds).
Test Case '-[CondiscoTests.PackPortugueseTests testPortuguesePackLoadsAndValidates]' started.
Test Case '-[CondiscoTests.PackPortugueseTests testPortuguesePackLoadsAndValidates]' passed (0.009 seconds).
Test Case '-[CondiscoTests.PackPortugueseTests testWaveBAcceptsNaturalAlternatives]' started.
Test Case '-[CondiscoTests.PackPortugueseTests testWaveBAcceptsNaturalAlternatives]' passed (0.002 seconds).
Test Case '-[CondiscoTests.PackPortugueseTests testWaveBAuthoredErrorsFireForPlausibleWrongAnswers]' started.
Test Case '-[CondiscoTests.PackPortugueseTests testWaveBAuthoredErrorsFireForPlausibleWrongAnswers]' passed (0.005 seconds).
Test Case '-[CondiscoTests.PackPortugueseTests testWaveBFinalStepsAreTextResponses]' started.
Test Case '-[CondiscoTests.PackPortugueseTests testWaveBFinalStepsAreTextResponses]' passed (0.001 seconds).
Test Case '-[CondiscoTests.PackPortugueseTests testWaveBGradedStepsHaveAuthoredHints]' started.
Test Case '-[CondiscoTests.PackPortugueseTests testWaveBGradedStepsHaveAuthoredHints]' passed (0.005 seconds).
Test Case '-[CondiscoTests.PackPortugueseTests testWaveBOrderingBuildsTheTaughtSentence]' started.
Test Case '-[CondiscoTests.PackPortugueseTests testWaveBOrderingBuildsTheTaughtSentence]' passed (0.001 seconds).
Test Case '-[CondiscoTests.PackPortugueseTests testWaveBTextActivitiesAuthorErrors]' started.
Test Case '-[CondiscoTests.PackPortugueseTests testWaveBTextActivitiesAuthorErrors]' passed (0.005 seconds).
Test Case '-[CondiscoTests.PackPortugueseTests testWaveCAcceptsNaturalAlternatives]' started.
Test Case '-[CondiscoTests.PackPortugueseTests testWaveCAcceptsNaturalAlternatives]' passed (0.002 seconds).
Test Case '-[CondiscoTests.PackPortugueseTests testWaveCAuthoredErrorsFireForPlausibleWrongAnswers]' started.
Test Case '-[CondiscoTests.PackPortugueseTests testWaveCAuthoredErrorsFireForPlausibleWrongAnswers]' passed (0.006 seconds).
Test Case '-[CondiscoTests.PackPortugueseTests testWaveCGradedStepsHaveAuthoredHints]' started.
Test Case '-[CondiscoTests.PackPortugueseTests testWaveCGradedStepsHaveAuthoredHints]' passed (0.007 seconds).
Test Case '-[CondiscoTests.PackPortugueseTests testWaveCStoryFinalStepsAreTextResponses]' started.
Test Case '-[CondiscoTests.PackPortugueseTests testWaveCStoryFinalStepsAreTextResponses]' passed (0.002 seconds).
Test Case '-[CondiscoTests.PackPortugueseTests testWaveCTextActivitiesAuthorErrors]' started.
Test Case '-[CondiscoTests.PackPortugueseTests testWaveCTextActivitiesAuthorErrors]' passed (0.006 seconds).
Test Case '-[CondiscoTests.PackPortugueseTests testWaveDAcceptsNaturalAlternatives]' started.
Test Case '-[CondiscoTests.PackPortugueseTests testWaveDAcceptsNaturalAlternatives]' passed (0.002 seconds).
Test Case '-[CondiscoTests.PackPortugueseTests testWaveDAuthoredErrorsFireForPlausibleWrongAnswers]' started.
Test Case '-[CondiscoTests.PackPortugueseTests testWaveDAuthoredErrorsFireForPlausibleWrongAnswers]' passed (0.009 seconds).
Test Case '-[CondiscoTests.PackPortugueseTests testWaveDDiscoveryFinalStepsAreTextResponses]' started.
Test Case '-[CondiscoTests.PackPortugueseTests testWaveDDiscoveryFinalStepsAreTextResponses]' passed (0.004 seconds).
Test Case '-[CondiscoTests.PackPortugueseTests testWaveDGradedStepsHaveAuthoredHints]' started.
Test Case '-[CondiscoTests.PackPortugueseTests testWaveDGradedStepsHaveAuthoredHints]' passed (0.009 seconds).
Test Case '-[CondiscoTests.PackPortugueseTests testWaveDTextActivitiesAuthorErrors]' started.
Test Case '-[CondiscoTests.PackPortugueseTests testWaveDTextActivitiesAuthorErrors]' passed (0.009 seconds).
Test Case '-[CondiscoTests.PackPortugueseTests testWaveEAcceptsNaturalAlternatives]' started.
Test Case '-[CondiscoTests.PackPortugueseTests testWaveEAcceptsNaturalAlternatives]' passed (0.003 seconds).
Test Case '-[CondiscoTests.PackPortugueseTests testWaveEAuthoredErrorsFireForPlausibleWrongAnswers]' started.
Test Case '-[CondiscoTests.PackPortugueseTests testWaveEAuthoredErrorsFireForPlausibleWrongAnswers]' passed (0.005 seconds).
Test Case '-[CondiscoTests.PackPortugueseTests testWaveEConversationFinalStepsAreTextResponses]' started.
Test Case '-[CondiscoTests.PackPortugueseTests testWaveEConversationFinalStepsAreTextResponses]' passed (0.001 seconds).
Test Case '-[CondiscoTests.PackPortugueseTests testWaveEGradedStepsHaveAuthoredHints]' started.
Test Case '-[CondiscoTests.PackPortugueseTests testWaveEGradedStepsHaveAuthoredHints]' passed (0.006 seconds).
Test Case '-[CondiscoTests.PackPortugueseTests testWaveETextActivitiesAuthorErrors]' started.
Test Case '-[CondiscoTests.PackPortugueseTests testWaveETextActivitiesAuthorErrors]' passed (0.006 seconds).
Test Case '-[CondiscoTests.PackPortugueseTests testWaveFAcceptsNaturalAlternatives]' started.
Test Case '-[CondiscoTests.PackPortugueseTests testWaveFAcceptsNaturalAlternatives]' passed (0.003 seconds).
Test Case '-[CondiscoTests.PackPortugueseTests testWaveFAuthoredErrorsFireForPlausibleWrongAnswers]' started.
Test Case '-[CondiscoTests.PackPortugueseTests testWaveFAuthoredErrorsFireForPlausibleWrongAnswers]' passed (0.008 seconds).
Test Case '-[CondiscoTests.PackPortugueseTests testWaveFFinalStepsAreTextResponses]' started.
Test Case '-[CondiscoTests.PackPortugueseTests testWaveFFinalStepsAreTextResponses]' passed (0.002 seconds).
Test Case '-[CondiscoTests.PackPortugueseTests testWaveFGradedStepsHaveAuthoredHints]' started.
Test Case '-[CondiscoTests.PackPortugueseTests testWaveFGradedStepsHaveAuthoredHints]' passed (0.008 seconds).
Test Case '-[CondiscoTests.PackPortugueseTests testWaveFTextActivitiesAuthorErrors]' started.
Test Case '-[CondiscoTests.PackPortugueseTests testWaveFTextActivitiesAuthorErrors]' passed (0.010 seconds).
Test Suite 'PackPortugueseTests' passed at 2026-09-27 02:59:37.288.
	 Executed 35 tests, with 0 failures (0 unexpected) in 0.153 (0.168) seconds
Test Suite 'PackSpanishTests' started at 2026-09-27 02:59:37.288.
Test Case '-[CondiscoTests.PackSpanishTests testAuthoredErrorsFireForPlausibleWrongAnswers]' started.
Test Case '-[CondiscoTests.PackSpanishTests testAuthoredErrorsFireForPlausibleWrongAnswers]' passed (0.002 seconds).
Test Case '-[CondiscoTests.PackSpanishTests testBatch1AcceptsNaturalSpanishAlternatives]' started.
Test Case '-[CondiscoTests.PackSpanishTests testBatch1AcceptsNaturalSpanishAlternatives]' passed (0.002 seconds).
Test Case '-[CondiscoTests.PackSpanishTests testBatch1GradedStepsHaveAuthoredHints]' started.
Test Case '-[CondiscoTests.PackSpanishTests testBatch1GradedStepsHaveAuthoredHints]' passed (0.001 seconds).
Test Case '-[CondiscoTests.PackSpanishTests testBatch1TextActivitiesAuthorErrors]' started.
Test Case '-[CondiscoTests.PackSpanishTests testBatch1TextActivitiesAuthorErrors]' passed (0.001 seconds).
Test Case '-[CondiscoTests.PackSpanishTests testBatch2AcceptsAuthoredAnswers]' started.
Test Case '-[CondiscoTests.PackSpanishTests testBatch2AcceptsAuthoredAnswers]' passed (0.001 seconds).
Test Case '-[CondiscoTests.PackSpanishTests testBatch2AuthoredErrorsFireForPlausibleWrongAnswers]' started.
Test Case '-[CondiscoTests.PackSpanishTests testBatch2AuthoredErrorsFireForPlausibleWrongAnswers]' passed (0.006 seconds).
Test Case '-[CondiscoTests.PackSpanishTests testBatch2GradedStepsHaveAuthoredHints]' started.
Test Case '-[CondiscoTests.PackSpanishTests testBatch2GradedStepsHaveAuthoredHints]' passed (0.004 seconds).
Test Case '-[CondiscoTests.PackSpanishTests testBatch2TextAndClozeActivitiesAuthorErrors]' started.
Test Case '-[CondiscoTests.PackSpanishTests testBatch2TextAndClozeActivitiesAuthorErrors]' passed (0.004 seconds).
Test Case '-[CondiscoTests.PackSpanishTests testBatch3AcceptsAuthoredAnswers]' started.
Test Case '-[CondiscoTests.PackSpanishTests testBatch3AcceptsAuthoredAnswers]' passed (0.002 seconds).
Test Case '-[CondiscoTests.PackSpanishTests testBatch3AuthoredErrorsFireForPlausibleWrongAnswers]' started.
Test Case '-[CondiscoTests.PackSpanishTests testBatch3AuthoredErrorsFireForPlausibleWrongAnswers]' passed (0.008 seconds).
Test Case '-[CondiscoTests.PackSpanishTests testBatch3GradedStepsHaveAuthoredHints]' started.
Test Case '-[CondiscoTests.PackSpanishTests testBatch3GradedStepsHaveAuthoredHints]' passed (0.005 seconds).
Test Case '-[CondiscoTests.PackSpanishTests testBatch3StoryLessonsEndWithTextFinalResponse]' started.
Test Case '-[CondiscoTests.PackSpanishTests testBatch3StoryLessonsEndWithTextFinalResponse]' passed (0.002 seconds).
Test Case '-[CondiscoTests.PackSpanishTests testBatch3TextAndClozeActivitiesAuthorErrors]' started.
Test Case '-[CondiscoTests.PackSpanishTests testBatch3TextAndClozeActivitiesAuthorErrors]' passed (0.006 seconds).
Test Case '-[CondiscoTests.PackSpanishTests testBatch4AcceptsAuthoredAnswers]' started.
Test Case '-[CondiscoTests.PackSpanishTests testBatch4AcceptsAuthoredAnswers]' passed (0.004 seconds).
Test Case '-[CondiscoTests.PackSpanishTests testBatch4AuthoredErrorsFireForPlausibleWrongAnswers]' started.
Test Case '-[CondiscoTests.PackSpanishTests testBatch4AuthoredErrorsFireForPlausibleWrongAnswers]' passed (0.009 seconds).
Test Case '-[CondiscoTests.PackSpanishTests testBatch4DiscoveryLessonsEndWithTextFinalResponse]' started.
Test Case '-[CondiscoTests.PackSpanishTests testBatch4DiscoveryLessonsEndWithTextFinalResponse]' passed (0.003 seconds).
Test Case '-[CondiscoTests.PackSpanishTests testBatch4GradedStepsHaveAuthoredHints]' started.
Test Case '-[CondiscoTests.PackSpanishTests testBatch4GradedStepsHaveAuthoredHints]' passed (0.011 seconds).
Test Case '-[CondiscoTests.PackSpanishTests testBatch4TextAndClozeActivitiesAuthorErrors]' started.
Test Case '-[CondiscoTests.PackSpanishTests testBatch4TextAndClozeActivitiesAuthorErrors]' passed (0.011 seconds).
Test Case '-[CondiscoTests.PackSpanishTests testBatch5AcceptsAuthoredAnswers]' started.
Test Case '-[CondiscoTests.PackSpanishTests testBatch5AcceptsAuthoredAnswers]' passed (0.003 seconds).
Test Case '-[CondiscoTests.PackSpanishTests testBatch5AuthoredErrorsFireForPlausibleWrongAnswers]' started.
Test Case '-[CondiscoTests.PackSpanishTests testBatch5AuthoredErrorsFireForPlausibleWrongAnswers]' passed (0.004 seconds).
Test Case '-[CondiscoTests.PackSpanishTests testBatch5ConversationLessonsEndWithTextFinalResponse]' started.
Test Case '-[CondiscoTests.PackSpanishTests testBatch5ConversationLessonsEndWithTextFinalResponse]' passed (0.001 seconds).
Test Case '-[CondiscoTests.PackSpanishTests testBatch5GradedStepsHaveAuthoredHints]' started.
Test Case '-[CondiscoTests.PackSpanishTests testBatch5GradedStepsHaveAuthoredHints]' passed (0.004 seconds).
Test Case '-[CondiscoTests.PackSpanishTests testBatch5TextActivitiesAuthorErrors]' started.
Test Case '-[CondiscoTests.PackSpanishTests testBatch5TextActivitiesAuthorErrors]' passed (0.004 seconds).
Test Case '-[CondiscoTests.PackSpanishTests testBatch6AcceptsAuthoredAnswers]' started.
Test Case '-[CondiscoTests.PackSpanishTests testBatch6AcceptsAuthoredAnswers]' passed (0.004 seconds).
Test Case '-[CondiscoTests.PackSpanishTests testBatch6AuthoredErrorsFireForPlausibleWrongAnswers]' started.
Test Case '-[CondiscoTests.PackSpanishTests testBatch6AuthoredErrorsFireForPlausibleWrongAnswers]' passed (0.009 seconds).
Test Case '-[CondiscoTests.PackSpanishTests testBatch6GradedStepsHaveAuthoredHints]' started.
Test Case '-[CondiscoTests.PackSpanishTests testBatch6GradedStepsHaveAuthoredHints]' passed (0.013 seconds).
Test Case '-[CondiscoTests.PackSpanishTests testBatch6LessonsEndWithGradedTerminal]' started.
Test Case '-[CondiscoTests.PackSpanishTests testBatch6LessonsEndWithGradedTerminal]' passed (0.003 seconds).
Test Case '-[CondiscoTests.PackSpanishTests testBatch6TextAndClozeActivitiesAuthorErrors]' started.
Test Case '-[CondiscoTests.PackSpanishTests testBatch6TextAndClozeActivitiesAuthorErrors]' passed (0.013 seconds).
Test Case '-[CondiscoTests.PackSpanishTests testCafeListenPilotStepsResolveAndGrade]' started.
Test Case '-[CondiscoTests.PackSpanishTests testCafeListenPilotStepsResolveAndGrade]' passed (0.004 seconds).
Test Case '-[CondiscoTests.PackSpanishTests testCheckpointItemsAreWellFormed]' started.
Test Case '-[CondiscoTests.PackSpanishTests testCheckpointItemsAreWellFormed]' passed (0.001 seconds).
Test Case '-[CondiscoTests.PackSpanishTests testCheckpointTasksDeclareTheirModalityCoverage]' started.
Test Case '-[CondiscoTests.PackSpanishTests testCheckpointTasksDeclareTheirModalityCoverage]' passed (0.001 seconds).
Test Case '-[CondiscoTests.PackSpanishTests testCheckpointTasksDecodeWithStableUniqueIds]' started.
Test Case '-[CondiscoTests.PackSpanishTests testCheckpointTasksDecodeWithStableUniqueIds]' passed (0.003 seconds).
Test Case '-[CondiscoTests.PackSpanishTests testNoLessonStepReferencesCheckpointItem]' started.
Test Case '-[CondiscoTests.PackSpanishTests testNoLessonStepReferencesCheckpointItem]' passed (0.002 seconds).
Test Case '-[CondiscoTests.PackSpanishTests testPackWithoutCheckpointsFieldStillLoadsUnchanged]' started.
Test Case '-[CondiscoTests.PackSpanishTests testPackWithoutCheckpointsFieldStillLoadsUnchanged]' passed (0.104 seconds).
Test Case '-[CondiscoTests.PackSpanishTests testPackWithoutSustainedFieldsStillLoadsUnchanged]' started.
Test Case '-[CondiscoTests.PackSpanishTests testPackWithoutSustainedFieldsStillLoadsUnchanged]' passed (0.108 seconds).
Test Case '-[CondiscoTests.PackSpanishTests testSpanishPackLoadsAndValidates]' started.
Test Case '-[CondiscoTests.PackSpanishTests testSpanishPackLoadsAndValidates]' passed (0.021 seconds).
Test Case '-[CondiscoTests.PackSpanishTests testSustainedListeningDecodesWithOrderedSectionsAndVoiceLabels]' started.
Test Case '-[CondiscoTests.PackSpanishTests testSustainedListeningDecodesWithOrderedSectionsAndVoiceLabels]' passed (0.004 seconds).
Test Case '-[CondiscoTests.PackSpanishTests testSustainedMaterialsBoundToHostLessons]' started.
Test Case '-[CondiscoTests.PackSpanishTests testSustainedMaterialsBoundToHostLessons]' passed (0.001 seconds).
Test Case '-[CondiscoTests.PackSpanishTests testSustainedMinimalPackValidates]' started.
Test Case '-[CondiscoTests.PackSpanishTests testSustainedMinimalPackValidates]' passed (0.002 seconds).
Test Case '-[CondiscoTests.PackSpanishTests testSustainedTextQuestionsCoverKindsAndResolve]' started.
Test Case '-[CondiscoTests.PackSpanishTests testSustainedTextQuestionsCoverKindsAndResolve]' passed (0.003 seconds).
Test Case '-[CondiscoTests.PackSpanishTests testSustainedTextsDecodeWithRequiredMetadata]' started.
Test Case '-[CondiscoTests.PackSpanishTests testSustainedTextsDecodeWithRequiredMetadata]' passed (0.003 seconds).
Test Case '-[CondiscoTests.PackSpanishTests testSustainedValidatorCatchesBrokenFixtures]' started.
Test Case '-[CondiscoTests.PackSpanishTests testSustainedValidatorCatchesBrokenFixtures]' passed (0.009 seconds).
Test Suite 'PackSpanishTests' passed at 2026-09-27 02:59:37.710.
	 Executed 42 tests, with 0 failures (0 unexpected) in 0.406 (0.422) seconds
Test Suite 'PackUpdateTests' started at 2026-09-27 02:59:37.710.
Test Case '-[CondiscoTests.PackUpdateTests testPackWithGrownCheckpointBankInstallsOverExistingProgress]' started.
Test Case '-[CondiscoTests.PackUpdateTests testPackWithGrownCheckpointBankInstallsOverExistingProgress]' passed (0.126 seconds).
Test Case '-[CondiscoTests.PackUpdateTests testUpdateOverExistingProgressKeepsCompletionCheckpointsAndReviewHistory]' started.
Test Case '-[CondiscoTests.PackUpdateTests testUpdateOverExistingProgressKeepsCompletionCheckpointsAndReviewHistory]' passed (0.136 seconds).
Test Suite 'PackUpdateTests' passed at 2026-09-27 02:59:37.974.
	 Executed 2 tests, with 0 failures (0 unexpected) in 0.262 (0.263) seconds
Test Suite 'PairPracticeCardTests' started at 2026-09-27 02:59:37.974.
Test Case '-[CondiscoTests.PairPracticeCardTests testDialogueTurnsEmptyForStoryLesson]' started.
Test Case '-[CondiscoTests.PairPracticeCardTests testDialogueTurnsEmptyForStoryLesson]' passed (0.003 seconds).
Test Case '-[CondiscoTests.PairPracticeCardTests testDialogueTurnsReturnOrderedTwoSpeakerTurnsForConversationLesson]' started.
Test Case '-[CondiscoTests.PairPracticeCardTests testDialogueTurnsReturnOrderedTwoSpeakerTurnsForConversationLesson]' passed (0.001 seconds).
Test Case '-[CondiscoTests.PairPracticeCardTests testPairCardCaptionContainsCourseContentOnly]' started.
Test Case '-[CondiscoTests.PairPracticeCardTests testPairCardCaptionContainsCourseContentOnly]' passed (0.002 seconds).
Test Suite 'PairPracticeCardTests' passed at 2026-09-27 02:59:37.981.
	 Executed 3 tests, with 0 failures (0 unexpected) in 0.006 (0.007) seconds
Test Suite 'PhraseSourceIdsForListenAndBrowserTests' started at 2026-09-27 02:59:37.981.
Test Case '-[CondiscoTests.PhraseSourceIdsForListenAndBrowserTests testEveryListenTrackResolvesToItsPack]' started.
Test Case '-[CondiscoTests.PhraseSourceIdsForListenAndBrowserTests testEveryListenTrackResolvesToItsPack]' passed (0.005 seconds).
Test Case '-[CondiscoTests.PhraseSourceIdsForListenAndBrowserTests testListenTrackExposesFullPackAndLessonSourceIds]' started.
Test Case '-[CondiscoTests.PhraseSourceIdsForListenAndBrowserTests testListenTrackExposesFullPackAndLessonSourceIds]' passed (0.002 seconds).
Test Suite 'PhraseSourceIdsForListenAndBrowserTests' passed at 2026-09-27 02:59:37.989.
	 Executed 2 tests, with 0 failures (0 unexpected) in 0.007 (0.008) seconds
Test Suite 'PlacementTests' started at 2026-09-27 02:59:37.989.
Test Case '-[CondiscoTests.PlacementTests testBandJoining]' started.
Test Case '-[CondiscoTests.PlacementTests testBandJoining]' passed (0.002 seconds).
Test Case '-[CondiscoTests.PlacementTests testBeginnerCanOmitAccentAndApostropheInSamePhrase]' started.
Test Case '-[CondiscoTests.PlacementTests testBeginnerCanOmitAccentAndApostropheInSamePhrase]' passed (0.001 seconds).
Test Case '-[CondiscoTests.PlacementTests testBlankScoreMapsToStart]' started.
Test Case '-[CondiscoTests.PlacementTests testBlankScoreMapsToStart]' passed (0.001 seconds).
Test Case '-[CondiscoTests.PlacementTests testFirstMissThenSevenCorrectNeverPlacesAtStart]' started.
Test Case '-[CondiscoTests.PlacementTests testFirstMissThenSevenCorrectNeverPlacesAtStart]' passed (0.001 seconds).
Test Case '-[CondiscoTests.PlacementTests testMissingAccentExplainsExactCorrectionAndAllowsProgress]' started.
Test Case '-[CondiscoTests.PlacementTests testMissingAccentExplainsExactCorrectionAndAllowsProgress]' passed (0.001 seconds).
Test Case '-[CondiscoTests.PlacementTests testPerfectScoreMapsToVictoryIndex]' started.
Test Case '-[CondiscoTests.PlacementTests testPerfectScoreMapsToVictoryIndex]' passed (0.001 seconds).
Test Case '-[CondiscoTests.PlacementTests testScoreClampsOutOfRange]' started.
Test Case '-[CondiscoTests.PlacementTests testScoreClampsOutOfRange]' passed (0.001 seconds).
Test Case '-[CondiscoTests.PlacementTests testScoreNeverOutranksVictoryIndex]' started.
Test Case '-[CondiscoTests.PlacementTests testScoreNeverOutranksVictoryIndex]' passed (0.001 seconds).
Test Case '-[CondiscoTests.PlacementTests testShortMeaningChangingAccentStillNeedsExplanation]' started.
Test Case '-[CondiscoTests.PlacementTests testShortMeaningChangingAccentStillNeedsExplanation]' passed (0.001 seconds).
Test Suite 'PlacementTests' passed at 2026-09-27 02:59:38.000.
	 Executed 9 tests, with 0 failures (0 unexpected) in 0.008 (0.011) seconds
Test Suite 'PracticeProfileTests' started at 2026-09-27 02:59:38.000.
Test Case '-[CondiscoTests.PracticeProfileTests testAssistedVersusIndependentAttemptsGetDistinctCategories]' started.
Test Case '-[CondiscoTests.PracticeProfileTests testAssistedVersusIndependentAttemptsGetDistinctCategories]' passed (0.012 seconds).
Test Case '-[CondiscoTests.PracticeProfileTests testMixedOldAndNewEventsBothCountWithCorrectCategories]' started.
Test Case '-[CondiscoTests.PracticeProfileTests testMixedOldAndNewEventsBothCountWithCorrectCategories]' passed (0.016 seconds).
Test Case '-[CondiscoTests.PracticeProfileTests testOldDatabaseReplayYieldsOldProgressAndConservativeCategories]' started.
Test Case '-[CondiscoTests.PracticeProfileTests testOldDatabaseReplayYieldsOldProgressAndConservativeCategories]' passed (0.012 seconds).
Test Case '-[CondiscoTests.PracticeProfileTests testProfileProjectionMixedSkillSpanishFixture]' started.
Test Case '-[CondiscoTests.PracticeProfileTests testProfileProjectionMixedSkillSpanishFixture]' passed (0.019 seconds).
Test Case '-[CondiscoTests.PracticeProfileTests testRecalledLaterRequiresFullDayGap]' started.
Test Case '-[CondiscoTests.PracticeProfileTests testRecalledLaterRequiresFullDayGap]' passed (0.014 seconds).
Test Suite 'PracticeProfileTests' passed at 2026-09-27 02:59:38.075.
	 Executed 5 tests, with 0 failures (0 unexpected) in 0.073 (0.075) seconds
Test Suite 'RecallWarmUpTests' started at 2026-09-27 02:59:38.076.
Test Case '-[CondiscoTests.RecallWarmUpTests testCapOfTwoKeepsOnlyTheTwoOldest]' started.
Test Case '-[CondiscoTests.RecallWarmUpTests testCapOfTwoKeepsOnlyTheTwoOldest]' passed (0.002 seconds).
Test Case '-[CondiscoTests.RecallWarmUpTests testCurrentLessonMissingFromPackYieldsNothing]' started.
Test Case '-[CondiscoTests.RecallWarmUpTests testCurrentLessonMissingFromPackYieldsNothing]' passed (0.001 seconds).
Test Suite 'RecallWarmUpTests' passed at 2026-09-27 02:59:38.079.
	 Executed 2 tests, with 0 failures (0 unexpected) in 0.002 (0.003) seconds
Test Suite 'RecapPhraseSaveTests' started at 2026-09-27 02:59:38.079.
Test Case '-[CondiscoTests.RecapPhraseSaveTests testEveryLessonRecapSaveCarriesNonEmptySourceIds]' started.
Test Case '-[CondiscoTests.RecapPhraseSaveTests testEveryLessonRecapSaveCarriesNonEmptySourceIds]' passed (0.001 seconds).
Test Case '-[CondiscoTests.RecapPhraseSaveTests testRecapSaveCarriesPackAndLessonSourceIds]' started.
Test Case '-[CondiscoTests.RecapPhraseSaveTests testRecapSaveCarriesPackAndLessonSourceIds]' passed (0.000 seconds).
Test Case '-[CondiscoTests.RecapPhraseSaveTests testStoredPhraseCarriesTheRecapSourceIds]' started.
Test Case '-[CondiscoTests.RecapPhraseSaveTests testStoredPhraseCarriesTheRecapSourceIds]' passed (0.000 seconds).
Test Suite 'RecapPhraseSaveTests' passed at 2026-09-27 02:59:38.081.
	 Executed 3 tests, with 0 failures (0 unexpected) in 0.002 (0.003) seconds
Test Suite 'RecapSplitTests' started at 2026-09-27 02:59:38.082.
Test Case '-[CondiscoTests.RecapSplitTests testFreshSplitStartsAtZero]' started.
Test Case '-[CondiscoTests.RecapSplitTests testFreshSplitStartsAtZero]' passed (0.002 seconds).
Test Case '-[CondiscoTests.RecapSplitTests testOneStepSubmittedThreeTimesCountsOnce]' started.
Test Case '-[CondiscoTests.RecapSplitTests testOneStepSubmittedThreeTimesCountsOnce]' passed (0.000 seconds).
Test Case '-[CondiscoTests.RecapSplitTests testRetriedTroubleSpotStaysWithHelp]' started.
Test Case '-[CondiscoTests.RecapSplitTests testRetriedTroubleSpotStaysWithHelp]' passed (0.001 seconds).
Test Case '-[CondiscoTests.RecapSplitTests testTwoStepsEachSubmittedOnce]' started.
Test Case '-[CondiscoTests.RecapSplitTests testTwoStepsEachSubmittedOnce]' passed (0.000 seconds).
Test Case '-[CondiscoTests.RecapSplitTests testUngradedAndBlockedExcluded]' started.
Test Case '-[CondiscoTests.RecapSplitTests testUngradedAndBlockedExcluded]' passed (0.000 seconds).
Test Suite 'RecapSplitTests' passed at 2026-09-27 02:59:38.087.
	 Executed 5 tests, with 0 failures (0 unexpected) in 0.003 (0.005) seconds
Test Suite 'ReviewCatalogProjectionTests' started at 2026-09-27 02:59:38.087.
Test Case '-[CondiscoTests.ReviewCatalogProjectionTests testFreshAttemptIsNotDueUntilItsSchedule]' started.
Test Case '-[CondiscoTests.ReviewCatalogProjectionTests testFreshAttemptIsNotDueUntilItsSchedule]' passed (0.011 seconds).
Test Case '-[CondiscoTests.ReviewCatalogProjectionTests testLoadDueMatchesProjectionExactly]' started.
Test Case '-[CondiscoTests.ReviewCatalogProjectionTests testLoadDueMatchesProjectionExactly]' passed (0.012 seconds).
Test Suite 'ReviewCatalogProjectionTests' passed at 2026-09-27 02:59:38.111.
	 Executed 2 tests, with 0 failures (0 unexpected) in 0.023 (0.024) seconds
Test Suite 'ReviewCueRotationTests' started at 2026-09-27 02:59:38.111.
Test Case '-[CondiscoTests.ReviewCueRotationTests testDueLoadRotatesCuesWhileSchedulingStaysFSRS]' started.
Test Case '-[CondiscoTests.ReviewCueRotationTests testDueLoadRotatesCuesWhileSchedulingStaysFSRS]' passed (0.018 seconds).
Test Case '-[CondiscoTests.ReviewCueRotationTests testMultiCueKeyCoversAllVariantsBeforeRepeating]' started.
Test Case '-[CondiscoTests.ReviewCueRotationTests testMultiCueKeyCoversAllVariantsBeforeRepeating]' passed (0.002 seconds).
Test Case '-[CondiscoTests.ReviewCueRotationTests testRotatedCueIdenticalInFocusAndAllScopes]' started.
Test Case '-[CondiscoTests.ReviewCueRotationTests testRotatedCueIdenticalInFocusAndAllScopes]' passed (0.053 seconds).
Test Case '-[CondiscoTests.ReviewCueRotationTests testSingleCueKeyAlwaysShowsTheOneAuthoredCue]' started.
Test Case '-[CondiscoTests.ReviewCueRotationTests testSingleCueKeyAlwaysShowsTheOneAuthoredCue]' passed (0.002 seconds).
Test Case '-[CondiscoTests.ReviewCueRotationTests testTrickyPassCueRotatesOnAttemptCount]' started.
Test Case '-[CondiscoTests.ReviewCueRotationTests testTrickyPassCueRotatesOnAttemptCount]' passed (0.011 seconds).
Test Suite 'ReviewCueRotationTests' passed at 2026-09-27 02:59:38.199.
	 Executed 5 tests, with 0 failures (0 unexpected) in 0.085 (0.088) seconds
Test Suite 'ReviewScopeTests' started at 2026-09-27 02:59:38.200.
Test Case '-[CondiscoTests.ReviewScopeTests testFocusScopeWithNoDueCardsShowsHonestEmptyQueue]' started.
Test Case '-[CondiscoTests.ReviewScopeTests testFocusScopeWithNoDueCardsShowsHonestEmptyQueue]' passed (0.014 seconds).
Test Case '-[CondiscoTests.ReviewScopeTests testHomeInvitationEntryResetsNarrowedScopeToAllCourses]' started.
Test Case '-[CondiscoTests.ReviewScopeTests testHomeInvitationEntryResetsNarrowedScopeToAllCourses]' passed (0.016 seconds).
Test Case '-[CondiscoTests.ReviewScopeTests testMixedDueQueueAllShowsBothPacksFocusShowsOnlyFocus]' started.
Test Case '-[CondiscoTests.ReviewScopeTests testMixedDueQueueAllShowsBothPacksFocusShowsOnlyFocus]' passed (0.016 seconds).
Test Case '-[CondiscoTests.ReviewScopeTests testSwitchingScopeMidVisitUpdatesCountsBothDirections]' started.
Test Case '-[CondiscoTests.ReviewScopeTests testSwitchingScopeMidVisitUpdatesCountsBothDirections]' passed (0.017 seconds).
Test Case '-[CondiscoTests.ReviewScopeTests testVerdictInFocusScopeUpdatesOnlyFocusPackDueState]' started.
Test Case '-[CondiscoTests.ReviewScopeTests testVerdictInFocusScopeUpdatesOnlyFocusPackDueState]' passed (0.010 seconds).
Test Case '-[CondiscoTests.ReviewScopeTests testVerdictRecordsThroughExistingEventLogWithFsrsReschedule]' started.
Test Case '-[CondiscoTests.ReviewScopeTests testVerdictRecordsThroughExistingEventLogWithFsrsReschedule]' passed (0.009 seconds).
Test Suite 'ReviewScopeTests' passed at 2026-09-27 02:59:38.284.
	 Executed 6 tests, with 0 failures (0 unexpected) in 0.081 (0.084) seconds
Test Suite 'ReviewSessionLengthTests' started at 2026-09-27 02:59:38.284.
Test Case '-[CondiscoTests.ReviewSessionLengthTests testDeepLinkRequestsEverythingDue]' started.
Test Case '-[CondiscoTests.ReviewSessionLengthTests testDeepLinkRequestsEverythingDue]' passed (0.001 seconds).
Test Case '-[CondiscoTests.ReviewSessionLengthTests testHomeInvitationAlwaysPreselectsFive]' started.
Test Case '-[CondiscoTests.ReviewSessionLengthTests testHomeInvitationAlwaysPreselectsFive]' passed (0.000 seconds).
Test Case '-[CondiscoTests.ReviewSessionLengthTests testTabEntryKeepsCurrentChoice]' started.
Test Case '-[CondiscoTests.ReviewSessionLengthTests testTabEntryKeepsCurrentChoice]' passed (0.000 seconds).
Test Suite 'ReviewSessionLengthTests' passed at 2026-09-27 02:59:38.286.
	 Executed 3 tests, with 0 failures (0 unexpected) in 0.002 (0.003) seconds
Test Suite 'ScenarioLoopTests' started at 2026-09-27 02:59:38.287.
Test Case '-[CondiscoTests.ScenarioLoopTests testListenVoiceDescriptorIsLabeledSynthesized]' started.
Test Case '-[CondiscoTests.ScenarioLoopTests testListenVoiceDescriptorIsLabeledSynthesized]' passed (0.000 seconds).
Test Case '-[CondiscoTests.ScenarioLoopTests testScenarioLoopHasNoScoreState]' started.
Test Case '-[CondiscoTests.ScenarioLoopTests testScenarioLoopHasNoScoreState]' passed (0.002 seconds).
Test Case '-[CondiscoTests.ScenarioLoopTests testScenarioLoopSkipsSpeakWhenMicUnavailable]' started.
Test Case '-[CondiscoTests.ScenarioLoopTests testScenarioLoopSkipsSpeakWhenMicUnavailable]' passed (0.001 seconds).
Test Case '-[CondiscoTests.ScenarioLoopTests testScenarioLoopTransitionsThroughAllSteps]' started.
Test Case '-[CondiscoTests.ScenarioLoopTests testScenarioLoopTransitionsThroughAllSteps]' passed (0.001 seconds).
Test Case '-[CondiscoTests.ScenarioLoopTests testScenarioSectionsEligibilityAndOrder]' started.
Test Case '-[CondiscoTests.ScenarioLoopTests testScenarioSectionsEligibilityAndOrder]' passed (0.001 seconds).
Test Case '-[CondiscoTests.ScenarioLoopTests testScenarioStepRateMatchesTransportSlowRate]' started.
Test Case '-[CondiscoTests.ScenarioLoopTests testScenarioStepRateMatchesTransportSlowRate]' passed (0.001 seconds).
Test Case '-[CondiscoTests.ScenarioLoopTests testScenarioStepRatePinsModelStepToSlowRate]' started.
Test Case '-[CondiscoTests.ScenarioLoopTests testScenarioStepRatePinsModelStepToSlowRate]' passed (0.001 seconds).
Test Case '-[CondiscoTests.ScenarioLoopTests testSectionEndFinalEligibleSectionRunsToDeclaredDuration]' started.
Test Case '-[CondiscoTests.ScenarioLoopTests testSectionEndFinalEligibleSectionRunsToDeclaredDuration]' passed (0.001 seconds).
Test Case '-[CondiscoTests.ScenarioLoopTests testSectionEndUsesNextTranscriptBoundaryOrTrackDuration]' started.
Test Case '-[CondiscoTests.ScenarioLoopTests testSectionEndUsesNextTranscriptBoundaryOrTrackDuration]' passed (0.001 seconds).
Test Case '-[CondiscoTests.ScenarioLoopTests testUntargetedSectionsAreSkippedAndStillBoundThePriorWindow]' started.
Test Case '-[CondiscoTests.ScenarioLoopTests testUntargetedSectionsAreSkippedAndStillBoundThePriorWindow]' passed (0.001 seconds).
Test Suite 'ScenarioLoopTests' passed at 2026-09-27 02:59:38.299.
	 Executed 10 tests, with 0 failures (0 unexpected) in 0.009 (0.012) seconds
Test Suite 'SimulatorPerformanceProbeTests' started at 2026-09-27 02:59:38.299.
Test Case '-[CondiscoTests.SimulatorPerformanceProbeTests testProbeLessonStepTransitionWallClock]' started.
/Users/spkoehl/Projects/VerbaLibera/Condisco/Tests/StoreTests.swift:2712: Test Case '-[CondiscoTests.SimulatorPerformanceProbeTests testProbeLessonStepTransitionWallClock]' measured [Clock Monotonic Time, s] average: 0.003, relative standard deviation: 11.685%, values: [0.002636, 0.003067, 0.003033, 0.002333, 0.002369], performanceMetricID:com.apple.dt.XCTMetric_Clock.time.monotonic, baselineName: "", baselineAverage: , polarity: prefers smaller, maxPercentRegression: 10.000%, maxPercentRelativeStandardDeviation: 10.000%, maxRegression: 0.000, maxStandardDeviation: 0.000
Test Case '-[CondiscoTests.SimulatorPerformanceProbeTests testProbeLessonStepTransitionWallClock]' passed (0.569 seconds).
Test Case '-[CondiscoTests.SimulatorPerformanceProbeTests testProbeReviewCardFlipWallClock]' started.
/Users/spkoehl/Projects/VerbaLibera/Condisco/Tests/StoreTests.swift:2745: Test Case '-[CondiscoTests.SimulatorPerformanceProbeTests testProbeReviewCardFlipWallClock]' measured [Clock Monotonic Time, s] average: 0.002, relative standard deviation: 13.747%, values: [0.002255, 0.001962, 0.002063, 0.001940, 0.002756], performanceMetricID:com.apple.dt.XCTMetric_Clock.time.monotonic, baselineName: "", baselineAverage: , polarity: prefers smaller, maxPercentRegression: 10.000%, maxPercentRelativeStandardDeviation: 10.000%, maxRegression: 0.000, maxStandardDeviation: 0.000
Test Case '-[CondiscoTests.SimulatorPerformanceProbeTests testProbeReviewCardFlipWallClock]' passed (0.034 seconds).
Test Suite 'SimulatorPerformanceProbeTests' passed at 2026-09-27 02:59:38.903.
	 Executed 2 tests, with 0 failures (0 unexpected) in 0.603 (0.604) seconds
Test Suite 'SustainedExperienceTests' started at 2026-09-27 02:59:38.903.
Test Case '-[CondiscoTests.SustainedExperienceTests testDialogueClarificationAndRecoveryRoutesEndExplicitly]' started.
Test Case '-[CondiscoTests.SustainedExperienceTests testDialogueClarificationAndRecoveryRoutesEndExplicitly]' passed (0.003 seconds).
Test Case '-[CondiscoTests.SustainedExperienceTests testDialogueExchangesAreAuthoredAsApproved]' started.
Test Case '-[CondiscoTests.SustainedExperienceTests testDialogueExchangesAreAuthoredAsApproved]' passed (0.027 seconds).
Test Case '-[CondiscoTests.SustainedExperienceTests testDialogueGraphReachabilityAndNoDeadEnds]' started.
Test Case '-[CondiscoTests.SustainedExperienceTests testDialogueGraphReachabilityAndNoDeadEnds]' passed (0.026 seconds).
Test Case '-[CondiscoTests.SustainedExperienceTests testDialogueWordingIsUnseenAcrossThePack]' started.
Test Case '-[CondiscoTests.SustainedExperienceTests testDialogueWordingIsUnseenAcrossThePack]' passed (0.016 seconds).
Test Case '-[CondiscoTests.SustainedExperienceTests testEveryDialoguePathHasThreeOrMoreTurnsAndAnExplicitEnd]' started.
Test Case '-[CondiscoTests.SustainedExperienceTests testEveryDialoguePathHasThreeOrMoreTurnsAndAnExplicitEnd]' passed (0.003 seconds).
Test Case '-[CondiscoTests.SustainedExperienceTests testGlossarySaveToReviewWritesThroughThePhrasebookAPI]' started.
Test Case '-[CondiscoTests.SustainedExperienceTests testGlossarySaveToReviewWritesThroughThePhrasebookAPI]' passed (0.006 seconds).
Test Case '-[CondiscoTests.SustainedExperienceTests testHostedDialoguesBindToOneLessonEach]' started.
Test Case '-[CondiscoTests.SustainedExperienceTests testHostedDialoguesBindToOneLessonEach]' passed (0.045 seconds).
Test Case '-[CondiscoTests.SustainedExperienceTests testMissingVoiceRecordingReportsAbsentDeclaredVoicesOnce]' started.
Test Case '-[CondiscoTests.SustainedExperienceTests testMissingVoiceRecordingReportsAbsentDeclaredVoicesOnce]' passed (0.003 seconds).
Test Case '-[CondiscoTests.SustainedExperienceTests testOpenTasksAreAuthoredAsApproved]' started.
Test Case '-[CondiscoTests.SustainedExperienceTests testOpenTasksAreAuthoredAsApproved]' passed (0.002 seconds).
Test Case '-[CondiscoTests.SustainedExperienceTests testOpenTasksAreHostedOnTheLessonTrail]' started.
Test Case '-[CondiscoTests.SustainedExperienceTests testOpenTasksAreHostedOnTheLessonTrail]' passed (0.021 seconds).
Test Case '-[CondiscoTests.SustainedExperienceTests testPackWithoutDialogueFieldsStillLoadsUnchanged]' started.
Test Case '-[CondiscoTests.SustainedExperienceTests testPackWithoutDialogueFieldsStillLoadsUnchanged]' passed (0.089 seconds).
Test Case '-[CondiscoTests.SustainedExperienceTests testPackWithoutOpenTasksStillLoadsUnchanged]' started.
Test Case '-[CondiscoTests.SustainedExperienceTests testPackWithoutOpenTasksStillLoadsUnchanged]' passed (0.109 seconds).
Test Case '-[CondiscoTests.SustainedExperienceTests testSustainedCopyHasNoLevelOrProficiencyClaims]' started.
Test Case '-[CondiscoTests.SustainedExperienceTests testSustainedCopyHasNoLevelOrProficiencyClaims]' passed (0.003 seconds).
Test Case '-[CondiscoTests.SustainedExperienceTests testSustainedLaunchStepsAreInformationStepsWithResolvableMaterial]' started.
Test Case '-[CondiscoTests.SustainedExperienceTests testSustainedLaunchStepsAreInformationStepsWithResolvableMaterial]' passed (0.060 seconds).
Test Case '-[CondiscoTests.SustainedExperienceTests testSustainedQuestionGradingAcceptsOnlyTheAcceptedOption]' started.
Test Case '-[CondiscoTests.SustainedExperienceTests testSustainedQuestionGradingAcceptsOnlyTheAcceptedOption]' passed (0.002 seconds).
Test Case '-[CondiscoTests.SustainedExperienceTests testSustainedQuestionResultsExistOnlyAfterSubmission]' started.
Test Case '-[CondiscoTests.SustainedExperienceTests testSustainedQuestionResultsExistOnlyAfterSubmission]' passed (0.001 seconds).
Test Case '-[CondiscoTests.SustainedExperienceTests testSustainedQuestionResultsKeepAuthoredOrder]' started.
Test Case '-[CondiscoTests.SustainedExperienceTests testSustainedQuestionResultsKeepAuthoredOrder]' passed (0.001 seconds).
Test Case '-[CondiscoTests.SustainedExperienceTests testTranscriptExplicitRevealIsDeliberateAndImmediate]' started.
Test Case '-[CondiscoTests.SustainedExperienceTests testTranscriptExplicitRevealIsDeliberateAndImmediate]' passed (0.001 seconds).
Test Case '-[CondiscoTests.SustainedExperienceTests testTranscriptStateIgnoresOutOfRangeSections]' started.
Test Case '-[CondiscoTests.SustainedExperienceTests testTranscriptStateIgnoresOutOfRangeSections]' passed (0.001 seconds).
Test Case '-[CondiscoTests.SustainedExperienceTests testTranscriptStaysHiddenThroughTheFirstPass]' started.
Test Case '-[CondiscoTests.SustainedExperienceTests testTranscriptStaysHiddenThroughTheFirstPass]' passed (0.001 seconds).
Test Case '-[CondiscoTests.SustainedExperienceTests testVoiceResolutionFallsBackToAnyInstalledLanguageVoice]' started.
Test Case '-[CondiscoTests.SustainedExperienceTests testVoiceResolutionFallsBackToAnyInstalledLanguageVoice]' passed (0.001 seconds).
Test Case '-[CondiscoTests.SustainedExperienceTests testVoiceResolutionPrefersTheDeclaredVoice]' started.
Test Case '-[CondiscoTests.SustainedExperienceTests testVoiceResolutionPrefersTheDeclaredVoice]' passed (0.001 seconds).
Test Case '-[CondiscoTests.SustainedExperienceTests testVoiceResolutionWithNoInstalledLanguageVoiceResolvesNil]' started.
Test Case '-[CondiscoTests.SustainedExperienceTests testVoiceResolutionWithNoInstalledLanguageVoiceResolvesNil]' passed (0.001 seconds).
Test Suite 'SustainedExperienceTests' passed at 2026-09-27 02:59:39.335.
	 Executed 23 tests, with 0 failures (0 unexpected) in 0.424 (0.432) seconds
Test Suite 'TodayPlanTests' started at 2026-09-27 02:59:39.336.
Test Case '-[CondiscoTests.TodayPlanTests testFallsBackToListenThenRest]' started.
Test Case '-[CondiscoTests.TodayPlanTests testFallsBackToListenThenRest]' passed (0.003 seconds).
Test Case '-[CondiscoTests.TodayPlanTests testFreshLearnerWithNoProgressLeadsToLesson]' started.
Test Case '-[CondiscoTests.TodayPlanTests testFreshLearnerWithNoProgressLeadsToLesson]' passed (0.001 seconds).
Test Case '-[CondiscoTests.TodayPlanTests testNoResumeNoLessonWithDueReviewsLeadsToReviewPrimary]' started.
Test Case '-[CondiscoTests.TodayPlanTests testNoResumeNoLessonWithDueReviewsLeadsToReviewPrimary]' passed (0.001 seconds).
Test Case '-[CondiscoTests.TodayPlanTests testNoResumeThenNextLessonWinsOverDueReviews]' started.
Test Case '-[CondiscoTests.TodayPlanTests testNoResumeThenNextLessonWinsOverDueReviews]' passed (0.001 seconds).
Test Case '-[CondiscoTests.TodayPlanTests testPathCompleteWithReviewsDueLeadsToReview]' started.
Test Case '-[CondiscoTests.TodayPlanTests testPathCompleteWithReviewsDueLeadsToReview]' passed (0.001 seconds).
Test Case '-[CondiscoTests.TodayPlanTests testResumeWinsOverLessonAndReviewsStillCarriesDueCount]' started.
Test Case '-[CondiscoTests.TodayPlanTests testResumeWinsOverLessonAndReviewsStillCarriesDueCount]' passed (0.001 seconds).
Test Suite 'TodayPlanTests' passed at 2026-09-27 02:59:39.346.
	 Executed 6 tests, with 0 failures (0 unexpected) in 0.008 (0.010) seconds
Test Suite 'YouPhraseEvidenceTests' started at 2026-09-27 02:59:39.346.
Test Case '-[CondiscoTests.YouPhraseEvidenceTests testAssistedOnlyTypedWorkIsWithHintsNotBuilt]' started.
Test Case '-[CondiscoTests.YouPhraseEvidenceTests testAssistedOnlyTypedWorkIsWithHintsNotBuilt]' passed (0.006 seconds).
Test Case '-[CondiscoTests.YouPhraseEvidenceTests testHintsOnOtherTriesStillAllowIndependentProduction]' started.
Test Case '-[CondiscoTests.YouPhraseEvidenceTests testHintsOnOtherTriesStillAllowIndependentProduction]' passed (0.003 seconds).
Test Case '-[CondiscoTests.YouPhraseEvidenceTests testIndependentClozeSuccessLandsInBuilt]' started.
Test Case '-[CondiscoTests.YouPhraseEvidenceTests testIndependentClozeSuccessLandsInBuilt]' passed (0.002 seconds).
Test Case '-[CondiscoTests.YouPhraseEvidenceTests testIndependentTypedSuccessLandsInBuilt]' started.
Test Case '-[CondiscoTests.YouPhraseEvidenceTests testIndependentTypedSuccessLandsInBuilt]' passed (0.005 seconds).
Test Case '-[CondiscoTests.YouPhraseEvidenceTests testKnownMarkAddsNothingAlongsideRealAttempts]' started.
Test Case '-[CondiscoTests.YouPhraseEvidenceTests testKnownMarkAddsNothingAlongsideRealAttempts]' passed (0.003 seconds).
Test Case '-[CondiscoTests.YouPhraseEvidenceTests testKnownMarkAloneBuildsNoGroups]' started.
Test Case '-[CondiscoTests.YouPhraseEvidenceTests testKnownMarkAloneBuildsNoGroups]' passed (0.002 seconds).
Test Case '-[CondiscoTests.YouPhraseEvidenceTests testLabelsArePlainAndNeverClaimSpeech]' started.
Test Case '-[CondiscoTests.YouPhraseEvidenceTests testLabelsArePlainAndNeverClaimSpeech]' passed (0.001 seconds).
Test Case '-[CondiscoTests.YouPhraseEvidenceTests testRecognitionSuccessLandsInRecognizedNotBuilt]' started.
Test Case '-[CondiscoTests.YouPhraseEvidenceTests testRecognitionSuccessLandsInRecognizedNotBuilt]' passed (0.002 seconds).
Test Case '-[CondiscoTests.YouPhraseEvidenceTests testSelfCompareLandsOnlyInSpeakingPractice]' started.
Test Case '-[CondiscoTests.YouPhraseEvidenceTests testSelfCompareLandsOnlyInSpeakingPractice]' passed (0.002 seconds).
Test Case '-[CondiscoTests.YouPhraseEvidenceTests testStaleRevisionAttemptDoesNotFeedGroups]' started.
Test Case '-[CondiscoTests.YouPhraseEvidenceTests testStaleRevisionAttemptDoesNotFeedGroups]' passed (0.002 seconds).
Test Suite 'YouPhraseEvidenceTests' passed at 2026-09-27 02:59:39.377.
	 Executed 10 tests, with 0 failures (0 unexpected) in 0.027 (0.031) seconds
Test Suite 'CondiscoTests.xctest' passed at 2026-09-27 02:59:39.377.
	 Executed 519 tests, with 0 failures (0 unexpected) in 5.246 (5.905) seconds
Test Suite 'All tests' passed at 2026-09-27 02:59:39.378.
	 Executed 519 tests, with 0 failures (0 unexpected) in 5.246 (5.914) seconds
2026-09-27 02:59:40.088 xcodebuild[76922:2023000] [MT] IDETestOperationsObserverDebug: 112.635 elapsed -- Testing started completed.
2026-09-27 02:59:40.088 xcodebuild[76922:2023000] [MT] IDETestOperationsObserverDebug: 0.000 sec, +0.000 sec -- start
2026-09-27 02:59:40.088 xcodebuild[76922:2023000] [MT] IDETestOperationsObserverDebug: 112.635 sec, +112.635 sec -- end

Test session results, code coverage, and logs:
	/var/folders/3w/91hphlzs0rv_1twbkfyhvn6m0000gn/T/condisco-preflight.ngRWOC/DerivedData/Logs/Test/Test-Condisco-2026.09.27_02-57-20--0700.xcresult

** TEST SUCCEEDED **

Testing started
PASS unit tests (CondiscoTests)

== Step 6/6  UI smoke  (CondiscoUITests — --with-ui requested) ==
Command line invocation:
    /Applications/Xcode.app/Contents/Developer/usr/bin/xcodebuild test -project Condisco.xcodeproj -scheme Condisco -destination "platform=iOS Simulator,name=iPhone 18 Pro" "-only-testing:CondiscoUITests" -derivedDataPath /var/folders/3w/91hphlzs0rv_1twbkfyhvn6m0000gn/T//condisco-preflight.ngRWOC/DerivedData ONLY_ACTIVE_ARCH=YES

Build settings from command line:
    ONLY_ACTIVE_ARCH = YES

ComputePackagePrebuildTargetDependencyGraph

Prepare packages

CreateBuildRequest

SendProjectDescription

CreateBuildOperation

ComputeTargetDependencyGraph
note: Building targets in dependency order
note: Target dependency graph (4 targets)
    Target 'CondiscoUITests' in project 'Condisco'
        ➜ Explicit dependency on target 'Condisco' in project 'Condisco'
    Target 'CondiscoTests' in project 'Condisco'
        ➜ Explicit dependency on target 'Condisco' in project 'Condisco'
    Target 'Condisco' in project 'Condisco'
        ➜ Explicit dependency on target 'CondiscoWidget' in project 'Condisco'
    Target 'CondiscoWidget' in project 'Condisco' (no dependencies)

GatherProvisioningInputs

CreateBuildDescription

ClangStatCache /Applications/Xcode.app/Contents/Developer/Toolchains/XcodeDefault.xctoolchain/usr/bin/clang-stat-cache /Applications/Xcode.app/Contents/Developer/Platforms/iPhoneSimulator.platform/Developer/SDKs/iPhoneSimulator27.0.sdk /var/folders/3w/91hphlzs0rv_1twbkfyhvn6m0000gn/T/condisco-preflight.ngRWOC/DerivedData/SDKStatCaches.noindex/iphonesimulator27.0-24A430-8dc58220667be655e1bcc261a7455254.sdkstatcache
    cd /Users/spkoehl/Projects/VerbaLibera/Condisco.xcodeproj
    /Applications/Xcode.app/Contents/Developer/Toolchains/XcodeDefault.xctoolchain/usr/bin/clang-stat-cache /Applications/Xcode.app/Contents/Developer/Platforms/iPhoneSimulator.platform/Developer/SDKs/iPhoneSimulator27.0.sdk -o /var/folders/3w/91hphlzs0rv_1twbkfyhvn6m0000gn/T/condisco-preflight.ngRWOC/DerivedData/SDKStatCaches.noindex/iphonesimulator27.0-24A430-8dc58220667be655e1bcc261a7455254.sdkstatcache

Copy /var/folders/3w/91hphlzs0rv_1twbkfyhvn6m0000gn/T/condisco-preflight.ngRWOC/DerivedData/Build/Products/Debug-iphonesimulator/Condisco.app/PlugIns/CondiscoWidget.appex /var/folders/3w/91hphlzs0rv_1twbkfyhvn6m0000gn/T/condisco-preflight.ngRWOC/DerivedData/Build/Products/Debug-iphonesimulator/CondiscoWidget.appex (in target 'Condisco' from project 'Condisco')
    cd /Users/spkoehl/Projects/VerbaLibera
    builtin-copy -exclude .DS_Store -exclude CVS -exclude .svn -exclude .git -exclude .hg -resolve-src-symlinks -remove-static-executable /var/folders/3w/91hphlzs0rv_1twbkfyhvn6m0000gn/T/condisco-preflight.ngRWOC/DerivedData/Build/Products/Debug-iphonesimulator/CondiscoWidget.appex /var/folders/3w/91hphlzs0rv_1twbkfyhvn6m0000gn/T/condisco-preflight.ngRWOC/DerivedData/Build/Products/Debug-iphonesimulator/Condisco.app/PlugIns

ProcessInfoPlistFile /var/folders/3w/91hphlzs0rv_1twbkfyhvn6m0000gn/T/condisco-preflight.ngRWOC/DerivedData/Build/Products/Debug-iphonesimulator/Condisco.app/Info.plist /Users/spkoehl/Projects/VerbaLibera/Condisco/Info.plist (in target 'Condisco' from project 'Condisco')
    cd /Users/spkoehl/Projects/VerbaLibera
    builtin-infoPlistUtility /Users/spkoehl/Projects/VerbaLibera/Condisco/Info.plist -producttype com.apple.product-type.application -genpkginfo /var/folders/3w/91hphlzs0rv_1twbkfyhvn6m0000gn/T/condisco-preflight.ngRWOC/DerivedData/Build/Products/Debug-iphonesimulator/Condisco.app/PkgInfo -expandbuildsettings -format binary -platform iphonesimulator -additionalcontentfile /var/folders/3w/91hphlzs0rv_1twbkfyhvn6m0000gn/T/condisco-preflight.ngRWOC/DerivedData/Build/Intermediates.noindex/Condisco.build/Debug-iphonesimulator/Condisco.build/assetcatalog_generated_info.plist -scanforprivacyfile /var/folders/3w/91hphlzs0rv_1twbkfyhvn6m0000gn/T/condisco-preflight.ngRWOC/DerivedData/Build/Products/Debug-iphonesimulator/Condisco.app/PlugIns/CondiscoWidget.appex -o /var/folders/3w/91hphlzs0rv_1twbkfyhvn6m0000gn/T/condisco-preflight.ngRWOC/DerivedData/Build/Products/Debug-iphonesimulator/Condisco.app/Info.plist

CopySwiftLibs /var/folders/3w/91hphlzs0rv_1twbkfyhvn6m0000gn/T/condisco-preflight.ngRWOC/DerivedData/Build/Products/Debug-iphonesimulator/Condisco.app (in target 'Condisco' from project 'Condisco')
    cd /Users/spkoehl/Projects/VerbaLibera
    builtin-swiftStdLibTool --copy --verbose --sign - --scan-executable /var/folders/3w/91hphlzs0rv_1twbkfyhvn6m0000gn/T/condisco-preflight.ngRWOC/DerivedData/Build/Products/Debug-iphonesimulator/Condisco.app/Condisco.debug.dylib --scan-folder /var/folders/3w/91hphlzs0rv_1twbkfyhvn6m0000gn/T/condisco-preflight.ngRWOC/DerivedData/Build/Products/Debug-iphonesimulator/Condisco.app/Frameworks --scan-folder /var/folders/3w/91hphlzs0rv_1twbkfyhvn6m0000gn/T/condisco-preflight.ngRWOC/DerivedData/Build/Products/Debug-iphonesimulator/Condisco.app/PlugIns --scan-folder /var/folders/3w/91hphlzs0rv_1twbkfyhvn6m0000gn/T/condisco-preflight.ngRWOC/DerivedData/Build/Products/Debug-iphonesimulator/Condisco.app/SystemExtensions --scan-folder /var/folders/3w/91hphlzs0rv_1twbkfyhvn6m0000gn/T/condisco-preflight.ngRWOC/DerivedData/Build/Products/Debug-iphonesimulator/Condisco.app/Extensions --platform iphonesimulator --toolchain /Applications/Xcode.app/Contents/Developer/Toolchains/XcodeDefault.xctoolchain --destination /var/folders/3w/91hphlzs0rv_1twbkfyhvn6m0000gn/T/condisco-preflight.ngRWOC/DerivedData/Build/Products/Debug-iphonesimulator/Condisco.app/Frameworks --strip-bitcode --strip-bitcode-tool /Applications/Xcode.app/Contents/Developer/Toolchains/XcodeDefault.xctoolchain/usr/bin/bitcode_strip --emit-dependency-info /var/folders/3w/91hphlzs0rv_1twbkfyhvn6m0000gn/T/condisco-preflight.ngRWOC/DerivedData/Build/Intermediates.noindex/Condisco.build/Debug-iphonesimulator/Condisco.build/SwiftStdLibToolInputDependencies.dep --filter-for-swift-os

CodeSign /var/folders/3w/91hphlzs0rv_1twbkfyhvn6m0000gn/T/condisco-preflight.ngRWOC/DerivedData/Build/Products/Debug-iphonesimulator/Condisco.app/Condisco.debug.dylib (in target 'Condisco' from project 'Condisco')
    cd /Users/spkoehl/Projects/VerbaLibera
    
    Signing Identity:     "Sign to Run Locally"
    
    /usr/bin/codesign --force --sign - --timestamp\=none --generate-entitlement-der /var/folders/3w/91hphlzs0rv_1twbkfyhvn6m0000gn/T/condisco-preflight.ngRWOC/DerivedData/Build/Products/Debug-iphonesimulator/Condisco.app/Condisco.debug.dylib
/var/folders/3w/91hphlzs0rv_1twbkfyhvn6m0000gn/T/condisco-preflight.ngRWOC/DerivedData/Build/Products/Debug-iphonesimulator/Condisco.app/Condisco.debug.dylib: replacing existing signature

CodeSign /var/folders/3w/91hphlzs0rv_1twbkfyhvn6m0000gn/T/condisco-preflight.ngRWOC/DerivedData/Build/Products/Debug-iphonesimulator/Condisco.app/__preview.dylib (in target 'Condisco' from project 'Condisco')
    cd /Users/spkoehl/Projects/VerbaLibera
    
    Signing Identity:     "Sign to Run Locally"
    
    /usr/bin/codesign --force --sign - --timestamp\=none --generate-entitlement-der /var/folders/3w/91hphlzs0rv_1twbkfyhvn6m0000gn/T/condisco-preflight.ngRWOC/DerivedData/Build/Products/Debug-iphonesimulator/Condisco.app/__preview.dylib
/var/folders/3w/91hphlzs0rv_1twbkfyhvn6m0000gn/T/condisco-preflight.ngRWOC/DerivedData/Build/Products/Debug-iphonesimulator/Condisco.app/__preview.dylib: replacing existing signature

CodeSign /var/folders/3w/91hphlzs0rv_1twbkfyhvn6m0000gn/T/condisco-preflight.ngRWOC/DerivedData/Build/Products/Debug-iphonesimulator/Condisco.app (in target 'Condisco' from project 'Condisco')
    cd /Users/spkoehl/Projects/VerbaLibera
    
    Signing Identity:     "Sign to Run Locally"
    
    /usr/bin/codesign --force --sign - --entitlements /var/folders/3w/91hphlzs0rv_1twbkfyhvn6m0000gn/T/condisco-preflight.ngRWOC/DerivedData/Build/Intermediates.noindex/Condisco.build/Debug-iphonesimulator/Condisco.build/Condisco.app.xcent --timestamp\=none --generate-entitlement-der /var/folders/3w/91hphlzs0rv_1twbkfyhvn6m0000gn/T/condisco-preflight.ngRWOC/DerivedData/Build/Products/Debug-iphonesimulator/Condisco.app
/var/folders/3w/91hphlzs0rv_1twbkfyhvn6m0000gn/T/condisco-preflight.ngRWOC/DerivedData/Build/Products/Debug-iphonesimulator/Condisco.app: replacing existing signature

Validate /var/folders/3w/91hphlzs0rv_1twbkfyhvn6m0000gn/T/condisco-preflight.ngRWOC/DerivedData/Build/Products/Debug-iphonesimulator/Condisco.app (in target 'Condisco' from project 'Condisco')
    cd /Users/spkoehl/Projects/VerbaLibera
    builtin-validationUtility /var/folders/3w/91hphlzs0rv_1twbkfyhvn6m0000gn/T/condisco-preflight.ngRWOC/DerivedData/Build/Products/Debug-iphonesimulator/Condisco.app -shallow-bundle -infoplist-subpath Info.plist

ValidateEmbeddedBinary /var/folders/3w/91hphlzs0rv_1twbkfyhvn6m0000gn/T/condisco-preflight.ngRWOC/DerivedData/Build/Products/Debug-iphonesimulator/Condisco.app/PlugIns/CondiscoWidget.appex (in target 'Condisco' from project 'Condisco')
    cd /Users/spkoehl/Projects/VerbaLibera
    /Applications/Xcode.app/Contents/Developer/usr/bin/embeddedBinaryValidationUtility /var/folders/3w/91hphlzs0rv_1twbkfyhvn6m0000gn/T/condisco-preflight.ngRWOC/DerivedData/Build/Products/Debug-iphonesimulator/Condisco.app/PlugIns/CondiscoWidget.appex -signing-cert - -info-plist-path /var/folders/3w/91hphlzs0rv_1twbkfyhvn6m0000gn/T/condisco-preflight.ngRWOC/DerivedData/Build/Products/Debug-iphonesimulator/Condisco.app/Info.plist

PruneExplicitPrecompiledModules /var/folders/3w/91hphlzs0rv_1twbkfyhvn6m0000gn/T/condisco-preflight.ngRWOC/DerivedData/Build/Intermediates.noindex/SwiftExplicitPrecompiledModules

PruneExplicitPrecompiledModules /var/folders/3w/91hphlzs0rv_1twbkfyhvn6m0000gn/T/condisco-preflight.ngRWOC/DerivedData/SDKExplicitPrecompiledModules

PruneExplicitPrecompiledModules /var/folders/3w/91hphlzs0rv_1twbkfyhvn6m0000gn/T/condisco-preflight.ngRWOC/DerivedData/Build/Intermediates.noindex/ExplicitPrecompiledModules

2026-09-27 03:00:47.031547-0700 CondiscoUITests-Runner[77954:2033834] [Default] Running tests...
    t =      nans Interface orientation changed to Portrait
Test Suite 'All tests' started at 2026-09-27 03:00:58.161.
Test Suite 'CondiscoUITests.xctest' started at 2026-09-27 03:00:58.165.
Test Suite 'AccessibilitySweepUITests' started at 2026-09-27 03:00:58.165.
Test Case '-[CondiscoUITests.AccessibilitySweepUITests testFiveCardReviewSessionCompletesAfterHomeInvitation]' started.
    t =     0.02s Start Test at 2026-09-27 03:00:58.183
    t =     0.72s Set Up
    t =     0.75s Open com.sleuthysloth.condisco
    t =     0.75s     Launch com.sleuthysloth.condisco
2026-09-27 03:00:59.634 xcodebuild[77575:2031167] [MT] IDELaunchParametersSnapshot: debugger version lookup failed for path '<nil>': noURL
2026-09-27 03:00:59.635 xcodebuild[77575:2031167] [MT] IDELaunchParametersSnapshot: no debugger version
objc[77954]: Class UIAccessibilityLoaderWebShared is implemented in both /private/var/run/com.apple.security.cryptexd/mnt/com.apple.iPhoneOS.SimulatorRuntime-v24.1.434.0.pRafix/Library/Developer/CoreSimulator/Profiles/Runtimes/iOS 27.0.simruntime/Contents/Resources/RuntimeRoot/System/Library/AccessibilityBundles/WebKit.axbundle/WebKit (0x10680c398) and /private/var/run/com.apple.security.cryptexd/mnt/com.apple.iPhoneOS.SimulatorRuntime-v24.1.434.0.pRafix/Library/Developer/CoreSimulator/Profiles/Runtimes/iOS 27.0.simruntime/Contents/Resources/RuntimeRoot/System/Library/AccessibilityBundles/WebCore.axbundle/WebCore (0x106924310). This may cause spurious casting failures and mysterious crashes. One of the duplicates must be removed or renamed.
    t =    11.88s         Setting up automation session
    t =    19.60s         Wait for com.sleuthysloth.condisco to idle
    t =    25.53s Waiting 30.0s for "Choose a language" Button to exist
    t =    26.59s     Checking `Expect predicate `existsNoRetry == 1` for object "Choose a language" Button`
    t =    26.59s         Checking existence of `"Choose a language" Button`
    t =    27.31s Tap "Choose a language" Button
    t =    27.31s     Wait for com.sleuthysloth.condisco to idle
    t =    27.37s     Find the "Choose a language" Button
    t =    27.42s     Check for interrupting elements affecting "Choose a language" Button
    t =    27.90s     Synthesize event
    t =    28.82s     Wait for com.sleuthysloth.condisco to idle
    t =    29.76s Waiting 10.0s for "Which language are you learning?" StaticText to exist
    t =    30.81s     Checking `Expect predicate `existsNoRetry == 1` for object "Which language are you learning?" StaticText`
    t =    30.83s         Checking existence of `"Which language are you learning?" StaticText`
    t =    31.19s Checking existence of `"French foundations" StaticText`
    t =    31.21s Find the "Continue" Button
    t =    31.29s Find the "Continue" Button
    t =    31.34s Find the "Continue" Button
    t =    31.37s Find the "Continue" Button
    t =    31.40s Find the "Continue" Button
    t =    31.43s Tap "Continue" Button
    t =    31.43s     Wait for com.sleuthysloth.condisco to idle
    t =    31.44s     Find the "Continue" Button
    t =    31.46s     Check for interrupting elements affecting "Continue" Button
    t =    31.66s     Synthesize event
    t =    32.10s     Wait for com.sleuthysloth.condisco to idle
    t =    32.83s Waiting 10.0s for Button (First Match) to exist
    t =    33.87s     Checking `Expect predicate `existsNoRetry == 1` for object Button (First Match)`
    t =    33.87s         Checking existence of `Button (First Match)`
    t =    33.93s Find the Button (First Match)
    t =    34.01s Find the "I'm starting fresh, Begin with your first mission. No experience needed." Button
    t =    34.04s Find the "I'm starting fresh, Begin with your first mission. No experience needed." Button
    t =    34.07s Find the "I'm starting fresh, Begin with your first mission. No experience needed." Button
    t =    34.10s Find the "I'm starting fresh, Begin with your first mission. No experience needed." Button
    t =    34.13s Tap "I'm starting fresh, Begin with your first mission. No experience needed." Button
    t =    34.13s     Wait for com.sleuthysloth.condisco to idle
    t =    34.13s     Find the "I'm starting fresh, Begin with your first mission. No experience needed." Button
    t =    34.15s     Check for interrupting elements affecting "I'm starting fresh, Begin with your first mission. No experience needed." Button
    t =    34.18s     Synthesize event
    t =    34.48s     Wait for com.sleuthysloth.condisco to idle
    t =    36.59s Waiting 20.0s for "Start lesson" Button to exist
    t =    37.60s     Checking `Expect predicate `existsNoRetry == 1` for object "Start lesson" Button`
    t =    37.61s         Checking existence of `"Start lesson" Button`
    t =    38.00s Waiting 10.0s for "Back to lessons" Button to exist
    t =    39.05s     Checking `Expect predicate `existsNoRetry == 1` for object "Back to lessons" Button`
    t =    39.05s         Checking existence of `"Back to lessons" Button`
    t =    39.11s Tap "Back to lessons" Button
    t =    39.11s     Wait for com.sleuthysloth.condisco to idle
    t =    39.11s     Find the "Back to lessons" Button
    t =    39.18s     Check for interrupting elements affecting "Back to lessons" Button
    t =    39.23s     Synthesize event
    t =    39.54s     Wait for com.sleuthysloth.condisco to idle
    t =    39.88s Waiting 30.0s for "Home" Button to exist
    t =    40.93s     Checking `Expect predicate `existsNoRetry == 1` for object "Home" Button`
    t =    40.94s         Checking existence of `"Home" Button`
    t =    40.97s Waiting 30.0s for "home.today.review" Button to exist
    t =    42.03s     Checking `Expect predicate `existsNoRetry == 1` for object "home.today.review" Button`
    t =    42.03s         Checking existence of `"home.today.review" Button`
    t =    42.06s Find the "home.today.review" Button
    t =    42.12s Find the Target Application 'com.sleuthysloth.condisco'
    t =    42.34s Added attachment named 'home-review-invitation'
    t =    42.34s Tap "home.today.review" Button
    t =    42.34s     Wait for com.sleuthysloth.condisco to idle
    t =    42.34s     Find the "home.today.review" Button
    t =    42.37s     Check for interrupting elements affecting "home.today.review" Button
    t =    42.41s     Synthesize event
    t =    42.71s     Wait for com.sleuthysloth.condisco to idle
    t =    43.77s Waiting 15.0s for "Review" NavigationBar to exist
    t =    44.83s     Checking `Expect predicate `existsNoRetry == 1` for object "Review" NavigationBar`
    t =    44.83s         Checking existence of `"Review" NavigationBar`
    t =    44.96s Waiting 10.0s for "5 of 7 to review" StaticText to exist
    t =    46.00s     Checking `Expect predicate `existsNoRetry == 1` for object "5 of 7 to review" StaticText`
    t =    46.00s         Checking existence of `"5 of 7 to review" StaticText`
    t =    46.05s Find the Target Application 'com.sleuthysloth.condisco'
    t =    46.24s Added attachment named 'review-five-preselected'
    t =    46.24s Find the "Start review" Button
    t =    46.34s Find the "Start review" Button
    t =    46.44s Find the "Start review" Button
    t =    46.53s Find the "Start review" Button
    t =    46.59s Find the "Start review" Button
    t =    46.65s Tap "Start review" Button
    t =    46.65s     Wait for com.sleuthysloth.condisco to idle
    t =    46.66s     Find the "Start review" Button
    t =    46.71s     Check for interrupting elements affecting "Start review" Button
    t =    46.77s     Synthesize event
    t =    47.11s     Wait for com.sleuthysloth.condisco to idle
    t =    47.57s Waiting 15.0s for "Reveal answer" Button to exist
    t =    48.63s     Checking `Expect predicate `existsNoRetry == 1` for object "Reveal answer" Button`
    t =    48.63s         Checking existence of `"Reveal answer" Button`
    t =    48.79s Tap "Reveal answer" Button
    t =    48.79s     Wait for com.sleuthysloth.condisco to idle
    t =    48.79s     Find the "Reveal answer" Button
    t =    48.84s     Check for interrupting elements affecting "Reveal answer" Button
    t =    48.88s     Synthesize event
    t =    49.19s     Wait for com.sleuthysloth.condisco to idle
    t =    49.19s Waiting 10.0s for "I knew it. I recalled the answer independently." Button to exist
    t =    50.23s     Checking `Expect predicate `existsNoRetry == 1` for object "I knew it. I recalled the answer independently." Button`
    t =    50.23s         Checking existence of `"I knew it. I recalled the answer independently." Button`
    t =    50.28s Find the "I knew it. I recalled the answer independently." Button
    t =    50.34s Find the "I knew it. I recalled the answer independently." Button
    t =    50.41s Find the "I knew it. I recalled the answer independently." Button
    t =    50.47s Find the "I knew it. I recalled the answer independently." Button
    t =    50.53s Find the "I knew it. I recalled the answer independently." Button
    t =    50.58s Tap "I knew it. I recalled the answer independently." Button
    t =    50.58s     Wait for com.sleuthysloth.condisco to idle
    t =    50.59s     Find the "I knew it. I recalled the answer independently." Button
    t =    50.63s     Check for interrupting elements affecting "I knew it. I recalled the answer independently." Button
    t =    50.68s     Synthesize event
    t =    50.97s     Wait for com.sleuthysloth.condisco to idle
    t =    50.98s Waiting 15.0s for "Reveal answer" Button to exist
    t =    52.04s     Checking `Expect predicate `existsNoRetry == 1` for object "Reveal answer" Button`
    t =    52.04s         Checking existence of `"Reveal answer" Button`
    t =    52.08s Tap "Reveal answer" Button
    t =    52.08s     Wait for com.sleuthysloth.condisco to idle
    t =    52.09s     Find the "Reveal answer" Button
    t =    52.13s     Check for interrupting elements affecting "Reveal answer" Button
    t =    52.17s     Synthesize event
    t =    52.46s     Wait for com.sleuthysloth.condisco to idle
    t =    52.46s Waiting 10.0s for "Almost. I nearly knew it." Button to exist
    t =    53.49s     Checking `Expect predicate `existsNoRetry == 1` for object "Almost. I nearly knew it." Button`
    t =    53.49s         Checking existence of `"Almost. I nearly knew it." Button`
    t =    53.55s Find the "Almost. I nearly knew it." Button
    t =    53.62s Find the "Almost. I nearly knew it." Button
    t =    53.68s Find the "Almost. I nearly knew it." Button
    t =    53.75s Find the "Almost. I nearly knew it." Button
    t =    53.81s Find the "Almost. I nearly knew it." Button
    t =    53.87s Tap "Almost. I nearly knew it." Button
    t =    53.87s     Wait for com.sleuthysloth.condisco to idle
    t =    53.87s     Find the "Almost. I nearly knew it." Button
    t =    53.92s     Check for interrupting elements affecting "Almost. I nearly knew it." Button
    t =    53.98s     Synthesize event
    t =    54.29s     Wait for com.sleuthysloth.condisco to idle
    t =    54.29s Waiting 15.0s for "Reveal answer" Button to exist
    t =    55.34s     Checking `Expect predicate `existsNoRetry == 1` for object "Reveal answer" Button`
    t =    55.34s         Checking existence of `"Reveal answer" Button`
    t =    55.39s Tap "Reveal answer" Button
    t =    55.39s     Wait for com.sleuthysloth.condisco to idle
    t =    55.40s     Find the "Reveal answer" Button
    t =    55.46s     Check for interrupting elements affecting "Reveal answer" Button
    t =    55.51s     Synthesize event
    t =    55.81s     Wait for com.sleuthysloth.condisco to idle
    t =    55.81s Waiting 10.0s for "Not yet. I didn't know it." Button to exist
    t =    56.85s     Checking `Expect predicate `existsNoRetry == 1` for object "Not yet. I didn't know it." Button`
    t =    56.85s         Checking existence of `"Not yet. I didn't know it." Button`
    t =    56.91s Find the "Not yet. I didn't know it." Button
    t =    57.00s Find the "Not yet. I didn't know it." Button
    t =    57.06s Find the "Not yet. I didn't know it." Button
    t =    57.13s Find the "Not yet. I didn't know it." Button
    t =    57.22s Find the "Not yet. I didn't know it." Button
    t =    57.48s Tap "Not yet. I didn't know it." Button
    t =    57.49s     Wait for com.sleuthysloth.condisco to idle
    t =    57.51s     Find the "Not yet. I didn't know it." Button
    t =    57.61s     Check for interrupting elements affecting "Not yet. I didn't know it." Button
    t =    57.93s     Synthesize event
    t =    58.24s     Wait for com.sleuthysloth.condisco to idle
    t =    58.24s Waiting 15.0s for "Reveal answer" Button to exist
    t =    59.29s     Checking `Expect predicate `existsNoRetry == 1` for object "Reveal answer" Button`
    t =    59.29s         Checking existence of `"Reveal answer" Button`
    t =    59.34s Tap "Reveal answer" Button
    t =    59.34s     Wait for com.sleuthysloth.condisco to idle
    t =    59.34s     Find the "Reveal answer" Button
    t =    59.38s     Check for interrupting elements affecting "Reveal answer" Button
    t =    59.41s     Synthesize event
    t =    59.70s     Wait for com.sleuthysloth.condisco to idle
    t =    59.70s Waiting 10.0s for "Easy. I knew it without effort." Button to exist
    t =    60.74s     Checking `Expect predicate `existsNoRetry == 1` for object "Easy. I knew it without effort." Button`
    t =    60.74s         Checking existence of `"Easy. I knew it without effort." Button`
    t =    60.85s Find the "Easy. I knew it without effort." Button
    t =    60.91s Find the "Easy. I knew it without effort." Button
    t =    60.97s Find the "Easy. I knew it without effort." Button
    t =    61.02s Find the "Easy. I knew it without effort." Button
    t =    61.09s Find the "Easy. I knew it without effort." Button
    t =    61.16s Tap "Easy. I knew it without effort." Button
    t =    61.16s     Wait for com.sleuthysloth.condisco to idle
    t =    61.16s     Find the "Easy. I knew it without effort." Button
    t =    61.22s     Check for interrupting elements affecting "Easy. I knew it without effort." Button
    t =    61.27s     Synthesize event
    t =    61.57s     Wait for com.sleuthysloth.condisco to idle
    t =    61.58s Waiting 15.0s for "Reveal answer" Button to exist
    t =    62.64s     Checking `Expect predicate `existsNoRetry == 1` for object "Reveal answer" Button`
    t =    62.64s         Checking existence of `"Reveal answer" Button`
    t =    62.69s Tap "Reveal answer" Button
    t =    62.69s     Wait for com.sleuthysloth.condisco to idle
    t =    62.69s     Find the "Reveal answer" Button
    t =    62.75s     Check for interrupting elements affecting "Reveal answer" Button
    t =    62.82s     Synthesize event
    t =    63.14s     Wait for com.sleuthysloth.condisco to idle
    t =    63.16s Waiting 10.0s for "I knew it. I recalled the answer independently." Button to exist
    t =    64.20s     Checking `Expect predicate `existsNoRetry == 1` for object "I knew it. I recalled the answer independently." Button`
    t =    64.20s         Checking existence of `"I knew it. I recalled the answer independently." Button`
    t =    64.25s Find the "I knew it. I recalled the answer independently." Button
    t =    64.30s Find the "I knew it. I recalled the answer independently." Button
    t =    64.35s Find the "I knew it. I recalled the answer independently." Button
    t =    64.43s Find the "I knew it. I recalled the answer independently." Button
    t =    64.53s Find the "I knew it. I recalled the answer independently." Button
    t =    64.68s Tap "I knew it. I recalled the answer independently." Button
    t =    64.68s     Wait for com.sleuthysloth.condisco to idle
    t =    64.69s     Find the "I knew it. I recalled the answer independently." Button
    t =    64.77s     Check for interrupting elements affecting "I knew it. I recalled the answer independently." Button
    t =    64.83s     Synthesize event
    t =    65.13s     Wait for com.sleuthysloth.condisco to idle
    t =    65.13s Waiting 15.0s for "Session complete" StaticText to exist
    t =    66.17s     Checking `Expect predicate `existsNoRetry == 1` for object "Session complete" StaticText`
    t =    66.17s         Checking existence of `"Session complete" StaticText`
    t =    66.25s Find the Target Application 'com.sleuthysloth.condisco'
    t =    66.49s Added attachment named 'review-session-complete'
    t =    66.49s Find the "Done" Button
    t =    66.57s Tap "Done" Button
    t =    66.57s     Wait for com.sleuthysloth.condisco to idle
    t =    66.57s     Find the "Done" Button
    t =    66.59s     Check for interrupting elements affecting "Done" Button
    t =    66.66s     Synthesize event
    t =    66.97s     Wait for com.sleuthysloth.condisco to idle
    t =    67.76s Waiting 15.0s for "Review" NavigationBar to exist
    t =    68.79s     Checking `Expect predicate `existsNoRetry == 1` for object "Review" NavigationBar`
    t =    68.79s         Checking existence of `"Review" NavigationBar`
    t =    68.86s Tear Down
Test Case '-[CondiscoUITests.AccessibilitySweepUITests testFiveCardReviewSessionCompletesAfterHomeInvitation]' passed (69.283 seconds).
Test Case '-[CondiscoUITests.AccessibilitySweepUITests testLandscapeKeepsPrimaryActionReachable]' started.
    t =     0.00s Start Test at 2026-09-27 03:02:07.468
    t =     0.11s Set Up
    t =     0.11s Open com.sleuthysloth.condisco
    t =     0.11s     Launch com.sleuthysloth.condisco
    t =     0.11s         Terminate com.sleuthysloth.condisco:78302
2026-09-27 03:02:08.655 xcodebuild[77575:2031167] [MT] IDELaunchParametersSnapshot: debugger version lookup failed for path '<nil>': noURL
2026-09-27 03:02:08.656 xcodebuild[77575:2031167] [MT] IDELaunchParametersSnapshot: no debugger version
    t =     1.46s         Setting up automation session
    t =     6.11s         Wait for com.sleuthysloth.condisco to idle
    t =     8.32s Waiting 30.0s for "Choose a language" Button to exist
    t =     9.37s     Checking `Expect predicate `existsNoRetry == 1` for object "Choose a language" Button`
    t =     9.37s         Checking existence of `"Choose a language" Button`
    t =     9.67s Tap "Choose a language" Button
    t =     9.67s     Wait for com.sleuthysloth.condisco to idle
    t =     9.67s     Find the "Choose a language" Button
    t =     9.69s     Check for interrupting elements affecting "Choose a language" Button
    t =     9.77s     Synthesize event
    t =    10.16s     Wait for com.sleuthysloth.condisco to idle
    t =    10.17s Waiting 10.0s for "Which language are you learning?" StaticText to exist
    t =    11.22s     Checking `Expect predicate `existsNoRetry == 1` for object "Which language are you learning?" StaticText`
    t =    11.23s         Checking existence of `"Which language are you learning?" StaticText`
    t =    11.25s Checking existence of `"French foundations" StaticText`
    t =    11.27s Find the "Continue" Button
    t =    11.29s Find the "Continue" Button
    t =    11.31s Find the "Continue" Button
    t =    11.33s Find the "Continue" Button
    t =    11.34s Find the "Continue" Button
    t =    11.36s Tap "Continue" Button
    t =    11.36s     Wait for com.sleuthysloth.condisco to idle
    t =    11.36s     Find the "Continue" Button
    t =    11.37s     Check for interrupting elements affecting "Continue" Button
    t =    11.39s     Synthesize event
    t =    11.67s     Wait for com.sleuthysloth.condisco to idle
    t =    11.68s Waiting 10.0s for Button (First Match) to exist
    t =    12.70s     Checking `Expect predicate `existsNoRetry == 1` for object Button (First Match)`
    t =    12.70s         Checking existence of `Button (First Match)`
    t =    12.83s Find the Button (First Match)
    t =    12.93s Find the "I'm starting fresh, Begin with your first mission. No experience needed." Button
    t =    12.96s Find the "I'm starting fresh, Begin with your first mission. No experience needed." Button
    t =    13.00s Find the "I'm starting fresh, Begin with your first mission. No experience needed." Button
    t =    13.04s Find the "I'm starting fresh, Begin with your first mission. No experience needed." Button
    t =    13.08s Tap "I'm starting fresh, Begin with your first mission. No experience needed." Button
    t =    13.08s     Wait for com.sleuthysloth.condisco to idle
    t =    13.08s     Find the "I'm starting fresh, Begin with your first mission. No experience needed." Button
    t =    13.10s     Check for interrupting elements affecting "I'm starting fresh, Begin with your first mission. No experience needed." Button
    t =    13.13s     Synthesize event
    t =    13.42s     Wait for com.sleuthysloth.condisco to idle
    t =    14.37s Waiting 20.0s for "Start lesson" Button to exist
    t =    15.39s     Checking `Expect predicate `existsNoRetry == 1` for object "Start lesson" Button`
    t =    15.39s         Checking existence of `"Start lesson" Button`
    t =    15.61s Tap "Start lesson" Button
    t =    15.61s     Wait for com.sleuthysloth.condisco to idle
    t =    15.61s     Find the "Start lesson" Button
    t =    15.65s     Check for interrupting elements affecting "Start lesson" Button
    t =    15.68s     Synthesize event
    t =    15.97s     Wait for com.sleuthysloth.condisco to idle
    t =    16.15s Waiting 10.0s for "Got it" Button to exist
    t =    17.19s     Checking `Expect predicate `existsNoRetry == 1` for object "Got it" Button`
    t =    17.19s         Checking existence of `"Got it" Button`
    t =    17.32s Tap "Got it" Button
    t =    17.32s     Wait for com.sleuthysloth.condisco to idle
    t =    17.32s     Find the "Got it" Button
    t =    17.37s     Check for interrupting elements affecting "Got it" Button
    t =    17.41s     Synthesize event
    t =    17.70s     Wait for com.sleuthysloth.condisco to idle
    t =    17.70s Waiting 10.0s for "Continue" Button to exist
    t =    18.73s     Checking `Expect predicate `existsNoRetry == 1` for object "Continue" Button`
    t =    18.73s         Checking existence of `"Continue" Button`
    t =    18.97s Tap "Continue" Button
    t =    18.97s     Wait for com.sleuthysloth.condisco to idle
    t =    18.98s     Find the "Continue" Button
    t =    19.03s     Check for interrupting elements affecting "Continue" Button
    t =    19.07s     Synthesize event
    t =    19.37s     Wait for com.sleuthysloth.condisco to idle
    t =    19.38s Waiting 10.0s for "The server looks up from the counter. How do you greet them?" StaticText to exist
    t =    20.44s     Checking `Expect predicate `existsNoRetry == 1` for object "The server looks up from the counter. How do you greet them?" StaticText`
    t =    20.44s         Checking existence of `"The server looks up from the counter. How do you greet them?" StaticText`
    t =    20.52s Find the "The server looks up from the counter. How do you greet them?" StaticText
    t =    20.56s Setting device orientation to Landscape Left
    t =    20.57s     Device orientation changed to Landscape Left
    t =    21.00s     Interface orientation changed to Landscape Right
    t =    21.07s     Wait for com.sleuthysloth.condisco to idle
    t =    21.89s Waiting 10.0s for "The server looks up from the counter. How do you greet them?" StaticText to exist
    t =    22.90s     Checking `Expect predicate `existsNoRetry == 1` for object "The server looks up from the counter. How do you greet them?" StaticText`
    t =    22.90s         Checking existence of `"The server looks up from the counter. How do you greet them?" StaticText`
    t =    23.00s Waiting 10.0s for "Check" Button to exist
    t =    24.03s     Checking `Expect predicate `existsNoRetry == 1` for object "Check" Button`
    t =    24.03s         Checking existence of `"Check" Button`
    t =    24.08s Find the "Check" Button
    t =    24.12s Checking existence of `Window (First Match)`
    t =    24.13s Find the "Check" Button
    t =    24.16s Find the Window (First Match)
    t =    24.17s Find the Window at {{0.0, 0.0}, {874.0, 402.0}}
    t =    24.17s Checking existence of `"Bonjour." Button`
    t =    24.21s Find the Target Application 'com.sleuthysloth.condisco'
    t =    24.37s Added attachment named 'landscape-first-question'
    t =    24.37s Setting device orientation to Portrait
    t =    24.38s     Device orientation changed to Portrait
    t =    24.43s     Interface orientation changed to Portrait
    t =    24.43s     Wait for com.sleuthysloth.condisco to idle
    t =    25.05s Tear Down
Test Case '-[CondiscoUITests.AccessibilitySweepUITests testLandscapeKeepsPrimaryActionReachable]' passed (25.406 seconds).
Test Case '-[CondiscoUITests.AccessibilitySweepUITests testLargestDynamicTypeKeepsActionsReachable]' started.
    t =     0.00s Start Test at 2026-09-27 03:02:32.873
    t =     0.06s Set Up
    t =     0.06s Open com.sleuthysloth.condisco
    t =     0.06s     Launch com.sleuthysloth.condisco
    t =     0.06s         Terminate com.sleuthysloth.condisco:78445
2026-09-27 03:02:34.045 xcodebuild[77575:2031167] [MT] IDELaunchParametersSnapshot: debugger version lookup failed for path '<nil>': noURL
2026-09-27 03:02:34.047 xcodebuild[77575:2031167] [MT] IDELaunchParametersSnapshot: no debugger version
    t =     1.39s         Setting up automation session
    t =     5.23s         Wait for com.sleuthysloth.condisco to idle
    t =     7.08s Waiting 30.0s for "Choose a language" Button to exist
    t =     8.14s     Checking `Expect predicate `existsNoRetry == 1` for object "Choose a language" Button`
    t =     8.16s         Checking existence of `"Choose a language" Button`
    t =     8.40s Tap "Choose a language" Button
    t =     8.40s     Wait for com.sleuthysloth.condisco to idle
    t =     8.41s     Find the "Choose a language" Button
    t =     8.44s     Check for interrupting elements affecting "Choose a language" Button
    t =     8.46s     Synthesize event
    t =     8.83s     Wait for com.sleuthysloth.condisco to idle
    t =     8.83s Waiting 10.0s for "Which language are you learning?" StaticText to exist
    t =     9.88s     Checking `Expect predicate `existsNoRetry == 1` for object "Which language are you learning?" StaticText`
    t =     9.88s         Checking existence of `"Which language are you learning?" StaticText`
    t =     9.96s Checking existence of `"French foundations" StaticText`
    t =     9.97s Find the "Continue" Button
    t =    10.01s Find the "Continue" Button
    t =    10.02s Find the "Continue" Button
    t =    10.04s Find the "Continue" Button
    t =    10.05s Find the "Continue" Button
    t =    10.07s Tap "Continue" Button
    t =    10.07s     Wait for com.sleuthysloth.condisco to idle
    t =    10.07s     Find the "Continue" Button
    t =    10.08s     Check for interrupting elements affecting "Continue" Button
    t =    10.10s     Synthesize event
    t =    10.39s     Wait for com.sleuthysloth.condisco to idle
    t =    10.40s Waiting 10.0s for Button (First Match) to exist
    t =    11.46s     Checking `Expect predicate `existsNoRetry == 1` for object Button (First Match)`
    t =    11.46s         Checking existence of `Button (First Match)`
    t =    11.48s Find the Button (First Match)
    t =    11.51s Find the "I'm starting fresh, Begin with your first mission. No experience needed." Button
    t =    11.53s Find the "I'm starting fresh, Begin with your first mission. No experience needed." Button
    t =    11.54s Find the "I'm starting fresh, Begin with your first mission. No experience needed." Button
    t =    11.56s Find the "I'm starting fresh, Begin with your first mission. No experience needed." Button
    t =    11.57s Tap "I'm starting fresh, Begin with your first mission. No experience needed." Button
    t =    11.57s     Wait for com.sleuthysloth.condisco to idle
    t =    11.58s     Find the "I'm starting fresh, Begin with your first mission. No experience needed." Button
    t =    11.59s     Check for interrupting elements affecting "I'm starting fresh, Begin with your first mission. No experience needed." Button
    t =    11.60s     Synthesize event
    t =    11.89s     Wait for com.sleuthysloth.condisco to idle
    t =    12.78s Waiting 20.0s for "Start lesson" Button to exist
    t =    13.82s     Checking `Expect predicate `existsNoRetry == 1` for object "Start lesson" Button`
    t =    13.82s         Checking existence of `"Start lesson" Button`
    t =    13.95s Tap "Start lesson" Button
    t =    13.95s     Wait for com.sleuthysloth.condisco to idle
    t =    13.95s     Find the "Start lesson" Button
    t =    14.00s     Check for interrupting elements affecting "Start lesson" Button
    t =    14.04s     Synthesize event
    t =    14.06s         Scroll element to visible
    t =    14.06s         Find the "Start lesson" Button
    t =    14.13s         Computed hit point {201, 682.99999999999989} after scrolling to visible
    t =    14.42s     Wait for com.sleuthysloth.condisco to idle
    t =    14.71s Waiting 10.0s for "Got it" Button to exist
    t =    15.76s     Checking `Expect predicate `existsNoRetry == 1` for object "Got it" Button`
    t =    15.76s         Checking existence of `"Got it" Button`
    t =    15.83s Tap "Got it" Button
    t =    15.83s     Wait for com.sleuthysloth.condisco to idle
    t =    15.83s     Find the "Got it" Button
    t =    15.87s     Check for interrupting elements affecting "Got it" Button
    t =    15.91s     Synthesize event
    t =    16.19s     Wait for com.sleuthysloth.condisco to idle
    t =    16.20s Waiting 10.0s for "Continue" Button to exist
    t =    17.22s     Checking `Expect predicate `existsNoRetry == 1` for object "Continue" Button`
    t =    17.22s         Checking existence of `"Continue" Button`
    t =    17.27s Tap "Continue" Button
    t =    17.27s     Wait for com.sleuthysloth.condisco to idle
    t =    17.27s     Find the "Continue" Button
    t =    17.31s     Check for interrupting elements affecting "Continue" Button
    t =    17.36s     Synthesize event
    t =    17.65s     Wait for com.sleuthysloth.condisco to idle
    t =    17.65s Waiting 10.0s for "The server looks up from the counter. How do you greet them?" StaticText to exist
    t =    18.66s     Checking `Expect predicate `existsNoRetry == 1` for object "The server looks up from the counter. How do you greet them?" StaticText`
    t =    18.66s         Checking existence of `"The server looks up from the counter. How do you greet them?" StaticText`
    t =    18.70s Find the "The server looks up from the counter. How do you greet them?" StaticText
    t =    18.75s Find the Target Application 'com.sleuthysloth.condisco'
    t =    18.88s Added attachment named 'largest-type-first-question'
    t =    18.88s Waiting 10.0s for "Check" Button to exist
    t =    19.92s     Checking `Expect predicate `existsNoRetry == 1` for object "Check" Button`
    t =    19.92s         Checking existence of `"Check" Button`
    t =    19.99s Find the "Check" Button
    t =    20.04s Checking existence of `Window (First Match)`
    t =    20.04s Find the "Check" Button
    t =    20.07s Find the Window (First Match)
    t =    20.08s Find the Window at {{0.0, 0.0}, {402.0, 874.0}}
    t =    20.19s Waiting 10.0s for "Bonjour." Button to exist
    t =    21.22s     Checking `Expect predicate `existsNoRetry == 1` for object "Bonjour." Button`
    t =    21.23s         Checking existence of `"Bonjour." Button`
    t =    21.29s Checking existence of `"Merci." Button`
    t =    21.32s Find the "Check" Button
    t =    21.35s Find the "Merci." Button
    t =    21.39s Swipe up Target Application 'com.sleuthysloth.condisco'
    t =    21.39s     Wait for com.sleuthysloth.condisco to idle
    t =    21.39s     Find the Target Application 'com.sleuthysloth.condisco'
    t =    21.41s     Check for interrupting elements affecting "Condisco" Application
    t =    21.44s     Synthesize event
    t =    21.90s     Wait for com.sleuthysloth.condisco to idle
    t =    22.69s Find the "Merci." Button
    t =    22.75s Find the "Merci." Button
    t =    22.79s Find the "Merci." Button
    t =    22.82s Find the "Merci." Button
    t =    22.90s Tap "Merci." Button
    t =    22.90s     Wait for com.sleuthysloth.condisco to idle
    t =    22.90s     Find the "Merci." Button
    t =    22.95s     Check for interrupting elements affecting "Merci." Button
    t =    22.99s     Synthesize event
    t =    23.28s     Wait for com.sleuthysloth.condisco to idle
    t =    23.29s Find the "Check" Button
    t =    23.37s Find the "Check" Button
    t =    23.41s Find the "Check" Button
    t =    23.45s Find the "Check" Button
    t =    23.49s Find the "Check" Button
    t =    23.54s Tap "Check" Button
    t =    23.54s     Wait for com.sleuthysloth.condisco to idle
    t =    23.54s     Find the "Check" Button
    t =    23.62s     Check for interrupting elements affecting "Check" Button
    t =    23.69s     Synthesize event
    t =    23.98s     Wait for com.sleuthysloth.condisco to idle
    t =    24.48s Waiting 15.0s for StaticText (First Match) to exist
    t =    25.52s     Checking `Expect predicate `existsNoRetry == 1` for object StaticText (First Match)`
    t =    25.52s         Checking existence of `StaticText (First Match)`
    t =    25.58s Find the Target Application 'com.sleuthysloth.condisco'
    t =    25.71s Added attachment named 'largest-type-wrong-answer-feedback'
    t =    25.71s Tear Down
Test Case '-[CondiscoUITests.AccessibilitySweepUITests testLargestDynamicTypeKeepsActionsReachable]' passed (26.073 seconds).
Test Case '-[CondiscoUITests.AccessibilitySweepUITests testSmallPhoneFirstQuestionWrongAnswerFeedbackNotHidden]' started.
    t =     0.00s Start Test at 2026-09-27 03:02:58.948
    t =     0.08s Set Up
    t =     0.08s Open com.sleuthysloth.condisco
    t =     0.08s     Launch com.sleuthysloth.condisco
    t =     0.08s         Terminate com.sleuthysloth.condisco:78518
2026-09-27 03:03:00.089 xcodebuild[77575:2031167] [MT] IDELaunchParametersSnapshot: debugger version lookup failed for path '<nil>': noURL
2026-09-27 03:03:00.090 xcodebuild[77575:2031167] [MT] IDELaunchParametersSnapshot: no debugger version
    t =     1.38s         Setting up automation session
    t =     4.88s         Wait for com.sleuthysloth.condisco to idle
    t =     6.98s Waiting 30.0s for "Choose a language" Button to exist
    t =     8.00s     Checking `Expect predicate `existsNoRetry == 1` for object "Choose a language" Button`
    t =     8.00s         Checking existence of `"Choose a language" Button`
    t =     8.07s Tap "Choose a language" Button
    t =     8.07s     Wait for com.sleuthysloth.condisco to idle
    t =     8.08s     Find the "Choose a language" Button
    t =     8.09s     Check for interrupting elements affecting "Choose a language" Button
    t =     8.11s     Synthesize event
    t =     8.43s     Wait for com.sleuthysloth.condisco to idle
    t =     8.44s Waiting 10.0s for "Which language are you learning?" StaticText to exist
    t =     9.47s     Checking `Expect predicate `existsNoRetry == 1` for object "Which language are you learning?" StaticText`
    t =     9.47s         Checking existence of `"Which language are you learning?" StaticText`
    t =     9.52s Checking existence of `"French foundations" StaticText`
    t =     9.53s Find the "Continue" Button
    t =     9.55s Find the "Continue" Button
    t =     9.56s Find the "Continue" Button
    t =     9.58s Find the "Continue" Button
    t =     9.59s Find the "Continue" Button
    t =     9.60s Tap "Continue" Button
    t =     9.60s     Wait for com.sleuthysloth.condisco to idle
    t =     9.61s     Find the "Continue" Button
    t =     9.62s     Check for interrupting elements affecting "Continue" Button
    t =     9.63s     Synthesize event
    t =     9.92s     Wait for com.sleuthysloth.condisco to idle
    t =     9.93s Waiting 10.0s for Button (First Match) to exist
    t =    10.97s     Checking `Expect predicate `existsNoRetry == 1` for object Button (First Match)`
    t =    10.97s         Checking existence of `Button (First Match)`
    t =    11.00s Find the Button (First Match)
    t =    11.02s Find the "I'm starting fresh, Begin with your first mission. No experience needed." Button
    t =    11.05s Find the "I'm starting fresh, Begin with your first mission. No experience needed." Button
    t =    11.07s Find the "I'm starting fresh, Begin with your first mission. No experience needed." Button
    t =    11.09s Find the "I'm starting fresh, Begin with your first mission. No experience needed." Button
    t =    11.11s Tap "I'm starting fresh, Begin with your first mission. No experience needed." Button
    t =    11.11s     Wait for com.sleuthysloth.condisco to idle
    t =    11.11s     Find the "I'm starting fresh, Begin with your first mission. No experience needed." Button
    t =    11.12s     Check for interrupting elements affecting "I'm starting fresh, Begin with your first mission. No experience needed." Button
    t =    11.13s     Synthesize event
    t =    11.44s     Wait for com.sleuthysloth.condisco to idle
    t =    11.60s Waiting 20.0s for "Start lesson" Button to exist
    t =    12.66s     Checking `Expect predicate `existsNoRetry == 1` for object "Start lesson" Button`
    t =    12.66s         Checking existence of `"Start lesson" Button`
    t =    12.74s Tap "Start lesson" Button
    t =    12.74s     Wait for com.sleuthysloth.condisco to idle
    t =    12.75s     Find the "Start lesson" Button
    t =    12.78s     Check for interrupting elements affecting "Start lesson" Button
    t =    12.82s     Synthesize event
    t =    13.10s     Wait for com.sleuthysloth.condisco to idle
    t =    13.10s Waiting 10.0s for "Got it" Button to exist
    t =    14.15s     Checking `Expect predicate `existsNoRetry == 1` for object "Got it" Button`
    t =    14.15s         Checking existence of `"Got it" Button`
    t =    14.22s Tap "Got it" Button
    t =    14.22s     Wait for com.sleuthysloth.condisco to idle
    t =    14.23s     Find the "Got it" Button
    t =    14.27s     Check for interrupting elements affecting "Got it" Button
    t =    14.31s     Synthesize event
    t =    14.60s     Wait for com.sleuthysloth.condisco to idle
    t =    14.61s Waiting 10.0s for "Continue" Button to exist
    t =    15.64s     Checking `Expect predicate `existsNoRetry == 1` for object "Continue" Button`
    t =    15.65s         Checking existence of `"Continue" Button`
    t =    15.80s Tap "Continue" Button
    t =    15.80s     Wait for com.sleuthysloth.condisco to idle
    t =    15.81s     Find the "Continue" Button
    t =    15.85s     Check for interrupting elements affecting "Continue" Button
    t =    15.91s     Synthesize event
    t =    16.20s     Wait for com.sleuthysloth.condisco to idle
    t =    16.21s Waiting 10.0s for "The server looks up from the counter. How do you greet them?" StaticText to exist
    t =    17.25s     Checking `Expect predicate `existsNoRetry == 1` for object "The server looks up from the counter. How do you greet them?" StaticText`
    t =    17.25s         Checking existence of `"The server looks up from the counter. How do you greet them?" StaticText`
    t =    17.29s Find the "The server looks up from the counter. How do you greet them?" StaticText
    t =    17.33s Find the Target Application 'com.sleuthysloth.condisco'
    t =    17.43s Added attachment named 'smallphone-first-question'
    t =    17.43s Waiting 10.0s for "Check" Button to exist
    t =    18.47s     Checking `Expect predicate `existsNoRetry == 1` for object "Check" Button`
    t =    18.47s         Checking existence of `"Check" Button`
    t =    18.51s Find the "Check" Button
    t =    18.55s Checking existence of `Window (First Match)`
    t =    18.55s Find the "Check" Button
    t =    18.60s Find the Window (First Match)
    t =    18.61s Find the Window at {{0.0, 0.0}, {402.0, 874.0}}
    t =    18.62s Checking existence of `"Bonjour." Button`
    t =    18.66s Checking existence of `"Merci." Button`
    t =    18.69s Checking existence of `"Au revoir." Button`
    t =    18.72s Tap "Merci." Button
    t =    18.72s     Wait for com.sleuthysloth.condisco to idle
    t =    18.72s     Find the "Merci." Button
    t =    18.76s     Check for interrupting elements affecting "Merci." Button
    t =    18.79s     Synthesize event
    t =    19.07s     Wait for com.sleuthysloth.condisco to idle
    t =    19.08s Find the "Check" Button
    t =    19.11s Tap "Check" Button
    t =    19.11s     Wait for com.sleuthysloth.condisco to idle
    t =    19.12s     Find the "Check" Button
    t =    19.16s     Check for interrupting elements affecting "Check" Button
    t =    19.20s     Synthesize event
    t =    19.49s     Wait for com.sleuthysloth.condisco to idle
    t =    19.49s Waiting 15.0s for StaticText (First Match) to exist
    t =    20.53s     Checking `Expect predicate `existsNoRetry == 1` for object StaticText (First Match)`
    t =    20.53s         Checking existence of `StaticText (First Match)`
    t =    20.60s Find the Target Application 'com.sleuthysloth.condisco'
    t =    20.74s Added attachment named 'smallphone-wrong-answer-feedback'
    t =    20.74s Waiting 10.0s for "Continue with model answer" Button to exist
    t =    21.77s     Checking `Expect predicate `existsNoRetry == 1` for object "Continue with model answer" Button`
    t =    21.77s         Checking existence of `"Continue with model answer" Button`
    t =    21.84s Waiting 10.0s for "Continue with model answer" Button to exist
    t =    22.87s     Checking `Expect predicate `existsNoRetry == 1` for object "Continue with model answer" Button`
    t =    22.88s         Checking existence of `"Continue with model answer" Button`
    t =    22.92s Find the "Continue with model answer" Button
    t =    22.97s Checking existence of `Window (First Match)`
    t =    22.97s Find the "Continue with model answer" Button
    t =    23.01s Find the Window (First Match)
    t =    23.02s Find the Window at {{0.0, 0.0}, {402.0, 874.0}}
    t =    23.03s Tear Down
Test Case '-[CondiscoUITests.AccessibilitySweepUITests testSmallPhoneFirstQuestionWrongAnswerFeedbackNotHidden]' passed (23.342 seconds).
Test Case '-[CondiscoUITests.AccessibilitySweepUITests testVoiceOverLabelsOnKeyControls]' started.
    t =     0.00s Start Test at 2026-09-27 03:03:22.292
    t =     0.07s Set Up
    t =     0.07s Open com.sleuthysloth.condisco
    t =     0.07s     Launch com.sleuthysloth.condisco
    t =     0.07s         Terminate com.sleuthysloth.condisco:78560
2026-09-27 03:03:23.514 xcodebuild[77575:2031167] [MT] IDELaunchParametersSnapshot: debugger version lookup failed for path '<nil>': noURL
2026-09-27 03:03:23.515 xcodebuild[77575:2031167] [MT] IDELaunchParametersSnapshot: no debugger version
    t =     1.44s         Setting up automation session
    t =     5.60s         Wait for com.sleuthysloth.condisco to idle
    t =     8.46s Waiting 30.0s for "Choose a language" Button to exist
    t =     9.50s     Checking `Expect predicate `existsNoRetry == 1` for object "Choose a language" Button`
    t =     9.50s         Checking existence of `"Choose a language" Button`
    t =     9.61s Tap "Choose a language" Button
    t =     9.61s     Wait for com.sleuthysloth.condisco to idle
    t =     9.62s     Find the "Choose a language" Button
    t =     9.62s     Check for interrupting elements affecting "Choose a language" Button
    t =     9.63s     Synthesize event
    t =     9.95s     Wait for com.sleuthysloth.condisco to idle
    t =     9.96s Waiting 10.0s for "Which language are you learning?" StaticText to exist
    t =    11.01s     Checking `Expect predicate `existsNoRetry == 1` for object "Which language are you learning?" StaticText`
    t =    11.01s         Checking existence of `"Which language are you learning?" StaticText`
    t =    11.05s Checking existence of `"French foundations" StaticText`
    t =    11.06s Find the "Continue" Button
    t =    11.07s Find the "Continue" Button
    t =    11.09s Find the "Continue" Button
    t =    11.10s Find the "Continue" Button
    t =    11.11s Find the "Continue" Button
    t =    11.23s Tap "Continue" Button
    t =    11.23s     Wait for com.sleuthysloth.condisco to idle
    t =    11.24s     Find the "Continue" Button
    t =    11.25s     Check for interrupting elements affecting "Continue" Button
    t =    11.26s     Synthesize event
    t =    11.56s     Wait for com.sleuthysloth.condisco to idle
    t =    11.56s Waiting 10.0s for Button (First Match) to exist
    t =    12.59s     Checking `Expect predicate `existsNoRetry == 1` for object Button (First Match)`
    t =    12.59s         Checking existence of `Button (First Match)`
    t =    12.62s Find the Button (First Match)
    t =    12.64s Find the "I'm starting fresh, Begin with your first mission. No experience needed." Button
    t =    12.66s Find the "I'm starting fresh, Begin with your first mission. No experience needed." Button
    t =    12.67s Find the "I'm starting fresh, Begin with your first mission. No experience needed." Button
    t =    12.69s Find the "I'm starting fresh, Begin with your first mission. No experience needed." Button
    t =    12.71s Tap "I'm starting fresh, Begin with your first mission. No experience needed." Button
    t =    12.71s     Wait for com.sleuthysloth.condisco to idle
    t =    12.72s     Find the "I'm starting fresh, Begin with your first mission. No experience needed." Button
    t =    12.74s     Check for interrupting elements affecting "I'm starting fresh, Begin with your first mission. No experience needed." Button
    t =    12.76s     Synthesize event
    t =    13.06s     Wait for com.sleuthysloth.condisco to idle
    t =    13.84s Waiting 20.0s for "Start lesson" Button to exist
    t =    14.88s     Checking `Expect predicate `existsNoRetry == 1` for object "Start lesson" Button`
    t =    14.88s         Checking existence of `"Start lesson" Button`
    t =    14.99s Waiting 10.0s for "Back to lessons" Button to exist
    t =    16.04s     Checking `Expect predicate `existsNoRetry == 1` for object "Back to lessons" Button`
    t =    16.04s         Checking existence of `"Back to lessons" Button`
    t =    16.09s Tap "Back to lessons" Button
    t =    16.09s     Wait for com.sleuthysloth.condisco to idle
    t =    16.09s     Find the "Back to lessons" Button
    t =    16.13s     Check for interrupting elements affecting "Back to lessons" Button
    t =    16.17s     Synthesize event
    t =    16.46s     Wait for com.sleuthysloth.condisco to idle
    t =    16.80s Waiting 30.0s for "Home" Button to exist
    t =    17.82s     Checking `Expect predicate `existsNoRetry == 1` for object "Home" Button`
    t =    17.82s         Checking existence of `"Home" Button`
    t =    17.86s Checking existence of `"Home" Button`
    t =    17.88s Checking existence of `"Courses" Button`
    t =    17.90s Checking existence of `"Listen" Button`
    t =    17.94s Checking existence of `"Review" Button`
    t =    17.98s Checking existence of `"You" Button`
    t =    18.06s Checking existence of `"Focus language" Button`
    t =    18.12s Checking existence of `"home.today.header" StaticText`
    t =    18.15s Waiting 10.0s for "home.today.primary" Button to exist
    t =    19.20s     Checking `Expect predicate `existsNoRetry == 1` for object "home.today.primary" Button`
    t =    19.20s         Checking existence of `"home.today.primary" Button`
    t =    19.26s Find the "home.today.primary" Button
    t =    19.29s Find the Target Application 'com.sleuthysloth.condisco'
    t =    19.45s Added attachment named 'voiceover-labels-home'
    t =    19.45s Tap "You" Button
    t =    19.45s     Wait for com.sleuthysloth.condisco to idle
    t =    19.46s     Find the "You" Button
    t =    19.48s     Check for interrupting elements affecting "person" Button
    t =    19.50s     Synthesize event
    t =    19.80s     Wait for com.sleuthysloth.condisco to idle
    t =    21.70s Waiting 10.0s for "Your learning" StaticText to exist
    t =    22.74s     Checking `Expect predicate `existsNoRetry == 1` for object "Your learning" StaticText`
    t =    22.75s         Checking existence of `"Your learning" StaticText`
    t =    22.81s Find the "Preferences" Button
    t =    22.85s Swipe up Target Application 'com.sleuthysloth.condisco'
    t =    22.85s     Wait for com.sleuthysloth.condisco to idle
    t =    22.85s     Find the Target Application 'com.sleuthysloth.condisco'
    t =    22.87s     Check for interrupting elements affecting "Condisco" Application
    t =    22.88s     Synthesize event
    t =    23.30s     Wait for com.sleuthysloth.condisco to idle
    t =    23.95s Find the "Preferences" Button
    t =    24.00s Find the "Preferences" Button
    t =    24.03s Find the "Preferences" Button
    t =    24.06s Find the "Preferences" Button
    t =    24.08s Tap "Preferences" Button
    t =    24.08s     Wait for com.sleuthysloth.condisco to idle
    t =    24.08s     Find the "Preferences" Button
    t =    24.10s     Check for interrupting elements affecting "Preferences" Button
    t =    24.12s     Synthesize event
    t =    24.40s     Wait for com.sleuthysloth.condisco to idle
    t =    24.64s Waiting 10.0s for "Reduce motion" Switch to exist
    t =    25.66s     Checking `Expect predicate `existsNoRetry == 1` for object "Reduce motion" Switch`
    t =    25.66s         Checking existence of `"Reduce motion" Switch`
    t =    25.72s Checking existence of `"Larger text" Switch`
    t =    25.75s Find the Target Application 'com.sleuthysloth.condisco'
    t =    25.87s Added attachment named 'voiceover-labels-comfort'
    t =    25.87s Tear Down
Test Case '-[CondiscoUITests.AccessibilitySweepUITests testVoiceOverLabelsOnKeyControls]' passed (26.212 seconds).
Test Suite 'AccessibilitySweepUITests' passed at 2026-09-27 03:03:48.507.
	 Executed 5 tests, with 0 failures (0 unexpected) in 170.316 (170.342) seconds
Test Suite 'FirstRunUITests' started at 2026-09-27 03:03:48.516.
Test Case '-[CondiscoUITests.FirstRunUITests testFreshFrenchLearnerCanFinishFirstMissionAfterAccentAndWrongAnswer]' started.
    t =     0.00s Start Test at 2026-09-27 03:03:48.518
    t =     0.07s Set Up
    t =     0.07s Open com.sleuthysloth.condisco
    t =     0.08s     Launch com.sleuthysloth.condisco
    t =     0.08s         Terminate com.sleuthysloth.condisco:78591
2026-09-27 03:03:49.679 xcodebuild[77575:2031167] [MT] IDELaunchParametersSnapshot: debugger version lookup failed for path '<nil>': noURL
2026-09-27 03:03:49.681 xcodebuild[77575:2031167] [MT] IDELaunchParametersSnapshot: no debugger version
    t =     1.38s         Setting up automation session
    t =     4.93s         Wait for com.sleuthysloth.condisco to idle
    t =     7.11s Waiting 30.0s for "Choose a language" Button to exist
    t =     8.14s     Checking `Expect predicate `existsNoRetry == 1` for object "Choose a language" Button`
    t =     8.15s         Checking existence of `"Choose a language" Button`
    t =     8.22s Tap "Choose a language" Button
    t =     8.22s     Wait for com.sleuthysloth.condisco to idle
    t =     8.22s     Find the "Choose a language" Button
    t =     8.23s     Check for interrupting elements affecting "Choose a language" Button
    t =     8.23s     Synthesize event
    t =     8.56s     Wait for com.sleuthysloth.condisco to idle
    t =     8.56s Waiting 10.0s for "Which language are you learning?" StaticText to exist
    t =     9.62s     Checking `Expect predicate `existsNoRetry == 1` for object "Which language are you learning?" StaticText`
    t =     9.62s         Checking existence of `"Which language are you learning?" StaticText`
    t =     9.68s Checking existence of `"French foundations" StaticText`
    t =     9.69s Tap "Continue" Button
    t =     9.69s     Wait for com.sleuthysloth.condisco to idle
    t =     9.69s     Find the "Continue" Button
    t =     9.70s     Check for interrupting elements affecting "Continue" Button
    t =     9.72s     Synthesize event
    t =    10.02s     Wait for com.sleuthysloth.condisco to idle
    t =    10.03s Waiting 10.0s for Button (First Match) to exist
    t =    11.07s     Checking `Expect predicate `existsNoRetry == 1` for object Button (First Match)`
    t =    11.07s         Checking existence of `Button (First Match)`
    t =    11.07s Tap Button (First Match)
    t =    11.07s     Wait for com.sleuthysloth.condisco to idle
    t =    11.08s     Find the Button (First Match)
    t =    11.08s     Check for interrupting elements affecting "I'm starting fresh, Begin with your first mission. No experience needed." Button
    t =    11.09s     Synthesize event
    t =    11.38s     Wait for com.sleuthysloth.condisco to idle
    t =    12.42s Waiting 20.0s for "Start lesson" Button to exist
    t =    13.44s     Checking `Expect predicate `existsNoRetry == 1` for object "Start lesson" Button`
    t =    13.44s         Checking existence of `"Start lesson" Button`
    t =    13.57s Tap "Back to lessons" Button
    t =    13.57s     Wait for com.sleuthysloth.condisco to idle
    t =    13.57s     Find the "Back to lessons" Button
    t =    13.61s     Check for interrupting elements affecting "Back to lessons" Button
    t =    13.67s     Synthesize event
    t =    13.95s     Wait for com.sleuthysloth.condisco to idle
    t =    14.30s Waiting 30.0s for "Home" Button to exist
    t =    15.34s     Checking `Expect predicate `existsNoRetry == 1` for object "Home" Button`
    t =    15.34s         Checking existence of `"Home" Button`
    t =    15.38s Waiting 10.0s for "home.today.header" StaticText to exist
    t =    16.44s     Checking `Expect predicate `existsNoRetry == 1` for object "home.today.header" StaticText`
    t =    16.44s         Checking existence of `"home.today.header" StaticText`
    t =    16.51s Checking existence of `StaticText (First Match)`
    t =    16.55s Tap "You" Button
    t =    16.55s     Wait for com.sleuthysloth.condisco to idle
    t =    16.56s     Find the "You" Button
    t =    16.59s     Check for interrupting elements affecting "person" Button
    t =    16.62s     Synthesize event
    t =    16.91s     Wait for com.sleuthysloth.condisco to idle
    t =    18.73s Waiting 10.0s for "Your learning" StaticText to exist
    t =    19.75s     Checking `Expect predicate `existsNoRetry == 1` for object "Your learning" StaticText`
    t =    19.75s         Checking existence of `"Your learning" StaticText`
    t =    19.80s Checking existence of `"At a glance" StaticText`
    t =    19.82s Checking existence of `"Preferences" Button`
    t =    19.84s Checking existence of `"Account and data" Button`
    t =    19.86s Tap "Home" Button
    t =    19.86s     Wait for com.sleuthysloth.condisco to idle
    t =    19.86s     Find the "Home" Button
    t =    19.88s     Check for interrupting elements affecting "house" Button
    t =    19.92s     Synthesize event
    t =    20.20s     Wait for com.sleuthysloth.condisco to idle
    t =    21.90s Waiting 10.0s for "home.today.primary" Button to exist
    t =    22.94s     Checking `Expect predicate `existsNoRetry == 1` for object "home.today.primary" Button`
    t =    22.94s         Checking existence of `"home.today.primary" Button`
    t =    23.00s Find the "home.today.primary" Button
    t =    23.02s Find the "home.today.primary" Button
    t =    23.06s Tap "home.today.primary" Button
    t =    23.07s     Wait for com.sleuthysloth.condisco to idle
    t =    23.07s     Find the "home.today.primary" Button
    t =    23.09s     Check for interrupting elements affecting "home.today.primary" Button
    t =    23.11s     Synthesize event
    t =    23.41s     Wait for com.sleuthysloth.condisco to idle
    t =    23.82s Waiting 20.0s for "Start lesson" Button to exist
    t =    24.83s     Checking `Expect predicate `existsNoRetry == 1` for object "Start lesson" Button`
    t =    24.84s         Checking existence of `"Start lesson" Button`
    t =    24.91s Tap "Start lesson" Button
    t =    24.91s     Wait for com.sleuthysloth.condisco to idle
    t =    24.91s     Find the "Start lesson" Button
    t =    24.94s     Check for interrupting elements affecting "Start lesson" Button
    t =    24.98s     Synthesize event
    t =    25.28s     Wait for com.sleuthysloth.condisco to idle
    t =    25.54s Waiting 10.0s for "Got it" Button to exist
    t =    26.60s     Checking `Expect predicate `existsNoRetry == 1` for object "Got it" Button`
    t =    26.60s         Checking existence of `"Got it" Button`
    t =    26.68s Tap "Got it" Button
    t =    26.68s     Wait for com.sleuthysloth.condisco to idle
    t =    26.68s     Find the "Got it" Button
    t =    26.72s     Check for interrupting elements affecting "Got it" Button
    t =    26.76s     Synthesize event
    t =    27.05s     Wait for com.sleuthysloth.condisco to idle
    t =    27.06s Tap "Continue" Button
    t =    27.06s     Wait for com.sleuthysloth.condisco to idle
    t =    27.06s     Find the "Continue" Button
    t =    27.12s     Check for interrupting elements affecting "Continue" Button
    t =    27.17s     Synthesize event
    t =    27.46s     Wait for com.sleuthysloth.condisco to idle
    t =    27.46s Waiting 10.0s for "The server looks up from the counter. How do you greet them?" StaticText to exist
    t =    28.48s     Checking `Expect predicate `existsNoRetry == 1` for object "The server looks up from the counter. How do you greet them?" StaticText`
    t =    28.48s         Checking existence of `"The server looks up from the counter. How do you greet them?" StaticText`
    t =    28.55s Tap "Lessons" Button
    t =    28.55s     Wait for com.sleuthysloth.condisco to idle
    t =    28.55s     Find the "Lessons" Button
    t =    28.58s     Check for interrupting elements affecting "Lessons" Button
    t =    28.61s     Synthesize event
    t =    28.90s     Wait for com.sleuthysloth.condisco to idle
    t =    29.33s Waiting 15.0s for "home.today.primary" Button to exist
    t =    30.35s     Checking `Expect predicate `existsNoRetry == 1` for object "home.today.primary" Button`
    t =    30.36s         Checking existence of `"home.today.primary" Button`
    t =    30.38s Find the "home.today.primary" Button
    t =    30.40s Tap "home.today.primary" Button
    t =    30.40s     Wait for com.sleuthysloth.condisco to idle
    t =    30.40s     Find the "home.today.primary" Button
    t =    30.43s     Check for interrupting elements affecting "home.today.primary" Button
    t =    30.45s     Synthesize event
    t =    30.75s     Wait for com.sleuthysloth.condisco to idle
    t =    31.19s Waiting 15.0s for "The server looks up from the counter. How do you greet them?" StaticText to exist
    t =    32.23s     Checking `Expect predicate `existsNoRetry == 1` for object "The server looks up from the counter. How do you greet them?" StaticText`
    t =    32.24s         Checking existence of `"The server looks up from the counter. How do you greet them?" StaticText`
    t =    32.30s Tap "Bonjour." Button
    t =    32.30s     Wait for com.sleuthysloth.condisco to idle
    t =    32.30s     Find the "Bonjour." Button
    t =    32.33s     Check for interrupting elements affecting "Bonjour." Button
    t =    32.36s     Synthesize event
    t =    32.65s     Wait for com.sleuthysloth.condisco to idle
    t =    32.66s Waiting 10.0s for "Check" Button to exist
    t =    33.70s     Checking `Expect predicate `existsNoRetry == 1` for object "Check" Button`
    t =    33.70s         Checking existence of `"Check" Button`
    t =    33.76s Find the "Check" Button
    t =    33.80s Tap "Check" Button
    t =    33.80s     Wait for com.sleuthysloth.condisco to idle
    t =    33.80s     Find the "Check" Button
    t =    33.84s     Check for interrupting elements affecting "Check" Button
    t =    33.87s     Synthesize event
    t =    34.17s     Wait for com.sleuthysloth.condisco to idle
    t =    34.18s Waiting 15.0s for "Next step" Button to exist
    t =    35.18s     Checking `Expect predicate `existsNoRetry == 1` for object "Next step" Button`
    t =    35.19s         Checking existence of `"Next step" Button`
    t =    35.23s Tap "Next step" Button
    t =    35.23s     Wait for com.sleuthysloth.condisco to idle
    t =    35.23s     Find the "Next step" Button
    t =    35.27s     Check for interrupting elements affecting "Next step" Button
    t =    35.30s     Synthesize event
    t =    35.61s     Wait for com.sleuthysloth.condisco to idle
    t =    35.62s Waiting 10.0s for "Build the order: A coffee, please." StaticText to exist
    t =    36.65s     Checking `Expect predicate `existsNoRetry == 1` for object "Build the order: A coffee, please." StaticText`
    t =    36.67s         Checking existence of `"Build the order: A coffee, please." StaticText`
    t =    36.72s Tap "Add Un" Button
    t =    36.72s     Wait for com.sleuthysloth.condisco to idle
    t =    36.72s     Find the "Add Un" Button
    t =    36.76s     Check for interrupting elements affecting "Add Un" Button
    t =    36.79s     Synthesize event
    t =    37.23s     Wait for com.sleuthysloth.condisco to idle
    t =    37.24s Tap "Add café," Button
    t =    37.25s     Wait for com.sleuthysloth.condisco to idle
    t =    37.25s     Find the "Add café," Button
    t =    37.32s     Check for interrupting elements affecting "Add café," Button
    t =    37.36s     Synthesize event
    t =    37.66s     Wait for com.sleuthysloth.condisco to idle
    t =    37.66s Tap "Add s’il vous plaît." Button
    t =    37.66s     Wait for com.sleuthysloth.condisco to idle
    t =    37.66s     Find the "Add s’il vous plaît." Button
    t =    37.70s     Check for interrupting elements affecting "Add s’il vous plaît." Button
    t =    37.73s     Synthesize event
    t =    38.04s     Wait for com.sleuthysloth.condisco to idle
    t =    38.04s Waiting 10.0s for "Check" Button to exist
    t =    39.07s     Checking `Expect predicate `existsNoRetry == 1` for object "Check" Button`
    t =    39.07s         Checking existence of `"Check" Button`
    t =    39.14s Find the "Check" Button
    t =    39.17s Tap "Check" Button
    t =    39.17s     Wait for com.sleuthysloth.condisco to idle
    t =    39.17s     Find the "Check" Button
    t =    39.20s     Check for interrupting elements affecting "Check" Button
    t =    39.24s     Synthesize event
    t =    39.54s     Wait for com.sleuthysloth.condisco to idle
    t =    39.55s Waiting 15.0s for "Next step" Button to exist
    t =    40.59s     Checking `Expect predicate `existsNoRetry == 1` for object "Next step" Button`
    t =    40.59s         Checking existence of `"Next step" Button`
    t =    40.63s Tap "Next step" Button
    t =    40.63s     Wait for com.sleuthysloth.condisco to idle
    t =    40.63s     Find the "Next step" Button
    t =    40.66s     Check for interrupting elements affecting "Next step" Button
    t =    40.69s     Synthesize event
    t =    40.98s     Wait for com.sleuthysloth.condisco to idle
    t =    40.99s Waiting 10.0s for "The cup reaches the counter. What do you say?" StaticText to exist
    t =    42.02s     Checking `Expect predicate `existsNoRetry == 1` for object "The cup reaches the counter. What do you say?" StaticText`
    t =    42.02s         Checking existence of `"The cup reaches the counter. What do you say?" StaticText`
    t =    42.08s Tap "Merci." Button
    t =    42.08s     Wait for com.sleuthysloth.condisco to idle
    t =    42.08s     Find the "Merci." Button
    t =    42.11s     Check for interrupting elements affecting "Merci." Button
    t =    42.14s     Synthesize event
    t =    42.43s     Wait for com.sleuthysloth.condisco to idle
    t =    42.44s Waiting 10.0s for "Check" Button to exist
    t =    43.48s     Checking `Expect predicate `existsNoRetry == 1` for object "Check" Button`
    t =    43.48s         Checking existence of `"Check" Button`
    t =    43.54s Find the "Check" Button
    t =    43.57s Tap "Check" Button
    t =    43.57s     Wait for com.sleuthysloth.condisco to idle
    t =    43.58s     Find the "Check" Button
    t =    43.60s     Check for interrupting elements affecting "Check" Button
    t =    43.63s     Synthesize event
    t =    43.92s     Wait for com.sleuthysloth.condisco to idle
    t =    43.93s Waiting 15.0s for "Next step" Button to exist
    t =    44.93s     Checking `Expect predicate `existsNoRetry == 1` for object "Next step" Button`
    t =    44.93s         Checking existence of `"Next step" Button`
    t =    44.99s Tap "Next step" Button
    t =    44.99s     Wait for com.sleuthysloth.condisco to idle
    t =    45.00s     Find the "Next step" Button
    t =    45.03s     Check for interrupting elements affecting "Next step" Button
    t =    45.06s     Synthesize event
    t =    45.34s     Wait for com.sleuthysloth.condisco to idle
    t =    45.34s Waiting 10.0s for "I've thought about it — let me answer" Button to exist
    t =    46.39s     Checking `Expect predicate `existsNoRetry == 1` for object "I've thought about it — let me answer" Button`
    t =    46.39s         Checking existence of `"I've thought about it — let me answer" Button`
    t =    46.45s Tap "I've thought about it — let me answer" Button
    t =    46.45s     Wait for com.sleuthysloth.condisco to idle
    t =    46.46s     Find the "I've thought about it — let me answer" Button
    t =    46.49s     Check for interrupting elements affecting "I've thought about it — let me answer" Button
    t =    46.52s     Synthesize event
    t =    46.81s     Wait for com.sleuthysloth.condisco to idle
    t =    47.05s Waiting 10.0s for TextView (First Match) to exist
    t =    48.08s     Checking `Expect predicate `existsNoRetry == 1` for object TextView (First Match)`
    t =    48.08s         Checking existence of `TextView (First Match)`
    t =    48.14s Tap TextView (First Match)
    t =    48.14s     Wait for com.sleuthysloth.condisco to idle
    t =    48.14s     Find the TextView (First Match)
    t =    48.17s     Check for interrupting elements affecting "Your answer" TextView
    t =    48.21s     Synthesize event
    t =    48.50s     Wait for com.sleuthysloth.condisco to idle
    t =    52.15s Type 'Un cafe, s’il vous...' into "Your answer" TextView
    t =    52.15s     Wait for com.sleuthysloth.condisco to idle
    t =    52.16s     Find the "Your answer" TextView
    t =    52.48s     Check for interrupting elements affecting "Your answer" TextView
    t =    52.72s     Synthesize event
    t =    53.35s     Wait for com.sleuthysloth.condisco to idle
    t =    53.35s Waiting 10.0s for "Check" Button to exist
    t =    54.40s     Checking `Expect predicate `existsNoRetry == 1` for object "Check" Button`
    t =    54.40s         Checking existence of `"Check" Button`
    t =    55.57s Checking existence of `Keyboard (Descendants matching type Keyboard)`
    t =    55.61s Find the "Check" Button
    t =    55.66s Find the Keyboard (Descendants matching type Keyboard)
    t =    55.70s Tap "Check" Button
    t =    55.70s     Wait for com.sleuthysloth.condisco to idle
    t =    55.70s     Find the "Check" Button
    t =    55.75s     Check for interrupting elements affecting "Check" Button
    t =    55.81s     Synthesize event
    t =    56.11s     Wait for com.sleuthysloth.condisco to idle
    t =    56.11s Waiting 10.0s for StaticText (First Match) to exist
    t =    57.17s     Checking `Expect predicate `existsNoRetry == 1` for object StaticText (First Match)`
    t =    57.17s         Checking existence of `StaticText (First Match)`
    t =    57.22s Checking existence of `StaticText (First Match)`
    t =    57.25s Tap "Next step" Button
    t =    57.25s     Wait for com.sleuthysloth.condisco to idle
    t =    57.25s     Find the "Next step" Button
    t =    57.28s     Check for interrupting elements affecting "Next step" Button
    t =    57.31s     Synthesize event
    t =    57.60s     Wait for com.sleuthysloth.condisco to idle
    t =    57.60s Waiting 10.0s for "Match the three lines you used to their meanings." StaticText to exist
    t =    58.63s     Checking `Expect predicate `existsNoRetry == 1` for object "Match the three lines you used to their meanings." StaticText`
    t =    58.63s         Checking existence of `"Match the three lines you used to their meanings." StaticText`
    t =    58.70s Tap "Bonjour." Button
    t =    58.70s     Wait for com.sleuthysloth.condisco to idle
    t =    58.70s     Find the "Bonjour." Button
    t =    58.73s     Check for interrupting elements affecting "Bonjour." Button
    t =    58.76s     Synthesize event
    t =    59.05s     Wait for com.sleuthysloth.condisco to idle
    t =    59.06s Tap "Hello." Button
    t =    59.06s     Wait for com.sleuthysloth.condisco to idle
    t =    59.06s     Find the "Hello." Button
    t =    59.10s     Check for interrupting elements affecting "Hello." Button
    t =    59.13s     Synthesize event
    t =    59.42s     Wait for com.sleuthysloth.condisco to idle
    t =    59.42s Tap "Un café, s’il vous plaît." Button
    t =    59.42s     Wait for com.sleuthysloth.condisco to idle
    t =    59.43s     Find the "Un café, s’il vous plaît." Button
    t =    59.47s     Check for interrupting elements affecting "Un café, s’il vous plaît." Button
    t =    59.50s     Synthesize event
    t =    59.79s     Wait for com.sleuthysloth.condisco to idle
    t =    59.80s Tap "A coffee, please." Button
    t =    59.80s     Wait for com.sleuthysloth.condisco to idle
    t =    59.81s     Find the "A coffee, please." Button
    t =    59.86s     Check for interrupting elements affecting "A coffee, please." Button
    t =    59.89s     Synthesize event
    t =    60.18s     Wait for com.sleuthysloth.condisco to idle
    t =    60.19s Tap "Merci." Button
    t =    60.19s     Wait for com.sleuthysloth.condisco to idle
    t =    60.19s     Find the "Merci." Button
    t =    60.25s     Check for interrupting elements affecting "Merci." Button
    t =    60.28s     Synthesize event
    t =    60.57s     Wait for com.sleuthysloth.condisco to idle
    t =    60.58s Tap "Thank you." Button
    t =    60.58s     Wait for com.sleuthysloth.condisco to idle
    t =    60.59s     Find the "Thank you." Button
    t =    60.64s     Check for interrupting elements affecting "Thank you." Button
    t =    60.67s     Synthesize event
    t =    60.95s     Wait for com.sleuthysloth.condisco to idle
    t =    60.96s Waiting 10.0s for "Check" Button to exist
    t =    61.98s     Checking `Expect predicate `existsNoRetry == 1` for object "Check" Button`
    t =    61.99s         Checking existence of `"Check" Button`
    t =    62.05s Find the "Check" Button
    t =    62.09s Tap "Check" Button
    t =    62.09s     Wait for com.sleuthysloth.condisco to idle
    t =    62.09s     Find the "Check" Button
    t =    62.12s     Check for interrupting elements affecting "Check" Button
    t =    62.15s     Synthesize event
    t =    62.44s     Wait for com.sleuthysloth.condisco to idle
    t =    62.82s Waiting 15.0s for "Next step" Button to exist
    t =    63.85s     Checking `Expect predicate `existsNoRetry == 1` for object "Next step" Button`
    t =    63.85s         Checking existence of `"Next step" Button`
    t =    63.92s Tap "Next step" Button
    t =    63.92s     Wait for com.sleuthysloth.condisco to idle
    t =    63.92s     Find the "Next step" Button
    t =    63.96s     Check for interrupting elements affecting "Next step" Button
    t =    63.99s     Synthesize event
    t =    64.29s     Wait for com.sleuthysloth.condisco to idle
    t =    64.30s Waiting 10.0s for StaticText (First Match) to exist
    t =    65.33s     Checking `Expect predicate `existsNoRetry == 1` for object StaticText (First Match)`
    t =    65.33s         Checking existence of `StaticText (First Match)`
    t =    65.38s Waiting 10.0s for TextView (First Match) to exist
    t =    66.39s     Checking `Expect predicate `existsNoRetry == 1` for object TextView (First Match)`
    t =    66.39s         Checking existence of `TextView (First Match)`
    t =    66.44s Tap TextView (First Match)
    t =    66.44s     Wait for com.sleuthysloth.condisco to idle
    t =    66.44s     Find the TextView (First Match)
    t =    66.47s     Check for interrupting elements affecting "Your answer" TextView
    t =    66.49s     Synthesize event
    t =    66.78s     Wait for com.sleuthysloth.condisco to idle
    t =    66.79s Type 'No idea yet' into "Your answer" TextView
    t =    66.79s     Wait for com.sleuthysloth.condisco to idle
    t =    66.79s     Find the "Your answer" TextView
    t =    66.84s     Check for interrupting elements affecting "Your answer" TextView
    t =    66.87s     Synthesize event
    t =    67.25s     Wait for com.sleuthysloth.condisco to idle
    t =    67.26s Waiting 10.0s for "Check" Button to exist
    t =    68.27s     Checking `Expect predicate `existsNoRetry == 1` for object "Check" Button`
    t =    68.28s         Checking existence of `"Check" Button`
    t =    69.37s Checking existence of `Keyboard (Descendants matching type Keyboard)`
    t =    69.41s Find the "Check" Button
    t =    69.45s Find the Keyboard (Descendants matching type Keyboard)
    t =    69.49s Tap "Check" Button
    t =    69.49s     Wait for com.sleuthysloth.condisco to idle
    t =    69.49s     Find the "Check" Button
    t =    69.53s     Check for interrupting elements affecting "Check" Button
    t =    69.57s     Synthesize event
    t =    69.85s     Wait for com.sleuthysloth.condisco to idle
    t =    69.86s Waiting 15.0s for "Continue with model answer" Button to exist
    t =    70.91s     Checking `Expect predicate `existsNoRetry == 1` for object "Continue with model answer" Button`
    t =    70.91s         Checking existence of `"Continue with model answer" Button`
    t =    70.95s Checking existence of `StaticText (First Match)`
    t =    70.97s Tap "Continue with model answer" Button
    t =    70.97s     Wait for com.sleuthysloth.condisco to idle
    t =    70.97s     Find the "Continue with model answer" Button
    t =    71.00s     Check for interrupting elements affecting "Continue with model answer" Button
    t =    71.04s     Synthesize event
    t =    71.33s     Wait for com.sleuthysloth.condisco to idle
    t =    71.59s Waiting 15.0s for "Back to lessons" Button to exist
    t =    72.62s     Checking `Expect predicate `existsNoRetry == 1` for object "Back to lessons" Button`
    t =    72.62s         Checking existence of `"Back to lessons" Button`
    t =    72.70s Tap "Back to lessons" Button
    t =    72.70s     Wait for com.sleuthysloth.condisco to idle
    t =    72.80s     Find the "Back to lessons" Button
    t =    72.86s     Check for interrupting elements affecting "Back to lessons" Button
    t =    72.89s     Synthesize event
    t =    72.90s         Scroll element to visible
    t =    72.93s         Find the "Back to lessons" Button
    t =    72.99s         Computed hit point {201, 806.99999999999966} after scrolling to visible
    t =    73.27s     Wait for com.sleuthysloth.condisco to idle
    t =    73.78s Waiting 15.0s for "Review" Button to exist
    t =    74.80s     Checking `Expect predicate `existsNoRetry == 1` for object "Review" Button`
    t =    74.80s         Checking existence of `"Review" Button`
    t =    74.85s Tap "Review" Button
    t =    74.85s     Wait for com.sleuthysloth.condisco to idle
    t =    74.85s     Find the "Review" Button
    t =    74.88s     Check for interrupting elements affecting "arrow.triangle.2.circlepath" Button
    t =    74.90s     Synthesize event
    t =    75.21s     Wait for com.sleuthysloth.condisco to idle
    t =    77.13s Waiting 15.0s for "Review" NavigationBar to exist
    t =    78.18s     Checking `Expect predicate `existsNoRetry == 1` for object "Review" NavigationBar`
    t =    78.19s         Checking existence of `"Review" NavigationBar`
    t =    78.30s Tear Down
Test Case '-[CondiscoUITests.FirstRunUITests testFreshFrenchLearnerCanFinishFirstMissionAfterAccentAndWrongAnswer]' passed (78.714 seconds).
Test Suite 'FirstRunUITests' passed at 2026-09-27 03:05:07.235.
	 Executed 1 test, with 0 failures (0 unexpected) in 78.714 (78.720) seconds
Test Suite 'CondiscoUITests.xctest' passed at 2026-09-27 03:05:07.243.
	 Executed 6 tests, with 0 failures (0 unexpected) in 249.030 (249.079) seconds
Test Suite 'All tests' passed at 2026-09-27 03:05:07.244.
	 Executed 6 tests, with 0 failures (0 unexpected) in 249.030 (249.083) seconds
2026-09-27 03:05:07.797 xcodebuild[77575:2031167] [MT] IDETestOperationsObserverDebug: 319.770 elapsed -- Testing started completed.
2026-09-27 03:05:07.797 xcodebuild[77575:2031167] [MT] IDETestOperationsObserverDebug: 0.000 sec, +0.000 sec -- start
2026-09-27 03:05:07.797 xcodebuild[77575:2031167] [MT] IDETestOperationsObserverDebug: 319.770 sec, +319.770 sec -- end

Test session results, code coverage, and logs:
	/var/folders/3w/91hphlzs0rv_1twbkfyhvn6m0000gn/T/condisco-preflight.ngRWOC/DerivedData/Logs/Test/Test-Condisco-2026.09.27_02-59-46--0700.xcresult

** TEST SUCCEEDED **

Testing started
PASS UI smoke (CondiscoUITests)

=======================================================
  PREFLIGHT PASSED — every required step is green.
=======================================================
