=== Phase 2 gate ===
date: 2026-09-26 13:02:08 -0700
HEAD: 50a9f7fd43f2442707bd35b5f4deb2054dae5b61
diffstat-tail:  44 files changed, 4354 insertions(+), 1738 deletions(-)
=== bash tools/preflight.sh --with-ui ===

== Step 1/5  Pack + media integrity  (tools/check_packs.sh) ==
PASS french: 50 lessons
PASS italian: 49 lessons
PASS german: 52 lessons
PASS portuguese: 52 lessons
PASS spanish: 52 lessons
PASS all five languages; 72 shared-feedback replies; invalid legacy policy rejected
== fr-foundations.json media ==
  device-speech (intentional)  fr-polite-coffee-audio  /audio/french-ordering/fr-ordering-politely-answer.wav
  device-speech (intentional)  fr-identity-foundation-model  /audio/french-foundations/fr-identity-foundation-model.wav
  device-speech (intentional)  fr-people-foundation-model  /audio/french-foundations/fr-people-foundation-model.wav
  device-speech (intentional)  fr-family-foundation-model  /audio/french-foundations/fr-family-foundation-model.wav
  device-speech (intentional)  fr-numbers-foundation-model  /audio/french-foundations/fr-numbers-foundation-model.wav
  summary: 5 declared, 0 on disk, 5 missing (5 allowlisted for device speech)
== it-foundations.json media ==
  device-speech (intentional)  it-polite-coffee-audio  /audio/italian/it-ordering-politely-answer.wav
  device-speech (intentional)  it-identity-foundation-model  /audio/italian-foundations/it-identity-foundation-model.wav
  device-speech (intentional)  it-people-foundation-model  /audio/italian-foundations/it-people-foundation-model.wav
  device-speech (intentional)  it-family-foundation-model  /audio/italian-foundations/it-family-foundation-model.wav
  device-speech (intentional)  it-numbers-foundation-model  /audio/italian-foundations/it-numbers-foundation-model.wav
  device-speech (intentional)  it-descriptions-foundation-model  /audio/italian-foundations/it-descriptions-foundation-model.wav
  device-speech (intentional)  it-plural-foundation-model  /audio/italian-foundations/it-plural-foundation-model.wav
  device-speech (intentional)  it-negation-foundation-model  /audio/italian-foundations/it-negation-foundation-model.wav
  device-speech (intentional)  it-food-foundation-model  /audio/italian-foundations/it-food-foundation-model.wav
  device-speech (intentional)  it-possession-foundation-model  /audio/italian-foundations/it-possession-foundation-model.wav
  device-speech (intentional)  it-requests-foundation-model  /audio/italian-foundations/it-requests-foundation-model.wav
  device-speech (intentional)  it-past-foundation-model  /audio/italian-foundations/it-past-foundation-model.wav
  device-speech (intentional)  it-plans-foundation-model  /audio/italian-foundations/it-plans-foundation-model.wav
  device-speech (intentional)  it-days-foundation-model  /audio/italian-foundations/it-days-foundation-model.wav
  device-speech (intentional)  it-market-foundation-model  /audio/italian-foundations/it-market-foundation-model.wav
  device-speech (intentional)  it-emergency-foundation-model  /audio/italian-foundations/it-emergency-foundation-model.wav
  ok  it-market-listen-audio  /audio/italian-foundations/it-market-foundation-listen.mp3
  summary: 17 declared, 1 on disk, 16 missing (16 allowlisted for device speech)
== de-foundations.json media ==
  summary: 0 declared, 0 on disk, 0 missing (0 allowlisted for device speech)
== pt-foundations.json media ==
  summary: 0 declared, 0 on disk, 0 missing (0 allowlisted for device speech)
== es-foundations.json media ==
  summary: 0 declared, 0 on disk, 0 missing (0 allowlisted for device speech)
== listen-tracks ==
  ok  french  fr-identity-foundation  /audio/french-foundations/fr-identity-listen.mp3
  ok  italian  it-market-foundation  /audio/italian-foundations/it-market-foundation-listen.mp3
  ok  german  de-introductions-foundation  /audio/german-foundations/de-introductions-foundation-listen.mp3
  ok  portuguese  pt-introductions-foundation  /audio/portuguese-foundations/pt-introductions-foundation-listen.mp3
  ok  spanish  es-introductions-foundation  /audio/spanish-foundations/es-introductions-foundation-listen.mp3
== MISSING ASSETS ==
  MISSING fr-foundations fr-polite-coffee-audio /audio/french-ordering/fr-ordering-politely-answer.wav — device-speech (intentional) — referenced by lesson fr-cafe-order-foundation step fr-cafe-order-foundation-step-fr-cafe-order-foundation-listen-model, lesson fr-cafe-order-foundation legacy dictation fr-cafe-order-foundation-listen-model
  MISSING fr-foundations fr-identity-foundation-model /audio/french-foundations/fr-identity-foundation-model.wav — device-speech (intentional) — referenced by lesson fr-identity-foundation step fr-identity-foundation-step-fr-identity-foundation-listen-model, lesson fr-identity-foundation legacy dictation fr-identity-foundation-listen-model
  MISSING fr-foundations fr-people-foundation-model /audio/french-foundations/fr-people-foundation-model.wav — device-speech (intentional) — referenced by lesson fr-people-foundation step fr-people-foundation-step-fr-people-foundation-listen-model, lesson fr-people-foundation legacy dictation fr-people-foundation-listen-model
  MISSING fr-foundations fr-family-foundation-model /audio/french-foundations/fr-family-foundation-model.wav — device-speech (intentional) — referenced by lesson fr-family-foundation step fr-family-foundation-step-fr-family-foundation-listen-model, lesson fr-family-foundation legacy dictation fr-family-foundation-listen-model
  MISSING fr-foundations fr-numbers-foundation-model /audio/french-foundations/fr-numbers-foundation-model.wav — device-speech (intentional) — referenced by lesson fr-numbers-foundation step fr-numbers-foundation-step-fr-numbers-foundation-listen-model, lesson fr-numbers-foundation legacy dictation fr-numbers-foundation-listen-model
  MISSING it-foundations it-polite-coffee-audio /audio/italian/it-ordering-politely-answer.wav — device-speech (intentional) — referenced by lesson it-requests-foundation step it-requests-foundation-step-it-requests-foundation-listen, lesson it-requests-foundation legacy dictation it-requests-foundation-listen, lesson it-cafe-order-foundation step it-cafe-order-foundation-step-say, lesson it-cafe-order-foundation step it-cafe-order-foundation-step-it-cafe-order-foundation-listen-model, lesson it-cafe-order-foundation legacy dictation it-cafe-order-foundation-listen-model
  MISSING it-foundations it-identity-foundation-model /audio/italian-foundations/it-identity-foundation-model.wav — device-speech (intentional) — referenced by lesson it-identity-foundation step it-identity-foundation-step-it-identity-foundation-listen-model, lesson it-identity-foundation legacy dictation it-identity-foundation-listen-model
  MISSING it-foundations it-people-foundation-model /audio/italian-foundations/it-people-foundation-model.wav — device-speech (intentional) — referenced by lesson it-people-foundation step it-people-foundation-step-say, lesson it-people-foundation step it-people-foundation-step-it-people-foundation-listen-model, lesson it-people-foundation legacy dictation it-people-foundation-listen-model
  MISSING it-foundations it-family-foundation-model /audio/italian-foundations/it-family-foundation-model.wav — device-speech (intentional) — referenced by lesson it-family-foundation step it-family-foundation-step-say, lesson it-family-foundation step it-family-foundation-step-it-family-foundation-listen-model, lesson it-family-foundation legacy dictation it-family-foundation-listen-model
  MISSING it-foundations it-numbers-foundation-model /audio/italian-foundations/it-numbers-foundation-model.wav — device-speech (intentional) — referenced by lesson it-numbers-foundation step it-numbers-foundation-step-rb9, lesson it-numbers-foundation step it-numbers-foundation-step-rb10, lesson it-numbers-foundation legacy dictation it-numbers-foundation-listen-model
  MISSING it-foundations it-descriptions-foundation-model /audio/italian-foundations/it-descriptions-foundation-model.wav — device-speech (intentional) — referenced by lesson it-descriptions-foundation step it-descriptions-foundation-step-rb8, lesson it-descriptions-foundation step it-descriptions-foundation-step-rb10, lesson it-descriptions-foundation legacy dictation it-descriptions-foundation-listen-model
  MISSING it-foundations it-plural-foundation-model /audio/italian-foundations/it-plural-foundation-model.wav — device-speech (intentional) — referenced by lesson it-plural-foundation step it-plural-foundation-step-rb9, lesson it-plural-foundation step it-plural-foundation-step-rb10, lesson it-plural-foundation legacy dictation it-plural-foundation-listen-model
  MISSING it-foundations it-negation-foundation-model /audio/italian-foundations/it-negation-foundation-model.wav — device-speech (intentional) — referenced by lesson it-negation-foundation step it-negation-foundation-step-rb10, lesson it-negation-foundation legacy dictation it-negation-foundation-listen-model
  MISSING it-foundations it-food-foundation-model /audio/italian-foundations/it-food-foundation-model.wav — device-speech (intentional) — referenced by lesson it-food-foundation step it-food-foundation-step-say, lesson it-food-foundation step it-food-foundation-step-it-food-foundation-listen-model, lesson it-food-foundation legacy dictation it-food-foundation-listen-model
  MISSING it-foundations it-possession-foundation-model /audio/italian-foundations/it-possession-foundation-model.wav — device-speech (intentional) — referenced by lesson it-possession-foundation step it-possession-foundation-step-rb9, lesson it-possession-foundation step it-possession-foundation-step-rb10, lesson it-possession-foundation legacy dictation it-possession-foundation-listen-model
  MISSING it-foundations it-requests-foundation-model /audio/italian-foundations/it-requests-foundation-model.wav — device-speech (intentional) — referenced by lesson it-requests-foundation step it-requests-foundation-step-say, lesson it-requests-foundation step it-requests-foundation-step-it-requests-foundation-listen-model, lesson it-requests-foundation legacy dictation it-requests-foundation-listen-model
  MISSING it-foundations it-past-foundation-model /audio/italian-foundations/it-past-foundation-model.wav — device-speech (intentional) — referenced by lesson it-past-foundation step it-past-foundation-step-rb7, lesson it-past-foundation legacy dictation it-past-foundation-listen-model
  MISSING it-foundations it-plans-foundation-model /audio/italian-foundations/it-plans-foundation-model.wav — device-speech (intentional) — referenced by lesson it-plans-foundation step it-plans-foundation-step-rb9, lesson it-plans-foundation legacy dictation it-plans-foundation-listen-model
  MISSING it-foundations it-days-foundation-model /audio/italian-foundations/it-days-foundation-model.wav — device-speech (intentional) — referenced by lesson it-days-foundation step it-days-foundation-step-rb9, lesson it-days-foundation step it-days-foundation-step-rb10, lesson it-days-foundation legacy dictation it-days-foundation-listen-model
  MISSING it-foundations it-market-foundation-model /audio/italian-foundations/it-market-foundation-model.wav — device-speech (intentional) — referenced by lesson it-market-foundation step it-market-foundation-step-say, lesson it-market-foundation step it-market-foundation-step-it-market-foundation-listen-model, lesson it-market-foundation legacy dictation it-market-foundation-listen-model
  MISSING it-foundations it-emergency-foundation-model /audio/italian-foundations/it-emergency-foundation-model.wav — device-speech (intentional) — referenced by lesson it-emergency-foundation step it-emergency-foundation-step-rb10, lesson it-emergency-foundation legacy dictation it-emergency-foundation-listen-model
PASS Content media inventory: every declared asset resolves with matching type/hash, or is allowlisted for device speech
== attribution citations ==
  ok  fr-foundations fr-polite-coffee-audio: cites docs/audio-provenance/index.md — exists
  ok  it-foundations it-polite-coffee-audio: cites docs/audio-provenance/index.md — exists
  ok  it-foundations it-market-listen-audio: cites docs/audio-provenance/italian-market-listen.json — exists
PASS attribution citations: every docs/… reference resolves to a file in the repo
== listen-tracks integrity ==
  ok duration french: declared 755.58s, actual 755.640s (delta 0.060s)
  ok sections french [#0 'Welcome']: startS 0.0s
  ok sections french [#1 'Two words']: startS 13.78s
  ok sections french [#2 'Think: Marc']: startS 31.53s
  ok sections french [#3 'Marie and Paul']: startS 52.68s
  ok sections french [#4 'One letter']: startS 64.6s
  ok sections french [#5 'Think: Marie']: startS 75.48s
  ok sections french [#6 'Transfer: Sophie']: startS 95.15s
  ok sections french [#7 'Bonjour and Salut']: startS 114.78s
  ok sections french [#8 'Think: New friend']: startS 145.58s
  ok sections french [#9 'Tu and Vous']: startS 169.88s
  ok sections french [#10 'Think: Addressing a shopkeeper']: startS 203.75s
  ok sections french [#11 'Numbers: one through five']: startS 231.4s
  ok sections french [#12 'Think: six through ten']: startS 267.55s
  ok sections french [#13 'J'ai']: startS 295.07s
  ok sections french [#14 'Think: Building with J'ai']: startS 326.0s
  ok sections french [#15 'Transfer: The greeting stack']: startS 355.22s
  ok sections french [#16 'Colors: rouge, bleu, vert']: startS 390.17s
  ok sections french [#17 'Think: Color agreement']: startS 425.87s
  ok sections french [#18 'Il est']: startS 461.45s
  ok sections french [#19 'Think: What time is it?']: startS 496.37s
  ok sections french [#20 'Colors and time together']: startS 523.77s
  ok sections french [#21 'Je vais']: startS 553.82s
  ok sections french [#22 'Think: Where are you going?']: startS 584.37s
  ok sections french [#23 'Full dialogue: The bakery']: startS 621.13s
  ok sections french [#24 'Dialogue: Polite requests']: startS 654.4s
  ok sections french [#25 'Dialogue: Numbers and payment']: startS 689.0s
  ok sections french [#26 'Closing: What you built']: startS 720.1s
  ok duration italian: declared 663.92s, actual 663.984s (delta 0.064s)
  ok sections italian [#0 'Part 1: Welcome']: startS 0.0s
  ok sections italian [#1 'Part 2: Numbers framing']: startS 19.48s
  ok sections italian [#2 'Part 3: Numbers teens']: startS 36.25s
  ok sections italian [#3 'Part 4: Think number']: startS 57.78s
  ok sections italian [#4 'Part 5: Un una']: startS 71.9s
  ok sections italian [#5 'Part 6: Etto']: startS 90.95s
  ok sections italian [#6 'Part 7: Costa think']: startS 107.08s
  ok sections italian [#7 'Part 8: Costano think']: startS 125.7s
  ok sections italian [#8 'Part 9: Prices']: startS 141.75s
  ok sections italian [#9 'Part 10: Vorrei']: startS 158.25s
  ok sections italian [#10 'Part 11: Courtesy']: startS 174.03s
  ok sections italian [#11 'Part 12: Dialogue setup']: startS 186.8s
  ok sections italian [#12 'Part 13: Transfer — market to restaurant']: startS 209.77s
  ok sections italian [#13 'Part 14: At the table — ordering']: startS 243.35s
  ok sections italian [#14 'Part 15: Menu blocks']: startS 270.1s
  ok sections italian [#15 'Part 16: Think — order the pasta']: startS 294.55s
  ok sections italian [#16 'Part 17: Think — order wine and water']: startS 316.43s
  ok sections italian [#17 'Part 18: Asking for the bill']: startS 338.33s
  ok sections italian [#18 'Part 19: Think — the bill']: startS 360.65s
  ok sections italian [#19 'Part 20: Family — my father, my mother']: startS 383.4s
  ok sections italian [#20 'Part 21: Family — brother, sister, parents']: startS 407.7s
  ok sections italian [#21 'Part 22: Transfer — family meets the table']: startS 430.25s
  ok sections italian [#22 'Part 23: Think — introducing family']: startS 457.5s
  ok sections italian [#23 'Part 24: Telling time — the question']: startS 478.55s
  ok sections italian [#24 'Part 25: One o'clock']: startS 499.58s
  ok sections italian [#25 'Part 26: Two, three, eight o'clock']: startS 522.18s
  ok sections italian [#26 'Part 27: Think — building a time']: startS 543.58s
  ok sections italian [#27 'Part 28: Transfer — time plus reservation']: startS 563.68s
  ok sections italian [#28 'Part 29: Full restaurant dialogue']: startS 595.38s
  ok sections italian [#29 'Part 30: Closing']: startS 634.15s
  ok duration german: declared 772.92s, actual 772.968s (delta 0.048s)
  ok sections german [#0 'Start with a greeting']: startS 0.0s
  ok sections german [#1 'Retrieve the greeting']: startS 18.14s
  ok sections german [#2 'Introduce your name']: startS 41.33s
  ok sections german [#3 'Recall the introduction']: startS 59.03s
  ok sections german [#4 'Meet a second speaker']: startS 83.23s
  ok sections german [#5 'Change the speaker']: startS 101.32s
  ok sections german [#6 'Return to the first name']: startS 125.3s
  ok sections german [#7 'Another way to identify yourself']: startS 149.65s
  ok sections german [#8 'Choose the shorter meaning']: startS 168.24s
  ok sections german [#9 'Transfer the new block']: startS 191.81s
  ok sections german [#10 'Put a greeting before your name']: startS 215.27s
  ok sections german [#11 'Introduce yourself on arrival']: startS 233.81s
  ok sections german [#12 'Ask for coffee']: startS 259.16s
  ok sections german [#13 'Retrieve the drink request']: startS 277.05s
  ok sections german [#14 'Add politeness']: startS 300.42s
  ok sections german [#15 'Hear the complete request']: startS 315.81s
  ok sections german [#16 'Order politely']: startS 332.9s
  ok sections german [#17 'Choose a different drink']: startS 357.67s
  ok sections german [#18 'Transfer politeness to tea']: startS 375.63s
  ok sections german [#19 'Switch back to coffee']: startS 399.76s
  ok sections german [#20 'Thank the person']: startS 424.73s
  ok sections german [#21 'Retrieve a thank you']: startS 439.54s
  ok sections german [#22 'Hear a complete counter exchange']: startS 466.43s
  ok sections german [#23 'Make your first visit']: startS 485.06s
  ok sections german [#24 'Change the order to tea']: startS 511.0s
  ok sections german [#25 'Return to introductions']: startS 535.73s
  ok sections german [#26 'Choose your identity pattern']: startS 561.6s
  ok sections german [#27 'A final independent request']: startS 585.77s
  ok sections german [#28 'Numbers: one through five']: startS 613.35s
  ok sections german [#29 'Think: Counting items']: startS 646.91s
  ok sections german [#30 'Telling time']: startS 669.71s
  ok sections german [#31 'Think: Your schedule']: startS 696.12s
  ok sections german [#32 'Transfer: Restaurant arrival']: startS 715.18s
  ok sections german [#33 'Full dialogue: The restaurant']: startS 745.11s
  ok duration portuguese: declared 785.17s, actual 785.232s (delta 0.062s)
  ok sections portuguese [#0 'Start with a greeting']: startS 0.0s
  ok sections portuguese [#1 'Retrieve the greeting']: startS 18.38s
  ok sections portuguese [#2 'Introduce your name']: startS 41.8s
  ok sections portuguese [#3 'Recall the introduction']: startS 60.6s
  ok sections portuguese [#4 'Meet a second speaker']: startS 85.42s
  ok sections portuguese [#5 'Change the speaker']: startS 104.22s
  ok sections portuguese [#6 'Return to the first name']: startS 128.93s
  ok sections portuguese [#7 'Another way to identify yourself']: startS 153.9s
  ok sections portuguese [#8 'Choose the shorter meaning']: startS 173.07s
  ok sections portuguese [#9 'Transfer the new block']: startS 197.05s
  ok sections portuguese [#10 'Put a greeting before your name']: startS 221.02s
  ok sections portuguese [#11 'Introduce yourself on arrival']: startS 239.75s
  ok sections portuguese [#12 'Ask for coffee']: startS 265.27s
  ok sections portuguese [#13 'Retrieve the drink request']: startS 283.4s
  ok sections portuguese [#14 'Add politeness']: startS 307.1s
  ok sections portuguese [#15 'Hear the complete request']: startS 323.05s
  ok sections portuguese [#16 'Order politely']: startS 341.07s
  ok sections portuguese [#17 'Choose a different drink']: startS 366.77s
  ok sections portuguese [#18 'Transfer politeness to tea']: startS 384.92s
  ok sections portuguese [#19 'Switch back to coffee']: startS 410.2s
  ok sections portuguese [#20 'Thank the person']: startS 436.1s
  ok sections portuguese [#21 'Hear the other speaker form']: startS 454.02s
  ok sections portuguese [#22 'Hear a complete counter exchange']: startS 474.35s
  ok sections portuguese [#23 'Make your first visit']: startS 493.45s
  ok sections portuguese [#24 'Change the order to tea']: startS 519.85s
  ok sections portuguese [#25 'Return to introductions']: startS 544.92s
  ok sections portuguese [#26 'Choose your identity pattern']: startS 570.98s
  ok sections portuguese [#27 'A final independent request']: startS 595.55s
  ok sections portuguese [#28 'Numbers: one through five']: startS 624.28s
  ok sections portuguese [#29 'Think: Counting items']: startS 657.5s
  ok sections portuguese [#30 'Telling time']: startS 681.0s
  ok sections portuguese [#31 'Think: Your schedule']: startS 708.03s
  ok sections portuguese [#32 'Transfer: Shopping arrival']: startS 727.58s
  ok sections portuguese [#33 'Full dialogue: The café']: startS 757.43s
  ok duration spanish: declared 795.60s, actual 795.648s (delta 0.048s)
  ok sections spanish [#0 'Start with a greeting']: startS 0.0s
  ok sections spanish [#1 'Retrieve the greeting']: startS 18.27s
  ok sections spanish [#2 'Introduce your name']: startS 41.6s
  ok sections spanish [#3 'Recall the introduction']: startS 60.77s
  ok sections spanish [#4 'Meet a second speaker']: startS 85.33s
  ok sections spanish [#5 'Change the speaker']: startS 103.9s
  ok sections spanish [#6 'Return to the first name']: startS 128.38s
  ok sections spanish [#7 'Another way to identify yourself']: startS 153.07s
  ok sections spanish [#8 'Choose the shorter meaning']: startS 170.02s
  ok sections spanish [#9 'Transfer the new block']: startS 193.62s
  ok sections spanish [#10 'Put a greeting before your name']: startS 217.2s
  ok sections spanish [#11 'Introduce yourself on arrival']: startS 235.75s
  ok sections spanish [#12 'Ask for coffee']: startS 261.1s
  ok sections spanish [#13 'Retrieve the drink request']: startS 278.27s
  ok sections spanish [#14 'Add politeness']: startS 301.82s
  ok sections spanish [#15 'Hear the complete request']: startS 317.72s
  ok sections spanish [#16 'Order politely']: startS 335.25s
  ok sections spanish [#17 'Choose a different drink']: startS 360.45s
  ok sections spanish [#18 'Transfer politeness to tea']: startS 378.4s
  ok sections spanish [#19 'Switch back to coffee']: startS 403.17s
  ok sections spanish [#20 'Thank the person']: startS 428.57s
  ok sections spanish [#21 'Retrieve a thank you']: startS 443.87s
  ok sections spanish [#22 'Hear a complete counter exchange']: startS 471.25s
  ok sections spanish [#23 'Make your first visit']: startS 489.75s
  ok sections spanish [#24 'Change the order to tea']: startS 515.55s
  ok sections spanish [#25 'Return to introductions']: startS 540.05s
  ok sections spanish [#26 'Choose your identity pattern']: startS 565.92s
  ok sections spanish [#27 'A final independent request']: startS 590.12s
  ok sections spanish [#28 'Numbers: one through five']: startS 618.35s
  ok sections spanish [#29 'Think: How many?']: startS 653.48s
  ok sections spanish [#30 'Telling time']: startS 684.4s
  ok sections spanish [#31 'Think: Your schedule']: startS 713.98s
  ok sections spanish [#32 'Transfer: Restaurant arrival']: startS 735.73s
  ok sections spanish [#33 'Full dialogue: The restaurant']: startS 765.63s
== device-speech allowlist text audit ==
  PASS fr-family-foundation-model: lesson fr-family-foundation step fr-family-foundation-step-fr-family-foundation-listen-model — visible prompt/transcript
  PASS fr-family-foundation-model: lesson fr-family-foundation legacy dictation fr-family-foundation-listen-model — visible prompt/transcript
  PASS fr-identity-foundation-model: lesson fr-identity-foundation step fr-identity-foundation-step-fr-identity-foundation-listen-model — visible prompt/transcript
  PASS fr-identity-foundation-model: lesson fr-identity-foundation legacy dictation fr-identity-foundation-listen-model — visible prompt/transcript
  PASS fr-numbers-foundation-model: lesson fr-numbers-foundation step fr-numbers-foundation-step-fr-numbers-foundation-listen-model — visible prompt/transcript
  PASS fr-numbers-foundation-model: lesson fr-numbers-foundation legacy dictation fr-numbers-foundation-listen-model — visible prompt/transcript
  PASS fr-people-foundation-model: lesson fr-people-foundation step fr-people-foundation-step-fr-people-foundation-listen-model — visible prompt/transcript
  PASS fr-people-foundation-model: lesson fr-people-foundation legacy dictation fr-people-foundation-listen-model — visible prompt/transcript
  PASS fr-polite-coffee-audio: lesson fr-cafe-order-foundation step fr-cafe-order-foundation-step-fr-cafe-order-foundation-listen-model — visible prompt/transcript
  PASS fr-polite-coffee-audio: lesson fr-cafe-order-foundation legacy dictation fr-cafe-order-foundation-listen-model — visible prompt/transcript
  PASS it-days-foundation-model: lesson it-days-foundation step it-days-foundation-step-rb9 — visible prompt/transcript
  PASS it-days-foundation-model: lesson it-days-foundation step it-days-foundation-step-rb10 — visible prompt/transcript
  PASS it-days-foundation-model: lesson it-days-foundation legacy dictation it-days-foundation-listen-model — visible prompt/transcript
  PASS it-descriptions-foundation-model: lesson it-descriptions-foundation step it-descriptions-foundation-step-rb8 — visible prompt/transcript
  PASS it-descriptions-foundation-model: lesson it-descriptions-foundation step it-descriptions-foundation-step-rb10 — visible prompt/transcript
  PASS it-descriptions-foundation-model: lesson it-descriptions-foundation legacy dictation it-descriptions-foundation-listen-model — visible prompt/transcript
  PASS it-emergency-foundation-model: lesson it-emergency-foundation step it-emergency-foundation-step-rb10 — visible prompt/transcript
  PASS it-emergency-foundation-model: lesson it-emergency-foundation legacy dictation it-emergency-foundation-listen-model — visible prompt/transcript
  PASS it-family-foundation-model: lesson it-family-foundation step it-family-foundation-step-say — visible prompt/transcript
  PASS it-family-foundation-model: lesson it-family-foundation step it-family-foundation-step-it-family-foundation-listen-model — visible prompt/transcript
  PASS it-family-foundation-model: lesson it-family-foundation legacy dictation it-family-foundation-listen-model — visible prompt/transcript
  PASS it-food-foundation-model: lesson it-food-foundation step it-food-foundation-step-say — visible prompt/transcript
  PASS it-food-foundation-model: lesson it-food-foundation step it-food-foundation-step-it-food-foundation-listen-model — visible prompt/transcript
  PASS it-food-foundation-model: lesson it-food-foundation legacy dictation it-food-foundation-listen-model — visible prompt/transcript
  PASS it-identity-foundation-model: lesson it-identity-foundation step it-identity-foundation-step-it-identity-foundation-listen-model — visible prompt/transcript
  PASS it-identity-foundation-model: lesson it-identity-foundation legacy dictation it-identity-foundation-listen-model — visible prompt/transcript
  PASS it-market-foundation-model: lesson it-market-foundation step it-market-foundation-step-say — visible prompt/transcript
  PASS it-market-foundation-model: lesson it-market-foundation step it-market-foundation-step-it-market-foundation-listen-model — visible prompt/transcript
  PASS it-market-foundation-model: lesson it-market-foundation legacy dictation it-market-foundation-listen-model — visible prompt/transcript
  PASS it-negation-foundation-model: lesson it-negation-foundation step it-negation-foundation-step-rb10 — visible prompt/transcript
  PASS it-negation-foundation-model: lesson it-negation-foundation legacy dictation it-negation-foundation-listen-model — visible prompt/transcript
  PASS it-numbers-foundation-model: lesson it-numbers-foundation step it-numbers-foundation-step-rb9 — visible prompt/transcript
  PASS it-numbers-foundation-model: lesson it-numbers-foundation step it-numbers-foundation-step-rb10 — visible prompt/transcript
  PASS it-numbers-foundation-model: lesson it-numbers-foundation legacy dictation it-numbers-foundation-listen-model — visible prompt/transcript
  PASS it-past-foundation-model: lesson it-past-foundation step it-past-foundation-step-rb7 — visible prompt/transcript
  PASS it-past-foundation-model: lesson it-past-foundation legacy dictation it-past-foundation-listen-model — visible prompt/transcript
  PASS it-people-foundation-model: lesson it-people-foundation step it-people-foundation-step-say — visible prompt/transcript
  PASS it-people-foundation-model: lesson it-people-foundation step it-people-foundation-step-it-people-foundation-listen-model — visible prompt/transcript
  PASS it-people-foundation-model: lesson it-people-foundation legacy dictation it-people-foundation-listen-model — visible prompt/transcript
  PASS it-plans-foundation-model: lesson it-plans-foundation step it-plans-foundation-step-rb9 — visible prompt/transcript
  PASS it-plans-foundation-model: lesson it-plans-foundation legacy dictation it-plans-foundation-listen-model — visible prompt/transcript
  PASS it-plural-foundation-model: lesson it-plural-foundation step it-plural-foundation-step-rb9 — visible prompt/transcript
  PASS it-plural-foundation-model: lesson it-plural-foundation step it-plural-foundation-step-rb10 — visible prompt/transcript
  PASS it-plural-foundation-model: lesson it-plural-foundation legacy dictation it-plural-foundation-listen-model — visible prompt/transcript
  PASS it-polite-coffee-audio: lesson it-requests-foundation step it-requests-foundation-step-it-requests-foundation-listen — visible prompt/transcript
  PASS it-polite-coffee-audio: lesson it-requests-foundation legacy dictation it-requests-foundation-listen — visible prompt/transcript
  PASS it-polite-coffee-audio: lesson it-cafe-order-foundation step it-cafe-order-foundation-step-say — visible prompt/transcript
  PASS it-polite-coffee-audio: lesson it-cafe-order-foundation step it-cafe-order-foundation-step-it-cafe-order-foundation-listen-model — visible prompt/transcript
  PASS it-polite-coffee-audio: lesson it-cafe-order-foundation legacy dictation it-cafe-order-foundation-listen-model — visible prompt/transcript
  PASS it-possession-foundation-model: lesson it-possession-foundation step it-possession-foundation-step-rb9 — visible prompt/transcript
  PASS it-possession-foundation-model: lesson it-possession-foundation step it-possession-foundation-step-rb10 — visible prompt/transcript
  PASS it-possession-foundation-model: lesson it-possession-foundation legacy dictation it-possession-foundation-listen-model — visible prompt/transcript
  PASS it-requests-foundation-model: lesson it-requests-foundation step it-requests-foundation-step-say — visible prompt/transcript
  PASS it-requests-foundation-model: lesson it-requests-foundation step it-requests-foundation-step-it-requests-foundation-listen-model — visible prompt/transcript
  PASS it-requests-foundation-model: lesson it-requests-foundation legacy dictation it-requests-foundation-listen-model — visible prompt/transcript
PASS listen tracks: declared durations match the audio; sections are ordered and in range; every device-speech step has visible text
PASS pack + media integrity (check_packs.sh)

== Step 2/5  Editorial backlog report  (tools/audit_editorial.sh — report only, not a gate) ==
SUMMARY fr-foundations (french): total 64 — error-feedback gap 0 surfaces, hint-gap 0/349 steps, ungraded 64 information + 0 self-compare, mission/story final-response gap 0/15
SUMMARY it-foundations (italian): total 72 — error-feedback gap 0 surfaces, hint-gap 0/362 steps, ungraded 60 information + 12 self-compare, mission/story final-response gap 0/13
SUMMARY de-foundations (german): total 68 — error-feedback gap 0 surfaces, hint-gap 0/337 steps, ungraded 68 information + 0 self-compare, mission/story final-response gap 0/16
SUMMARY pt-foundations (portuguese): total 60 — error-feedback gap 0 surfaces, hint-gap 0/344 steps, ungraded 60 information + 0 self-compare, mission/story final-response gap 0/16
SUMMARY es-foundations (spanish): total 68 — error-feedback gap 0 surfaces, hint-gap 0/355 steps, ungraded 68 information + 0 self-compare, mission/story final-response gap 0/16
== OPEN-ENDED GRADING CHECK ==
EXIT-GATE (open-ended free production falsely auto-graded): PASS (0) — free-phrase 0, interrogative 0; informational: comprehension 102
SUMMARY all five packs audited; exit 0 means packs loaded — treat counts as a backlog, not a pass/fail
PASS editorial audit ran — backlog counts above are informational, not a gate

== Step 3/5  Generated lesson catalog is a faithful snapshot  (tools/gen_lesson_catalog.py) ==
PASS LessonCatalog.generated.swift regenerates byte-identically from the packs

== Step 4/5  Unit tests  (CondiscoTests) ==
Command line invocation:
    /Applications/Xcode.app/Contents/Developer/usr/bin/xcodebuild test -project Condisco.xcodeproj -scheme Condisco -destination "platform=iOS Simulator,name=iPhone 18 Pro" "-only-testing:CondiscoTests" -derivedDataPath /var/folders/3w/91hphlzs0rv_1twbkfyhvn6m0000gn/T//condisco-preflight.fRP9FS/DerivedData ONLY_ACTIVE_ARCH=YES

Build settings from command line:
    ONLY_ACTIVE_ARCH = YES

ComputePackagePrebuildTargetDependencyGraph

Prepare packages

CreateBuildRequest

SendProjectDescription

CreateBuildOperation

ComputeTargetDependencyGraph
note: Building targets in dependency order
note: Target dependency graph (4 targets)
    Target 'CondiscoUITests' in project 'Condisco'
        ➜ Explicit dependency on target 'Condisco' in project 'Condisco'
    Target 'CondiscoTests' in project 'Condisco'
        ➜ Explicit dependency on target 'Condisco' in project 'Condisco'
    Target 'Condisco' in project 'Condisco'
        ➜ Explicit dependency on target 'CondiscoWidget' in project 'Condisco'
    Target 'CondiscoWidget' in project 'Condisco' (no dependencies)

GatherProvisioningInputs

CreateBuildDescription

ExecuteExternalTool /Applications/Xcode.app/Contents/Developer/Toolchains/XcodeDefault.xctoolchain/usr/bin/swiftc --version

ExecuteExternalTool /Applications/Xcode.app/Contents/Developer/usr/bin/actool --print-asset-tag-combinations --output-format xml1 /Users/spkoehl/Projects/VerbaLibera/Condisco/Assets.xcassets

ExecuteExternalTool /Applications/Xcode.app/Contents/Developer/Toolchains/XcodeDefault.xctoolchain/usr/bin/clang -v -E -dM -isysroot /Applications/Xcode.app/Contents/Developer/Platforms/iPhoneSimulator.platform/Developer/SDKs/iPhoneSimulator27.0.sdk -x c -c /dev/null

ExecuteExternalTool /Applications/Xcode.app/Contents/Developer/Toolchains/XcodeDefault.xctoolchain/usr/bin/ld -version_details

ExecuteExternalTool /Applications/Xcode.app/Contents/Developer/usr/bin/actool --version --output-format xml1

Build description signature: 2abb9e8b00e1a9004bd65792520d017d
Build description path: /var/folders/3w/91hphlzs0rv_1twbkfyhvn6m0000gn/T/condisco-preflight.fRP9FS/DerivedData/Build/Intermediates.noindex/XCBuildData/2abb9e8b00e1a9004bd65792520d017d.xcbuilddata
CreateBuildDirectory /var/folders/3w/91hphlzs0rv_1twbkfyhvn6m0000gn/T/condisco-preflight.fRP9FS/DerivedData/SDKExplicitPrecompiledModules
    cd /Users/spkoehl/Projects/VerbaLibera/Condisco.xcodeproj
    builtin-create-build-directory /var/folders/3w/91hphlzs0rv_1twbkfyhvn6m0000gn/T/condisco-preflight.fRP9FS/DerivedData/SDKExplicitPrecompiledModules

CreateBuildDirectory /var/folders/3w/91hphlzs0rv_1twbkfyhvn6m0000gn/T/condisco-preflight.fRP9FS/DerivedData/CompilationCache.noindex
    cd /Users/spkoehl/Projects/VerbaLibera/Condisco.xcodeproj
    builtin-create-build-directory /var/folders/3w/91hphlzs0rv_1twbkfyhvn6m0000gn/T/condisco-preflight.fRP9FS/DerivedData/CompilationCache.noindex

CreateBuildDirectory /var/folders/3w/91hphlzs0rv_1twbkfyhvn6m0000gn/T/condisco-preflight.fRP9FS/DerivedData/ModuleCache.noindex
    cd /Users/spkoehl/Projects/VerbaLibera/Condisco.xcodeproj
    builtin-create-build-directory /var/folders/3w/91hphlzs0rv_1twbkfyhvn6m0000gn/T/condisco-preflight.fRP9FS/DerivedData/ModuleCache.noindex

CreateBuildDirectory /var/folders/3w/91hphlzs0rv_1twbkfyhvn6m0000gn/T/condisco-preflight.fRP9FS/DerivedData/Build/Products
    cd /Users/spkoehl/Projects/VerbaLibera/Condisco.xcodeproj
    builtin-create-build-directory /var/folders/3w/91hphlzs0rv_1twbkfyhvn6m0000gn/T/condisco-preflight.fRP9FS/DerivedData/Build/Products

ClangStatCache /Applications/Xcode.app/Contents/Developer/Toolchains/XcodeDefault.xctoolchain/usr/bin/clang-stat-cache /Applications/Xcode.app/Contents/Developer/Platforms/iPhoneSimulator.platform/Developer/SDKs/iPhoneSimulator27.0.sdk /var/folders/3w/91hphlzs0rv_1twbkfyhvn6m0000gn/T/condisco-preflight.fRP9FS/DerivedData/SDKStatCaches.noindex/iphonesimulator27.0-24A430-8dc58220667be655e1bcc261a7455254.sdkstatcache
    cd /Users/spkoehl/Projects/VerbaLibera/Condisco.xcodeproj
    /Applications/Xcode.app/Contents/Developer/Toolchains/XcodeDefault.xctoolchain/usr/bin/clang-stat-cache /Applications/Xcode.app/Contents/Developer/Platforms/iPhoneSimulator.platform/Developer/SDKs/iPhoneSimulator27.0.sdk -o /var/folders/3w/91hphlzs0rv_1twbkfyhvn6m0000gn/T/condisco-preflight.fRP9FS/DerivedData/SDKStatCaches.noindex/iphonesimulator27.0-24A430-8dc58220667be655e1bcc261a7455254.sdkstatcache

CreateBuildDirectory /var/folders/3w/91hphlzs0rv_1twbkfyhvn6m0000gn/T/condisco-preflight.fRP9FS/DerivedData/Build/Intermediates.noindex
    cd /Users/spkoehl/Projects/VerbaLibera/Condisco.xcodeproj
    builtin-create-build-directory /var/folders/3w/91hphlzs0rv_1twbkfyhvn6m0000gn/T/condisco-preflight.fRP9FS/DerivedData/Build/Intermediates.noindex

CreateBuildDirectory /var/folders/3w/91hphlzs0rv_1twbkfyhvn6m0000gn/T/condisco-preflight.fRP9FS/DerivedData/Build/Intermediates.noindex/SwiftExplicitPrecompiledModules
    cd /Users/spkoehl/Projects/VerbaLibera/Condisco.xcodeproj
    builtin-create-build-directory /var/folders/3w/91hphlzs0rv_1twbkfyhvn6m0000gn/T/condisco-preflight.fRP9FS/DerivedData/Build/Intermediates.noindex/SwiftExplicitPrecompiledModules

CreateBuildDirectory /var/folders/3w/91hphlzs0rv_1twbkfyhvn6m0000gn/T/condisco-preflight.fRP9FS/DerivedData/Build/Intermediates.noindex/ExplicitPrecompiledModules
    cd /Users/spkoehl/Projects/VerbaLibera/Condisco.xcodeproj
    builtin-create-build-directory /var/folders/3w/91hphlzs0rv_1twbkfyhvn6m0000gn/T/condisco-preflight.fRP9FS/DerivedData/Build/Intermediates.noindex/ExplicitPrecompiledModules

CreateBuildDirectory /var/folders/3w/91hphlzs0rv_1twbkfyhvn6m0000gn/T/condisco-preflight.fRP9FS/DerivedData/Build/Intermediates.noindex/PrecompiledHeaders
    cd /Users/spkoehl/Projects/VerbaLibera/Condisco.xcodeproj
    builtin-create-build-directory /var/folders/3w/91hphlzs0rv_1twbkfyhvn6m0000gn/T/condisco-preflight.fRP9FS/DerivedData/Build/Intermediates.noindex/PrecompiledHeaders

CreateBuildDirectory /var/folders/3w/91hphlzs0rv_1twbkfyhvn6m0000gn/T/condisco-preflight.fRP9FS/DerivedData/Build/Products/Debug-iphonesimulator
    cd /Users/spkoehl/Projects/VerbaLibera/Condisco.xcodeproj
    builtin-create-build-directory /var/folders/3w/91hphlzs0rv_1twbkfyhvn6m0000gn/T/condisco-preflight.fRP9FS/DerivedData/Build/Products/Debug-iphonesimulator

WriteAuxiliaryFile /var/folders/3w/91hphlzs0rv_1twbkfyhvn6m0000gn/T/condisco-preflight.fRP9FS/DerivedData/Build/Intermediates.noindex/Condisco.build/Debug-iphonesimulator/Condisco-a06d22f186627733d537732b5233bd82-VFS-iphonesimulator/all-product-headers.yaml
    cd /Users/spkoehl/Projects/VerbaLibera/Condisco.xcodeproj
    write-file /var/folders/3w/91hphlzs0rv_1twbkfyhvn6m0000gn/T/condisco-preflight.fRP9FS/DerivedData/Build/Intermediates.noindex/Condisco.build/Debug-iphonesimulator/Condisco-a06d22f186627733d537732b5233bd82-VFS-iphonesimulator/all-product-headers.yaml

CreateBuildDirectory /var/folders/3w/91hphlzs0rv_1twbkfyhvn6m0000gn/T/condisco-preflight.fRP9FS/DerivedData/Build/Intermediates.noindex/EagerLinkingTBDs/Debug-iphonesimulator
    cd /Users/spkoehl/Projects/VerbaLibera/Condisco.xcodeproj
    builtin-create-build-directory /var/folders/3w/91hphlzs0rv_1twbkfyhvn6m0000gn/T/condisco-preflight.fRP9FS/DerivedData/Build/Intermediates.noindex/EagerLinkingTBDs/Debug-iphonesimulator

WriteAuxiliaryFile /var/folders/3w/91hphlzs0rv_1twbkfyhvn6m0000gn/T/condisco-preflight.fRP9FS/DerivedData/Build/Intermediates.noindex/Condisco.build/Debug-iphonesimulator/CondiscoTests.build/empty-CondiscoTests.plist (in target 'CondiscoTests' from project 'Condisco')
    cd /Users/spkoehl/Projects/VerbaLibera
    write-file /var/folders/3w/91hphlzs0rv_1twbkfyhvn6m0000gn/T/condisco-preflight.fRP9FS/DerivedData/Build/Intermediates.noindex/Condisco.build/Debug-iphonesimulator/CondiscoTests.build/empty-CondiscoTests.plist

WriteAuxiliaryFile /var/folders/3w/91hphlzs0rv_1twbkfyhvn6m0000gn/T/condisco-preflight.fRP9FS/DerivedData/Build/Intermediates.noindex/Condisco.build/Debug-iphonesimulator/CondiscoTests.build/CondiscoTests.hmap (in target 'CondiscoTests' from project 'Condisco')
    cd /Users/spkoehl/Projects/VerbaLibera
    write-file /var/folders/3w/91hphlzs0rv_1twbkfyhvn6m0000gn/T/condisco-preflight.fRP9FS/DerivedData/Build/Intermediates.noindex/Condisco.build/Debug-iphonesimulator/CondiscoTests.build/CondiscoTests.hmap

WriteAuxiliaryFile /var/folders/3w/91hphlzs0rv_1twbkfyhvn6m0000gn/T/condisco-preflight.fRP9FS/DerivedData/Build/Intermediates.noindex/Condisco.build/Debug-iphonesimulator/CondiscoTests.build/Objects-normal/arm64/CondiscoTests_const_extract_protocols.json (in target 'CondiscoTests' from project 'Condisco')
    cd /Users/spkoehl/Projects/VerbaLibera
    write-file /var/folders/3w/91hphlzs0rv_1twbkfyhvn6m0000gn/T/condisco-preflight.fRP9FS/DerivedData/Build/Intermediates.noindex/Condisco.build/Debug-iphonesimulator/CondiscoTests.build/Objects-normal/arm64/CondiscoTests_const_extract_protocols.json

WriteAuxiliaryFile /var/folders/3w/91hphlzs0rv_1twbkfyhvn6m0000gn/T/condisco-preflight.fRP9FS/DerivedData/Build/Intermediates.noindex/Condisco.build/Debug-iphonesimulator/CondiscoWidget.build/Objects-normal/arm64/CondiscoWidget_const_extract_protocols.json (in target 'CondiscoWidget' from project 'Condisco')
    cd /Users/spkoehl/Projects/VerbaLibera
    write-file /var/folders/3w/91hphlzs0rv_1twbkfyhvn6m0000gn/T/condisco-preflight.fRP9FS/DerivedData/Build/Intermediates.noindex/Condisco.build/Debug-iphonesimulator/CondiscoWidget.build/Objects-normal/arm64/CondiscoWidget_const_extract_protocols.json

WriteAuxiliaryFile /var/folders/3w/91hphlzs0rv_1twbkfyhvn6m0000gn/T/condisco-preflight.fRP9FS/DerivedData/Build/Intermediates.noindex/Condisco.build/Debug-iphonesimulator/CondiscoTests.build/Objects-normal/arm64/CondiscoTests-OutputFileMap.json (in target 'CondiscoTests' from project 'Condisco')
    cd /Users/spkoehl/Projects/VerbaLibera
    write-file /var/folders/3w/91hphlzs0rv_1twbkfyhvn6m0000gn/T/condisco-preflight.fRP9FS/DerivedData/Build/Intermediates.noindex/Condisco.build/Debug-iphonesimulator/CondiscoTests.build/Objects-normal/arm64/CondiscoTests-OutputFileMap.json

WriteAuxiliaryFile /var/folders/3w/91hphlzs0rv_1twbkfyhvn6m0000gn/T/condisco-preflight.fRP9FS/DerivedData/Build/Intermediates.noindex/Condisco.build/Debug-iphonesimulator/CondiscoWidget.build/Objects-normal/arm64/CondiscoWidget.SwiftFileList (in target 'CondiscoWidget' from project 'Condisco')
    cd /Users/spkoehl/Projects/VerbaLibera
    write-file /var/folders/3w/91hphlzs0rv_1twbkfyhvn6m0000gn/T/condisco-preflight.fRP9FS/DerivedData/Build/Intermediates.noindex/Condisco.build/Debug-iphonesimulator/CondiscoWidget.build/Objects-normal/arm64/CondiscoWidget.SwiftFileList

WriteAuxiliaryFile /var/folders/3w/91hphlzs0rv_1twbkfyhvn6m0000gn/T/condisco-preflight.fRP9FS/DerivedData/Build/Intermediates.noindex/Condisco.build/Debug-iphonesimulator/CondiscoWidget.build/Objects-normal/arm64/CondiscoWidget.SwiftConstValuesFileList (in target 'CondiscoWidget' from project 'Condisco')
    cd /Users/spkoehl/Projects/VerbaLibera
    write-file /var/folders/3w/91hphlzs0rv_1twbkfyhvn6m0000gn/T/condisco-preflight.fRP9FS/DerivedData/Build/Intermediates.noindex/Condisco.build/Debug-iphonesimulator/CondiscoWidget.build/Objects-normal/arm64/CondiscoWidget.SwiftConstValuesFileList

WriteAuxiliaryFile /var/folders/3w/91hphlzs0rv_1twbkfyhvn6m0000gn/T/condisco-preflight.fRP9FS/DerivedData/Build/Intermediates.noindex/Condisco.build/Debug-iphonesimulator/CondiscoWidget.build/Objects-normal/arm64/CondiscoWidget.LinkFileList (in target 'CondiscoWidget' from project 'Condisco')
    cd /Users/spkoehl/Projects/VerbaLibera
    write-file /var/folders/3w/91hphlzs0rv_1twbkfyhvn6m0000gn/T/condisco-preflight.fRP9FS/DerivedData/Build/Intermediates.noindex/Condisco.build/Debug-iphonesimulator/CondiscoWidget.build/Objects-normal/arm64/CondiscoWidget.LinkFileList

WriteAuxiliaryFile /var/folders/3w/91hphlzs0rv_1twbkfyhvn6m0000gn/T/condisco-preflight.fRP9FS/DerivedData/Build/Intermediates.noindex/Condisco.build/Debug-iphonesimulator/CondiscoWidget.build/Objects-normal/arm64/CondiscoWidget-OutputFileMap.json (in target 'CondiscoWidget' from project 'Condisco')
    cd /Users/spkoehl/Projects/VerbaLibera
    write-file /var/folders/3w/91hphlzs0rv_1twbkfyhvn6m0000gn/T/condisco-preflight.fRP9FS/DerivedData/Build/Intermediates.noindex/Condisco.build/Debug-iphonesimulator/CondiscoWidget.build/Objects-normal/arm64/CondiscoWidget-OutputFileMap.json

WriteAuxiliaryFile /var/folders/3w/91hphlzs0rv_1twbkfyhvn6m0000gn/T/condisco-preflight.fRP9FS/DerivedData/Build/Intermediates.noindex/Condisco.build/Debug-iphonesimulator/CondiscoWidget.build/DerivedSources/Entitlements-Simulated.plist (in target 'CondiscoWidget' from project 'Condisco')
    cd /Users/spkoehl/Projects/VerbaLibera
    write-file /var/folders/3w/91hphlzs0rv_1twbkfyhvn6m0000gn/T/condisco-preflight.fRP9FS/DerivedData/Build/Intermediates.noindex/Condisco.build/Debug-iphonesimulator/CondiscoWidget.build/DerivedSources/Entitlements-Simulated.plist

WriteAuxiliaryFile /var/folders/3w/91hphlzs0rv_1twbkfyhvn6m0000gn/T/condisco-preflight.fRP9FS/DerivedData/Build/Intermediates.noindex/Condisco.build/Debug-iphonesimulator/CondiscoWidget.build/CondiscoWidget.hmap (in target 'CondiscoWidget' from project 'Condisco')
    cd /Users/spkoehl/Projects/VerbaLibera
    write-file /var/folders/3w/91hphlzs0rv_1twbkfyhvn6m0000gn/T/condisco-preflight.fRP9FS/DerivedData/Build/Intermediates.noindex/Condisco.build/Debug-iphonesimulator/CondiscoWidget.build/CondiscoWidget.hmap

WriteAuxiliaryFile /var/folders/3w/91hphlzs0rv_1twbkfyhvn6m0000gn/T/condisco-preflight.fRP9FS/DerivedData/Build/Intermediates.noindex/Condisco.build/Debug-iphonesimulator/CondiscoWidget.build/CondiscoWidget.DependencyStaticMetadataFileList (in target 'CondiscoWidget' from project 'Condisco')
    cd /Users/spkoehl/Projects/VerbaLibera
    write-file /var/folders/3w/91hphlzs0rv_1twbkfyhvn6m0000gn/T/condisco-preflight.fRP9FS/DerivedData/Build/Intermediates.noindex/Condisco.build/Debug-iphonesimulator/CondiscoWidget.build/CondiscoWidget.DependencyStaticMetadataFileList

WriteAuxiliaryFile /var/folders/3w/91hphlzs0rv_1twbkfyhvn6m0000gn/T/condisco-preflight.fRP9FS/DerivedData/Build/Intermediates.noindex/Condisco.build/Debug-iphonesimulator/CondiscoWidget.build/CondiscoWidget.DependencyMetadataFileList (in target 'CondiscoWidget' from project 'Condisco')
    cd /Users/spkoehl/Projects/VerbaLibera
    write-file /var/folders/3w/91hphlzs0rv_1twbkfyhvn6m0000gn/T/condisco-preflight.fRP9FS/DerivedData/Build/Intermediates.noindex/Condisco.build/Debug-iphonesimulator/CondiscoWidget.build/CondiscoWidget.DependencyMetadataFileList

WriteAuxiliaryFile /var/folders/3w/91hphlzs0rv_1twbkfyhvn6m0000gn/T/condisco-preflight.fRP9FS/DerivedData/Build/Intermediates.noindex/Condisco.build/Debug-iphonesimulator/CondiscoWidget.build/CondiscoWidget-project-headers.hmap (in target 'CondiscoWidget' from project 'Condisco')
    cd /Users/spkoehl/Projects/VerbaLibera
    write-file /var/folders/3w/91hphlzs0rv_1twbkfyhvn6m0000gn/T/condisco-preflight.fRP9FS/DerivedData/Build/Intermediates.noindex/Condisco.build/Debug-iphonesimulator/CondiscoWidget.build/CondiscoWidget-project-headers.hmap

WriteAuxiliaryFile /var/folders/3w/91hphlzs0rv_1twbkfyhvn6m0000gn/T/condisco-preflight.fRP9FS/DerivedData/Build/Intermediates.noindex/Condisco.build/Debug-iphonesimulator/CondiscoWidget.build/CondiscoWidget-own-target-headers.hmap (in target 'CondiscoWidget' from project 'Condisco')
    cd /Users/spkoehl/Projects/VerbaLibera
    write-file /var/folders/3w/91hphlzs0rv_1twbkfyhvn6m0000gn/T/condisco-preflight.fRP9FS/DerivedData/Build/Intermediates.noindex/Condisco.build/Debug-iphonesimulator/CondiscoWidget.build/CondiscoWidget-own-target-headers.hmap

WriteAuxiliaryFile /var/folders/3w/91hphlzs0rv_1twbkfyhvn6m0000gn/T/condisco-preflight.fRP9FS/DerivedData/Build/Intermediates.noindex/Condisco.build/Debug-iphonesimulator/CondiscoWidget.build/CondiscoWidget-generated-files.hmap (in target 'CondiscoWidget' from project 'Condisco')
    cd /Users/spkoehl/Projects/VerbaLibera
    write-file /var/folders/3w/91hphlzs0rv_1twbkfyhvn6m0000gn/T/condisco-preflight.fRP9FS/DerivedData/Build/Intermediates.noindex/Condisco.build/Debug-iphonesimulator/CondiscoWidget.build/CondiscoWidget-generated-files.hmap

WriteAuxiliaryFile /var/folders/3w/91hphlzs0rv_1twbkfyhvn6m0000gn/T/condisco-preflight.fRP9FS/DerivedData/Build/Intermediates.noindex/Condisco.build/Debug-iphonesimulator/CondiscoWidget.build/CondiscoWidget-all-target-headers.hmap (in target 'CondiscoWidget' from project 'Condisco')
    cd /Users/spkoehl/Projects/VerbaLibera
    write-file /var/folders/3w/91hphlzs0rv_1twbkfyhvn6m0000gn/T/condisco-preflight.fRP9FS/DerivedData/Build/Intermediates.noindex/Condisco.build/Debug-iphonesimulator/CondiscoWidget.build/CondiscoWidget-all-target-headers.hmap

WriteAuxiliaryFile /var/folders/3w/91hphlzs0rv_1twbkfyhvn6m0000gn/T/condisco-preflight.fRP9FS/DerivedData/Build/Intermediates.noindex/Condisco.build/Debug-iphonesimulator/CondiscoWidget.build/CondiscoWidget-all-non-framework-target-headers.hmap (in target 'CondiscoWidget' from project 'Condisco')
    cd /Users/spkoehl/Projects/VerbaLibera
    write-file /var/folders/3w/91hphlzs0rv_1twbkfyhvn6m0000gn/T/condisco-preflight.fRP9FS/DerivedData/Build/Intermediates.noindex/Condisco.build/Debug-iphonesimulator/CondiscoWidget.build/CondiscoWidget-all-non-framework-target-headers.hmap

WriteAuxiliaryFile /var/folders/3w/91hphlzs0rv_1twbkfyhvn6m0000gn/T/condisco-preflight.fRP9FS/DerivedData/Build/Intermediates.noindex/Condisco.build/Debug-iphonesimulator/CondiscoWidget.build/CondiscoWidget-DebugEntryPoint-normal-arm64.txt (in target 'CondiscoWidget' from project 'Condisco')
    cd /Users/spkoehl/Projects/VerbaLibera
    write-file /var/folders/3w/91hphlzs0rv_1twbkfyhvn6m0000gn/T/condisco-preflight.fRP9FS/DerivedData/Build/Intermediates.noindex/Condisco.build/Debug-iphonesimulator/CondiscoWidget.build/CondiscoWidget-DebugEntryPoint-normal-arm64.txt

WriteAuxiliaryFile /var/folders/3w/91hphlzs0rv_1twbkfyhvn6m0000gn/T/condisco-preflight.fRP9FS/DerivedData/Build/Intermediates.noindex/Condisco.build/Debug-iphonesimulator/CondiscoWidget.build/CondiscoWidget-DebugDylibPath-normal-arm64.txt (in target 'CondiscoWidget' from project 'Condisco')
    cd /Users/spkoehl/Projects/VerbaLibera
    write-file /var/folders/3w/91hphlzs0rv_1twbkfyhvn6m0000gn/T/condisco-preflight.fRP9FS/DerivedData/Build/Intermediates.noindex/Condisco.build/Debug-iphonesimulator/CondiscoWidget.build/CondiscoWidget-DebugDylibPath-normal-arm64.txt

WriteAuxiliaryFile /var/folders/3w/91hphlzs0rv_1twbkfyhvn6m0000gn/T/condisco-preflight.fRP9FS/DerivedData/Build/Intermediates.noindex/Condisco.build/Debug-iphonesimulator/CondiscoWidget.build/CondiscoWidget-DebugDylibInstallName-normal-arm64.txt (in target 'CondiscoWidget' from project 'Condisco')
    cd /Users/spkoehl/Projects/VerbaLibera
    write-file /var/folders/3w/91hphlzs0rv_1twbkfyhvn6m0000gn/T/condisco-preflight.fRP9FS/DerivedData/Build/Intermediates.noindex/Condisco.build/Debug-iphonesimulator/CondiscoWidget.build/CondiscoWidget-DebugDylibInstallName-normal-arm64.txt

WriteAuxiliaryFile /var/folders/3w/91hphlzs0rv_1twbkfyhvn6m0000gn/T/condisco-preflight.fRP9FS/DerivedData/Build/Intermediates.noindex/Condisco.build/Debug-iphonesimulator/CondiscoUITests.build/empty-CondiscoUITests.plist (in target 'CondiscoUITests' from project 'Condisco')
    cd /Users/spkoehl/Projects/VerbaLibera
    write-file /var/folders/3w/91hphlzs0rv_1twbkfyhvn6m0000gn/T/condisco-preflight.fRP9FS/DerivedData/Build/Intermediates.noindex/Condisco.build/Debug-iphonesimulator/CondiscoUITests.build/empty-CondiscoUITests.plist

WriteAuxiliaryFile /var/folders/3w/91hphlzs0rv_1twbkfyhvn6m0000gn/T/condisco-preflight.fRP9FS/DerivedData/Build/Intermediates.noindex/Condisco.build/Debug-iphonesimulator/CondiscoUITests.build/ProductTypeInfoPlistAdditions.plist (in target 'CondiscoUITests' from project 'Condisco')
    cd /Users/spkoehl/Projects/VerbaLibera
    write-file /var/folders/3w/91hphlzs0rv_1twbkfyhvn6m0000gn/T/condisco-preflight.fRP9FS/DerivedData/Build/Intermediates.noindex/Condisco.build/Debug-iphonesimulator/CondiscoUITests.build/ProductTypeInfoPlistAdditions.plist

WriteAuxiliaryFile /var/folders/3w/91hphlzs0rv_1twbkfyhvn6m0000gn/T/condisco-preflight.fRP9FS/DerivedData/Build/Intermediates.noindex/Condisco.build/Debug-iphonesimulator/CondiscoUITests.build/Objects-normal/arm64/CondiscoUITests_const_extract_protocols.json (in target 'CondiscoUITests' from project 'Condisco')
    cd /Users/spkoehl/Projects/VerbaLibera
    write-file /var/folders/3w/91hphlzs0rv_1twbkfyhvn6m0000gn/T/condisco-preflight.fRP9FS/DerivedData/Build/Intermediates.noindex/Condisco.build/Debug-iphonesimulator/CondiscoUITests.build/Objects-normal/arm64/CondiscoUITests_const_extract_protocols.json

WriteAuxiliaryFile /var/folders/3w/91hphlzs0rv_1twbkfyhvn6m0000gn/T/condisco-preflight.fRP9FS/DerivedData/Build/Intermediates.noindex/Condisco.build/Debug-iphonesimulator/CondiscoUITests.build/Objects-normal/arm64/CondiscoUITests.SwiftFileList (in target 'CondiscoUITests' from project 'Condisco')
    cd /Users/spkoehl/Projects/VerbaLibera
    write-file /var/folders/3w/91hphlzs0rv_1twbkfyhvn6m0000gn/T/condisco-preflight.fRP9FS/DerivedData/Build/Intermediates.noindex/Condisco.build/Debug-iphonesimulator/CondiscoUITests.build/Objects-normal/arm64/CondiscoUITests.SwiftFileList

WriteAuxiliaryFile /var/folders/3w/91hphlzs0rv_1twbkfyhvn6m0000gn/T/condisco-preflight.fRP9FS/DerivedData/Build/Intermediates.noindex/Condisco.build/Debug-iphonesimulator/CondiscoUITests.build/Objects-normal/arm64/CondiscoUITests.SwiftConstValuesFileList (in target 'CondiscoUITests' from project 'Condisco')
    cd /Users/spkoehl/Projects/VerbaLibera
    write-file /var/folders/3w/91hphlzs0rv_1twbkfyhvn6m0000gn/T/condisco-preflight.fRP9FS/DerivedData/Build/Intermediates.noindex/Condisco.build/Debug-iphonesimulator/CondiscoUITests.build/Objects-normal/arm64/CondiscoUITests.SwiftConstValuesFileList

WriteAuxiliaryFile /var/folders/3w/91hphlzs0rv_1twbkfyhvn6m0000gn/T/condisco-preflight.fRP9FS/DerivedData/Build/Intermediates.noindex/Condisco.build/Debug-iphonesimulator/CondiscoUITests.build/Objects-normal/arm64/CondiscoUITests.LinkFileList (in target 'CondiscoUITests' from project 'Condisco')
    cd /Users/spkoehl/Projects/VerbaLibera
    write-file /var/folders/3w/91hphlzs0rv_1twbkfyhvn6m0000gn/T/condisco-preflight.fRP9FS/DerivedData/Build/Intermediates.noindex/Condisco.build/Debug-iphonesimulator/CondiscoUITests.build/Objects-normal/arm64/CondiscoUITests.LinkFileList

WriteAuxiliaryFile /var/folders/3w/91hphlzs0rv_1twbkfyhvn6m0000gn/T/condisco-preflight.fRP9FS/DerivedData/Build/Intermediates.noindex/Condisco.build/Debug-iphonesimulator/CondiscoUITests.build/Objects-normal/arm64/CondiscoUITests-OutputFileMap.json (in target 'CondiscoUITests' from project 'Condisco')
    cd /Users/spkoehl/Projects/VerbaLibera
    write-file /var/folders/3w/91hphlzs0rv_1twbkfyhvn6m0000gn/T/condisco-preflight.fRP9FS/DerivedData/Build/Intermediates.noindex/Condisco.build/Debug-iphonesimulator/CondiscoUITests.build/Objects-normal/arm64/CondiscoUITests-OutputFileMap.json

WriteAuxiliaryFile /var/folders/3w/91hphlzs0rv_1twbkfyhvn6m0000gn/T/condisco-preflight.fRP9FS/DerivedData/Build/Intermediates.noindex/Condisco.build/Debug-iphonesimulator/CondiscoUITests.build/CondiscoUITests.hmap (in target 'CondiscoUITests' from project 'Condisco')
    cd /Users/spkoehl/Projects/VerbaLibera
    write-file /var/folders/3w/91hphlzs0rv_1twbkfyhvn6m0000gn/T/condisco-preflight.fRP9FS/DerivedData/Build/Intermediates.noindex/Condisco.build/Debug-iphonesimulator/CondiscoUITests.build/CondiscoUITests.hmap

WriteAuxiliaryFile /var/folders/3w/91hphlzs0rv_1twbkfyhvn6m0000gn/T/condisco-preflight.fRP9FS/DerivedData/Build/Intermediates.noindex/Condisco.build/Debug-iphonesimulator/CondiscoUITests.build/CondiscoUITests.DependencyStaticMetadataFileList (in target 'CondiscoUITests' from project 'Condisco')
    cd /Users/spkoehl/Projects/VerbaLibera
    write-file /var/folders/3w/91hphlzs0rv_1twbkfyhvn6m0000gn/T/condisco-preflight.fRP9FS/DerivedData/Build/Intermediates.noindex/Condisco.build/Debug-iphonesimulator/CondiscoUITests.build/CondiscoUITests.DependencyStaticMetadataFileList

WriteAuxiliaryFile /var/folders/3w/91hphlzs0rv_1twbkfyhvn6m0000gn/T/condisco-preflight.fRP9FS/DerivedData/Build/Intermediates.noindex/Condisco.build/Debug-iphonesimulator/CondiscoUITests.build/DerivedSources/Entitlements-Simulated.plist (in target 'CondiscoUITests' from project 'Condisco')
    cd /Users/spkoehl/Projects/VerbaLibera
    write-file /var/folders/3w/91hphlzs0rv_1twbkfyhvn6m0000gn/T/condisco-preflight.fRP9FS/DerivedData/Build/Intermediates.noindex/Condisco.build/Debug-iphonesimulator/CondiscoUITests.build/DerivedSources/Entitlements-Simulated.plist

WriteAuxiliaryFile /var/folders/3w/91hphlzs0rv_1twbkfyhvn6m0000gn/T/condisco-preflight.fRP9FS/DerivedData/Build/Intermediates.noindex/Condisco.build/Debug-iphonesimulator/CondiscoUITests.build/CondiscoUITests.DependencyMetadataFileList (in target 'CondiscoUITests' from project 'Condisco')
    cd /Users/spkoehl/Projects/VerbaLibera
    write-file /var/folders/3w/91hphlzs0rv_1twbkfyhvn6m0000gn/T/condisco-preflight.fRP9FS/DerivedData/Build/Intermediates.noindex/Condisco.build/Debug-iphonesimulator/CondiscoUITests.build/CondiscoUITests.DependencyMetadataFileList

WriteAuxiliaryFile /var/folders/3w/91hphlzs0rv_1twbkfyhvn6m0000gn/T/condisco-preflight.fRP9FS/DerivedData/Build/Intermediates.noindex/Condisco.build/Debug-iphonesimulator/CondiscoUITests.build/CondiscoUITests-project-headers.hmap (in target 'CondiscoUITests' from project 'Condisco')
    cd /Users/spkoehl/Projects/VerbaLibera
    write-file /var/folders/3w/91hphlzs0rv_1twbkfyhvn6m0000gn/T/condisco-preflight.fRP9FS/DerivedData/Build/Intermediates.noindex/Condisco.build/Debug-iphonesimulator/CondiscoUITests.build/CondiscoUITests-project-headers.hmap

WriteAuxiliaryFile /var/folders/3w/91hphlzs0rv_1twbkfyhvn6m0000gn/T/condisco-preflight.fRP9FS/DerivedData/Build/Intermediates.noindex/Condisco.build/Debug-iphonesimulator/CondiscoUITests.build/CondiscoUITests-own-target-headers.hmap (in target 'CondiscoUITests' from project 'Condisco')
    cd /Users/spkoehl/Projects/VerbaLibera
    write-file /var/folders/3w/91hphlzs0rv_1twbkfyhvn6m0000gn/T/condisco-preflight.fRP9FS/DerivedData/Build/Intermediates.noindex/Condisco.build/Debug-iphonesimulator/CondiscoUITests.build/CondiscoUITests-own-target-headers.hmap

WriteAuxiliaryFile /var/folders/3w/91hphlzs0rv_1twbkfyhvn6m0000gn/T/condisco-preflight.fRP9FS/DerivedData/Build/Intermediates.noindex/Condisco.build/Debug-iphonesimulator/CondiscoUITests.build/CondiscoUITests-generated-files.hmap (in target 'CondiscoUITests' from project 'Condisco')
    cd /Users/spkoehl/Projects/VerbaLibera
    write-file /var/folders/3w/91hphlzs0rv_1twbkfyhvn6m0000gn/T/condisco-preflight.fRP9FS/DerivedData/Build/Intermediates.noindex/Condisco.build/Debug-iphonesimulator/CondiscoUITests.build/CondiscoUITests-generated-files.hmap

WriteAuxiliaryFile /var/folders/3w/91hphlzs0rv_1twbkfyhvn6m0000gn/T/condisco-preflight.fRP9FS/DerivedData/Build/Intermediates.noindex/Condisco.build/Debug-iphonesimulator/CondiscoUITests.build/CondiscoUITests-all-target-headers.hmap (in target 'CondiscoUITests' from project 'Condisco')
    cd /Users/spkoehl/Projects/VerbaLibera
    write-file /var/folders/3w/91hphlzs0rv_1twbkfyhvn6m0000gn/T/condisco-preflight.fRP9FS/DerivedData/Build/Intermediates.noindex/Condisco.build/Debug-iphonesimulator/CondiscoUITests.build/CondiscoUITests-all-target-headers.hmap

WriteAuxiliaryFile /var/folders/3w/91hphlzs0rv_1twbkfyhvn6m0000gn/T/condisco-preflight.fRP9FS/DerivedData/Build/Intermediates.noindex/Condisco.build/Debug-iphonesimulator/CondiscoUITests.build/CondiscoUITests-all-non-framework-target-headers.hmap (in target 'CondiscoUITests' from project 'Condisco')
    cd /Users/spkoehl/Projects/VerbaLibera
    write-file /var/folders/3w/91hphlzs0rv_1twbkfyhvn6m0000gn/T/condisco-preflight.fRP9FS/DerivedData/Build/Intermediates.noindex/Condisco.build/Debug-iphonesimulator/CondiscoUITests.build/CondiscoUITests-all-non-framework-target-headers.hmap

WriteAuxiliaryFile /var/folders/3w/91hphlzs0rv_1twbkfyhvn6m0000gn/T/condisco-preflight.fRP9FS/DerivedData/Build/Intermediates.noindex/Condisco.build/Debug-iphonesimulator/CondiscoTests.build/Objects-normal/arm64/CondiscoTests.SwiftFileList (in target 'CondiscoTests' from project 'Condisco')
    cd /Users/spkoehl/Projects/VerbaLibera
    write-file /var/folders/3w/91hphlzs0rv_1twbkfyhvn6m0000gn/T/condisco-preflight.fRP9FS/DerivedData/Build/Intermediates.noindex/Condisco.build/Debug-iphonesimulator/CondiscoTests.build/Objects-normal/arm64/CondiscoTests.SwiftFileList

WriteAuxiliaryFile /var/folders/3w/91hphlzs0rv_1twbkfyhvn6m0000gn/T/condisco-preflight.fRP9FS/DerivedData/Build/Intermediates.noindex/Condisco.build/Debug-iphonesimulator/CondiscoTests.build/Objects-normal/arm64/CondiscoTests.SwiftConstValuesFileList (in target 'CondiscoTests' from project 'Condisco')
    cd /Users/spkoehl/Projects/VerbaLibera
    write-file /var/folders/3w/91hphlzs0rv_1twbkfyhvn6m0000gn/T/condisco-preflight.fRP9FS/DerivedData/Build/Intermediates.noindex/Condisco.build/Debug-iphonesimulator/CondiscoTests.build/Objects-normal/arm64/CondiscoTests.SwiftConstValuesFileList

WriteAuxiliaryFile /var/folders/3w/91hphlzs0rv_1twbkfyhvn6m0000gn/T/condisco-preflight.fRP9FS/DerivedData/Build/Intermediates.noindex/Condisco.build/Debug-iphonesimulator/CondiscoTests.build/Objects-normal/arm64/CondiscoTests.LinkFileList (in target 'CondiscoTests' from project 'Condisco')
    cd /Users/spkoehl/Projects/VerbaLibera
    write-file /var/folders/3w/91hphlzs0rv_1twbkfyhvn6m0000gn/T/condisco-preflight.fRP9FS/DerivedData/Build/Intermediates.noindex/Condisco.build/Debug-iphonesimulator/CondiscoTests.build/Objects-normal/arm64/CondiscoTests.LinkFileList

WriteAuxiliaryFile /var/folders/3w/91hphlzs0rv_1twbkfyhvn6m0000gn/T/condisco-preflight.fRP9FS/DerivedData/Build/Intermediates.noindex/Condisco.build/Debug-iphonesimulator/CondiscoTests.build/CondiscoTests.DependencyStaticMetadataFileList (in target 'CondiscoTests' from project 'Condisco')
    cd /Users/spkoehl/Projects/VerbaLibera
    write-file /var/folders/3w/91hphlzs0rv_1twbkfyhvn6m0000gn/T/condisco-preflight.fRP9FS/DerivedData/Build/Intermediates.noindex/Condisco.build/Debug-iphonesimulator/CondiscoTests.build/CondiscoTests.DependencyStaticMetadataFileList

WriteAuxiliaryFile /var/folders/3w/91hphlzs0rv_1twbkfyhvn6m0000gn/T/condisco-preflight.fRP9FS/DerivedData/Build/Intermediates.noindex/Condisco.build/Debug-iphonesimulator/CondiscoTests.build/CondiscoTests.DependencyMetadataFileList (in target 'CondiscoTests' from project 'Condisco')
    cd /Users/spkoehl/Projects/VerbaLibera
    write-file /var/folders/3w/91hphlzs0rv_1twbkfyhvn6m0000gn/T/condisco-preflight.fRP9FS/DerivedData/Build/Intermediates.noindex/Condisco.build/Debug-iphonesimulator/CondiscoTests.build/CondiscoTests.DependencyMetadataFileList

WriteAuxiliaryFile /var/folders/3w/91hphlzs0rv_1twbkfyhvn6m0000gn/T/condisco-preflight.fRP9FS/DerivedData/Build/Intermediates.noindex/Condisco.build/Debug-iphonesimulator/CondiscoTests.build/CondiscoTests-project-headers.hmap (in target 'CondiscoTests' from project 'Condisco')
    cd /Users/spkoehl/Projects/VerbaLibera
    write-file /var/folders/3w/91hphlzs0rv_1twbkfyhvn6m0000gn/T/condisco-preflight.fRP9FS/DerivedData/Build/Intermediates.noindex/Condisco.build/Debug-iphonesimulator/CondiscoTests.build/CondiscoTests-project-headers.hmap

WriteAuxiliaryFile /var/folders/3w/91hphlzs0rv_1twbkfyhvn6m0000gn/T/condisco-preflight.fRP9FS/DerivedData/Build/Intermediates.noindex/Condisco.build/Debug-iphonesimulator/CondiscoTests.build/CondiscoTests-own-target-headers.hmap (in target 'CondiscoTests' from project 'Condisco')
    cd /Users/spkoehl/Projects/VerbaLibera
    write-file /var/folders/3w/91hphlzs0rv_1twbkfyhvn6m0000gn/T/condisco-preflight.fRP9FS/DerivedData/Build/Intermediates.noindex/Condisco.build/Debug-iphonesimulator/CondiscoTests.build/CondiscoTests-own-target-headers.hmap

WriteAuxiliaryFile /var/folders/3w/91hphlzs0rv_1twbkfyhvn6m0000gn/T/condisco-preflight.fRP9FS/DerivedData/Build/Intermediates.noindex/Condisco.build/Debug-iphonesimulator/CondiscoTests.build/CondiscoTests-generated-files.hmap (in target 'CondiscoTests' from project 'Condisco')
    cd /Users/spkoehl/Projects/VerbaLibera
    write-file /var/folders/3w/91hphlzs0rv_1twbkfyhvn6m0000gn/T/condisco-preflight.fRP9FS/DerivedData/Build/Intermediates.noindex/Condisco.build/Debug-iphonesimulator/CondiscoTests.build/CondiscoTests-generated-files.hmap

WriteAuxiliaryFile /var/folders/3w/91hphlzs0rv_1twbkfyhvn6m0000gn/T/condisco-preflight.fRP9FS/DerivedData/Build/Intermediates.noindex/Condisco.build/Debug-iphonesimulator/CondiscoTests.build/CondiscoTests-all-target-headers.hmap (in target 'CondiscoTests' from project 'Condisco')
    cd /Users/spkoehl/Projects/VerbaLibera
    write-file /var/folders/3w/91hphlzs0rv_1twbkfyhvn6m0000gn/T/condisco-preflight.fRP9FS/DerivedData/Build/Intermediates.noindex/Condisco.build/Debug-iphonesimulator/CondiscoTests.build/CondiscoTests-all-target-headers.hmap

WriteAuxiliaryFile /var/folders/3w/91hphlzs0rv_1twbkfyhvn6m0000gn/T/condisco-preflight.fRP9FS/DerivedData/Build/Intermediates.noindex/Condisco.build/Debug-iphonesimulator/CondiscoTests.build/CondiscoTests-all-non-framework-target-headers.hmap (in target 'CondiscoTests' from project 'Condisco')
    cd /Users/spkoehl/Projects/VerbaLibera
    write-file /var/folders/3w/91hphlzs0rv_1twbkfyhvn6m0000gn/T/condisco-preflight.fRP9FS/DerivedData/Build/Intermediates.noindex/Condisco.build/Debug-iphonesimulator/CondiscoTests.build/CondiscoTests-all-non-framework-target-headers.hmap

WriteAuxiliaryFile /var/folders/3w/91hphlzs0rv_1twbkfyhvn6m0000gn/T/condisco-preflight.fRP9FS/DerivedData/Build/Intermediates.noindex/Condisco.build/Debug-iphonesimulator/Condisco.build/Objects-normal/arm64/Condisco_const_extract_protocols.json (in target 'Condisco' from project 'Condisco')
    cd /Users/spkoehl/Projects/VerbaLibera
    write-file /var/folders/3w/91hphlzs0rv_1twbkfyhvn6m0000gn/T/condisco-preflight.fRP9FS/DerivedData/Build/Intermediates.noindex/Condisco.build/Debug-iphonesimulator/Condisco.build/Objects-normal/arm64/Condisco_const_extract_protocols.json

WriteAuxiliaryFile /var/folders/3w/91hphlzs0rv_1twbkfyhvn6m0000gn/T/condisco-preflight.fRP9FS/DerivedData/Build/Intermediates.noindex/Condisco.build/Debug-iphonesimulator/Condisco.build/Objects-normal/arm64/Condisco.SwiftFileList (in target 'Condisco' from project 'Condisco')
    cd /Users/spkoehl/Projects/VerbaLibera
    write-file /var/folders/3w/91hphlzs0rv_1twbkfyhvn6m0000gn/T/condisco-preflight.fRP9FS/DerivedData/Build/Intermediates.noindex/Condisco.build/Debug-iphonesimulator/Condisco.build/Objects-normal/arm64/Condisco.SwiftFileList

WriteAuxiliaryFile /var/folders/3w/91hphlzs0rv_1twbkfyhvn6m0000gn/T/condisco-preflight.fRP9FS/DerivedData/Build/Intermediates.noindex/Condisco.build/Debug-iphonesimulator/Condisco.build/Objects-normal/arm64/Condisco.SwiftConstValuesFileList (in target 'Condisco' from project 'Condisco')
    cd /Users/spkoehl/Projects/VerbaLibera
    write-file /var/folders/3w/91hphlzs0rv_1twbkfyhvn6m0000gn/T/condisco-preflight.fRP9FS/DerivedData/Build/Intermediates.noindex/Condisco.build/Debug-iphonesimulator/Condisco.build/Objects-normal/arm64/Condisco.SwiftConstValuesFileList

WriteAuxiliaryFile /var/folders/3w/91hphlzs0rv_1twbkfyhvn6m0000gn/T/condisco-preflight.fRP9FS/DerivedData/Build/Intermediates.noindex/Condisco.build/Debug-iphonesimulator/Condisco.build/Objects-normal/arm64/Condisco.LinkFileList (in target 'Condisco' from project 'Condisco')
    cd /Users/spkoehl/Projects/VerbaLibera
    write-file /var/folders/3w/91hphlzs0rv_1twbkfyhvn6m0000gn/T/condisco-preflight.fRP9FS/DerivedData/Build/Intermediates.noindex/Condisco.build/Debug-iphonesimulator/Condisco.build/Objects-normal/arm64/Condisco.LinkFileList

WriteAuxiliaryFile /var/folders/3w/91hphlzs0rv_1twbkfyhvn6m0000gn/T/condisco-preflight.fRP9FS/DerivedData/Build/Intermediates.noindex/Condisco.build/Debug-iphonesimulator/Condisco.build/Objects-normal/arm64/Condisco-OutputFileMap.json (in target 'Condisco' from project 'Condisco')
    cd /Users/spkoehl/Projects/VerbaLibera
    write-file /var/folders/3w/91hphlzs0rv_1twbkfyhvn6m0000gn/T/condisco-preflight.fRP9FS/DerivedData/Build/Intermediates.noindex/Condisco.build/Debug-iphonesimulator/Condisco.build/Objects-normal/arm64/Condisco-OutputFileMap.json

WriteAuxiliaryFile /var/folders/3w/91hphlzs0rv_1twbkfyhvn6m0000gn/T/condisco-preflight.fRP9FS/DerivedData/Build/Intermediates.noindex/Condisco.build/Debug-iphonesimulator/Condisco.build/DerivedSources/Entitlements-Simulated.plist (in target 'Condisco' from project 'Condisco')
    cd /Users/spkoehl/Projects/VerbaLibera
    write-file /var/folders/3w/91hphlzs0rv_1twbkfyhvn6m0000gn/T/condisco-preflight.fRP9FS/DerivedData/Build/Intermediates.noindex/Condisco.build/Debug-iphonesimulator/Condisco.build/DerivedSources/Entitlements-Simulated.plist

WriteAuxiliaryFile /var/folders/3w/91hphlzs0rv_1twbkfyhvn6m0000gn/T/condisco-preflight.fRP9FS/DerivedData/Build/Intermediates.noindex/Condisco.build/Debug-iphonesimulator/Condisco.build/Condisco.hmap (in target 'Condisco' from project 'Condisco')
    cd /Users/spkoehl/Projects/VerbaLibera
    write-file /var/folders/3w/91hphlzs0rv_1twbkfyhvn6m0000gn/T/condisco-preflight.fRP9FS/DerivedData/Build/Intermediates.noindex/Condisco.build/Debug-iphonesimulator/Condisco.build/Condisco.hmap

WriteAuxiliaryFile /var/folders/3w/91hphlzs0rv_1twbkfyhvn6m0000gn/T/condisco-preflight.fRP9FS/DerivedData/Build/Intermediates.noindex/Condisco.build/Debug-iphonesimulator/Condisco.build/Condisco.DependencyStaticMetadataFileList (in target 'Condisco' from project 'Condisco')
    cd /Users/spkoehl/Projects/VerbaLibera
    write-file /var/folders/3w/91hphlzs0rv_1twbkfyhvn6m0000gn/T/condisco-preflight.fRP9FS/DerivedData/Build/Intermediates.noindex/Condisco.build/Debug-iphonesimulator/Condisco.build/Condisco.DependencyStaticMetadataFileList

WriteAuxiliaryFile /var/folders/3w/91hphlzs0rv_1twbkfyhvn6m0000gn/T/condisco-preflight.fRP9FS/DerivedData/Build/Intermediates.noindex/Condisco.build/Debug-iphonesimulator/Condisco.build/Condisco.DependencyMetadataFileList (in target 'Condisco' from project 'Condisco')
    cd /Users/spkoehl/Projects/VerbaLibera
    write-file /var/folders/3w/91hphlzs0rv_1twbkfyhvn6m0000gn/T/condisco-preflight.fRP9FS/DerivedData/Build/Intermediates.noindex/Condisco.build/Debug-iphonesimulator/Condisco.build/Condisco.DependencyMetadataFileList

WriteAuxiliaryFile /var/folders/3w/91hphlzs0rv_1twbkfyhvn6m0000gn/T/condisco-preflight.fRP9FS/DerivedData/Build/Intermediates.noindex/Condisco.build/Debug-iphonesimulator/Condisco.build/Condisco-project-headers.hmap (in target 'Condisco' from project 'Condisco')
    cd /Users/spkoehl/Projects/VerbaLibera
    write-file /var/folders/3w/91hphlzs0rv_1twbkfyhvn6m0000gn/T/condisco-preflight.fRP9FS/DerivedData/Build/Intermediates.noindex/Condisco.build/Debug-iphonesimulator/Condisco.build/Condisco-project-headers.hmap

WriteAuxiliaryFile /var/folders/3w/91hphlzs0rv_1twbkfyhvn6m0000gn/T/condisco-preflight.fRP9FS/DerivedData/Build/Intermediates.noindex/Condisco.build/Debug-iphonesimulator/Condisco.build/Condisco-own-target-headers.hmap (in target 'Condisco' from project 'Condisco')
    cd /Users/spkoehl/Projects/VerbaLibera
    write-file /var/folders/3w/91hphlzs0rv_1twbkfyhvn6m0000gn/T/condisco-preflight.fRP9FS/DerivedData/Build/Intermediates.noindex/Condisco.build/Debug-iphonesimulator/Condisco.build/Condisco-own-target-headers.hmap

WriteAuxiliaryFile /var/folders/3w/91hphlzs0rv_1twbkfyhvn6m0000gn/T/condisco-preflight.fRP9FS/DerivedData/Build/Intermediates.noindex/Condisco.build/Debug-iphonesimulator/Condisco.build/Condisco-generated-files.hmap (in target 'Condisco' from project 'Condisco')
    cd /Users/spkoehl/Projects/VerbaLibera
    write-file /var/folders/3w/91hphlzs0rv_1twbkfyhvn6m0000gn/T/condisco-preflight.fRP9FS/DerivedData/Build/Intermediates.noindex/Condisco.build/Debug-iphonesimulator/Condisco.build/Condisco-generated-files.hmap

WriteAuxiliaryFile /var/folders/3w/91hphlzs0rv_1twbkfyhvn6m0000gn/T/condisco-preflight.fRP9FS/DerivedData/Build/Intermediates.noindex/Condisco.build/Debug-iphonesimulator/Condisco.build/Condisco-all-target-headers.hmap (in target 'Condisco' from project 'Condisco')
    cd /Users/spkoehl/Projects/VerbaLibera
    write-file /var/folders/3w/91hphlzs0rv_1twbkfyhvn6m0000gn/T/condisco-preflight.fRP9FS/DerivedData/Build/Intermediates.noindex/Condisco.build/Debug-iphonesimulator/Condisco.build/Condisco-all-target-headers.hmap

WriteAuxiliaryFile /var/folders/3w/91hphlzs0rv_1twbkfyhvn6m0000gn/T/condisco-preflight.fRP9FS/DerivedData/Build/Intermediates.noindex/Condisco.build/Debug-iphonesimulator/Condisco.build/Condisco-DebugDylibPath-normal-arm64.txt (in target 'Condisco' from project 'Condisco')
    cd /Users/spkoehl/Projects/VerbaLibera
    write-file /var/folders/3w/91hphlzs0rv_1twbkfyhvn6m0000gn/T/condisco-preflight.fRP9FS/DerivedData/Build/Intermediates.noindex/Condisco.build/Debug-iphonesimulator/Condisco.build/Condisco-DebugDylibPath-normal-arm64.txt

WriteAuxiliaryFile /var/folders/3w/91hphlzs0rv_1twbkfyhvn6m0000gn/T/condisco-preflight.fRP9FS/DerivedData/Build/Intermediates.noindex/Condisco.build/Debug-iphonesimulator/Condisco.build/Condisco-all-non-framework-target-headers.hmap (in target 'Condisco' from project 'Condisco')
    cd /Users/spkoehl/Projects/VerbaLibera
    write-file /var/folders/3w/91hphlzs0rv_1twbkfyhvn6m0000gn/T/condisco-preflight.fRP9FS/DerivedData/Build/Intermediates.noindex/Condisco.build/Debug-iphonesimulator/Condisco.build/Condisco-all-non-framework-target-headers.hmap

MkDir /var/folders/3w/91hphlzs0rv_1twbkfyhvn6m0000gn/T/condisco-preflight.fRP9FS/DerivedData/Build/Products/Debug-iphonesimulator/CondiscoWidget.appex (in target 'CondiscoWidget' from project 'Condisco')
    cd /Users/spkoehl/Projects/VerbaLibera
    /bin/mkdir -p /var/folders/3w/91hphlzs0rv_1twbkfyhvn6m0000gn/T/condisco-preflight.fRP9FS/DerivedData/Build/Products/Debug-iphonesimulator/CondiscoWidget.appex

WriteAuxiliaryFile /var/folders/3w/91hphlzs0rv_1twbkfyhvn6m0000gn/T/condisco-preflight.fRP9FS/DerivedData/Build/Intermediates.noindex/Condisco.build/Debug-iphonesimulator/Condisco.build/Condisco-DebugDylibInstallName-normal-arm64.txt (in target 'Condisco' from project 'Condisco')
    cd /Users/spkoehl/Projects/VerbaLibera
    write-file /var/folders/3w/91hphlzs0rv_1twbkfyhvn6m0000gn/T/condisco-preflight.fRP9FS/DerivedData/Build/Intermediates.noindex/Condisco.build/Debug-iphonesimulator/Condisco.build/Condisco-DebugDylibInstallName-normal-arm64.txt

MkDir /var/folders/3w/91hphlzs0rv_1twbkfyhvn6m0000gn/T/condisco-preflight.fRP9FS/DerivedData/Build/Products/Debug-iphonesimulator/CondiscoUITests-Runner.app/PlugIns/CondiscoUITests.xctest (in target 'CondiscoUITests' from project 'Condisco')
    cd /Users/spkoehl/Projects/VerbaLibera
    /bin/mkdir -p /var/folders/3w/91hphlzs0rv_1twbkfyhvn6m0000gn/T/condisco-preflight.fRP9FS/DerivedData/Build/Products/Debug-iphonesimulator/CondiscoUITests-Runner.app/PlugIns/CondiscoUITests.xctest

MkDir /var/folders/3w/91hphlzs0rv_1twbkfyhvn6m0000gn/T/condisco-preflight.fRP9FS/DerivedData/Build/Products/Debug-iphonesimulator/Condisco.app/PlugIns (in target 'Condisco' from project 'Condisco')
    cd /Users/spkoehl/Projects/VerbaLibera
    /bin/mkdir -p /var/folders/3w/91hphlzs0rv_1twbkfyhvn6m0000gn/T/condisco-preflight.fRP9FS/DerivedData/Build/Products/Debug-iphonesimulator/Condisco.app/PlugIns

MkDir /var/folders/3w/91hphlzs0rv_1twbkfyhvn6m0000gn/T/condisco-preflight.fRP9FS/DerivedData/Build/Products/Debug-iphonesimulator/Condisco.app (in target 'Condisco' from project 'Condisco')
    cd /Users/spkoehl/Projects/VerbaLibera
    /bin/mkdir -p /var/folders/3w/91hphlzs0rv_1twbkfyhvn6m0000gn/T/condisco-preflight.fRP9FS/DerivedData/Build/Products/Debug-iphonesimulator/Condisco.app

MkDir /var/folders/3w/91hphlzs0rv_1twbkfyhvn6m0000gn/T/condisco-preflight.fRP9FS/DerivedData/Build/Products/Debug-iphonesimulator/Condisco.app/PlugIns/CondiscoTests.xctest (in target 'CondiscoTests' from project 'Condisco')
    cd /Users/spkoehl/Projects/VerbaLibera
    /bin/mkdir -p /var/folders/3w/91hphlzs0rv_1twbkfyhvn6m0000gn/T/condisco-preflight.fRP9FS/DerivedData/Build/Products/Debug-iphonesimulator/Condisco.app/PlugIns/CondiscoTests.xctest

ProcessProductPackaging /Users/spkoehl/Projects/VerbaLibera/CondiscoWidget/CondiscoWidget.entitlements /var/folders/3w/91hphlzs0rv_1twbkfyhvn6m0000gn/T/condisco-preflight.fRP9FS/DerivedData/Build/Intermediates.noindex/Condisco.build/Debug-iphonesimulator/CondiscoWidget.build/CondiscoWidget.appex-Simulated.xcent (in target 'CondiscoWidget' from project 'Condisco')
    cd /Users/spkoehl/Projects/VerbaLibera
    
    Entitlements:
    
    {
    "application-identifier" = "PN9T9MT37J.com.sleuthysloth.condisco.CondiscoWidget";
    "com.apple.security.application-groups" =     (
        "group.com.sleuthysloth.condisco"
    );
}
    
    builtin-productPackagingUtility /Users/spkoehl/Projects/VerbaLibera/CondiscoWidget/CondiscoWidget.entitlements -entitlements -format xml -o /var/folders/3w/91hphlzs0rv_1twbkfyhvn6m0000gn/T/condisco-preflight.fRP9FS/DerivedData/Build/Intermediates.noindex/Condisco.build/Debug-iphonesimulator/CondiscoWidget.build/CondiscoWidget.appex-Simulated.xcent

ProcessProductPackaging /Users/spkoehl/Projects/VerbaLibera/CondiscoWidget/CondiscoWidget.entitlements /var/folders/3w/91hphlzs0rv_1twbkfyhvn6m0000gn/T/condisco-preflight.fRP9FS/DerivedData/Build/Intermediates.noindex/Condisco.build/Debug-iphonesimulator/CondiscoWidget.build/CondiscoWidget.appex.xcent (in target 'CondiscoWidget' from project 'Condisco')
    cd /Users/spkoehl/Projects/VerbaLibera
    
    Entitlements:
    
    {
}
    
    builtin-productPackagingUtility /Users/spkoehl/Projects/VerbaLibera/CondiscoWidget/CondiscoWidget.entitlements -entitlements -format xml -o /var/folders/3w/91hphlzs0rv_1twbkfyhvn6m0000gn/T/condisco-preflight.fRP9FS/DerivedData/Build/Intermediates.noindex/Condisco.build/Debug-iphonesimulator/CondiscoWidget.build/CondiscoWidget.appex.xcent

ProcessProductPackagingDER /var/folders/3w/91hphlzs0rv_1twbkfyhvn6m0000gn/T/condisco-preflight.fRP9FS/DerivedData/Build/Intermediates.noindex/Condisco.build/Debug-iphonesimulator/CondiscoWidget.build/CondiscoWidget.appex-Simulated.xcent /var/folders/3w/91hphlzs0rv_1twbkfyhvn6m0000gn/T/condisco-preflight.fRP9FS/DerivedData/Build/Intermediates.noindex/Condisco.build/Debug-iphonesimulator/CondiscoWidget.build/CondiscoWidget.appex-Simulated.xcent.der (in target 'CondiscoWidget' from project 'Condisco')
    cd /Users/spkoehl/Projects/VerbaLibera
    /usr/bin/derq query -f xml -i /var/folders/3w/91hphlzs0rv_1twbkfyhvn6m0000gn/T/condisco-preflight.fRP9FS/DerivedData/Build/Intermediates.noindex/Condisco.build/Debug-iphonesimulator/CondiscoWidget.build/CondiscoWidget.appex-Simulated.xcent -o /var/folders/3w/91hphlzs0rv_1twbkfyhvn6m0000gn/T/condisco-preflight.fRP9FS/DerivedData/Build/Intermediates.noindex/Condisco.build/Debug-iphonesimulator/CondiscoWidget.build/CondiscoWidget.appex-Simulated.xcent.der --raw

ProcessProductPackagingDER /var/folders/3w/91hphlzs0rv_1twbkfyhvn6m0000gn/T/condisco-preflight.fRP9FS/DerivedData/Build/Intermediates.noindex/Condisco.build/Debug-iphonesimulator/CondiscoWidget.build/CondiscoWidget.appex.xcent /var/folders/3w/91hphlzs0rv_1twbkfyhvn6m0000gn/T/condisco-preflight.fRP9FS/DerivedData/Build/Intermediates.noindex/Condisco.build/Debug-iphonesimulator/CondiscoWidget.build/CondiscoWidget.appex.xcent.der (in target 'CondiscoWidget' from project 'Condisco')
    cd /Users/spkoehl/Projects/VerbaLibera
    /usr/bin/derq query -f xml -i /var/folders/3w/91hphlzs0rv_1twbkfyhvn6m0000gn/T/condisco-preflight.fRP9FS/DerivedData/Build/Intermediates.noindex/Condisco.build/Debug-iphonesimulator/CondiscoWidget.build/CondiscoWidget.appex.xcent -o /var/folders/3w/91hphlzs0rv_1twbkfyhvn6m0000gn/T/condisco-preflight.fRP9FS/DerivedData/Build/Intermediates.noindex/Condisco.build/Debug-iphonesimulator/CondiscoWidget.build/CondiscoWidget.appex.xcent.der --raw

Ld /var/folders/3w/91hphlzs0rv_1twbkfyhvn6m0000gn/T/condisco-preflight.fRP9FS/DerivedData/Build/Products/Debug-iphonesimulator/CondiscoWidget.appex/__preview.dylib normal (in target 'CondiscoWidget' from project 'Condisco')
    cd /Users/spkoehl/Projects/VerbaLibera
    /Applications/Xcode.app/Contents/Developer/Toolchains/XcodeDefault.xctoolchain/usr/bin/clang -Xlinker -reproducible -target arm64-apple-ios17.0-simulator -dynamiclib -isysroot /Applications/Xcode.app/Contents/Developer/Platforms/iPhoneSimulator.platform/Developer/SDKs/iPhoneSimulator27.0.sdk -O0 -Xlinker -no_warn_duplicate_libraries -L/var/folders/3w/91hphlzs0rv_1twbkfyhvn6m0000gn/T/condisco-preflight.fRP9FS/DerivedData/Build/Products/Debug-iphonesimulator -F/var/folders/3w/91hphlzs0rv_1twbkfyhvn6m0000gn/T/condisco-preflight.fRP9FS/DerivedData/Build/Products/Debug-iphonesimulator -install_name @rpath/CondiscoWidget.debug.dylib -Xlinker -dead_strip -rdynamic -Xlinker -no_deduplicate -Xlinker -objc_abi_version -Xlinker 2 -Xlinker -dependency_info -Xlinker /var/folders/3w/91hphlzs0rv_1twbkfyhvn6m0000gn/T/condisco-preflight.fRP9FS/DerivedData/Build/Intermediates.noindex/Condisco.build/Debug-iphonesimulator/CondiscoWidget.build/Objects-normal/arm64/CondiscoWidget_dependency_info.dat -Xlinker -sectcreate -Xlinker __TEXT -Xlinker __entitlements -Xlinker /var/folders/3w/91hphlzs0rv_1twbkfyhvn6m0000gn/T/condisco-preflight.fRP9FS/DerivedData/Build/Intermediates.noindex/Condisco.build/Debug-iphonesimulator/CondiscoWidget.build/CondiscoWidget.appex-Simulated.xcent -Xlinker -sectcreate -Xlinker __TEXT -Xlinker __ents_der -Xlinker /var/folders/3w/91hphlzs0rv_1twbkfyhvn6m0000gn/T/condisco-preflight.fRP9FS/DerivedData/Build/Intermediates.noindex/Condisco.build/Debug-iphonesimulator/CondiscoWidget.build/CondiscoWidget.appex-Simulated.xcent.der -Xlinker -no_adhoc_codesign -o /var/folders/3w/91hphlzs0rv_1twbkfyhvn6m0000gn/T/condisco-preflight.fRP9FS/DerivedData/Build/Products/Debug-iphonesimulator/CondiscoWidget.appex/__preview.dylib

ProcessInfoPlistFile /var/folders/3w/91hphlzs0rv_1twbkfyhvn6m0000gn/T/condisco-preflight.fRP9FS/DerivedData/Build/Products/Debug-iphonesimulator/CondiscoWidget.appex/Info.plist /Users/spkoehl/Projects/VerbaLibera/CondiscoWidget/Info.plist (in target 'CondiscoWidget' from project 'Condisco')
    cd /Users/spkoehl/Projects/VerbaLibera
    builtin-infoPlistUtility /Users/spkoehl/Projects/VerbaLibera/CondiscoWidget/Info.plist -producttype com.apple.product-type.app-extension -expandbuildsettings -format binary -platform iphonesimulator -o /var/folders/3w/91hphlzs0rv_1twbkfyhvn6m0000gn/T/condisco-preflight.fRP9FS/DerivedData/Build/Products/Debug-iphonesimulator/CondiscoWidget.appex/Info.plist

SwiftDriver CondiscoWidget normal arm64 com.apple.xcode.tools.swift.compiler (in target 'CondiscoWidget' from project 'Condisco')
    cd /Users/spkoehl/Projects/VerbaLibera
    builtin-SwiftDriver -- /Applications/Xcode.app/Contents/Developer/Toolchains/XcodeDefault.xctoolchain/usr/bin/swiftc -module-name CondiscoWidget -Onone @/var/folders/3w/91hphlzs0rv_1twbkfyhvn6m0000gn/T/condisco-preflight.fRP9FS/DerivedData/Build/Intermediates.noindex/Condisco.build/Debug-iphonesimulator/CondiscoWidget.build/Objects-normal/arm64/CondiscoWidget.SwiftFileList -DDEBUG -enable-bare-slash-regex -enable-experimental-feature DebugDescriptionMacro -sdk /Applications/Xcode.app/Contents/Developer/Platforms/iPhoneSimulator.platform/Developer/SDKs/iPhoneSimulator27.0.sdk -target arm64-apple-ios17.0-simulator -g -module-cache-path /var/folders/3w/91hphlzs0rv_1twbkfyhvn6m0000gn/T/condisco-preflight.fRP9FS/DerivedData/ModuleCache.noindex -Xfrontend -serialize-debugging-options -application-extension -enable-testing -index-store-path /var/folders/3w/91hphlzs0rv_1twbkfyhvn6m0000gn/T/condisco-preflight.fRP9FS/DerivedData/Index.noindex/DataStore -Xcc -D_LIBCPP_HARDENING_MODE\=_LIBCPP_HARDENING_MODE_DEBUG -swift-version 5 -I /var/folders/3w/91hphlzs0rv_1twbkfyhvn6m0000gn/T/condisco-preflight.fRP9FS/DerivedData/Build/Products/Debug-iphonesimulator -F /var/folders/3w/91hphlzs0rv_1twbkfyhvn6m0000gn/T/condisco-preflight.fRP9FS/DerivedData/Build/Products/Debug-iphonesimulator -emit-localized-strings -emit-localized-strings-path /var/folders/3w/91hphlzs0rv_1twbkfyhvn6m0000gn/T/condisco-preflight.fRP9FS/DerivedData/Build/Intermediates.noindex/Condisco.build/Debug-iphonesimulator/CondiscoWidget.build/Objects-normal/arm64 -c -j6 -enable-batch-mode -incremental -Xcc -ivfsstatcache -Xcc /var/folders/3w/91hphlzs0rv_1twbkfyhvn6m0000gn/T/condisco-preflight.fRP9FS/DerivedData/SDKStatCaches.noindex/iphonesimulator27.0-24A430-8dc58220667be655e1bcc261a7455254.sdkstatcache -output-file-map /var/folders/3w/91hphlzs0rv_1twbkfyhvn6m0000gn/T/condisco-preflight.fRP9FS/DerivedData/Build/Intermediates.noindex/Condisco.build/Debug-iphonesimulator/CondiscoWidget.build/Objects-normal/arm64/CondiscoWidget-OutputFileMap.json -save-temps -no-color-diagnostics -explicit-module-build -module-cache-path /var/folders/3w/91hphlzs0rv_1twbkfyhvn6m0000gn/T/condisco-preflight.fRP9FS/DerivedData/Build/Intermediates.noindex/SwiftExplicitPrecompiledModules -clang-scanner-module-cache-path /var/folders/3w/91hphlzs0rv_1twbkfyhvn6m0000gn/T/condisco-preflight.fRP9FS/DerivedData/ModuleCache.noindex -sdk-module-cache-path /var/folders/3w/91hphlzs0rv_1twbkfyhvn6m0000gn/T/condisco-preflight.fRP9FS/DerivedData/SDKExplicitPrecompiledModules -emit-dependencies -emit-module -emit-module-path /var/folders/3w/91hphlzs0rv_1twbkfyhvn6m0000gn/T/condisco-preflight.fRP9FS/DerivedData/Build/Intermediates.noindex/Condisco.build/Debug-iphonesimulator/CondiscoWidget.build/Objects-normal/arm64/CondiscoWidget.swiftmodule -serialize-diagnostics -dependency-scan-serialize-diagnostics-path /var/folders/3w/91hphlzs0rv_1twbkfyhvn6m0000gn/T/condisco-preflight.fRP9FS/DerivedData/Build/Intermediates.noindex/Condisco.build/Debug-iphonesimulator/CondiscoWidget.build/Objects-normal/arm64/CondiscoWidget-dependency-scan.dia -validate-clang-modules-once -clang-build-session-file /var/folders/3w/91hphlzs0rv_1twbkfyhvn6m0000gn/T/condisco-preflight.fRP9FS/DerivedData/ModuleCache.noindex/Session.modulevalidation -Xcc -fmodules-prune-interval\=86400 -Xcc -fmodules-prune-after\=345600 -emit-const-values -const-gather-protocols-list /var/folders/3w/91hphlzs0rv_1twbkfyhvn6m0000gn/T/condisco-preflight.fRP9FS/DerivedData/Build/Intermediates.noindex/Condisco.build/Debug-iphonesimulator/CondiscoWidget.build/Objects-normal/arm64/CondiscoWidget_const_extract_protocols.json -Xcc -iquote -Xcc /var/folders/3w/91hphlzs0rv_1twbkfyhvn6m0000gn/T/condisco-preflight.fRP9FS/DerivedData/Build/Intermediates.noindex/Condisco.build/Debug-iphonesimulator/CondiscoWidget.build/CondiscoWidget-generated-files.hmap -Xcc -I/var/folders/3w/91hphlzs0rv_1twbkfyhvn6m0000gn/T/condisco-preflight.fRP9FS/DerivedData/Build/Intermediates.noindex/Condisco.build/Debug-iphonesimulator/CondiscoWidget.build/CondiscoWidget-own-target-headers.hmap -Xcc -I/var/folders/3w/91hphlzs0rv_1twbkfyhvn6m0000gn/T/condisco-preflight.fRP9FS/DerivedData/Build/Intermediates.noindex/Condisco.build/Debug-iphonesimulator/CondiscoWidget.build/CondiscoWidget-all-target-headers.hmap -Xcc -iquote -Xcc /var/folders/3w/91hphlzs0rv_1twbkfyhvn6m0000gn/T/condisco-preflight.fRP9FS/DerivedData/Build/Intermediates.noindex/Condisco.build/Debug-iphonesimulator/CondiscoWidget.build/CondiscoWidget-project-headers.hmap -Xcc -I/var/folders/3w/91hphlzs0rv_1twbkfyhvn6m0000gn/T/condisco-preflight.fRP9FS/DerivedData/Build/Products/Debug-iphonesimulator/include -Xcc -I/var/folders/3w/91hphlzs0rv_1twbkfyhvn6m0000gn/T/condisco-preflight.fRP9FS/DerivedData/Build/Intermediates.noindex/Condisco.build/Debug-iphonesimulator/CondiscoWidget.build/DerivedSources-normal/arm64 -Xcc -I/var/folders/3w/91hphlzs0rv_1twbkfyhvn6m0000gn/T/condisco-preflight.fRP9FS/DerivedData/Build/Intermediates.noindex/Condisco.build/Debug-iphonesimulator/CondiscoWidget.build/DerivedSources/arm64 -Xcc -I/var/folders/3w/91hphlzs0rv_1twbkfyhvn6m0000gn/T/condisco-preflight.fRP9FS/DerivedData/Build/Intermediates.noindex/Condisco.build/Debug-iphonesimulator/CondiscoWidget.build/DerivedSources -Xcc -DDEBUG\=1 -Xcc -DDEBUG\=1 -emit-objc-header -emit-objc-header-path /var/folders/3w/91hphlzs0rv_1twbkfyhvn6m0000gn/T/condisco-preflight.fRP9FS/DerivedData/Build/Intermediates.noindex/Condisco.build/Debug-iphonesimulator/CondiscoWidget.build/Objects-normal/arm64/CondiscoWidget-Swift.h -working-directory /Users/spkoehl/Projects/VerbaLibera -experimental-emit-module-separately -disable-cmo

SwiftExplicitDependencyGeneratePcm arm64 /var/folders/3w/91hphlzs0rv_1twbkfyhvn6m0000gn/T/condisco-preflight.fRP9FS/DerivedData/SDKExplicitPrecompiledModules/ActivityKit-3J708AEGJN90QD0NO4SXIBRRS.pcm

SwiftExplicitDependencyGeneratePcm arm64 /var/folders/3w/91hphlzs0rv_1twbkfyhvn6m0000gn/T/condisco-preflight.fRP9FS/DerivedData/SDKExplicitPrecompiledModules/ptrcheck-5SL7CN6WG22LTLQZOMCYMIL4Y.pcm

SwiftExplicitDependencyGeneratePcm arm64 /var/folders/3w/91hphlzs0rv_1twbkfyhvn6m0000gn/T/condisco-preflight.fRP9FS/DerivedData/SDKExplicitPrecompiledModules/_SwiftConcurrencyShims-4UU4TORZ6Q25HH0IHAT4YQH1A.pcm

SwiftExplicitDependencyGeneratePcm arm64 /var/folders/3w/91hphlzs0rv_1twbkfyhvn6m0000gn/T/condisco-preflight.fRP9FS/DerivedData/SDKExplicitPrecompiledModules/_AvailabilityInternal-6IV9L7G33W5HMKK6Q9GDGKAKF.pcm

SwiftExplicitDependencyGeneratePcm arm64 /var/folders/3w/91hphlzs0rv_1twbkfyhvn6m0000gn/T/condisco-preflight.fRP9FS/DerivedData/SDKExplicitPrecompiledModules/_Builtin_stdbool-EH9BFJ85GT5YV4I2CEMHXDLFA.pcm

SwiftExplicitDependencyGeneratePcm arm64 /var/folders/3w/91hphlzs0rv_1twbkfyhvn6m0000gn/T/condisco-preflight.fRP9FS/DerivedData/SDKExplicitPrecompiledModules/ptrauth-EYNHUUQSZRUF44FMINBCDQ2YM.pcm

SwiftExplicitDependencyGeneratePcm arm64 /var/folders/3w/91hphlzs0rv_1twbkfyhvn6m0000gn/T/condisco-preflight.fRP9FS/DerivedData/SDKExplicitPrecompiledModules/DeveloperToolsSupport-ANS12YMTOELN13DAWXALOD8WG.pcm

SwiftExplicitDependencyGeneratePcm arm64 /var/folders/3w/91hphlzs0rv_1twbkfyhvn6m0000gn/T/condisco-preflight.fRP9FS/DerivedData/SDKExplicitPrecompiledModules/SwiftShims-4OS89CVPJI3FI19MUGL5Z57H0.pcm

SwiftExplicitDependencyGeneratePcm arm64 /var/folders/3w/91hphlzs0rv_1twbkfyhvn6m0000gn/T/condisco-preflight.fRP9FS/DerivedData/SDKExplicitPrecompiledModules/_Builtin_stdarg-9PEECLMEESEYQRQSLG5OFH007.pcm

SwiftExplicitDependencyGeneratePcm arm64 /var/folders/3w/91hphlzs0rv_1twbkfyhvn6m0000gn/T/condisco-preflight.fRP9FS/DerivedData/SDKExplicitPrecompiledModules/_Builtin_stddef-318A34D5V3RJ5X0LQA2GSJEE8.pcm

SwiftExplicitDependencyGeneratePcm arm64 /var/folders/3w/91hphlzs0rv_1twbkfyhvn6m0000gn/T/condisco-preflight.fRP9FS/DerivedData/SDKExplicitPrecompiledModules/_Builtin_float-E520YWXWMPBEPF2CZ2T523WR7.pcm

SwiftExplicitDependencyGeneratePcm arm64 /var/folders/3w/91hphlzs0rv_1twbkfyhvn6m0000gn/T/condisco-preflight.fRP9FS/DerivedData/SDKExplicitPrecompiledModules/_DarwinFoundation1-CM9A3RKXKHE10IVBXHB0MT66.pcm

SwiftExplicitDependencyGeneratePcm arm64 /var/folders/3w/91hphlzs0rv_1twbkfyhvn6m0000gn/T/condisco-preflight.fRP9FS/DerivedData/SDKExplicitPrecompiledModules/_Builtin_limits-57ZLQX0E0TLIFD36OE5N9ZMMI.pcm

SwiftExplicitDependencyGeneratePcm arm64 /var/folders/3w/91hphlzs0rv_1twbkfyhvn6m0000gn/T/condisco-preflight.fRP9FS/DerivedData/SDKExplicitPrecompiledModules/_DarwinFoundation2-CXYOR8DTJH4WU5ELCRF1WU37S.pcm

SwiftExplicitDependencyGeneratePcm arm64 /var/folders/3w/91hphlzs0rv_1twbkfyhvn6m0000gn/T/condisco-preflight.fRP9FS/DerivedData/SDKExplicitPrecompiledModules/ExtensionFoundation-AI9A8GORGGRDN1JEF7JCN3BPE.pcm

SwiftExplicitDependencyGeneratePcm arm64 /var/folders/3w/91hphlzs0rv_1twbkfyhvn6m0000gn/T/condisco-preflight.fRP9FS/DerivedData/SDKExplicitPrecompiledModules/_Builtin_stdint-7Z3RXZSZDZG1763Z3L67OBSST.pcm

SwiftExplicitDependencyGeneratePcm arm64 /var/folders/3w/91hphlzs0rv_1twbkfyhvn6m0000gn/T/condisco-preflight.fRP9FS/DerivedData/SDKExplicitPrecompiledModules/string_h-BX08MM32ZM5W6MBBEM2J48BPK.pcm

SwiftExplicitDependencyGeneratePcm arm64 /var/folders/3w/91hphlzs0rv_1twbkfyhvn6m0000gn/T/condisco-preflight.fRP9FS/DerivedData/SDKExplicitPrecompiledModules/sys_types-9JXHZY1HEHDUZT4CFDJR1DXUR.pcm

SwiftExplicitDependencyGeneratePcm arm64 /var/folders/3w/91hphlzs0rv_1twbkfyhvn6m0000gn/T/condisco-preflight.fRP9FS/DerivedData/SDKExplicitPrecompiledModules/_Builtin_tgmath-1FP01WO7WO9FXIXWFKEDCIJDU.pcm

SwiftExplicitDependencyGeneratePcm arm64 /var/folders/3w/91hphlzs0rv_1twbkfyhvn6m0000gn/T/condisco-preflight.fRP9FS/DerivedData/SDKExplicitPrecompiledModules/_Builtin_intrinsics-A08UT2PI0IQSZTKSBX6GTJA0W.pcm

SwiftExplicitDependencyGeneratePcm arm64 /var/folders/3w/91hphlzs0rv_1twbkfyhvn6m0000gn/T/condisco-preflight.fRP9FS/DerivedData/SDKExplicitPrecompiledModules/_Builtin_stdatomic-71KPOZZPAK84ENAORYCZ3AMDF.pcm

SwiftExplicitDependencyGeneratePcm arm64 /var/folders/3w/91hphlzs0rv_1twbkfyhvn6m0000gn/T/condisco-preflight.fRP9FS/DerivedData/SDKExplicitPrecompiledModules/_DarwinFoundation3-68KN2Q5VH9SIBW0MPXACPPL6B.pcm

SwiftExplicitDependencyGeneratePcm arm64 /var/folders/3w/91hphlzs0rv_1twbkfyhvn6m0000gn/T/condisco-preflight.fRP9FS/DerivedData/SDKExplicitPrecompiledModules/_Builtin_inttypes-E7OGQFWIH14ZM4JD0FPL4P0DZ.pcm

SwiftExplicitDependencyGeneratePcm arm64 /var/folders/3w/91hphlzs0rv_1twbkfyhvn6m0000gn/T/condisco-preflight.fRP9FS/DerivedData/SDKExplicitPrecompiledModules/Darwin-DR53MC8TQ9K5Q5X5CBRQT5R4A.pcm

SwiftExplicitDependencyGeneratePcm arm64 /var/folders/3w/91hphlzs0rv_1twbkfyhvn6m0000gn/T/condisco-preflight.fRP9FS/DerivedData/SDKExplicitPrecompiledModules/simd-1N2XH2O7VOD19XTSKNMPLC7HH.pcm

SwiftExplicitDependencyGeneratePcm arm64 /var/folders/3w/91hphlzs0rv_1twbkfyhvn6m0000gn/T/condisco-preflight.fRP9FS/DerivedData/SDKExplicitPrecompiledModules/ObjectiveC-27YMXVLXUO2WSC6UVF5RNN6BF.pcm

SwiftExplicitDependencyGeneratePcm arm64 /var/folders/3w/91hphlzs0rv_1twbkfyhvn6m0000gn/T/condisco-preflight.fRP9FS/DerivedData/SDKExplicitPrecompiledModules/MachO-AO8433QJP6VEEX7F8JR3THSOE.pcm

SwiftExplicitDependencyGeneratePcm arm64 /var/folders/3w/91hphlzs0rv_1twbkfyhvn6m0000gn/T/condisco-preflight.fRP9FS/DerivedData/SDKExplicitPrecompiledModules/os_object-67CR52B7GM5R46Z1T6Y9TO9WI.pcm

SwiftExplicitDependencyGeneratePcm arm64 /var/folders/3w/91hphlzs0rv_1twbkfyhvn6m0000gn/T/condisco-preflight.fRP9FS/DerivedData/SDKExplicitPrecompiledModules/os_workgroup-836LGXACVVD0ZDJSAUVPLIBXX.pcm

SwiftExplicitDependencyGeneratePcm arm64 /var/folders/3w/91hphlzs0rv_1twbkfyhvn6m0000gn/T/condisco-preflight.fRP9FS/DerivedData/SDKExplicitPrecompiledModules/Spatial-CE07JZUNW3LJKCC3L61NOBE3A.pcm

SwiftExplicitDependencyGeneratePcm arm64 /var/folders/3w/91hphlzs0rv_1twbkfyhvn6m0000gn/T/condisco-preflight.fRP9FS/DerivedData/SDKExplicitPrecompiledModules/Dispatch-39PGUBJYHY0Y1AZ0R5EXG5F30.pcm

SwiftExplicitDependencyGeneratePcm arm64 /var/folders/3w/91hphlzs0rv_1twbkfyhvn6m0000gn/T/condisco-preflight.fRP9FS/DerivedData/SDKExplicitPrecompiledModules/dnssd-A6Z1R9HMBY12VFDXGJVXS6B02.pcm

SwiftExplicitDependencyGeneratePcm arm64 /var/folders/3w/91hphlzs0rv_1twbkfyhvn6m0000gn/T/condisco-preflight.fRP9FS/DerivedData/SDKExplicitPrecompiledModules/XPC-27VUPO55WUKWGUHQMZ4H5Z8IL.pcm

SwiftExplicitDependencyGeneratePcm arm64 /var/folders/3w/91hphlzs0rv_1twbkfyhvn6m0000gn/T/condisco-preflight.fRP9FS/DerivedData/SDKExplicitPrecompiledModules/CoreFoundation-EWJ7H16B1V0VCKVCM2CJG8QJM.pcm

SwiftExplicitDependencyGeneratePcm arm64 /var/folders/3w/91hphlzs0rv_1twbkfyhvn6m0000gn/T/condisco-preflight.fRP9FS/DerivedData/SDKExplicitPrecompiledModules/os-CP0OCY1YD6U29YAR8SY249SXV.pcm

SwiftExplicitDependencyGeneratePcm arm64 /var/folders/3w/91hphlzs0rv_1twbkfyhvn6m0000gn/T/condisco-preflight.fRP9FS/DerivedData/SDKExplicitPrecompiledModules/CFNetwork-45S07T4SPGJ1NTSCN7IINOX6G.pcm

SwiftExplicitDependencyGeneratePcm arm64 /var/folders/3w/91hphlzs0rv_1twbkfyhvn6m0000gn/T/condisco-preflight.fRP9FS/DerivedData/SDKExplicitPrecompiledModules/Security-AMCMTCNRE86V69XQY3MNE68BB.pcm

SwiftExplicitDependencyGeneratePcm arm64 /var/folders/3w/91hphlzs0rv_1twbkfyhvn6m0000gn/T/condisco-preflight.fRP9FS/DerivedData/SDKExplicitPrecompiledModules/CoreGraphics-AJH9014AG9YSR819XDT9NZ9FZ.pcm

SwiftExplicitDependencyGeneratePcm arm64 /var/folders/3w/91hphlzs0rv_1twbkfyhvn6m0000gn/T/condisco-preflight.fRP9FS/DerivedData/SDKExplicitPrecompiledModules/CoreAudioTypes-DTKUII8L5WRMLMK2T4Z6CBSQ0.pcm

SwiftExplicitDependencyGeneratePcm arm64 /var/folders/3w/91hphlzs0rv_1twbkfyhvn6m0000gn/T/condisco-preflight.fRP9FS/DerivedData/SDKExplicitPrecompiledModules/CoreAudio-DGCXMMHR188A3ZYOAZYDJX8V2.pcm

SwiftExplicitDependencyGeneratePcm arm64 /var/folders/3w/91hphlzs0rv_1twbkfyhvn6m0000gn/T/condisco-preflight.fRP9FS/DerivedData/SDKExplicitPrecompiledModules/Foundation-D1S1BCL852WKGCL0260CUU0ZV.pcm

SwiftExplicitDependencyGeneratePcm arm64 /var/folders/3w/91hphlzs0rv_1twbkfyhvn6m0000gn/T/condisco-preflight.fRP9FS/DerivedData/SDKExplicitPrecompiledModules/CoreText-3ROGUR4RUYVP45QIHXJQN76BZ.pcm

SwiftExplicitDependencyGeneratePcm arm64 /var/folders/3w/91hphlzs0rv_1twbkfyhvn6m0000gn/T/condisco-preflight.fRP9FS/DerivedData/SDKExplicitPrecompiledModules/ImageIO-2F5V5YHSL342TOAT8X17PIA69.pcm

SwiftExplicitDependencyGeneratePcm arm64 /var/folders/3w/91hphlzs0rv_1twbkfyhvn6m0000gn/T/condisco-preflight.fRP9FS/DerivedData/SDKExplicitPrecompiledModules/FileProvider-14CS24DCUOIGG2117R195X7S9.pcm

SwiftExplicitDependencyGeneratePcm arm64 /var/folders/3w/91hphlzs0rv_1twbkfyhvn6m0000gn/T/condisco-preflight.fRP9FS/DerivedData/SDKExplicitPrecompiledModules/UserNotifications-B5NPIIE3CQ9GF8JXS5S677VXA.pcm

SwiftExplicitDependencyGeneratePcm arm64 /var/folders/3w/91hphlzs0rv_1twbkfyhvn6m0000gn/T/condisco-preflight.fRP9FS/DerivedData/SDKExplicitPrecompiledModules/CoreTransferable-6VD8J3H7FEH8TQ2NI9J4BEPYQ.pcm

SwiftExplicitDependencyGeneratePcm arm64 /var/folders/3w/91hphlzs0rv_1twbkfyhvn6m0000gn/T/condisco-preflight.fRP9FS/DerivedData/SDKExplicitPrecompiledModules/Symbols-5BU0LDLBJH7Z8VEGY1GYFH8QS.pcm

SwiftExplicitDependencyGeneratePcm arm64 /var/folders/3w/91hphlzs0rv_1twbkfyhvn6m0000gn/T/condisco-preflight.fRP9FS/DerivedData/SDKExplicitPrecompiledModules/RelevanceKit-C65MNJOB1NFTEAZFUHPW2BE2M.pcm

SwiftExplicitDependencyGeneratePcm arm64 /var/folders/3w/91hphlzs0rv_1twbkfyhvn6m0000gn/T/condisco-preflight.fRP9FS/DerivedData/SDKExplicitPrecompiledModules/OpenGLES-699TG39S0PTHFB5HWI0E5PDM2.pcm

SwiftExplicitDependencyGeneratePcm arm64 /var/folders/3w/91hphlzs0rv_1twbkfyhvn6m0000gn/T/condisco-preflight.fRP9FS/DerivedData/SDKExplicitPrecompiledModules/AppIntents-BGZ6M7H9JA2LRNWS7JJX1Z9JW.pcm

SwiftExplicitDependencyGeneratePcm arm64 /var/folders/3w/91hphlzs0rv_1twbkfyhvn6m0000gn/T/condisco-preflight.fRP9FS/DerivedData/SDKExplicitPrecompiledModules/OSLog-3AFDGKTLAAJ761BHECO126HJT.pcm

SwiftExplicitDependencyGeneratePcm arm64 /var/folders/3w/91hphlzs0rv_1twbkfyhvn6m0000gn/T/condisco-preflight.fRP9FS/DerivedData/SDKExplicitPrecompiledModules/_LocationEssentials-1AHCK5EYNVEZMWAWHMEDUBOYD.pcm

SwiftExplicitDependencyGeneratePcm arm64 /var/folders/3w/91hphlzs0rv_1twbkfyhvn6m0000gn/T/condisco-preflight.fRP9FS/DerivedData/SDKExplicitPrecompiledModules/IOSurface-5G3T4H6T67S1G04QRI84870WF.pcm

SwiftExplicitDependencyGeneratePcm arm64 /var/folders/3w/91hphlzs0rv_1twbkfyhvn6m0000gn/T/condisco-preflight.fRP9FS/DerivedData/SDKExplicitPrecompiledModules/UniformTypeIdentifiers-17SWZZI34T9NYMSQRAVLACVID.pcm

SwiftExplicitDependencyGeneratePcm arm64 /var/folders/3w/91hphlzs0rv_1twbkfyhvn6m0000gn/T/condisco-preflight.fRP9FS/DerivedData/SDKExplicitPrecompiledModules/WidgetKit-4ATVSIRSVI24C5AEFOPQ2SU72.pcm

SwiftExplicitDependencyGeneratePcm arm64 /var/folders/3w/91hphlzs0rv_1twbkfyhvn6m0000gn/T/condisco-preflight.fRP9FS/DerivedData/SDKExplicitPrecompiledModules/DataDetection-C09W1IHMB78ZKX8R2SSEXGICQ.pcm

SwiftExplicitDependencyGeneratePcm arm64 /var/folders/3w/91hphlzs0rv_1twbkfyhvn6m0000gn/T/condisco-preflight.fRP9FS/DerivedData/SDKExplicitPrecompiledModules/Network-8UM06NTZB4JOYETG3644GQI1Q.pcm

SwiftExplicitDependencyGeneratePcm arm64 /var/folders/3w/91hphlzs0rv_1twbkfyhvn6m0000gn/T/condisco-preflight.fRP9FS/DerivedData/SDKExplicitPrecompiledModules/AppIntentsTypeSupport-DSN5GN4BFNKNTZ8UAMJ9OM6PT.pcm

SwiftExplicitDependencyGeneratePcm arm64 /var/folders/3w/91hphlzs0rv_1twbkfyhvn6m0000gn/T/condisco-preflight.fRP9FS/DerivedData/SDKExplicitPrecompiledModules/CoreData-41EL2XDGWPEJE0JU1RWWM8NI0.pcm

SwiftExplicitDependencyGeneratePcm arm64 /var/folders/3w/91hphlzs0rv_1twbkfyhvn6m0000gn/T/condisco-preflight.fRP9FS/DerivedData/SDKExplicitPrecompiledModules/Accessibility-AGD04CM8SJVSDUXA0A5GD8U7.pcm

SwiftExplicitDependencyGeneratePcm arm64 /var/folders/3w/91hphlzs0rv_1twbkfyhvn6m0000gn/T/condisco-preflight.fRP9FS/DerivedData/SDKExplicitPrecompiledModules/UIUtilities-8IKVDRAQ4HZSTAZMQBHA1IP3X.pcm

SwiftExplicitDependencyGeneratePcm arm64 /var/folders/3w/91hphlzs0rv_1twbkfyhvn6m0000gn/T/condisco-preflight.fRP9FS/DerivedData/SDKExplicitPrecompiledModules/CoreSpotlight-B7Q8FLDTC3HK1B20S8MRUUVAN.pcm

SwiftExplicitDependencyGeneratePcm arm64 /var/folders/3w/91hphlzs0rv_1twbkfyhvn6m0000gn/T/condisco-preflight.fRP9FS/DerivedData/SDKExplicitPrecompiledModules/CoreLocation-2GYZO47MBLBI1RREWHT1164GV.pcm

SwiftExplicitDependencyGeneratePcm arm64 /var/folders/3w/91hphlzs0rv_1twbkfyhvn6m0000gn/T/condisco-preflight.fRP9FS/DerivedData/SDKExplicitPrecompiledModules/Metal-8AJ6NA39Z2YY4YLWV5P7IKNX0.pcm

SwiftExplicitDependencyGeneratePcm arm64 /var/folders/3w/91hphlzs0rv_1twbkfyhvn6m0000gn/T/condisco-preflight.fRP9FS/DerivedData/SDKExplicitPrecompiledModules/Intents-7US5EXKN9AN2J8DG5WRYRP48R.pcm

SwiftExplicitDependencyGeneratePcm arm64 /var/folders/3w/91hphlzs0rv_1twbkfyhvn6m0000gn/T/condisco-preflight.fRP9FS/DerivedData/SDKExplicitPrecompiledModules/CoreMotion-E9G4CUF69JR7L8G4M3ZUU1Z8Q.pcm

SwiftExplicitDependencyGeneratePcm arm64 /var/folders/3w/91hphlzs0rv_1twbkfyhvn6m0000gn/T/condisco-preflight.fRP9FS/DerivedData/SDKExplicitPrecompiledModules/CoreVideo-EHQ1TMW67LCAV5P200JN02EYO.pcm

SwiftExplicitDependencyGeneratePcm arm64 /var/folders/3w/91hphlzs0rv_1twbkfyhvn6m0000gn/T/condisco-preflight.fRP9FS/DerivedData/SDKExplicitPrecompiledModules/CoreMedia-61PXHGOOS79T7IH8088AP04PV.pcm

SwiftExplicitDependencyGeneratePcm arm64 /var/folders/3w/91hphlzs0rv_1twbkfyhvn6m0000gn/T/condisco-preflight.fRP9FS/DerivedData/SDKExplicitPrecompiledModules/CoreImage-2K7EPM6A0RN30C4LFQC2CSLZJ.pcm

SwiftExplicitDependencyGeneratePcm arm64 /var/folders/3w/91hphlzs0rv_1twbkfyhvn6m0000gn/T/condisco-preflight.fRP9FS/DerivedData/SDKExplicitPrecompiledModules/QuartzCore-DBDEAE33WHUJ84NT8J7UXE5BR.pcm

SwiftExplicitDependencyGeneratePcm arm64 /var/folders/3w/91hphlzs0rv_1twbkfyhvn6m0000gn/T/condisco-preflight.fRP9FS/DerivedData/SDKExplicitPrecompiledModules/SwiftUICore-8YOXXOA8P2Y7VWBBMTP5MDGQ9.pcm

SwiftExplicitDependencyGeneratePcm arm64 /var/folders/3w/91hphlzs0rv_1twbkfyhvn6m0000gn/T/condisco-preflight.fRP9FS/DerivedData/SDKExplicitPrecompiledModules/UIKit-99BF3BJU6F1T2A7ONMG9ZGSBE.pcm

SwiftExplicitDependencyGeneratePcm arm64 /var/folders/3w/91hphlzs0rv_1twbkfyhvn6m0000gn/T/condisco-preflight.fRP9FS/DerivedData/SDKExplicitPrecompiledModules/SwiftUI-526MA7TNLCFTR1ZXR6YICR3VW.pcm

SwiftEmitModule normal arm64 Emitting\ module\ for\ CondiscoWidget (in target 'CondiscoWidget' from project 'Condisco')

SwiftCompile normal arm64 (in target 'CondiscoWidget' from project 'Condisco')
    cd /Users/spkoehl/Projects/VerbaLibera
    

SwiftCompile normal arm64 Compiling\ CondiscoWidget.swift /Users/spkoehl/Projects/VerbaLibera/CondiscoWidget/CondiscoWidget.swift (in target 'CondiscoWidget' from project 'Condisco')

SwiftCompile normal arm64 /Users/spkoehl/Projects/VerbaLibera/CondiscoWidget/CondiscoWidget.swift (in target 'CondiscoWidget' from project 'Condisco')
    cd /Users/spkoehl/Projects/VerbaLibera
    builtin-SwiftPerFileCompile CondiscoWidget.swift

SwiftCompile normal arm64 Compiling\ WidgetSnapshot.swift /Users/spkoehl/Projects/VerbaLibera/Condisco/Store/WidgetSnapshot.swift (in target 'CondiscoWidget' from project 'Condisco')

SwiftCompile normal arm64 /Users/spkoehl/Projects/VerbaLibera/Condisco/Store/WidgetSnapshot.swift (in target 'CondiscoWidget' from project 'Condisco')
    cd /Users/spkoehl/Projects/VerbaLibera
    builtin-SwiftPerFileCompile WidgetSnapshot.swift

SwiftDriverJobDiscovery normal arm64 Emitting module for CondiscoWidget (in target 'CondiscoWidget' from project 'Condisco')

SwiftDriver\ Compilation\ Requirements CondiscoWidget normal arm64 com.apple.xcode.tools.swift.compiler (in target 'CondiscoWidget' from project 'Condisco')
    cd /Users/spkoehl/Projects/VerbaLibera
    builtin-Swift-Compilation-Requirements -- /Applications/Xcode.app/Contents/Developer/Toolchains/XcodeDefault.xctoolchain/usr/bin/swiftc -module-name CondiscoWidget -Onone @/var/folders/3w/91hphlzs0rv_1twbkfyhvn6m0000gn/T/condisco-preflight.fRP9FS/DerivedData/Build/Intermediates.noindex/Condisco.build/Debug-iphonesimulator/CondiscoWidget.build/Objects-normal/arm64/CondiscoWidget.SwiftFileList -DDEBUG -enable-bare-slash-regex -enable-experimental-feature DebugDescriptionMacro -sdk /Applications/Xcode.app/Contents/Developer/Platforms/iPhoneSimulator.platform/Developer/SDKs/iPhoneSimulator27.0.sdk -target arm64-apple-ios17.0-simulator -g -module-cache-path /var/folders/3w/91hphlzs0rv_1twbkfyhvn6m0000gn/T/condisco-preflight.fRP9FS/DerivedData/ModuleCache.noindex -Xfrontend -serialize-debugging-options -application-extension -enable-testing -index-store-path /var/folders/3w/91hphlzs0rv_1twbkfyhvn6m0000gn/T/condisco-preflight.fRP9FS/DerivedData/Index.noindex/DataStore -Xcc -D_LIBCPP_HARDENING_MODE\=_LIBCPP_HARDENING_MODE_DEBUG -swift-version 5 -I /var/folders/3w/91hphlzs0rv_1twbkfyhvn6m0000gn/T/condisco-preflight.fRP9FS/DerivedData/Build/Products/Debug-iphonesimulator -F /var/folders/3w/91hphlzs0rv_1twbkfyhvn6m0000gn/T/condisco-preflight.fRP9FS/DerivedData/Build/Products/Debug-iphonesimulator -emit-localized-strings -emit-localized-strings-path /var/folders/3w/91hphlzs0rv_1twbkfyhvn6m0000gn/T/condisco-preflight.fRP9FS/DerivedData/Build/Intermediates.noindex/Condisco.build/Debug-iphonesimulator/CondiscoWidget.build/Objects-normal/arm64 -c -j6 -enable-batch-mode -incremental -Xcc -ivfsstatcache -Xcc /var/folders/3w/91hphlzs0rv_1twbkfyhvn6m0000gn/T/condisco-preflight.fRP9FS/DerivedData/SDKStatCaches.noindex/iphonesimulator27.0-24A430-8dc58220667be655e1bcc261a7455254.sdkstatcache -output-file-map /var/folders/3w/91hphlzs0rv_1twbkfyhvn6m0000gn/T/condisco-preflight.fRP9FS/DerivedData/Build/Intermediates.noindex/Condisco.build/Debug-iphonesimulator/CondiscoWidget.build/Objects-normal/arm64/CondiscoWidget-OutputFileMap.json -save-temps -no-color-diagnostics -explicit-module-build -module-cache-path /var/folders/3w/91hphlzs0rv_1twbkfyhvn6m0000gn/T/condisco-preflight.fRP9FS/DerivedData/Build/Intermediates.noindex/SwiftExplicitPrecompiledModules -clang-scanner-module-cache-path /var/folders/3w/91hphlzs0rv_1twbkfyhvn6m0000gn/T/condisco-preflight.fRP9FS/DerivedData/ModuleCache.noindex -sdk-module-cache-path /var/folders/3w/91hphlzs0rv_1twbkfyhvn6m0000gn/T/condisco-preflight.fRP9FS/DerivedData/SDKExplicitPrecompiledModules -emit-dependencies -emit-module -emit-module-path /var/folders/3w/91hphlzs0rv_1twbkfyhvn6m0000gn/T/condisco-preflight.fRP9FS/DerivedData/Build/Intermediates.noindex/Condisco.build/Debug-iphonesimulator/CondiscoWidget.build/Objects-normal/arm64/CondiscoWidget.swiftmodule -serialize-diagnostics -dependency-scan-serialize-diagnostics-path /var/folders/3w/91hphlzs0rv_1twbkfyhvn6m0000gn/T/condisco-preflight.fRP9FS/DerivedData/Build/Intermediates.noindex/Condisco.build/Debug-iphonesimulator/CondiscoWidget.build/Objects-normal/arm64/CondiscoWidget-dependency-scan.dia -validate-clang-modules-once -clang-build-session-file /var/folders/3w/91hphlzs0rv_1twbkfyhvn6m0000gn/T/condisco-preflight.fRP9FS/DerivedData/ModuleCache.noindex/Session.modulevalidation -Xcc -fmodules-prune-interval\=86400 -Xcc -fmodules-prune-after\=345600 -emit-const-values -const-gather-protocols-list /var/folders/3w/91hphlzs0rv_1twbkfyhvn6m0000gn/T/condisco-preflight.fRP9FS/DerivedData/Build/Intermediates.noindex/Condisco.build/Debug-iphonesimulator/CondiscoWidget.build/Objects-normal/arm64/CondiscoWidget_const_extract_protocols.json -Xcc -iquote -Xcc /var/folders/3w/91hphlzs0rv_1twbkfyhvn6m0000gn/T/condisco-preflight.fRP9FS/DerivedData/Build/Intermediates.noindex/Condisco.build/Debug-iphonesimulator/CondiscoWidget.build/CondiscoWidget-generated-files.hmap -Xcc -I/var/folders/3w/91hphlzs0rv_1twbkfyhvn6m0000gn/T/condisco-preflight.fRP9FS/DerivedData/Build/Intermediates.noindex/Condisco.build/Debug-iphonesimulator/CondiscoWidget.build/CondiscoWidget-own-target-headers.hmap -Xcc -I/var/folders/3w/91hphlzs0rv_1twbkfyhvn6m0000gn/T/condisco-preflight.fRP9FS/DerivedData/Build/Intermediates.noindex/Condisco.build/Debug-iphonesimulator/CondiscoWidget.build/CondiscoWidget-all-target-headers.hmap -Xcc -iquote -Xcc /var/folders/3w/91hphlzs0rv_1twbkfyhvn6m0000gn/T/condisco-preflight.fRP9FS/DerivedData/Build/Intermediates.noindex/Condisco.build/Debug-iphonesimulator/CondiscoWidget.build/CondiscoWidget-project-headers.hmap -Xcc -I/var/folders/3w/91hphlzs0rv_1twbkfyhvn6m0000gn/T/condisco-preflight.fRP9FS/DerivedData/Build/Products/Debug-iphonesimulator/include -Xcc -I/var/folders/3w/91hphlzs0rv_1twbkfyhvn6m0000gn/T/condisco-preflight.fRP9FS/DerivedData/Build/Intermediates.noindex/Condisco.build/Debug-iphonesimulator/CondiscoWidget.build/DerivedSources-normal/arm64 -Xcc -I/var/folders/3w/91hphlzs0rv_1twbkfyhvn6m0000gn/T/condisco-preflight.fRP9FS/DerivedData/Build/Intermediates.noindex/Condisco.build/Debug-iphonesimulator/CondiscoWidget.build/DerivedSources/arm64 -Xcc -I/var/folders/3w/91hphlzs0rv_1twbkfyhvn6m0000gn/T/condisco-preflight.fRP9FS/DerivedData/Build/Intermediates.noindex/Condisco.build/Debug-iphonesimulator/CondiscoWidget.build/DerivedSources -Xcc -DDEBUG\=1 -Xcc -DDEBUG\=1 -emit-objc-header -emit-objc-header-path /var/folders/3w/91hphlzs0rv_1twbkfyhvn6m0000gn/T/condisco-preflight.fRP9FS/DerivedData/Build/Intermediates.noindex/Condisco.build/Debug-iphonesimulator/CondiscoWidget.build/Objects-normal/arm64/CondiscoWidget-Swift.h -working-directory /Users/spkoehl/Projects/VerbaLibera -experimental-emit-module-separately -disable-cmo

SwiftMergeGeneratedHeaders /var/folders/3w/91hphlzs0rv_1twbkfyhvn6m0000gn/T/condisco-preflight.fRP9FS/DerivedData/Build/Intermediates.noindex/Condisco.build/Debug-iphonesimulator/CondiscoWidget.build/DerivedSources/CondiscoWidget-Swift.h /var/folders/3w/91hphlzs0rv_1twbkfyhvn6m0000gn/T/condisco-preflight.fRP9FS/DerivedData/Build/Intermediates.noindex/Condisco.build/Debug-iphonesimulator/CondiscoWidget.build/Objects-normal/arm64/CondiscoWidget-Swift.h (in target 'CondiscoWidget' from project 'Condisco')
    cd /Users/spkoehl/Projects/VerbaLibera
    builtin-swiftHeaderTool -arch arm64 /var/folders/3w/91hphlzs0rv_1twbkfyhvn6m0000gn/T/condisco-preflight.fRP9FS/DerivedData/Build/Intermediates.noindex/Condisco.build/Debug-iphonesimulator/CondiscoWidget.build/Objects-normal/arm64/CondiscoWidget-Swift.h -o /var/folders/3w/91hphlzs0rv_1twbkfyhvn6m0000gn/T/condisco-preflight.fRP9FS/DerivedData/Build/Intermediates.noindex/Condisco.build/Debug-iphonesimulator/CondiscoWidget.build/DerivedSources/CondiscoWidget-Swift.h

Copy /var/folders/3w/91hphlzs0rv_1twbkfyhvn6m0000gn/T/condisco-preflight.fRP9FS/DerivedData/Build/Products/Debug-iphonesimulator/CondiscoWidget.swiftmodule/arm64-apple-ios-simulator.swiftdoc /var/folders/3w/91hphlzs0rv_1twbkfyhvn6m0000gn/T/condisco-preflight.fRP9FS/DerivedData/Build/Intermediates.noindex/Condisco.build/Debug-iphonesimulator/CondiscoWidget.build/Objects-normal/arm64/CondiscoWidget.swiftdoc (in target 'CondiscoWidget' from project 'Condisco')
    cd /Users/spkoehl/Projects/VerbaLibera
    builtin-copy -exclude .DS_Store -exclude CVS -exclude .svn -exclude .git -exclude .hg -resolve-src-symlinks -rename /var/folders/3w/91hphlzs0rv_1twbkfyhvn6m0000gn/T/condisco-preflight.fRP9FS/DerivedData/Build/Intermediates.noindex/Condisco.build/Debug-iphonesimulator/CondiscoWidget.build/Objects-normal/arm64/CondiscoWidget.swiftdoc /var/folders/3w/91hphlzs0rv_1twbkfyhvn6m0000gn/T/condisco-preflight.fRP9FS/DerivedData/Build/Products/Debug-iphonesimulator/CondiscoWidget.swiftmodule/arm64-apple-ios-simulator.swiftdoc

Copy /var/folders/3w/91hphlzs0rv_1twbkfyhvn6m0000gn/T/condisco-preflight.fRP9FS/DerivedData/Build/Products/Debug-iphonesimulator/CondiscoWidget.swiftmodule/arm64-apple-ios-simulator.swiftmodule /var/folders/3w/91hphlzs0rv_1twbkfyhvn6m0000gn/T/condisco-preflight.fRP9FS/DerivedData/Build/Intermediates.noindex/Condisco.build/Debug-iphonesimulator/CondiscoWidget.build/Objects-normal/arm64/CondiscoWidget.swiftmodule (in target 'CondiscoWidget' from project 'Condisco')
    cd /Users/spkoehl/Projects/VerbaLibera
    builtin-copy -exclude .DS_Store -exclude CVS -exclude .svn -exclude .git -exclude .hg -resolve-src-symlinks -rename /var/folders/3w/91hphlzs0rv_1twbkfyhvn6m0000gn/T/condisco-preflight.fRP9FS/DerivedData/Build/Intermediates.noindex/Condisco.build/Debug-iphonesimulator/CondiscoWidget.build/Objects-normal/arm64/CondiscoWidget.swiftmodule /var/folders/3w/91hphlzs0rv_1twbkfyhvn6m0000gn/T/condisco-preflight.fRP9FS/DerivedData/Build/Products/Debug-iphonesimulator/CondiscoWidget.swiftmodule/arm64-apple-ios-simulator.swiftmodule

Copy /var/folders/3w/91hphlzs0rv_1twbkfyhvn6m0000gn/T/condisco-preflight.fRP9FS/DerivedData/Build/Products/Debug-iphonesimulator/CondiscoWidget.swiftmodule/arm64-apple-ios-simulator.abi.json /var/folders/3w/91hphlzs0rv_1twbkfyhvn6m0000gn/T/condisco-preflight.fRP9FS/DerivedData/Build/Intermediates.noindex/Condisco.build/Debug-iphonesimulator/CondiscoWidget.build/Objects-normal/arm64/CondiscoWidget.abi.json (in target 'CondiscoWidget' from project 'Condisco')
    cd /Users/spkoehl/Projects/VerbaLibera
    builtin-copy -exclude .DS_Store -exclude CVS -exclude .svn -exclude .git -exclude .hg -resolve-src-symlinks -rename /var/folders/3w/91hphlzs0rv_1twbkfyhvn6m0000gn/T/condisco-preflight.fRP9FS/DerivedData/Build/Intermediates.noindex/Condisco.build/Debug-iphonesimulator/CondiscoWidget.build/Objects-normal/arm64/CondiscoWidget.abi.json /var/folders/3w/91hphlzs0rv_1twbkfyhvn6m0000gn/T/condisco-preflight.fRP9FS/DerivedData/Build/Products/Debug-iphonesimulator/CondiscoWidget.swiftmodule/arm64-apple-ios-simulator.abi.json

Copy /var/folders/3w/91hphlzs0rv_1twbkfyhvn6m0000gn/T/condisco-preflight.fRP9FS/DerivedData/Build/Products/Debug-iphonesimulator/CondiscoWidget.swiftmodule/Project/arm64-apple-ios-simulator.swiftsourceinfo /var/folders/3w/91hphlzs0rv_1twbkfyhvn6m0000gn/T/condisco-preflight.fRP9FS/DerivedData/Build/Intermediates.noindex/Condisco.build/Debug-iphonesimulator/CondiscoWidget.build/Objects-normal/arm64/CondiscoWidget.swiftsourceinfo (in target 'CondiscoWidget' from project 'Condisco')
    cd /Users/spkoehl/Projects/VerbaLibera
    builtin-copy -exclude .DS_Store -exclude CVS -exclude .svn -exclude .git -exclude .hg -resolve-src-symlinks -rename /var/folders/3w/91hphlzs0rv_1twbkfyhvn6m0000gn/T/condisco-preflight.fRP9FS/DerivedData/Build/Intermediates.noindex/Condisco.build/Debug-iphonesimulator/CondiscoWidget.build/Objects-normal/arm64/CondiscoWidget.swiftsourceinfo /var/folders/3w/91hphlzs0rv_1twbkfyhvn6m0000gn/T/condisco-preflight.fRP9FS/DerivedData/Build/Products/Debug-iphonesimulator/CondiscoWidget.swiftmodule/Project/arm64-apple-ios-simulator.swiftsourceinfo

ProcessProductPackaging /Users/spkoehl/Projects/VerbaLibera/Condisco/Condisco.entitlements /var/folders/3w/91hphlzs0rv_1twbkfyhvn6m0000gn/T/condisco-preflight.fRP9FS/DerivedData/Build/Intermediates.noindex/Condisco.build/Debug-iphonesimulator/Condisco.build/Condisco.app.xcent (in target 'Condisco' from project 'Condisco')
    cd /Users/spkoehl/Projects/VerbaLibera
    
    Entitlements:
    
    {
}
    
    builtin-productPackagingUtility /Users/spkoehl/Projects/VerbaLibera/Condisco/Condisco.entitlements -entitlements -format xml -o /var/folders/3w/91hphlzs0rv_1twbkfyhvn6m0000gn/T/condisco-preflight.fRP9FS/DerivedData/Build/Intermediates.noindex/Condisco.build/Debug-iphonesimulator/Condisco.build/Condisco.app.xcent

ProcessProductPackaging /Users/spkoehl/Projects/VerbaLibera/Condisco/Condisco.entitlements /var/folders/3w/91hphlzs0rv_1twbkfyhvn6m0000gn/T/condisco-preflight.fRP9FS/DerivedData/Build/Intermediates.noindex/Condisco.build/Debug-iphonesimulator/Condisco.build/Condisco.app-Simulated.xcent (in target 'Condisco' from project 'Condisco')
    cd /Users/spkoehl/Projects/VerbaLibera
    
    Entitlements:
    
    {
    "application-identifier" = "PN9T9MT37J.com.sleuthysloth.condisco";
    "com.apple.security.application-groups" =     (
        "group.com.sleuthysloth.condisco"
    );
}
    
    builtin-productPackagingUtility /Users/spkoehl/Projects/VerbaLibera/Condisco/Condisco.entitlements -entitlements -format xml -o /var/folders/3w/91hphlzs0rv_1twbkfyhvn6m0000gn/T/condisco-preflight.fRP9FS/DerivedData/Build/Intermediates.noindex/Condisco.build/Debug-iphonesimulator/Condisco.build/Condisco.app-Simulated.xcent

ProcessProductPackagingDER /var/folders/3w/91hphlzs0rv_1twbkfyhvn6m0000gn/T/condisco-preflight.fRP9FS/DerivedData/Build/Intermediates.noindex/Condisco.build/Debug-iphonesimulator/Condisco.build/Condisco.app.xcent /var/folders/3w/91hphlzs0rv_1twbkfyhvn6m0000gn/T/condisco-preflight.fRP9FS/DerivedData/Build/Intermediates.noindex/Condisco.build/Debug-iphonesimulator/Condisco.build/Condisco.app.xcent.der (in target 'Condisco' from project 'Condisco')
    cd /Users/spkoehl/Projects/VerbaLibera
    /usr/bin/derq query -f xml -i /var/folders/3w/91hphlzs0rv_1twbkfyhvn6m0000gn/T/condisco-preflight.fRP9FS/DerivedData/Build/Intermediates.noindex/Condisco.build/Debug-iphonesimulator/Condisco.build/Condisco.app.xcent -o /var/folders/3w/91hphlzs0rv_1twbkfyhvn6m0000gn/T/condisco-preflight.fRP9FS/DerivedData/Build/Intermediates.noindex/Condisco.build/Debug-iphonesimulator/Condisco.build/Condisco.app.xcent.der --raw

ProcessProductPackagingDER /var/folders/3w/91hphlzs0rv_1twbkfyhvn6m0000gn/T/condisco-preflight.fRP9FS/DerivedData/Build/Intermediates.noindex/Condisco.build/Debug-iphonesimulator/Condisco.build/Condisco.app-Simulated.xcent /var/folders/3w/91hphlzs0rv_1twbkfyhvn6m0000gn/T/condisco-preflight.fRP9FS/DerivedData/Build/Intermediates.noindex/Condisco.build/Debug-iphonesimulator/Condisco.build/Condisco.app-Simulated.xcent.der (in target 'Condisco' from project 'Condisco')
    cd /Users/spkoehl/Projects/VerbaLibera
    /usr/bin/derq query -f xml -i /var/folders/3w/91hphlzs0rv_1twbkfyhvn6m0000gn/T/condisco-preflight.fRP9FS/DerivedData/Build/Intermediates.noindex/Condisco.build/Debug-iphonesimulator/Condisco.build/Condisco.app-Simulated.xcent -o /var/folders/3w/91hphlzs0rv_1twbkfyhvn6m0000gn/T/condisco-preflight.fRP9FS/DerivedData/Build/Intermediates.noindex/Condisco.build/Debug-iphonesimulator/Condisco.build/Condisco.app-Simulated.xcent.der --raw

GenerateAssetSymbols /Users/spkoehl/Projects/VerbaLibera/Condisco/Assets.xcassets (in target 'Condisco' from project 'Condisco')
    cd /Users/spkoehl/Projects/VerbaLibera
    /Applications/Xcode.app/Contents/Developer/usr/bin/actool /Users/spkoehl/Projects/VerbaLibera/Condisco/Assets.xcassets --compile /var/folders/3w/91hphlzs0rv_1twbkfyhvn6m0000gn/T/condisco-preflight.fRP9FS/DerivedData/Build/Products/Debug-iphonesimulator/Condisco.app --output-format human-readable-text --notices --warnings --export-dependency-info /var/folders/3w/91hphlzs0rv_1twbkfyhvn6m0000gn/T/condisco-preflight.fRP9FS/DerivedData/Build/Intermediates.noindex/Condisco.build/Debug-iphonesimulator/Condisco.build/assetcatalog_dependencies --output-partial-info-plist /var/folders/3w/91hphlzs0rv_1twbkfyhvn6m0000gn/T/condisco-preflight.fRP9FS/DerivedData/Build/Intermediates.noindex/Condisco.build/Debug-iphonesimulator/Condisco.build/assetcatalog_generated_info.plist --app-icon AppIcon --accent-color AccentColor --compress-pngs --enable-on-demand-resources YES --development-region en --target-device iphone --target-device ipad --minimum-deployment-target 17.0 --platform iphonesimulator --bundle-identifier com.sleuthysloth.condisco --generate-swift-asset-symbol-extensions NO --generate-swift-asset-symbols /var/folders/3w/91hphlzs0rv_1twbkfyhvn6m0000gn/T/condisco-preflight.fRP9FS/DerivedData/Build/Intermediates.noindex/Condisco.build/Debug-iphonesimulator/Condisco.build/DerivedSources/GeneratedAssetSymbols.swift --generate-objc-asset-symbols /var/folders/3w/91hphlzs0rv_1twbkfyhvn6m0000gn/T/condisco-preflight.fRP9FS/DerivedData/Build/Intermediates.noindex/Condisco.build/Debug-iphonesimulator/Condisco.build/DerivedSources/GeneratedAssetSymbols.h --generate-asset-symbol-index /var/folders/3w/91hphlzs0rv_1twbkfyhvn6m0000gn/T/condisco-preflight.fRP9FS/DerivedData/Build/Intermediates.noindex/Condisco.build/Debug-iphonesimulator/Condisco.build/DerivedSources/GeneratedAssetSymbols-Index.plist
/* com.apple.actool.compilation-results */
/var/folders/3w/91hphlzs0rv_1twbkfyhvn6m0000gn/T/condisco-preflight.fRP9FS/DerivedData/Build/Intermediates.noindex/Condisco.build/Debug-iphonesimulator/Condisco.build/DerivedSources/GeneratedAssetSymbols-Index.plist
/var/folders/3w/91hphlzs0rv_1twbkfyhvn6m0000gn/T/condisco-preflight.fRP9FS/DerivedData/Build/Intermediates.noindex/Condisco.build/Debug-iphonesimulator/Condisco.build/DerivedSources/GeneratedAssetSymbols.h
/var/folders/3w/91hphlzs0rv_1twbkfyhvn6m0000gn/T/condisco-preflight.fRP9FS/DerivedData/Build/Intermediates.noindex/Condisco.build/Debug-iphonesimulator/Condisco.build/DerivedSources/GeneratedAssetSymbols.swift


MkDir /var/folders/3w/91hphlzs0rv_1twbkfyhvn6m0000gn/T/condisco-preflight.fRP9FS/DerivedData/Build/Intermediates.noindex/Condisco.build/Debug-iphonesimulator/Condisco.build/assetcatalog_output/thinned (in target 'Condisco' from project 'Condisco')
    cd /Users/spkoehl/Projects/VerbaLibera
    /bin/mkdir -p /var/folders/3w/91hphlzs0rv_1twbkfyhvn6m0000gn/T/condisco-preflight.fRP9FS/DerivedData/Build/Intermediates.noindex/Condisco.build/Debug-iphonesimulator/Condisco.build/assetcatalog_output/thinned

MkDir /var/folders/3w/91hphlzs0rv_1twbkfyhvn6m0000gn/T/condisco-preflight.fRP9FS/DerivedData/Build/Intermediates.noindex/Condisco.build/Debug-iphonesimulator/Condisco.build/assetcatalog_output/unthinned (in target 'Condisco' from project 'Condisco')
    cd /Users/spkoehl/Projects/VerbaLibera
    /bin/mkdir -p /var/folders/3w/91hphlzs0rv_1twbkfyhvn6m0000gn/T/condisco-preflight.fRP9FS/DerivedData/Build/Intermediates.noindex/Condisco.build/Debug-iphonesimulator/Condisco.build/assetcatalog_output/unthinned

CompileAssetCatalogVariant thinned /var/folders/3w/91hphlzs0rv_1twbkfyhvn6m0000gn/T/condisco-preflight.fRP9FS/DerivedData/Build/Products/Debug-iphonesimulator/Condisco.app /Users/spkoehl/Projects/VerbaLibera/Condisco/Assets.xcassets (in target 'Condisco' from project 'Condisco')
    cd /Users/spkoehl/Projects/VerbaLibera
    /Applications/Xcode.app/Contents/Developer/usr/bin/actool /Users/spkoehl/Projects/VerbaLibera/Condisco/Assets.xcassets --compile /var/folders/3w/91hphlzs0rv_1twbkfyhvn6m0000gn/T/condisco-preflight.fRP9FS/DerivedData/Build/Intermediates.noindex/Condisco.build/Debug-iphonesimulator/Condisco.build/assetcatalog_output/thinned --output-format human-readable-text --notices --warnings --export-dependency-info /var/folders/3w/91hphlzs0rv_1twbkfyhvn6m0000gn/T/condisco-preflight.fRP9FS/DerivedData/Build/Intermediates.noindex/Condisco.build/Debug-iphonesimulator/Condisco.build/assetcatalog_dependencies_thinned --output-partial-info-plist /var/folders/3w/91hphlzs0rv_1twbkfyhvn6m0000gn/T/condisco-preflight.fRP9FS/DerivedData/Build/Intermediates.noindex/Condisco.build/Debug-iphonesimulator/Condisco.build/assetcatalog_generated_info.plist_thinned --app-icon AppIcon --accent-color AccentColor --compress-pngs --enable-on-demand-resources YES --filter-for-thinning-device-configuration iPhone19,2 --filter-for-device-os-version 27.0 --development-region en --target-device iphone --target-device ipad --minimum-deployment-target 17.0 --platform iphonesimulator
/* com.apple.actool.compilation-results */
/var/folders/3w/91hphlzs0rv_1twbkfyhvn6m0000gn/T/condisco-preflight.fRP9FS/DerivedData/Build/Intermediates.noindex/Condisco.build/Debug-iphonesimulator/Condisco.build/assetcatalog_generated_info.plist_thinned
/var/folders/3w/91hphlzs0rv_1twbkfyhvn6m0000gn/T/condisco-preflight.fRP9FS/DerivedData/Build/Intermediates.noindex/Condisco.build/Debug-iphonesimulator/Condisco.build/assetcatalog_output/thinned/AppIcon60x60@2x.png
/var/folders/3w/91hphlzs0rv_1twbkfyhvn6m0000gn/T/condisco-preflight.fRP9FS/DerivedData/Build/Intermediates.noindex/Condisco.build/Debug-iphonesimulator/Condisco.build/assetcatalog_output/thinned/AppIcon76x76@2x~ipad.png
/var/folders/3w/91hphlzs0rv_1twbkfyhvn6m0000gn/T/condisco-preflight.fRP9FS/DerivedData/Build/Intermediates.noindex/Condisco.build/Debug-iphonesimulator/Condisco.build/assetcatalog_output/thinned/Assets.car


SwiftDriverJobDiscovery normal arm64 Compiling WidgetSnapshot.swift (in target 'CondiscoWidget' from project 'Condisco')

SwiftDriver Condisco normal arm64 com.apple.xcode.tools.swift.compiler (in target 'Condisco' from project 'Condisco')
    cd /Users/spkoehl/Projects/VerbaLibera
    builtin-SwiftDriver -- /Applications/Xcode.app/Contents/Developer/Toolchains/XcodeDefault.xctoolchain/usr/bin/swiftc -module-name Condisco -Onone @/var/folders/3w/91hphlzs0rv_1twbkfyhvn6m0000gn/T/condisco-preflight.fRP9FS/DerivedData/Build/Intermediates.noindex/Condisco.build/Debug-iphonesimulator/Condisco.build/Objects-normal/arm64/Condisco.SwiftFileList -DDEBUG -enable-bare-slash-regex -enable-experimental-feature DebugDescriptionMacro -sdk /Applications/Xcode.app/Contents/Developer/Platforms/iPhoneSimulator.platform/Developer/SDKs/iPhoneSimulator27.0.sdk -target arm64-apple-ios17.0-simulator -g -module-cache-path /var/folders/3w/91hphlzs0rv_1twbkfyhvn6m0000gn/T/condisco-preflight.fRP9FS/DerivedData/ModuleCache.noindex -Xfrontend -serialize-debugging-options -enable-testing -index-store-path /var/folders/3w/91hphlzs0rv_1twbkfyhvn6m0000gn/T/condisco-preflight.fRP9FS/DerivedData/Index.noindex/DataStore -Xcc -D_LIBCPP_HARDENING_MODE\=_LIBCPP_HARDENING_MODE_DEBUG -swift-version 5 -I /var/folders/3w/91hphlzs0rv_1twbkfyhvn6m0000gn/T/condisco-preflight.fRP9FS/DerivedData/Build/Products/Debug-iphonesimulator -F /var/folders/3w/91hphlzs0rv_1twbkfyhvn6m0000gn/T/condisco-preflight.fRP9FS/DerivedData/Build/Products/Debug-iphonesimulator -emit-localized-strings -emit-localized-strings-path /var/folders/3w/91hphlzs0rv_1twbkfyhvn6m0000gn/T/condisco-preflight.fRP9FS/DerivedData/Build/Intermediates.noindex/Condisco.build/Debug-iphonesimulator/Condisco.build/Objects-normal/arm64 -c -j6 -enable-batch-mode -incremental -Xcc -ivfsstatcache -Xcc /var/folders/3w/91hphlzs0rv_1twbkfyhvn6m0000gn/T/condisco-preflight.fRP9FS/DerivedData/SDKStatCaches.noindex/iphonesimulator27.0-24A430-8dc58220667be655e1bcc261a7455254.sdkstatcache -output-file-map /var/folders/3w/91hphlzs0rv_1twbkfyhvn6m0000gn/T/condisco-preflight.fRP9FS/DerivedData/Build/Intermediates.noindex/Condisco.build/Debug-iphonesimulator/Condisco.build/Objects-normal/arm64/Condisco-OutputFileMap.json -save-temps -no-color-diagnostics -explicit-module-build -module-cache-path /var/folders/3w/91hphlzs0rv_1twbkfyhvn6m0000gn/T/condisco-preflight.fRP9FS/DerivedData/Build/Intermediates.noindex/SwiftExplicitPrecompiledModules -clang-scanner-module-cache-path /var/folders/3w/91hphlzs0rv_1twbkfyhvn6m0000gn/T/condisco-preflight.fRP9FS/DerivedData/ModuleCache.noindex -sdk-module-cache-path /var/folders/3w/91hphlzs0rv_1twbkfyhvn6m0000gn/T/condisco-preflight.fRP9FS/DerivedData/SDKExplicitPrecompiledModules -emit-dependencies -emit-module -emit-module-path /var/folders/3w/91hphlzs0rv_1twbkfyhvn6m0000gn/T/condisco-preflight.fRP9FS/DerivedData/Build/Intermediates.noindex/Condisco.build/Debug-iphonesimulator/Condisco.build/Objects-normal/arm64/Condisco.swiftmodule -serialize-diagnostics -dependency-scan-serialize-diagnostics-path /var/folders/3w/91hphlzs0rv_1twbkfyhvn6m0000gn/T/condisco-preflight.fRP9FS/DerivedData/Build/Intermediates.noindex/Condisco.build/Debug-iphonesimulator/Condisco.build/Objects-normal/arm64/Condisco-dependency-scan.dia -validate-clang-modules-once -clang-build-session-file /var/folders/3w/91hphlzs0rv_1twbkfyhvn6m0000gn/T/condisco-preflight.fRP9FS/DerivedData/ModuleCache.noindex/Session.modulevalidation -Xcc -fmodules-prune-interval\=86400 -Xcc -fmodules-prune-after\=345600 -emit-const-values -const-gather-protocols-list /var/folders/3w/91hphlzs0rv_1twbkfyhvn6m0000gn/T/condisco-preflight.fRP9FS/DerivedData/Build/Intermediates.noindex/Condisco.build/Debug-iphonesimulator/Condisco.build/Objects-normal/arm64/Condisco_const_extract_protocols.json -Xcc -iquote -Xcc /var/folders/3w/91hphlzs0rv_1twbkfyhvn6m0000gn/T/condisco-preflight.fRP9FS/DerivedData/Build/Intermediates.noindex/Condisco.build/Debug-iphonesimulator/Condisco.build/Condisco-generated-files.hmap -Xcc -I/var/folders/3w/91hphlzs0rv_1twbkfyhvn6m0000gn/T/condisco-preflight.fRP9FS/DerivedData/Build/Intermediates.noindex/Condisco.build/Debug-iphonesimulator/Condisco.build/Condisco-own-target-headers.hmap -Xcc -I/var/folders/3w/91hphlzs0rv_1twbkfyhvn6m0000gn/T/condisco-preflight.fRP9FS/DerivedData/Build/Intermediates.noindex/Condisco.build/Debug-iphonesimulator/Condisco.build/Condisco-all-target-headers.hmap -Xcc -iquote -Xcc /var/folders/3w/91hphlzs0rv_1twbkfyhvn6m0000gn/T/condisco-preflight.fRP9FS/DerivedData/Build/Intermediates.noindex/Condisco.build/Debug-iphonesimulator/Condisco.build/Condisco-project-headers.hmap -Xcc -I/var/folders/3w/91hphlzs0rv_1twbkfyhvn6m0000gn/T/condisco-preflight.fRP9FS/DerivedData/Build/Products/Debug-iphonesimulator/include -Xcc -I/var/folders/3w/91hphlzs0rv_1twbkfyhvn6m0000gn/T/condisco-preflight.fRP9FS/DerivedData/Build/Intermediates.noindex/Condisco.build/Debug-iphonesimulator/Condisco.build/DerivedSources-normal/arm64 -Xcc -I/var/folders/3w/91hphlzs0rv_1twbkfyhvn6m0000gn/T/condisco-preflight.fRP9FS/DerivedData/Build/Intermediates.noindex/Condisco.build/Debug-iphonesimulator/Condisco.build/DerivedSources/arm64 -Xcc -I/var/folders/3w/91hphlzs0rv_1twbkfyhvn6m0000gn/T/condisco-preflight.fRP9FS/DerivedData/Build/Intermediates.noindex/Condisco.build/Debug-iphonesimulator/Condisco.build/DerivedSources -Xcc -DDEBUG\=1 -Xcc -DDEBUG\=1 -emit-objc-header -emit-objc-header-path /var/folders/3w/91hphlzs0rv_1twbkfyhvn6m0000gn/T/condisco-preflight.fRP9FS/DerivedData/Build/Intermediates.noindex/Condisco.build/Debug-iphonesimulator/Condisco.build/Objects-normal/arm64/Condisco-Swift.h -working-directory /Users/spkoehl/Projects/VerbaLibera -experimental-emit-module-separately -disable-cmo

LinkAssetCatalog /Users/spkoehl/Projects/VerbaLibera/Condisco/Assets.xcassets (in target 'Condisco' from project 'Condisco')
    cd /Users/spkoehl/Projects/VerbaLibera
    builtin-linkAssetCatalog --thinned /var/folders/3w/91hphlzs0rv_1twbkfyhvn6m0000gn/T/condisco-preflight.fRP9FS/DerivedData/Build/Intermediates.noindex/Condisco.build/Debug-iphonesimulator/Condisco.build/assetcatalog_output/thinned --thinned-dependencies /var/folders/3w/91hphlzs0rv_1twbkfyhvn6m0000gn/T/condisco-preflight.fRP9FS/DerivedData/Build/Intermediates.noindex/Condisco.build/Debug-iphonesimulator/Condisco.build/assetcatalog_dependencies_thinned --thinned-info-plist-content /var/folders/3w/91hphlzs0rv_1twbkfyhvn6m0000gn/T/condisco-preflight.fRP9FS/DerivedData/Build/Intermediates.noindex/Condisco.build/Debug-iphonesimulator/Condisco.build/assetcatalog_generated_info.plist_thinned --unthinned /var/folders/3w/91hphlzs0rv_1twbkfyhvn6m0000gn/T/condisco-preflight.fRP9FS/DerivedData/Build/Intermediates.noindex/Condisco.build/Debug-iphonesimulator/Condisco.build/assetcatalog_output/unthinned --unthinned-dependencies /var/folders/3w/91hphlzs0rv_1twbkfyhvn6m0000gn/T/condisco-preflight.fRP9FS/DerivedData/Build/Intermediates.noindex/Condisco.build/Debug-iphonesimulator/Condisco.build/assetcatalog_dependencies_unthinned --unthinned-info-plist-content /var/folders/3w/91hphlzs0rv_1twbkfyhvn6m0000gn/T/condisco-preflight.fRP9FS/DerivedData/Build/Intermediates.noindex/Condisco.build/Debug-iphonesimulator/Condisco.build/assetcatalog_generated_info.plist_unthinned --output /var/folders/3w/91hphlzs0rv_1twbkfyhvn6m0000gn/T/condisco-preflight.fRP9FS/DerivedData/Build/Products/Debug-iphonesimulator/Condisco.app --plist-output /var/folders/3w/91hphlzs0rv_1twbkfyhvn6m0000gn/T/condisco-preflight.fRP9FS/DerivedData/Build/Intermediates.noindex/Condisco.build/Debug-iphonesimulator/Condisco.build/assetcatalog_generated_info.plist
note: Emplaced /var/folders/3w/91hphlzs0rv_1twbkfyhvn6m0000gn/T/condisco-preflight.fRP9FS/DerivedData/Build/Products/Debug-iphonesimulator/Condisco.app/AppIcon76x76@2x~ipad.png (in target 'Condisco' from project 'Condisco')
note: Emplaced /var/folders/3w/91hphlzs0rv_1twbkfyhvn6m0000gn/T/condisco-preflight.fRP9FS/DerivedData/Build/Products/Debug-iphonesimulator/Condisco.app/AppIcon60x60@2x.png (in target 'Condisco' from project 'Condisco')
note: Emplaced /var/folders/3w/91hphlzs0rv_1twbkfyhvn6m0000gn/T/condisco-preflight.fRP9FS/DerivedData/Build/Products/Debug-iphonesimulator/Condisco.app/Assets.car (in target 'Condisco' from project 'Condisco')

SwiftExplicitDependencyGeneratePcm arm64 /var/folders/3w/91hphlzs0rv_1twbkfyhvn6m0000gn/T/condisco-preflight.fRP9FS/DerivedData/SDKExplicitPrecompiledModules/_StoreKit_SwiftUI-CEPH34N8L8J4ZW91LS6PCNET2.pcm

SwiftExplicitDependencyGeneratePcm arm64 /var/folders/3w/91hphlzs0rv_1twbkfyhvn6m0000gn/T/condisco-preflight.fRP9FS/DerivedData/SDKExplicitPrecompiledModules/_Builtin_float-2X5TZED0Q48THAQFTD8Y8MM2E.pcm

SwiftExplicitDependencyGeneratePcm arm64 /var/folders/3w/91hphlzs0rv_1twbkfyhvn6m0000gn/T/condisco-preflight.fRP9FS/DerivedData/SDKExplicitPrecompiledModules/_Builtin_stddef-AVFJ3GW7A3ALFR6LU5MRJ5DCH.pcm

SwiftExplicitDependencyGeneratePcm arm64 /var/folders/3w/91hphlzs0rv_1twbkfyhvn6m0000gn/T/condisco-preflight.fRP9FS/DerivedData/SDKExplicitPrecompiledModules/_Builtin_stdarg-1MUXZ3MQ72F2127QIQR8CX5UU.pcm

SwiftExplicitDependencyGeneratePcm arm64 /var/folders/3w/91hphlzs0rv_1twbkfyhvn6m0000gn/T/condisco-preflight.fRP9FS/DerivedData/SDKExplicitPrecompiledModules/DeveloperToolsSupport-EMO0X8GGQW02UMY0NPK8N6MQS.pcm

SwiftExplicitDependencyGeneratePcm arm64 /var/folders/3w/91hphlzs0rv_1twbkfyhvn6m0000gn/T/condisco-preflight.fRP9FS/DerivedData/SDKExplicitPrecompiledModules/_SwiftConcurrencyShims-4988SH2WH1T0SYU7YQVKZL763.pcm

SwiftExplicitDependencyGeneratePcm arm64 /var/folders/3w/91hphlzs0rv_1twbkfyhvn6m0000gn/T/condisco-preflight.fRP9FS/DerivedData/SDKExplicitPrecompiledModules/ptrcheck-1P6IS8SU6IB7U25KSP7J3X9E0.pcm

SwiftExplicitDependencyGeneratePcm arm64 /var/folders/3w/91hphlzs0rv_1twbkfyhvn6m0000gn/T/condisco-preflight.fRP9FS/DerivedData/SDKExplicitPrecompiledModules/ptrauth-ALXX0EQWHNA79JN5UY7T1Y4Y2.pcm

SwiftExplicitDependencyGeneratePcm arm64 /var/folders/3w/91hphlzs0rv_1twbkfyhvn6m0000gn/T/condisco-preflight.fRP9FS/DerivedData/SDKExplicitPrecompiledModules/SwiftShims-CT7PZXKBEKSRL5B47ZCU5L8HH.pcm

SwiftExplicitDependencyGeneratePcm arm64 /var/folders/3w/91hphlzs0rv_1twbkfyhvn6m0000gn/T/condisco-preflight.fRP9FS/DerivedData/SDKExplicitPrecompiledModules/_AvailabilityInternal-UZOR6KWOJ2JV98NLVDIO0TOI.pcm

SwiftExplicitDependencyGeneratePcm arm64 /var/folders/3w/91hphlzs0rv_1twbkfyhvn6m0000gn/T/condisco-preflight.fRP9FS/DerivedData/SDKExplicitPrecompiledModules/_Builtin_stdbool-5RMX8U8D4BJ7TXMGK70BEJ24Q.pcm

SwiftExplicitDependencyGeneratePcm arm64 /var/folders/3w/91hphlzs0rv_1twbkfyhvn6m0000gn/T/condisco-preflight.fRP9FS/DerivedData/SDKExplicitPrecompiledModules/ActivityKit-5X9ERCMZDU035BQJMIRU1E2QL.pcm

SwiftExplicitDependencyGeneratePcm arm64 /var/folders/3w/91hphlzs0rv_1twbkfyhvn6m0000gn/T/condisco-preflight.fRP9FS/DerivedData/SDKExplicitPrecompiledModules/_DarwinFoundation1-4B59N1EZAXOI3O9N6P4G897N1.pcm

SwiftExplicitDependencyGeneratePcm arm64 /var/folders/3w/91hphlzs0rv_1twbkfyhvn6m0000gn/T/condisco-preflight.fRP9FS/DerivedData/SDKExplicitPrecompiledModules/SQLite3-55G82SI5H10FBCTG7GR4WL379.pcm

SwiftExplicitDependencyGeneratePcm arm64 /var/folders/3w/91hphlzs0rv_1twbkfyhvn6m0000gn/T/condisco-preflight.fRP9FS/DerivedData/SDKExplicitPrecompiledModules/_Builtin_limits-3HAEX1GRLX4BQ60D7PSTZSV2P.pcm

SwiftExplicitDependencyGeneratePcm arm64 /var/folders/3w/91hphlzs0rv_1twbkfyhvn6m0000gn/T/condisco-preflight.fRP9FS/DerivedData/SDKExplicitPrecompiledModules/ExtensionFoundation-A1CJ39OTA66MFIMWO0ZTFVUPR.pcm

SwiftExplicitDependencyGeneratePcm arm64 /var/folders/3w/91hphlzs0rv_1twbkfyhvn6m0000gn/T/condisco-preflight.fRP9FS/DerivedData/SDKExplicitPrecompiledModules/_DarwinFoundation2-E8JR26TCC5224BHA71TMGKQKX.pcm

SwiftExplicitDependencyGeneratePcm arm64 /var/folders/3w/91hphlzs0rv_1twbkfyhvn6m0000gn/T/condisco-preflight.fRP9FS/DerivedData/SDKExplicitPrecompiledModules/sys_types-4VDBDESRKTXX0LIDHLEWNIR99.pcm

SwiftExplicitDependencyGeneratePcm arm64 /var/folders/3w/91hphlzs0rv_1twbkfyhvn6m0000gn/T/condisco-preflight.fRP9FS/DerivedData/SDKExplicitPrecompiledModules/string_h-8LXZEJ7AV5CVCMRRXYNA6Y55Q.pcm

SwiftExplicitDependencyGeneratePcm arm64 /var/folders/3w/91hphlzs0rv_1twbkfyhvn6m0000gn/T/condisco-preflight.fRP9FS/DerivedData/SDKExplicitPrecompiledModules/_Builtin_stdint-9CEGCWTN5AZY91C7Z6POO0IF6.pcm

SwiftExplicitDependencyGeneratePcm arm64 /var/folders/3w/91hphlzs0rv_1twbkfyhvn6m0000gn/T/condisco-preflight.fRP9FS/DerivedData/SDKExplicitPrecompiledModules/_Builtin_tgmath-3FJ81IPEQFUXY43KP0I3DLD76.pcm

SwiftExplicitDependencyGeneratePcm arm64 /var/folders/3w/91hphlzs0rv_1twbkfyhvn6m0000gn/T/condisco-preflight.fRP9FS/DerivedData/SDKExplicitPrecompiledModules/_Builtin_intrinsics-2MJXYAQAF93ZFNZLB4ELEHNB3.pcm

SwiftExplicitDependencyGeneratePcm arm64 /var/folders/3w/91hphlzs0rv_1twbkfyhvn6m0000gn/T/condisco-preflight.fRP9FS/DerivedData/SDKExplicitPrecompiledModules/_Builtin_stdatomic-90IOZYJUBC3PT4M75WH8XZOCQ.pcm

SwiftExplicitDependencyGeneratePcm arm64 /var/folders/3w/91hphlzs0rv_1twbkfyhvn6m0000gn/T/condisco-preflight.fRP9FS/DerivedData/SDKExplicitPrecompiledModules/_DarwinFoundation3-1C8NSCY5SWW7X2ECA9SO0R51T.pcm

SwiftExplicitDependencyGeneratePcm arm64 /var/folders/3w/91hphlzs0rv_1twbkfyhvn6m0000gn/T/condisco-preflight.fRP9FS/DerivedData/SDKExplicitPrecompiledModules/_Builtin_inttypes-5FW4T528K6WMJTZYWO3R230XX.pcm

SwiftExplicitDependencyGeneratePcm arm64 /var/folders/3w/91hphlzs0rv_1twbkfyhvn6m0000gn/T/condisco-preflight.fRP9FS/DerivedData/SDKExplicitPrecompiledModules/Darwin-B2TULWBXHBUBCPCNTPDDEQSE6.pcm

SwiftExplicitDependencyGeneratePcm arm64 /var/folders/3w/91hphlzs0rv_1twbkfyhvn6m0000gn/T/condisco-preflight.fRP9FS/DerivedData/SDKExplicitPrecompiledModules/simd-DPDFBPV3GT5WR5HSV7IFAGLTV.pcm

SwiftExplicitDependencyGeneratePcm arm64 /var/folders/3w/91hphlzs0rv_1twbkfyhvn6m0000gn/T/condisco-preflight.fRP9FS/DerivedData/SDKExplicitPrecompiledModules/ObjectiveC-DOD66FN5CQR5QRJJJ1180PUV4.pcm

SwiftExplicitDependencyGeneratePcm arm64 /var/folders/3w/91hphlzs0rv_1twbkfyhvn6m0000gn/T/condisco-preflight.fRP9FS/DerivedData/SDKExplicitPrecompiledModules/MachO-D9OQ9EIE2C3QUH3SAXKG0YXN3.pcm

SwiftExplicitDependencyGeneratePcm arm64 /var/folders/3w/91hphlzs0rv_1twbkfyhvn6m0000gn/T/condisco-preflight.fRP9FS/DerivedData/SDKExplicitPrecompiledModules/os_object-7X6N21B7FK2LFS9444PKI9O5Y.pcm

SwiftExplicitDependencyGeneratePcm arm64 /var/folders/3w/91hphlzs0rv_1twbkfyhvn6m0000gn/T/condisco-preflight.fRP9FS/DerivedData/SDKExplicitPrecompiledModules/os_workgroup-4IG5PXYGGX555QRWO6B1V3ORY.pcm

SwiftExplicitDependencyGeneratePcm arm64 /var/folders/3w/91hphlzs0rv_1twbkfyhvn6m0000gn/T/condisco-preflight.fRP9FS/DerivedData/SDKExplicitPrecompiledModules/Spatial-COMREASYU6AQAJOR29CKC9S5Q.pcm

SwiftExplicitDependencyGeneratePcm arm64 /var/folders/3w/91hphlzs0rv_1twbkfyhvn6m0000gn/T/condisco-preflight.fRP9FS/DerivedData/SDKExplicitPrecompiledModules/Dispatch-CL4VI101OPG52Y8HQZEWMEG7M.pcm

SwiftExplicitDependencyGeneratePcm arm64 /var/folders/3w/91hphlzs0rv_1twbkfyhvn6m0000gn/T/condisco-preflight.fRP9FS/DerivedData/SDKExplicitPrecompiledModules/dnssd-BPISX6821P2NVPB36OUBWLWYY.pcm

SwiftExplicitDependencyGeneratePcm arm64 /var/folders/3w/91hphlzs0rv_1twbkfyhvn6m0000gn/T/condisco-preflight.fRP9FS/DerivedData/SDKExplicitPrecompiledModules/CoreFoundation-4Y4VWXCKOXFUQJE9YH9KTA9N4.pcm

SwiftExplicitDependencyGeneratePcm arm64 /var/folders/3w/91hphlzs0rv_1twbkfyhvn6m0000gn/T/condisco-preflight.fRP9FS/DerivedData/SDKExplicitPrecompiledModules/XPC-E4BWY7M2YN3H2ZGBY0ZBSY7PZ.pcm

SwiftExplicitDependencyGeneratePcm arm64 /var/folders/3w/91hphlzs0rv_1twbkfyhvn6m0000gn/T/condisco-preflight.fRP9FS/DerivedData/SDKExplicitPrecompiledModules/os-8U81DQ0S8YQC3O6IEWNGONTLG.pcm

SwiftDriverJobDiscovery normal arm64 Compiling CondiscoWidget.swift (in target 'CondiscoWidget' from project 'Condisco')

SwiftDriver\ Compilation CondiscoWidget normal arm64 com.apple.xcode.tools.swift.compiler (in target 'CondiscoWidget' from project 'Condisco')
    cd /Users/spkoehl/Projects/VerbaLibera
    builtin-Swift-Compilation -- /Applications/Xcode.app/Contents/Developer/Toolchains/XcodeDefault.xctoolchain/usr/bin/swiftc -module-name CondiscoWidget -Onone @/var/folders/3w/91hphlzs0rv_1twbkfyhvn6m0000gn/T/condisco-preflight.fRP9FS/DerivedData/Build/Intermediates.noindex/Condisco.build/Debug-iphonesimulator/CondiscoWidget.build/Objects-normal/arm64/CondiscoWidget.SwiftFileList -DDEBUG -enable-bare-slash-regex -enable-experimental-feature DebugDescriptionMacro -sdk /Applications/Xcode.app/Contents/Developer/Platforms/iPhoneSimulator.platform/Developer/SDKs/iPhoneSimulator27.0.sdk -target arm64-apple-ios17.0-simulator -g -module-cache-path /var/folders/3w/91hphlzs0rv_1twbkfyhvn6m0000gn/T/condisco-preflight.fRP9FS/DerivedData/ModuleCache.noindex -Xfrontend -serialize-debugging-options -application-extension -enable-testing -index-store-path /var/folders/3w/91hphlzs0rv_1twbkfyhvn6m0000gn/T/condisco-preflight.fRP9FS/DerivedData/Index.noindex/DataStore -Xcc -D_LIBCPP_HARDENING_MODE\=_LIBCPP_HARDENING_MODE_DEBUG -swift-version 5 -I /var/folders/3w/91hphlzs0rv_1twbkfyhvn6m0000gn/T/condisco-preflight.fRP9FS/DerivedData/Build/Products/Debug-iphonesimulator -F /var/folders/3w/91hphlzs0rv_1twbkfyhvn6m0000gn/T/condisco-preflight.fRP9FS/DerivedData/Build/Products/Debug-iphonesimulator -emit-localized-strings -emit-localized-strings-path /var/folders/3w/91hphlzs0rv_1twbkfyhvn6m0000gn/T/condisco-preflight.fRP9FS/DerivedData/Build/Intermediates.noindex/Condisco.build/Debug-iphonesimulator/CondiscoWidget.build/Objects-normal/arm64 -c -j6 -enable-batch-mode -incremental -Xcc -ivfsstatcache -Xcc /var/folders/3w/91hphlzs0rv_1twbkfyhvn6m0000gn/T/condisco-preflight.fRP9FS/DerivedData/SDKStatCaches.noindex/iphonesimulator27.0-24A430-8dc58220667be655e1bcc261a7455254.sdkstatcache -output-file-map /var/folders/3w/91hphlzs0rv_1twbkfyhvn6m0000gn/T/condisco-preflight.fRP9FS/DerivedData/Build/Intermediates.noindex/Condisco.build/Debug-iphonesimulator/CondiscoWidget.build/Objects-normal/arm64/CondiscoWidget-OutputFileMap.json -save-temps -no-color-diagnostics -explicit-module-build -module-cache-path /var/folders/3w/91hphlzs0rv_1twbkfyhvn6m0000gn/T/condisco-preflight.fRP9FS/DerivedData/Build/Intermediates.noindex/SwiftExplicitPrecompiledModules -clang-scanner-module-cache-path /var/folders/3w/91hphlzs0rv_1twbkfyhvn6m0000gn/T/condisco-preflight.fRP9FS/DerivedData/ModuleCache.noindex -sdk-module-cache-path /var/folders/3w/91hphlzs0rv_1twbkfyhvn6m0000gn/T/condisco-preflight.fRP9FS/DerivedData/SDKExplicitPrecompiledModules -emit-dependencies -emit-module -emit-module-path /var/folders/3w/91hphlzs0rv_1twbkfyhvn6m0000gn/T/condisco-preflight.fRP9FS/DerivedData/Build/Intermediates.noindex/Condisco.build/Debug-iphonesimulator/CondiscoWidget.build/Objects-normal/arm64/CondiscoWidget.swiftmodule -serialize-diagnostics -dependency-scan-serialize-diagnostics-path /var/folders/3w/91hphlzs0rv_1twbkfyhvn6m0000gn/T/condisco-preflight.fRP9FS/DerivedData/Build/Intermediates.noindex/Condisco.build/Debug-iphonesimulator/CondiscoWidget.build/Objects-normal/arm64/CondiscoWidget-dependency-scan.dia -validate-clang-modules-once -clang-build-session-file /var/folders/3w/91hphlzs0rv_1twbkfyhvn6m0000gn/T/condisco-preflight.fRP9FS/DerivedData/ModuleCache.noindex/Session.modulevalidation -Xcc -fmodules-prune-interval\=86400 -Xcc -fmodules-prune-after\=345600 -emit-const-values -const-gather-protocols-list /var/folders/3w/91hphlzs0rv_1twbkfyhvn6m0000gn/T/condisco-preflight.fRP9FS/DerivedData/Build/Intermediates.noindex/Condisco.build/Debug-iphonesimulator/CondiscoWidget.build/Objects-normal/arm64/CondiscoWidget_const_extract_protocols.json -Xcc -iquote -Xcc /var/folders/3w/91hphlzs0rv_1twbkfyhvn6m0000gn/T/condisco-preflight.fRP9FS/DerivedData/Build/Intermediates.noindex/Condisco.build/Debug-iphonesimulator/CondiscoWidget.build/CondiscoWidget-generated-files.hmap -Xcc -I/var/folders/3w/91hphlzs0rv_1twbkfyhvn6m0000gn/T/condisco-preflight.fRP9FS/DerivedData/Build/Intermediates.noindex/Condisco.build/Debug-iphonesimulator/CondiscoWidget.build/CondiscoWidget-own-target-headers.hmap -Xcc -I/var/folders/3w/91hphlzs0rv_1twbkfyhvn6m0000gn/T/condisco-preflight.fRP9FS/DerivedData/Build/Intermediates.noindex/Condisco.build/Debug-iphonesimulator/CondiscoWidget.build/CondiscoWidget-all-target-headers.hmap -Xcc -iquote -Xcc /var/folders/3w/91hphlzs0rv_1twbkfyhvn6m0000gn/T/condisco-preflight.fRP9FS/DerivedData/Build/Intermediates.noindex/Condisco.build/Debug-iphonesimulator/CondiscoWidget.build/CondiscoWidget-project-headers.hmap -Xcc -I/var/folders/3w/91hphlzs0rv_1twbkfyhvn6m0000gn/T/condisco-preflight.fRP9FS/DerivedData/Build/Products/Debug-iphonesimulator/include -Xcc -I/var/folders/3w/91hphlzs0rv_1twbkfyhvn6m0000gn/T/condisco-preflight.fRP9FS/DerivedData/Build/Intermediates.noindex/Condisco.build/Debug-iphonesimulator/CondiscoWidget.build/DerivedSources-normal/arm64 -Xcc -I/var/folders/3w/91hphlzs0rv_1twbkfyhvn6m0000gn/T/condisco-preflight.fRP9FS/DerivedData/Build/Intermediates.noindex/Condisco.build/Debug-iphonesimulator/CondiscoWidget.build/DerivedSources/arm64 -Xcc -I/var/folders/3w/91hphlzs0rv_1twbkfyhvn6m0000gn/T/condisco-preflight.fRP9FS/DerivedData/Build/Intermediates.noindex/Condisco.build/Debug-iphonesimulator/CondiscoWidget.build/DerivedSources -Xcc -DDEBUG\=1 -Xcc -DDEBUG\=1 -emit-objc-header -emit-objc-header-path /var/folders/3w/91hphlzs0rv_1twbkfyhvn6m0000gn/T/condisco-preflight.fRP9FS/DerivedData/Build/Intermediates.noindex/Condisco.build/Debug-iphonesimulator/CondiscoWidget.build/Objects-normal/arm64/CondiscoWidget-Swift.h -working-directory /Users/spkoehl/Projects/VerbaLibera -experimental-emit-module-separately -disable-cmo

Ld /var/folders/3w/91hphlzs0rv_1twbkfyhvn6m0000gn/T/condisco-preflight.fRP9FS/DerivedData/Build/Products/Debug-iphonesimulator/CondiscoWidget.appex/CondiscoWidget.debug.dylib normal (in target 'CondiscoWidget' from project 'Condisco')
    cd /Users/spkoehl/Projects/VerbaLibera
    /Applications/Xcode.app/Contents/Developer/Toolchains/XcodeDefault.xctoolchain/usr/bin/clang -Xlinker -reproducible -target arm64-apple-ios17.0-simulator -dynamiclib -isysroot /Applications/Xcode.app/Contents/Developer/Platforms/iPhoneSimulator.platform/Developer/SDKs/iPhoneSimulator27.0.sdk -O0 -Xlinker -no_warn_duplicate_libraries -L/var/folders/3w/91hphlzs0rv_1twbkfyhvn6m0000gn/T/condisco-preflight.fRP9FS/DerivedData/Build/Intermediates.noindex/EagerLinkingTBDs/Debug-iphonesimulator -L/var/folders/3w/91hphlzs0rv_1twbkfyhvn6m0000gn/T/condisco-preflight.fRP9FS/DerivedData/Build/Products/Debug-iphonesimulator -F/var/folders/3w/91hphlzs0rv_1twbkfyhvn6m0000gn/T/condisco-preflight.fRP9FS/DerivedData/Build/Intermediates.noindex/EagerLinkingTBDs/Debug-iphonesimulator -F/var/folders/3w/91hphlzs0rv_1twbkfyhvn6m0000gn/T/condisco-preflight.fRP9FS/DerivedData/Build/Products/Debug-iphonesimulator -filelist /var/folders/3w/91hphlzs0rv_1twbkfyhvn6m0000gn/T/condisco-preflight.fRP9FS/DerivedData/Build/Intermediates.noindex/Condisco.build/Debug-iphonesimulator/CondiscoWidget.build/Objects-normal/arm64/CondiscoWidget.LinkFileList -install_name @rpath/CondiscoWidget.debug.dylib -Xlinker -rpath -Xlinker /usr/lib/swift -Xlinker -dead_strip -Xlinker -object_path_lto -Xlinker /var/folders/3w/91hphlzs0rv_1twbkfyhvn6m0000gn/T/condisco-preflight.fRP9FS/DerivedData/Build/Intermediates.noindex/Condisco.build/Debug-iphonesimulator/CondiscoWidget.build/Objects-normal/arm64/CondiscoWidget_lto.o -rdynamic -Xlinker -no_deduplicate -Xlinker -objc_abi_version -Xlinker 2 -Xlinker -dependency_info -Xlinker /var/folders/3w/91hphlzs0rv_1twbkfyhvn6m0000gn/T/condisco-preflight.fRP9FS/DerivedData/Build/Intermediates.noindex/Condisco.build/Debug-iphonesimulator/CondiscoWidget.build/Objects-normal/arm64/CondiscoWidget_dependency_info.dat -fapplication-extension -fobjc-link-runtime -L/Applications/Xcode.app/Contents/Developer/Toolchains/XcodeDefault.xctoolchain/usr/lib/swift/iphonesimulator -L/usr/lib/swift -Xlinker -add_ast_path -Xlinker /var/folders/3w/91hphlzs0rv_1twbkfyhvn6m0000gn/T/condisco-preflight.fRP9FS/DerivedData/Build/Intermediates.noindex/Condisco.build/Debug-iphonesimulator/CondiscoWidget.build/Objects-normal/arm64/CondiscoWidget.swiftmodule -Xlinker -alias -Xlinker _NSExtensionMain -Xlinker ___debug_main_executable_dylib_entry_point -Xlinker -no_adhoc_codesign -o /var/folders/3w/91hphlzs0rv_1twbkfyhvn6m0000gn/T/condisco-preflight.fRP9FS/DerivedData/Build/Products/Debug-iphonesimulator/CondiscoWidget.appex/CondiscoWidget.debug.dylib

SwiftExplicitDependencyGeneratePcm arm64 /var/folders/3w/91hphlzs0rv_1twbkfyhvn6m0000gn/T/condisco-preflight.fRP9FS/DerivedData/SDKExplicitPrecompiledModules/CoreGraphics-P0Q1KO9QBWM6D58RHBU91AY8.pcm

SwiftExplicitDependencyGeneratePcm arm64 /var/folders/3w/91hphlzs0rv_1twbkfyhvn6m0000gn/T/condisco-preflight.fRP9FS/DerivedData/SDKExplicitPrecompiledModules/CFNetwork-81MPUXSY6XM0JRE1AGIA0Z8M5.pcm

SwiftExplicitDependencyGeneratePcm arm64 /var/folders/3w/91hphlzs0rv_1twbkfyhvn6m0000gn/T/condisco-preflight.fRP9FS/DerivedData/SDKExplicitPrecompiledModules/Security-4MST2F7YY2G04YQBK78W6GV8F.pcm

SwiftExplicitDependencyGeneratePcm arm64 /var/folders/3w/91hphlzs0rv_1twbkfyhvn6m0000gn/T/condisco-preflight.fRP9FS/DerivedData/SDKExplicitPrecompiledModules/CoreAudioTypes-4M7XMZZUMQJC71GYBCF86DFNJ.pcm

SwiftExplicitDependencyGeneratePcm arm64 /var/folders/3w/91hphlzs0rv_1twbkfyhvn6m0000gn/T/condisco-preflight.fRP9FS/DerivedData/SDKExplicitPrecompiledModules/CoreAudio-EZUF0Q7NQ1G0VZH4SF8R3AQQI.pcm

SwiftExplicitDependencyGeneratePcm arm64 /var/folders/3w/91hphlzs0rv_1twbkfyhvn6m0000gn/T/condisco-preflight.fRP9FS/DerivedData/SDKExplicitPrecompiledModules/Foundation-4XZ69FVP9VSLIQ08ZCP7WTK93.pcm

SwiftExplicitDependencyGeneratePcm arm64 /var/folders/3w/91hphlzs0rv_1twbkfyhvn6m0000gn/T/condisco-preflight.fRP9FS/DerivedData/SDKExplicitPrecompiledModules/ImageIO-2UV76DMA8UXNOMT22CPVW8QPD.pcm

SwiftExplicitDependencyGeneratePcm arm64 /var/folders/3w/91hphlzs0rv_1twbkfyhvn6m0000gn/T/condisco-preflight.fRP9FS/DerivedData/SDKExplicitPrecompiledModules/CoreText-BKIRGW27BBS6NI7PIFOMOCW86.pcm

ConstructStubExecutorLinkFileList /var/folders/3w/91hphlzs0rv_1twbkfyhvn6m0000gn/T/condisco-preflight.fRP9FS/DerivedData/Build/Intermediates.noindex/Condisco.build/Debug-iphonesimulator/CondiscoWidget.build/CondiscoWidget-ExecutorLinkFileList-normal-arm64.txt (in target 'CondiscoWidget' from project 'Condisco')
    cd /Users/spkoehl/Projects/VerbaLibera
    construct-stub-executor-link-file-list /var/folders/3w/91hphlzs0rv_1twbkfyhvn6m0000gn/T/condisco-preflight.fRP9FS/DerivedData/Build/Products/Debug-iphonesimulator/CondiscoWidget.appex/CondiscoWidget.debug.dylib /Applications/Xcode.app/Contents/Developer/Platforms/iPhoneSimulator.platform/Developer/usr/lib/libPreviewsJITStubExecutor_no_swift_entry_point.a /Applications/Xcode.app/Contents/Developer/Platforms/iPhoneSimulator.platform/Developer/usr/lib/libPreviewsJITStubExecutor.a --output /var/folders/3w/91hphlzs0rv_1twbkfyhvn6m0000gn/T/condisco-preflight.fRP9FS/DerivedData/Build/Intermediates.noindex/Condisco.build/Debug-iphonesimulator/CondiscoWidget.build/CondiscoWidget-ExecutorLinkFileList-normal-arm64.txt
note: Using stub executor library with Swift entry point. (in target 'CondiscoWidget' from project 'Condisco')

Ld /var/folders/3w/91hphlzs0rv_1twbkfyhvn6m0000gn/T/condisco-preflight.fRP9FS/DerivedData/Build/Products/Debug-iphonesimulator/CondiscoWidget.appex/CondiscoWidget normal (in target 'CondiscoWidget' from project 'Condisco')
    cd /Users/spkoehl/Projects/VerbaLibera
    /Applications/Xcode.app/Contents/Developer/Toolchains/XcodeDefault.xctoolchain/usr/bin/clang -Xlinker -reproducible -target arm64-apple-ios17.0-simulator -isysroot /Applications/Xcode.app/Contents/Developer/Platforms/iPhoneSimulator.platform/Developer/SDKs/iPhoneSimulator27.0.sdk -O0 -Xlinker -no_warn_duplicate_libraries -L/var/folders/3w/91hphlzs0rv_1twbkfyhvn6m0000gn/T/condisco-preflight.fRP9FS/DerivedData/Build/Products/Debug-iphonesimulator -F/var/folders/3w/91hphlzs0rv_1twbkfyhvn6m0000gn/T/condisco-preflight.fRP9FS/DerivedData/Build/Products/Debug-iphonesimulator -Xlinker -rpath -Xlinker @executable_path -rdynamic -Xlinker -no_deduplicate -Xlinker -objc_abi_version -Xlinker 2 -e ___debug_blank_executor_main -Xlinker -sectcreate -Xlinker __TEXT -Xlinker __debug_dylib -Xlinker /var/folders/3w/91hphlzs0rv_1twbkfyhvn6m0000gn/T/condisco-preflight.fRP9FS/DerivedData/Build/Intermediates.noindex/Condisco.build/Debug-iphonesimulator/CondiscoWidget.build/CondiscoWidget-DebugDylibPath-normal-arm64.txt -Xlinker -sectcreate -Xlinker __TEXT -Xlinker __debug_entry -Xlinker /var/folders/3w/91hphlzs0rv_1twbkfyhvn6m0000gn/T/condisco-preflight.fRP9FS/DerivedData/Build/Intermediates.noindex/Condisco.build/Debug-iphonesimulator/CondiscoWidget.build/CondiscoWidget-DebugEntryPoint-normal-arm64.txt -Xlinker -sectcreate -Xlinker __TEXT -Xlinker __debug_instlnm -Xlinker /var/folders/3w/91hphlzs0rv_1twbkfyhvn6m0000gn/T/condisco-preflight.fRP9FS/DerivedData/Build/Intermediates.noindex/Condisco.build/Debug-iphonesimulator/CondiscoWidget.build/CondiscoWidget-DebugDylibInstallName-normal-arm64.txt -Xlinker -filelist -Xlinker /var/folders/3w/91hphlzs0rv_1twbkfyhvn6m0000gn/T/condisco-preflight.fRP9FS/DerivedData/Build/Intermediates.noindex/Condisco.build/Debug-iphonesimulator/CondiscoWidget.build/CondiscoWidget-ExecutorLinkFileList-normal-arm64.txt -Xlinker -sectcreate -Xlinker __TEXT -Xlinker __entitlements -Xlinker /var/folders/3w/91hphlzs0rv_1twbkfyhvn6m0000gn/T/condisco-preflight.fRP9FS/DerivedData/Build/Intermediates.noindex/Condisco.build/Debug-iphonesimulator/CondiscoWidget.build/CondiscoWidget.appex-Simulated.xcent -Xlinker -sectcreate -Xlinker __TEXT -Xlinker __ents_der -Xlinker /var/folders/3w/91hphlzs0rv_1twbkfyhvn6m0000gn/T/condisco-preflight.fRP9FS/DerivedData/Build/Intermediates.noindex/Condisco.build/Debug-iphonesimulator/CondiscoWidget.build/CondiscoWidget.appex-Simulated.xcent.der /var/folders/3w/91hphlzs0rv_1twbkfyhvn6m0000gn/T/condisco-preflight.fRP9FS/DerivedData/Build/Products/Debug-iphonesimulator/CondiscoWidget.appex/CondiscoWidget.debug.dylib -Xlinker -no_adhoc_codesign -o /var/folders/3w/91hphlzs0rv_1twbkfyhvn6m0000gn/T/condisco-preflight.fRP9FS/DerivedData/Build/Products/Debug-iphonesimulator/CondiscoWidget.appex/CondiscoWidget

ExtractAppIntentsMetadata (in target 'CondiscoWidget' from project 'Condisco')
    cd /Users/spkoehl/Projects/VerbaLibera
    /Applications/Xcode.app/Contents/Developer/Toolchains/XcodeDefault.xctoolchain/usr/bin/appintentsmetadataprocessor --toolchain-dir /Applications/Xcode.app/Contents/Developer/Toolchains/XcodeDefault.xctoolchain --module-name CondiscoWidget --sdk-root /Applications/Xcode.app/Contents/Developer/Platforms/iPhoneSimulator.platform/Developer/SDKs/iPhoneSimulator27.0.sdk --xcode-version 27A266a --platform-family iOS --deployment-target 17.0 --bundle-identifier com.sleuthysloth.condisco.CondiscoWidget --output /var/folders/3w/91hphlzs0rv_1twbkfyhvn6m0000gn/T/condisco-preflight.fRP9FS/DerivedData/Build/Products/Debug-iphonesimulator/CondiscoWidget.appex --target-triple arm64-apple-ios17.0-simulator --binary-file /var/folders/3w/91hphlzs0rv_1twbkfyhvn6m0000gn/T/condisco-preflight.fRP9FS/DerivedData/Build/Products/Debug-iphonesimulator/CondiscoWidget.appex/CondiscoWidget --dependency-file /var/folders/3w/91hphlzs0rv_1twbkfyhvn6m0000gn/T/condisco-preflight.fRP9FS/DerivedData/Build/Intermediates.noindex/Condisco.build/Debug-iphonesimulator/CondiscoWidget.build/Objects-normal/arm64/CondiscoWidget_dependency_info.dat --stringsdata-file /var/folders/3w/91hphlzs0rv_1twbkfyhvn6m0000gn/T/condisco-preflight.fRP9FS/DerivedData/Build/Intermediates.noindex/Condisco.build/Debug-iphonesimulator/CondiscoWidget.build/Objects-normal/arm64/ExtractedAppShortcutsMetadata.stringsdata --source-file-list /var/folders/3w/91hphlzs0rv_1twbkfyhvn6m0000gn/T/condisco-preflight.fRP9FS/DerivedData/Build/Intermediates.noindex/Condisco.build/Debug-iphonesimulator/CondiscoWidget.build/Objects-normal/arm64/CondiscoWidget.SwiftFileList --metadata-file-list /var/folders/3w/91hphlzs0rv_1twbkfyhvn6m0000gn/T/condisco-preflight.fRP9FS/DerivedData/Build/Intermediates.noindex/Condisco.build/Debug-iphonesimulator/CondiscoWidget.build/CondiscoWidget.DependencyMetadataFileList --static-metadata-file-list /var/folders/3w/91hphlzs0rv_1twbkfyhvn6m0000gn/T/condisco-preflight.fRP9FS/DerivedData/Build/Intermediates.noindex/Condisco.build/Debug-iphonesimulator/CondiscoWidget.build/CondiscoWidget.DependencyStaticMetadataFileList --swift-const-vals-list /var/folders/3w/91hphlzs0rv_1twbkfyhvn6m0000gn/T/condisco-preflight.fRP9FS/DerivedData/Build/Intermediates.noindex/Condisco.build/Debug-iphonesimulator/CondiscoWidget.build/Objects-normal/arm64/CondiscoWidget.SwiftConstValuesFileList --compile-time-extraction --deployment-aware-processing --no-app-shortcuts-localization
2026-09-26 13:02:27.087 appintentsmetadataprocessor[3472:511042] Starting appintentsmetadataprocessor export
2026-09-26 13:02:27.218 appintentsmetadataprocessor[3472:511042] Extracted no relevant App Intents symbols, skipping writing output

SwiftExplicitDependencyGeneratePcm arm64 /var/folders/3w/91hphlzs0rv_1twbkfyhvn6m0000gn/T/condisco-preflight.fRP9FS/DerivedData/SDKExplicitPrecompiledModules/_LocationEssentials-3J117IU5SIN8X69DVK7V7P5RK.pcm

SwiftExplicitDependencyGeneratePcm arm64 /var/folders/3w/91hphlzs0rv_1twbkfyhvn6m0000gn/T/condisco-preflight.fRP9FS/DerivedData/SDKExplicitPrecompiledModules/Symbols-CRBL35MKCV2YA2WEANOK0EOMY.pcm

SwiftExplicitDependencyGeneratePcm arm64 /var/folders/3w/91hphlzs0rv_1twbkfyhvn6m0000gn/T/condisco-preflight.fRP9FS/DerivedData/SDKExplicitPrecompiledModules/BackgroundAssets-ER5JG14798SVBTZQGOHQCNFY8.pcm

SwiftExplicitDependencyGeneratePcm arm64 /var/folders/3w/91hphlzs0rv_1twbkfyhvn6m0000gn/T/condisco-preflight.fRP9FS/DerivedData/SDKExplicitPrecompiledModules/OSLog-C3F0QX2J3GXE1T3V3O4RPM9I9.pcm

SwiftExplicitDependencyGeneratePcm arm64 /var/folders/3w/91hphlzs0rv_1twbkfyhvn6m0000gn/T/condisco-preflight.fRP9FS/DerivedData/SDKExplicitPrecompiledModules/DataDetection-33F95G0GNTB6NHAXF8GYMV0QC.pcm

SwiftExplicitDependencyGeneratePcm arm64 /var/folders/3w/91hphlzs0rv_1twbkfyhvn6m0000gn/T/condisco-preflight.fRP9FS/DerivedData/SDKExplicitPrecompiledModules/WidgetKit-36CUI30P3M5EUCEYN9D3YYCZM.pcm

SwiftExplicitDependencyGeneratePcm arm64 /var/folders/3w/91hphlzs0rv_1twbkfyhvn6m0000gn/T/condisco-preflight.fRP9FS/DerivedData/SDKExplicitPrecompiledModules/Accessibility-DI09F6OHZZ4MIDW5ILQ3CFKBY.pcm

SwiftExplicitDependencyGeneratePcm arm64 /var/folders/3w/91hphlzs0rv_1twbkfyhvn6m0000gn/T/condisco-preflight.fRP9FS/DerivedData/SDKExplicitPrecompiledModules/IOSurface-COGR4AYFBQRSH6ANJ2IIL6I6Q.pcm

SwiftExplicitDependencyGeneratePcm arm64 /var/folders/3w/91hphlzs0rv_1twbkfyhvn6m0000gn/T/condisco-preflight.fRP9FS/DerivedData/SDKExplicitPrecompiledModules/CoreTransferable-4IWU5PKDJ0U83U3OZ5B7T8NOS.pcm

SwiftExplicitDependencyGeneratePcm arm64 /var/folders/3w/91hphlzs0rv_1twbkfyhvn6m0000gn/T/condisco-preflight.fRP9FS/DerivedData/SDKExplicitPrecompiledModules/RelevanceKit-DYOZ2VKQ5DVJ5TR7GG9G8W6XF.pcm

SwiftExplicitDependencyGeneratePcm arm64 /var/folders/3w/91hphlzs0rv_1twbkfyhvn6m0000gn/T/condisco-preflight.fRP9FS/DerivedData/SDKExplicitPrecompiledModules/AppIntentsTypeSupport-5WUWW8UF5FKU5N9797X3LNLNA.pcm

SwiftExplicitDependencyGeneratePcm arm64 /var/folders/3w/91hphlzs0rv_1twbkfyhvn6m0000gn/T/condisco-preflight.fRP9FS/DerivedData/SDKExplicitPrecompiledModules/FileProvider-AXPF1PL41Q4EGBVACMGZJBGN.pcm

SwiftExplicitDependencyGeneratePcm arm64 /var/folders/3w/91hphlzs0rv_1twbkfyhvn6m0000gn/T/condisco-preflight.fRP9FS/DerivedData/SDKExplicitPrecompiledModules/Network-BN76W76JNG90S7MT8SA4Q1LAI.pcm

SwiftExplicitDependencyGeneratePcm arm64 /var/folders/3w/91hphlzs0rv_1twbkfyhvn6m0000gn/T/condisco-preflight.fRP9FS/DerivedData/SDKExplicitPrecompiledModules/OpenGLES-2B5RTAOH0QJLL3QU4G51FXN3U.pcm

SwiftExplicitDependencyGeneratePcm arm64 /var/folders/3w/91hphlzs0rv_1twbkfyhvn6m0000gn/T/condisco-preflight.fRP9FS/DerivedData/SDKExplicitPrecompiledModules/CoreData-BCFUBEOQ5PAWMZV77QHCLT4V6.pcm

SwiftExplicitDependencyGeneratePcm arm64 /var/folders/3w/91hphlzs0rv_1twbkfyhvn6m0000gn/T/condisco-preflight.fRP9FS/DerivedData/SDKExplicitPrecompiledModules/UIUtilities-8NVOMYTSW12EQ0QVOTE1A58FF.pcm

SwiftExplicitDependencyGeneratePcm arm64 /var/folders/3w/91hphlzs0rv_1twbkfyhvn6m0000gn/T/condisco-preflight.fRP9FS/DerivedData/SDKExplicitPrecompiledModules/CoreLocation-1838AT9X8ZSTEQYJQD3Z4OPV7.pcm

SwiftExplicitDependencyGeneratePcm arm64 /var/folders/3w/91hphlzs0rv_1twbkfyhvn6m0000gn/T/condisco-preflight.fRP9FS/DerivedData/SDKExplicitPrecompiledModules/Metal-A6XJAD0M7GK1VMYWLVQKCPL41.pcm

SwiftExplicitDependencyGeneratePcm arm64 /var/folders/3w/91hphlzs0rv_1twbkfyhvn6m0000gn/T/condisco-preflight.fRP9FS/DerivedData/SDKExplicitPrecompiledModules/UserNotifications-B72OVCT0RVEBMBHKFJK3NPX9O.pcm

SwiftExplicitDependencyGeneratePcm arm64 /var/folders/3w/91hphlzs0rv_1twbkfyhvn6m0000gn/T/condisco-preflight.fRP9FS/DerivedData/SDKExplicitPrecompiledModules/UniformTypeIdentifiers-BE4LAAT9EMJTY74KZX3ROGT5A.pcm

SwiftExplicitDependencyGeneratePcm arm64 /var/folders/3w/91hphlzs0rv_1twbkfyhvn6m0000gn/T/condisco-preflight.fRP9FS/DerivedData/SDKExplicitPrecompiledModules/AVRouting-5317HOHF1WL9VZMVY95HEV1MP.pcm

SwiftExplicitDependencyGeneratePcm arm64 /var/folders/3w/91hphlzs0rv_1twbkfyhvn6m0000gn/T/condisco-preflight.fRP9FS/DerivedData/SDKExplicitPrecompiledModules/CoreMIDI-7KDY39R8PHMBKP5UMSAQBEGOG.pcm

SwiftExplicitDependencyGeneratePcm arm64 /var/folders/3w/91hphlzs0rv_1twbkfyhvn6m0000gn/T/condisco-preflight.fRP9FS/DerivedData/SDKExplicitPrecompiledModules/LocalAuthentication-1PKY746YUZWWPQB6VPPWA9IR2.pcm

SwiftExplicitDependencyGeneratePcm arm64 /var/folders/3w/91hphlzs0rv_1twbkfyhvn6m0000gn/T/condisco-preflight.fRP9FS/DerivedData/SDKExplicitPrecompiledModules/CloudKit-51ILLRX0YHNG41ZO69W3H9HUY.pcm

SwiftExplicitDependencyGeneratePcm arm64 /var/folders/3w/91hphlzs0rv_1twbkfyhvn6m0000gn/T/condisco-preflight.fRP9FS/DerivedData/SDKExplicitPrecompiledModules/CoreSpotlight-5QKT5XJCIPI2CQ3L2O7MF781G.pcm

SwiftExplicitDependencyGeneratePcm arm64 /var/folders/3w/91hphlzs0rv_1twbkfyhvn6m0000gn/T/condisco-preflight.fRP9FS/DerivedData/SDKExplicitPrecompiledModules/Intents-Q757L2G3B6VYJVTP37KUX7UF.pcm

SwiftExplicitDependencyGeneratePcm arm64 /var/folders/3w/91hphlzs0rv_1twbkfyhvn6m0000gn/T/condisco-preflight.fRP9FS/DerivedData/SDKExplicitPrecompiledModules/CoreMotion-BA0KFO25JHQTB5M6Q1HDMPCO0.pcm

SwiftExplicitDependencyGeneratePcm arm64 /var/folders/3w/91hphlzs0rv_1twbkfyhvn6m0000gn/T/condisco-preflight.fRP9FS/DerivedData/SDKExplicitPrecompiledModules/AudioToolbox-2M5ZH32KL2KAP7EYMI87ICGHO.pcm

SwiftExplicitDependencyGeneratePcm arm64 /var/folders/3w/91hphlzs0rv_1twbkfyhvn6m0000gn/T/condisco-preflight.fRP9FS/DerivedData/SDKExplicitPrecompiledModules/AppIntents-6CGJ6NFRDLJLLGOI6HWDLJMAQ.pcm

SwiftExplicitDependencyGeneratePcm arm64 /var/folders/3w/91hphlzs0rv_1twbkfyhvn6m0000gn/T/condisco-preflight.fRP9FS/DerivedData/SDKExplicitPrecompiledModules/CoreVideo-3WSOK2DC44AES9PUG80ZW4Z0M.pcm

AppIntentsSSUTraining (in target 'CondiscoWidget' from project 'Condisco')
    cd /Users/spkoehl/Projects/VerbaLibera
    /Applications/Xcode.app/Contents/Developer/Toolchains/XcodeDefault.xctoolchain/usr/bin/appintentsnltrainingprocessor --infoplist-path /var/folders/3w/91hphlzs0rv_1twbkfyhvn6m0000gn/T/condisco-preflight.fRP9FS/DerivedData/Build/Products/Debug-iphonesimulator/CondiscoWidget.appex/Info.plist --temp-dir-path /var/folders/3w/91hphlzs0rv_1twbkfyhvn6m0000gn/T/condisco-preflight.fRP9FS/DerivedData/Build/Intermediates.noindex/Condisco.build/Debug-iphonesimulator/CondiscoWidget.build/ssu --bundle-id com.sleuthysloth.condisco.CondiscoWidget --product-path /var/folders/3w/91hphlzs0rv_1twbkfyhvn6m0000gn/T/condisco-preflight.fRP9FS/DerivedData/Build/Products/Debug-iphonesimulator/CondiscoWidget.appex --extracted-metadata-path /var/folders/3w/91hphlzs0rv_1twbkfyhvn6m0000gn/T/condisco-preflight.fRP9FS/DerivedData/Build/Products/Debug-iphonesimulator/CondiscoWidget.appex/Metadata.appintents --metadata-file-list /var/folders/3w/91hphlzs0rv_1twbkfyhvn6m0000gn/T/condisco-preflight.fRP9FS/DerivedData/Build/Intermediates.noindex/Condisco.build/Debug-iphonesimulator/CondiscoWidget.build/CondiscoWidget.DependencyMetadataFileList --source-file /var/folders/3w/91hphlzs0rv_1twbkfyhvn6m0000gn/T/condisco-preflight.fRP9FS/DerivedData/Build/Products/Debug-iphonesimulator/CondiscoWidget.appex/Info.plist --archive-ssu-assets
2026-09-26 13:02:27.571 appintentsnltrainingprocessor[3503:511111] Parsing options for appintentsnltrainingprocessor
2026-09-26 13:02:27.571 appintentsnltrainingprocessor[3503:511111] Starting AppIntents SSU YAML Generation
2026-09-26 13:02:27.574 appintentsnltrainingprocessor[3503:511111] No AppShortcuts found - Skipping.

CodeSign /var/folders/3w/91hphlzs0rv_1twbkfyhvn6m0000gn/T/condisco-preflight.fRP9FS/DerivedData/Build/Products/Debug-iphonesimulator/CondiscoWidget.appex/CondiscoWidget.debug.dylib (in target 'CondiscoWidget' from project 'Condisco')
    cd /Users/spkoehl/Projects/VerbaLibera
    
    Signing Identity:     "Sign to Run Locally"
    
    /usr/bin/codesign --force --sign - --timestamp\=none --generate-entitlement-der /var/folders/3w/91hphlzs0rv_1twbkfyhvn6m0000gn/T/condisco-preflight.fRP9FS/DerivedData/Build/Products/Debug-iphonesimulator/CondiscoWidget.appex/CondiscoWidget.debug.dylib

SwiftExplicitDependencyGeneratePcm arm64 /var/folders/3w/91hphlzs0rv_1twbkfyhvn6m0000gn/T/condisco-preflight.fRP9FS/DerivedData/SDKExplicitPrecompiledModules/CoreImage-38UE3BLD3LCHAOLNGT5SPWRP9.pcm

SwiftExplicitDependencyGeneratePcm arm64 /var/folders/3w/91hphlzs0rv_1twbkfyhvn6m0000gn/T/condisco-preflight.fRP9FS/DerivedData/SDKExplicitPrecompiledModules/CoreMedia-D5B7NIJ8W7NFC0JW9U5AU991V.pcm

SwiftExplicitDependencyGeneratePcm arm64 /var/folders/3w/91hphlzs0rv_1twbkfyhvn6m0000gn/T/condisco-preflight.fRP9FS/DerivedData/SDKExplicitPrecompiledModules/QuartzCore-BTNISTAVFP8MBQ1BYOYPQTXEK.pcm

CodeSign /var/folders/3w/91hphlzs0rv_1twbkfyhvn6m0000gn/T/condisco-preflight.fRP9FS/DerivedData/Build/Products/Debug-iphonesimulator/CondiscoWidget.appex/__preview.dylib (in target 'CondiscoWidget' from project 'Condisco')
    cd /Users/spkoehl/Projects/VerbaLibera
    
    Signing Identity:     "Sign to Run Locally"
    
    /usr/bin/codesign --force --sign - --timestamp\=none --generate-entitlement-der /var/folders/3w/91hphlzs0rv_1twbkfyhvn6m0000gn/T/condisco-preflight.fRP9FS/DerivedData/Build/Products/Debug-iphonesimulator/CondiscoWidget.appex/__preview.dylib

CodeSign /var/folders/3w/91hphlzs0rv_1twbkfyhvn6m0000gn/T/condisco-preflight.fRP9FS/DerivedData/Build/Products/Debug-iphonesimulator/CondiscoWidget.appex (in target 'CondiscoWidget' from project 'Condisco')
    cd /Users/spkoehl/Projects/VerbaLibera
    
    Signing Identity:     "Sign to Run Locally"
    
    /usr/bin/codesign --force --sign - --entitlements /var/folders/3w/91hphlzs0rv_1twbkfyhvn6m0000gn/T/condisco-preflight.fRP9FS/DerivedData/Build/Intermediates.noindex/Condisco.build/Debug-iphonesimulator/CondiscoWidget.build/CondiscoWidget.appex.xcent --timestamp\=none --generate-entitlement-der /var/folders/3w/91hphlzs0rv_1twbkfyhvn6m0000gn/T/condisco-preflight.fRP9FS/DerivedData/Build/Products/Debug-iphonesimulator/CondiscoWidget.appex

RegisterExecutionPolicyException /var/folders/3w/91hphlzs0rv_1twbkfyhvn6m0000gn/T/condisco-preflight.fRP9FS/DerivedData/Build/Products/Debug-iphonesimulator/CondiscoWidget.appex (in target 'CondiscoWidget' from project 'Condisco')
    cd /Users/spkoehl/Projects/VerbaLibera
    builtin-RegisterExecutionPolicyException /var/folders/3w/91hphlzs0rv_1twbkfyhvn6m0000gn/T/condisco-preflight.fRP9FS/DerivedData/Build/Products/Debug-iphonesimulator/CondiscoWidget.appex

Touch /var/folders/3w/91hphlzs0rv_1twbkfyhvn6m0000gn/T/condisco-preflight.fRP9FS/DerivedData/Build/Products/Debug-iphonesimulator/CondiscoWidget.appex (in target 'CondiscoWidget' from project 'Condisco')
    cd /Users/spkoehl/Projects/VerbaLibera
    /usr/bin/touch -c /var/folders/3w/91hphlzs0rv_1twbkfyhvn6m0000gn/T/condisco-preflight.fRP9FS/DerivedData/Build/Products/Debug-iphonesimulator/CondiscoWidget.appex

CpResource /var/folders/3w/91hphlzs0rv_1twbkfyhvn6m0000gn/T/condisco-preflight.fRP9FS/DerivedData/Build/Products/Debug-iphonesimulator/Condisco.app/Content /Users/spkoehl/Projects/VerbaLibera/Condisco/Content (in target 'Condisco' from project 'Condisco')
    cd /Users/spkoehl/Projects/VerbaLibera
    builtin-copy -exclude .DS_Store -exclude CVS -exclude .svn -exclude .git -exclude .hg -resolve-src-symlinks /Users/spkoehl/Projects/VerbaLibera/Condisco/Content /var/folders/3w/91hphlzs0rv_1twbkfyhvn6m0000gn/T/condisco-preflight.fRP9FS/DerivedData/Build/Products/Debug-iphonesimulator/Condisco.app

Ld /var/folders/3w/91hphlzs0rv_1twbkfyhvn6m0000gn/T/condisco-preflight.fRP9FS/DerivedData/Build/Products/Debug-iphonesimulator/Condisco.app/__preview.dylib normal (in target 'Condisco' from project 'Condisco')
    cd /Users/spkoehl/Projects/VerbaLibera
    /Applications/Xcode.app/Contents/Developer/Toolchains/XcodeDefault.xctoolchain/usr/bin/clang -Xlinker -reproducible -target arm64-apple-ios17.0-simulator -dynamiclib -isysroot /Applications/Xcode.app/Contents/Developer/Platforms/iPhoneSimulator.platform/Developer/SDKs/iPhoneSimulator27.0.sdk -O0 -Xlinker -no_warn_duplicate_libraries -L/var/folders/3w/91hphlzs0rv_1twbkfyhvn6m0000gn/T/condisco-preflight.fRP9FS/DerivedData/Build/Products/Debug-iphonesimulator -F/var/folders/3w/91hphlzs0rv_1twbkfyhvn6m0000gn/T/condisco-preflight.fRP9FS/DerivedData/Build/Products/Debug-iphonesimulator -install_name @rpath/Condisco.debug.dylib -Xlinker -dead_strip -rdynamic -Xlinker -no_deduplicate -Xlinker -objc_abi_version -Xlinker 2 -Xlinker -dependency_info -Xlinker /var/folders/3w/91hphlzs0rv_1twbkfyhvn6m0000gn/T/condisco-preflight.fRP9FS/DerivedData/Build/Intermediates.noindex/Condisco.build/Debug-iphonesimulator/Condisco.build/Objects-normal/arm64/Condisco_dependency_info.dat -Xlinker -sectcreate -Xlinker __TEXT -Xlinker __entitlements -Xlinker /var/folders/3w/91hphlzs0rv_1twbkfyhvn6m0000gn/T/condisco-preflight.fRP9FS/DerivedData/Build/Intermediates.noindex/Condisco.build/Debug-iphonesimulator/Condisco.build/Condisco.app-Simulated.xcent -Xlinker -sectcreate -Xlinker __TEXT -Xlinker __ents_der -Xlinker /var/folders/3w/91hphlzs0rv_1twbkfyhvn6m0000gn/T/condisco-preflight.fRP9FS/DerivedData/Build/Intermediates.noindex/Condisco.build/Debug-iphonesimulator/Condisco.build/Condisco.app-Simulated.xcent.der -Xlinker -no_adhoc_codesign -o /var/folders/3w/91hphlzs0rv_1twbkfyhvn6m0000gn/T/condisco-preflight.fRP9FS/DerivedData/Build/Products/Debug-iphonesimulator/Condisco.app/__preview.dylib

SwiftExplicitDependencyGeneratePcm arm64 /var/folders/3w/91hphlzs0rv_1twbkfyhvn6m0000gn/T/condisco-preflight.fRP9FS/DerivedData/SDKExplicitPrecompiledModules/SwiftUICore-C5Q9TEQI4SIYTKNTYXL6MQ8OA.pcm

SwiftExplicitDependencyGeneratePcm arm64 /var/folders/3w/91hphlzs0rv_1twbkfyhvn6m0000gn/T/condisco-preflight.fRP9FS/DerivedData/SDKExplicitPrecompiledModules/MediaToolbox-1KSP15GMAFZOAO9ZZ7KKLB7J1.pcm

SwiftExplicitDependencyGeneratePcm arm64 /var/folders/3w/91hphlzs0rv_1twbkfyhvn6m0000gn/T/condisco-preflight.fRP9FS/DerivedData/SDKExplicitPrecompiledModules/VideoToolbox-2AE876PP8R11H2JHBXUQJU3FL.pcm

SwiftExplicitDependencyGeneratePcm arm64 /var/folders/3w/91hphlzs0rv_1twbkfyhvn6m0000gn/T/condisco-preflight.fRP9FS/DerivedData/SDKExplicitPrecompiledModules/AVFAudio-1QEE8U6GG85DNK03JLRB5R0KI.pcm

SwiftExplicitDependencyGeneratePcm arm64 /var/folders/3w/91hphlzs0rv_1twbkfyhvn6m0000gn/T/condisco-preflight.fRP9FS/DerivedData/SDKExplicitPrecompiledModules/UIKit-4HRZKEOTHZ2JEPG6JL6FVT7LP.pcm

SwiftExplicitDependencyGeneratePcm arm64 /var/folders/3w/91hphlzs0rv_1twbkfyhvn6m0000gn/T/condisco-preflight.fRP9FS/DerivedData/SDKExplicitPrecompiledModules/AVFoundation-CNETBVDV69KDR4S5R7IYGK1Q7.pcm

SwiftExplicitDependencyGeneratePcm arm64 /var/folders/3w/91hphlzs0rv_1twbkfyhvn6m0000gn/T/condisco-preflight.fRP9FS/DerivedData/SDKExplicitPrecompiledModules/AuthenticationServices-UN5SULY0W9M1ZZ5Z4VXA8EO7.pcm

SwiftExplicitDependencyGeneratePcm arm64 /var/folders/3w/91hphlzs0rv_1twbkfyhvn6m0000gn/T/condisco-preflight.fRP9FS/DerivedData/SDKExplicitPrecompiledModules/SwiftUI-1BOV54AFA6K0I9MZWJPJONOBP.pcm

SwiftExplicitDependencyGeneratePcm arm64 /var/folders/3w/91hphlzs0rv_1twbkfyhvn6m0000gn/T/condisco-preflight.fRP9FS/DerivedData/SDKExplicitPrecompiledModules/StoreKit-6AZF20BVJBETKGEAKBNCMYVSL.pcm

SwiftExplicitDependencyGeneratePcm arm64 /var/folders/3w/91hphlzs0rv_1twbkfyhvn6m0000gn/T/condisco-preflight.fRP9FS/DerivedData/SDKExplicitPrecompiledModules/MediaPlayer-5ATLXSGWLZ1VI7EMSRTIHUT3X.pcm

SwiftCompile normal arm64 Compiling\ StimulusViews.swift,\ LessonPlayerView.swift,\ Welcome.swift,\ PlacementTest.swift,\ LessonCoachMarks.swift,\ VocabularyBrowser.swift,\ VoiceRecorder.swift,\ VoiceSettings.swift,\ ListenModels.swift /Users/spkoehl/Projects/VerbaLibera/Condisco/Lesson/StimulusViews.swift /Users/spkoehl/Projects/VerbaLibera/Condisco/Lesson/LessonPlayerView.swift /Users/spkoehl/Projects/VerbaLibera/Condisco/Onboarding/Welcome.swift /Users/spkoehl/Projects/VerbaLibera/Condisco/Onboarding/PlacementTest.swift /Users/spkoehl/Projects/VerbaLibera/Condisco/Lesson/LessonCoachMarks.swift /Users/spkoehl/Projects/VerbaLibera/Condisco/Lesson/VocabularyBrowser.swift /Users/spkoehl/Projects/VerbaLibera/Condisco/Lesson/VoiceRecorder.swift /Users/spkoehl/Projects/VerbaLibera/Condisco/Lesson/VoiceSettings.swift /Users/spkoehl/Projects/VerbaLibera/Condisco/Listen/ListenModels.swift (in target 'Condisco' from project 'Condisco')

SwiftCompile normal arm64 /Users/spkoehl/Projects/VerbaLibera/Condisco/Lesson/StimulusViews.swift (in target 'Condisco' from project 'Condisco')
    cd /Users/spkoehl/Projects/VerbaLibera
    builtin-SwiftPerFileCompile StimulusViews.swift

SwiftCompile normal arm64 /Users/spkoehl/Projects/VerbaLibera/Condisco/Lesson/LessonPlayerView.swift (in target 'Condisco' from project 'Condisco')
    cd /Users/spkoehl/Projects/VerbaLibera
    builtin-SwiftPerFileCompile LessonPlayerView.swift

SwiftCompile normal arm64 /Users/spkoehl/Projects/VerbaLibera/Condisco/Onboarding/Welcome.swift (in target 'Condisco' from project 'Condisco')
    cd /Users/spkoehl/Projects/VerbaLibera
    builtin-SwiftPerFileCompile Welcome.swift

SwiftCompile normal arm64 /Users/spkoehl/Projects/VerbaLibera/Condisco/Onboarding/PlacementTest.swift (in target 'Condisco' from project 'Condisco')
    cd /Users/spkoehl/Projects/VerbaLibera
    builtin-SwiftPerFileCompile PlacementTest.swift

SwiftCompile normal arm64 /Users/spkoehl/Projects/VerbaLibera/Condisco/Lesson/LessonCoachMarks.swift (in target 'Condisco' from project 'Condisco')
    cd /Users/spkoehl/Projects/VerbaLibera
    builtin-SwiftPerFileCompile LessonCoachMarks.swift

SwiftCompile normal arm64 /Users/spkoehl/Projects/VerbaLibera/Condisco/Lesson/VocabularyBrowser.swift (in target 'Condisco' from project 'Condisco')
    cd /Users/spkoehl/Projects/VerbaLibera
    builtin-SwiftPerFileCompile VocabularyBrowser.swift

SwiftCompile normal arm64 /Users/spkoehl/Projects/VerbaLibera/Condisco/Lesson/VoiceRecorder.swift (in target 'Condisco' from project 'Condisco')
    cd /Users/spkoehl/Projects/VerbaLibera
    builtin-SwiftPerFileCompile VoiceRecorder.swift

SwiftCompile normal arm64 /Users/spkoehl/Projects/VerbaLibera/Condisco/Lesson/VoiceSettings.swift (in target 'Condisco' from project 'Condisco')
    cd /Users/spkoehl/Projects/VerbaLibera
    builtin-SwiftPerFileCompile VoiceSettings.swift

SwiftCompile normal arm64 /Users/spkoehl/Projects/VerbaLibera/Condisco/Listen/ListenModels.swift (in target 'Condisco' from project 'Condisco')
    cd /Users/spkoehl/Projects/VerbaLibera
    builtin-SwiftPerFileCompile ListenModels.swift

SwiftCompile normal arm64 Compiling\ LessonMoments.swift,\ DeepLink.swift,\ CondiscoIntents.swift,\ SpotlightIndex.swift,\ LessonCatalog.generated.swift,\ WidgetSnapshot.swift,\ WidgetSnapshotWriter.swift,\ ImportValidator.swift,\ GeneratedAssetSymbols.swift /Users/spkoehl/Projects/VerbaLibera/Condisco/Lesson/LessonMoments.swift /Users/spkoehl/Projects/VerbaLibera/Condisco/DeepLink/DeepLink.swift /Users/spkoehl/Projects/VerbaLibera/Condisco/DeepLink/CondiscoIntents.swift /Users/spkoehl/Projects/VerbaLibera/Condisco/DeepLink/SpotlightIndex.swift /Users/spkoehl/Projects/VerbaLibera/Condisco/DeepLink/LessonCatalog.generated.swift /Users/spkoehl/Projects/VerbaLibera/Condisco/Store/WidgetSnapshot.swift /Users/spkoehl/Projects/VerbaLibera/Condisco/Store/WidgetSnapshotWriter.swift /Users/spkoehl/Projects/VerbaLibera/Condisco/Store/ImportValidator.swift /var/folders/3w/91hphlzs0rv_1twbkfyhvn6m0000gn/T/condisco-preflight.fRP9FS/DerivedData/Build/Intermediates.noindex/Condisco.build/Debug-iphonesimulator/Condisco.build/DerivedSources/GeneratedAssetSymbols.swift (in target 'Condisco' from project 'Condisco')

SwiftCompile normal arm64 /Users/spkoehl/Projects/VerbaLibera/Condisco/Lesson/LessonMoments.swift (in target 'Condisco' from project 'Condisco')
    cd /Users/spkoehl/Projects/VerbaLibera
    builtin-SwiftPerFileCompile LessonMoments.swift

SwiftCompile normal arm64 /Users/spkoehl/Projects/VerbaLibera/Condisco/DeepLink/DeepLink.swift (in target 'Condisco' from project 'Condisco')
    cd /Users/spkoehl/Projects/VerbaLibera
    builtin-SwiftPerFileCompile DeepLink.swift

SwiftCompile normal arm64 /Users/spkoehl/Projects/VerbaLibera/Condisco/DeepLink/CondiscoIntents.swift (in target 'Condisco' from project 'Condisco')
    cd /Users/spkoehl/Projects/VerbaLibera
    builtin-SwiftPerFileCompile CondiscoIntents.swift

SwiftCompile normal arm64 /Users/spkoehl/Projects/VerbaLibera/Condisco/DeepLink/SpotlightIndex.swift (in target 'Condisco' from project 'Condisco')
    cd /Users/spkoehl/Projects/VerbaLibera
    builtin-SwiftPerFileCompile SpotlightIndex.swift

SwiftCompile normal arm64 /Users/spkoehl/Projects/VerbaLibera/Condisco/DeepLink/LessonCatalog.generated.swift (in target 'Condisco' from project 'Condisco')
    cd /Users/spkoehl/Projects/VerbaLibera
    builtin-SwiftPerFileCompile LessonCatalog.generated.swift

SwiftCompile normal arm64 /Users/spkoehl/Projects/VerbaLibera/Condisco/Store/WidgetSnapshot.swift (in target 'Condisco' from project 'Condisco')
    cd /Users/spkoehl/Projects/VerbaLibera
    builtin-SwiftPerFileCompile WidgetSnapshot.swift

SwiftCompile normal arm64 /Users/spkoehl/Projects/VerbaLibera/Condisco/Store/WidgetSnapshotWriter.swift (in target 'Condisco' from project 'Condisco')
    cd /Users/spkoehl/Projects/VerbaLibera
    builtin-SwiftPerFileCompile WidgetSnapshotWriter.swift

SwiftCompile normal arm64 /Users/spkoehl/Projects/VerbaLibera/Condisco/Store/ImportValidator.swift (in target 'Condisco' from project 'Condisco')
    cd /Users/spkoehl/Projects/VerbaLibera
    builtin-SwiftPerFileCompile ImportValidator.swift

SwiftCompile normal arm64 /var/folders/3w/91hphlzs0rv_1twbkfyhvn6m0000gn/T/condisco-preflight.fRP9FS/DerivedData/Build/Intermediates.noindex/Condisco.build/Debug-iphonesimulator/Condisco.build/DerivedSources/GeneratedAssetSymbols.swift (in target 'Condisco' from project 'Condisco')
    cd /Users/spkoehl/Projects/VerbaLibera
    builtin-SwiftPerFileCompile GeneratedAssetSymbols.swift

SwiftEmitModule normal arm64 Emitting\ module\ for\ Condisco (in target 'Condisco' from project 'Condisco')

SwiftCompile normal arm64 (in target 'Condisco' from project 'Condisco')
    cd /Users/spkoehl/Projects/VerbaLibera
    

SwiftCompile normal arm64 Compiling\ ListenView.swift,\ ReviewModels.swift,\ ReviewView.swift,\ ReviewReminders.swift,\ FlashcardsView.swift,\ AnkiExport.swift,\ HandsFreeReview.swift,\ A11ySettings.swift,\ EmptyStateArt.swift /Users/spkoehl/Projects/VerbaLibera/Condisco/Listen/ListenView.swift /Users/spkoehl/Projects/VerbaLibera/Condisco/Review/ReviewModels.swift /Users/spkoehl/Projects/VerbaLibera/Condisco/Review/ReviewView.swift /Users/spkoehl/Projects/VerbaLibera/Condisco/Review/ReviewReminders.swift /Users/spkoehl/Projects/VerbaLibera/Condisco/Review/FlashcardsView.swift /Users/spkoehl/Projects/VerbaLibera/Condisco/Review/AnkiExport.swift /Users/spkoehl/Projects/VerbaLibera/Condisco/Review/HandsFreeReview.swift /Users/spkoehl/Projects/VerbaLibera/Condisco/Theme/A11ySettings.swift /Users/spkoehl/Projects/VerbaLibera/Condisco/Theme/EmptyStateArt.swift (in target 'Condisco' from project 'Condisco')
/Users/spkoehl/Projects/VerbaLibera/Condisco/Review/ReviewView.swift:91:19: warning: immutable value 'store' was never used; consider replacing with '_' or removing it [#NoUsage]
 89 |     /// spinner, because the reload is synchronous.
 90 |     func applyScope() {
 91 |         guard let store, !packs.isEmpty else { return }
    |                   `- warning: immutable value 'store' was never used; consider replacing with '_' or removing it [#NoUsage]
 92 |         do {
 93 |             try reloadScoped()

[#NoUsage]: <https://docs.swift.org/compiler/documentation/diagnostics/no-usage>

SwiftCompile normal arm64 /Users/spkoehl/Projects/VerbaLibera/Condisco/Listen/ListenView.swift (in target 'Condisco' from project 'Condisco')
    cd /Users/spkoehl/Projects/VerbaLibera
    builtin-SwiftPerFileCompile ListenView.swift

SwiftCompile normal arm64 /Users/spkoehl/Projects/VerbaLibera/Condisco/Review/ReviewModels.swift (in target 'Condisco' from project 'Condisco')
    cd /Users/spkoehl/Projects/VerbaLibera
    builtin-SwiftPerFileCompile ReviewModels.swift

SwiftCompile normal arm64 /Users/spkoehl/Projects/VerbaLibera/Condisco/Review/ReviewView.swift (in target 'Condisco' from project 'Condisco')
    cd /Users/spkoehl/Projects/VerbaLibera
    builtin-SwiftPerFileCompile ReviewView.swift

SwiftCompile normal arm64 /Users/spkoehl/Projects/VerbaLibera/Condisco/Review/ReviewReminders.swift (in target 'Condisco' from project 'Condisco')
    cd /Users/spkoehl/Projects/VerbaLibera
    builtin-SwiftPerFileCompile ReviewReminders.swift

SwiftCompile normal arm64 /Users/spkoehl/Projects/VerbaLibera/Condisco/Review/FlashcardsView.swift (in target 'Condisco' from project 'Condisco')
    cd /Users/spkoehl/Projects/VerbaLibera
    builtin-SwiftPerFileCompile FlashcardsView.swift

SwiftCompile normal arm64 /Users/spkoehl/Projects/VerbaLibera/Condisco/Review/AnkiExport.swift (in target 'Condisco' from project 'Condisco')
    cd /Users/spkoehl/Projects/VerbaLibera
    builtin-SwiftPerFileCompile AnkiExport.swift

SwiftCompile normal arm64 /Users/spkoehl/Projects/VerbaLibera/Condisco/Review/HandsFreeReview.swift (in target 'Condisco' from project 'Condisco')
    cd /Users/spkoehl/Projects/VerbaLibera
    builtin-SwiftPerFileCompile HandsFreeReview.swift

SwiftCompile normal arm64 /Users/spkoehl/Projects/VerbaLibera/Condisco/Theme/A11ySettings.swift (in target 'Condisco' from project 'Condisco')
    cd /Users/spkoehl/Projects/VerbaLibera
    builtin-SwiftPerFileCompile A11ySettings.swift

SwiftCompile normal arm64 /Users/spkoehl/Projects/VerbaLibera/Condisco/Theme/EmptyStateArt.swift (in target 'Condisco' from project 'Condisco')
    cd /Users/spkoehl/Projects/VerbaLibera
    builtin-SwiftPerFileCompile EmptyStateArt.swift

SwiftCompile normal arm64 Compiling\ AppleSignIn.swift,\ CloudKitSync.swift,\ YouModel.swift,\ YouView.swift,\ Support.swift,\ PhraseCard.swift,\ ShadowMode.swift,\ Phrasebook.swift,\ Glossary.swift /Users/spkoehl/Projects/VerbaLibera/Condisco/Auth/AppleSignIn.swift /Users/spkoehl/Projects/VerbaLibera/Condisco/Sync/CloudKitSync.swift /Users/spkoehl/Projects/VerbaLibera/Condisco/You/YouModel.swift /Users/spkoehl/Projects/VerbaLibera/Condisco/You/YouView.swift /Users/spkoehl/Projects/VerbaLibera/Condisco/You/Support.swift /Users/spkoehl/Projects/VerbaLibera/Condisco/Lesson/PhraseCard.swift /Users/spkoehl/Projects/VerbaLibera/Condisco/Listen/ShadowMode.swift /Users/spkoehl/Projects/VerbaLibera/Condisco/Lesson/Phrasebook.swift /Users/spkoehl/Projects/VerbaLibera/Condisco/Lesson/Glossary.swift (in target 'Condisco' from project 'Condisco')

SwiftCompile normal arm64 /Users/spkoehl/Projects/VerbaLibera/Condisco/Auth/AppleSignIn.swift (in target 'Condisco' from project 'Condisco')
    cd /Users/spkoehl/Projects/VerbaLibera
    builtin-SwiftPerFileCompile AppleSignIn.swift

SwiftCompile normal arm64 /Users/spkoehl/Projects/VerbaLibera/Condisco/Sync/CloudKitSync.swift (in target 'Condisco' from project 'Condisco')
    cd /Users/spkoehl/Projects/VerbaLibera
    builtin-SwiftPerFileCompile CloudKitSync.swift

SwiftCompile normal arm64 /Users/spkoehl/Projects/VerbaLibera/Condisco/You/YouModel.swift (in target 'Condisco' from project 'Condisco')
    cd /Users/spkoehl/Projects/VerbaLibera
    builtin-SwiftPerFileCompile YouModel.swift

SwiftCompile normal arm64 /Users/spkoehl/Projects/VerbaLibera/Condisco/You/YouView.swift (in target 'Condisco' from project 'Condisco')
    cd /Users/spkoehl/Projects/VerbaLibera
    builtin-SwiftPerFileCompile YouView.swift

SwiftCompile normal arm64 /Users/spkoehl/Projects/VerbaLibera/Condisco/You/Support.swift (in target 'Condisco' from project 'Condisco')
    cd /Users/spkoehl/Projects/VerbaLibera
    builtin-SwiftPerFileCompile Support.swift

SwiftCompile normal arm64 /Users/spkoehl/Projects/VerbaLibera/Condisco/Lesson/PhraseCard.swift (in target 'Condisco' from project 'Condisco')
    cd /Users/spkoehl/Projects/VerbaLibera
    builtin-SwiftPerFileCompile PhraseCard.swift

SwiftCompile normal arm64 /Users/spkoehl/Projects/VerbaLibera/Condisco/Listen/ShadowMode.swift (in target 'Condisco' from project 'Condisco')
    cd /Users/spkoehl/Projects/VerbaLibera
    builtin-SwiftPerFileCompile ShadowMode.swift

SwiftCompile normal arm64 /Users/spkoehl/Projects/VerbaLibera/Condisco/Lesson/Phrasebook.swift (in target 'Condisco' from project 'Condisco')
    cd /Users/spkoehl/Projects/VerbaLibera
    builtin-SwiftPerFileCompile Phrasebook.swift

SwiftCompile normal arm64 /Users/spkoehl/Projects/VerbaLibera/Condisco/Lesson/Glossary.swift (in target 'Condisco' from project 'Condisco')
    cd /Users/spkoehl/Projects/VerbaLibera
    builtin-SwiftPerFileCompile Glossary.swift

SwiftCompile normal arm64 Compiling\ LearningStore.swift,\ PackLoader.swift,\ AnswerEngine.swift,\ ActivityEvaluation.swift,\ LessonSession.swift,\ CoursesView.swift,\ FamilyLayouts.swift,\ ActivityViews.swift,\ TextInputViews.swift,\ InteractiveViews.swift /Users/spkoehl/Projects/VerbaLibera/Condisco/Store/LearningStore.swift /Users/spkoehl/Projects/VerbaLibera/Condisco/Store/PackLoader.swift /Users/spkoehl/Projects/VerbaLibera/Condisco/Engine/AnswerEngine.swift /Users/spkoehl/Projects/VerbaLibera/Condisco/Engine/ActivityEvaluation.swift /Users/spkoehl/Projects/VerbaLibera/Condisco/Engine/LessonSession.swift /Users/spkoehl/Projects/VerbaLibera/Condisco/Lesson/CoursesView.swift /Users/spkoehl/Projects/VerbaLibera/Condisco/Lesson/FamilyLayouts.swift /Users/spkoehl/Projects/VerbaLibera/Condisco/Lesson/ActivityViews.swift /Users/spkoehl/Projects/VerbaLibera/Condisco/Lesson/TextInputViews.swift /Users/spkoehl/Projects/VerbaLibera/Condisco/Lesson/InteractiveViews.swift (in target 'Condisco' from project 'Condisco')

SwiftCompile normal arm64 /Users/spkoehl/Projects/VerbaLibera/Condisco/Store/LearningStore.swift (in target 'Condisco' from project 'Condisco')
    cd /Users/spkoehl/Projects/VerbaLibera
    builtin-SwiftPerFileCompile LearningStore.swift

SwiftCompile normal arm64 /Users/spkoehl/Projects/VerbaLibera/Condisco/Store/PackLoader.swift (in target 'Condisco' from project 'Condisco')
    cd /Users/spkoehl/Projects/VerbaLibera
    builtin-SwiftPerFileCompile PackLoader.swift

SwiftCompile normal arm64 /Users/spkoehl/Projects/VerbaLibera/Condisco/Engine/AnswerEngine.swift (in target 'Condisco' from project 'Condisco')
    cd /Users/spkoehl/Projects/VerbaLibera
    builtin-SwiftPerFileCompile AnswerEngine.swift

SwiftCompile normal arm64 /Users/spkoehl/Projects/VerbaLibera/Condisco/Engine/ActivityEvaluation.swift (in target 'Condisco' from project 'Condisco')
    cd /Users/spkoehl/Projects/VerbaLibera
    builtin-SwiftPerFileCompile ActivityEvaluation.swift

SwiftCompile normal arm64 /Users/spkoehl/Projects/VerbaLibera/Condisco/Engine/LessonSession.swift (in target 'Condisco' from project 'Condisco')
    cd /Users/spkoehl/Projects/VerbaLibera
    builtin-SwiftPerFileCompile LessonSession.swift

SwiftCompile normal arm64 /Users/spkoehl/Projects/VerbaLibera/Condisco/Lesson/CoursesView.swift (in target 'Condisco' from project 'Condisco')
    cd /Users/spkoehl/Projects/VerbaLibera
    builtin-SwiftPerFileCompile CoursesView.swift

SwiftCompile normal arm64 /Users/spkoehl/Projects/VerbaLibera/Condisco/Lesson/FamilyLayouts.swift (in target 'Condisco' from project 'Condisco')
    cd /Users/spkoehl/Projects/VerbaLibera
    builtin-SwiftPerFileCompile FamilyLayouts.swift

SwiftCompile normal arm64 /Users/spkoehl/Projects/VerbaLibera/Condisco/Lesson/ActivityViews.swift (in target 'Condisco' from project 'Condisco')
    cd /Users/spkoehl/Projects/VerbaLibera
    builtin-SwiftPerFileCompile ActivityViews.swift

SwiftCompile normal arm64 /Users/spkoehl/Projects/VerbaLibera/Condisco/Lesson/TextInputViews.swift (in target 'Condisco' from project 'Condisco')
    cd /Users/spkoehl/Projects/VerbaLibera
    builtin-SwiftPerFileCompile TextInputViews.swift

SwiftCompile normal arm64 /Users/spkoehl/Projects/VerbaLibera/Condisco/Lesson/InteractiveViews.swift (in target 'Condisco' from project 'Condisco')
    cd /Users/spkoehl/Projects/VerbaLibera
    builtin-SwiftPerFileCompile InteractiveViews.swift

SwiftCompile normal arm64 Compiling\ CondiscoApp.swift,\ ContentView.swift,\ HomeView.swift,\ MonthView.swift,\ ProgressCard.swift,\ DesignTokens.swift,\ CoursePack.swift,\ Database.swift,\ Fsrs.swift,\ LearningEvents.swift /Users/spkoehl/Projects/VerbaLibera/Condisco/CondiscoApp.swift /Users/spkoehl/Projects/VerbaLibera/Condisco/ContentView.swift /Users/spkoehl/Projects/VerbaLibera/Condisco/Home/HomeView.swift /Users/spkoehl/Projects/VerbaLibera/Condisco/Home/MonthView.swift /Users/spkoehl/Projects/VerbaLibera/Condisco/Home/ProgressCard.swift /Users/spkoehl/Projects/VerbaLibera/Condisco/Theme/DesignTokens.swift /Users/spkoehl/Projects/VerbaLibera/Condisco/Models/CoursePack.swift /Users/spkoehl/Projects/VerbaLibera/Condisco/Store/Database.swift /Users/spkoehl/Projects/VerbaLibera/Condisco/Store/Fsrs.swift /Users/spkoehl/Projects/VerbaLibera/Condisco/Store/LearningEvents.swift (in target 'Condisco' from project 'Condisco')

SwiftCompile normal arm64 /Users/spkoehl/Projects/VerbaLibera/Condisco/CondiscoApp.swift (in target 'Condisco' from project 'Condisco')
    cd /Users/spkoehl/Projects/VerbaLibera
    builtin-SwiftPerFileCompile CondiscoApp.swift

SwiftCompile normal arm64 /Users/spkoehl/Projects/VerbaLibera/Condisco/ContentView.swift (in target 'Condisco' from project 'Condisco')
    cd /Users/spkoehl/Projects/VerbaLibera
    builtin-SwiftPerFileCompile ContentView.swift

SwiftCompile normal arm64 /Users/spkoehl/Projects/VerbaLibera/Condisco/Home/HomeView.swift (in target 'Condisco' from project 'Condisco')
    cd /Users/spkoehl/Projects/VerbaLibera
    builtin-SwiftPerFileCompile HomeView.swift

SwiftCompile normal arm64 /Users/spkoehl/Projects/VerbaLibera/Condisco/Home/MonthView.swift (in target 'Condisco' from project 'Condisco')
    cd /Users/spkoehl/Projects/VerbaLibera
    builtin-SwiftPerFileCompile MonthView.swift

SwiftCompile normal arm64 /Users/spkoehl/Projects/VerbaLibera/Condisco/Home/ProgressCard.swift (in target 'Condisco' from project 'Condisco')
    cd /Users/spkoehl/Projects/VerbaLibera
    builtin-SwiftPerFileCompile ProgressCard.swift

SwiftCompile normal arm64 /Users/spkoehl/Projects/VerbaLibera/Condisco/Theme/DesignTokens.swift (in target 'Condisco' from project 'Condisco')
    cd /Users/spkoehl/Projects/VerbaLibera
    builtin-SwiftPerFileCompile DesignTokens.swift

SwiftCompile normal arm64 /Users/spkoehl/Projects/VerbaLibera/Condisco/Models/CoursePack.swift (in target 'Condisco' from project 'Condisco')
    cd /Users/spkoehl/Projects/VerbaLibera
    builtin-SwiftPerFileCompile CoursePack.swift

SwiftCompile normal arm64 /Users/spkoehl/Projects/VerbaLibera/Condisco/Store/Database.swift (in target 'Condisco' from project 'Condisco')
    cd /Users/spkoehl/Projects/VerbaLibera
    builtin-SwiftPerFileCompile Database.swift

SwiftCompile normal arm64 /Users/spkoehl/Projects/VerbaLibera/Condisco/Store/Fsrs.swift (in target 'Condisco' from project 'Condisco')
    cd /Users/spkoehl/Projects/VerbaLibera
    builtin-SwiftPerFileCompile Fsrs.swift

SwiftCompile normal arm64 /Users/spkoehl/Projects/VerbaLibera/Condisco/Store/LearningEvents.swift (in target 'Condisco' from project 'Condisco')
    cd /Users/spkoehl/Projects/VerbaLibera
    builtin-SwiftPerFileCompile LearningEvents.swift

SwiftDriverJobDiscovery normal arm64 Emitting module for Condisco (in target 'Condisco' from project 'Condisco')

SwiftDriver\ Compilation\ Requirements Condisco normal arm64 com.apple.xcode.tools.swift.compiler (in target 'Condisco' from project 'Condisco')
    cd /Users/spkoehl/Projects/VerbaLibera
    builtin-Swift-Compilation-Requirements -- /Applications/Xcode.app/Contents/Developer/Toolchains/XcodeDefault.xctoolchain/usr/bin/swiftc -module-name Condisco -Onone @/var/folders/3w/91hphlzs0rv_1twbkfyhvn6m0000gn/T/condisco-preflight.fRP9FS/DerivedData/Build/Intermediates.noindex/Condisco.build/Debug-iphonesimulator/Condisco.build/Objects-normal/arm64/Condisco.SwiftFileList -DDEBUG -enable-bare-slash-regex -enable-experimental-feature DebugDescriptionMacro -sdk /Applications/Xcode.app/Contents/Developer/Platforms/iPhoneSimulator.platform/Developer/SDKs/iPhoneSimulator27.0.sdk -target arm64-apple-ios17.0-simulator -g -module-cache-path /var/folders/3w/91hphlzs0rv_1twbkfyhvn6m0000gn/T/condisco-preflight.fRP9FS/DerivedData/ModuleCache.noindex -Xfrontend -serialize-debugging-options -enable-testing -index-store-path /var/folders/3w/91hphlzs0rv_1twbkfyhvn6m0000gn/T/condisco-preflight.fRP9FS/DerivedData/Index.noindex/DataStore -Xcc -D_LIBCPP_HARDENING_MODE\=_LIBCPP_HARDENING_MODE_DEBUG -swift-version 5 -I /var/folders/3w/91hphlzs0rv_1twbkfyhvn6m0000gn/T/condisco-preflight.fRP9FS/DerivedData/Build/Products/Debug-iphonesimulator -F /var/folders/3w/91hphlzs0rv_1twbkfyhvn6m0000gn/T/condisco-preflight.fRP9FS/DerivedData/Build/Products/Debug-iphonesimulator -emit-localized-strings -emit-localized-strings-path /var/folders/3w/91hphlzs0rv_1twbkfyhvn6m0000gn/T/condisco-preflight.fRP9FS/DerivedData/Build/Intermediates.noindex/Condisco.build/Debug-iphonesimulator/Condisco.build/Objects-normal/arm64 -c -j6 -enable-batch-mode -incremental -Xcc -ivfsstatcache -Xcc /var/folders/3w/91hphlzs0rv_1twbkfyhvn6m0000gn/T/condisco-preflight.fRP9FS/DerivedData/SDKStatCaches.noindex/iphonesimulator27.0-24A430-8dc58220667be655e1bcc261a7455254.sdkstatcache -output-file-map /var/folders/3w/91hphlzs0rv_1twbkfyhvn6m0000gn/T/condisco-preflight.fRP9FS/DerivedData/Build/Intermediates.noindex/Condisco.build/Debug-iphonesimulator/Condisco.build/Objects-normal/arm64/Condisco-OutputFileMap.json -save-temps -no-color-diagnostics -explicit-module-build -module-cache-path /var/folders/3w/91hphlzs0rv_1twbkfyhvn6m0000gn/T/condisco-preflight.fRP9FS/DerivedData/Build/Intermediates.noindex/SwiftExplicitPrecompiledModules -clang-scanner-module-cache-path /var/folders/3w/91hphlzs0rv_1twbkfyhvn6m0000gn/T/condisco-preflight.fRP9FS/DerivedData/ModuleCache.noindex -sdk-module-cache-path /var/folders/3w/91hphlzs0rv_1twbkfyhvn6m0000gn/T/condisco-preflight.fRP9FS/DerivedData/SDKExplicitPrecompiledModules -emit-dependencies -emit-module -emit-module-path /var/folders/3w/91hphlzs0rv_1twbkfyhvn6m0000gn/T/condisco-preflight.fRP9FS/DerivedData/Build/Intermediates.noindex/Condisco.build/Debug-iphonesimulator/Condisco.build/Objects-normal/arm64/Condisco.swiftmodule -serialize-diagnostics -dependency-scan-serialize-diagnostics-path /var/folders/3w/91hphlzs0rv_1twbkfyhvn6m0000gn/T/condisco-preflight.fRP9FS/DerivedData/Build/Intermediates.noindex/Condisco.build/Debug-iphonesimulator/Condisco.build/Objects-normal/arm64/Condisco-dependency-scan.dia -validate-clang-modules-once -clang-build-session-file /var/folders/3w/91hphlzs0rv_1twbkfyhvn6m0000gn/T/condisco-preflight.fRP9FS/DerivedData/ModuleCache.noindex/Session.modulevalidation -Xcc -fmodules-prune-interval\=86400 -Xcc -fmodules-prune-after\=345600 -emit-const-values -const-gather-protocols-list /var/folders/3w/91hphlzs0rv_1twbkfyhvn6m0000gn/T/condisco-preflight.fRP9FS/DerivedData/Build/Intermediates.noindex/Condisco.build/Debug-iphonesimulator/Condisco.build/Objects-normal/arm64/Condisco_const_extract_protocols.json -Xcc -iquote -Xcc /var/folders/3w/91hphlzs0rv_1twbkfyhvn6m0000gn/T/condisco-preflight.fRP9FS/DerivedData/Build/Intermediates.noindex/Condisco.build/Debug-iphonesimulator/Condisco.build/Condisco-generated-files.hmap -Xcc -I/var/folders/3w/91hphlzs0rv_1twbkfyhvn6m0000gn/T/condisco-preflight.fRP9FS/DerivedData/Build/Intermediates.noindex/Condisco.build/Debug-iphonesimulator/Condisco.build/Condisco-own-target-headers.hmap -Xcc -I/var/folders/3w/91hphlzs0rv_1twbkfyhvn6m0000gn/T/condisco-preflight.fRP9FS/DerivedData/Build/Intermediates.noindex/Condisco.build/Debug-iphonesimulator/Condisco.build/Condisco-all-target-headers.hmap -Xcc -iquote -Xcc /var/folders/3w/91hphlzs0rv_1twbkfyhvn6m0000gn/T/condisco-preflight.fRP9FS/DerivedData/Build/Intermediates.noindex/Condisco.build/Debug-iphonesimulator/Condisco.build/Condisco-project-headers.hmap -Xcc -I/var/folders/3w/91hphlzs0rv_1twbkfyhvn6m0000gn/T/condisco-preflight.fRP9FS/DerivedData/Build/Products/Debug-iphonesimulator/include -Xcc -I/var/folders/3w/91hphlzs0rv_1twbkfyhvn6m0000gn/T/condisco-preflight.fRP9FS/DerivedData/Build/Intermediates.noindex/Condisco.build/Debug-iphonesimulator/Condisco.build/DerivedSources-normal/arm64 -Xcc -I/var/folders/3w/91hphlzs0rv_1twbkfyhvn6m0000gn/T/condisco-preflight.fRP9FS/DerivedData/Build/Intermediates.noindex/Condisco.build/Debug-iphonesimulator/Condisco.build/DerivedSources/arm64 -Xcc -I/var/folders/3w/91hphlzs0rv_1twbkfyhvn6m0000gn/T/condisco-preflight.fRP9FS/DerivedData/Build/Intermediates.noindex/Condisco.build/Debug-iphonesimulator/Condisco.build/DerivedSources -Xcc -DDEBUG\=1 -Xcc -DDEBUG\=1 -emit-objc-header -emit-objc-header-path /var/folders/3w/91hphlzs0rv_1twbkfyhvn6m0000gn/T/condisco-preflight.fRP9FS/DerivedData/Build/Intermediates.noindex/Condisco.build/Debug-iphonesimulator/Condisco.build/Objects-normal/arm64/Condisco-Swift.h -working-directory /Users/spkoehl/Projects/VerbaLibera -experimental-emit-module-separately -disable-cmo

SwiftDriverJobDiscovery normal arm64 Compiling LessonMoments.swift, DeepLink.swift, CondiscoIntents.swift, SpotlightIndex.swift, LessonCatalog.generated.swift, WidgetSnapshot.swift, WidgetSnapshotWriter.swift, ImportValidator.swift, GeneratedAssetSymbols.swift (in target 'Condisco' from project 'Condisco')

SwiftMergeGeneratedHeaders /var/folders/3w/91hphlzs0rv_1twbkfyhvn6m0000gn/T/condisco-preflight.fRP9FS/DerivedData/Build/Intermediates.noindex/Condisco.build/Debug-iphonesimulator/Condisco.build/DerivedSources/Condisco-Swift.h /var/folders/3w/91hphlzs0rv_1twbkfyhvn6m0000gn/T/condisco-preflight.fRP9FS/DerivedData/Build/Intermediates.noindex/Condisco.build/Debug-iphonesimulator/Condisco.build/Objects-normal/arm64/Condisco-Swift.h (in target 'Condisco' from project 'Condisco')
    cd /Users/spkoehl/Projects/VerbaLibera
    builtin-swiftHeaderTool -arch arm64 /var/folders/3w/91hphlzs0rv_1twbkfyhvn6m0000gn/T/condisco-preflight.fRP9FS/DerivedData/Build/Intermediates.noindex/Condisco.build/Debug-iphonesimulator/Condisco.build/Objects-normal/arm64/Condisco-Swift.h -o /var/folders/3w/91hphlzs0rv_1twbkfyhvn6m0000gn/T/condisco-preflight.fRP9FS/DerivedData/Build/Intermediates.noindex/Condisco.build/Debug-iphonesimulator/Condisco.build/DerivedSources/Condisco-Swift.h

Copy /var/folders/3w/91hphlzs0rv_1twbkfyhvn6m0000gn/T/condisco-preflight.fRP9FS/DerivedData/Build/Products/Debug-iphonesimulator/Condisco.swiftmodule/arm64-apple-ios-simulator.swiftmodule /var/folders/3w/91hphlzs0rv_1twbkfyhvn6m0000gn/T/condisco-preflight.fRP9FS/DerivedData/Build/Intermediates.noindex/Condisco.build/Debug-iphonesimulator/Condisco.build/Objects-normal/arm64/Condisco.swiftmodule (in target 'Condisco' from project 'Condisco')
    cd /Users/spkoehl/Projects/VerbaLibera
    builtin-copy -exclude .DS_Store -exclude CVS -exclude .svn -exclude .git -exclude .hg -resolve-src-symlinks -rename /var/folders/3w/91hphlzs0rv_1twbkfyhvn6m0000gn/T/condisco-preflight.fRP9FS/DerivedData/Build/Intermediates.noindex/Condisco.build/Debug-iphonesimulator/Condisco.build/Objects-normal/arm64/Condisco.swiftmodule /var/folders/3w/91hphlzs0rv_1twbkfyhvn6m0000gn/T/condisco-preflight.fRP9FS/DerivedData/Build/Products/Debug-iphonesimulator/Condisco.swiftmodule/arm64-apple-ios-simulator.swiftmodule

Copy /var/folders/3w/91hphlzs0rv_1twbkfyhvn6m0000gn/T/condisco-preflight.fRP9FS/DerivedData/Build/Products/Debug-iphonesimulator/Condisco.swiftmodule/arm64-apple-ios-simulator.swiftdoc /var/folders/3w/91hphlzs0rv_1twbkfyhvn6m0000gn/T/condisco-preflight.fRP9FS/DerivedData/Build/Intermediates.noindex/Condisco.build/Debug-iphonesimulator/Condisco.build/Objects-normal/arm64/Condisco.swiftdoc (in target 'Condisco' from project 'Condisco')
    cd /Users/spkoehl/Projects/VerbaLibera
    builtin-copy -exclude .DS_Store -exclude CVS -exclude .svn -exclude .git -exclude .hg -resolve-src-symlinks -rename /var/folders/3w/91hphlzs0rv_1twbkfyhvn6m0000gn/T/condisco-preflight.fRP9FS/DerivedData/Build/Intermediates.noindex/Condisco.build/Debug-iphonesimulator/Condisco.build/Objects-normal/arm64/Condisco.swiftdoc /var/folders/3w/91hphlzs0rv_1twbkfyhvn6m0000gn/T/condisco-preflight.fRP9FS/DerivedData/Build/Products/Debug-iphonesimulator/Condisco.swiftmodule/arm64-apple-ios-simulator.swiftdoc

Copy /var/folders/3w/91hphlzs0rv_1twbkfyhvn6m0000gn/T/condisco-preflight.fRP9FS/DerivedData/Build/Products/Debug-iphonesimulator/Condisco.swiftmodule/arm64-apple-ios-simulator.abi.json /var/folders/3w/91hphlzs0rv_1twbkfyhvn6m0000gn/T/condisco-preflight.fRP9FS/DerivedData/Build/Intermediates.noindex/Condisco.build/Debug-iphonesimulator/Condisco.build/Objects-normal/arm64/Condisco.abi.json (in target 'Condisco' from project 'Condisco')
    cd /Users/spkoehl/Projects/VerbaLibera
    builtin-copy -exclude .DS_Store -exclude CVS -exclude .svn -exclude .git -exclude .hg -resolve-src-symlinks -rename /var/folders/3w/91hphlzs0rv_1twbkfyhvn6m0000gn/T/condisco-preflight.fRP9FS/DerivedData/Build/Intermediates.noindex/Condisco.build/Debug-iphonesimulator/Condisco.build/Objects-normal/arm64/Condisco.abi.json /var/folders/3w/91hphlzs0rv_1twbkfyhvn6m0000gn/T/condisco-preflight.fRP9FS/DerivedData/Build/Products/Debug-iphonesimulator/Condisco.swiftmodule/arm64-apple-ios-simulator.abi.json

Copy /var/folders/3w/91hphlzs0rv_1twbkfyhvn6m0000gn/T/condisco-preflight.fRP9FS/DerivedData/Build/Products/Debug-iphonesimulator/Condisco.swiftmodule/Project/arm64-apple-ios-simulator.swiftsourceinfo /var/folders/3w/91hphlzs0rv_1twbkfyhvn6m0000gn/T/condisco-preflight.fRP9FS/DerivedData/Build/Intermediates.noindex/Condisco.build/Debug-iphonesimulator/Condisco.build/Objects-normal/arm64/Condisco.swiftsourceinfo (in target 'Condisco' from project 'Condisco')
    cd /Users/spkoehl/Projects/VerbaLibera
    builtin-copy -exclude .DS_Store -exclude CVS -exclude .svn -exclude .git -exclude .hg -resolve-src-symlinks -rename /var/folders/3w/91hphlzs0rv_1twbkfyhvn6m0000gn/T/condisco-preflight.fRP9FS/DerivedData/Build/Intermediates.noindex/Condisco.build/Debug-iphonesimulator/Condisco.build/Objects-normal/arm64/Condisco.swiftsourceinfo /var/folders/3w/91hphlzs0rv_1twbkfyhvn6m0000gn/T/condisco-preflight.fRP9FS/DerivedData/Build/Products/Debug-iphonesimulator/Condisco.swiftmodule/Project/arm64-apple-ios-simulator.swiftsourceinfo

ProcessProductPackaging "" /var/folders/3w/91hphlzs0rv_1twbkfyhvn6m0000gn/T/condisco-preflight.fRP9FS/DerivedData/Build/Intermediates.noindex/Condisco.build/Debug-iphonesimulator/CondiscoUITests.build/CondiscoUITests.xctest-Simulated.xcent (in target 'CondiscoUITests' from project 'Condisco')
    cd /Users/spkoehl/Projects/VerbaLibera
    
    Entitlements:
    
    {
    "application-identifier" = "PN9T9MT37J.com.sleuthysloth.condisco.UITests.xctrunner";
    "keychain-access-groups" =     (
        "PN9T9MT37J.com.sleuthysloth.condisco.UITests.xctrunner"
    );
}
    
    builtin-productPackagingUtility -entitlements -format xml -o /var/folders/3w/91hphlzs0rv_1twbkfyhvn6m0000gn/T/condisco-preflight.fRP9FS/DerivedData/Build/Intermediates.noindex/Condisco.build/Debug-iphonesimulator/CondiscoUITests.build/CondiscoUITests.xctest-Simulated.xcent

ProcessProductPackagingDER /var/folders/3w/91hphlzs0rv_1twbkfyhvn6m0000gn/T/condisco-preflight.fRP9FS/DerivedData/Build/Intermediates.noindex/Condisco.build/Debug-iphonesimulator/CondiscoUITests.build/CondiscoUITests.xctest-Simulated.xcent /var/folders/3w/91hphlzs0rv_1twbkfyhvn6m0000gn/T/condisco-preflight.fRP9FS/DerivedData/Build/Intermediates.noindex/Condisco.build/Debug-iphonesimulator/CondiscoUITests.build/CondiscoUITests.xctest-Simulated.xcent.der (in target 'CondiscoUITests' from project 'Condisco')
    cd /Users/spkoehl/Projects/VerbaLibera
    /usr/bin/derq query -f xml -i /var/folders/3w/91hphlzs0rv_1twbkfyhvn6m0000gn/T/condisco-preflight.fRP9FS/DerivedData/Build/Intermediates.noindex/Condisco.build/Debug-iphonesimulator/CondiscoUITests.build/CondiscoUITests.xctest-Simulated.xcent -o /var/folders/3w/91hphlzs0rv_1twbkfyhvn6m0000gn/T/condisco-preflight.fRP9FS/DerivedData/Build/Intermediates.noindex/Condisco.build/Debug-iphonesimulator/CondiscoUITests.build/CondiscoUITests.xctest-Simulated.xcent.der --raw

SwiftDriver CondiscoTests normal arm64 com.apple.xcode.tools.swift.compiler (in target 'CondiscoTests' from project 'Condisco')
    cd /Users/spkoehl/Projects/VerbaLibera
    builtin-SwiftDriver -- /Applications/Xcode.app/Contents/Developer/Toolchains/XcodeDefault.xctoolchain/usr/bin/swiftc -module-name CondiscoTests -Onone @/var/folders/3w/91hphlzs0rv_1twbkfyhvn6m0000gn/T/condisco-preflight.fRP9FS/DerivedData/Build/Intermediates.noindex/Condisco.build/Debug-iphonesimulator/CondiscoTests.build/Objects-normal/arm64/CondiscoTests.SwiftFileList -DDEBUG -plugin-path /Applications/Xcode.app/Contents/Developer/Toolchains/XcodeDefault.xctoolchain/usr/lib/swift/host/plugins/testing -enable-bare-slash-regex -enable-experimental-feature DebugDescriptionMacro -sdk /Applications/Xcode.app/Contents/Developer/Platforms/iPhoneSimulator.platform/Developer/SDKs/iPhoneSimulator27.0.sdk -target arm64-apple-ios17.0-simulator -g -module-cache-path /var/folders/3w/91hphlzs0rv_1twbkfyhvn6m0000gn/T/condisco-preflight.fRP9FS/DerivedData/ModuleCache.noindex -Xfrontend -serialize-debugging-options -enable-testing -index-store-path /var/folders/3w/91hphlzs0rv_1twbkfyhvn6m0000gn/T/condisco-preflight.fRP9FS/DerivedData/Index.noindex/DataStore -Xcc -D_LIBCPP_HARDENING_MODE\=_LIBCPP_HARDENING_MODE_DEBUG -swift-version 5 -I /var/folders/3w/91hphlzs0rv_1twbkfyhvn6m0000gn/T/condisco-preflight.fRP9FS/DerivedData/Build/Products/Debug-iphonesimulator -Isystem /Applications/Xcode.app/Contents/Developer/Platforms/iPhoneSimulator.platform/Developer/usr/lib -F /var/folders/3w/91hphlzs0rv_1twbkfyhvn6m0000gn/T/condisco-preflight.fRP9FS/DerivedData/Build/Products/Debug-iphonesimulator -F /Applications/Xcode.app/Contents/Developer/Platforms/iPhoneSimulator.platform/Developer/Library/Frameworks -F /Applications/Xcode.app/Contents/Developer/Platforms/iPhoneSimulator.platform/Developer/SDKs/iPhoneSimulator27.0.sdk/Developer/Library/Frameworks -emit-localized-strings -emit-localized-strings-path /var/folders/3w/91hphlzs0rv_1twbkfyhvn6m0000gn/T/condisco-preflight.fRP9FS/DerivedData/Build/Intermediates.noindex/Condisco.build/Debug-iphonesimulator/CondiscoTests.build/Objects-normal/arm64 -c -j6 -enable-batch-mode -incremental -Xcc -ivfsstatcache -Xcc /var/folders/3w/91hphlzs0rv_1twbkfyhvn6m0000gn/T/condisco-preflight.fRP9FS/DerivedData/SDKStatCaches.noindex/iphonesimulator27.0-24A430-8dc58220667be655e1bcc261a7455254.sdkstatcache -output-file-map /var/folders/3w/91hphlzs0rv_1twbkfyhvn6m0000gn/T/condisco-preflight.fRP9FS/DerivedData/Build/Intermediates.noindex/Condisco.build/Debug-iphonesimulator/CondiscoTests.build/Objects-normal/arm64/CondiscoTests-OutputFileMap.json -save-temps -no-color-diagnostics -explicit-module-build -module-cache-path /var/folders/3w/91hphlzs0rv_1twbkfyhvn6m0000gn/T/condisco-preflight.fRP9FS/DerivedData/Build/Intermediates.noindex/SwiftExplicitPrecompiledModules -clang-scanner-module-cache-path /var/folders/3w/91hphlzs0rv_1twbkfyhvn6m0000gn/T/condisco-preflight.fRP9FS/DerivedData/ModuleCache.noindex -sdk-module-cache-path /var/folders/3w/91hphlzs0rv_1twbkfyhvn6m0000gn/T/condisco-preflight.fRP9FS/DerivedData/SDKExplicitPrecompiledModules -emit-dependencies -emit-module -emit-module-path /var/folders/3w/91hphlzs0rv_1twbkfyhvn6m0000gn/T/condisco-preflight.fRP9FS/DerivedData/Build/Intermediates.noindex/Condisco.build/Debug-iphonesimulator/CondiscoTests.build/Objects-normal/arm64/CondiscoTests.swiftmodule -serialize-diagnostics -dependency-scan-serialize-diagnostics-path /var/folders/3w/91hphlzs0rv_1twbkfyhvn6m0000gn/T/condisco-preflight.fRP9FS/DerivedData/Build/Intermediates.noindex/Condisco.build/Debug-iphonesimulator/CondiscoTests.build/Objects-normal/arm64/CondiscoTests-dependency-scan.dia -validate-clang-modules-once -clang-build-session-file /var/folders/3w/91hphlzs0rv_1twbkfyhvn6m0000gn/T/condisco-preflight.fRP9FS/DerivedData/ModuleCache.noindex/Session.modulevalidation -Xcc -fmodules-prune-interval\=86400 -Xcc -fmodules-prune-after\=345600 -emit-const-values -const-gather-protocols-list /var/folders/3w/91hphlzs0rv_1twbkfyhvn6m0000gn/T/condisco-preflight.fRP9FS/DerivedData/Build/Intermediates.noindex/Condisco.build/Debug-iphonesimulator/CondiscoTests.build/Objects-normal/arm64/CondiscoTests_const_extract_protocols.json -Xcc -iquote -Xcc /var/folders/3w/91hphlzs0rv_1twbkfyhvn6m0000gn/T/condisco-preflight.fRP9FS/DerivedData/Build/Intermediates.noindex/Condisco.build/Debug-iphonesimulator/CondiscoTests.build/CondiscoTests-generated-files.hmap -Xcc -I/var/folders/3w/91hphlzs0rv_1twbkfyhvn6m0000gn/T/condisco-preflight.fRP9FS/DerivedData/Build/Intermediates.noindex/Condisco.build/Debug-iphonesimulator/CondiscoTests.build/CondiscoTests-own-target-headers.hmap -Xcc -I/var/folders/3w/91hphlzs0rv_1twbkfyhvn6m0000gn/T/condisco-preflight.fRP9FS/DerivedData/Build/Intermediates.noindex/Condisco.build/Debug-iphonesimulator/CondiscoTests.build/CondiscoTests-all-target-headers.hmap -Xcc -iquote -Xcc /var/folders/3w/91hphlzs0rv_1twbkfyhvn6m0000gn/T/condisco-preflight.fRP9FS/DerivedData/Build/Intermediates.noindex/Condisco.build/Debug-iphonesimulator/CondiscoTests.build/CondiscoTests-project-headers.hmap -Xcc -I/var/folders/3w/91hphlzs0rv_1twbkfyhvn6m0000gn/T/condisco-preflight.fRP9FS/DerivedData/Build/Products/Debug-iphonesimulator/include -Xcc -I/var/folders/3w/91hphlzs0rv_1twbkfyhvn6m0000gn/T/condisco-preflight.fRP9FS/DerivedData/Build/Intermediates.noindex/Condisco.build/Debug-iphonesimulator/CondiscoTests.build/DerivedSources-normal/arm64 -Xcc -I/var/folders/3w/91hphlzs0rv_1twbkfyhvn6m0000gn/T/condisco-preflight.fRP9FS/DerivedData/Build/Intermediates.noindex/Condisco.build/Debug-iphonesimulator/CondiscoTests.build/DerivedSources/arm64 -Xcc -I/var/folders/3w/91hphlzs0rv_1twbkfyhvn6m0000gn/T/condisco-preflight.fRP9FS/DerivedData/Build/Intermediates.noindex/Condisco.build/Debug-iphonesimulator/CondiscoTests.build/DerivedSources -Xcc -DDEBUG\=1 -emit-objc-header -emit-objc-header-path /var/folders/3w/91hphlzs0rv_1twbkfyhvn6m0000gn/T/condisco-preflight.fRP9FS/DerivedData/Build/Intermediates.noindex/Condisco.build/Debug-iphonesimulator/CondiscoTests.build/Objects-normal/arm64/CondiscoTests-Swift.h -working-directory /Users/spkoehl/Projects/VerbaLibera -experimental-emit-module-separately -disable-cmo

SwiftDriver CondiscoUITests normal arm64 com.apple.xcode.tools.swift.compiler (in target 'CondiscoUITests' from project 'Condisco')
    cd /Users/spkoehl/Projects/VerbaLibera
    builtin-SwiftDriver -- /Applications/Xcode.app/Contents/Developer/Toolchains/XcodeDefault.xctoolchain/usr/bin/swiftc -module-name CondiscoUITests -Onone @/var/folders/3w/91hphlzs0rv_1twbkfyhvn6m0000gn/T/condisco-preflight.fRP9FS/DerivedData/Build/Intermediates.noindex/Condisco.build/Debug-iphonesimulator/CondiscoUITests.build/Objects-normal/arm64/CondiscoUITests.SwiftFileList -DDEBUG -module-alias Testing\=_Testing_Unavailable -plugin-path /Applications/Xcode.app/Contents/Developer/Toolchains/XcodeDefault.xctoolchain/usr/lib/swift/host/plugins/testing -enable-bare-slash-regex -enable-experimental-feature DebugDescriptionMacro -sdk /Applications/Xcode.app/Contents/Developer/Platforms/iPhoneSimulator.platform/Developer/SDKs/iPhoneSimulator27.0.sdk -target arm64-apple-ios17.0-simulator -g -module-cache-path /var/folders/3w/91hphlzs0rv_1twbkfyhvn6m0000gn/T/condisco-preflight.fRP9FS/DerivedData/ModuleCache.noindex -Xfrontend -serialize-debugging-options -enable-testing -index-store-path /var/folders/3w/91hphlzs0rv_1twbkfyhvn6m0000gn/T/condisco-preflight.fRP9FS/DerivedData/Index.noindex/DataStore -Xcc -D_LIBCPP_HARDENING_MODE\=_LIBCPP_HARDENING_MODE_DEBUG -swift-version 5 -I /var/folders/3w/91hphlzs0rv_1twbkfyhvn6m0000gn/T/condisco-preflight.fRP9FS/DerivedData/Build/Products/Debug-iphonesimulator -Isystem /Applications/Xcode.app/Contents/Developer/Platforms/iPhoneSimulator.platform/Developer/usr/lib -F /var/folders/3w/91hphlzs0rv_1twbkfyhvn6m0000gn/T/condisco-preflight.fRP9FS/DerivedData/Build/Products/Debug-iphonesimulator -F /Applications/Xcode.app/Contents/Developer/Platforms/iPhoneSimulator.platform/Developer/Library/Frameworks -F /Applications/Xcode.app/Contents/Developer/Platforms/iPhoneSimulator.platform/Developer/SDKs/iPhoneSimulator27.0.sdk/Developer/Library/Frameworks -emit-localized-strings -emit-localized-strings-path /var/folders/3w/91hphlzs0rv_1twbkfyhvn6m0000gn/T/condisco-preflight.fRP9FS/DerivedData/Build/Intermediates.noindex/Condisco.build/Debug-iphonesimulator/CondiscoUITests.build/Objects-normal/arm64 -c -j6 -enable-batch-mode -incremental -Xcc -ivfsstatcache -Xcc /var/folders/3w/91hphlzs0rv_1twbkfyhvn6m0000gn/T/condisco-preflight.fRP9FS/DerivedData/SDKStatCaches.noindex/iphonesimulator27.0-24A430-8dc58220667be655e1bcc261a7455254.sdkstatcache -output-file-map /var/folders/3w/91hphlzs0rv_1twbkfyhvn6m0000gn/T/condisco-preflight.fRP9FS/DerivedData/Build/Intermediates.noindex/Condisco.build/Debug-iphonesimulator/CondiscoUITests.build/Objects-normal/arm64/CondiscoUITests-OutputFileMap.json -save-temps -no-color-diagnostics -explicit-module-build -module-cache-path /var/folders/3w/91hphlzs0rv_1twbkfyhvn6m0000gn/T/condisco-preflight.fRP9FS/DerivedData/Build/Intermediates.noindex/SwiftExplicitPrecompiledModules -clang-scanner-module-cache-path /var/folders/3w/91hphlzs0rv_1twbkfyhvn6m0000gn/T/condisco-preflight.fRP9FS/DerivedData/ModuleCache.noindex -sdk-module-cache-path /var/folders/3w/91hphlzs0rv_1twbkfyhvn6m0000gn/T/condisco-preflight.fRP9FS/DerivedData/SDKExplicitPrecompiledModules -emit-dependencies -emit-module -emit-module-path /var/folders/3w/91hphlzs0rv_1twbkfyhvn6m0000gn/T/condisco-preflight.fRP9FS/DerivedData/Build/Intermediates.noindex/Condisco.build/Debug-iphonesimulator/CondiscoUITests.build/Objects-normal/arm64/CondiscoUITests.swiftmodule -serialize-diagnostics -dependency-scan-serialize-diagnostics-path /var/folders/3w/91hphlzs0rv_1twbkfyhvn6m0000gn/T/condisco-preflight.fRP9FS/DerivedData/Build/Intermediates.noindex/Condisco.build/Debug-iphonesimulator/CondiscoUITests.build/Objects-normal/arm64/CondiscoUITests-dependency-scan.dia -validate-clang-modules-once -clang-build-session-file /var/folders/3w/91hphlzs0rv_1twbkfyhvn6m0000gn/T/condisco-preflight.fRP9FS/DerivedData/ModuleCache.noindex/Session.modulevalidation -Xcc -fmodules-prune-interval\=86400 -Xcc -fmodules-prune-after\=345600 -emit-const-values -const-gather-protocols-list /var/folders/3w/91hphlzs0rv_1twbkfyhvn6m0000gn/T/condisco-preflight.fRP9FS/DerivedData/Build/Intermediates.noindex/Condisco.build/Debug-iphonesimulator/CondiscoUITests.build/Objects-normal/arm64/CondiscoUITests_const_extract_protocols.json -Xcc -iquote -Xcc /var/folders/3w/91hphlzs0rv_1twbkfyhvn6m0000gn/T/condisco-preflight.fRP9FS/DerivedData/Build/Intermediates.noindex/Condisco.build/Debug-iphonesimulator/CondiscoUITests.build/CondiscoUITests-generated-files.hmap -Xcc -I/var/folders/3w/91hphlzs0rv_1twbkfyhvn6m0000gn/T/condisco-preflight.fRP9FS/DerivedData/Build/Intermediates.noindex/Condisco.build/Debug-iphonesimulator/CondiscoUITests.build/CondiscoUITests-own-target-headers.hmap -Xcc -I/var/folders/3w/91hphlzs0rv_1twbkfyhvn6m0000gn/T/condisco-preflight.fRP9FS/DerivedData/Build/Intermediates.noindex/Condisco.build/Debug-iphonesimulator/CondiscoUITests.build/CondiscoUITests-all-target-headers.hmap -Xcc -iquote -Xcc /var/folders/3w/91hphlzs0rv_1twbkfyhvn6m0000gn/T/condisco-preflight.fRP9FS/DerivedData/Build/Intermediates.noindex/Condisco.build/Debug-iphonesimulator/CondiscoUITests.build/CondiscoUITests-project-headers.hmap -Xcc -I/var/folders/3w/91hphlzs0rv_1twbkfyhvn6m0000gn/T/condisco-preflight.fRP9FS/DerivedData/Build/Products/Debug-iphonesimulator/include -Xcc -I/var/folders/3w/91hphlzs0rv_1twbkfyhvn6m0000gn/T/condisco-preflight.fRP9FS/DerivedData/Build/Intermediates.noindex/Condisco.build/Debug-iphonesimulator/CondiscoUITests.build/DerivedSources-normal/arm64 -Xcc -I/var/folders/3w/91hphlzs0rv_1twbkfyhvn6m0000gn/T/condisco-preflight.fRP9FS/DerivedData/Build/Intermediates.noindex/Condisco.build/Debug-iphonesimulator/CondiscoUITests.build/DerivedSources/arm64 -Xcc -I/var/folders/3w/91hphlzs0rv_1twbkfyhvn6m0000gn/T/condisco-preflight.fRP9FS/DerivedData/Build/Intermediates.noindex/Condisco.build/Debug-iphonesimulator/CondiscoUITests.build/DerivedSources -Xcc -DDEBUG\=1 -emit-objc-header -emit-objc-header-path /var/folders/3w/91hphlzs0rv_1twbkfyhvn6m0000gn/T/condisco-preflight.fRP9FS/DerivedData/Build/Intermediates.noindex/Condisco.build/Debug-iphonesimulator/CondiscoUITests.build/Objects-normal/arm64/CondiscoUITests-Swift.h -working-directory /Users/spkoehl/Projects/VerbaLibera -experimental-emit-module-separately -disable-cmo

SwiftExplicitDependencyGeneratePcm arm64 /var/folders/3w/91hphlzs0rv_1twbkfyhvn6m0000gn/T/condisco-preflight.fRP9FS/DerivedData/Build/Intermediates.noindex/SwiftExplicitPrecompiledModules/XCUIAutomation-25UW4LGR1SPPIRE0WGHC83QE8.pcm

SwiftExplicitDependencyCompileModuleFromInterface arm64 /var/folders/3w/91hphlzs0rv_1twbkfyhvn6m0000gn/T/condisco-preflight.fRP9FS/DerivedData/Build/Intermediates.noindex/SwiftExplicitPrecompiledModules/XCUIAutomation-1LERW7IQAP74I.swiftmodule

SwiftExplicitDependencyGeneratePcm arm64 /var/folders/3w/91hphlzs0rv_1twbkfyhvn6m0000gn/T/condisco-preflight.fRP9FS/DerivedData/Build/Intermediates.noindex/SwiftExplicitPrecompiledModules/XCTest-24Y2JT8K4VXCIPR20E7MJ4ZEG.pcm

SwiftExplicitDependencyCompileModuleFromInterface arm64 /var/folders/3w/91hphlzs0rv_1twbkfyhvn6m0000gn/T/condisco-preflight.fRP9FS/DerivedData/Build/Intermediates.noindex/SwiftExplicitPrecompiledModules/XCTest-1ZZ9KLXMXAHEQ.swiftmodule

SwiftEmitModule normal arm64 Emitting\ module\ for\ CondiscoUITests (in target 'CondiscoUITests' from project 'Condisco')

SwiftCompile normal arm64 (in target 'CondiscoUITests' from project 'Condisco')
    cd /Users/spkoehl/Projects/VerbaLibera
    

SwiftEmitModule normal arm64 Emitting\ module\ for\ CondiscoTests (in target 'CondiscoTests' from project 'Condisco')

SwiftCompile normal arm64 (in target 'CondiscoTests' from project 'Condisco')
    cd /Users/spkoehl/Projects/VerbaLibera
    

SwiftDriverJobDiscovery normal arm64 Emitting module for CondiscoUITests (in target 'CondiscoUITests' from project 'Condisco')

SwiftDriver\ Compilation\ Requirements CondiscoUITests normal arm64 com.apple.xcode.tools.swift.compiler (in target 'CondiscoUITests' from project 'Condisco')
    cd /Users/spkoehl/Projects/VerbaLibera
    builtin-Swift-Compilation-Requirements -- /Applications/Xcode.app/Contents/Developer/Toolchains/XcodeDefault.xctoolchain/usr/bin/swiftc -module-name CondiscoUITests -Onone @/var/folders/3w/91hphlzs0rv_1twbkfyhvn6m0000gn/T/condisco-preflight.fRP9FS/DerivedData/Build/Intermediates.noindex/Condisco.build/Debug-iphonesimulator/CondiscoUITests.build/Objects-normal/arm64/CondiscoUITests.SwiftFileList -DDEBUG -module-alias Testing\=_Testing_Unavailable -plugin-path /Applications/Xcode.app/Contents/Developer/Toolchains/XcodeDefault.xctoolchain/usr/lib/swift/host/plugins/testing -enable-bare-slash-regex -enable-experimental-feature DebugDescriptionMacro -sdk /Applications/Xcode.app/Contents/Developer/Platforms/iPhoneSimulator.platform/Developer/SDKs/iPhoneSimulator27.0.sdk -target arm64-apple-ios17.0-simulator -g -module-cache-path /var/folders/3w/91hphlzs0rv_1twbkfyhvn6m0000gn/T/condisco-preflight.fRP9FS/DerivedData/ModuleCache.noindex -Xfrontend -serialize-debugging-options -enable-testing -index-store-path /var/folders/3w/91hphlzs0rv_1twbkfyhvn6m0000gn/T/condisco-preflight.fRP9FS/DerivedData/Index.noindex/DataStore -Xcc -D_LIBCPP_HARDENING_MODE\=_LIBCPP_HARDENING_MODE_DEBUG -swift-version 5 -I /var/folders/3w/91hphlzs0rv_1twbkfyhvn6m0000gn/T/condisco-preflight.fRP9FS/DerivedData/Build/Products/Debug-iphonesimulator -Isystem /Applications/Xcode.app/Contents/Developer/Platforms/iPhoneSimulator.platform/Developer/usr/lib -F /var/folders/3w/91hphlzs0rv_1twbkfyhvn6m0000gn/T/condisco-preflight.fRP9FS/DerivedData/Build/Products/Debug-iphonesimulator -F /Applications/Xcode.app/Contents/Developer/Platforms/iPhoneSimulator.platform/Developer/Library/Frameworks -F /Applications/Xcode.app/Contents/Developer/Platforms/iPhoneSimulator.platform/Developer/SDKs/iPhoneSimulator27.0.sdk/Developer/Library/Frameworks -emit-localized-strings -emit-localized-strings-path /var/folders/3w/91hphlzs0rv_1twbkfyhvn6m0000gn/T/condisco-preflight.fRP9FS/DerivedData/Build/Intermediates.noindex/Condisco.build/Debug-iphonesimulator/CondiscoUITests.build/Objects-normal/arm64 -c -j6 -enable-batch-mode -incremental -Xcc -ivfsstatcache -Xcc /var/folders/3w/91hphlzs0rv_1twbkfyhvn6m0000gn/T/condisco-preflight.fRP9FS/DerivedData/SDKStatCaches.noindex/iphonesimulator27.0-24A430-8dc58220667be655e1bcc261a7455254.sdkstatcache -output-file-map /var/folders/3w/91hphlzs0rv_1twbkfyhvn6m0000gn/T/condisco-preflight.fRP9FS/DerivedData/Build/Intermediates.noindex/Condisco.build/Debug-iphonesimulator/CondiscoUITests.build/Objects-normal/arm64/CondiscoUITests-OutputFileMap.json -save-temps -no-color-diagnostics -explicit-module-build -module-cache-path /var/folders/3w/91hphlzs0rv_1twbkfyhvn6m0000gn/T/condisco-preflight.fRP9FS/DerivedData/Build/Intermediates.noindex/SwiftExplicitPrecompiledModules -clang-scanner-module-cache-path /var/folders/3w/91hphlzs0rv_1twbkfyhvn6m0000gn/T/condisco-preflight.fRP9FS/DerivedData/ModuleCache.noindex -sdk-module-cache-path /var/folders/3w/91hphlzs0rv_1twbkfyhvn6m0000gn/T/condisco-preflight.fRP9FS/DerivedData/SDKExplicitPrecompiledModules -emit-dependencies -emit-module -emit-module-path /var/folders/3w/91hphlzs0rv_1twbkfyhvn6m0000gn/T/condisco-preflight.fRP9FS/DerivedData/Build/Intermediates.noindex/Condisco.build/Debug-iphonesimulator/CondiscoUITests.build/Objects-normal/arm64/CondiscoUITests.swiftmodule -serialize-diagnostics -dependency-scan-serialize-diagnostics-path /var/folders/3w/91hphlzs0rv_1twbkfyhvn6m0000gn/T/condisco-preflight.fRP9FS/DerivedData/Build/Intermediates.noindex/Condisco.build/Debug-iphonesimulator/CondiscoUITests.build/Objects-normal/arm64/CondiscoUITests-dependency-scan.dia -validate-clang-modules-once -clang-build-session-file /var/folders/3w/91hphlzs0rv_1twbkfyhvn6m0000gn/T/condisco-preflight.fRP9FS/DerivedData/ModuleCache.noindex/Session.modulevalidation -Xcc -fmodules-prune-interval\=86400 -Xcc -fmodules-prune-after\=345600 -emit-const-values -const-gather-protocols-list /var/folders/3w/91hphlzs0rv_1twbkfyhvn6m0000gn/T/condisco-preflight.fRP9FS/DerivedData/Build/Intermediates.noindex/Condisco.build/Debug-iphonesimulator/CondiscoUITests.build/Objects-normal/arm64/CondiscoUITests_const_extract_protocols.json -Xcc -iquote -Xcc /var/folders/3w/91hphlzs0rv_1twbkfyhvn6m0000gn/T/condisco-preflight.fRP9FS/DerivedData/Build/Intermediates.noindex/Condisco.build/Debug-iphonesimulator/CondiscoUITests.build/CondiscoUITests-generated-files.hmap -Xcc -I/var/folders/3w/91hphlzs0rv_1twbkfyhvn6m0000gn/T/condisco-preflight.fRP9FS/DerivedData/Build/Intermediates.noindex/Condisco.build/Debug-iphonesimulator/CondiscoUITests.build/CondiscoUITests-own-target-headers.hmap -Xcc -I/var/folders/3w/91hphlzs0rv_1twbkfyhvn6m0000gn/T/condisco-preflight.fRP9FS/DerivedData/Build/Intermediates.noindex/Condisco.build/Debug-iphonesimulator/CondiscoUITests.build/CondiscoUITests-all-target-headers.hmap -Xcc -iquote -Xcc /var/folders/3w/91hphlzs0rv_1twbkfyhvn6m0000gn/T/condisco-preflight.fRP9FS/DerivedData/Build/Intermediates.noindex/Condisco.build/Debug-iphonesimulator/CondiscoUITests.build/CondiscoUITests-project-headers.hmap -Xcc -I/var/folders/3w/91hphlzs0rv_1twbkfyhvn6m0000gn/T/condisco-preflight.fRP9FS/DerivedData/Build/Products/Debug-iphonesimulator/include -Xcc -I/var/folders/3w/91hphlzs0rv_1twbkfyhvn6m0000gn/T/condisco-preflight.fRP9FS/DerivedData/Build/Intermediates.noindex/Condisco.build/Debug-iphonesimulator/CondiscoUITests.build/DerivedSources-normal/arm64 -Xcc -I/var/folders/3w/91hphlzs0rv_1twbkfyhvn6m0000gn/T/condisco-preflight.fRP9FS/DerivedData/Build/Intermediates.noindex/Condisco.build/Debug-iphonesimulator/CondiscoUITests.build/DerivedSources/arm64 -Xcc -I/var/folders/3w/91hphlzs0rv_1twbkfyhvn6m0000gn/T/condisco-preflight.fRP9FS/DerivedData/Build/Intermediates.noindex/Condisco.build/Debug-iphonesimulator/CondiscoUITests.build/DerivedSources -Xcc -DDEBUG\=1 -emit-objc-header -emit-objc-header-path /var/folders/3w/91hphlzs0rv_1twbkfyhvn6m0000gn/T/condisco-preflight.fRP9FS/DerivedData/Build/Intermediates.noindex/Condisco.build/Debug-iphonesimulator/CondiscoUITests.build/Objects-normal/arm64/CondiscoUITests-Swift.h -working-directory /Users/spkoehl/Projects/VerbaLibera -experimental-emit-module-separately -disable-cmo

SwiftCompile normal arm64 Compiling\ AccessibilitySweepUITests.swift /Users/spkoehl/Projects/VerbaLibera/Condisco/UITests/AccessibilitySweepUITests.swift (in target 'CondiscoUITests' from project 'Condisco')

SwiftCompile normal arm64 /Users/spkoehl/Projects/VerbaLibera/Condisco/UITests/AccessibilitySweepUITests.swift (in target 'CondiscoUITests' from project 'Condisco')
    cd /Users/spkoehl/Projects/VerbaLibera
    builtin-SwiftPerFileCompile AccessibilitySweepUITests.swift

SwiftDriverJobDiscovery normal arm64 Compiling LearningStore.swift, PackLoader.swift, AnswerEngine.swift, ActivityEvaluation.swift, LessonSession.swift, CoursesView.swift, FamilyLayouts.swift, ActivityViews.swift, TextInputViews.swift, InteractiveViews.swift (in target 'Condisco' from project 'Condisco')

SwiftMergeGeneratedHeaders /var/folders/3w/91hphlzs0rv_1twbkfyhvn6m0000gn/T/condisco-preflight.fRP9FS/DerivedData/Build/Intermediates.noindex/Condisco.build/Debug-iphonesimulator/CondiscoUITests.build/DerivedSources/CondiscoUITests-Swift.h /var/folders/3w/91hphlzs0rv_1twbkfyhvn6m0000gn/T/condisco-preflight.fRP9FS/DerivedData/Build/Intermediates.noindex/Condisco.build/Debug-iphonesimulator/CondiscoUITests.build/Objects-normal/arm64/CondiscoUITests-Swift.h (in target 'CondiscoUITests' from project 'Condisco')
    cd /Users/spkoehl/Projects/VerbaLibera
    builtin-swiftHeaderTool -arch arm64 /var/folders/3w/91hphlzs0rv_1twbkfyhvn6m0000gn/T/condisco-preflight.fRP9FS/DerivedData/Build/Intermediates.noindex/Condisco.build/Debug-iphonesimulator/CondiscoUITests.build/Objects-normal/arm64/CondiscoUITests-Swift.h -o /var/folders/3w/91hphlzs0rv_1twbkfyhvn6m0000gn/T/condisco-preflight.fRP9FS/DerivedData/Build/Intermediates.noindex/Condisco.build/Debug-iphonesimulator/CondiscoUITests.build/DerivedSources/CondiscoUITests-Swift.h

SwiftDriverJobDiscovery normal arm64 Compiling AppleSignIn.swift, CloudKitSync.swift, YouModel.swift, YouView.swift, Support.swift, PhraseCard.swift, ShadowMode.swift, Phrasebook.swift, Glossary.swift (in target 'Condisco' from project 'Condisco')

Copy /var/folders/3w/91hphlzs0rv_1twbkfyhvn6m0000gn/T/condisco-preflight.fRP9FS/DerivedData/Build/Products/Debug-iphonesimulator/CondiscoUITests.swiftmodule/arm64-apple-ios-simulator.swiftmodule /var/folders/3w/91hphlzs0rv_1twbkfyhvn6m0000gn/T/condisco-preflight.fRP9FS/DerivedData/Build/Intermediates.noindex/Condisco.build/Debug-iphonesimulator/CondiscoUITests.build/Objects-normal/arm64/CondiscoUITests.swiftmodule (in target 'CondiscoUITests' from project 'Condisco')
    cd /Users/spkoehl/Projects/VerbaLibera
    builtin-copy -exclude .DS_Store -exclude CVS -exclude .svn -exclude .git -exclude .hg -resolve-src-symlinks -rename /var/folders/3w/91hphlzs0rv_1twbkfyhvn6m0000gn/T/condisco-preflight.fRP9FS/DerivedData/Build/Intermediates.noindex/Condisco.build/Debug-iphonesimulator/CondiscoUITests.build/Objects-normal/arm64/CondiscoUITests.swiftmodule /var/folders/3w/91hphlzs0rv_1twbkfyhvn6m0000gn/T/condisco-preflight.fRP9FS/DerivedData/Build/Products/Debug-iphonesimulator/CondiscoUITests.swiftmodule/arm64-apple-ios-simulator.swiftmodule

Copy /var/folders/3w/91hphlzs0rv_1twbkfyhvn6m0000gn/T/condisco-preflight.fRP9FS/DerivedData/Build/Products/Debug-iphonesimulator/CondiscoUITests.swiftmodule/arm64-apple-ios-simulator.swiftdoc /var/folders/3w/91hphlzs0rv_1twbkfyhvn6m0000gn/T/condisco-preflight.fRP9FS/DerivedData/Build/Intermediates.noindex/Condisco.build/Debug-iphonesimulator/CondiscoUITests.build/Objects-normal/arm64/CondiscoUITests.swiftdoc (in target 'CondiscoUITests' from project 'Condisco')
    cd /Users/spkoehl/Projects/VerbaLibera
    builtin-copy -exclude .DS_Store -exclude CVS -exclude .svn -exclude .git -exclude .hg -resolve-src-symlinks -rename /var/folders/3w/91hphlzs0rv_1twbkfyhvn6m0000gn/T/condisco-preflight.fRP9FS/DerivedData/Build/Intermediates.noindex/Condisco.build/Debug-iphonesimulator/CondiscoUITests.build/Objects-normal/arm64/CondiscoUITests.swiftdoc /var/folders/3w/91hphlzs0rv_1twbkfyhvn6m0000gn/T/condisco-preflight.fRP9FS/DerivedData/Build/Products/Debug-iphonesimulator/CondiscoUITests.swiftmodule/arm64-apple-ios-simulator.swiftdoc

Copy /var/folders/3w/91hphlzs0rv_1twbkfyhvn6m0000gn/T/condisco-preflight.fRP9FS/DerivedData/Build/Products/Debug-iphonesimulator/CondiscoUITests.swiftmodule/arm64-apple-ios-simulator.abi.json /var/folders/3w/91hphlzs0rv_1twbkfyhvn6m0000gn/T/condisco-preflight.fRP9FS/DerivedData/Build/Intermediates.noindex/Condisco.build/Debug-iphonesimulator/CondiscoUITests.build/Objects-normal/arm64/CondiscoUITests.abi.json (in target 'CondiscoUITests' from project 'Condisco')
    cd /Users/spkoehl/Projects/VerbaLibera
    builtin-copy -exclude .DS_Store -exclude CVS -exclude .svn -exclude .git -exclude .hg -resolve-src-symlinks -rename /var/folders/3w/91hphlzs0rv_1twbkfyhvn6m0000gn/T/condisco-preflight.fRP9FS/DerivedData/Build/Intermediates.noindex/Condisco.build/Debug-iphonesimulator/CondiscoUITests.build/Objects-normal/arm64/CondiscoUITests.abi.json /var/folders/3w/91hphlzs0rv_1twbkfyhvn6m0000gn/T/condisco-preflight.fRP9FS/DerivedData/Build/Products/Debug-iphonesimulator/CondiscoUITests.swiftmodule/arm64-apple-ios-simulator.abi.json

Copy /var/folders/3w/91hphlzs0rv_1twbkfyhvn6m0000gn/T/condisco-preflight.fRP9FS/DerivedData/Build/Products/Debug-iphonesimulator/CondiscoUITests.swiftmodule/Project/arm64-apple-ios-simulator.swiftsourceinfo /var/folders/3w/91hphlzs0rv_1twbkfyhvn6m0000gn/T/condisco-preflight.fRP9FS/DerivedData/Build/Intermediates.noindex/Condisco.build/Debug-iphonesimulator/CondiscoUITests.build/Objects-normal/arm64/CondiscoUITests.swiftsourceinfo (in target 'CondiscoUITests' from project 'Condisco')
    cd /Users/spkoehl/Projects/VerbaLibera
    builtin-copy -exclude .DS_Store -exclude CVS -exclude .svn -exclude .git -exclude .hg -resolve-src-symlinks -rename /var/folders/3w/91hphlzs0rv_1twbkfyhvn6m0000gn/T/condisco-preflight.fRP9FS/DerivedData/Build/Intermediates.noindex/Condisco.build/Debug-iphonesimulator/CondiscoUITests.build/Objects-normal/arm64/CondiscoUITests.swiftsourceinfo /var/folders/3w/91hphlzs0rv_1twbkfyhvn6m0000gn/T/condisco-preflight.fRP9FS/DerivedData/Build/Products/Debug-iphonesimulator/CondiscoUITests.swiftmodule/Project/arm64-apple-ios-simulator.swiftsourceinfo

SwiftCompile normal arm64 Compiling\ FirstRunUITests.swift /Users/spkoehl/Projects/VerbaLibera/Condisco/UITests/FirstRunUITests.swift (in target 'CondiscoUITests' from project 'Condisco')

SwiftCompile normal arm64 /Users/spkoehl/Projects/VerbaLibera/Condisco/UITests/FirstRunUITests.swift (in target 'CondiscoUITests' from project 'Condisco')
    cd /Users/spkoehl/Projects/VerbaLibera
    builtin-SwiftPerFileCompile FirstRunUITests.swift

SwiftDriverJobDiscovery normal arm64 Compiling ListenView.swift, ReviewModels.swift, ReviewView.swift, ReviewReminders.swift, FlashcardsView.swift, AnkiExport.swift, HandsFreeReview.swift, A11ySettings.swift, EmptyStateArt.swift (in target 'Condisco' from project 'Condisco')

SwiftCompile normal arm64 Compiling\ PackGermanTests.swift /Users/spkoehl/Projects/VerbaLibera/Condisco/Tests/PackGermanTests.swift (in target 'CondiscoTests' from project 'Condisco')

SwiftCompile normal arm64 /Users/spkoehl/Projects/VerbaLibera/Condisco/Tests/PackGermanTests.swift (in target 'CondiscoTests' from project 'Condisco')
    cd /Users/spkoehl/Projects/VerbaLibera
    builtin-SwiftPerFileCompile PackGermanTests.swift

SwiftCompile normal arm64 Compiling\ PackPortugueseTests.swift /Users/spkoehl/Projects/VerbaLibera/Condisco/Tests/PackPortugueseTests.swift (in target 'CondiscoTests' from project 'Condisco')
/Users/spkoehl/Projects/VerbaLibera/Condisco/Tests/PackPortugueseTests.swift:443:13: warning: variable 'act' was never mutated; consider changing to 'let' constant [#VariableNeverMutated]
 441 |             "hotel phrase strip must carry the European form: \(pairs.map(\.target))")
 442 | 
 443 |         var act = try activity("pt-hotel-mission-act-3", in: pack)
     |             `- warning: variable 'act' was never mutated; consider changing to 'let' constant [#VariableNeverMutated]
 444 |         guard case .ordering(let spec) = act else {
 445 |             throw XCTSkip("expected ordering for pt-hotel-mission-act-3")

[#VariableNeverMutated]: <https://docs.swift.org/compiler/documentation/diagnostics/variable-never-mutated>

SwiftCompile normal arm64 /Users/spkoehl/Projects/VerbaLibera/Condisco/Tests/PackPortugueseTests.swift (in target 'CondiscoTests' from project 'Condisco')
    cd /Users/spkoehl/Projects/VerbaLibera
    builtin-SwiftPerFileCompile PackPortugueseTests.swift

SwiftDriverJobDiscovery normal arm64 Compiling AccessibilitySweepUITests.swift (in target 'CondiscoUITests' from project 'Condisco')

SwiftCompile normal arm64 Compiling\ PackSpanishTests.swift /Users/spkoehl/Projects/VerbaLibera/Condisco/Tests/PackSpanishTests.swift (in target 'CondiscoTests' from project 'Condisco')

SwiftCompile normal arm64 /Users/spkoehl/Projects/VerbaLibera/Condisco/Tests/PackSpanishTests.swift (in target 'CondiscoTests' from project 'Condisco')
    cd /Users/spkoehl/Projects/VerbaLibera
    builtin-SwiftPerFileCompile PackSpanishTests.swift

SwiftDriverJobDiscovery normal arm64 Compiling FirstRunUITests.swift (in target 'CondiscoUITests' from project 'Condisco')

SwiftDriver\ Compilation CondiscoUITests normal arm64 com.apple.xcode.tools.swift.compiler (in target 'CondiscoUITests' from project 'Condisco')
    cd /Users/spkoehl/Projects/VerbaLibera
    builtin-Swift-Compilation -- /Applications/Xcode.app/Contents/Developer/Toolchains/XcodeDefault.xctoolchain/usr/bin/swiftc -module-name CondiscoUITests -Onone @/var/folders/3w/91hphlzs0rv_1twbkfyhvn6m0000gn/T/condisco-preflight.fRP9FS/DerivedData/Build/Intermediates.noindex/Condisco.build/Debug-iphonesimulator/CondiscoUITests.build/Objects-normal/arm64/CondiscoUITests.SwiftFileList -DDEBUG -module-alias Testing\=_Testing_Unavailable -plugin-path /Applications/Xcode.app/Contents/Developer/Toolchains/XcodeDefault.xctoolchain/usr/lib/swift/host/plugins/testing -enable-bare-slash-regex -enable-experimental-feature DebugDescriptionMacro -sdk /Applications/Xcode.app/Contents/Developer/Platforms/iPhoneSimulator.platform/Developer/SDKs/iPhoneSimulator27.0.sdk -target arm64-apple-ios17.0-simulator -g -module-cache-path /var/folders/3w/91hphlzs0rv_1twbkfyhvn6m0000gn/T/condisco-preflight.fRP9FS/DerivedData/ModuleCache.noindex -Xfrontend -serialize-debugging-options -enable-testing -index-store-path /var/folders/3w/91hphlzs0rv_1twbkfyhvn6m0000gn/T/condisco-preflight.fRP9FS/DerivedData/Index.noindex/DataStore -Xcc -D_LIBCPP_HARDENING_MODE\=_LIBCPP_HARDENING_MODE_DEBUG -swift-version 5 -I /var/folders/3w/91hphlzs0rv_1twbkfyhvn6m0000gn/T/condisco-preflight.fRP9FS/DerivedData/Build/Products/Debug-iphonesimulator -Isystem /Applications/Xcode.app/Contents/Developer/Platforms/iPhoneSimulator.platform/Developer/usr/lib -F /var/folders/3w/91hphlzs0rv_1twbkfyhvn6m0000gn/T/condisco-preflight.fRP9FS/DerivedData/Build/Products/Debug-iphonesimulator -F /Applications/Xcode.app/Contents/Developer/Platforms/iPhoneSimulator.platform/Developer/Library/Frameworks -F /Applications/Xcode.app/Contents/Developer/Platforms/iPhoneSimulator.platform/Developer/SDKs/iPhoneSimulator27.0.sdk/Developer/Library/Frameworks -emit-localized-strings -emit-localized-strings-path /var/folders/3w/91hphlzs0rv_1twbkfyhvn6m0000gn/T/condisco-preflight.fRP9FS/DerivedData/Build/Intermediates.noindex/Condisco.build/Debug-iphonesimulator/CondiscoUITests.build/Objects-normal/arm64 -c -j6 -enable-batch-mode -incremental -Xcc -ivfsstatcache -Xcc /var/folders/3w/91hphlzs0rv_1twbkfyhvn6m0000gn/T/condisco-preflight.fRP9FS/DerivedData/SDKStatCaches.noindex/iphonesimulator27.0-24A430-8dc58220667be655e1bcc261a7455254.sdkstatcache -output-file-map /var/folders/3w/91hphlzs0rv_1twbkfyhvn6m0000gn/T/condisco-preflight.fRP9FS/DerivedData/Build/Intermediates.noindex/Condisco.build/Debug-iphonesimulator/CondiscoUITests.build/Objects-normal/arm64/CondiscoUITests-OutputFileMap.json -save-temps -no-color-diagnostics -explicit-module-build -module-cache-path /var/folders/3w/91hphlzs0rv_1twbkfyhvn6m0000gn/T/condisco-preflight.fRP9FS/DerivedData/Build/Intermediates.noindex/SwiftExplicitPrecompiledModules -clang-scanner-module-cache-path /var/folders/3w/91hphlzs0rv_1twbkfyhvn6m0000gn/T/condisco-preflight.fRP9FS/DerivedData/ModuleCache.noindex -sdk-module-cache-path /var/folders/3w/91hphlzs0rv_1twbkfyhvn6m0000gn/T/condisco-preflight.fRP9FS/DerivedData/SDKExplicitPrecompiledModules -emit-dependencies -emit-module -emit-module-path /var/folders/3w/91hphlzs0rv_1twbkfyhvn6m0000gn/T/condisco-preflight.fRP9FS/DerivedData/Build/Intermediates.noindex/Condisco.build/Debug-iphonesimulator/CondiscoUITests.build/Objects-normal/arm64/CondiscoUITests.swiftmodule -serialize-diagnostics -dependency-scan-serialize-diagnostics-path /var/folders/3w/91hphlzs0rv_1twbkfyhvn6m0000gn/T/condisco-preflight.fRP9FS/DerivedData/Build/Intermediates.noindex/Condisco.build/Debug-iphonesimulator/CondiscoUITests.build/Objects-normal/arm64/CondiscoUITests-dependency-scan.dia -validate-clang-modules-once -clang-build-session-file /var/folders/3w/91hphlzs0rv_1twbkfyhvn6m0000gn/T/condisco-preflight.fRP9FS/DerivedData/ModuleCache.noindex/Session.modulevalidation -Xcc -fmodules-prune-interval\=86400 -Xcc -fmodules-prune-after\=345600 -emit-const-values -const-gather-protocols-list /var/folders/3w/91hphlzs0rv_1twbkfyhvn6m0000gn/T/condisco-preflight.fRP9FS/DerivedData/Build/Intermediates.noindex/Condisco.build/Debug-iphonesimulator/CondiscoUITests.build/Objects-normal/arm64/CondiscoUITests_const_extract_protocols.json -Xcc -iquote -Xcc /var/folders/3w/91hphlzs0rv_1twbkfyhvn6m0000gn/T/condisco-preflight.fRP9FS/DerivedData/Build/Intermediates.noindex/Condisco.build/Debug-iphonesimulator/CondiscoUITests.build/CondiscoUITests-generated-files.hmap -Xcc -I/var/folders/3w/91hphlzs0rv_1twbkfyhvn6m0000gn/T/condisco-preflight.fRP9FS/DerivedData/Build/Intermediates.noindex/Condisco.build/Debug-iphonesimulator/CondiscoUITests.build/CondiscoUITests-own-target-headers.hmap -Xcc -I/var/folders/3w/91hphlzs0rv_1twbkfyhvn6m0000gn/T/condisco-preflight.fRP9FS/DerivedData/Build/Intermediates.noindex/Condisco.build/Debug-iphonesimulator/CondiscoUITests.build/CondiscoUITests-all-target-headers.hmap -Xcc -iquote -Xcc /var/folders/3w/91hphlzs0rv_1twbkfyhvn6m0000gn/T/condisco-preflight.fRP9FS/DerivedData/Build/Intermediates.noindex/Condisco.build/Debug-iphonesimulator/CondiscoUITests.build/CondiscoUITests-project-headers.hmap -Xcc -I/var/folders/3w/91hphlzs0rv_1twbkfyhvn6m0000gn/T/condisco-preflight.fRP9FS/DerivedData/Build/Products/Debug-iphonesimulator/include -Xcc -I/var/folders/3w/91hphlzs0rv_1twbkfyhvn6m0000gn/T/condisco-preflight.fRP9FS/DerivedData/Build/Intermediates.noindex/Condisco.build/Debug-iphonesimulator/CondiscoUITests.build/DerivedSources-normal/arm64 -Xcc -I/var/folders/3w/91hphlzs0rv_1twbkfyhvn6m0000gn/T/condisco-preflight.fRP9FS/DerivedData/Build/Intermediates.noindex/Condisco.build/Debug-iphonesimulator/CondiscoUITests.build/DerivedSources/arm64 -Xcc -I/var/folders/3w/91hphlzs0rv_1twbkfyhvn6m0000gn/T/condisco-preflight.fRP9FS/DerivedData/Build/Intermediates.noindex/Condisco.build/Debug-iphonesimulator/CondiscoUITests.build/DerivedSources -Xcc -DDEBUG\=1 -emit-objc-header -emit-objc-header-path /var/folders/3w/91hphlzs0rv_1twbkfyhvn6m0000gn/T/condisco-preflight.fRP9FS/DerivedData/Build/Intermediates.noindex/Condisco.build/Debug-iphonesimulator/CondiscoUITests.build/Objects-normal/arm64/CondiscoUITests-Swift.h -working-directory /Users/spkoehl/Projects/VerbaLibera -experimental-emit-module-separately -disable-cmo

SwiftDriverJobDiscovery normal arm64 Emitting module for CondiscoTests (in target 'CondiscoTests' from project 'Condisco')

SwiftDriver\ Compilation\ Requirements CondiscoTests normal arm64 com.apple.xcode.tools.swift.compiler (in target 'CondiscoTests' from project 'Condisco')
    cd /Users/spkoehl/Projects/VerbaLibera
    builtin-Swift-Compilation-Requirements -- /Applications/Xcode.app/Contents/Developer/Toolchains/XcodeDefault.xctoolchain/usr/bin/swiftc -module-name CondiscoTests -Onone @/var/folders/3w/91hphlzs0rv_1twbkfyhvn6m0000gn/T/condisco-preflight.fRP9FS/DerivedData/Build/Intermediates.noindex/Condisco.build/Debug-iphonesimulator/CondiscoTests.build/Objects-normal/arm64/CondiscoTests.SwiftFileList -DDEBUG -plugin-path /Applications/Xcode.app/Contents/Developer/Toolchains/XcodeDefault.xctoolchain/usr/lib/swift/host/plugins/testing -enable-bare-slash-regex -enable-experimental-feature DebugDescriptionMacro -sdk /Applications/Xcode.app/Contents/Developer/Platforms/iPhoneSimulator.platform/Developer/SDKs/iPhoneSimulator27.0.sdk -target arm64-apple-ios17.0-simulator -g -module-cache-path /var/folders/3w/91hphlzs0rv_1twbkfyhvn6m0000gn/T/condisco-preflight.fRP9FS/DerivedData/ModuleCache.noindex -Xfrontend -serialize-debugging-options -enable-testing -index-store-path /var/folders/3w/91hphlzs0rv_1twbkfyhvn6m0000gn/T/condisco-preflight.fRP9FS/DerivedData/Index.noindex/DataStore -Xcc -D_LIBCPP_HARDENING_MODE\=_LIBCPP_HARDENING_MODE_DEBUG -swift-version 5 -I /var/folders/3w/91hphlzs0rv_1twbkfyhvn6m0000gn/T/condisco-preflight.fRP9FS/DerivedData/Build/Products/Debug-iphonesimulator -Isystem /Applications/Xcode.app/Contents/Developer/Platforms/iPhoneSimulator.platform/Developer/usr/lib -F /var/folders/3w/91hphlzs0rv_1twbkfyhvn6m0000gn/T/condisco-preflight.fRP9FS/DerivedData/Build/Products/Debug-iphonesimulator -F /Applications/Xcode.app/Contents/Developer/Platforms/iPhoneSimulator.platform/Developer/Library/Frameworks -F /Applications/Xcode.app/Contents/Developer/Platforms/iPhoneSimulator.platform/Developer/SDKs/iPhoneSimulator27.0.sdk/Developer/Library/Frameworks -emit-localized-strings -emit-localized-strings-path /var/folders/3w/91hphlzs0rv_1twbkfyhvn6m0000gn/T/condisco-preflight.fRP9FS/DerivedData/Build/Intermediates.noindex/Condisco.build/Debug-iphonesimulator/CondiscoTests.build/Objects-normal/arm64 -c -j6 -enable-batch-mode -incremental -Xcc -ivfsstatcache -Xcc /var/folders/3w/91hphlzs0rv_1twbkfyhvn6m0000gn/T/condisco-preflight.fRP9FS/DerivedData/SDKStatCaches.noindex/iphonesimulator27.0-24A430-8dc58220667be655e1bcc261a7455254.sdkstatcache -output-file-map /var/folders/3w/91hphlzs0rv_1twbkfyhvn6m0000gn/T/condisco-preflight.fRP9FS/DerivedData/Build/Intermediates.noindex/Condisco.build/Debug-iphonesimulator/CondiscoTests.build/Objects-normal/arm64/CondiscoTests-OutputFileMap.json -save-temps -no-color-diagnostics -explicit-module-build -module-cache-path /var/folders/3w/91hphlzs0rv_1twbkfyhvn6m0000gn/T/condisco-preflight.fRP9FS/DerivedData/Build/Intermediates.noindex/SwiftExplicitPrecompiledModules -clang-scanner-module-cache-path /var/folders/3w/91hphlzs0rv_1twbkfyhvn6m0000gn/T/condisco-preflight.fRP9FS/DerivedData/ModuleCache.noindex -sdk-module-cache-path /var/folders/3w/91hphlzs0rv_1twbkfyhvn6m0000gn/T/condisco-preflight.fRP9FS/DerivedData/SDKExplicitPrecompiledModules -emit-dependencies -emit-module -emit-module-path /var/folders/3w/91hphlzs0rv_1twbkfyhvn6m0000gn/T/condisco-preflight.fRP9FS/DerivedData/Build/Intermediates.noindex/Condisco.build/Debug-iphonesimulator/CondiscoTests.build/Objects-normal/arm64/CondiscoTests.swiftmodule -serialize-diagnostics -dependency-scan-serialize-diagnostics-path /var/folders/3w/91hphlzs0rv_1twbkfyhvn6m0000gn/T/condisco-preflight.fRP9FS/DerivedData/Build/Intermediates.noindex/Condisco.build/Debug-iphonesimulator/CondiscoTests.build/Objects-normal/arm64/CondiscoTests-dependency-scan.dia -validate-clang-modules-once -clang-build-session-file /var/folders/3w/91hphlzs0rv_1twbkfyhvn6m0000gn/T/condisco-preflight.fRP9FS/DerivedData/ModuleCache.noindex/Session.modulevalidation -Xcc -fmodules-prune-interval\=86400 -Xcc -fmodules-prune-after\=345600 -emit-const-values -const-gather-protocols-list /var/folders/3w/91hphlzs0rv_1twbkfyhvn6m0000gn/T/condisco-preflight.fRP9FS/DerivedData/Build/Intermediates.noindex/Condisco.build/Debug-iphonesimulator/CondiscoTests.build/Objects-normal/arm64/CondiscoTests_const_extract_protocols.json -Xcc -iquote -Xcc /var/folders/3w/91hphlzs0rv_1twbkfyhvn6m0000gn/T/condisco-preflight.fRP9FS/DerivedData/Build/Intermediates.noindex/Condisco.build/Debug-iphonesimulator/CondiscoTests.build/CondiscoTests-generated-files.hmap -Xcc -I/var/folders/3w/91hphlzs0rv_1twbkfyhvn6m0000gn/T/condisco-preflight.fRP9FS/DerivedData/Build/Intermediates.noindex/Condisco.build/Debug-iphonesimulator/CondiscoTests.build/CondiscoTests-own-target-headers.hmap -Xcc -I/var/folders/3w/91hphlzs0rv_1twbkfyhvn6m0000gn/T/condisco-preflight.fRP9FS/DerivedData/Build/Intermediates.noindex/Condisco.build/Debug-iphonesimulator/CondiscoTests.build/CondiscoTests-all-target-headers.hmap -Xcc -iquote -Xcc /var/folders/3w/91hphlzs0rv_1twbkfyhvn6m0000gn/T/condisco-preflight.fRP9FS/DerivedData/Build/Intermediates.noindex/Condisco.build/Debug-iphonesimulator/CondiscoTests.build/CondiscoTests-project-headers.hmap -Xcc -I/var/folders/3w/91hphlzs0rv_1twbkfyhvn6m0000gn/T/condisco-preflight.fRP9FS/DerivedData/Build/Products/Debug-iphonesimulator/include -Xcc -I/var/folders/3w/91hphlzs0rv_1twbkfyhvn6m0000gn/T/condisco-preflight.fRP9FS/DerivedData/Build/Intermediates.noindex/Condisco.build/Debug-iphonesimulator/CondiscoTests.build/DerivedSources-normal/arm64 -Xcc -I/var/folders/3w/91hphlzs0rv_1twbkfyhvn6m0000gn/T/condisco-preflight.fRP9FS/DerivedData/Build/Intermediates.noindex/Condisco.build/Debug-iphonesimulator/CondiscoTests.build/DerivedSources/arm64 -Xcc -I/var/folders/3w/91hphlzs0rv_1twbkfyhvn6m0000gn/T/condisco-preflight.fRP9FS/DerivedData/Build/Intermediates.noindex/Condisco.build/Debug-iphonesimulator/CondiscoTests.build/DerivedSources -Xcc -DDEBUG\=1 -emit-objc-header -emit-objc-header-path /var/folders/3w/91hphlzs0rv_1twbkfyhvn6m0000gn/T/condisco-preflight.fRP9FS/DerivedData/Build/Intermediates.noindex/Condisco.build/Debug-iphonesimulator/CondiscoTests.build/Objects-normal/arm64/CondiscoTests-Swift.h -working-directory /Users/spkoehl/Projects/VerbaLibera -experimental-emit-module-separately -disable-cmo

SwiftCompile normal arm64 Compiling\ PlacementTests.swift,\ EngineTests.swift /Users/spkoehl/Projects/VerbaLibera/Condisco/Tests/PlacementTests.swift /Users/spkoehl/Projects/VerbaLibera/Condisco/Tests/EngineTests.swift (in target 'CondiscoTests' from project 'Condisco')

SwiftCompile normal arm64 /Users/spkoehl/Projects/VerbaLibera/Condisco/Tests/PlacementTests.swift (in target 'CondiscoTests' from project 'Condisco')
    cd /Users/spkoehl/Projects/VerbaLibera
    builtin-SwiftPerFileCompile PlacementTests.swift

SwiftCompile normal arm64 /Users/spkoehl/Projects/VerbaLibera/Condisco/Tests/EngineTests.swift (in target 'CondiscoTests' from project 'Condisco')
    cd /Users/spkoehl/Projects/VerbaLibera
    builtin-SwiftPerFileCompile EngineTests.swift

SwiftMergeGeneratedHeaders /var/folders/3w/91hphlzs0rv_1twbkfyhvn6m0000gn/T/condisco-preflight.fRP9FS/DerivedData/Build/Intermediates.noindex/Condisco.build/Debug-iphonesimulator/CondiscoTests.build/DerivedSources/CondiscoTests-Swift.h /var/folders/3w/91hphlzs0rv_1twbkfyhvn6m0000gn/T/condisco-preflight.fRP9FS/DerivedData/Build/Intermediates.noindex/Condisco.build/Debug-iphonesimulator/CondiscoTests.build/Objects-normal/arm64/CondiscoTests-Swift.h (in target 'CondiscoTests' from project 'Condisco')
    cd /Users/spkoehl/Projects/VerbaLibera
    builtin-swiftHeaderTool -arch arm64 /var/folders/3w/91hphlzs0rv_1twbkfyhvn6m0000gn/T/condisco-preflight.fRP9FS/DerivedData/Build/Intermediates.noindex/Condisco.build/Debug-iphonesimulator/CondiscoTests.build/Objects-normal/arm64/CondiscoTests-Swift.h -o /var/folders/3w/91hphlzs0rv_1twbkfyhvn6m0000gn/T/condisco-preflight.fRP9FS/DerivedData/Build/Intermediates.noindex/Condisco.build/Debug-iphonesimulator/CondiscoTests.build/DerivedSources/CondiscoTests-Swift.h

SwiftDriverJobDiscovery normal arm64 Compiling StimulusViews.swift, LessonPlayerView.swift, Welcome.swift, PlacementTest.swift, LessonCoachMarks.swift, VocabularyBrowser.swift, VoiceRecorder.swift, VoiceSettings.swift, ListenModels.swift (in target 'Condisco' from project 'Condisco')

Copy /var/folders/3w/91hphlzs0rv_1twbkfyhvn6m0000gn/T/condisco-preflight.fRP9FS/DerivedData/Build/Products/Debug-iphonesimulator/CondiscoTests.swiftmodule/arm64-apple-ios-simulator.swiftmodule /var/folders/3w/91hphlzs0rv_1twbkfyhvn6m0000gn/T/condisco-preflight.fRP9FS/DerivedData/Build/Intermediates.noindex/Condisco.build/Debug-iphonesimulator/CondiscoTests.build/Objects-normal/arm64/CondiscoTests.swiftmodule (in target 'CondiscoTests' from project 'Condisco')
    cd /Users/spkoehl/Projects/VerbaLibera
    builtin-copy -exclude .DS_Store -exclude CVS -exclude .svn -exclude .git -exclude .hg -resolve-src-symlinks -rename /var/folders/3w/91hphlzs0rv_1twbkfyhvn6m0000gn/T/condisco-preflight.fRP9FS/DerivedData/Build/Intermediates.noindex/Condisco.build/Debug-iphonesimulator/CondiscoTests.build/Objects-normal/arm64/CondiscoTests.swiftmodule /var/folders/3w/91hphlzs0rv_1twbkfyhvn6m0000gn/T/condisco-preflight.fRP9FS/DerivedData/Build/Products/Debug-iphonesimulator/CondiscoTests.swiftmodule/arm64-apple-ios-simulator.swiftmodule

Copy /var/folders/3w/91hphlzs0rv_1twbkfyhvn6m0000gn/T/condisco-preflight.fRP9FS/DerivedData/Build/Products/Debug-iphonesimulator/CondiscoTests.swiftmodule/arm64-apple-ios-simulator.swiftdoc /var/folders/3w/91hphlzs0rv_1twbkfyhvn6m0000gn/T/condisco-preflight.fRP9FS/DerivedData/Build/Intermediates.noindex/Condisco.build/Debug-iphonesimulator/CondiscoTests.build/Objects-normal/arm64/CondiscoTests.swiftdoc (in target 'CondiscoTests' from project 'Condisco')
    cd /Users/spkoehl/Projects/VerbaLibera
    builtin-copy -exclude .DS_Store -exclude CVS -exclude .svn -exclude .git -exclude .hg -resolve-src-symlinks -rename /var/folders/3w/91hphlzs0rv_1twbkfyhvn6m0000gn/T/condisco-preflight.fRP9FS/DerivedData/Build/Intermediates.noindex/Condisco.build/Debug-iphonesimulator/CondiscoTests.build/Objects-normal/arm64/CondiscoTests.swiftdoc /var/folders/3w/91hphlzs0rv_1twbkfyhvn6m0000gn/T/condisco-preflight.fRP9FS/DerivedData/Build/Products/Debug-iphonesimulator/CondiscoTests.swiftmodule/arm64-apple-ios-simulator.swiftdoc

Copy /var/folders/3w/91hphlzs0rv_1twbkfyhvn6m0000gn/T/condisco-preflight.fRP9FS/DerivedData/Build/Products/Debug-iphonesimulator/CondiscoTests.swiftmodule/arm64-apple-ios-simulator.abi.json /var/folders/3w/91hphlzs0rv_1twbkfyhvn6m0000gn/T/condisco-preflight.fRP9FS/DerivedData/Build/Intermediates.noindex/Condisco.build/Debug-iphonesimulator/CondiscoTests.build/Objects-normal/arm64/CondiscoTests.abi.json (in target 'CondiscoTests' from project 'Condisco')
    cd /Users/spkoehl/Projects/VerbaLibera
    builtin-copy -exclude .DS_Store -exclude CVS -exclude .svn -exclude .git -exclude .hg -resolve-src-symlinks -rename /var/folders/3w/91hphlzs0rv_1twbkfyhvn6m0000gn/T/condisco-preflight.fRP9FS/DerivedData/Build/Intermediates.noindex/Condisco.build/Debug-iphonesimulator/CondiscoTests.build/Objects-normal/arm64/CondiscoTests.abi.json /var/folders/3w/91hphlzs0rv_1twbkfyhvn6m0000gn/T/condisco-preflight.fRP9FS/DerivedData/Build/Products/Debug-iphonesimulator/CondiscoTests.swiftmodule/arm64-apple-ios-simulator.abi.json

Copy /var/folders/3w/91hphlzs0rv_1twbkfyhvn6m0000gn/T/condisco-preflight.fRP9FS/DerivedData/Build/Products/Debug-iphonesimulator/CondiscoTests.swiftmodule/Project/arm64-apple-ios-simulator.swiftsourceinfo /var/folders/3w/91hphlzs0rv_1twbkfyhvn6m0000gn/T/condisco-preflight.fRP9FS/DerivedData/Build/Intermediates.noindex/Condisco.build/Debug-iphonesimulator/CondiscoTests.build/Objects-normal/arm64/CondiscoTests.swiftsourceinfo (in target 'CondiscoTests' from project 'Condisco')
    cd /Users/spkoehl/Projects/VerbaLibera
    builtin-copy -exclude .DS_Store -exclude CVS -exclude .svn -exclude .git -exclude .hg -resolve-src-symlinks -rename /var/folders/3w/91hphlzs0rv_1twbkfyhvn6m0000gn/T/condisco-preflight.fRP9FS/DerivedData/Build/Intermediates.noindex/Condisco.build/Debug-iphonesimulator/CondiscoTests.build/Objects-normal/arm64/CondiscoTests.swiftsourceinfo /var/folders/3w/91hphlzs0rv_1twbkfyhvn6m0000gn/T/condisco-preflight.fRP9FS/DerivedData/Build/Products/Debug-iphonesimulator/CondiscoTests.swiftmodule/Project/arm64-apple-ios-simulator.swiftsourceinfo

SwiftCompile normal arm64 Compiling\ StoreTests.swift,\ PackFrenchTests.swift /Users/spkoehl/Projects/VerbaLibera/Condisco/Tests/StoreTests.swift /Users/spkoehl/Projects/VerbaLibera/Condisco/Tests/PackFrenchTests.swift (in target 'CondiscoTests' from project 'Condisco')

SwiftCompile normal arm64 /Users/spkoehl/Projects/VerbaLibera/Condisco/Tests/StoreTests.swift (in target 'CondiscoTests' from project 'Condisco')
    cd /Users/spkoehl/Projects/VerbaLibera
    builtin-SwiftPerFileCompile StoreTests.swift

SwiftCompile normal arm64 /Users/spkoehl/Projects/VerbaLibera/Condisco/Tests/PackFrenchTests.swift (in target 'CondiscoTests' from project 'Condisco')
    cd /Users/spkoehl/Projects/VerbaLibera
    builtin-SwiftPerFileCompile PackFrenchTests.swift

SwiftDriverJobDiscovery normal arm64 Compiling PackSpanishTests.swift (in target 'CondiscoTests' from project 'Condisco')

SwiftCompile normal arm64 Compiling\ PackItalianTests.swift /Users/spkoehl/Projects/VerbaLibera/Condisco/Tests/PackItalianTests.swift (in target 'CondiscoTests' from project 'Condisco')

SwiftCompile normal arm64 /Users/spkoehl/Projects/VerbaLibera/Condisco/Tests/PackItalianTests.swift (in target 'CondiscoTests' from project 'Condisco')
    cd /Users/spkoehl/Projects/VerbaLibera
    builtin-SwiftPerFileCompile PackItalianTests.swift

SwiftDriverJobDiscovery normal arm64 Compiling PackPortugueseTests.swift (in target 'CondiscoTests' from project 'Condisco')

SwiftDriverJobDiscovery normal arm64 Compiling PackGermanTests.swift (in target 'CondiscoTests' from project 'Condisco')

SwiftDriverJobDiscovery normal arm64 Compiling PlacementTests.swift, EngineTests.swift (in target 'CondiscoTests' from project 'Condisco')

SwiftDriverJobDiscovery normal arm64 Compiling PackItalianTests.swift (in target 'CondiscoTests' from project 'Condisco')

SwiftDriverJobDiscovery normal arm64 Compiling CondiscoApp.swift, ContentView.swift, HomeView.swift, MonthView.swift, ProgressCard.swift, DesignTokens.swift, CoursePack.swift, Database.swift, Fsrs.swift, LearningEvents.swift (in target 'Condisco' from project 'Condisco')

SwiftDriver\ Compilation Condisco normal arm64 com.apple.xcode.tools.swift.compiler (in target 'Condisco' from project 'Condisco')
    cd /Users/spkoehl/Projects/VerbaLibera
    builtin-Swift-Compilation -- /Applications/Xcode.app/Contents/Developer/Toolchains/XcodeDefault.xctoolchain/usr/bin/swiftc -module-name Condisco -Onone @/var/folders/3w/91hphlzs0rv_1twbkfyhvn6m0000gn/T/condisco-preflight.fRP9FS/DerivedData/Build/Intermediates.noindex/Condisco.build/Debug-iphonesimulator/Condisco.build/Objects-normal/arm64/Condisco.SwiftFileList -DDEBUG -enable-bare-slash-regex -enable-experimental-feature DebugDescriptionMacro -sdk /Applications/Xcode.app/Contents/Developer/Platforms/iPhoneSimulator.platform/Developer/SDKs/iPhoneSimulator27.0.sdk -target arm64-apple-ios17.0-simulator -g -module-cache-path /var/folders/3w/91hphlzs0rv_1twbkfyhvn6m0000gn/T/condisco-preflight.fRP9FS/DerivedData/ModuleCache.noindex -Xfrontend -serialize-debugging-options -enable-testing -index-store-path /var/folders/3w/91hphlzs0rv_1twbkfyhvn6m0000gn/T/condisco-preflight.fRP9FS/DerivedData/Index.noindex/DataStore -Xcc -D_LIBCPP_HARDENING_MODE\=_LIBCPP_HARDENING_MODE_DEBUG -swift-version 5 -I /var/folders/3w/91hphlzs0rv_1twbkfyhvn6m0000gn/T/condisco-preflight.fRP9FS/DerivedData/Build/Products/Debug-iphonesimulator -F /var/folders/3w/91hphlzs0rv_1twbkfyhvn6m0000gn/T/condisco-preflight.fRP9FS/DerivedData/Build/Products/Debug-iphonesimulator -emit-localized-strings -emit-localized-strings-path /var/folders/3w/91hphlzs0rv_1twbkfyhvn6m0000gn/T/condisco-preflight.fRP9FS/DerivedData/Build/Intermediates.noindex/Condisco.build/Debug-iphonesimulator/Condisco.build/Objects-normal/arm64 -c -j6 -enable-batch-mode -incremental -Xcc -ivfsstatcache -Xcc /var/folders/3w/91hphlzs0rv_1twbkfyhvn6m0000gn/T/condisco-preflight.fRP9FS/DerivedData/SDKStatCaches.noindex/iphonesimulator27.0-24A430-8dc58220667be655e1bcc261a7455254.sdkstatcache -output-file-map /var/folders/3w/91hphlzs0rv_1twbkfyhvn6m0000gn/T/condisco-preflight.fRP9FS/DerivedData/Build/Intermediates.noindex/Condisco.build/Debug-iphonesimulator/Condisco.build/Objects-normal/arm64/Condisco-OutputFileMap.json -save-temps -no-color-diagnostics -explicit-module-build -module-cache-path /var/folders/3w/91hphlzs0rv_1twbkfyhvn6m0000gn/T/condisco-preflight.fRP9FS/DerivedData/Build/Intermediates.noindex/SwiftExplicitPrecompiledModules -clang-scanner-module-cache-path /var/folders/3w/91hphlzs0rv_1twbkfyhvn6m0000gn/T/condisco-preflight.fRP9FS/DerivedData/ModuleCache.noindex -sdk-module-cache-path /var/folders/3w/91hphlzs0rv_1twbkfyhvn6m0000gn/T/condisco-preflight.fRP9FS/DerivedData/SDKExplicitPrecompiledModules -emit-dependencies -emit-module -emit-module-path /var/folders/3w/91hphlzs0rv_1twbkfyhvn6m0000gn/T/condisco-preflight.fRP9FS/DerivedData/Build/Intermediates.noindex/Condisco.build/Debug-iphonesimulator/Condisco.build/Objects-normal/arm64/Condisco.swiftmodule -serialize-diagnostics -dependency-scan-serialize-diagnostics-path /var/folders/3w/91hphlzs0rv_1twbkfyhvn6m0000gn/T/condisco-preflight.fRP9FS/DerivedData/Build/Intermediates.noindex/Condisco.build/Debug-iphonesimulator/Condisco.build/Objects-normal/arm64/Condisco-dependency-scan.dia -validate-clang-modules-once -clang-build-session-file /var/folders/3w/91hphlzs0rv_1twbkfyhvn6m0000gn/T/condisco-preflight.fRP9FS/DerivedData/ModuleCache.noindex/Session.modulevalidation -Xcc -fmodules-prune-interval\=86400 -Xcc -fmodules-prune-after\=345600 -emit-const-values -const-gather-protocols-list /var/folders/3w/91hphlzs0rv_1twbkfyhvn6m0000gn/T/condisco-preflight.fRP9FS/DerivedData/Build/Intermediates.noindex/Condisco.build/Debug-iphonesimulator/Condisco.build/Objects-normal/arm64/Condisco_const_extract_protocols.json -Xcc -iquote -Xcc /var/folders/3w/91hphlzs0rv_1twbkfyhvn6m0000gn/T/condisco-preflight.fRP9FS/DerivedData/Build/Intermediates.noindex/Condisco.build/Debug-iphonesimulator/Condisco.build/Condisco-generated-files.hmap -Xcc -I/var/folders/3w/91hphlzs0rv_1twbkfyhvn6m0000gn/T/condisco-preflight.fRP9FS/DerivedData/Build/Intermediates.noindex/Condisco.build/Debug-iphonesimulator/Condisco.build/Condisco-own-target-headers.hmap -Xcc -I/var/folders/3w/91hphlzs0rv_1twbkfyhvn6m0000gn/T/condisco-preflight.fRP9FS/DerivedData/Build/Intermediates.noindex/Condisco.build/Debug-iphonesimulator/Condisco.build/Condisco-all-target-headers.hmap -Xcc -iquote -Xcc /var/folders/3w/91hphlzs0rv_1twbkfyhvn6m0000gn/T/condisco-preflight.fRP9FS/DerivedData/Build/Intermediates.noindex/Condisco.build/Debug-iphonesimulator/Condisco.build/Condisco-project-headers.hmap -Xcc -I/var/folders/3w/91hphlzs0rv_1twbkfyhvn6m0000gn/T/condisco-preflight.fRP9FS/DerivedData/Build/Products/Debug-iphonesimulator/include -Xcc -I/var/folders/3w/91hphlzs0rv_1twbkfyhvn6m0000gn/T/condisco-preflight.fRP9FS/DerivedData/Build/Intermediates.noindex/Condisco.build/Debug-iphonesimulator/Condisco.build/DerivedSources-normal/arm64 -Xcc -I/var/folders/3w/91hphlzs0rv_1twbkfyhvn6m0000gn/T/condisco-preflight.fRP9FS/DerivedData/Build/Intermediates.noindex/Condisco.build/Debug-iphonesimulator/Condisco.build/DerivedSources/arm64 -Xcc -I/var/folders/3w/91hphlzs0rv_1twbkfyhvn6m0000gn/T/condisco-preflight.fRP9FS/DerivedData/Build/Intermediates.noindex/Condisco.build/Debug-iphonesimulator/Condisco.build/DerivedSources -Xcc -DDEBUG\=1 -Xcc -DDEBUG\=1 -emit-objc-header -emit-objc-header-path /var/folders/3w/91hphlzs0rv_1twbkfyhvn6m0000gn/T/condisco-preflight.fRP9FS/DerivedData/Build/Intermediates.noindex/Condisco.build/Debug-iphonesimulator/Condisco.build/Objects-normal/arm64/Condisco-Swift.h -working-directory /Users/spkoehl/Projects/VerbaLibera -experimental-emit-module-separately -disable-cmo

Ld /var/folders/3w/91hphlzs0rv_1twbkfyhvn6m0000gn/T/condisco-preflight.fRP9FS/DerivedData/Build/Products/Debug-iphonesimulator/Condisco.app/Condisco.debug.dylib normal (in target 'Condisco' from project 'Condisco')
    cd /Users/spkoehl/Projects/VerbaLibera
    /Applications/Xcode.app/Contents/Developer/Toolchains/XcodeDefault.xctoolchain/usr/bin/clang -Xlinker -reproducible -target arm64-apple-ios17.0-simulator -dynamiclib -isysroot /Applications/Xcode.app/Contents/Developer/Platforms/iPhoneSimulator.platform/Developer/SDKs/iPhoneSimulator27.0.sdk -O0 -Xlinker -no_warn_duplicate_libraries -L/var/folders/3w/91hphlzs0rv_1twbkfyhvn6m0000gn/T/condisco-preflight.fRP9FS/DerivedData/Build/Intermediates.noindex/EagerLinkingTBDs/Debug-iphonesimulator -L/var/folders/3w/91hphlzs0rv_1twbkfyhvn6m0000gn/T/condisco-preflight.fRP9FS/DerivedData/Build/Products/Debug-iphonesimulator -F/var/folders/3w/91hphlzs0rv_1twbkfyhvn6m0000gn/T/condisco-preflight.fRP9FS/DerivedData/Build/Intermediates.noindex/EagerLinkingTBDs/Debug-iphonesimulator -F/var/folders/3w/91hphlzs0rv_1twbkfyhvn6m0000gn/T/condisco-preflight.fRP9FS/DerivedData/Build/Products/Debug-iphonesimulator -filelist /var/folders/3w/91hphlzs0rv_1twbkfyhvn6m0000gn/T/condisco-preflight.fRP9FS/DerivedData/Build/Intermediates.noindex/Condisco.build/Debug-iphonesimulator/Condisco.build/Objects-normal/arm64/Condisco.LinkFileList -install_name @rpath/Condisco.debug.dylib -Xlinker -rpath -Xlinker /usr/lib/swift -Xlinker -rpath -Xlinker @executable_path/Frameworks -Xlinker -dead_strip -Xlinker -object_path_lto -Xlinker /var/folders/3w/91hphlzs0rv_1twbkfyhvn6m0000gn/T/condisco-preflight.fRP9FS/DerivedData/Build/Intermediates.noindex/Condisco.build/Debug-iphonesimulator/Condisco.build/Objects-normal/arm64/Condisco_lto.o -rdynamic -Xlinker -no_deduplicate -Xlinker -objc_abi_version -Xlinker 2 -Xlinker -dependency_info -Xlinker /var/folders/3w/91hphlzs0rv_1twbkfyhvn6m0000gn/T/condisco-preflight.fRP9FS/DerivedData/Build/Intermediates.noindex/Condisco.build/Debug-iphonesimulator/Condisco.build/Objects-normal/arm64/Condisco_dependency_info.dat -fobjc-link-runtime -L/Applications/Xcode.app/Contents/Developer/Toolchains/XcodeDefault.xctoolchain/usr/lib/swift/iphonesimulator -L/usr/lib/swift -Xlinker -add_ast_path -Xlinker /var/folders/3w/91hphlzs0rv_1twbkfyhvn6m0000gn/T/condisco-preflight.fRP9FS/DerivedData/Build/Intermediates.noindex/Condisco.build/Debug-iphonesimulator/Condisco.build/Objects-normal/arm64/Condisco.swiftmodule -Xlinker -alias -Xlinker _main -Xlinker ___debug_main_executable_dylib_entry_point -lsqlite3 -Xlinker -no_adhoc_codesign -o /var/folders/3w/91hphlzs0rv_1twbkfyhvn6m0000gn/T/condisco-preflight.fRP9FS/DerivedData/Build/Products/Debug-iphonesimulator/Condisco.app/Condisco.debug.dylib

ConstructStubExecutorLinkFileList /var/folders/3w/91hphlzs0rv_1twbkfyhvn6m0000gn/T/condisco-preflight.fRP9FS/DerivedData/Build/Intermediates.noindex/Condisco.build/Debug-iphonesimulator/Condisco.build/Condisco-ExecutorLinkFileList-normal-arm64.txt (in target 'Condisco' from project 'Condisco')
    cd /Users/spkoehl/Projects/VerbaLibera
    construct-stub-executor-link-file-list /var/folders/3w/91hphlzs0rv_1twbkfyhvn6m0000gn/T/condisco-preflight.fRP9FS/DerivedData/Build/Products/Debug-iphonesimulator/Condisco.app/Condisco.debug.dylib /Applications/Xcode.app/Contents/Developer/Platforms/iPhoneSimulator.platform/Developer/usr/lib/libPreviewsJITStubExecutor_no_swift_entry_point.a /Applications/Xcode.app/Contents/Developer/Platforms/iPhoneSimulator.platform/Developer/usr/lib/libPreviewsJITStubExecutor.a --output /var/folders/3w/91hphlzs0rv_1twbkfyhvn6m0000gn/T/condisco-preflight.fRP9FS/DerivedData/Build/Intermediates.noindex/Condisco.build/Debug-iphonesimulator/Condisco.build/Condisco-ExecutorLinkFileList-normal-arm64.txt
note: Using stub executor library with Swift entry point. (in target 'Condisco' from project 'Condisco')

Ld /var/folders/3w/91hphlzs0rv_1twbkfyhvn6m0000gn/T/condisco-preflight.fRP9FS/DerivedData/Build/Products/Debug-iphonesimulator/Condisco.app/Condisco normal (in target 'Condisco' from project 'Condisco')
    cd /Users/spkoehl/Projects/VerbaLibera
    /Applications/Xcode.app/Contents/Developer/Toolchains/XcodeDefault.xctoolchain/usr/bin/clang -Xlinker -reproducible -target arm64-apple-ios17.0-simulator -isysroot /Applications/Xcode.app/Contents/Developer/Platforms/iPhoneSimulator.platform/Developer/SDKs/iPhoneSimulator27.0.sdk -O0 -Xlinker -no_warn_duplicate_libraries -L/var/folders/3w/91hphlzs0rv_1twbkfyhvn6m0000gn/T/condisco-preflight.fRP9FS/DerivedData/Build/Products/Debug-iphonesimulator -F/var/folders/3w/91hphlzs0rv_1twbkfyhvn6m0000gn/T/condisco-preflight.fRP9FS/DerivedData/Build/Products/Debug-iphonesimulator -Xlinker -rpath -Xlinker @executable_path -Xlinker -rpath -Xlinker @executable_path/Frameworks -rdynamic -Xlinker -no_deduplicate -Xlinker -objc_abi_version -Xlinker 2 -e ___debug_blank_executor_main -Xlinker -sectcreate -Xlinker __TEXT -Xlinker __debug_dylib -Xlinker /var/folders/3w/91hphlzs0rv_1twbkfyhvn6m0000gn/T/condisco-preflight.fRP9FS/DerivedData/Build/Intermediates.noindex/Condisco.build/Debug-iphonesimulator/Condisco.build/Condisco-DebugDylibPath-normal-arm64.txt -Xlinker -sectcreate -Xlinker __TEXT -Xlinker __debug_instlnm -Xlinker /var/folders/3w/91hphlzs0rv_1twbkfyhvn6m0000gn/T/condisco-preflight.fRP9FS/DerivedData/Build/Intermediates.noindex/Condisco.build/Debug-iphonesimulator/Condisco.build/Condisco-DebugDylibInstallName-normal-arm64.txt -Xlinker -filelist -Xlinker /var/folders/3w/91hphlzs0rv_1twbkfyhvn6m0000gn/T/condisco-preflight.fRP9FS/DerivedData/Build/Intermediates.noindex/Condisco.build/Debug-iphonesimulator/Condisco.build/Condisco-ExecutorLinkFileList-normal-arm64.txt -Xlinker -sectcreate -Xlinker __TEXT -Xlinker __entitlements -Xlinker /var/folders/3w/91hphlzs0rv_1twbkfyhvn6m0000gn/T/condisco-preflight.fRP9FS/DerivedData/Build/Intermediates.noindex/Condisco.build/Debug-iphonesimulator/Condisco.build/Condisco.app-Simulated.xcent -Xlinker -sectcreate -Xlinker __TEXT -Xlinker __ents_der -Xlinker /var/folders/3w/91hphlzs0rv_1twbkfyhvn6m0000gn/T/condisco-preflight.fRP9FS/DerivedData/Build/Intermediates.noindex/Condisco.build/Debug-iphonesimulator/Condisco.build/Condisco.app-Simulated.xcent.der /var/folders/3w/91hphlzs0rv_1twbkfyhvn6m0000gn/T/condisco-preflight.fRP9FS/DerivedData/Build/Products/Debug-iphonesimulator/Condisco.app/Condisco.debug.dylib -Xlinker -no_adhoc_codesign -o /var/folders/3w/91hphlzs0rv_1twbkfyhvn6m0000gn/T/condisco-preflight.fRP9FS/DerivedData/Build/Products/Debug-iphonesimulator/Condisco.app/Condisco

Copy /var/folders/3w/91hphlzs0rv_1twbkfyhvn6m0000gn/T/condisco-preflight.fRP9FS/DerivedData/Build/Products/Debug-iphonesimulator/Condisco.app/PlugIns/CondiscoWidget.appex /var/folders/3w/91hphlzs0rv_1twbkfyhvn6m0000gn/T/condisco-preflight.fRP9FS/DerivedData/Build/Products/Debug-iphonesimulator/CondiscoWidget.appex (in target 'Condisco' from project 'Condisco')
    cd /Users/spkoehl/Projects/VerbaLibera
    builtin-copy -exclude .DS_Store -exclude CVS -exclude .svn -exclude .git -exclude .hg -resolve-src-symlinks -remove-static-executable /var/folders/3w/91hphlzs0rv_1twbkfyhvn6m0000gn/T/condisco-preflight.fRP9FS/DerivedData/Build/Products/Debug-iphonesimulator/CondiscoWidget.appex /var/folders/3w/91hphlzs0rv_1twbkfyhvn6m0000gn/T/condisco-preflight.fRP9FS/DerivedData/Build/Products/Debug-iphonesimulator/Condisco.app/PlugIns

ProcessInfoPlistFile /var/folders/3w/91hphlzs0rv_1twbkfyhvn6m0000gn/T/condisco-preflight.fRP9FS/DerivedData/Build/Products/Debug-iphonesimulator/Condisco.app/Info.plist /Users/spkoehl/Projects/VerbaLibera/Condisco/Info.plist (in target 'Condisco' from project 'Condisco')
    cd /Users/spkoehl/Projects/VerbaLibera
    builtin-infoPlistUtility /Users/spkoehl/Projects/VerbaLibera/Condisco/Info.plist -producttype com.apple.product-type.application -genpkginfo /var/folders/3w/91hphlzs0rv_1twbkfyhvn6m0000gn/T/condisco-preflight.fRP9FS/DerivedData/Build/Products/Debug-iphonesimulator/Condisco.app/PkgInfo -expandbuildsettings -format binary -platform iphonesimulator -additionalcontentfile /var/folders/3w/91hphlzs0rv_1twbkfyhvn6m0000gn/T/condisco-preflight.fRP9FS/DerivedData/Build/Intermediates.noindex/Condisco.build/Debug-iphonesimulator/Condisco.build/assetcatalog_generated_info.plist -scanforprivacyfile /var/folders/3w/91hphlzs0rv_1twbkfyhvn6m0000gn/T/condisco-preflight.fRP9FS/DerivedData/Build/Products/Debug-iphonesimulator/Condisco.app/PlugIns/CondiscoWidget.appex -o /var/folders/3w/91hphlzs0rv_1twbkfyhvn6m0000gn/T/condisco-preflight.fRP9FS/DerivedData/Build/Products/Debug-iphonesimulator/Condisco.app/Info.plist

CopySwiftLibs /var/folders/3w/91hphlzs0rv_1twbkfyhvn6m0000gn/T/condisco-preflight.fRP9FS/DerivedData/Build/Products/Debug-iphonesimulator/Condisco.app (in target 'Condisco' from project 'Condisco')
    cd /Users/spkoehl/Projects/VerbaLibera
    builtin-swiftStdLibTool --copy --verbose --sign - --scan-executable /var/folders/3w/91hphlzs0rv_1twbkfyhvn6m0000gn/T/condisco-preflight.fRP9FS/DerivedData/Build/Products/Debug-iphonesimulator/Condisco.app/Condisco.debug.dylib --scan-folder /var/folders/3w/91hphlzs0rv_1twbkfyhvn6m0000gn/T/condisco-preflight.fRP9FS/DerivedData/Build/Products/Debug-iphonesimulator/Condisco.app/Frameworks --scan-folder /var/folders/3w/91hphlzs0rv_1twbkfyhvn6m0000gn/T/condisco-preflight.fRP9FS/DerivedData/Build/Products/Debug-iphonesimulator/Condisco.app/PlugIns --scan-folder /var/folders/3w/91hphlzs0rv_1twbkfyhvn6m0000gn/T/condisco-preflight.fRP9FS/DerivedData/Build/Products/Debug-iphonesimulator/Condisco.app/SystemExtensions --scan-folder /var/folders/3w/91hphlzs0rv_1twbkfyhvn6m0000gn/T/condisco-preflight.fRP9FS/DerivedData/Build/Products/Debug-iphonesimulator/Condisco.app/Extensions --platform iphonesimulator --toolchain /Applications/Xcode.app/Contents/Developer/Toolchains/XcodeDefault.xctoolchain --destination /var/folders/3w/91hphlzs0rv_1twbkfyhvn6m0000gn/T/condisco-preflight.fRP9FS/DerivedData/Build/Products/Debug-iphonesimulator/Condisco.app/Frameworks --strip-bitcode --strip-bitcode-tool /Applications/Xcode.app/Contents/Developer/Toolchains/XcodeDefault.xctoolchain/usr/bin/bitcode_strip --emit-dependency-info /var/folders/3w/91hphlzs0rv_1twbkfyhvn6m0000gn/T/condisco-preflight.fRP9FS/DerivedData/Build/Intermediates.noindex/Condisco.build/Debug-iphonesimulator/Condisco.build/SwiftStdLibToolInputDependencies.dep --filter-for-swift-os

ExtractAppIntentsMetadata (in target 'Condisco' from project 'Condisco')
    cd /Users/spkoehl/Projects/VerbaLibera
    /Applications/Xcode.app/Contents/Developer/Toolchains/XcodeDefault.xctoolchain/usr/bin/appintentsmetadataprocessor --toolchain-dir /Applications/Xcode.app/Contents/Developer/Toolchains/XcodeDefault.xctoolchain --module-name Condisco --sdk-root /Applications/Xcode.app/Contents/Developer/Platforms/iPhoneSimulator.platform/Developer/SDKs/iPhoneSimulator27.0.sdk --xcode-version 27A266a --platform-family iOS --deployment-target 17.0 --bundle-identifier com.sleuthysloth.condisco --output /var/folders/3w/91hphlzs0rv_1twbkfyhvn6m0000gn/T/condisco-preflight.fRP9FS/DerivedData/Build/Products/Debug-iphonesimulator/Condisco.app --target-triple arm64-apple-ios17.0-simulator --binary-file /var/folders/3w/91hphlzs0rv_1twbkfyhvn6m0000gn/T/condisco-preflight.fRP9FS/DerivedData/Build/Products/Debug-iphonesimulator/Condisco.app/Condisco --dependency-file /var/folders/3w/91hphlzs0rv_1twbkfyhvn6m0000gn/T/condisco-preflight.fRP9FS/DerivedData/Build/Intermediates.noindex/Condisco.build/Debug-iphonesimulator/Condisco.build/Objects-normal/arm64/Condisco_dependency_info.dat --stringsdata-file /var/folders/3w/91hphlzs0rv_1twbkfyhvn6m0000gn/T/condisco-preflight.fRP9FS/DerivedData/Build/Intermediates.noindex/Condisco.build/Debug-iphonesimulator/Condisco.build/Objects-normal/arm64/ExtractedAppShortcutsMetadata.stringsdata --source-file-list /var/folders/3w/91hphlzs0rv_1twbkfyhvn6m0000gn/T/condisco-preflight.fRP9FS/DerivedData/Build/Intermediates.noindex/Condisco.build/Debug-iphonesimulator/Condisco.build/Objects-normal/arm64/Condisco.SwiftFileList --metadata-file-list /var/folders/3w/91hphlzs0rv_1twbkfyhvn6m0000gn/T/condisco-preflight.fRP9FS/DerivedData/Build/Intermediates.noindex/Condisco.build/Debug-iphonesimulator/Condisco.build/Condisco.DependencyMetadataFileList --static-metadata-file-list /var/folders/3w/91hphlzs0rv_1twbkfyhvn6m0000gn/T/condisco-preflight.fRP9FS/DerivedData/Build/Intermediates.noindex/Condisco.build/Debug-iphonesimulator/Condisco.build/Condisco.DependencyStaticMetadataFileList --swift-const-vals-list /var/folders/3w/91hphlzs0rv_1twbkfyhvn6m0000gn/T/condisco-preflight.fRP9FS/DerivedData/Build/Intermediates.noindex/Condisco.build/Debug-iphonesimulator/Condisco.build/Objects-normal/arm64/Condisco.SwiftConstValuesFileList --compile-time-extraction --deployment-aware-processing --no-app-shortcuts-localization
2026-09-26 13:02:42.793 appintentsmetadataprocessor[3615:511899] Starting appintentsmetadataprocessor export
2026-09-26 13:02:42.900 appintentsmetadataprocessor[3615:511899] Writing Metadata.appintents
2026-09-26 13:02:42.900 appintentsmetadataprocessor[3615:511899] Metadata root: /var/folders/3w/91hphlzs0rv_1twbkfyhvn6m0000gn/T/condisco-preflight.fRP9FS/DerivedData/Build/Products/Debug-iphonesimulator/Condisco.app/Metadata.appintents

SwiftDriverJobDiscovery normal arm64 Compiling StoreTests.swift, PackFrenchTests.swift (in target 'CondiscoTests' from project 'Condisco')

SwiftDriver\ Compilation CondiscoTests normal arm64 com.apple.xcode.tools.swift.compiler (in target 'CondiscoTests' from project 'Condisco')
    cd /Users/spkoehl/Projects/VerbaLibera
    builtin-Swift-Compilation -- /Applications/Xcode.app/Contents/Developer/Toolchains/XcodeDefault.xctoolchain/usr/bin/swiftc -module-name CondiscoTests -Onone @/var/folders/3w/91hphlzs0rv_1twbkfyhvn6m0000gn/T/condisco-preflight.fRP9FS/DerivedData/Build/Intermediates.noindex/Condisco.build/Debug-iphonesimulator/CondiscoTests.build/Objects-normal/arm64/CondiscoTests.SwiftFileList -DDEBUG -plugin-path /Applications/Xcode.app/Contents/Developer/Toolchains/XcodeDefault.xctoolchain/usr/lib/swift/host/plugins/testing -enable-bare-slash-regex -enable-experimental-feature DebugDescriptionMacro -sdk /Applications/Xcode.app/Contents/Developer/Platforms/iPhoneSimulator.platform/Developer/SDKs/iPhoneSimulator27.0.sdk -target arm64-apple-ios17.0-simulator -g -module-cache-path /var/folders/3w/91hphlzs0rv_1twbkfyhvn6m0000gn/T/condisco-preflight.fRP9FS/DerivedData/ModuleCache.noindex -Xfrontend -serialize-debugging-options -enable-testing -index-store-path /var/folders/3w/91hphlzs0rv_1twbkfyhvn6m0000gn/T/condisco-preflight.fRP9FS/DerivedData/Index.noindex/DataStore -Xcc -D_LIBCPP_HARDENING_MODE\=_LIBCPP_HARDENING_MODE_DEBUG -swift-version 5 -I /var/folders/3w/91hphlzs0rv_1twbkfyhvn6m0000gn/T/condisco-preflight.fRP9FS/DerivedData/Build/Products/Debug-iphonesimulator -Isystem /Applications/Xcode.app/Contents/Developer/Platforms/iPhoneSimulator.platform/Developer/usr/lib -F /var/folders/3w/91hphlzs0rv_1twbkfyhvn6m0000gn/T/condisco-preflight.fRP9FS/DerivedData/Build/Products/Debug-iphonesimulator -F /Applications/Xcode.app/Contents/Developer/Platforms/iPhoneSimulator.platform/Developer/Library/Frameworks -F /Applications/Xcode.app/Contents/Developer/Platforms/iPhoneSimulator.platform/Developer/SDKs/iPhoneSimulator27.0.sdk/Developer/Library/Frameworks -emit-localized-strings -emit-localized-strings-path /var/folders/3w/91hphlzs0rv_1twbkfyhvn6m0000gn/T/condisco-preflight.fRP9FS/DerivedData/Build/Intermediates.noindex/Condisco.build/Debug-iphonesimulator/CondiscoTests.build/Objects-normal/arm64 -c -j6 -enable-batch-mode -incremental -Xcc -ivfsstatcache -Xcc /var/folders/3w/91hphlzs0rv_1twbkfyhvn6m0000gn/T/condisco-preflight.fRP9FS/DerivedData/SDKStatCaches.noindex/iphonesimulator27.0-24A430-8dc58220667be655e1bcc261a7455254.sdkstatcache -output-file-map /var/folders/3w/91hphlzs0rv_1twbkfyhvn6m0000gn/T/condisco-preflight.fRP9FS/DerivedData/Build/Intermediates.noindex/Condisco.build/Debug-iphonesimulator/CondiscoTests.build/Objects-normal/arm64/CondiscoTests-OutputFileMap.json -save-temps -no-color-diagnostics -explicit-module-build -module-cache-path /var/folders/3w/91hphlzs0rv_1twbkfyhvn6m0000gn/T/condisco-preflight.fRP9FS/DerivedData/Build/Intermediates.noindex/SwiftExplicitPrecompiledModules -clang-scanner-module-cache-path /var/folders/3w/91hphlzs0rv_1twbkfyhvn6m0000gn/T/condisco-preflight.fRP9FS/DerivedData/ModuleCache.noindex -sdk-module-cache-path /var/folders/3w/91hphlzs0rv_1twbkfyhvn6m0000gn/T/condisco-preflight.fRP9FS/DerivedData/SDKExplicitPrecompiledModules -emit-dependencies -emit-module -emit-module-path /var/folders/3w/91hphlzs0rv_1twbkfyhvn6m0000gn/T/condisco-preflight.fRP9FS/DerivedData/Build/Intermediates.noindex/Condisco.build/Debug-iphonesimulator/CondiscoTests.build/Objects-normal/arm64/CondiscoTests.swiftmodule -serialize-diagnostics -dependency-scan-serialize-diagnostics-path /var/folders/3w/91hphlzs0rv_1twbkfyhvn6m0000gn/T/condisco-preflight.fRP9FS/DerivedData/Build/Intermediates.noindex/Condisco.build/Debug-iphonesimulator/CondiscoTests.build/Objects-normal/arm64/CondiscoTests-dependency-scan.dia -validate-clang-modules-once -clang-build-session-file /var/folders/3w/91hphlzs0rv_1twbkfyhvn6m0000gn/T/condisco-preflight.fRP9FS/DerivedData/ModuleCache.noindex/Session.modulevalidation -Xcc -fmodules-prune-interval\=86400 -Xcc -fmodules-prune-after\=345600 -emit-const-values -const-gather-protocols-list /var/folders/3w/91hphlzs0rv_1twbkfyhvn6m0000gn/T/condisco-preflight.fRP9FS/DerivedData/Build/Intermediates.noindex/Condisco.build/Debug-iphonesimulator/CondiscoTests.build/Objects-normal/arm64/CondiscoTests_const_extract_protocols.json -Xcc -iquote -Xcc /var/folders/3w/91hphlzs0rv_1twbkfyhvn6m0000gn/T/condisco-preflight.fRP9FS/DerivedData/Build/Intermediates.noindex/Condisco.build/Debug-iphonesimulator/CondiscoTests.build/CondiscoTests-generated-files.hmap -Xcc -I/var/folders/3w/91hphlzs0rv_1twbkfyhvn6m0000gn/T/condisco-preflight.fRP9FS/DerivedData/Build/Intermediates.noindex/Condisco.build/Debug-iphonesimulator/CondiscoTests.build/CondiscoTests-own-target-headers.hmap -Xcc -I/var/folders/3w/91hphlzs0rv_1twbkfyhvn6m0000gn/T/condisco-preflight.fRP9FS/DerivedData/Build/Intermediates.noindex/Condisco.build/Debug-iphonesimulator/CondiscoTests.build/CondiscoTests-all-target-headers.hmap -Xcc -iquote -Xcc /var/folders/3w/91hphlzs0rv_1twbkfyhvn6m0000gn/T/condisco-preflight.fRP9FS/DerivedData/Build/Intermediates.noindex/Condisco.build/Debug-iphonesimulator/CondiscoTests.build/CondiscoTests-project-headers.hmap -Xcc -I/var/folders/3w/91hphlzs0rv_1twbkfyhvn6m0000gn/T/condisco-preflight.fRP9FS/DerivedData/Build/Products/Debug-iphonesimulator/include -Xcc -I/var/folders/3w/91hphlzs0rv_1twbkfyhvn6m0000gn/T/condisco-preflight.fRP9FS/DerivedData/Build/Intermediates.noindex/Condisco.build/Debug-iphonesimulator/CondiscoTests.build/DerivedSources-normal/arm64 -Xcc -I/var/folders/3w/91hphlzs0rv_1twbkfyhvn6m0000gn/T/condisco-preflight.fRP9FS/DerivedData/Build/Intermediates.noindex/Condisco.build/Debug-iphonesimulator/CondiscoTests.build/DerivedSources/arm64 -Xcc -I/var/folders/3w/91hphlzs0rv_1twbkfyhvn6m0000gn/T/condisco-preflight.fRP9FS/DerivedData/Build/Intermediates.noindex/Condisco.build/Debug-iphonesimulator/CondiscoTests.build/DerivedSources -Xcc -DDEBUG\=1 -emit-objc-header -emit-objc-header-path /var/folders/3w/91hphlzs0rv_1twbkfyhvn6m0000gn/T/condisco-preflight.fRP9FS/DerivedData/Build/Intermediates.noindex/Condisco.build/Debug-iphonesimulator/CondiscoTests.build/Objects-normal/arm64/CondiscoTests-Swift.h -working-directory /Users/spkoehl/Projects/VerbaLibera -experimental-emit-module-separately -disable-cmo

AppIntentsSSUTraining (in target 'Condisco' from project 'Condisco')
    cd /Users/spkoehl/Projects/VerbaLibera
    /Applications/Xcode.app/Contents/Developer/Toolchains/XcodeDefault.xctoolchain/usr/bin/appintentsnltrainingprocessor --infoplist-path /var/folders/3w/91hphlzs0rv_1twbkfyhvn6m0000gn/T/condisco-preflight.fRP9FS/DerivedData/Build/Products/Debug-iphonesimulator/Condisco.app/Info.plist --temp-dir-path /var/folders/3w/91hphlzs0rv_1twbkfyhvn6m0000gn/T/condisco-preflight.fRP9FS/DerivedData/Build/Intermediates.noindex/Condisco.build/Debug-iphonesimulator/Condisco.build/ssu --bundle-id com.sleuthysloth.condisco --product-path /var/folders/3w/91hphlzs0rv_1twbkfyhvn6m0000gn/T/condisco-preflight.fRP9FS/DerivedData/Build/Products/Debug-iphonesimulator/Condisco.app --extracted-metadata-path /var/folders/3w/91hphlzs0rv_1twbkfyhvn6m0000gn/T/condisco-preflight.fRP9FS/DerivedData/Build/Products/Debug-iphonesimulator/Condisco.app/Metadata.appintents --metadata-file-list /var/folders/3w/91hphlzs0rv_1twbkfyhvn6m0000gn/T/condisco-preflight.fRP9FS/DerivedData/Build/Intermediates.noindex/Condisco.build/Debug-iphonesimulator/Condisco.build/Condisco.DependencyMetadataFileList --source-file /var/folders/3w/91hphlzs0rv_1twbkfyhvn6m0000gn/T/condisco-preflight.fRP9FS/DerivedData/Build/Products/Debug-iphonesimulator/Condisco.app/Info.plist --archive-ssu-assets
2026-09-26 13:02:42.945 appintentsnltrainingprocessor[3616:511904] Parsing options for appintentsnltrainingprocessor
2026-09-26 13:02:42.945 appintentsnltrainingprocessor[3616:511904] Starting AppIntents SSU YAML Generation
2026-09-26 13:02:42.959 appintentsnltrainingprocessor[3616:511904] Training 'Continue learning in ${+applicationName}|Continue my lesson in ${+applicationName}|Resume learning in ${+applicationName}' for en
2026-09-26 13:02:42.959 appintentsnltrainingprocessor[3616:511904] Training 'Start a lesson in ${+applicationName}|Open a lesson in ${+applicationName}|Start learning in ${+applicationName}' for en
2026-09-26 13:02:42.959 appintentsnltrainingprocessor[3616:511904] Training 'Start my review in ${+applicationName}|Review my phrases in ${+applicationName}|Start reviewing in ${+applicationName}' for en
2026-09-26 13:02:42.959 appintentsnltrainingprocessor[3616:511904] Training Negative Phrases '' for en
2026-09-26 13:02:42.959 appintentsnltrainingprocessor[3616:511904] Application name 'Condisco' for en
2026-09-26 13:02:42.967 appintentsnltrainingprocessor[3616:511904] Generated AppIntents SSU YAML files in file:///var/folders/3w/91hphlzs0rv_1twbkfyhvn6m0000gn/T/condisco-preflight.fRP9FS/DerivedData/Build/Intermediates.noindex/Condisco.build/Debug-iphonesimulator/Condisco.build/ssu/
2026-09-26 13:02:42.967 appintentsnltrainingprocessor[3616:511904] Copied AppIntents SSU YAML files to file:///var/folders/3w/91hphlzs0rv_1twbkfyhvn6m0000gn/T/condisco-preflight.fRP9FS/DerivedData/Build/Products/Debug-iphonesimulator/Condisco.app/Metadata.appintents/
Archiving all locales.
[------------------------------------------------------------] 0% archiving en[🁢🁢🁢🁢🁢🁢🁢🁢🁢🁢🁢🁢🁢🁢🁢🁢🁢🁢🁢🁢🁢🁢🁢🁢🁢🁢🁢🁢🁢🁢🁢🁢🁢🁢🁢🁢🁢🁢🁢🁢🁢🁢🁢🁢🁢🁢🁢🁢🁢🁢🁢🁢🁢🁢🁢🁢🁢🁢🁢🁢] 100% archived en[🁢🁢🁢🁢🁢🁢🁢🁢🁢🁢🁢🁢🁢🁢🁢🁢🁢🁢🁢🁢🁢🁢🁢🁢🁢🁢🁢🁢🁢🁢🁢🁢🁢🁢🁢🁢🁢🁢🁢🁢🁢🁢🁢🁢🁢🁢🁢🁢🁢🁢🁢🁢🁢🁢🁢🁢🁢🁢🁢🁢] 100% archived 1 locales/var/folders/3w/91hphlzs0rv_1twbkfyhvn6m0000gn/T/condisco-preflight.fRP9FS/DerivedData/Build/Products/Debug-iphonesimulator/Condisco.app/Metadata.appintents/nlu
/var/folders/3w/91hphlzs0rv_1twbkfyhvn6m0000gn/T/condisco-preflight.fRP9FS/DerivedData/Build/Products/Debug-iphonesimulator/Condisco.app/Metadata.appintents/nlu/0231e242df2d62371a26fd64e4095339.version


ProcessInfoPlistFile /var/folders/3w/91hphlzs0rv_1twbkfyhvn6m0000gn/T/condisco-preflight.fRP9FS/DerivedData/Build/Products/Debug-iphonesimulator/Condisco.app/PlugIns/CondiscoTests.xctest/Info.plist /var/folders/3w/91hphlzs0rv_1twbkfyhvn6m0000gn/T/condisco-preflight.fRP9FS/DerivedData/Build/Intermediates.noindex/Condisco.build/Debug-iphonesimulator/CondiscoTests.build/empty-CondiscoTests.plist (in target 'CondiscoTests' from project 'Condisco')
    cd /Users/spkoehl/Projects/VerbaLibera
    builtin-infoPlistUtility /var/folders/3w/91hphlzs0rv_1twbkfyhvn6m0000gn/T/condisco-preflight.fRP9FS/DerivedData/Build/Intermediates.noindex/Condisco.build/Debug-iphonesimulator/CondiscoTests.build/empty-CondiscoTests.plist -producttype com.apple.product-type.bundle.unit-test -expandbuildsettings -format binary -platform iphonesimulator -o /var/folders/3w/91hphlzs0rv_1twbkfyhvn6m0000gn/T/condisco-preflight.fRP9FS/DerivedData/Build/Products/Debug-iphonesimulator/Condisco.app/PlugIns/CondiscoTests.xctest/Info.plist

Ld /var/folders/3w/91hphlzs0rv_1twbkfyhvn6m0000gn/T/condisco-preflight.fRP9FS/DerivedData/Build/Products/Debug-iphonesimulator/Condisco.app/PlugIns/CondiscoTests.xctest/CondiscoTests normal (in target 'CondiscoTests' from project 'Condisco')
    cd /Users/spkoehl/Projects/VerbaLibera
    /Applications/Xcode.app/Contents/Developer/Toolchains/XcodeDefault.xctoolchain/usr/bin/clang -Xlinker -reproducible -target arm64-apple-ios17.0-simulator -bundle -isysroot /Applications/Xcode.app/Contents/Developer/Platforms/iPhoneSimulator.platform/Developer/SDKs/iPhoneSimulator27.0.sdk -O0 -Xlinker -no_warn_duplicate_libraries -L/var/folders/3w/91hphlzs0rv_1twbkfyhvn6m0000gn/T/condisco-preflight.fRP9FS/DerivedData/Build/Intermediates.noindex/EagerLinkingTBDs/Debug-iphonesimulator -L/var/folders/3w/91hphlzs0rv_1twbkfyhvn6m0000gn/T/condisco-preflight.fRP9FS/DerivedData/Build/Products/Debug-iphonesimulator -L/Applications/Xcode.app/Contents/Developer/Platforms/iPhoneSimulator.platform/Developer/usr/lib -F/var/folders/3w/91hphlzs0rv_1twbkfyhvn6m0000gn/T/condisco-preflight.fRP9FS/DerivedData/Build/Intermediates.noindex/EagerLinkingTBDs/Debug-iphonesimulator -F/var/folders/3w/91hphlzs0rv_1twbkfyhvn6m0000gn/T/condisco-preflight.fRP9FS/DerivedData/Build/Products/Debug-iphonesimulator -iframework /Applications/Xcode.app/Contents/Developer/Platforms/iPhoneSimulator.platform/Developer/Library/Frameworks -iframework /Applications/Xcode.app/Contents/Developer/Platforms/iPhoneSimulator.platform/Developer/SDKs/iPhoneSimulator27.0.sdk/Developer/Library/Frameworks -filelist /var/folders/3w/91hphlzs0rv_1twbkfyhvn6m0000gn/T/condisco-preflight.fRP9FS/DerivedData/Build/Intermediates.noindex/Condisco.build/Debug-iphonesimulator/CondiscoTests.build/Objects-normal/arm64/CondiscoTests.LinkFileList -Xlinker -rpath -Xlinker /usr/lib/swift -Xlinker -rpath -Xlinker @loader_path/Frameworks -Xlinker -rpath -Xlinker @executable_path/Frameworks -Xlinker -dead_strip -bundle_loader /var/folders/3w/91hphlzs0rv_1twbkfyhvn6m0000gn/T/condisco-preflight.fRP9FS/DerivedData/Build/Products/Debug-iphonesimulator/Condisco.app/Condisco -Xlinker -object_path_lto -Xlinker /var/folders/3w/91hphlzs0rv_1twbkfyhvn6m0000gn/T/condisco-preflight.fRP9FS/DerivedData/Build/Intermediates.noindex/Condisco.build/Debug-iphonesimulator/CondiscoTests.build/Objects-normal/arm64/CondiscoTests_lto.o -rdynamic -Xlinker -no_deduplicate -Xlinker -objc_abi_version -Xlinker 2 -Xlinker -dependency_info -Xlinker /var/folders/3w/91hphlzs0rv_1twbkfyhvn6m0000gn/T/condisco-preflight.fRP9FS/DerivedData/Build/Intermediates.noindex/Condisco.build/Debug-iphonesimulator/CondiscoTests.build/Objects-normal/arm64/CondiscoTests_dependency_info.dat -fobjc-link-runtime -L/Applications/Xcode.app/Contents/Developer/Toolchains/XcodeDefault.xctoolchain/usr/lib/swift/iphonesimulator -L/usr/lib/swift -Xlinker -add_ast_path -Xlinker /var/folders/3w/91hphlzs0rv_1twbkfyhvn6m0000gn/T/condisco-preflight.fRP9FS/DerivedData/Build/Intermediates.noindex/Condisco.build/Debug-iphonesimulator/CondiscoTests.build/Objects-normal/arm64/CondiscoTests.swiftmodule -Xlinker -needed_framework -Xlinker XCTest -framework XCTest -Xlinker -needed-lXCTestSwiftSupport -lXCTestSwiftSupport /var/folders/3w/91hphlzs0rv_1twbkfyhvn6m0000gn/T/condisco-preflight.fRP9FS/DerivedData/Build/Products/Debug-iphonesimulator/Condisco.app/Condisco.debug.dylib -Xlinker -no_adhoc_codesign -o /var/folders/3w/91hphlzs0rv_1twbkfyhvn6m0000gn/T/condisco-preflight.fRP9FS/DerivedData/Build/Products/Debug-iphonesimulator/Condisco.app/PlugIns/CondiscoTests.xctest/CondiscoTests

CopySwiftLibs /var/folders/3w/91hphlzs0rv_1twbkfyhvn6m0000gn/T/condisco-preflight.fRP9FS/DerivedData/Build/Products/Debug-iphonesimulator/Condisco.app/PlugIns/CondiscoTests.xctest (in target 'CondiscoTests' from project 'Condisco')
    cd /Users/spkoehl/Projects/VerbaLibera
    builtin-swiftStdLibTool --copy --verbose --sign - --scan-executable /var/folders/3w/91hphlzs0rv_1twbkfyhvn6m0000gn/T/condisco-preflight.fRP9FS/DerivedData/Build/Products/Debug-iphonesimulator/Condisco.app/PlugIns/CondiscoTests.xctest/CondiscoTests --scan-folder /var/folders/3w/91hphlzs0rv_1twbkfyhvn6m0000gn/T/condisco-preflight.fRP9FS/DerivedData/Build/Products/Debug-iphonesimulator/Condisco.app/PlugIns/CondiscoTests.xctest/Frameworks --scan-folder /var/folders/3w/91hphlzs0rv_1twbkfyhvn6m0000gn/T/condisco-preflight.fRP9FS/DerivedData/Build/Products/Debug-iphonesimulator/Condisco.app/PlugIns/CondiscoTests.xctest/PlugIns --scan-folder /var/folders/3w/91hphlzs0rv_1twbkfyhvn6m0000gn/T/condisco-preflight.fRP9FS/DerivedData/Build/Products/Debug-iphonesimulator/Condisco.app/PlugIns/CondiscoTests.xctest/SystemExtensions --scan-folder /var/folders/3w/91hphlzs0rv_1twbkfyhvn6m0000gn/T/condisco-preflight.fRP9FS/DerivedData/Build/Products/Debug-iphonesimulator/Condisco.app/PlugIns/CondiscoTests.xctest/Extensions --platform iphonesimulator --toolchain /Applications/Xcode.app/Contents/Developer/Toolchains/XcodeDefault.xctoolchain --destination /var/folders/3w/91hphlzs0rv_1twbkfyhvn6m0000gn/T/condisco-preflight.fRP9FS/DerivedData/Build/Products/Debug-iphonesimulator/Condisco.app/PlugIns/CondiscoTests.xctest/Frameworks --strip-bitcode --scan-executable /Applications/Xcode.app/Contents/Developer/Platforms/iPhoneSimulator.platform/Developer/usr/lib/libXCTestSwiftSupport.dylib --strip-bitcode-tool /Applications/Xcode.app/Contents/Developer/Toolchains/XcodeDefault.xctoolchain/usr/bin/bitcode_strip --emit-dependency-info /var/folders/3w/91hphlzs0rv_1twbkfyhvn6m0000gn/T/condisco-preflight.fRP9FS/DerivedData/Build/Intermediates.noindex/Condisco.build/Debug-iphonesimulator/CondiscoTests.build/SwiftStdLibToolInputDependencies.dep --filter-for-swift-os

ExtractAppIntentsMetadata (in target 'CondiscoTests' from project 'Condisco')
    cd /Users/spkoehl/Projects/VerbaLibera
    /Applications/Xcode.app/Contents/Developer/Toolchains/XcodeDefault.xctoolchain/usr/bin/appintentsmetadataprocessor --toolchain-dir /Applications/Xcode.app/Contents/Developer/Toolchains/XcodeDefault.xctoolchain --module-name CondiscoTests --sdk-root /Applications/Xcode.app/Contents/Developer/Platforms/iPhoneSimulator.platform/Developer/SDKs/iPhoneSimulator27.0.sdk --xcode-version 27A266a --platform-family iOS --deployment-target 17.0 --bundle-identifier com.sleuthysloth.condisco.Tests --output /var/folders/3w/91hphlzs0rv_1twbkfyhvn6m0000gn/T/condisco-preflight.fRP9FS/DerivedData/Build/Products/Debug-iphonesimulator/Condisco.app/PlugIns/CondiscoTests.xctest --target-triple arm64-apple-ios17.0-simulator --binary-file /var/folders/3w/91hphlzs0rv_1twbkfyhvn6m0000gn/T/condisco-preflight.fRP9FS/DerivedData/Build/Products/Debug-iphonesimulator/Condisco.app/PlugIns/CondiscoTests.xctest/CondiscoTests --dependency-file /var/folders/3w/91hphlzs0rv_1twbkfyhvn6m0000gn/T/condisco-preflight.fRP9FS/DerivedData/Build/Intermediates.noindex/Condisco.build/Debug-iphonesimulator/CondiscoTests.build/Objects-normal/arm64/CondiscoTests_dependency_info.dat --stringsdata-file /var/folders/3w/91hphlzs0rv_1twbkfyhvn6m0000gn/T/condisco-preflight.fRP9FS/DerivedData/Build/Intermediates.noindex/Condisco.build/Debug-iphonesimulator/CondiscoTests.build/Objects-normal/arm64/ExtractedAppShortcutsMetadata.stringsdata --source-file-list /var/folders/3w/91hphlzs0rv_1twbkfyhvn6m0000gn/T/condisco-preflight.fRP9FS/DerivedData/Build/Intermediates.noindex/Condisco.build/Debug-iphonesimulator/CondiscoTests.build/Objects-normal/arm64/CondiscoTests.SwiftFileList --metadata-file-list /var/folders/3w/91hphlzs0rv_1twbkfyhvn6m0000gn/T/condisco-preflight.fRP9FS/DerivedData/Build/Intermediates.noindex/Condisco.build/Debug-iphonesimulator/CondiscoTests.build/CondiscoTests.DependencyMetadataFileList --static-metadata-file-list /var/folders/3w/91hphlzs0rv_1twbkfyhvn6m0000gn/T/condisco-preflight.fRP9FS/DerivedData/Build/Intermediates.noindex/Condisco.build/Debug-iphonesimulator/CondiscoTests.build/CondiscoTests.DependencyStaticMetadataFileList --swift-const-vals-list /var/folders/3w/91hphlzs0rv_1twbkfyhvn6m0000gn/T/condisco-preflight.fRP9FS/DerivedData/Build/Intermediates.noindex/Condisco.build/Debug-iphonesimulator/CondiscoTests.build/Objects-normal/arm64/CondiscoTests.SwiftConstValuesFileList --compile-time-extraction --deployment-aware-processing --no-app-shortcuts-localization
2026-09-26 13:02:43.394 appintentsmetadataprocessor[3621:511929] Starting appintentsmetadataprocessor export
2026-09-26 13:02:43.441 appintentsmetadataprocessor[3621:511929] Extracted no relevant App Intents symbols, skipping writing output

AppIntentsSSUTraining (in target 'CondiscoTests' from project 'Condisco')
    cd /Users/spkoehl/Projects/VerbaLibera
    /Applications/Xcode.app/Contents/Developer/Toolchains/XcodeDefault.xctoolchain/usr/bin/appintentsnltrainingprocessor --infoplist-path /var/folders/3w/91hphlzs0rv_1twbkfyhvn6m0000gn/T/condisco-preflight.fRP9FS/DerivedData/Build/Products/Debug-iphonesimulator/Condisco.app/PlugIns/CondiscoTests.xctest/Info.plist --temp-dir-path /var/folders/3w/91hphlzs0rv_1twbkfyhvn6m0000gn/T/condisco-preflight.fRP9FS/DerivedData/Build/Intermediates.noindex/Condisco.build/Debug-iphonesimulator/CondiscoTests.build/ssu --bundle-id com.sleuthysloth.condisco.Tests --product-path /var/folders/3w/91hphlzs0rv_1twbkfyhvn6m0000gn/T/condisco-preflight.fRP9FS/DerivedData/Build/Products/Debug-iphonesimulator/Condisco.app/PlugIns/CondiscoTests.xctest --extracted-metadata-path /var/folders/3w/91hphlzs0rv_1twbkfyhvn6m0000gn/T/condisco-preflight.fRP9FS/DerivedData/Build/Products/Debug-iphonesimulator/Condisco.app/PlugIns/CondiscoTests.xctest/Metadata.appintents --metadata-file-list /var/folders/3w/91hphlzs0rv_1twbkfyhvn6m0000gn/T/condisco-preflight.fRP9FS/DerivedData/Build/Intermediates.noindex/Condisco.build/Debug-iphonesimulator/CondiscoTests.build/CondiscoTests.DependencyMetadataFileList --source-file /var/folders/3w/91hphlzs0rv_1twbkfyhvn6m0000gn/T/condisco-preflight.fRP9FS/DerivedData/Build/Products/Debug-iphonesimulator/Condisco.app/PlugIns/CondiscoTests.xctest/Info.plist --archive-ssu-assets
2026-09-26 13:02:43.465 appintentsnltrainingprocessor[3622:511935] Parsing options for appintentsnltrainingprocessor
2026-09-26 13:02:43.465 appintentsnltrainingprocessor[3622:511935] Starting AppIntents SSU YAML Generation
2026-09-26 13:02:43.465 appintentsnltrainingprocessor[3622:511935] No AppShortcuts found - Skipping.

CodeSign /var/folders/3w/91hphlzs0rv_1twbkfyhvn6m0000gn/T/condisco-preflight.fRP9FS/DerivedData/Build/Products/Debug-iphonesimulator/Condisco.app/PlugIns/CondiscoTests.xctest (in target 'CondiscoTests' from project 'Condisco')
    cd /Users/spkoehl/Projects/VerbaLibera
    
    Signing Identity:     "Sign to Run Locally"
    
    /usr/bin/codesign --force --sign - --timestamp\=none --generate-entitlement-der /var/folders/3w/91hphlzs0rv_1twbkfyhvn6m0000gn/T/condisco-preflight.fRP9FS/DerivedData/Build/Products/Debug-iphonesimulator/Condisco.app/PlugIns/CondiscoTests.xctest

RegisterExecutionPolicyException /var/folders/3w/91hphlzs0rv_1twbkfyhvn6m0000gn/T/condisco-preflight.fRP9FS/DerivedData/Build/Products/Debug-iphonesimulator/Condisco.app/PlugIns/CondiscoTests.xctest (in target 'CondiscoTests' from project 'Condisco')
    cd /Users/spkoehl/Projects/VerbaLibera
    builtin-RegisterExecutionPolicyException /var/folders/3w/91hphlzs0rv_1twbkfyhvn6m0000gn/T/condisco-preflight.fRP9FS/DerivedData/Build/Products/Debug-iphonesimulator/Condisco.app/PlugIns/CondiscoTests.xctest

Touch /var/folders/3w/91hphlzs0rv_1twbkfyhvn6m0000gn/T/condisco-preflight.fRP9FS/DerivedData/Build/Products/Debug-iphonesimulator/Condisco.app/PlugIns/CondiscoTests.xctest (in target 'CondiscoTests' from project 'Condisco')
    cd /Users/spkoehl/Projects/VerbaLibera
    /usr/bin/touch -c /var/folders/3w/91hphlzs0rv_1twbkfyhvn6m0000gn/T/condisco-preflight.fRP9FS/DerivedData/Build/Products/Debug-iphonesimulator/Condisco.app/PlugIns/CondiscoTests.xctest

CodeSign /var/folders/3w/91hphlzs0rv_1twbkfyhvn6m0000gn/T/condisco-preflight.fRP9FS/DerivedData/Build/Products/Debug-iphonesimulator/Condisco.app/Condisco.debug.dylib (in target 'Condisco' from project 'Condisco')
    cd /Users/spkoehl/Projects/VerbaLibera
    
    Signing Identity:     "Sign to Run Locally"
    
    /usr/bin/codesign --force --sign - --timestamp\=none --generate-entitlement-der /var/folders/3w/91hphlzs0rv_1twbkfyhvn6m0000gn/T/condisco-preflight.fRP9FS/DerivedData/Build/Products/Debug-iphonesimulator/Condisco.app/Condisco.debug.dylib

CodeSign /var/folders/3w/91hphlzs0rv_1twbkfyhvn6m0000gn/T/condisco-preflight.fRP9FS/DerivedData/Build/Products/Debug-iphonesimulator/Condisco.app/__preview.dylib (in target 'Condisco' from project 'Condisco')
    cd /Users/spkoehl/Projects/VerbaLibera
    
    Signing Identity:     "Sign to Run Locally"
    
    /usr/bin/codesign --force --sign - --timestamp\=none --generate-entitlement-der /var/folders/3w/91hphlzs0rv_1twbkfyhvn6m0000gn/T/condisco-preflight.fRP9FS/DerivedData/Build/Products/Debug-iphonesimulator/Condisco.app/__preview.dylib

CodeSign /var/folders/3w/91hphlzs0rv_1twbkfyhvn6m0000gn/T/condisco-preflight.fRP9FS/DerivedData/Build/Products/Debug-iphonesimulator/Condisco.app (in target 'Condisco' from project 'Condisco')
    cd /Users/spkoehl/Projects/VerbaLibera
    
    Signing Identity:     "Sign to Run Locally"
    
    /usr/bin/codesign --force --sign - --entitlements /var/folders/3w/91hphlzs0rv_1twbkfyhvn6m0000gn/T/condisco-preflight.fRP9FS/DerivedData/Build/Intermediates.noindex/Condisco.build/Debug-iphonesimulator/Condisco.build/Condisco.app.xcent --timestamp\=none --generate-entitlement-der /var/folders/3w/91hphlzs0rv_1twbkfyhvn6m0000gn/T/condisco-preflight.fRP9FS/DerivedData/Build/Products/Debug-iphonesimulator/Condisco.app

ValidateEmbeddedBinary /var/folders/3w/91hphlzs0rv_1twbkfyhvn6m0000gn/T/condisco-preflight.fRP9FS/DerivedData/Build/Products/Debug-iphonesimulator/Condisco.app/PlugIns/CondiscoWidget.appex (in target 'Condisco' from project 'Condisco')
    cd /Users/spkoehl/Projects/VerbaLibera
    /Applications/Xcode.app/Contents/Developer/usr/bin/embeddedBinaryValidationUtility /var/folders/3w/91hphlzs0rv_1twbkfyhvn6m0000gn/T/condisco-preflight.fRP9FS/DerivedData/Build/Products/Debug-iphonesimulator/Condisco.app/PlugIns/CondiscoWidget.appex -signing-cert - -info-plist-path /var/folders/3w/91hphlzs0rv_1twbkfyhvn6m0000gn/T/condisco-preflight.fRP9FS/DerivedData/Build/Products/Debug-iphonesimulator/Condisco.app/Info.plist

RegisterExecutionPolicyException /var/folders/3w/91hphlzs0rv_1twbkfyhvn6m0000gn/T/condisco-preflight.fRP9FS/DerivedData/Build/Products/Debug-iphonesimulator/Condisco.app (in target 'Condisco' from project 'Condisco')
    cd /Users/spkoehl/Projects/VerbaLibera
    builtin-RegisterExecutionPolicyException /var/folders/3w/91hphlzs0rv_1twbkfyhvn6m0000gn/T/condisco-preflight.fRP9FS/DerivedData/Build/Products/Debug-iphonesimulator/Condisco.app

Validate /var/folders/3w/91hphlzs0rv_1twbkfyhvn6m0000gn/T/condisco-preflight.fRP9FS/DerivedData/Build/Products/Debug-iphonesimulator/Condisco.app (in target 'Condisco' from project 'Condisco')
    cd /Users/spkoehl/Projects/VerbaLibera
    builtin-validationUtility /var/folders/3w/91hphlzs0rv_1twbkfyhvn6m0000gn/T/condisco-preflight.fRP9FS/DerivedData/Build/Products/Debug-iphonesimulator/Condisco.app -shallow-bundle -infoplist-subpath Info.plist

Touch /var/folders/3w/91hphlzs0rv_1twbkfyhvn6m0000gn/T/condisco-preflight.fRP9FS/DerivedData/Build/Products/Debug-iphonesimulator/Condisco.app (in target 'Condisco' from project 'Condisco')
    cd /Users/spkoehl/Projects/VerbaLibera
    /usr/bin/touch -c /var/folders/3w/91hphlzs0rv_1twbkfyhvn6m0000gn/T/condisco-preflight.fRP9FS/DerivedData/Build/Products/Debug-iphonesimulator/Condisco.app

ProcessInfoPlistFile /var/folders/3w/91hphlzs0rv_1twbkfyhvn6m0000gn/T/condisco-preflight.fRP9FS/DerivedData/Build/Products/Debug-iphonesimulator/CondiscoUITests-Runner.app/PlugIns/CondiscoUITests.xctest/Info.plist /var/folders/3w/91hphlzs0rv_1twbkfyhvn6m0000gn/T/condisco-preflight.fRP9FS/DerivedData/Build/Intermediates.noindex/Condisco.build/Debug-iphonesimulator/CondiscoUITests.build/empty-CondiscoUITests.plist (in target 'CondiscoUITests' from project 'Condisco')
    cd /Users/spkoehl/Projects/VerbaLibera
    builtin-infoPlistUtility /var/folders/3w/91hphlzs0rv_1twbkfyhvn6m0000gn/T/condisco-preflight.fRP9FS/DerivedData/Build/Intermediates.noindex/Condisco.build/Debug-iphonesimulator/CondiscoUITests.build/empty-CondiscoUITests.plist -producttype com.apple.product-type.bundle.ui-testing -expandbuildsettings -format binary -platform iphonesimulator -additionalcontentfile /var/folders/3w/91hphlzs0rv_1twbkfyhvn6m0000gn/T/condisco-preflight.fRP9FS/DerivedData/Build/Intermediates.noindex/Condisco.build/Debug-iphonesimulator/CondiscoUITests.build/ProductTypeInfoPlistAdditions.plist -o /var/folders/3w/91hphlzs0rv_1twbkfyhvn6m0000gn/T/condisco-preflight.fRP9FS/DerivedData/Build/Products/Debug-iphonesimulator/CondiscoUITests-Runner.app/PlugIns/CondiscoUITests.xctest/Info.plist

Ld /var/folders/3w/91hphlzs0rv_1twbkfyhvn6m0000gn/T/condisco-preflight.fRP9FS/DerivedData/Build/Products/Debug-iphonesimulator/CondiscoUITests-Runner.app/PlugIns/CondiscoUITests.xctest/CondiscoUITests normal (in target 'CondiscoUITests' from project 'Condisco')
    cd /Users/spkoehl/Projects/VerbaLibera
    /Applications/Xcode.app/Contents/Developer/Toolchains/XcodeDefault.xctoolchain/usr/bin/clang -Xlinker -reproducible -target arm64-apple-ios17.0-simulator -bundle -isysroot /Applications/Xcode.app/Contents/Developer/Platforms/iPhoneSimulator.platform/Developer/SDKs/iPhoneSimulator27.0.sdk -O0 -Xlinker -no_warn_duplicate_libraries -L/var/folders/3w/91hphlzs0rv_1twbkfyhvn6m0000gn/T/condisco-preflight.fRP9FS/DerivedData/Build/Intermediates.noindex/EagerLinkingTBDs/Debug-iphonesimulator -L/var/folders/3w/91hphlzs0rv_1twbkfyhvn6m0000gn/T/condisco-preflight.fRP9FS/DerivedData/Build/Products/Debug-iphonesimulator -L/Applications/Xcode.app/Contents/Developer/Platforms/iPhoneSimulator.platform/Developer/usr/lib -F/var/folders/3w/91hphlzs0rv_1twbkfyhvn6m0000gn/T/condisco-preflight.fRP9FS/DerivedData/Build/Intermediates.noindex/EagerLinkingTBDs/Debug-iphonesimulator -F/var/folders/3w/91hphlzs0rv_1twbkfyhvn6m0000gn/T/condisco-preflight.fRP9FS/DerivedData/Build/Products/Debug-iphonesimulator -iframework /Applications/Xcode.app/Contents/Developer/Platforms/iPhoneSimulator.platform/Developer/Library/Frameworks -iframework /Applications/Xcode.app/Contents/Developer/Platforms/iPhoneSimulator.platform/Developer/SDKs/iPhoneSimulator27.0.sdk/Developer/Library/Frameworks -filelist /var/folders/3w/91hphlzs0rv_1twbkfyhvn6m0000gn/T/condisco-preflight.fRP9FS/DerivedData/Build/Intermediates.noindex/Condisco.build/Debug-iphonesimulator/CondiscoUITests.build/Objects-normal/arm64/CondiscoUITests.LinkFileList -Xlinker -rpath -Xlinker /usr/lib/swift -Xlinker -rpath -Xlinker @loader_path/Frameworks -Xlinker -dead_strip -Xlinker -object_path_lto -Xlinker /var/folders/3w/91hphlzs0rv_1twbkfyhvn6m0000gn/T/condisco-preflight.fRP9FS/DerivedData/Build/Intermediates.noindex/Condisco.build/Debug-iphonesimulator/CondiscoUITests.build/Objects-normal/arm64/CondiscoUITests_lto.o -rdynamic -Xlinker -no_deduplicate -Xlinker -objc_abi_version -Xlinker 2 -Xlinker -dependency_info -Xlinker /var/folders/3w/91hphlzs0rv_1twbkfyhvn6m0000gn/T/condisco-preflight.fRP9FS/DerivedData/Build/Intermediates.noindex/Condisco.build/Debug-iphonesimulator/CondiscoUITests.build/Objects-normal/arm64/CondiscoUITests_dependency_info.dat -fobjc-link-runtime -L/Applications/Xcode.app/Contents/Developer/Toolchains/XcodeDefault.xctoolchain/usr/lib/swift/iphonesimulator -L/usr/lib/swift -Xlinker -add_ast_path -Xlinker /var/folders/3w/91hphlzs0rv_1twbkfyhvn6m0000gn/T/condisco-preflight.fRP9FS/DerivedData/Build/Intermediates.noindex/Condisco.build/Debug-iphonesimulator/CondiscoUITests.build/Objects-normal/arm64/CondiscoUITests.swiftmodule -Xlinker -needed_framework -Xlinker XCTest -framework XCTest -Xlinker -needed-lXCTestSwiftSupport -lXCTestSwiftSupport -Xlinker -sectcreate -Xlinker __TEXT -Xlinker __entitlements -Xlinker /var/folders/3w/91hphlzs0rv_1twbkfyhvn6m0000gn/T/condisco-preflight.fRP9FS/DerivedData/Build/Intermediates.noindex/Condisco.build/Debug-iphonesimulator/CondiscoUITests.build/CondiscoUITests.xctest-Simulated.xcent -Xlinker -sectcreate -Xlinker __TEXT -Xlinker __ents_der -Xlinker /var/folders/3w/91hphlzs0rv_1twbkfyhvn6m0000gn/T/condisco-preflight.fRP9FS/DerivedData/Build/Intermediates.noindex/Condisco.build/Debug-iphonesimulator/CondiscoUITests.build/CondiscoUITests.xctest-Simulated.xcent.der -Xlinker -no_adhoc_codesign -o /var/folders/3w/91hphlzs0rv_1twbkfyhvn6m0000gn/T/condisco-preflight.fRP9FS/DerivedData/Build/Products/Debug-iphonesimulator/CondiscoUITests-Runner.app/PlugIns/CondiscoUITests.xctest/CondiscoUITests

CopySwiftLibs /var/folders/3w/91hphlzs0rv_1twbkfyhvn6m0000gn/T/condisco-preflight.fRP9FS/DerivedData/Build/Products/Debug-iphonesimulator/CondiscoUITests-Runner.app/PlugIns/CondiscoUITests.xctest (in target 'CondiscoUITests' from project 'Condisco')
    cd /Users/spkoehl/Projects/VerbaLibera
    builtin-swiftStdLibTool --copy --verbose --sign - --scan-executable /var/folders/3w/91hphlzs0rv_1twbkfyhvn6m0000gn/T/condisco-preflight.fRP9FS/DerivedData/Build/Products/Debug-iphonesimulator/CondiscoUITests-Runner.app/PlugIns/CondiscoUITests.xctest/CondiscoUITests --scan-folder /var/folders/3w/91hphlzs0rv_1twbkfyhvn6m0000gn/T/condisco-preflight.fRP9FS/DerivedData/Build/Products/Debug-iphonesimulator/CondiscoUITests-Runner.app/PlugIns/CondiscoUITests.xctest/Frameworks --scan-folder /var/folders/3w/91hphlzs0rv_1twbkfyhvn6m0000gn/T/condisco-preflight.fRP9FS/DerivedData/Build/Products/Debug-iphonesimulator/CondiscoUITests-Runner.app/PlugIns/CondiscoUITests.xctest/PlugIns --scan-folder /var/folders/3w/91hphlzs0rv_1twbkfyhvn6m0000gn/T/condisco-preflight.fRP9FS/DerivedData/Build/Products/Debug-iphonesimulator/CondiscoUITests-Runner.app/PlugIns/CondiscoUITests.xctest/SystemExtensions --scan-folder /var/folders/3w/91hphlzs0rv_1twbkfyhvn6m0000gn/T/condisco-preflight.fRP9FS/DerivedData/Build/Products/Debug-iphonesimulator/CondiscoUITests-Runner.app/PlugIns/CondiscoUITests.xctest/Extensions --platform iphonesimulator --toolchain /Applications/Xcode.app/Contents/Developer/Toolchains/XcodeDefault.xctoolchain --destination /var/folders/3w/91hphlzs0rv_1twbkfyhvn6m0000gn/T/condisco-preflight.fRP9FS/DerivedData/Build/Products/Debug-iphonesimulator/CondiscoUITests-Runner.app/PlugIns/CondiscoUITests.xctest/Frameworks --strip-bitcode --scan-executable /Applications/Xcode.app/Contents/Developer/Platforms/iPhoneSimulator.platform/Developer/usr/lib/libXCTestSwiftSupport.dylib --strip-bitcode-tool /Applications/Xcode.app/Contents/Developer/Toolchains/XcodeDefault.xctoolchain/usr/bin/bitcode_strip --emit-dependency-info /var/folders/3w/91hphlzs0rv_1twbkfyhvn6m0000gn/T/condisco-preflight.fRP9FS/DerivedData/Build/Intermediates.noindex/Condisco.build/Debug-iphonesimulator/CondiscoUITests.build/SwiftStdLibToolInputDependencies.dep --filter-for-swift-os

ExtractAppIntentsMetadata (in target 'CondiscoUITests' from project 'Condisco')
    cd /Users/spkoehl/Projects/VerbaLibera
    /Applications/Xcode.app/Contents/Developer/Toolchains/XcodeDefault.xctoolchain/usr/bin/appintentsmetadataprocessor --toolchain-dir /Applications/Xcode.app/Contents/Developer/Toolchains/XcodeDefault.xctoolchain --module-name CondiscoUITests --sdk-root /Applications/Xcode.app/Contents/Developer/Platforms/iPhoneSimulator.platform/Developer/SDKs/iPhoneSimulator27.0.sdk --xcode-version 27A266a --platform-family iOS --deployment-target 17.0 --bundle-identifier com.sleuthysloth.condisco.UITests --output /var/folders/3w/91hphlzs0rv_1twbkfyhvn6m0000gn/T/condisco-preflight.fRP9FS/DerivedData/Build/Products/Debug-iphonesimulator/CondiscoUITests-Runner.app/PlugIns/CondiscoUITests.xctest --target-triple arm64-apple-ios17.0-simulator --binary-file /var/folders/3w/91hphlzs0rv_1twbkfyhvn6m0000gn/T/condisco-preflight.fRP9FS/DerivedData/Build/Products/Debug-iphonesimulator/CondiscoUITests-Runner.app/PlugIns/CondiscoUITests.xctest/CondiscoUITests --dependency-file /var/folders/3w/91hphlzs0rv_1twbkfyhvn6m0000gn/T/condisco-preflight.fRP9FS/DerivedData/Build/Intermediates.noindex/Condisco.build/Debug-iphonesimulator/CondiscoUITests.build/Objects-normal/arm64/CondiscoUITests_dependency_info.dat --stringsdata-file /var/folders/3w/91hphlzs0rv_1twbkfyhvn6m0000gn/T/condisco-preflight.fRP9FS/DerivedData/Build/Intermediates.noindex/Condisco.build/Debug-iphonesimulator/CondiscoUITests.build/Objects-normal/arm64/ExtractedAppShortcutsMetadata.stringsdata --source-file-list /var/folders/3w/91hphlzs0rv_1twbkfyhvn6m0000gn/T/condisco-preflight.fRP9FS/DerivedData/Build/Intermediates.noindex/Condisco.build/Debug-iphonesimulator/CondiscoUITests.build/Objects-normal/arm64/CondiscoUITests.SwiftFileList --metadata-file-list /var/folders/3w/91hphlzs0rv_1twbkfyhvn6m0000gn/T/condisco-preflight.fRP9FS/DerivedData/Build/Intermediates.noindex/Condisco.build/Debug-iphonesimulator/CondiscoUITests.build/CondiscoUITests.DependencyMetadataFileList --static-metadata-file-list /var/folders/3w/91hphlzs0rv_1twbkfyhvn6m0000gn/T/condisco-preflight.fRP9FS/DerivedData/Build/Intermediates.noindex/Condisco.build/Debug-iphonesimulator/CondiscoUITests.build/CondiscoUITests.DependencyStaticMetadataFileList --swift-const-vals-list /var/folders/3w/91hphlzs0rv_1twbkfyhvn6m0000gn/T/condisco-preflight.fRP9FS/DerivedData/Build/Intermediates.noindex/Condisco.build/Debug-iphonesimulator/CondiscoUITests.build/Objects-normal/arm64/CondiscoUITests.SwiftConstValuesFileList --compile-time-extraction --deployment-aware-processing --no-app-shortcuts-localization
2026-09-26 13:02:45.208 appintentsmetadataprocessor[3634:512045] Starting appintentsmetadataprocessor export
2026-09-26 13:02:45.209 appintentsmetadataprocessor[3634:512045] warning: Metadata extraction skipped, no AppIntents.framework dependency found

AppIntentsSSUTraining (in target 'CondiscoUITests' from project 'Condisco')
    cd /Users/spkoehl/Projects/VerbaLibera
    /Applications/Xcode.app/Contents/Developer/Toolchains/XcodeDefault.xctoolchain/usr/bin/appintentsnltrainingprocessor --infoplist-path /var/folders/3w/91hphlzs0rv_1twbkfyhvn6m0000gn/T/condisco-preflight.fRP9FS/DerivedData/Build/Products/Debug-iphonesimulator/CondiscoUITests-Runner.app/PlugIns/CondiscoUITests.xctest/Info.plist --temp-dir-path /var/folders/3w/91hphlzs0rv_1twbkfyhvn6m0000gn/T/condisco-preflight.fRP9FS/DerivedData/Build/Intermediates.noindex/Condisco.build/Debug-iphonesimulator/CondiscoUITests.build/ssu --bundle-id com.sleuthysloth.condisco.UITests --product-path /var/folders/3w/91hphlzs0rv_1twbkfyhvn6m0000gn/T/condisco-preflight.fRP9FS/DerivedData/Build/Products/Debug-iphonesimulator/CondiscoUITests-Runner.app/PlugIns/CondiscoUITests.xctest --extracted-metadata-path /var/folders/3w/91hphlzs0rv_1twbkfyhvn6m0000gn/T/condisco-preflight.fRP9FS/DerivedData/Build/Products/Debug-iphonesimulator/CondiscoUITests-Runner.app/PlugIns/CondiscoUITests.xctest/Metadata.appintents --metadata-file-list /var/folders/3w/91hphlzs0rv_1twbkfyhvn6m0000gn/T/condisco-preflight.fRP9FS/DerivedData/Build/Intermediates.noindex/Condisco.build/Debug-iphonesimulator/CondiscoUITests.build/CondiscoUITests.DependencyMetadataFileList --source-file /var/folders/3w/91hphlzs0rv_1twbkfyhvn6m0000gn/T/condisco-preflight.fRP9FS/DerivedData/Build/Products/Debug-iphonesimulator/CondiscoUITests-Runner.app/PlugIns/CondiscoUITests.xctest/Info.plist --archive-ssu-assets
2026-09-26 13:02:45.232 appintentsnltrainingprocessor[3635:512046] Parsing options for appintentsnltrainingprocessor
2026-09-26 13:02:45.232 appintentsnltrainingprocessor[3635:512046] Starting AppIntents SSU YAML Generation
2026-09-26 13:02:45.232 appintentsnltrainingprocessor[3635:512046] No AppShortcuts found - Skipping.

CopyAndPreserveArchs /var/folders/3w/91hphlzs0rv_1twbkfyhvn6m0000gn/T/condisco-preflight.fRP9FS/DerivedData/Build/Products/Debug-iphonesimulator/CondiscoUITests-Runner.app/CondiscoUITests-Runner (in target 'CondiscoUITests' from project 'Condisco')
    cd /Users/spkoehl/Projects/VerbaLibera
    /Applications/Xcode.app/Contents/Developer/Toolchains/XcodeDefault.xctoolchain/usr/bin/lipo /Applications/Xcode.app/Contents/Developer/Platforms/iPhoneSimulator.platform/Developer/Library/Xcode/Agents/XCTRunner.app/XCTRunner -output /var/folders/3w/91hphlzs0rv_1twbkfyhvn6m0000gn/T/condisco-preflight.fRP9FS/DerivedData/Build/Products/Debug-iphonesimulator/CondiscoUITests-Runner.app/CondiscoUITests-Runner -extract arm64

MkDir /var/folders/3w/91hphlzs0rv_1twbkfyhvn6m0000gn/T/condisco-preflight.fRP9FS/DerivedData/Build/Products/Debug-iphonesimulator/CondiscoUITests-Runner.app (in target 'CondiscoUITests' from project 'Condisco')
    cd /Users/spkoehl/Projects/VerbaLibera
    /bin/mkdir -p /var/folders/3w/91hphlzs0rv_1twbkfyhvn6m0000gn/T/condisco-preflight.fRP9FS/DerivedData/Build/Products/Debug-iphonesimulator/CondiscoUITests-Runner.app

Copy /var/folders/3w/91hphlzs0rv_1twbkfyhvn6m0000gn/T/condisco-preflight.fRP9FS/DerivedData/Build/Products/Debug-iphonesimulator/CondiscoUITests-Runner.app/PkgInfo /Applications/Xcode.app/Contents/Developer/Platforms/iPhoneSimulator.platform/Developer/Library/Xcode/Agents/XCTRunner.app/PkgInfo (in target 'CondiscoUITests' from project 'Condisco')
    cd /Users/spkoehl/Projects/VerbaLibera
    builtin-copy -exclude .DS_Store -exclude CVS -exclude .svn -exclude .git -exclude .hg -resolve-src-symlinks /Applications/Xcode.app/Contents/Developer/Platforms/iPhoneSimulator.platform/Developer/Library/Xcode/Agents/XCTRunner.app/PkgInfo /var/folders/3w/91hphlzs0rv_1twbkfyhvn6m0000gn/T/condisco-preflight.fRP9FS/DerivedData/Build/Products/Debug-iphonesimulator/CondiscoUITests-Runner.app

CopyPlistFile /var/folders/3w/91hphlzs0rv_1twbkfyhvn6m0000gn/T/condisco-preflight.fRP9FS/DerivedData/Build/Products/Debug-iphonesimulator/CondiscoUITests-Runner.app/Info.plist /Applications/Xcode.app/Contents/Developer/Platforms/iPhoneSimulator.platform/Developer/Library/Xcode/Agents/XCTRunner.app/Info.plist (in target 'CondiscoUITests' from project 'Condisco')
    cd /Users/spkoehl/Projects/VerbaLibera
    builtin-copyPlist --validate --convert xml1 --macro-expansion WRAPPEDPRODUCTNAME CondiscoUITests-Runner --macro-expansion WRAPPEDPRODUCTBUNDLEIDENTIFIER com.sleuthysloth.condisco.UITests.xctrunner --macro-expansion TESTPRODUCTNAME CondiscoUITests --macro-expansion TESTPRODUCTBUNDLEIDENTIFIER com.sleuthysloth.condisco.UITests --copy-value UIDeviceFamily /var/folders/3w/91hphlzs0rv_1twbkfyhvn6m0000gn/T/condisco-preflight.fRP9FS/DerivedData/Build/Products/Debug-iphonesimulator/CondiscoUITests-Runner.app/PlugIns/CondiscoUITests.xctest/Info.plist --outdir /var/folders/3w/91hphlzs0rv_1twbkfyhvn6m0000gn/T/condisco-preflight.fRP9FS/DerivedData/Build/Products/Debug-iphonesimulator/CondiscoUITests-Runner.app -- /Applications/Xcode.app/Contents/Developer/Platforms/iPhoneSimulator.platform/Developer/Library/Xcode/Agents/XCTRunner.app/Info.plist

CodeSign /var/folders/3w/91hphlzs0rv_1twbkfyhvn6m0000gn/T/condisco-preflight.fRP9FS/DerivedData/Build/Products/Debug-iphonesimulator/CondiscoUITests-Runner.app/PlugIns/CondiscoUITests.xctest (in target 'CondiscoUITests' from project 'Condisco')
    cd /Users/spkoehl/Projects/VerbaLibera
    
    Signing Identity:     "Sign to Run Locally"
    
    /usr/bin/codesign --force --sign - --timestamp\=none --generate-entitlement-der /var/folders/3w/91hphlzs0rv_1twbkfyhvn6m0000gn/T/condisco-preflight.fRP9FS/DerivedData/Build/Products/Debug-iphonesimulator/CondiscoUITests-Runner.app/PlugIns/CondiscoUITests.xctest

CodeSign /var/folders/3w/91hphlzs0rv_1twbkfyhvn6m0000gn/T/condisco-preflight.fRP9FS/DerivedData/Build/Products/Debug-iphonesimulator/CondiscoUITests-Runner.app (in target 'CondiscoUITests' from project 'Condisco')
    cd /Users/spkoehl/Projects/VerbaLibera
    
    Signing Identity:     "Sign to Run Locally"
    
    /usr/bin/codesign --force --sign - --timestamp\=none --generate-entitlement-der /var/folders/3w/91hphlzs0rv_1twbkfyhvn6m0000gn/T/condisco-preflight.fRP9FS/DerivedData/Build/Products/Debug-iphonesimulator/CondiscoUITests-Runner.app
/var/folders/3w/91hphlzs0rv_1twbkfyhvn6m0000gn/T/condisco-preflight.fRP9FS/DerivedData/Build/Products/Debug-iphonesimulator/CondiscoUITests-Runner.app: replacing existing signature

RegisterExecutionPolicyException /var/folders/3w/91hphlzs0rv_1twbkfyhvn6m0000gn/T/condisco-preflight.fRP9FS/DerivedData/Build/Products/Debug-iphonesimulator/CondiscoUITests-Runner.app/PlugIns/CondiscoUITests.xctest (in target 'CondiscoUITests' from project 'Condisco')
    cd /Users/spkoehl/Projects/VerbaLibera
    builtin-RegisterExecutionPolicyException /var/folders/3w/91hphlzs0rv_1twbkfyhvn6m0000gn/T/condisco-preflight.fRP9FS/DerivedData/Build/Products/Debug-iphonesimulator/CondiscoUITests-Runner.app/PlugIns/CondiscoUITests.xctest

Touch /var/folders/3w/91hphlzs0rv_1twbkfyhvn6m0000gn/T/condisco-preflight.fRP9FS/DerivedData/Build/Products/Debug-iphonesimulator/CondiscoUITests-Runner.app/PlugIns/CondiscoUITests.xctest (in target 'CondiscoUITests' from project 'Condisco')
    cd /Users/spkoehl/Projects/VerbaLibera
    /usr/bin/touch -c /var/folders/3w/91hphlzs0rv_1twbkfyhvn6m0000gn/T/condisco-preflight.fRP9FS/DerivedData/Build/Products/Debug-iphonesimulator/CondiscoUITests-Runner.app/PlugIns/CondiscoUITests.xctest

PruneExplicitPrecompiledModules /var/folders/3w/91hphlzs0rv_1twbkfyhvn6m0000gn/T/condisco-preflight.fRP9FS/DerivedData/Build/Intermediates.noindex/ExplicitPrecompiledModules

PruneExplicitPrecompiledModules /var/folders/3w/91hphlzs0rv_1twbkfyhvn6m0000gn/T/condisco-preflight.fRP9FS/DerivedData/Build/Intermediates.noindex/SwiftExplicitPrecompiledModules

PruneExplicitPrecompiledModules /var/folders/3w/91hphlzs0rv_1twbkfyhvn6m0000gn/T/condisco-preflight.fRP9FS/DerivedData/SDKExplicitPrecompiledModules

2026-09-26 13:03:45.855494-0700 Condisco[4095:514504] [XPCErrors] non-launching port is incompatible with service identifier "com.apple.PointerUI.pointeruid.default-service"
2026-09-26 13:03:45.865126-0700 Condisco[4095:514504] [API] cannot add handler to 0 from 0 - dropping
2026-09-26 13:03:45.868515-0700 Condisco[4095:514504] [API] cannot add handler to 0 from 0 - dropping
2026-09-26 13:03:45.869373-0700 Condisco[4095:514504] [API] cannot add handler to 0 from 0 - dropping
2026-09-26 13:03:45.869477-0700 Condisco[4095:514504] [API] cannot add handler to 0 from 0 - dropping
Test Suite 'All tests' started at 2026-09-26 13:03:48.140.
Test Suite 'CondiscoTests.xctest' started at 2026-09-26 13:03:48.141.
Test Suite 'ActivityEvaluationTests' started at 2026-09-26 13:03:48.142.
Test Case '-[CondiscoTests.ActivityEvaluationTests testAssistanceTaintsOnlyPerActivityKinds]' started.
Test Case '-[CondiscoTests.ActivityEvaluationTests testAssistanceTaintsOnlyPerActivityKinds]' passed (0.007 seconds).
Test Case '-[CondiscoTests.ActivityEvaluationTests testClozeAllOrNothingGrading]' started.
Test Case '-[CondiscoTests.ActivityEvaluationTests testClozeAllOrNothingGrading]' passed (0.004 seconds).
Test Case '-[CondiscoTests.ActivityEvaluationTests testHintTextForClozeUsesFirstAnswerLetter]' started.
Test Case '-[CondiscoTests.ActivityEvaluationTests testHintTextForClozeUsesFirstAnswerLetter]' passed (0.001 seconds).
Test Case '-[CondiscoTests.ActivityEvaluationTests testInformationActivityRequiresContinue]' started.
Test Case '-[CondiscoTests.ActivityEvaluationTests testInformationActivityRequiresContinue]' passed (0.007 seconds).
Test Case '-[CondiscoTests.ActivityEvaluationTests testMatchingEvaluation]' started.
Test Case '-[CondiscoTests.ActivityEvaluationTests testMatchingEvaluation]' passed (0.001 seconds).
Test Case '-[CondiscoTests.ActivityEvaluationTests testOrderingEvaluation]' started.
Test Case '-[CondiscoTests.ActivityEvaluationTests testOrderingEvaluation]' passed (0.001 seconds).
Test Case '-[CondiscoTests.ActivityEvaluationTests testSelectionCorrectAndIncorrect]' started.
Test Case '-[CondiscoTests.ActivityEvaluationTests testSelectionCorrectAndIncorrect]' passed (0.001 seconds).
Test Case '-[CondiscoTests.ActivityEvaluationTests testSelectionRejectsMalformedSelections]' started.
Test Case '-[CondiscoTests.ActivityEvaluationTests testSelectionRejectsMalformedSelections]' passed (0.001 seconds).
Test Case '-[CondiscoTests.ActivityEvaluationTests testTextActivityGrading]' started.
Test Case '-[CondiscoTests.ActivityEvaluationTests testTextActivityGrading]' passed (0.004 seconds).
Test Case '-[CondiscoTests.ActivityEvaluationTests testValidDraftHelper]' started.
Test Case '-[CondiscoTests.ActivityEvaluationTests testValidDraftHelper]' passed (0.000 seconds).
Test Suite 'ActivityEvaluationTests' passed at 2026-09-26 13:03:48.172.
	 Executed 10 tests, with 0 failures (0 unexpected) in 0.026 (0.030) seconds
Test Suite 'AnswerEngineTests' started at 2026-09-26 13:03:48.174.
Test Case '-[CondiscoTests.AnswerEngineTests testAcceptedAlternativeTagsSecondForm]' started.
Test Case '-[CondiscoTests.AnswerEngineTests testAcceptedAlternativeTagsSecondForm]' passed (0.003 seconds).
Test Case '-[CondiscoTests.AnswerEngineTests testAuthoredErrorHitsCategoryAndExplains]' started.
Test Case '-[CondiscoTests.AnswerEngineTests testAuthoredErrorHitsCategoryAndExplains]' passed (0.043 seconds).
Test Case '-[CondiscoTests.AnswerEngineTests testBlankAndOverlongResponsesRejected]' started.
Test Case '-[CondiscoTests.AnswerEngineTests testBlankAndOverlongResponsesRejected]' passed (0.001 seconds).
Test Case '-[CondiscoTests.AnswerEngineTests testBoundedEditDistance]' started.
Test Case '-[CondiscoTests.AnswerEngineTests testBoundedEditDistance]' passed (0.001 seconds).
Test Case '-[CondiscoTests.AnswerEngineTests testCaseAndPunctuationAndWhitespaceTolerance]' started.
Test Case '-[CondiscoTests.AnswerEngineTests testCaseAndPunctuationAndWhitespaceTolerance]' passed (0.001 seconds).
Test Case '-[CondiscoTests.AnswerEngineTests testExactMatchGivesFullCredit]' started.
Test Case '-[CondiscoTests.AnswerEngineTests testExactMatchGivesFullCredit]' passed (0.001 seconds).
Test Case '-[CondiscoTests.AnswerEngineTests testExtraWordDetected]' started.
Test Case '-[CondiscoTests.AnswerEngineTests testExtraWordDetected]' passed (0.001 seconds).
Test Case '-[CondiscoTests.AnswerEngineTests testMissingWordDetected]' started.
Test Case '-[CondiscoTests.AnswerEngineTests testMissingWordDetected]' passed (0.001 seconds).
Test Case '-[CondiscoTests.AnswerEngineTests testNormalizePrimitives]' started.
Test Case '-[CondiscoTests.AnswerEngineTests testNormalizePrimitives]' passed (0.001 seconds).
Test Case '-[CondiscoTests.AnswerEngineTests testTypoAcceptedAsPartialCreditWhenAllowed]' started.
Test Case '-[CondiscoTests.AnswerEngineTests testTypoAcceptedAsPartialCreditWhenAllowed]' passed (0.001 seconds).
Test Case '-[CondiscoTests.AnswerEngineTests testTypoRejectedWhenStrict]' started.
Test Case '-[CondiscoTests.AnswerEngineTests testTypoRejectedWhenStrict]' passed (0.001 seconds).
Test Case '-[CondiscoTests.AnswerEngineTests testWordOrderProblemDetected]' started.
Test Case '-[CondiscoTests.AnswerEngineTests testWordOrderProblemDetected]' passed (0.001 seconds).
Test Case '-[CondiscoTests.AnswerEngineTests testWrongAnswerRejected]' started.
Test Case '-[CondiscoTests.AnswerEngineTests testWrongAnswerRejected]' passed (0.001 seconds).
Test Suite 'AnswerEngineTests' passed at 2026-09-26 13:03:48.244.
	 Executed 13 tests, with 0 failures (0 unexpected) in 0.055 (0.070) seconds
Test Suite 'DataExportTests' started at 2026-09-26 13:03:48.244.
Test Case '-[CondiscoTests.DataExportTests testExportContainsEventsCheckpointTombstonesPhrasesAndListenState]' started.
Test Case '-[CondiscoTests.DataExportTests testExportContainsEventsCheckpointTombstonesPhrasesAndListenState]' passed (0.028 seconds).
Test Case '-[CondiscoTests.DataExportTests testExportContainsNoSecretsRecordingsOrDeviceBookkeeping]' started.
Test Case '-[CondiscoTests.DataExportTests testExportContainsNoSecretsRecordingsOrDeviceBookkeeping]' passed (0.012 seconds).
Test Case '-[CondiscoTests.DataExportTests testExportHeaderHasFormatVersionAndAppIdentifier]' started.
Test Case '-[CondiscoTests.DataExportTests testExportHeaderHasFormatVersionAndAppIdentifier]' passed (0.008 seconds).
Test Case '-[CondiscoTests.DataExportTests testExportIncludesPlacementRecommendations]' started.
Test Case '-[CondiscoTests.DataExportTests testExportIncludesPlacementRecommendations]' passed (0.010 seconds).
Test Case '-[CondiscoTests.DataExportTests testExportRoundTripsIdentifiersAndRawTimestamps]' started.
Test Case '-[CondiscoTests.DataExportTests testExportRoundTripsIdentifiersAndRawTimestamps]' passed (0.008 seconds).
Test Suite 'DataExportTests' passed at 2026-09-26 13:03:48.311.
	 Executed 5 tests, with 0 failures (0 unexpected) in 0.065 (0.067) seconds
Test Suite 'FsrsStateTests' started at 2026-09-26 13:03:48.311.
Test Case '-[CondiscoTests.FsrsStateTests testFirstGoodReviewInitializesState]' started.
Test Case '-[CondiscoTests.FsrsStateTests testFirstGoodReviewInitializesState]' passed (0.001 seconds).
Test Case '-[CondiscoTests.FsrsStateTests testGradeForAttemptMapsOutcomes]' started.
Test Case '-[CondiscoTests.FsrsStateTests testGradeForAttemptMapsOutcomes]' passed (0.001 seconds).
Test Case '-[CondiscoTests.FsrsStateTests testLegacyPayloadWithoutRepetitionsDefaultsToZero]' started.
Test Case '-[CondiscoTests.FsrsStateTests testLegacyPayloadWithoutRepetitionsDefaultsToZero]' passed (0.002 seconds).
Test Case '-[CondiscoTests.FsrsStateTests testLegacySM2PayloadDecodesTolerantly]' started.
Test Case '-[CondiscoTests.FsrsStateTests testLegacySM2PayloadDecodesTolerantly]' passed (0.001 seconds).
Test Case '-[CondiscoTests.FsrsStateTests testRoundTripEncodeDecode]' started.
Test Case '-[CondiscoTests.FsrsStateTests testRoundTripEncodeDecode]' passed (0.000 seconds).
Test Suite 'FsrsStateTests' passed at 2026-09-26 13:03:48.317.
	 Executed 5 tests, with 0 failures (0 unexpected) in 0.005 (0.006) seconds
Test Suite 'ImportRestoreTests' started at 2026-09-26 13:03:48.317.
Test Case '-[CondiscoTests.ImportRestoreTests testConflictingEventIDAbortsImportLeavingStoreByteIdentical]' started.
Test Case '-[CondiscoTests.ImportRestoreTests testConflictingEventIDAbortsImportLeavingStoreByteIdentical]' passed (0.014 seconds).
Test Case '-[CondiscoTests.ImportRestoreTests testDanglingStepCompletionRejected]' started.
Test Case '-[CondiscoTests.ImportRestoreTests testDanglingStepCompletionRejected]' passed (0.002 seconds).
Test Case '-[CondiscoTests.ImportRestoreTests testDuplicateEventIDsRejected]' started.
Test Case '-[CondiscoTests.ImportRestoreTests testDuplicateEventIDsRejected]' passed (0.002 seconds).
Test Case '-[CondiscoTests.ImportRestoreTests testEventForPackNotInBundleIsRetained]' started.
Test Case '-[CondiscoTests.ImportRestoreTests testEventForPackNotInBundleIsRetained]' passed (0.008 seconds).
Test Case '-[CondiscoTests.ImportRestoreTests testInvalidListenPositionRejectedZeroWrites]' started.
Test Case '-[CondiscoTests.ImportRestoreTests testInvalidListenPositionRejectedZeroWrites]' passed (0.013 seconds).
Test Case '-[CondiscoTests.ImportRestoreTests testLegacyExportWithoutFormatVersionImports]' started.
Test Case '-[CondiscoTests.ImportRestoreTests testLegacyExportWithoutFormatVersionImports]' passed (0.016 seconds).
Test Case '-[CondiscoTests.ImportRestoreTests testOversizedFileRejectedBySizeCap]' started.
Test Case '-[CondiscoTests.ImportRestoreTests testOversizedFileRejectedBySizeCap]' passed (0.014 seconds).
Test Case '-[CondiscoTests.ImportRestoreTests testRepeatImportIsANoOp]' started.
Test Case '-[CondiscoTests.ImportRestoreTests testRepeatImportIsANoOp]' passed (0.008 seconds).
Test Case '-[CondiscoTests.ImportRestoreTests testTruncatedAndCorruptJSONRejectedWithZeroWrites]' started.
Test Case '-[CondiscoTests.ImportRestoreTests testTruncatedAndCorruptJSONRejectedWithZeroWrites]' passed (0.007 seconds).
Test Case '-[CondiscoTests.ImportRestoreTests testUnsupportedFormatVersionRejectedZeroWrites]' started.
Test Case '-[CondiscoTests.ImportRestoreTests testUnsupportedFormatVersionRejectedZeroWrites]' passed (0.007 seconds).
Test Case '-[CondiscoTests.ImportRestoreTests testValidFormat1ImportRestoresCountsIdentifiersAndProjections]' started.
Test Case '-[CondiscoTests.ImportRestoreTests testValidFormat1ImportRestoresCountsIdentifiersAndProjections]' passed (0.015 seconds).
Test Case '-[CondiscoTests.ImportRestoreTests testWrongAppMarkerRejected]' started.
Test Case '-[CondiscoTests.ImportRestoreTests testWrongAppMarkerRejected]' passed (0.001 seconds).
Test Suite 'ImportRestoreTests' passed at 2026-09-26 13:03:48.430.
	 Executed 12 tests, with 0 failures (0 unexpected) in 0.108 (0.113) seconds
Test Suite 'LearningStoreTests' started at 2026-09-26 13:03:48.430.
Test Case '-[CondiscoTests.LearningStoreTests testAttemptProjectRoundTrip]' started.
Test Case '-[CondiscoTests.LearningStoreTests testAttemptProjectRoundTrip]' passed (0.010 seconds).
Test Case '-[CondiscoTests.LearningStoreTests testCheckpointSaveLoadRoundTrip]' started.
Test Case '-[CondiscoTests.LearningStoreTests testCheckpointSaveLoadRoundTrip]' passed (0.010 seconds).
Test Case '-[CondiscoTests.LearningStoreTests testClearCheckpointRecordsTombstone]' started.
Test Case '-[CondiscoTests.LearningStoreTests testClearCheckpointRecordsTombstone]' passed (0.008 seconds).
Test Case '-[CondiscoTests.LearningStoreTests testCorruptEventIdsStableOrderAndFirstBadRowNamed]' started.
Test Case '-[CondiscoTests.LearningStoreTests testCorruptEventIdsStableOrderAndFirstBadRowNamed]' passed (0.015 seconds).
Test Case '-[CondiscoTests.LearningStoreTests testCorruptRowIsNeverUploaded]' started.
Test Case '-[CondiscoTests.LearningStoreTests testCorruptRowIsNeverUploaded]' passed (0.015 seconds).
Test Case '-[CondiscoTests.LearningStoreTests testCorruptStoredEventPayloadRawLogsThrowTypedErrorNotCrash]' started.
Test Case '-[CondiscoTests.LearningStoreTests testCorruptStoredEventPayloadRawLogsThrowTypedErrorNotCrash]' passed (0.011 seconds).
Test Case '-[CondiscoTests.LearningStoreTests testCorruptStoredEventPayloadStillProjectsAndSyncs]' started.
Test Case '-[CondiscoTests.LearningStoreTests testCorruptStoredEventPayloadStillProjectsAndSyncs]' passed (0.011 seconds).
Test Case '-[CondiscoTests.LearningStoreTests testDueEvidenceIncludesScheduledKey]' started.
Test Case '-[CondiscoTests.LearningStoreTests testDueEvidenceIncludesScheduledKey]' passed (0.009 seconds).
Test Case '-[CondiscoTests.LearningStoreTests testDuplicateConflictingRecordThrowsConflict]' started.
Test Case '-[CondiscoTests.LearningStoreTests testDuplicateConflictingRecordThrowsConflict]' passed (0.009 seconds).
Test Case '-[CondiscoTests.LearningStoreTests testDuplicateIdenticalRecordDoesNotDuplicateRows]' started.
Test Case '-[CondiscoTests.LearningStoreTests testDuplicateIdenticalRecordDoesNotDuplicateRows]' passed (0.009 seconds).
Test Case '-[CondiscoTests.LearningStoreTests testDuplicateWithReorderedKeyPayloadIsNoOp]' started.
Test Case '-[CondiscoTests.LearningStoreTests testDuplicateWithReorderedKeyPayloadIsNoOp]' passed (0.011 seconds).
Test Case '-[CondiscoTests.LearningStoreTests testFailureAttemptIncrementsFailures]' started.
Test Case '-[CondiscoTests.LearningStoreTests testFailureAttemptIncrementsFailures]' passed (0.008 seconds).
Test Case '-[CondiscoTests.LearningStoreTests testIngestSyncedConflictingSameIdDoesNotDuplicateRows]' started.
Test Case '-[CondiscoTests.LearningStoreTests testIngestSyncedConflictingSameIdDoesNotDuplicateRows]' passed (0.008 seconds).
Test Case '-[CondiscoTests.LearningStoreTests testIngestSyncedContinuesPastCorruptLocalRow]' started.
Test Case '-[CondiscoTests.LearningStoreTests testIngestSyncedContinuesPastCorruptLocalRow]' passed (0.011 seconds).
Test Case '-[CondiscoTests.LearningStoreTests testIngestSyncedMarksEventsUploaded]' started.
Test Case '-[CondiscoTests.LearningStoreTests testIngestSyncedMarksEventsUploaded]' passed (0.007 seconds).
Test Case '-[CondiscoTests.LearningStoreTests testIngestSyncedReplayWithReorderedKeysIsIdempotent]' started.
Test Case '-[CondiscoTests.LearningStoreTests testIngestSyncedReplayWithReorderedKeysIsIdempotent]' passed (0.010 seconds).
Test Case '-[CondiscoTests.LearningStoreTests testKnownMarkCanSkipAndRestoreNextLessonWithoutPracticeEvidence]' started.
Test Case '-[CondiscoTests.LearningStoreTests testKnownMarkCanSkipAndRestoreNextLessonWithoutPracticeEvidence]' passed (0.011 seconds).
Test Case '-[CondiscoTests.LearningStoreTests testKvAndDeviceId]' started.
Test Case '-[CondiscoTests.LearningStoreTests testKvAndDeviceId]' passed (0.008 seconds).
Test Case '-[CondiscoTests.LearningStoreTests testLegacyBuildDatabaseUpgradesInPlaceWithoutDataLoss]' started.
Test Case '-[CondiscoTests.LearningStoreTests testLegacyBuildDatabaseUpgradesInPlaceWithoutDataLoss]' passed (0.021 seconds).
Test Case '-[CondiscoTests.LearningStoreTests testMissionTriedMarkerEmptyValueIsUntried]' started.
Test Case '-[CondiscoTests.LearningStoreTests testMissionTriedMarkerEmptyValueIsUntried]' passed (0.008 seconds).
Test Case '-[CondiscoTests.LearningStoreTests testMissionTriedMarkerLeavesSavedPhrasesUntouched]' started.
Test Case '-[CondiscoTests.LearningStoreTests testMissionTriedMarkerLeavesSavedPhrasesUntouched]' passed (0.008 seconds).
Test Case '-[CondiscoTests.LearningStoreTests testMissionTriedMarkerMissingKeyIsUntried]' started.
Test Case '-[CondiscoTests.LearningStoreTests testMissionTriedMarkerMissingKeyIsUntried]' passed (0.008 seconds).
Test Case '-[CondiscoTests.LearningStoreTests testMissionTriedMarkerRoundTrip]' started.
Test Case '-[CondiscoTests.LearningStoreTests testMissionTriedMarkerRoundTrip]' passed (0.008 seconds).
Test Case '-[CondiscoTests.LearningStoreTests testMissionTriedMarkerUnmarkViaDelete]' started.
Test Case '-[CondiscoTests.LearningStoreTests testMissionTriedMarkerUnmarkViaDelete]' passed (0.008 seconds).
Test Case '-[CondiscoTests.LearningStoreTests testOfflineFirstLocalPathsWorkWithoutSync]' started.
Test Case '-[CondiscoTests.LearningStoreTests testOfflineFirstLocalPathsWorkWithoutSync]' passed (0.014 seconds).
Test Case '-[CondiscoTests.LearningStoreTests testOldPackVersionEventsProjectWithoutLossOrQuarantine]' started.
Test Case '-[CondiscoTests.LearningStoreTests testOldPackVersionEventsProjectWithoutLossOrQuarantine]' passed (0.014 seconds).
Test Case '-[CondiscoTests.LearningStoreTests testPackScopedTolerantReadReturnsGoodEventsAndReportsSkipped]' started.
Test Case '-[CondiscoTests.LearningStoreTests testPackScopedTolerantReadReturnsGoodEventsAndReportsSkipped]' passed (0.012 seconds).
Test Case '-[CondiscoTests.LearningStoreTests testRecordClozeValuesReorderedKeysIsNoOp]' started.
Test Case '-[CondiscoTests.LearningStoreTests testRecordClozeValuesReorderedKeysIsNoOp]' passed (0.013 seconds).
Test Case '-[CondiscoTests.LearningStoreTests testReopenPreservesAllRowsAndDeviceIdentity]' started.
Test Case '-[CondiscoTests.LearningStoreTests testReopenPreservesAllRowsAndDeviceIdentity]' passed (0.013 seconds).
Test Case '-[CondiscoTests.LearningStoreTests testSavedPhraseSaveUnsaveRoundTrip]' started.
Test Case '-[CondiscoTests.LearningStoreTests testSavedPhraseSaveUnsaveRoundTrip]' passed (0.009 seconds).
Test Case '-[CondiscoTests.LearningStoreTests testTwoDeviceCheckpointLastWriteWinsAndTombstoneConvergence]' started.
Test Case '-[CondiscoTests.LearningStoreTests testTwoDeviceCheckpointLastWriteWinsAndTombstoneConvergence]' passed (0.018 seconds).
Test Case '-[CondiscoTests.LearningStoreTests testTwoDeviceEventMergeConvergesWithoutLossOrDuplicates]' started.
Test Case '-[CondiscoTests.LearningStoreTests testTwoDeviceEventMergeConvergesWithoutLossOrDuplicates]' passed (0.027 seconds).
Test Case '-[CondiscoTests.LearningStoreTests testTwoDeviceListenStateLastWriteWins]' started.
Test Case '-[CondiscoTests.LearningStoreTests testTwoDeviceListenStateLastWriteWins]' passed (0.015 seconds).
Test Case '-[CondiscoTests.LearningStoreTests testTwoDeviceSavedPhraseMergeTombstoneAndUnion]' started.
Test Case '-[CondiscoTests.LearningStoreTests testTwoDeviceSavedPhraseMergeTombstoneAndUnion]' passed (0.014 seconds).
Test Case '-[CondiscoTests.LearningStoreTests testWarmUpAttemptReschedulesFsrsIdenticallyToReview]' started.
Test Case '-[CondiscoTests.LearningStoreTests testWarmUpAttemptReschedulesFsrsIdenticallyToReview]' passed (0.036 seconds).
Test Case '-[CondiscoTests.LearningStoreTests testWarmUpEmptyWhenNothingDueEarlier]' started.
Test Case '-[CondiscoTests.LearningStoreTests testWarmUpEmptyWhenNothingDueEarlier]' passed (0.004 seconds).
Test Case '-[CondiscoTests.LearningStoreTests testWarmUpExcludesCurrentLessonEvidenceKeys]' started.
Test Case '-[CondiscoTests.LearningStoreTests testWarmUpExcludesCurrentLessonEvidenceKeys]' passed (0.002 seconds).
Test Case '-[CondiscoTests.LearningStoreTests testWarmUpExcludesReviewFallbackItems]' started.
Test Case '-[CondiscoTests.LearningStoreTests testWarmUpExcludesReviewFallbackItems]' passed (0.002 seconds).
Test Case '-[CondiscoTests.LearningStoreTests testWarmUpLeavesCheckpointSemanticsIntact]' started.
Test Case '-[CondiscoTests.LearningStoreTests testWarmUpLeavesCheckpointSemanticsIntact]' passed (0.031 seconds).
Test Case '-[CondiscoTests.LearningStoreTests testWarmUpNeverDuplicatesWithinMission]' started.
Test Case '-[CondiscoTests.LearningStoreTests testWarmUpNeverDuplicatesWithinMission]' passed (0.003 seconds).
Test Case '-[CondiscoTests.LearningStoreTests testWarmUpSelectsOldestFirstFromEarlierLessonsOnly]' started.
Test Case '-[CondiscoTests.LearningStoreTests testWarmUpSelectsOldestFirstFromEarlierLessonsOnly]' passed (0.005 seconds).
Test Suite 'LearningStoreTests' passed at 2026-09-26 13:03:48.928.
	 Executed 41 tests, with 0 failures (0 unexpected) in 0.475 (0.497) seconds
Test Suite 'LegacyUserDefaultsMigrationTests' started at 2026-09-26 13:03:48.928.
Test Case '-[CondiscoTests.LegacyUserDefaultsMigrationTests testFocusLanguageKeyReadExactlyAsHomeReadsIt]' started.
Test Case '-[CondiscoTests.LegacyUserDefaultsMigrationTests testFocusLanguageKeyReadExactlyAsHomeReadsIt]' passed (0.003 seconds).
Test Case '-[CondiscoTests.LegacyUserDefaultsMigrationTests testLegacyPlacementKeyRoundTripsThroughPlacementStore]' started.
Test Case '-[CondiscoTests.LegacyUserDefaultsMigrationTests testLegacyPlacementKeyRoundTripsThroughPlacementStore]' passed (0.004 seconds).
Test Case '-[CondiscoTests.LegacyUserDefaultsMigrationTests testLegacyReminderKeysReadAtInit]' started.
Test Case '-[CondiscoTests.LegacyUserDefaultsMigrationTests testLegacyReminderKeysReadAtInit]' passed (0.017 seconds).
Test Case '-[CondiscoTests.LegacyUserDefaultsMigrationTests testLegacySignInDisplayNameKeySurvives]' started.
Test Case '-[CondiscoTests.LegacyUserDefaultsMigrationTests testLegacySignInDisplayNameKeySurvives]' passed (0.004 seconds).
Test Case '-[CondiscoTests.LegacyUserDefaultsMigrationTests testLegacyVoiceKeyRoundTripsThroughVoiceStore]' started.
Test Case '-[CondiscoTests.LegacyUserDefaultsMigrationTests testLegacyVoiceKeyRoundTripsThroughVoiceStore]' passed (0.003 seconds).
Test Suite 'LegacyUserDefaultsMigrationTests' passed at 2026-09-26 13:03:48.961.
	 Executed 5 tests, with 0 failures (0 unexpected) in 0.031 (0.033) seconds
Test Suite 'LessonContextTests' started at 2026-09-26 13:03:48.962.
Test Case '-[CondiscoTests.LessonContextTests testRevisitedStoryQuestionDoesNotShowLaterSpoiler]' started.
Test Case '-[CondiscoTests.LessonContextTests testRevisitedStoryQuestionDoesNotShowLaterSpoiler]' passed (0.002 seconds).
Test Case '-[CondiscoTests.LessonContextTests testStoryQuestionShowsMostRecentStoryBeat]' started.
Test Case '-[CondiscoTests.LessonContextTests testStoryQuestionShowsMostRecentStoryBeat]' passed (0.001 seconds).
Test Suite 'LessonContextTests' passed at 2026-09-26 13:03:48.966.
	 Executed 2 tests, with 0 failures (0 unexpected) in 0.003 (0.004) seconds
Test Suite 'LessonSessionTests' started at 2026-09-26 13:03:48.966.
Test Case '-[CondiscoTests.LessonSessionTests testAdvanceOnIncompleteStepThrows]' started.
Test Case '-[CondiscoTests.LessonSessionTests testAdvanceOnIncompleteStepThrows]' passed (0.002 seconds).
Test Case '-[CondiscoTests.LessonSessionTests testAdvanceWithoutEvaluationThrows]' started.
Test Case '-[CondiscoTests.LessonSessionTests testAdvanceWithoutEvaluationThrows]' passed (0.000 seconds).
Test Case '-[CondiscoTests.LessonSessionTests testOpenSupportThrowsWhenStepHasNoSupportActivity]' started.
Test Case '-[CondiscoTests.LessonSessionTests testOpenSupportThrowsWhenStepHasNoSupportActivity]' passed (0.001 seconds).
Test Case '-[CondiscoTests.LessonSessionTests testResumeRestartsOnMissingLesson]' started.
Test Case '-[CondiscoTests.LessonSessionTests testResumeRestartsOnMissingLesson]' passed (0.001 seconds).
Test Case '-[CondiscoTests.LessonSessionTests testResumeRestartsOnRevisionMismatch]' started.
Test Case '-[CondiscoTests.LessonSessionTests testResumeRestartsOnRevisionMismatch]' passed (0.001 seconds).
Test Case '-[CondiscoTests.LessonSessionTests testStartLessonHappyPathRunsToCompletion]' started.
Test Case '-[CondiscoTests.LessonSessionTests testStartLessonHappyPathRunsToCompletion]' passed (0.004 seconds).
Test Case '-[CondiscoTests.LessonSessionTests testUnknownLessonThrows]' started.
Test Case '-[CondiscoTests.LessonSessionTests testUnknownLessonThrows]' passed (0.001 seconds).
Test Case '-[CondiscoTests.LessonSessionTests testWalkTrailCoversLinearLesson]' started.
Test Case '-[CondiscoTests.LessonSessionTests testWalkTrailCoversLinearLesson]' passed (0.001 seconds).
Test Suite 'LessonSessionTests' passed at 2026-09-26 13:03:48.980.
	 Executed 8 tests, with 0 failures (0 unexpected) in 0.010 (0.014) seconds
Test Suite 'MalformedContentTests' started at 2026-09-26 13:03:48.980.
Test Case '-[CondiscoTests.MalformedContentTests testMalformedEventPayloadRejectedAtDecode]' started.
Test Case '-[CondiscoTests.MalformedContentTests testMalformedEventPayloadRejectedAtDecode]' passed (0.001 seconds).
Test Case '-[CondiscoTests.MalformedContentTests testSchemaValidButInvalidPackFailsValidator]' started.
Test Case '-[CondiscoTests.MalformedContentTests testSchemaValidButInvalidPackFailsValidator]' passed (0.002 seconds).
Test Case '-[CondiscoTests.MalformedContentTests testTruncatedPackJSONThrowsSafeDecodingError]' started.
Test Case '-[CondiscoTests.MalformedContentTests testTruncatedPackJSONThrowsSafeDecodingError]' passed (0.001 seconds).
Test Case '-[CondiscoTests.MalformedContentTests testWronglyTypedPackFieldThrowsTypedError]' started.
Test Case '-[CondiscoTests.MalformedContentTests testWronglyTypedPackFieldThrowsTypedError]' passed (0.001 seconds).
Test Case '-[CondiscoTests.MalformedContentTests testWrongSchemaVersionPackThrowsTypedError]' started.
Test Case '-[CondiscoTests.MalformedContentTests testWrongSchemaVersionPackThrowsTypedError]' passed (0.001 seconds).
Test Suite 'MalformedContentTests' passed at 2026-09-26 13:03:48.988.
	 Executed 5 tests, with 0 failures (0 unexpected) in 0.006 (0.008) seconds
Test Suite 'NextLessonTests' started at 2026-09-26 13:03:48.988.
Test Case '-[CondiscoTests.NextLessonTests testContinueDeepLinkParsesToContinueRoute]' started.
Test Case '-[CondiscoTests.NextLessonTests testContinueDeepLinkParsesToContinueRoute]' passed (0.001 seconds).
Test Case '-[CondiscoTests.NextLessonTests testContinueResolutionFullyCompletePackReturnsNil]' started.
Test Case '-[CondiscoTests.NextLessonTests testContinueResolutionFullyCompletePackReturnsNil]' passed (0.002 seconds).
Test Case '-[CondiscoTests.NextLessonTests testContinueResolutionOrphanedCompletedIdsAndOrphanOnlyPack]' started.
Test Case '-[CondiscoTests.NextLessonTests testContinueResolutionOrphanedCompletedIdsAndOrphanOnlyPack]' passed (0.001 seconds).
Test Case '-[CondiscoTests.NextLessonTests testContinueResolutionPartialPackProgress]' started.
Test Case '-[CondiscoTests.NextLessonTests testContinueResolutionPartialPackProgress]' passed (0.001 seconds).
Test Case '-[CondiscoTests.NextLessonTests testHelperReturnsFirstUncompletedInUnitOrder]' started.
Test Case '-[CondiscoTests.NextLessonTests testHelperReturnsFirstUncompletedInUnitOrder]' passed (0.001 seconds).
Test Case '-[CondiscoTests.NextLessonTests testHelperReturnsNilWhenEveryLessonIsComplete]' started.
Test Case '-[CondiscoTests.NextLessonTests testHelperReturnsNilWhenEveryLessonIsComplete]' passed (0.001 seconds).
Test Case '-[CondiscoTests.NextLessonTests testHelperSkipsOrphanedLessonAndStillFindsThePath]' started.
Test Case '-[CondiscoTests.NextLessonTests testHelperSkipsOrphanedLessonAndStillFindsThePath]' passed (0.001 seconds).
Test Case '-[CondiscoTests.NextLessonTests testHelperSkipsOrphanedLessonEvenWhenOnlyItRemains]' started.
Test Case '-[CondiscoTests.NextLessonTests testHelperSkipsOrphanedLessonEvenWhenOnlyItRemains]' passed (0.001 seconds).
Test Case '-[CondiscoTests.NextLessonTests testHomeAndHelperAgreeAcrossProgressLevels]' started.
Test Case '-[CondiscoTests.NextLessonTests testHomeAndHelperAgreeAcrossProgressLevels]' passed (0.003 seconds).
Test Case '-[CondiscoTests.NextLessonTests testHomeWidgetAndDeepLinkResolutionAgreeOnSameCompletedSet]' started.
Test Case '-[CondiscoTests.NextLessonTests testHomeWidgetAndDeepLinkResolutionAgreeOnSameCompletedSet]' passed (0.001 seconds).
Test Case '-[CondiscoTests.NextLessonTests testItalianPastUnitComesBeforeFutureOnThePath]' started.
Test Case '-[CondiscoTests.NextLessonTests testItalianPastUnitComesBeforeFutureOnThePath]' passed (0.001 seconds).
Test Case '-[CondiscoTests.NextLessonTests testKnownAndLegacyCreditsAdvanceHomePath]' started.
Test Case '-[CondiscoTests.NextLessonTests testKnownAndLegacyCreditsAdvanceHomePath]' passed (0.001 seconds).
Test Case '-[CondiscoTests.NextLessonTests testRealFrenchPathOrderMatchesAuthoredOrder]' started.
Test Case '-[CondiscoTests.NextLessonTests testRealFrenchPathOrderMatchesAuthoredOrder]' passed (0.001 seconds).
Test Case '-[CondiscoTests.NextLessonTests testWidgetSnapshotNextLessonMatchesHelper]' started.
Test Case '-[CondiscoTests.NextLessonTests testWidgetSnapshotNextLessonMatchesHelper]' passed (0.001 seconds).
Test Case '-[CondiscoTests.NextLessonTests testWidgetSnapshotPathCompleteWhenFullyCompleted]' started.
Test Case '-[CondiscoTests.NextLessonTests testWidgetSnapshotPathCompleteWhenFullyCompleted]' passed (0.001 seconds).
Test Case '-[CondiscoTests.NextLessonTests testWidgetSnapshotSkipsOrphanedLessons]' started.
Test Case '-[CondiscoTests.NextLessonTests testWidgetSnapshotSkipsOrphanedLessons]' passed (0.001 seconds).
Test Case '-[CondiscoTests.NextLessonTests testWidgetSnapshotUsesFocusPackSelectionLikeRefresh]' started.
Test Case '-[CondiscoTests.NextLessonTests testWidgetSnapshotUsesFocusPackSelectionLikeRefresh]' passed (0.001 seconds).
Test Suite 'NextLessonTests' passed at 2026-09-26 13:03:49.013.
	 Executed 17 tests, with 0 failures (0 unexpected) in 0.019 (0.025) seconds
Test Suite 'PackContentTests' started at 2026-09-26 13:03:49.014.
Test Case '-[CondiscoTests.PackContentTests testPacksLoadValidateAndCoverFiveLanguages]' started.
Test Case '-[CondiscoTests.PackContentTests testPacksLoadValidateAndCoverFiveLanguages]' passed (0.030 seconds).
Test Suite 'PackContentTests' passed at 2026-09-26 13:03:49.045.
	 Executed 1 test, with 0 failures (0 unexpected) in 0.030 (0.031) seconds
Test Suite 'PackFrenchTests' started at 2026-09-26 13:03:49.045.
Test Case '-[CondiscoTests.PackFrenchTests testAuthoredErrorsFireForPlausibleWrongAnswers]' started.
Test Case '-[CondiscoTests.PackFrenchTests testAuthoredErrorsFireForPlausibleWrongAnswers]' passed (0.008 seconds).
Test Case '-[CondiscoTests.PackFrenchTests testBatch1AcceptsNaturalAlternatives]' started.
Test Case '-[CondiscoTests.PackFrenchTests testBatch1AcceptsNaturalAlternatives]' passed (0.002 seconds).
Test Case '-[CondiscoTests.PackFrenchTests testBatch1GradedStepsHaveAuthoredHints]' started.
Test Case '-[CondiscoTests.PackFrenchTests testBatch1GradedStepsHaveAuthoredHints]' passed (0.004 seconds).
Test Case '-[CondiscoTests.PackFrenchTests testBatch1PromptNarrowingHolds]' started.
Test Case '-[CondiscoTests.PackFrenchTests testBatch1PromptNarrowingHolds]' passed (0.001 seconds).
Test Case '-[CondiscoTests.PackFrenchTests testBatch1TextActivitiesAuthorErrors]' started.
Test Case '-[CondiscoTests.PackFrenchTests testBatch1TextActivitiesAuthorErrors]' passed (0.004 seconds).
Test Case '-[CondiscoTests.PackFrenchTests testBatch2AcceptsNaturalAlternatives]' started.
Test Case '-[CondiscoTests.PackFrenchTests testBatch2AcceptsNaturalAlternatives]' passed (0.002 seconds).
Test Case '-[CondiscoTests.PackFrenchTests testBatch2ErrorsFireForPlausibleWrongAnswers]' started.
Test Case '-[CondiscoTests.PackFrenchTests testBatch2ErrorsFireForPlausibleWrongAnswers]' passed (0.009 seconds).
Test Case '-[CondiscoTests.PackFrenchTests testBatch2GradedStepsHaveAuthoredHints]' started.
Test Case '-[CondiscoTests.PackFrenchTests testBatch2GradedStepsHaveAuthoredHints]' passed (0.006 seconds).
Test Case '-[CondiscoTests.PackFrenchTests testBatch2MissionsEndWithTextFinalResponse]' started.
Test Case '-[CondiscoTests.PackFrenchTests testBatch2MissionsEndWithTextFinalResponse]' passed (0.002 seconds).
Test Case '-[CondiscoTests.PackFrenchTests testBatch2TextActivitiesAuthorErrors]' started.
Test Case '-[CondiscoTests.PackFrenchTests testBatch2TextActivitiesAuthorErrors]' passed (0.005 seconds).
Test Case '-[CondiscoTests.PackFrenchTests testBatch3ErrorsFireForPlausibleWrongAnswers]' started.
Test Case '-[CondiscoTests.PackFrenchTests testBatch3ErrorsFireForPlausibleWrongAnswers]' passed (0.007 seconds).
Test Case '-[CondiscoTests.PackFrenchTests testBatch3GradedStepsHaveAuthoredHints]' started.
Test Case '-[CondiscoTests.PackFrenchTests testBatch3GradedStepsHaveAuthoredHints]' passed (0.005 seconds).
Test Case '-[CondiscoTests.PackFrenchTests testBatch3PromptAnswerAlignmentHolds]' started.
Test Case '-[CondiscoTests.PackFrenchTests testBatch3PromptAnswerAlignmentHolds]' passed (0.005 seconds).
Test Case '-[CondiscoTests.PackFrenchTests testBatch3StoriesEndWithTextFinalResponse]' started.
Test Case '-[CondiscoTests.PackFrenchTests testBatch3StoriesEndWithTextFinalResponse]' passed (0.002 seconds).
Test Case '-[CondiscoTests.PackFrenchTests testBatch3TextActivitiesAuthorErrors]' started.
Test Case '-[CondiscoTests.PackFrenchTests testBatch3TextActivitiesAuthorErrors]' passed (0.005 seconds).
Test Case '-[CondiscoTests.PackFrenchTests testBatch4AcceptsNaturalAlternatives]' started.
Test Case '-[CondiscoTests.PackFrenchTests testBatch4AcceptsNaturalAlternatives]' passed (0.002 seconds).
Test Case '-[CondiscoTests.PackFrenchTests testBatch4ErrorsFireForPlausibleWrongAnswers]' started.
Test Case '-[CondiscoTests.PackFrenchTests testBatch4ErrorsFireForPlausibleWrongAnswers]' passed (0.019 seconds).
Test Case '-[CondiscoTests.PackFrenchTests testBatch4GradedStepsHaveAuthoredHints]' started.
Test Case '-[CondiscoTests.PackFrenchTests testBatch4GradedStepsHaveAuthoredHints]' passed (0.007 seconds).
Test Case '-[CondiscoTests.PackFrenchTests testBatch4PromptNarrowingHolds]' started.
Test Case '-[CondiscoTests.PackFrenchTests testBatch4PromptNarrowingHolds]' passed (0.003 seconds).
Test Case '-[CondiscoTests.PackFrenchTests testBatch4TextActivitiesAuthorErrors]' started.
Test Case '-[CondiscoTests.PackFrenchTests testBatch4TextActivitiesAuthorErrors]' passed (0.007 seconds).
Test Case '-[CondiscoTests.PackFrenchTests testBatch5AcceptsNaturalAlternatives]' started.
Test Case '-[CondiscoTests.PackFrenchTests testBatch5AcceptsNaturalAlternatives]' passed (0.002 seconds).
Test Case '-[CondiscoTests.PackFrenchTests testBatch5ConversationsEndWithTextFinalResponse]' started.
Test Case '-[CondiscoTests.PackFrenchTests testBatch5ConversationsEndWithTextFinalResponse]' passed (0.002 seconds).
Test Case '-[CondiscoTests.PackFrenchTests testBatch5ErrorsFireForPlausibleWrongAnswers]' started.
Test Case '-[CondiscoTests.PackFrenchTests testBatch5ErrorsFireForPlausibleWrongAnswers]' passed (0.008 seconds).
Test Case '-[CondiscoTests.PackFrenchTests testBatch5GradedStepsHaveAuthoredHints]' started.
Test Case '-[CondiscoTests.PackFrenchTests testBatch5GradedStepsHaveAuthoredHints]' passed (0.006 seconds).
Test Case '-[CondiscoTests.PackFrenchTests testBatch5PromptNarrowingHolds]' started.
Test Case '-[CondiscoTests.PackFrenchTests testBatch5PromptNarrowingHolds]' passed (0.003 seconds).
Test Case '-[CondiscoTests.PackFrenchTests testBatch5TextActivitiesAuthorErrors]' started.
Test Case '-[CondiscoTests.PackFrenchTests testBatch5TextActivitiesAuthorErrors]' passed (0.006 seconds).
Test Case '-[CondiscoTests.PackFrenchTests testBatch6AcceptsNaturalAlternatives]' started.
Test Case '-[CondiscoTests.PackFrenchTests testBatch6AcceptsNaturalAlternatives]' passed (0.001 seconds).
Test Case '-[CondiscoTests.PackFrenchTests testBatch6ErrorsFireForPlausibleWrongAnswers]' started.
Test Case '-[CondiscoTests.PackFrenchTests testBatch6ErrorsFireForPlausibleWrongAnswers]' passed (0.010 seconds).
Test Case '-[CondiscoTests.PackFrenchTests testBatch6GradedStepsHaveAuthoredHints]' started.
Test Case '-[CondiscoTests.PackFrenchTests testBatch6GradedStepsHaveAuthoredHints]' passed (0.008 seconds).
Test Case '-[CondiscoTests.PackFrenchTests testBatch6LessonsEndOnGradedResponse]' started.
Test Case '-[CondiscoTests.PackFrenchTests testBatch6LessonsEndOnGradedResponse]' passed (0.002 seconds).
Test Case '-[CondiscoTests.PackFrenchTests testBatch6PromptNarrowingHolds]' started.
Test Case '-[CondiscoTests.PackFrenchTests testBatch6PromptNarrowingHolds]' passed (0.001 seconds).
Test Case '-[CondiscoTests.PackFrenchTests testBatch6TextActivitiesAuthorErrors]' started.
Test Case '-[CondiscoTests.PackFrenchTests testBatch6TextActivitiesAuthorErrors]' passed (0.007 seconds).
Test Case '-[CondiscoTests.PackFrenchTests testComprehensionVariantWidening]' started.
Test Case '-[CondiscoTests.PackFrenchTests testComprehensionVariantWidening]' passed (0.003 seconds).
Test Case '-[CondiscoTests.PackFrenchTests testFrenchPackLoadsAndValidates]' started.
Test Case '-[CondiscoTests.PackFrenchTests testFrenchPackLoadsAndValidates]' passed (0.006 seconds).
Test Suite 'PackFrenchTests' passed at 2026-09-26 13:03:49.227.
	 Executed 34 tests, with 0 failures (0 unexpected) in 0.169 (0.183) seconds
Test Suite 'PackGermanTests' started at 2026-09-26 13:03:49.228.
Test Case '-[CondiscoTests.PackGermanTests testAuthoredErrorsFireForPlausibleWrongAnswers]' started.
Test Case '-[CondiscoTests.PackGermanTests testAuthoredErrorsFireForPlausibleWrongAnswers]' passed (0.002 seconds).
Test Case '-[CondiscoTests.PackGermanTests testBatch1AcceptsNaturalGermanAlternatives]' started.
Test Case '-[CondiscoTests.PackGermanTests testBatch1AcceptsNaturalGermanAlternatives]' passed (0.001 seconds).
Test Case '-[CondiscoTests.PackGermanTests testBatch1GradedStepsHaveAuthoredHints]' started.
Test Case '-[CondiscoTests.PackGermanTests testBatch1GradedStepsHaveAuthoredHints]' passed (0.001 seconds).
Test Case '-[CondiscoTests.PackGermanTests testBatch1TextActivitiesAuthorErrors]' started.
Test Case '-[CondiscoTests.PackGermanTests testBatch1TextActivitiesAuthorErrors]' passed (0.001 seconds).
Test Case '-[CondiscoTests.PackGermanTests testBatch2AcceptsAuthoredAnswers]' started.
Test Case '-[CondiscoTests.PackGermanTests testBatch2AcceptsAuthoredAnswers]' passed (0.003 seconds).
Test Case '-[CondiscoTests.PackGermanTests testBatch2AuthoredErrorsFireForPlausibleWrongAnswers]' started.
Test Case '-[CondiscoTests.PackGermanTests testBatch2AuthoredErrorsFireForPlausibleWrongAnswers]' passed (0.005 seconds).
Test Case '-[CondiscoTests.PackGermanTests testBatch2GradedStepsHaveAuthoredHints]' started.
Test Case '-[CondiscoTests.PackGermanTests testBatch2GradedStepsHaveAuthoredHints]' passed (0.005 seconds).
Test Case '-[CondiscoTests.PackGermanTests testBatch2TextAndClozeActivitiesAuthorErrors]' started.
Test Case '-[CondiscoTests.PackGermanTests testBatch2TextAndClozeActivitiesAuthorErrors]' passed (0.004 seconds).
Test Case '-[CondiscoTests.PackGermanTests testBatch3AcceptsAuthoredAnswers]' started.
Test Case '-[CondiscoTests.PackGermanTests testBatch3AcceptsAuthoredAnswers]' passed (0.004 seconds).
Test Case '-[CondiscoTests.PackGermanTests testBatch3AuthoredErrorsFireForPlausibleWrongAnswers]' started.
Test Case '-[CondiscoTests.PackGermanTests testBatch3AuthoredErrorsFireForPlausibleWrongAnswers]' passed (0.010 seconds).
Test Case '-[CondiscoTests.PackGermanTests testBatch3GradedStepsHaveAuthoredHints]' started.
Test Case '-[CondiscoTests.PackGermanTests testBatch3GradedStepsHaveAuthoredHints]' passed (0.005 seconds).
Test Case '-[CondiscoTests.PackGermanTests testBatch3TextAndClozeActivitiesAuthorErrors]' started.
Test Case '-[CondiscoTests.PackGermanTests testBatch3TextAndClozeActivitiesAuthorErrors]' passed (0.005 seconds).
Test Case '-[CondiscoTests.PackGermanTests testBatch4AcceptsAuthoredAnswers]' started.
Test Case '-[CondiscoTests.PackGermanTests testBatch4AcceptsAuthoredAnswers]' passed (0.009 seconds).
Test Case '-[CondiscoTests.PackGermanTests testBatch4AuthoredErrorsFireForPlausibleWrongAnswers]' started.
Test Case '-[CondiscoTests.PackGermanTests testBatch4AuthoredErrorsFireForPlausibleWrongAnswers]' passed (0.015 seconds).
Test Case '-[CondiscoTests.PackGermanTests testBatch4GradedStepsHaveAuthoredHints]' started.
Test Case '-[CondiscoTests.PackGermanTests testBatch4GradedStepsHaveAuthoredHints]' passed (0.009 seconds).
Test Case '-[CondiscoTests.PackGermanTests testBatch4TextAndClozeActivitiesAuthorErrors]' started.
Test Case '-[CondiscoTests.PackGermanTests testBatch4TextAndClozeActivitiesAuthorErrors]' passed (0.010 seconds).
Test Case '-[CondiscoTests.PackGermanTests testBatch5AcceptsAuthoredAnswers]' started.
Test Case '-[CondiscoTests.PackGermanTests testBatch5AcceptsAuthoredAnswers]' passed (0.004 seconds).
Test Case '-[CondiscoTests.PackGermanTests testBatch5AuthoredErrorsFireForPlausibleWrongAnswers]' started.
Test Case '-[CondiscoTests.PackGermanTests testBatch5AuthoredErrorsFireForPlausibleWrongAnswers]' passed (0.009 seconds).
Test Case '-[CondiscoTests.PackGermanTests testBatch5GradedStepsHaveAuthoredHints]' started.
Test Case '-[CondiscoTests.PackGermanTests testBatch5GradedStepsHaveAuthoredHints]' passed (0.006 seconds).
Test Case '-[CondiscoTests.PackGermanTests testBatch5TextAndClozeActivitiesAuthorErrors]' started.
Test Case '-[CondiscoTests.PackGermanTests testBatch5TextAndClozeActivitiesAuthorErrors]' passed (0.006 seconds).
Test Case '-[CondiscoTests.PackGermanTests testBatch6AcceptsAuthoredAnswers]' started.
Test Case '-[CondiscoTests.PackGermanTests testBatch6AcceptsAuthoredAnswers]' passed (0.007 seconds).
Test Case '-[CondiscoTests.PackGermanTests testBatch6AuthoredErrorsFireForPlausibleWrongAnswers]' started.
Test Case '-[CondiscoTests.PackGermanTests testBatch6AuthoredErrorsFireForPlausibleWrongAnswers]' passed (0.011 seconds).
Test Case '-[CondiscoTests.PackGermanTests testBatch6GradedStepsHaveAuthoredHints]' started.
Test Case '-[CondiscoTests.PackGermanTests testBatch6GradedStepsHaveAuthoredHints]' passed (0.010 seconds).
Test Case '-[CondiscoTests.PackGermanTests testBatch6TextAndClozeActivitiesAuthorErrors]' started.
Test Case '-[CondiscoTests.PackGermanTests testBatch6TextAndClozeActivitiesAuthorErrors]' passed (0.010 seconds).
Test Case '-[CondiscoTests.PackGermanTests testGermanPackLoadsAndValidates]' started.
Test Case '-[CondiscoTests.PackGermanTests testGermanPackLoadsAndValidates]' passed (0.007 seconds).
Test Case '-[CondiscoTests.PackGermanTests testPackCopyHasNoUnverifiedNativeReviewClaim]' started.
Test Case '-[CondiscoTests.PackGermanTests testPackCopyHasNoUnverifiedNativeReviewClaim]' passed (0.001 seconds).
Test Suite 'PackGermanTests' passed at 2026-09-26 13:03:49.396.
	 Executed 26 tests, with 0 failures (0 unexpected) in 0.158 (0.168) seconds
Test Suite 'PackItalianTests' started at 2026-09-26 13:03:49.396.
Test Case '-[CondiscoTests.PackItalianTests testAlbergoPoliteDarmiRequest]' started.
Test Case '-[CondiscoTests.PackItalianTests testAlbergoPoliteDarmiRequest]' passed (0.002 seconds).
Test Case '-[CondiscoTests.PackItalianTests testAlbergoShowerSubjectAgreement]' started.
Test Case '-[CondiscoTests.PackItalianTests testAlbergoShowerSubjectAgreement]' passed (0.001 seconds).
Test Case '-[CondiscoTests.PackItalianTests testCafeBuildClozeUnArticle]' started.
Test Case '-[CondiscoTests.PackItalianTests testCafeBuildClozeUnArticle]' passed (0.001 seconds).
Test Case '-[CondiscoTests.PackItalianTests testCafeBuildTeaAccent]' started.
Test Case '-[CondiscoTests.PackItalianTests testCafeBuildTeaAccent]' passed (0.001 seconds).
Test Case '-[CondiscoTests.PackItalianTests testCafeMissionOrderWordingAndAccent]' started.
Test Case '-[CondiscoTests.PackItalianTests testCafeMissionOrderWordingAndAccent]' passed (0.001 seconds).
Test Case '-[CondiscoTests.PackItalianTests testCafeOrderClozeFavore]' started.
Test Case '-[CondiscoTests.PackItalianTests testCafeOrderClozeFavore]' passed (0.002 seconds).
Test Case '-[CondiscoTests.PackItalianTests testCafeOrderProducePoliteOrder]' started.
Test Case '-[CondiscoTests.PackItalianTests testCafeOrderProducePoliteOrder]' passed (0.001 seconds).
Test Case '-[CondiscoTests.PackItalianTests testCafeOrderTransferPriceQuestion]' started.
Test Case '-[CondiscoTests.PackItalianTests testCafeOrderTransferPriceQuestion]' passed (0.001 seconds).
Test Case '-[CondiscoTests.PackItalianTests testComparativiClozePiu]' started.
Test Case '-[CondiscoTests.PackItalianTests testComparativiClozePiu]' passed (0.001 seconds).
Test Case '-[CondiscoTests.PackItalianTests testComparativiReadAcceptsPassageWording]' started.
Test Case '-[CondiscoTests.PackItalianTests testComparativiReadAcceptsPassageWording]' passed (0.002 seconds).
Test Case '-[CondiscoTests.PackItalianTests testComparativiThinkConcordance]' started.
Test Case '-[CondiscoTests.PackItalianTests testComparativiThinkConcordance]' passed (0.002 seconds).
Test Case '-[CondiscoTests.PackItalianTests testCondizionaleClozeDovrei]' started.
Test Case '-[CondiscoTests.PackItalianTests testCondizionaleClozeDovrei]' passed (0.001 seconds).
Test Case '-[CondiscoTests.PackItalianTests testCondizionaleCortesiaRb3Taxi]' started.
Test Case '-[CondiscoTests.PackItalianTests testCondizionaleCortesiaRb3Taxi]' passed (0.001 seconds).
Test Case '-[CondiscoTests.PackItalianTests testCondizionaleCortesiaThinkVorrei]' started.
Test Case '-[CondiscoTests.PackItalianTests testCondizionaleCortesiaThinkVorrei]' passed (0.001 seconds).
Test Case '-[CondiscoTests.PackItalianTests testCondizionaleCortesiaVaryPronoun]' started.
Test Case '-[CondiscoTests.PackItalianTests testCondizionaleCortesiaVaryPronoun]' passed (0.001 seconds).
Test Case '-[CondiscoTests.PackItalianTests testCondizionaleThinkComprerei]' started.
Test Case '-[CondiscoTests.PackItalianTests testCondizionaleThinkComprerei]' passed (0.001 seconds).
Test Case '-[CondiscoTests.PackItalianTests testCongiuntivoClozeFareForm]' started.
Test Case '-[CondiscoTests.PackItalianTests testCongiuntivoClozeFareForm]' passed (0.001 seconds).
Test Case '-[CondiscoTests.PackItalianTests testCongiuntivoVaryDoubtPlacement]' started.
Test Case '-[CondiscoTests.PackItalianTests testCongiuntivoVaryDoubtPlacement]' passed (0.001 seconds).
Test Case '-[CondiscoTests.PackItalianTests testDaysClozeCardinalDate]' started.
Test Case '-[CondiscoTests.PackItalianTests testDaysClozeCardinalDate]' passed (0.001 seconds).
Test Case '-[CondiscoTests.PackItalianTests testDaysListenModelAccents]' started.
Test Case '-[CondiscoTests.PackItalianTests testDaysListenModelAccents]' passed (0.001 seconds).
Test Case '-[CondiscoTests.PackItalianTests testDaysReadAcceptsDigitDate]' started.
Test Case '-[CondiscoTests.PackItalianTests testDaysReadAcceptsDigitDate]' passed (0.001 seconds).
Test Case '-[CondiscoTests.PackItalianTests testDirectionsFinalArrivalStatement]' started.
Test Case '-[CondiscoTests.PackItalianTests testDirectionsFinalArrivalStatement]' passed (0.001 seconds).
Test Case '-[CondiscoTests.PackItalianTests testDirectionsStationArticleCloze]' started.
Test Case '-[CondiscoTests.PackItalianTests testDirectionsStationArticleCloze]' passed (0.001 seconds).
Test Case '-[CondiscoTests.PackItalianTests testEarlyWordsCostaSingular]' started.
Test Case '-[CondiscoTests.PackItalianTests testEarlyWordsCostaSingular]' passed (0.001 seconds).
Test Case '-[CondiscoTests.PackItalianTests testEarlyWordsIntroProDropVariant]' started.
Test Case '-[CondiscoTests.PackItalianTests testEarlyWordsIntroProDropVariant]' passed (0.001 seconds).
Test Case '-[CondiscoTests.PackItalianTests testEarlyWordsPrendoExplicitIo]' started.
Test Case '-[CondiscoTests.PackItalianTests testEarlyWordsPrendoExplicitIo]' passed (0.001 seconds).
Test Case '-[CondiscoTests.PackItalianTests testEmergencyClozeElision]' started.
Test Case '-[CondiscoTests.PackItalianTests testEmergencyClozeElision]' passed (0.001 seconds).
Test Case '-[CondiscoTests.PackItalianTests testEmergencyProduceRequestForm]' started.
Test Case '-[CondiscoTests.PackItalianTests testEmergencyProduceRequestForm]' passed (0.001 seconds).
Test Case '-[CondiscoTests.PackItalianTests testEssereParticipiClozeAbbiamo]' started.
Test Case '-[CondiscoTests.PackItalianTests testEssereParticipiClozeAbbiamo]' passed (0.001 seconds).
Test Case '-[CondiscoTests.PackItalianTests testEssereParticipiProduceHanno]' started.
Test Case '-[CondiscoTests.PackItalianTests testEssereParticipiProduceHanno]' passed (0.001 seconds).
Test Case '-[CondiscoTests.PackItalianTests testFoodClozeIoFormPrendo]' started.
Test Case '-[CondiscoTests.PackItalianTests testFoodClozeIoFormPrendo]' passed (0.002 seconds).
Test Case '-[CondiscoTests.PackItalianTests testFoodConstructionClozeNonPrendo]' started.
Test Case '-[CondiscoTests.PackItalianTests testFoodConstructionClozeNonPrendo]' passed (0.001 seconds).
Test Case '-[CondiscoTests.PackItalianTests testFoodConstructionRefusalAccent]' started.
Test Case '-[CondiscoTests.PackItalianTests testFoodConstructionRefusalAccent]' passed (0.001 seconds).
Test Case '-[CondiscoTests.PackItalianTests testFoodStoryTransferPoliteRegister]' started.
Test Case '-[CondiscoTests.PackItalianTests testFoodStoryTransferPoliteRegister]' passed (0.002 seconds).
Test Case '-[CondiscoTests.PackItalianTests testFuturoSempliceClozeSaro]' started.
Test Case '-[CondiscoTests.PackItalianTests testFuturoSempliceClozeSaro]' passed (0.001 seconds).
Test Case '-[CondiscoTests.PackItalianTests testFuturoSempliceThinkMangeranno]' started.
Test Case '-[CondiscoTests.PackItalianTests testFuturoSempliceThinkMangeranno]' passed (0.001 seconds).
Test Case '-[CondiscoTests.PackItalianTests testFuturoUsiClozeChiamero]' started.
Test Case '-[CondiscoTests.PackItalianTests testFuturoUsiClozeChiamero]' passed (0.001 seconds).
Test Case '-[CondiscoTests.PackItalianTests testFuturoUsiClozeLavoreremo]' started.
Test Case '-[CondiscoTests.PackItalianTests testFuturoUsiClozeLavoreremo]' passed (0.001 seconds).
Test Case '-[CondiscoTests.PackItalianTests testHealthProduceBodyPartArticle]' started.
Test Case '-[CondiscoTests.PackItalianTests testHealthProduceBodyPartArticle]' passed (0.001 seconds).
Test Case '-[CondiscoTests.PackItalianTests testHealthRb5ReportSentence]' started.
Test Case '-[CondiscoTests.PackItalianTests testHealthRb5ReportSentence]' passed (0.001 seconds).
Test Case '-[CondiscoTests.PackItalianTests testHomeBookSentenceAccentError]' started.
Test Case '-[CondiscoTests.PackItalianTests testHomeBookSentenceAccentError]' passed (0.002 seconds).
Test Case '-[CondiscoTests.PackItalianTests testHomeClozeArticleGrading]' started.
Test Case '-[CondiscoTests.PackItalianTests testHomeClozeArticleGrading]' passed (0.001 seconds).
Test Case '-[CondiscoTests.PackItalianTests testIdentityPeopleFamilyReadsAcceptFullAnswers]' started.
Test Case '-[CondiscoTests.PackItalianTests testIdentityPeopleFamilyReadsAcceptFullAnswers]' passed (0.001 seconds).
Test Case '-[CondiscoTests.PackItalianTests testImperfettoClozeHoMangiato]' started.
Test Case '-[CondiscoTests.PackItalianTests testImperfettoClozeHoMangiato]' passed (0.001 seconds).
Test Case '-[CondiscoTests.PackItalianTests testImperfettoProduceStudiato]' started.
Test Case '-[CondiscoTests.PackItalianTests testImperfettoProduceStudiato]' passed (0.001 seconds).
Test Case '-[CondiscoTests.PackItalianTests testInvitationsMeaningPoliteNo]' started.
Test Case '-[CondiscoTests.PackItalianTests testInvitationsMeaningPoliteNo]' passed (0.001 seconds).
Test Case '-[CondiscoTests.PackItalianTests testInvitationsRb5VenireCasaMia]' started.
Test Case '-[CondiscoTests.PackItalianTests testInvitationsRb5VenireCasaMia]' passed (0.001 seconds).
Test Case '-[CondiscoTests.PackItalianTests testItalianPackLoadsAndValidates]' started.
Test Case '-[CondiscoTests.PackItalianTests testItalianPackLoadsAndValidates]' passed (0.006 seconds).
Test Case '-[CondiscoTests.PackItalianTests testLavoroImpersonalSiForms]' started.
Test Case '-[CondiscoTests.PackItalianTests testLavoroImpersonalSiForms]' passed (0.001 seconds).
Test Case '-[CondiscoTests.PackItalianTests testMarketClozePluralPriceVerb]' started.
Test Case '-[CondiscoTests.PackItalianTests testMarketClozePluralPriceVerb]' passed (0.001 seconds).
Test Case '-[CondiscoTests.PackItalianTests testMarketFinalTakeResponse]' started.
Test Case '-[CondiscoTests.PackItalianTests testMarketFinalTakeResponse]' passed (0.001 seconds).
Test Case '-[CondiscoTests.PackItalianTests testMarketKiloCostaSingularRule]' started.
Test Case '-[CondiscoTests.PackItalianTests testMarketKiloCostaSingularRule]' passed (0.001 seconds).
Test Case '-[CondiscoTests.PackItalianTests testMarketListenModelSingularVerb]' started.
Test Case '-[CondiscoTests.PackItalianTests testMarketListenModelSingularVerb]' passed (0.001 seconds).
Test Case '-[CondiscoTests.PackItalianTests testMarketMeaningPluralGloss]' started.
Test Case '-[CondiscoTests.PackItalianTests testMarketMeaningPluralGloss]' passed (0.001 seconds).
Test Case '-[CondiscoTests.PackItalianTests testMarketQuestionKiloAgreement]' started.
Test Case '-[CondiscoTests.PackItalianTests testMarketQuestionKiloAgreement]' passed (0.001 seconds).
Test Case '-[CondiscoTests.PackItalianTests testMarketReadBreadPrice]' started.
Test Case '-[CondiscoTests.PackItalianTests testMarketReadBreadPrice]' passed (0.001 seconds).
Test Case '-[CondiscoTests.PackItalianTests testNeCiClozeNeFromDi]' started.
Test Case '-[CondiscoTests.PackItalianTests testNeCiClozeNeFromDi]' passed (0.001 seconds).
Test Case '-[CondiscoTests.PackItalianTests testNeCiThinkCiVado]' started.
Test Case '-[CondiscoTests.PackItalianTests testNeCiThinkCiVado]' passed (0.001 seconds).
Test Case '-[CondiscoTests.PackItalianTests testNegationClozeNonBeforeVerb]' started.
Test Case '-[CondiscoTests.PackItalianTests testNegationClozeNonBeforeVerb]' passed (0.001 seconds).
Test Case '-[CondiscoTests.PackItalianTests testNegationProduceAcceptsDroppedPronoun]' started.
Test Case '-[CondiscoTests.PackItalianTests testNegationProduceAcceptsDroppedPronoun]' passed (0.001 seconds).
Test Case '-[CondiscoTests.PackItalianTests testNegationReadAcceptsGenderNeutralForms]' started.
Test Case '-[CondiscoTests.PackItalianTests testNegationReadAcceptsGenderNeutralForms]' passed (0.001 seconds).
Test Case '-[CondiscoTests.PackItalianTests testNumbersMeaningAgeQuestion]' started.
Test Case '-[CondiscoTests.PackItalianTests testNumbersMeaningAgeQuestion]' passed (0.001 seconds).
Test Case '-[CondiscoTests.PackItalianTests testNumbersProduceAcceptsDigitForms]' started.
Test Case '-[CondiscoTests.PackItalianTests testNumbersProduceAcceptsDigitForms]' passed (0.001 seconds).
Test Case '-[CondiscoTests.PackItalianTests testPassatoImperfettoClozeHannoChiamato]' started.
Test Case '-[CondiscoTests.PackItalianTests testPassatoImperfettoClozeHannoChiamato]' passed (0.001 seconds).
Test Case '-[CondiscoTests.PackItalianTests testPassatoImperfettoProduceMariaHa]' started.
Test Case '-[CondiscoTests.PackItalianTests testPassatoImperfettoProduceMariaHa]' passed (0.001 seconds).
Test Case '-[CondiscoTests.PackItalianTests testPassatoProssimoClozeHaMaria]' started.
Test Case '-[CondiscoTests.PackItalianTests testPassatoProssimoClozeHaMaria]' passed (0.001 seconds).
Test Case '-[CondiscoTests.PackItalianTests testPassatoProssimoThinkHoComprato]' started.
Test Case '-[CondiscoTests.PackItalianTests testPassatoProssimoThinkHoComprato]' passed (0.002 seconds).
Test Case '-[CondiscoTests.PackItalianTests testPastClozeAvereHelper]' started.
Test Case '-[CondiscoTests.PackItalianTests testPastClozeAvereHelper]' passed (0.001 seconds).
Test Case '-[CondiscoTests.PackItalianTests testPastMeaningAcceptsHaveStudied]' started.
Test Case '-[CondiscoTests.PackItalianTests testPastMeaningAcceptsHaveStudied]' passed (0.001 seconds).
Test Case '-[CondiscoTests.PackItalianTests testPeopleMeaningAcceptsFormalLeiReading]' started.
Test Case '-[CondiscoTests.PackItalianTests testPeopleMeaningAcceptsFormalLeiReading]' passed (0.001 seconds).
Test Case '-[CondiscoTests.PackItalianTests testPharmacyMeaningSingularCosts]' started.
Test Case '-[CondiscoTests.PackItalianTests testPharmacyMeaningSingularCosts]' passed (0.001 seconds).
Test Case '-[CondiscoTests.PackItalianTests testPharmacyRb5FormalGoodbye]' started.
Test Case '-[CondiscoTests.PackItalianTests testPharmacyRb5FormalGoodbye]' passed (0.001 seconds).
Test Case '-[CondiscoTests.PackItalianTests testPlansClozeAndareIoForm]' started.
Test Case '-[CondiscoTests.PackItalianTests testPlansClozeAndareIoForm]' passed (0.001 seconds).
Test Case '-[CondiscoTests.PackItalianTests testPluralClozeAgreementErrors]' started.
Test Case '-[CondiscoTests.PackItalianTests testPluralClozeAgreementErrors]' passed (0.001 seconds).
Test Case '-[CondiscoTests.PackItalianTests testPossessionClozeFeminineMia]' started.
Test Case '-[CondiscoTests.PackItalianTests testPossessionClozeFeminineMia]' passed (0.001 seconds).
Test Case '-[CondiscoTests.PackItalianTests testPossessionProduceAccentAndArticle]' started.
Test Case '-[CondiscoTests.PackItalianTests testPossessionProduceAccentAndArticle]' passed (0.001 seconds).
Test Case '-[CondiscoTests.PackItalianTests testPossessionReadAcceptsPassagePhrase]' started.
Test Case '-[CondiscoTests.PackItalianTests testPossessionReadAcceptsPassagePhrase]' passed (0.001 seconds).
Test Case '-[CondiscoTests.PackItalianTests testProgettiFuturiNearFutureBridge]' started.
Test Case '-[CondiscoTests.PackItalianTests testProgettiFuturiNearFutureBridge]' passed (0.001 seconds).
Test Case '-[CondiscoTests.PackItalianTests testReflexiveClozeStudioIoForm]' started.
Test Case '-[CondiscoTests.PackItalianTests testReflexiveClozeStudioIoForm]' passed (0.001 seconds).
Test Case '-[CondiscoTests.PackItalianTests testReflexiveProduceTuLavori]' started.
Test Case '-[CondiscoTests.PackItalianTests testReflexiveProduceTuLavori]' passed (0.001 seconds).
Test Case '-[CondiscoTests.PackItalianTests testRelativiClozeDiCui]' started.
Test Case '-[CondiscoTests.PackItalianTests testRelativiClozeDiCui]' passed (0.001 seconds).
Test Case '-[CondiscoTests.PackItalianTests testRelativiVaryConCui]' started.
Test Case '-[CondiscoTests.PackItalianTests testRelativiVaryConCui]' passed (0.001 seconds).
Test Case '-[CondiscoTests.PackItalianTests testRequestsClozeInfinitiveAfterPosso]' started.
Test Case '-[CondiscoTests.PackItalianTests testRequestsClozeInfinitiveAfterPosso]' passed (0.001 seconds).
Test Case '-[CondiscoTests.PackItalianTests testRequestsListenModelDictation]' started.
Test Case '-[CondiscoTests.PackItalianTests testRequestsListenModelDictation]' passed (0.001 seconds).
Test Case '-[CondiscoTests.PackItalianTests testRequestsTransferPermissionQuestion]' started.
Test Case '-[CondiscoTests.PackItalianTests testRequestsTransferPermissionQuestion]' passed (0.001 seconds).
Test Case '-[CondiscoTests.PackItalianTests testRestaurantBillPoliteRequest]' started.
Test Case '-[CondiscoTests.PackItalianTests testRestaurantBillPoliteRequest]' passed (0.001 seconds).
Test Case '-[CondiscoTests.PackItalianTests testRestaurantFinalGoodbye]' started.
Test Case '-[CondiscoTests.PackItalianTests testRestaurantFinalGoodbye]' passed (0.001 seconds).
Test Case '-[CondiscoTests.PackItalianTests testRoutineEveryEveningAcceptedSet]' started.
Test Case '-[CondiscoTests.PackItalianTests testRoutineEveryEveningAcceptedSet]' passed (0.001 seconds).
Test Case '-[CondiscoTests.PackItalianTests testStareGerundioBusWaiting]' started.
Test Case '-[CondiscoTests.PackItalianTests testStareGerundioBusWaiting]' passed (0.001 seconds).
Test Case '-[CondiscoTests.PackItalianTests testStareGerundioClozeIoForm]' started.
Test Case '-[CondiscoTests.PackItalianTests testStareGerundioClozeIoForm]' passed (0.001 seconds).
Test Case '-[CondiscoTests.PackItalianTests testStareGerundioRainShelter]' started.
Test Case '-[CondiscoTests.PackItalianTests testStareGerundioRainShelter]' passed (0.002 seconds).
Test Case '-[CondiscoTests.PackItalianTests testStareGerundioVaryTransform]' started.
Test Case '-[CondiscoTests.PackItalianTests testStareGerundioVaryTransform]' passed (0.001 seconds).
Test Case '-[CondiscoTests.PackItalianTests testTimeClozeOneOclockSingular]' started.
Test Case '-[CondiscoTests.PackItalianTests testTimeClozeOneOclockSingular]' passed (0.001 seconds).
Test Case '-[CondiscoTests.PackItalianTests testTimeProduceHalfPastForms]' started.
Test Case '-[CondiscoTests.PackItalianTests testTimeProduceHalfPastForms]' passed (0.001 seconds).
Test Case '-[CondiscoTests.PackItalianTests testTimeTrainQuarterToDirection]' started.
Test Case '-[CondiscoTests.PackItalianTests testTimeTrainQuarterToDirection]' passed (0.001 seconds).
Test Case '-[CondiscoTests.PackItalianTests testTransportArrivalConjugation]' started.
Test Case '-[CondiscoTests.PackItalianTests testTransportArrivalConjugation]' passed (0.001 seconds).
Test Case '-[CondiscoTests.PackItalianTests testTransportClozeStationArticle]' started.
Test Case '-[CondiscoTests.PackItalianTests testTransportClozeStationArticle]' passed (0.001 seconds).
Test Case '-[CondiscoTests.PackItalianTests testTransportGoToRomeForms]' started.
Test Case '-[CondiscoTests.PackItalianTests testTransportGoToRomeForms]' passed (0.001 seconds).
Test Case '-[CondiscoTests.PackItalianTests testTransportMeaningQuestionForm]' started.
Test Case '-[CondiscoTests.PackItalianTests testTransportMeaningQuestionForm]' passed (0.001 seconds).
Test Case '-[CondiscoTests.PackItalianTests testVorreiAct6PriceQuestion]' started.
Test Case '-[CondiscoTests.PackItalianTests testVorreiAct6PriceQuestion]' passed (0.001 seconds).
Test Case '-[CondiscoTests.PackItalianTests testVorreiAct8GuardandoGerund]' started.
Test Case '-[CondiscoTests.PackItalianTests testVorreiAct8GuardandoGerund]' passed (0.001 seconds).
Test Case '-[CondiscoTests.PackItalianTests testVorreiAct9LaPrendo]' started.
Test Case '-[CondiscoTests.PackItalianTests testVorreiAct9LaPrendo]' passed (0.001 seconds).
Test Case '-[CondiscoTests.PackItalianTests testWaveBMissionsHaveAuthoredErrors]' started.
Test Case '-[CondiscoTests.PackItalianTests testWaveBMissionsHaveAuthoredErrors]' passed (0.008 seconds).
Test Case '-[CondiscoTests.PackItalianTests testWaveBMissionsHaveAuthoredStepHints]' started.
Test Case '-[CondiscoTests.PackItalianTests testWaveBMissionsHaveAuthoredStepHints]' passed (0.009 seconds).
Test Case '-[CondiscoTests.PackItalianTests testWaveCStoriesHaveAuthoredErrors]' started.
Test Case '-[CondiscoTests.PackItalianTests testWaveCStoriesHaveAuthoredErrors]' passed (0.005 seconds).
Test Case '-[CondiscoTests.PackItalianTests testWaveCStoriesHaveAuthoredStepHints]' started.
Test Case '-[CondiscoTests.PackItalianTests testWaveCStoriesHaveAuthoredStepHints]' passed (0.005 seconds).
Test Case '-[CondiscoTests.PackItalianTests testWaveDDiscoveriesHaveAuthoredErrors]' started.
Test Case '-[CondiscoTests.PackItalianTests testWaveDDiscoveriesHaveAuthoredErrors]' passed (0.008 seconds).
Test Case '-[CondiscoTests.PackItalianTests testWaveDDiscoveriesHaveAuthoredStepHints]' started.
Test Case '-[CondiscoTests.PackItalianTests testWaveDDiscoveriesHaveAuthoredStepHints]' passed (0.008 seconds).
Test Case '-[CondiscoTests.PackItalianTests testWaveFConstructionRecallHaveAuthoredErrors]' started.
Test Case '-[CondiscoTests.PackItalianTests testWaveFConstructionRecallHaveAuthoredErrors]' passed (0.015 seconds).
Test Case '-[CondiscoTests.PackItalianTests testWaveFConstructionRecallHaveAuthoredStepHints]' started.
Test Case '-[CondiscoTests.PackItalianTests testWaveFConstructionRecallHaveAuthoredStepHints]' passed (0.016 seconds).
Test Case '-[CondiscoTests.PackItalianTests testWeatherColdTodayFarePattern]' started.
Test Case '-[CondiscoTests.PackItalianTests testWeatherColdTodayFarePattern]' passed (0.001 seconds).
Test Case '-[CondiscoTests.PackItalianTests testWeatherMeaningSunnyEnglish]' started.
Test Case '-[CondiscoTests.PackItalianTests testWeatherMeaningSunnyEnglish]' passed (0.001 seconds).
Test Case '-[CondiscoTests.PackItalianTests testWeatherMondaySunForms]' started.
Test Case '-[CondiscoTests.PackItalianTests testWeatherMondaySunForms]' passed (0.001 seconds).
Test Case '-[CondiscoTests.PackItalianTests testWeatherSeasonsClozeFarePattern]' started.
Test Case '-[CondiscoTests.PackItalianTests testWeatherSeasonsClozeFarePattern]' passed (0.001 seconds).
Test Suite 'PackItalianTests' passed at 2026-09-26 13:03:49.633.
	 Executed 114 tests, with 0 failures (0 unexpected) in 0.195 (0.237) seconds
Test Suite 'PackLoaderRecoveryTests' started at 2026-09-26 13:03:49.633.
Test Case '-[CondiscoTests.PackLoaderRecoveryTests testCorruptedFirstPackSkippedOthersStillLoad]' started.
Test Case '-[CondiscoTests.PackLoaderRecoveryTests testCorruptedFirstPackSkippedOthersStillLoad]' passed (0.130 seconds).
Test Case '-[CondiscoTests.PackLoaderRecoveryTests testCorruptedMiddlePackSkippedOthersStillLoad]' started.
Test Case '-[CondiscoTests.PackLoaderRecoveryTests testCorruptedMiddlePackSkippedOthersStillLoad]' passed (0.095 seconds).
Test Case '-[CondiscoTests.PackLoaderRecoveryTests testFullyCorruptedBundleThrowsActionableErrorNamingFiles]' started.
Test Case '-[CondiscoTests.PackLoaderRecoveryTests testFullyCorruptedBundleThrowsActionableErrorNamingFiles]' passed (0.004 seconds).
Test Suite 'PackLoaderRecoveryTests' passed at 2026-09-26 13:03:49.863.
	 Executed 3 tests, with 0 failures (0 unexpected) in 0.229 (0.230) seconds
Test Suite 'PackPortugueseTests' started at 2026-09-26 13:03:49.863.
Test Case '-[CondiscoTests.PackPortugueseTests testAuthoredErrorsFireForPlausibleWrongAnswers]' started.
Test Case '-[CondiscoTests.PackPortugueseTests testAuthoredErrorsFireForPlausibleWrongAnswers]' passed (0.002 seconds).
Test Case '-[CondiscoTests.PackPortugueseTests testBatch1AcceptsNaturalAlternatives]' started.
Test Case '-[CondiscoTests.PackPortugueseTests testBatch1AcceptsNaturalAlternatives]' passed (0.001 seconds).
Test Case '-[CondiscoTests.PackPortugueseTests testBatch1GradedStepsHaveAuthoredHints]' started.
Test Case '-[CondiscoTests.PackPortugueseTests testBatch1GradedStepsHaveAuthoredHints]' passed (0.001 seconds).
Test Case '-[CondiscoTests.PackPortugueseTests testBatch1TextActivitiesAuthorErrors]' started.
Test Case '-[CondiscoTests.PackPortugueseTests testBatch1TextActivitiesAuthorErrors]' passed (0.001 seconds).
Test Case '-[CondiscoTests.PackPortugueseTests testComprehensionReadsAcceptPortugueseForms]' started.
Test Case '-[CondiscoTests.PackPortugueseTests testComprehensionReadsAcceptPortugueseForms]' passed (0.004 seconds).
Test Case '-[CondiscoTests.PackPortugueseTests testEuropeanPossessiveFormIsTheAcceptedTarget]' started.
Test Case '-[CondiscoTests.PackPortugueseTests testEuropeanPossessiveFormIsTheAcceptedTarget]' passed (0.001 seconds).
Test Case '-[CondiscoTests.PackPortugueseTests testHotelMissionEuropeanPossessive]' started.
Test Case '-[CondiscoTests.PackPortugueseTests testHotelMissionEuropeanPossessive]' passed (0.001 seconds).
Test Case '-[CondiscoTests.PackPortugueseTests testLegacyExercisesMatchEuropeanForms]' started.
Test Case '-[CondiscoTests.PackPortugueseTests testLegacyExercisesMatchEuropeanForms]' passed (0.000 seconds).
Test Case '-[CondiscoTests.PackPortugueseTests testPortuguesePackLoadsAndValidates]' started.
Test Case '-[CondiscoTests.PackPortugueseTests testPortuguesePackLoadsAndValidates]' passed (0.007 seconds).
Test Case '-[CondiscoTests.PackPortugueseTests testWaveBAcceptsNaturalAlternatives]' started.
Test Case '-[CondiscoTests.PackPortugueseTests testWaveBAcceptsNaturalAlternatives]' passed (0.002 seconds).
Test Case '-[CondiscoTests.PackPortugueseTests testWaveBAuthoredErrorsFireForPlausibleWrongAnswers]' started.
Test Case '-[CondiscoTests.PackPortugueseTests testWaveBAuthoredErrorsFireForPlausibleWrongAnswers]' passed (0.003 seconds).
Test Case '-[CondiscoTests.PackPortugueseTests testWaveBFinalStepsAreTextResponses]' started.
Test Case '-[CondiscoTests.PackPortugueseTests testWaveBFinalStepsAreTextResponses]' passed (0.001 seconds).
Test Case '-[CondiscoTests.PackPortugueseTests testWaveBGradedStepsHaveAuthoredHints]' started.
Test Case '-[CondiscoTests.PackPortugueseTests testWaveBGradedStepsHaveAuthoredHints]' passed (0.004 seconds).
Test Case '-[CondiscoTests.PackPortugueseTests testWaveBOrderingBuildsTheTaughtSentence]' started.
Test Case '-[CondiscoTests.PackPortugueseTests testWaveBOrderingBuildsTheTaughtSentence]' passed (0.001 seconds).
Test Case '-[CondiscoTests.PackPortugueseTests testWaveBTextActivitiesAuthorErrors]' started.
Test Case '-[CondiscoTests.PackPortugueseTests testWaveBTextActivitiesAuthorErrors]' passed (0.005 seconds).
Test Case '-[CondiscoTests.PackPortugueseTests testWaveCAcceptsNaturalAlternatives]' started.
Test Case '-[CondiscoTests.PackPortugueseTests testWaveCAcceptsNaturalAlternatives]' passed (0.003 seconds).
Test Case '-[CondiscoTests.PackPortugueseTests testWaveCAuthoredErrorsFireForPlausibleWrongAnswers]' started.
Test Case '-[CondiscoTests.PackPortugueseTests testWaveCAuthoredErrorsFireForPlausibleWrongAnswers]' passed (0.005 seconds).
Test Case '-[CondiscoTests.PackPortugueseTests testWaveCGradedStepsHaveAuthoredHints]' started.
Test Case '-[CondiscoTests.PackPortugueseTests testWaveCGradedStepsHaveAuthoredHints]' passed (0.005 seconds).
Test Case '-[CondiscoTests.PackPortugueseTests testWaveCStoryFinalStepsAreTextResponses]' started.
Test Case '-[CondiscoTests.PackPortugueseTests testWaveCStoryFinalStepsAreTextResponses]' passed (0.001 seconds).
Test Case '-[CondiscoTests.PackPortugueseTests testWaveCTextActivitiesAuthorErrors]' started.
Test Case '-[CondiscoTests.PackPortugueseTests testWaveCTextActivitiesAuthorErrors]' passed (0.005 seconds).
Test Case '-[CondiscoTests.PackPortugueseTests testWaveDAcceptsNaturalAlternatives]' started.
Test Case '-[CondiscoTests.PackPortugueseTests testWaveDAcceptsNaturalAlternatives]' passed (0.002 seconds).
Test Case '-[CondiscoTests.PackPortugueseTests testWaveDAuthoredErrorsFireForPlausibleWrongAnswers]' started.
Test Case '-[CondiscoTests.PackPortugueseTests testWaveDAuthoredErrorsFireForPlausibleWrongAnswers]' passed (0.008 seconds).
Test Case '-[CondiscoTests.PackPortugueseTests testWaveDDiscoveryFinalStepsAreTextResponses]' started.
Test Case '-[CondiscoTests.PackPortugueseTests testWaveDDiscoveryFinalStepsAreTextResponses]' passed (0.002 seconds).
Test Case '-[CondiscoTests.PackPortugueseTests testWaveDGradedStepsHaveAuthoredHints]' started.
Test Case '-[CondiscoTests.PackPortugueseTests testWaveDGradedStepsHaveAuthoredHints]' passed (0.008 seconds).
Test Case '-[CondiscoTests.PackPortugueseTests testWaveDTextActivitiesAuthorErrors]' started.
Test Case '-[CondiscoTests.PackPortugueseTests testWaveDTextActivitiesAuthorErrors]' passed (0.007 seconds).
Test Case '-[CondiscoTests.PackPortugueseTests testWaveEAcceptsNaturalAlternatives]' started.
Test Case '-[CondiscoTests.PackPortugueseTests testWaveEAcceptsNaturalAlternatives]' passed (0.002 seconds).
Test Case '-[CondiscoTests.PackPortugueseTests testWaveEAuthoredErrorsFireForPlausibleWrongAnswers]' started.
Test Case '-[CondiscoTests.PackPortugueseTests testWaveEAuthoredErrorsFireForPlausibleWrongAnswers]' passed (0.003 seconds).
Test Case '-[CondiscoTests.PackPortugueseTests testWaveEConversationFinalStepsAreTextResponses]' started.
Test Case '-[CondiscoTests.PackPortugueseTests testWaveEConversationFinalStepsAreTextResponses]' passed (0.001 seconds).
Test Case '-[CondiscoTests.PackPortugueseTests testWaveEGradedStepsHaveAuthoredHints]' started.
Test Case '-[CondiscoTests.PackPortugueseTests testWaveEGradedStepsHaveAuthoredHints]' passed (0.005 seconds).
Test Case '-[CondiscoTests.PackPortugueseTests testWaveETextActivitiesAuthorErrors]' started.
Test Case '-[CondiscoTests.PackPortugueseTests testWaveETextActivitiesAuthorErrors]' passed (0.004 seconds).
Test Case '-[CondiscoTests.PackPortugueseTests testWaveFAcceptsNaturalAlternatives]' started.
Test Case '-[CondiscoTests.PackPortugueseTests testWaveFAcceptsNaturalAlternatives]' passed (0.002 seconds).
Test Case '-[CondiscoTests.PackPortugueseTests testWaveFAuthoredErrorsFireForPlausibleWrongAnswers]' started.
Test Case '-[CondiscoTests.PackPortugueseTests testWaveFAuthoredErrorsFireForPlausibleWrongAnswers]' passed (0.007 seconds).
Test Case '-[CondiscoTests.PackPortugueseTests testWaveFFinalStepsAreTextResponses]' started.
Test Case '-[CondiscoTests.PackPortugueseTests testWaveFFinalStepsAreTextResponses]' passed (0.002 seconds).
Test Case '-[CondiscoTests.PackPortugueseTests testWaveFGradedStepsHaveAuthoredHints]' started.
Test Case '-[CondiscoTests.PackPortugueseTests testWaveFGradedStepsHaveAuthoredHints]' passed (0.010 seconds).
Test Case '-[CondiscoTests.PackPortugueseTests testWaveFTextActivitiesAuthorErrors]' started.
Test Case '-[CondiscoTests.PackPortugueseTests testWaveFTextActivitiesAuthorErrors]' passed (0.009 seconds).
Test Suite 'PackPortugueseTests' passed at 2026-09-26 13:03:49.998.
	 Executed 35 tests, with 0 failures (0 unexpected) in 0.125 (0.135) seconds
Test Suite 'PackSpanishTests' started at 2026-09-26 13:03:49.998.
Test Case '-[CondiscoTests.PackSpanishTests testAuthoredErrorsFireForPlausibleWrongAnswers]' started.
Test Case '-[CondiscoTests.PackSpanishTests testAuthoredErrorsFireForPlausibleWrongAnswers]' passed (0.002 seconds).
Test Case '-[CondiscoTests.PackSpanishTests testBatch1AcceptsNaturalSpanishAlternatives]' started.
Test Case '-[CondiscoTests.PackSpanishTests testBatch1AcceptsNaturalSpanishAlternatives]' passed (0.001 seconds).
Test Case '-[CondiscoTests.PackSpanishTests testBatch1GradedStepsHaveAuthoredHints]' started.
Test Case '-[CondiscoTests.PackSpanishTests testBatch1GradedStepsHaveAuthoredHints]' passed (0.001 seconds).
Test Case '-[CondiscoTests.PackSpanishTests testBatch1TextActivitiesAuthorErrors]' started.
Test Case '-[CondiscoTests.PackSpanishTests testBatch1TextActivitiesAuthorErrors]' passed (0.001 seconds).
Test Case '-[CondiscoTests.PackSpanishTests testBatch2AcceptsAuthoredAnswers]' started.
Test Case '-[CondiscoTests.PackSpanishTests testBatch2AcceptsAuthoredAnswers]' passed (0.001 seconds).
Test Case '-[CondiscoTests.PackSpanishTests testBatch2AuthoredErrorsFireForPlausibleWrongAnswers]' started.
Test Case '-[CondiscoTests.PackSpanishTests testBatch2AuthoredErrorsFireForPlausibleWrongAnswers]' passed (0.004 seconds).
Test Case '-[CondiscoTests.PackSpanishTests testBatch2GradedStepsHaveAuthoredHints]' started.
Test Case '-[CondiscoTests.PackSpanishTests testBatch2GradedStepsHaveAuthoredHints]' passed (0.004 seconds).
Test Case '-[CondiscoTests.PackSpanishTests testBatch2TextAndClozeActivitiesAuthorErrors]' started.
Test Case '-[CondiscoTests.PackSpanishTests testBatch2TextAndClozeActivitiesAuthorErrors]' passed (0.004 seconds).
Test Case '-[CondiscoTests.PackSpanishTests testBatch3AcceptsAuthoredAnswers]' started.
Test Case '-[CondiscoTests.PackSpanishTests testBatch3AcceptsAuthoredAnswers]' passed (0.002 seconds).
Test Case '-[CondiscoTests.PackSpanishTests testBatch3AuthoredErrorsFireForPlausibleWrongAnswers]' started.
Test Case '-[CondiscoTests.PackSpanishTests testBatch3AuthoredErrorsFireForPlausibleWrongAnswers]' passed (0.007 seconds).
Test Case '-[CondiscoTests.PackSpanishTests testBatch3GradedStepsHaveAuthoredHints]' started.
Test Case '-[CondiscoTests.PackSpanishTests testBatch3GradedStepsHaveAuthoredHints]' passed (0.005 seconds).
Test Case '-[CondiscoTests.PackSpanishTests testBatch3StoryLessonsEndWithTextFinalResponse]' started.
Test Case '-[CondiscoTests.PackSpanishTests testBatch3StoryLessonsEndWithTextFinalResponse]' passed (0.002 seconds).
Test Case '-[CondiscoTests.PackSpanishTests testBatch3TextAndClozeActivitiesAuthorErrors]' started.
Test Case '-[CondiscoTests.PackSpanishTests testBatch3TextAndClozeActivitiesAuthorErrors]' passed (0.005 seconds).
Test Case '-[CondiscoTests.PackSpanishTests testBatch4AcceptsAuthoredAnswers]' started.
Test Case '-[CondiscoTests.PackSpanishTests testBatch4AcceptsAuthoredAnswers]' passed (0.002 seconds).
Test Case '-[CondiscoTests.PackSpanishTests testBatch4AuthoredErrorsFireForPlausibleWrongAnswers]' started.
Test Case '-[CondiscoTests.PackSpanishTests testBatch4AuthoredErrorsFireForPlausibleWrongAnswers]' passed (0.007 seconds).
Test Case '-[CondiscoTests.PackSpanishTests testBatch4DiscoveryLessonsEndWithTextFinalResponse]' started.
Test Case '-[CondiscoTests.PackSpanishTests testBatch4DiscoveryLessonsEndWithTextFinalResponse]' passed (0.002 seconds).
Test Case '-[CondiscoTests.PackSpanishTests testBatch4GradedStepsHaveAuthoredHints]' started.
Test Case '-[CondiscoTests.PackSpanishTests testBatch4GradedStepsHaveAuthoredHints]' passed (0.009 seconds).
Test Case '-[CondiscoTests.PackSpanishTests testBatch4TextAndClozeActivitiesAuthorErrors]' started.
Test Case '-[CondiscoTests.PackSpanishTests testBatch4TextAndClozeActivitiesAuthorErrors]' passed (0.010 seconds).
Test Case '-[CondiscoTests.PackSpanishTests testBatch5AcceptsAuthoredAnswers]' started.
Test Case '-[CondiscoTests.PackSpanishTests testBatch5AcceptsAuthoredAnswers]' passed (0.002 seconds).
Test Case '-[CondiscoTests.PackSpanishTests testBatch5AuthoredErrorsFireForPlausibleWrongAnswers]' started.
Test Case '-[CondiscoTests.PackSpanishTests testBatch5AuthoredErrorsFireForPlausibleWrongAnswers]' passed (0.002 seconds).
Test Case '-[CondiscoTests.PackSpanishTests testBatch5ConversationLessonsEndWithTextFinalResponse]' started.
Test Case '-[CondiscoTests.PackSpanishTests testBatch5ConversationLessonsEndWithTextFinalResponse]' passed (0.001 seconds).
Test Case '-[CondiscoTests.PackSpanishTests testBatch5GradedStepsHaveAuthoredHints]' started.
Test Case '-[CondiscoTests.PackSpanishTests testBatch5GradedStepsHaveAuthoredHints]' passed (0.004 seconds).
Test Case '-[CondiscoTests.PackSpanishTests testBatch5TextActivitiesAuthorErrors]' started.
Test Case '-[CondiscoTests.PackSpanishTests testBatch5TextActivitiesAuthorErrors]' passed (0.004 seconds).
Test Case '-[CondiscoTests.PackSpanishTests testBatch6AcceptsAuthoredAnswers]' started.
Test Case '-[CondiscoTests.PackSpanishTests testBatch6AcceptsAuthoredAnswers]' passed (0.004 seconds).
Test Case '-[CondiscoTests.PackSpanishTests testBatch6AuthoredErrorsFireForPlausibleWrongAnswers]' started.
Test Case '-[CondiscoTests.PackSpanishTests testBatch6AuthoredErrorsFireForPlausibleWrongAnswers]' passed (0.007 seconds).
Test Case '-[CondiscoTests.PackSpanishTests testBatch6GradedStepsHaveAuthoredHints]' started.
Test Case '-[CondiscoTests.PackSpanishTests testBatch6GradedStepsHaveAuthoredHints]' passed (0.012 seconds).
Test Case '-[CondiscoTests.PackSpanishTests testBatch6LessonsEndWithGradedTerminal]' started.
Test Case '-[CondiscoTests.PackSpanishTests testBatch6LessonsEndWithGradedTerminal]' passed (0.002 seconds).
Test Case '-[CondiscoTests.PackSpanishTests testBatch6TextAndClozeActivitiesAuthorErrors]' started.
Test Case '-[CondiscoTests.PackSpanishTests testBatch6TextAndClozeActivitiesAuthorErrors]' passed (0.010 seconds).
Test Case '-[CondiscoTests.PackSpanishTests testSpanishPackLoadsAndValidates]' started.
Test Case '-[CondiscoTests.PackSpanishTests testSpanishPackLoadsAndValidates]' passed (0.005 seconds).
Test Suite 'PackSpanishTests' passed at 2026-09-26 13:03:50.128.
	 Executed 29 tests, with 0 failures (0 unexpected) in 0.122 (0.130) seconds
Test Suite 'PairPracticeCardTests' started at 2026-09-26 13:03:50.128.
Test Case '-[CondiscoTests.PairPracticeCardTests testDialogueTurnsEmptyForStoryLesson]' started.
Test Case '-[CondiscoTests.PairPracticeCardTests testDialogueTurnsEmptyForStoryLesson]' passed (0.002 seconds).
Test Case '-[CondiscoTests.PairPracticeCardTests testDialogueTurnsReturnOrderedTwoSpeakerTurnsForConversationLesson]' started.
Test Case '-[CondiscoTests.PairPracticeCardTests testDialogueTurnsReturnOrderedTwoSpeakerTurnsForConversationLesson]' passed (0.001 seconds).
Test Case '-[CondiscoTests.PairPracticeCardTests testPairCardCaptionContainsCourseContentOnly]' started.
Test Case '-[CondiscoTests.PairPracticeCardTests testPairCardCaptionContainsCourseContentOnly]' passed (0.012 seconds).
Test Suite 'PairPracticeCardTests' passed at 2026-09-26 13:03:50.144.
	 Executed 3 tests, with 0 failures (0 unexpected) in 0.015 (0.016) seconds
Test Suite 'PhraseSourceIdsForListenAndBrowserTests' started at 2026-09-26 13:03:50.144.
Test Case '-[CondiscoTests.PhraseSourceIdsForListenAndBrowserTests testEveryListenTrackResolvesToItsPack]' started.
Test Case '-[CondiscoTests.PhraseSourceIdsForListenAndBrowserTests testEveryListenTrackResolvesToItsPack]' passed (0.002 seconds).
Test Case '-[CondiscoTests.PhraseSourceIdsForListenAndBrowserTests testListenTrackExposesFullPackAndLessonSourceIds]' started.
Test Case '-[CondiscoTests.PhraseSourceIdsForListenAndBrowserTests testListenTrackExposesFullPackAndLessonSourceIds]' passed (0.002 seconds).
Test Suite 'PhraseSourceIdsForListenAndBrowserTests' passed at 2026-09-26 13:03:50.149.
	 Executed 2 tests, with 0 failures (0 unexpected) in 0.004 (0.004) seconds
Test Suite 'PlacementTests' started at 2026-09-26 13:03:50.149.
Test Case '-[CondiscoTests.PlacementTests testBandJoining]' started.
Test Case '-[CondiscoTests.PlacementTests testBandJoining]' passed (0.001 seconds).
Test Case '-[CondiscoTests.PlacementTests testBeginnerCanOmitAccentAndApostropheInSamePhrase]' started.
Test Case '-[CondiscoTests.PlacementTests testBeginnerCanOmitAccentAndApostropheInSamePhrase]' passed (0.001 seconds).
Test Case '-[CondiscoTests.PlacementTests testBlankScoreMapsToStart]' started.
Test Case '-[CondiscoTests.PlacementTests testBlankScoreMapsToStart]' passed (0.001 seconds).
Test Case '-[CondiscoTests.PlacementTests testFirstMissThenSevenCorrectNeverPlacesAtStart]' started.
Test Case '-[CondiscoTests.PlacementTests testFirstMissThenSevenCorrectNeverPlacesAtStart]' passed (0.000 seconds).
Test Case '-[CondiscoTests.PlacementTests testMissingAccentExplainsExactCorrectionAndAllowsProgress]' started.
Test Case '-[CondiscoTests.PlacementTests testMissingAccentExplainsExactCorrectionAndAllowsProgress]' passed (0.001 seconds).
Test Case '-[CondiscoTests.PlacementTests testPerfectScoreMapsToVictoryIndex]' started.
Test Case '-[CondiscoTests.PlacementTests testPerfectScoreMapsToVictoryIndex]' passed (0.000 seconds).
Test Case '-[CondiscoTests.PlacementTests testScoreClampsOutOfRange]' started.
Test Case '-[CondiscoTests.PlacementTests testScoreClampsOutOfRange]' passed (0.000 seconds).
Test Case '-[CondiscoTests.PlacementTests testScoreNeverOutranksVictoryIndex]' started.
Test Case '-[CondiscoTests.PlacementTests testScoreNeverOutranksVictoryIndex]' passed (0.000 seconds).
Test Case '-[CondiscoTests.PlacementTests testShortMeaningChangingAccentStillNeedsExplanation]' started.
Test Case '-[CondiscoTests.PlacementTests testShortMeaningChangingAccentStillNeedsExplanation]' passed (0.001 seconds).
Test Suite 'PlacementTests' passed at 2026-09-26 13:03:50.156.
	 Executed 9 tests, with 0 failures (0 unexpected) in 0.005 (0.008) seconds
Test Suite 'RecallWarmUpTests' started at 2026-09-26 13:03:50.157.
Test Case '-[CondiscoTests.RecallWarmUpTests testCapOfTwoKeepsOnlyTheTwoOldest]' started.
Test Case '-[CondiscoTests.RecallWarmUpTests testCapOfTwoKeepsOnlyTheTwoOldest]' passed (0.003 seconds).
Test Case '-[CondiscoTests.RecallWarmUpTests testCurrentLessonMissingFromPackYieldsNothing]' started.
Test Case '-[CondiscoTests.RecallWarmUpTests testCurrentLessonMissingFromPackYieldsNothing]' passed (0.001 seconds).
Test Suite 'RecallWarmUpTests' passed at 2026-09-26 13:03:50.161.
	 Executed 2 tests, with 0 failures (0 unexpected) in 0.004 (0.005) seconds
Test Suite 'RecapPhraseSaveTests' started at 2026-09-26 13:03:50.162.
Test Case '-[CondiscoTests.RecapPhraseSaveTests testEveryLessonRecapSaveCarriesNonEmptySourceIds]' started.
Test Case '-[CondiscoTests.RecapPhraseSaveTests testEveryLessonRecapSaveCarriesNonEmptySourceIds]' passed (0.001 seconds).
Test Case '-[CondiscoTests.RecapPhraseSaveTests testRecapSaveCarriesPackAndLessonSourceIds]' started.
Test Case '-[CondiscoTests.RecapPhraseSaveTests testRecapSaveCarriesPackAndLessonSourceIds]' passed (0.000 seconds).
Test Case '-[CondiscoTests.RecapPhraseSaveTests testStoredPhraseCarriesTheRecapSourceIds]' started.
Test Case '-[CondiscoTests.RecapPhraseSaveTests testStoredPhraseCarriesTheRecapSourceIds]' passed (0.000 seconds).
Test Suite 'RecapPhraseSaveTests' passed at 2026-09-26 13:03:50.165.
	 Executed 3 tests, with 0 failures (0 unexpected) in 0.002 (0.003) seconds
Test Suite 'RecapSplitTests' started at 2026-09-26 13:03:50.165.
Test Case '-[CondiscoTests.RecapSplitTests testFreshSplitStartsAtZero]' started.
Test Case '-[CondiscoTests.RecapSplitTests testFreshSplitStartsAtZero]' passed (0.002 seconds).
Test Case '-[CondiscoTests.RecapSplitTests testOneStepSubmittedThreeTimesCountsOnce]' started.
Test Case '-[CondiscoTests.RecapSplitTests testOneStepSubmittedThreeTimesCountsOnce]' passed (0.000 seconds).
Test Case '-[CondiscoTests.RecapSplitTests testRetriedTroubleSpotStaysWithHelp]' started.
Test Case '-[CondiscoTests.RecapSplitTests testRetriedTroubleSpotStaysWithHelp]' passed (0.000 seconds).
Test Case '-[CondiscoTests.RecapSplitTests testTwoStepsEachSubmittedOnce]' started.
Test Case '-[CondiscoTests.RecapSplitTests testTwoStepsEachSubmittedOnce]' passed (0.000 seconds).
Test Case '-[CondiscoTests.RecapSplitTests testUngradedAndBlockedExcluded]' started.
Test Case '-[CondiscoTests.RecapSplitTests testUngradedAndBlockedExcluded]' passed (0.000 seconds).
Test Suite 'RecapSplitTests' passed at 2026-09-26 13:03:50.170.
	 Executed 5 tests, with 0 failures (0 unexpected) in 0.004 (0.005) seconds
Test Suite 'ReviewCatalogProjectionTests' started at 2026-09-26 13:03:50.170.
Test Case '-[CondiscoTests.ReviewCatalogProjectionTests testFreshAttemptIsNotDueUntilItsSchedule]' started.
Test Case '-[CondiscoTests.ReviewCatalogProjectionTests testFreshAttemptIsNotDueUntilItsSchedule]' passed (0.015 seconds).
Test Case '-[CondiscoTests.ReviewCatalogProjectionTests testLoadDueMatchesProjectionExactly]' started.
Test Case '-[CondiscoTests.ReviewCatalogProjectionTests testLoadDueMatchesProjectionExactly]' passed (0.011 seconds).
Test Suite 'ReviewCatalogProjectionTests' passed at 2026-09-26 13:03:50.197.
	 Executed 2 tests, with 0 failures (0 unexpected) in 0.026 (0.027) seconds
Test Suite 'ReviewScopeTests' started at 2026-09-26 13:03:50.197.
Test Case '-[CondiscoTests.ReviewScopeTests testFocusScopeWithNoDueCardsShowsHonestEmptyQueue]' started.
Test Case '-[CondiscoTests.ReviewScopeTests testFocusScopeWithNoDueCardsShowsHonestEmptyQueue]' passed (0.015 seconds).
Test Case '-[CondiscoTests.ReviewScopeTests testHomeInvitationEntryResetsNarrowedScopeToAllCourses]' started.
Test Case '-[CondiscoTests.ReviewScopeTests testHomeInvitationEntryResetsNarrowedScopeToAllCourses]' passed (0.016 seconds).
Test Case '-[CondiscoTests.ReviewScopeTests testMixedDueQueueAllShowsBothPacksFocusShowsOnlyFocus]' started.
Test Case '-[CondiscoTests.ReviewScopeTests testMixedDueQueueAllShowsBothPacksFocusShowsOnlyFocus]' passed (0.016 seconds).
Test Case '-[CondiscoTests.ReviewScopeTests testSwitchingScopeMidVisitUpdatesCountsBothDirections]' started.
Test Case '-[CondiscoTests.ReviewScopeTests testSwitchingScopeMidVisitUpdatesCountsBothDirections]' passed (0.024 seconds).
Test Case '-[CondiscoTests.ReviewScopeTests testVerdictInFocusScopeUpdatesOnlyFocusPackDueState]' started.
Test Case '-[CondiscoTests.ReviewScopeTests testVerdictInFocusScopeUpdatesOnlyFocusPackDueState]' passed (0.018 seconds).
Test Case '-[CondiscoTests.ReviewScopeTests testVerdictRecordsThroughExistingEventLogWithFsrsReschedule]' started.
Test Case '-[CondiscoTests.ReviewScopeTests testVerdictRecordsThroughExistingEventLogWithFsrsReschedule]' passed (0.012 seconds).
Test Suite 'ReviewScopeTests' passed at 2026-09-26 13:03:50.301.
	 Executed 6 tests, with 0 failures (0 unexpected) in 0.101 (0.104) seconds
Test Suite 'ReviewSessionLengthTests' started at 2026-09-26 13:03:50.301.
Test Case '-[CondiscoTests.ReviewSessionLengthTests testDeepLinkRequestsEverythingDue]' started.
Test Case '-[CondiscoTests.ReviewSessionLengthTests testDeepLinkRequestsEverythingDue]' passed (0.001 seconds).
Test Case '-[CondiscoTests.ReviewSessionLengthTests testHomeInvitationAlwaysPreselectsFive]' started.
Test Case '-[CondiscoTests.ReviewSessionLengthTests testHomeInvitationAlwaysPreselectsFive]' passed (0.001 seconds).
Test Case '-[CondiscoTests.ReviewSessionLengthTests testTabEntryKeepsCurrentChoice]' started.
Test Case '-[CondiscoTests.ReviewSessionLengthTests testTabEntryKeepsCurrentChoice]' passed (0.001 seconds).
Test Suite 'ReviewSessionLengthTests' passed at 2026-09-26 13:03:50.305.
	 Executed 3 tests, with 0 failures (0 unexpected) in 0.002 (0.004) seconds
Test Suite 'ScenarioLoopTests' started at 2026-09-26 13:03:50.306.
Test Case '-[CondiscoTests.ScenarioLoopTests testScenarioLoopHasNoScoreState]' started.
Test Case '-[CondiscoTests.ScenarioLoopTests testScenarioLoopHasNoScoreState]' passed (0.003 seconds).
Test Case '-[CondiscoTests.ScenarioLoopTests testScenarioLoopSkipsSpeakWhenMicUnavailable]' started.
Test Case '-[CondiscoTests.ScenarioLoopTests testScenarioLoopSkipsSpeakWhenMicUnavailable]' passed (0.001 seconds).
Test Case '-[CondiscoTests.ScenarioLoopTests testScenarioLoopTransitionsThroughAllSteps]' started.
Test Case '-[CondiscoTests.ScenarioLoopTests testScenarioLoopTransitionsThroughAllSteps]' passed (0.001 seconds).
Test Case '-[CondiscoTests.ScenarioLoopTests testScenarioSectionsEligibilityAndOrder]' started.
Test Case '-[CondiscoTests.ScenarioLoopTests testScenarioSectionsEligibilityAndOrder]' passed (0.001 seconds).
Test Case '-[CondiscoTests.ScenarioLoopTests testScenarioStepRateMatchesTransportSlowRate]' started.
Test Case '-[CondiscoTests.ScenarioLoopTests testScenarioStepRateMatchesTransportSlowRate]' passed (0.001 seconds).
Test Case '-[CondiscoTests.ScenarioLoopTests testScenarioStepRatePinsModelStepToSlowRate]' started.
Test Case '-[CondiscoTests.ScenarioLoopTests testScenarioStepRatePinsModelStepToSlowRate]' passed (0.001 seconds).
Test Case '-[CondiscoTests.ScenarioLoopTests testSectionEndFinalEligibleSectionRunsToDeclaredDuration]' started.
Test Case '-[CondiscoTests.ScenarioLoopTests testSectionEndFinalEligibleSectionRunsToDeclaredDuration]' passed (0.001 seconds).
Test Case '-[CondiscoTests.ScenarioLoopTests testSectionEndUsesNextTranscriptBoundaryOrTrackDuration]' started.
Test Case '-[CondiscoTests.ScenarioLoopTests testSectionEndUsesNextTranscriptBoundaryOrTrackDuration]' passed (0.001 seconds).
Test Case '-[CondiscoTests.ScenarioLoopTests testUntargetedSectionsAreSkippedAndStillBoundThePriorWindow]' started.
Test Case '-[CondiscoTests.ScenarioLoopTests testUntargetedSectionsAreSkippedAndStillBoundThePriorWindow]' passed (0.001 seconds).
Test Suite 'ScenarioLoopTests' passed at 2026-09-26 13:03:50.320.
	 Executed 9 tests, with 0 failures (0 unexpected) in 0.010 (0.014) seconds
Test Suite 'SimulatorPerformanceProbeTests' started at 2026-09-26 13:03:50.320.
Test Case '-[CondiscoTests.SimulatorPerformanceProbeTests testProbeLessonStepTransitionWallClock]' started.
/Users/spkoehl/Projects/VerbaLibera/Condisco/Tests/StoreTests.swift:2703: Test Case '-[CondiscoTests.SimulatorPerformanceProbeTests testProbeLessonStepTransitionWallClock]' measured [Clock Monotonic Time, s] average: 0.003, relative standard deviation: 9.791%, values: [0.003737, 0.002976, 0.002962, 0.002937, 0.003024], performanceMetricID:com.apple.dt.XCTMetric_Clock.time.monotonic, baselineName: "", baselineAverage: , polarity: prefers smaller, maxPercentRegression: 10.000%, maxPercentRelativeStandardDeviation: 10.000%, maxRegression: 0.000, maxStandardDeviation: 0.000
Test Case '-[CondiscoTests.SimulatorPerformanceProbeTests testProbeLessonStepTransitionWallClock]' passed (0.516 seconds).
Test Case '-[CondiscoTests.SimulatorPerformanceProbeTests testProbeReviewCardFlipWallClock]' started.
/Users/spkoehl/Projects/VerbaLibera/Condisco/Tests/StoreTests.swift:2736: Test Case '-[CondiscoTests.SimulatorPerformanceProbeTests testProbeReviewCardFlipWallClock]' measured [Clock Monotonic Time, s] average: 0.004, relative standard deviation: 38.151%, values: [0.002925, 0.006971, 0.003544, 0.003217, 0.003186], performanceMetricID:com.apple.dt.XCTMetric_Clock.time.monotonic, baselineName: "", baselineAverage: , polarity: prefers smaller, maxPercentRegression: 10.000%, maxPercentRelativeStandardDeviation: 10.000%, maxRegression: 0.000, maxStandardDeviation: 0.000
Test Case '-[CondiscoTests.SimulatorPerformanceProbeTests testProbeReviewCardFlipWallClock]' passed (0.041 seconds).
Test Suite 'SimulatorPerformanceProbeTests' passed at 2026-09-26 13:03:50.879.
	 Executed 2 tests, with 0 failures (0 unexpected) in 0.557 (0.559) seconds
Test Suite 'TodayPlanTests' started at 2026-09-26 13:03:50.879.
Test Case '-[CondiscoTests.TodayPlanTests testFallsBackToListenThenRest]' started.
Test Case '-[CondiscoTests.TodayPlanTests testFallsBackToListenThenRest]' passed (0.009 seconds).
Test Case '-[CondiscoTests.TodayPlanTests testFreshLearnerWithNoProgressLeadsToLesson]' started.
Test Case '-[CondiscoTests.TodayPlanTests testFreshLearnerWithNoProgressLeadsToLesson]' passed (0.001 seconds).
Test Case '-[CondiscoTests.TodayPlanTests testNoResumeNoLessonWithDueReviewsLeadsToReviewPrimary]' started.
Test Case '-[CondiscoTests.TodayPlanTests testNoResumeNoLessonWithDueReviewsLeadsToReviewPrimary]' passed (0.001 seconds).
Test Case '-[CondiscoTests.TodayPlanTests testNoResumeThenNextLessonWinsOverDueReviews]' started.
Test Case '-[CondiscoTests.TodayPlanTests testNoResumeThenNextLessonWinsOverDueReviews]' passed (0.001 seconds).
Test Case '-[CondiscoTests.TodayPlanTests testPathCompleteWithReviewsDueLeadsToReview]' started.
Test Case '-[CondiscoTests.TodayPlanTests testPathCompleteWithReviewsDueLeadsToReview]' passed (0.001 seconds).
Test Case '-[CondiscoTests.TodayPlanTests testResumeWinsOverLessonAndReviewsStillCarriesDueCount]' started.
Test Case '-[CondiscoTests.TodayPlanTests testResumeWinsOverLessonAndReviewsStillCarriesDueCount]' passed (0.001 seconds).
Test Suite 'TodayPlanTests' passed at 2026-09-26 13:03:50.894.
	 Executed 6 tests, with 0 failures (0 unexpected) in 0.013 (0.015) seconds
Test Suite 'YouPhraseEvidenceTests' started at 2026-09-26 13:03:50.894.
Test Case '-[CondiscoTests.YouPhraseEvidenceTests testAssistedOnlyTypedWorkIsWithHintsNotBuilt]' started.
Test Case '-[CondiscoTests.YouPhraseEvidenceTests testAssistedOnlyTypedWorkIsWithHintsNotBuilt]' passed (0.009 seconds).
Test Case '-[CondiscoTests.YouPhraseEvidenceTests testHintsOnOtherTriesStillAllowIndependentProduction]' started.
Test Case '-[CondiscoTests.YouPhraseEvidenceTests testHintsOnOtherTriesStillAllowIndependentProduction]' passed (0.003 seconds).
Test Case '-[CondiscoTests.YouPhraseEvidenceTests testIndependentClozeSuccessLandsInBuilt]' started.
Test Case '-[CondiscoTests.YouPhraseEvidenceTests testIndependentClozeSuccessLandsInBuilt]' passed (0.002 seconds).
Test Case '-[CondiscoTests.YouPhraseEvidenceTests testIndependentTypedSuccessLandsInBuilt]' started.
Test Case '-[CondiscoTests.YouPhraseEvidenceTests testIndependentTypedSuccessLandsInBuilt]' passed (0.002 seconds).
Test Case '-[CondiscoTests.YouPhraseEvidenceTests testKnownMarkAddsNothingAlongsideRealAttempts]' started.
Test Case '-[CondiscoTests.YouPhraseEvidenceTests testKnownMarkAddsNothingAlongsideRealAttempts]' passed (0.002 seconds).
Test Case '-[CondiscoTests.YouPhraseEvidenceTests testKnownMarkAloneBuildsNoGroups]' started.
Test Case '-[CondiscoTests.YouPhraseEvidenceTests testKnownMarkAloneBuildsNoGroups]' passed (0.002 seconds).
Test Case '-[CondiscoTests.YouPhraseEvidenceTests testLabelsArePlainAndNeverClaimSpeech]' started.
Test Case '-[CondiscoTests.YouPhraseEvidenceTests testLabelsArePlainAndNeverClaimSpeech]' passed (0.001 seconds).
Test Case '-[CondiscoTests.YouPhraseEvidenceTests testRecognitionSuccessLandsInRecognizedNotBuilt]' started.
Test Case '-[CondiscoTests.YouPhraseEvidenceTests testRecognitionSuccessLandsInRecognizedNotBuilt]' passed (0.002 seconds).
Test Case '-[CondiscoTests.YouPhraseEvidenceTests testSelfCompareLandsOnlyInSpeakingPractice]' started.
Test Case '-[CondiscoTests.YouPhraseEvidenceTests testSelfCompareLandsOnlyInSpeakingPractice]' passed (0.002 seconds).
Test Case '-[CondiscoTests.YouPhraseEvidenceTests testStaleRevisionAttemptDoesNotFeedGroups]' started.
Test Case '-[CondiscoTests.YouPhraseEvidenceTests testStaleRevisionAttemptDoesNotFeedGroups]' passed (0.002 seconds).
Test Suite 'YouPhraseEvidenceTests' passed at 2026-09-26 13:03:50.925.
	 Executed 10 tests, with 0 failures (0 unexpected) in 0.027 (0.031) seconds
Test Suite 'CondiscoTests.xctest' passed at 2026-09-26 13:03:50.925.
	 Executed 427 tests, with 0 failures (0 unexpected) in 2.601 (2.783) seconds
Test Suite 'All tests' passed at 2026-09-26 13:03:50.925.
	 Executed 427 tests, with 0 failures (0 unexpected) in 2.601 (2.785) seconds
2026-09-26 13:03:51.440 xcodebuild[3300:510208] [MT] IDETestOperationsObserverDebug: 66.131 elapsed -- Testing started completed.
2026-09-26 13:03:51.440 xcodebuild[3300:510208] [MT] IDETestOperationsObserverDebug: 0.000 sec, +0.000 sec -- start
2026-09-26 13:03:51.440 xcodebuild[3300:510208] [MT] IDETestOperationsObserverDebug: 66.131 sec, +66.131 sec -- end

Test session results, code coverage, and logs:
	/var/folders/3w/91hphlzs0rv_1twbkfyhvn6m0000gn/T/condisco-preflight.fRP9FS/DerivedData/Logs/Test/Test-Condisco-2026.09.26_13-02-16--0700.xcresult

** TEST SUCCEEDED **

Testing started
PASS unit tests (CondiscoTests)

== Step 5/5  UI smoke  (CondiscoUITests — --with-ui requested) ==
Command line invocation:
    /Applications/Xcode.app/Contents/Developer/usr/bin/xcodebuild test -project Condisco.xcodeproj -scheme Condisco -destination "platform=iOS Simulator,name=iPhone 18 Pro" "-only-testing:CondiscoUITests" -derivedDataPath /var/folders/3w/91hphlzs0rv_1twbkfyhvn6m0000gn/T//condisco-preflight.fRP9FS/DerivedData ONLY_ACTIVE_ARCH=YES

Build settings from command line:
    ONLY_ACTIVE_ARCH = YES

ComputePackagePrebuildTargetDependencyGraph

Prepare packages

CreateBuildRequest

SendProjectDescription

CreateBuildOperation

ComputeTargetDependencyGraph
note: Building targets in dependency order
note: Target dependency graph (4 targets)
    Target 'CondiscoUITests' in project 'Condisco'
        ➜ Explicit dependency on target 'Condisco' in project 'Condisco'
    Target 'CondiscoTests' in project 'Condisco'
        ➜ Explicit dependency on target 'Condisco' in project 'Condisco'
    Target 'Condisco' in project 'Condisco'
        ➜ Explicit dependency on target 'CondiscoWidget' in project 'Condisco'
    Target 'CondiscoWidget' in project 'Condisco' (no dependencies)

GatherProvisioningInputs

CreateBuildDescription

ClangStatCache /Applications/Xcode.app/Contents/Developer/Toolchains/XcodeDefault.xctoolchain/usr/bin/clang-stat-cache /Applications/Xcode.app/Contents/Developer/Platforms/iPhoneSimulator.platform/Developer/SDKs/iPhoneSimulator27.0.sdk /var/folders/3w/91hphlzs0rv_1twbkfyhvn6m0000gn/T/condisco-preflight.fRP9FS/DerivedData/SDKStatCaches.noindex/iphonesimulator27.0-24A430-8dc58220667be655e1bcc261a7455254.sdkstatcache
    cd /Users/spkoehl/Projects/VerbaLibera/Condisco.xcodeproj
    /Applications/Xcode.app/Contents/Developer/Toolchains/XcodeDefault.xctoolchain/usr/bin/clang-stat-cache /Applications/Xcode.app/Contents/Developer/Platforms/iPhoneSimulator.platform/Developer/SDKs/iPhoneSimulator27.0.sdk -o /var/folders/3w/91hphlzs0rv_1twbkfyhvn6m0000gn/T/condisco-preflight.fRP9FS/DerivedData/SDKStatCaches.noindex/iphonesimulator27.0-24A430-8dc58220667be655e1bcc261a7455254.sdkstatcache

Copy /var/folders/3w/91hphlzs0rv_1twbkfyhvn6m0000gn/T/condisco-preflight.fRP9FS/DerivedData/Build/Products/Debug-iphonesimulator/Condisco.app/PlugIns/CondiscoWidget.appex /var/folders/3w/91hphlzs0rv_1twbkfyhvn6m0000gn/T/condisco-preflight.fRP9FS/DerivedData/Build/Products/Debug-iphonesimulator/CondiscoWidget.appex (in target 'Condisco' from project 'Condisco')
    cd /Users/spkoehl/Projects/VerbaLibera
    builtin-copy -exclude .DS_Store -exclude CVS -exclude .svn -exclude .git -exclude .hg -resolve-src-symlinks -remove-static-executable /var/folders/3w/91hphlzs0rv_1twbkfyhvn6m0000gn/T/condisco-preflight.fRP9FS/DerivedData/Build/Products/Debug-iphonesimulator/CondiscoWidget.appex /var/folders/3w/91hphlzs0rv_1twbkfyhvn6m0000gn/T/condisco-preflight.fRP9FS/DerivedData/Build/Products/Debug-iphonesimulator/Condisco.app/PlugIns

ProcessInfoPlistFile /var/folders/3w/91hphlzs0rv_1twbkfyhvn6m0000gn/T/condisco-preflight.fRP9FS/DerivedData/Build/Products/Debug-iphonesimulator/Condisco.app/Info.plist /Users/spkoehl/Projects/VerbaLibera/Condisco/Info.plist (in target 'Condisco' from project 'Condisco')
    cd /Users/spkoehl/Projects/VerbaLibera
    builtin-infoPlistUtility /Users/spkoehl/Projects/VerbaLibera/Condisco/Info.plist -producttype com.apple.product-type.application -genpkginfo /var/folders/3w/91hphlzs0rv_1twbkfyhvn6m0000gn/T/condisco-preflight.fRP9FS/DerivedData/Build/Products/Debug-iphonesimulator/Condisco.app/PkgInfo -expandbuildsettings -format binary -platform iphonesimulator -additionalcontentfile /var/folders/3w/91hphlzs0rv_1twbkfyhvn6m0000gn/T/condisco-preflight.fRP9FS/DerivedData/Build/Intermediates.noindex/Condisco.build/Debug-iphonesimulator/Condisco.build/assetcatalog_generated_info.plist -scanforprivacyfile /var/folders/3w/91hphlzs0rv_1twbkfyhvn6m0000gn/T/condisco-preflight.fRP9FS/DerivedData/Build/Products/Debug-iphonesimulator/Condisco.app/PlugIns/CondiscoWidget.appex -o /var/folders/3w/91hphlzs0rv_1twbkfyhvn6m0000gn/T/condisco-preflight.fRP9FS/DerivedData/Build/Products/Debug-iphonesimulator/Condisco.app/Info.plist

CopySwiftLibs /var/folders/3w/91hphlzs0rv_1twbkfyhvn6m0000gn/T/condisco-preflight.fRP9FS/DerivedData/Build/Products/Debug-iphonesimulator/Condisco.app (in target 'Condisco' from project 'Condisco')
    cd /Users/spkoehl/Projects/VerbaLibera
    builtin-swiftStdLibTool --copy --verbose --sign - --scan-executable /var/folders/3w/91hphlzs0rv_1twbkfyhvn6m0000gn/T/condisco-preflight.fRP9FS/DerivedData/Build/Products/Debug-iphonesimulator/Condisco.app/Condisco.debug.dylib --scan-folder /var/folders/3w/91hphlzs0rv_1twbkfyhvn6m0000gn/T/condisco-preflight.fRP9FS/DerivedData/Build/Products/Debug-iphonesimulator/Condisco.app/Frameworks --scan-folder /var/folders/3w/91hphlzs0rv_1twbkfyhvn6m0000gn/T/condisco-preflight.fRP9FS/DerivedData/Build/Products/Debug-iphonesimulator/Condisco.app/PlugIns --scan-folder /var/folders/3w/91hphlzs0rv_1twbkfyhvn6m0000gn/T/condisco-preflight.fRP9FS/DerivedData/Build/Products/Debug-iphonesimulator/Condisco.app/SystemExtensions --scan-folder /var/folders/3w/91hphlzs0rv_1twbkfyhvn6m0000gn/T/condisco-preflight.fRP9FS/DerivedData/Build/Products/Debug-iphonesimulator/Condisco.app/Extensions --platform iphonesimulator --toolchain /Applications/Xcode.app/Contents/Developer/Toolchains/XcodeDefault.xctoolchain --destination /var/folders/3w/91hphlzs0rv_1twbkfyhvn6m0000gn/T/condisco-preflight.fRP9FS/DerivedData/Build/Products/Debug-iphonesimulator/Condisco.app/Frameworks --strip-bitcode --strip-bitcode-tool /Applications/Xcode.app/Contents/Developer/Toolchains/XcodeDefault.xctoolchain/usr/bin/bitcode_strip --emit-dependency-info /var/folders/3w/91hphlzs0rv_1twbkfyhvn6m0000gn/T/condisco-preflight.fRP9FS/DerivedData/Build/Intermediates.noindex/Condisco.build/Debug-iphonesimulator/Condisco.build/SwiftStdLibToolInputDependencies.dep --filter-for-swift-os

CodeSign /var/folders/3w/91hphlzs0rv_1twbkfyhvn6m0000gn/T/condisco-preflight.fRP9FS/DerivedData/Build/Products/Debug-iphonesimulator/Condisco.app/Condisco.debug.dylib (in target 'Condisco' from project 'Condisco')
    cd /Users/spkoehl/Projects/VerbaLibera
    
    Signing Identity:     "Sign to Run Locally"
    
    /usr/bin/codesign --force --sign - --timestamp\=none --generate-entitlement-der /var/folders/3w/91hphlzs0rv_1twbkfyhvn6m0000gn/T/condisco-preflight.fRP9FS/DerivedData/Build/Products/Debug-iphonesimulator/Condisco.app/Condisco.debug.dylib
/var/folders/3w/91hphlzs0rv_1twbkfyhvn6m0000gn/T/condisco-preflight.fRP9FS/DerivedData/Build/Products/Debug-iphonesimulator/Condisco.app/Condisco.debug.dylib: replacing existing signature

CodeSign /var/folders/3w/91hphlzs0rv_1twbkfyhvn6m0000gn/T/condisco-preflight.fRP9FS/DerivedData/Build/Products/Debug-iphonesimulator/Condisco.app/__preview.dylib (in target 'Condisco' from project 'Condisco')
    cd /Users/spkoehl/Projects/VerbaLibera
    
    Signing Identity:     "Sign to Run Locally"
    
    /usr/bin/codesign --force --sign - --timestamp\=none --generate-entitlement-der /var/folders/3w/91hphlzs0rv_1twbkfyhvn6m0000gn/T/condisco-preflight.fRP9FS/DerivedData/Build/Products/Debug-iphonesimulator/Condisco.app/__preview.dylib
/var/folders/3w/91hphlzs0rv_1twbkfyhvn6m0000gn/T/condisco-preflight.fRP9FS/DerivedData/Build/Products/Debug-iphonesimulator/Condisco.app/__preview.dylib: replacing existing signature

CodeSign /var/folders/3w/91hphlzs0rv_1twbkfyhvn6m0000gn/T/condisco-preflight.fRP9FS/DerivedData/Build/Products/Debug-iphonesimulator/Condisco.app (in target 'Condisco' from project 'Condisco')
    cd /Users/spkoehl/Projects/VerbaLibera
    
    Signing Identity:     "Sign to Run Locally"
    
    /usr/bin/codesign --force --sign - --entitlements /var/folders/3w/91hphlzs0rv_1twbkfyhvn6m0000gn/T/condisco-preflight.fRP9FS/DerivedData/Build/Intermediates.noindex/Condisco.build/Debug-iphonesimulator/Condisco.build/Condisco.app.xcent --timestamp\=none --generate-entitlement-der /var/folders/3w/91hphlzs0rv_1twbkfyhvn6m0000gn/T/condisco-preflight.fRP9FS/DerivedData/Build/Products/Debug-iphonesimulator/Condisco.app
/var/folders/3w/91hphlzs0rv_1twbkfyhvn6m0000gn/T/condisco-preflight.fRP9FS/DerivedData/Build/Products/Debug-iphonesimulator/Condisco.app: replacing existing signature

Validate /var/folders/3w/91hphlzs0rv_1twbkfyhvn6m0000gn/T/condisco-preflight.fRP9FS/DerivedData/Build/Products/Debug-iphonesimulator/Condisco.app (in target 'Condisco' from project 'Condisco')
    cd /Users/spkoehl/Projects/VerbaLibera
    builtin-validationUtility /var/folders/3w/91hphlzs0rv_1twbkfyhvn6m0000gn/T/condisco-preflight.fRP9FS/DerivedData/Build/Products/Debug-iphonesimulator/Condisco.app -shallow-bundle -infoplist-subpath Info.plist

ValidateEmbeddedBinary /var/folders/3w/91hphlzs0rv_1twbkfyhvn6m0000gn/T/condisco-preflight.fRP9FS/DerivedData/Build/Products/Debug-iphonesimulator/Condisco.app/PlugIns/CondiscoWidget.appex (in target 'Condisco' from project 'Condisco')
    cd /Users/spkoehl/Projects/VerbaLibera
    /Applications/Xcode.app/Contents/Developer/usr/bin/embeddedBinaryValidationUtility /var/folders/3w/91hphlzs0rv_1twbkfyhvn6m0000gn/T/condisco-preflight.fRP9FS/DerivedData/Build/Products/Debug-iphonesimulator/Condisco.app/PlugIns/CondiscoWidget.appex -signing-cert - -info-plist-path /var/folders/3w/91hphlzs0rv_1twbkfyhvn6m0000gn/T/condisco-preflight.fRP9FS/DerivedData/Build/Products/Debug-iphonesimulator/Condisco.app/Info.plist

PruneExplicitPrecompiledModules /var/folders/3w/91hphlzs0rv_1twbkfyhvn6m0000gn/T/condisco-preflight.fRP9FS/DerivedData/Build/Intermediates.noindex/ExplicitPrecompiledModules

PruneExplicitPrecompiledModules /var/folders/3w/91hphlzs0rv_1twbkfyhvn6m0000gn/T/condisco-preflight.fRP9FS/DerivedData/Build/Intermediates.noindex/SwiftExplicitPrecompiledModules

PruneExplicitPrecompiledModules /var/folders/3w/91hphlzs0rv_1twbkfyhvn6m0000gn/T/condisco-preflight.fRP9FS/DerivedData/SDKExplicitPrecompiledModules

2026-09-26 13:05:01.920451-0700 CondiscoUITests-Runner[4595:518946] [Default] Running tests...
Test Suite 'All tests' started at 2026-09-26 13:05:25.076.
Test Suite 'CondiscoUITests.xctest' started at 2026-09-26 13:05:25.112.
Test Suite 'AccessibilitySweepUITests' started at 2026-09-26 13:05:25.113.
Test Case '-[CondiscoUITests.AccessibilitySweepUITests testFiveCardReviewSessionCompletesAfterHomeInvitation]' started.
    t =     0.08s Start Test at 2026-09-26 13:05:25.188
    t =     1.39s Set Up
    t =     1.42s Open com.sleuthysloth.condisco
    t =     1.42s     Launch com.sleuthysloth.condisco
2026-09-26 13:05:27.636 xcodebuild[4365:516345] [MT] IDELaunchParametersSnapshot: debugger version lookup failed for path '<nil>': noURL
2026-09-26 13:05:27.637 xcodebuild[4365:516345] [MT] IDELaunchParametersSnapshot: no debugger version
objc[4595]: Class UIAccessibilityLoaderWebShared is implemented in both /private/var/run/com.apple.security.cryptexd/mnt/com.apple.iPhoneOS.SimulatorRuntime-v24.1.434.0.pRafix/Library/Developer/CoreSimulator/Profiles/Runtimes/iOS 27.0.simruntime/Contents/Resources/RuntimeRoot/System/Library/AccessibilityBundles/WebKit.axbundle/WebKit (0x1062fc398) and /private/var/run/com.apple.security.cryptexd/mnt/com.apple.iPhoneOS.SimulatorRuntime-v24.1.434.0.pRafix/Library/Developer/CoreSimulator/Profiles/Runtimes/iOS 27.0.simruntime/Contents/Resources/RuntimeRoot/System/Library/AccessibilityBundles/WebCore.axbundle/WebCore (0x106e70310). This may cause spurious casting failures and mysterious crashes. One of the duplicates must be removed or renamed.
    t =    11.45s         Setting up automation session
    t =    19.82s         Wait for com.sleuthysloth.condisco to idle
    t =    24.30s Waiting 30.0s for "Choose a language" Button to exist
    t =    25.35s     Checking `Expect predicate `existsNoRetry == 1` for object "Choose a language" Button`
    t =    25.35s         Checking existence of `"Choose a language" Button`
    t =    25.47s Tap "Choose a language" Button
    t =    25.47s     Wait for com.sleuthysloth.condisco to idle
    t =    25.47s     Find the "Choose a language" Button
    t =    25.48s     Check for interrupting elements affecting "Choose a language" Button
    t =    25.67s     Synthesize event
    t =    26.15s     Wait for com.sleuthysloth.condisco to idle
    t =    26.15s Waiting 10.0s for "Which language are you learning?" StaticText to exist
    t =    27.18s     Checking `Expect predicate `existsNoRetry == 1` for object "Which language are you learning?" StaticText`
    t =    27.18s         Checking existence of `"Which language are you learning?" StaticText`
    t =    27.25s Checking existence of `"French foundations" StaticText`
    t =    27.27s Find the "Continue" Button
    t =    27.31s Find the "Continue" Button
    t =    27.35s Find the "Continue" Button
    t =    27.38s Find the "Continue" Button
    t =    27.41s Find the "Continue" Button
    t =    27.45s Tap "Continue" Button
    t =    27.45s     Wait for com.sleuthysloth.condisco to idle
    t =    27.45s     Find the "Continue" Button
    t =    27.48s     Check for interrupting elements affecting "Continue" Button
    t =    27.50s     Synthesize event
    t =    27.80s     Wait for com.sleuthysloth.condisco to idle
    t =    27.80s Waiting 10.0s for Button (First Match) to exist
    t =    28.84s     Checking `Expect predicate `existsNoRetry == 1` for object Button (First Match)`
    t =    28.84s         Checking existence of `Button (First Match)`
    t =    28.86s Find the Button (First Match)
    t =    28.89s Find the "I'm starting fresh, Begin with your first mission. No experience needed." Button
    t =    28.92s Find the "I'm starting fresh, Begin with your first mission. No experience needed." Button
    t =    28.96s Find the "I'm starting fresh, Begin with your first mission. No experience needed." Button
    t =    28.98s Find the "I'm starting fresh, Begin with your first mission. No experience needed." Button
    t =    29.00s Tap "I'm starting fresh, Begin with your first mission. No experience needed." Button
    t =    29.00s     Wait for com.sleuthysloth.condisco to idle
    t =    29.00s     Find the "I'm starting fresh, Begin with your first mission. No experience needed." Button
    t =    29.02s     Check for interrupting elements affecting "I'm starting fresh, Begin with your first mission. No experience needed." Button
    t =    29.03s     Synthesize event
    t =    29.34s     Wait for com.sleuthysloth.condisco to idle
    t =    30.28s Waiting 20.0s for "Start lesson" Button to exist
    t =    31.31s     Checking `Expect predicate `existsNoRetry == 1` for object "Start lesson" Button`
    t =    31.31s         Checking existence of `"Start lesson" Button`
    t =    31.44s Waiting 10.0s for "Back to lessons" Button to exist
    t =    32.48s     Checking `Expect predicate `existsNoRetry == 1` for object "Back to lessons" Button`
    t =    32.48s         Checking existence of `"Back to lessons" Button`
    t =    32.52s Tap "Back to lessons" Button
    t =    32.52s     Wait for com.sleuthysloth.condisco to idle
    t =    32.52s     Find the "Back to lessons" Button
    t =    32.56s     Check for interrupting elements affecting "Back to lessons" Button
    t =    32.60s     Synthesize event
    t =    32.90s     Wait for com.sleuthysloth.condisco to idle
    t =    33.25s Waiting 30.0s for "Home" Button to exist
    t =    34.28s     Checking `Expect predicate `existsNoRetry == 1` for object "Home" Button`
    t =    34.28s         Checking existence of `"Home" Button`
    t =    34.33s Waiting 30.0s for "home.today.review" Button to exist
    t =    35.36s     Checking `Expect predicate `existsNoRetry == 1` for object "home.today.review" Button`
    t =    35.36s         Checking existence of `"home.today.review" Button`
    t =    35.41s Find the "home.today.review" Button
    t =    35.48s Find the Target Application 'com.sleuthysloth.condisco'
    t =    35.76s Added attachment named 'home-review-invitation'
    t =    35.76s Tap "home.today.review" Button
    t =    35.76s     Wait for com.sleuthysloth.condisco to idle
    t =    35.76s     Find the "home.today.review" Button
    t =    35.81s     Check for interrupting elements affecting "home.today.review" Button
    t =    35.86s     Synthesize event
    t =    36.16s     Wait for com.sleuthysloth.condisco to idle
    t =    37.11s Waiting 15.0s for "Review" NavigationBar to exist
    t =    38.15s     Checking `Expect predicate `existsNoRetry == 1` for object "Review" NavigationBar`
    t =    38.15s         Checking existence of `"Review" NavigationBar`
    t =    38.25s Waiting 10.0s for "5 of 7 to review" StaticText to exist
    t =    39.31s     Checking `Expect predicate `existsNoRetry == 1` for object "5 of 7 to review" StaticText`
    t =    39.31s         Checking existence of `"5 of 7 to review" StaticText`
    t =    39.35s Find the Target Application 'com.sleuthysloth.condisco'
    t =    39.64s Added attachment named 'review-five-preselected'
    t =    39.66s Find the "Start review" Button
    t =    39.82s Find the "Start review" Button
    t =    39.92s Find the "Start review" Button
    t =    39.97s Find the "Start review" Button
    t =    40.03s Find the "Start review" Button
    t =    40.10s Tap "Start review" Button
    t =    40.10s     Wait for com.sleuthysloth.condisco to idle
    t =    40.10s     Find the "Start review" Button
    t =    40.14s     Check for interrupting elements affecting "Start review" Button
    t =    40.19s     Synthesize event
    t =    40.52s     Wait for com.sleuthysloth.condisco to idle
    t =    40.92s Waiting 15.0s for "Reveal answer" Button to exist
    t =    41.93s     Checking `Expect predicate `existsNoRetry == 1` for object "Reveal answer" Button`
    t =    41.93s         Checking existence of `"Reveal answer" Button`
    t =    42.07s Tap "Reveal answer" Button
    t =    42.07s     Wait for com.sleuthysloth.condisco to idle
    t =    42.07s     Find the "Reveal answer" Button
    t =    42.12s     Check for interrupting elements affecting "Reveal answer" Button
    t =    42.17s     Synthesize event
    t =    42.49s     Wait for com.sleuthysloth.condisco to idle
    t =    42.50s Waiting 10.0s for "I knew it. I recalled the answer independently." Button to exist
    t =    43.57s     Checking `Expect predicate `existsNoRetry == 1` for object "I knew it. I recalled the answer independently." Button`
    t =    43.57s         Checking existence of `"I knew it. I recalled the answer independently." Button`
    t =    43.67s Find the "I knew it. I recalled the answer independently." Button
    t =    43.74s Find the "I knew it. I recalled the answer independently." Button
    t =    43.82s Find the "I knew it. I recalled the answer independently." Button
    t =    43.91s Find the "I knew it. I recalled the answer independently." Button
    t =    43.97s Find the "I knew it. I recalled the answer independently." Button
    t =    44.05s Tap "I knew it. I recalled the answer independently." Button
    t =    44.05s     Wait for com.sleuthysloth.condisco to idle
    t =    44.05s     Find the "I knew it. I recalled the answer independently." Button
    t =    44.11s     Check for interrupting elements affecting "I knew it. I recalled the answer independently." Button
    t =    44.15s     Synthesize event
    t =    44.45s     Wait for com.sleuthysloth.condisco to idle
    t =    44.45s Waiting 15.0s for "Reveal answer" Button to exist
    t =    45.46s     Checking `Expect predicate `existsNoRetry == 1` for object "Reveal answer" Button`
    t =    45.46s         Checking existence of `"Reveal answer" Button`
    t =    45.54s Tap "Reveal answer" Button
    t =    45.54s     Wait for com.sleuthysloth.condisco to idle
    t =    45.55s     Find the "Reveal answer" Button
    t =    45.60s     Check for interrupting elements affecting "Reveal answer" Button
    t =    45.66s     Synthesize event
    t =    45.98s     Wait for com.sleuthysloth.condisco to idle
    t =    45.98s Waiting 10.0s for "Almost. I nearly knew it." Button to exist
    t =    47.02s     Checking `Expect predicate `existsNoRetry == 1` for object "Almost. I nearly knew it." Button`
    t =    47.02s         Checking existence of `"Almost. I nearly knew it." Button`
    t =    47.13s Find the "Almost. I nearly knew it." Button
    t =    47.25s Find the "Almost. I nearly knew it." Button
    t =    47.37s Find the "Almost. I nearly knew it." Button
    t =    47.48s Find the "Almost. I nearly knew it." Button
    t =    47.64s Find the "Almost. I nearly knew it." Button
    t =    47.75s Tap "Almost. I nearly knew it." Button
    t =    47.75s     Wait for com.sleuthysloth.condisco to idle
    t =    47.76s     Find the "Almost. I nearly knew it." Button
    t =    47.82s     Check for interrupting elements affecting "Almost. I nearly knew it." Button
    t =    47.89s     Synthesize event
    t =    48.19s     Wait for com.sleuthysloth.condisco to idle
    t =    48.19s Waiting 15.0s for "Reveal answer" Button to exist
    t =    49.24s     Checking `Expect predicate `existsNoRetry == 1` for object "Reveal answer" Button`
    t =    49.25s         Checking existence of `"Reveal answer" Button`
    t =    49.30s Tap "Reveal answer" Button
    t =    49.30s     Wait for com.sleuthysloth.condisco to idle
    t =    49.30s     Find the "Reveal answer" Button
    t =    49.35s     Check for interrupting elements affecting "Reveal answer" Button
    t =    49.40s     Synthesize event
    t =    49.71s     Wait for com.sleuthysloth.condisco to idle
    t =    49.71s Waiting 10.0s for "Not yet. I didn't know it." Button to exist
    t =    50.77s     Checking `Expect predicate `existsNoRetry == 1` for object "Not yet. I didn't know it." Button`
    t =    50.77s         Checking existence of `"Not yet. I didn't know it." Button`
    t =    50.82s Find the "Not yet. I didn't know it." Button
    t =    50.90s Find the "Not yet. I didn't know it." Button
    t =    50.95s Find the "Not yet. I didn't know it." Button
    t =    51.06s Find the "Not yet. I didn't know it." Button
    t =    51.10s Find the "Not yet. I didn't know it." Button
    t =    51.15s Tap "Not yet. I didn't know it." Button
    t =    51.15s     Wait for com.sleuthysloth.condisco to idle
    t =    51.16s     Find the "Not yet. I didn't know it." Button
    t =    51.22s     Check for interrupting elements affecting "Not yet. I didn't know it." Button
    t =    51.26s     Synthesize event
    t =    51.55s     Wait for com.sleuthysloth.condisco to idle
    t =    51.56s Waiting 15.0s for "Reveal answer" Button to exist
    t =    52.60s     Checking `Expect predicate `existsNoRetry == 1` for object "Reveal answer" Button`
    t =    52.60s         Checking existence of `"Reveal answer" Button`
    t =    52.65s Tap "Reveal answer" Button
    t =    52.65s     Wait for com.sleuthysloth.condisco to idle
    t =    52.66s     Find the "Reveal answer" Button
    t =    52.69s     Check for interrupting elements affecting "Reveal answer" Button
    t =    52.74s     Synthesize event
    t =    53.03s     Wait for com.sleuthysloth.condisco to idle
    t =    53.03s Waiting 10.0s for "Easy. I knew it without effort." Button to exist
    t =    54.06s     Checking `Expect predicate `existsNoRetry == 1` for object "Easy. I knew it without effort." Button`
    t =    54.06s         Checking existence of `"Easy. I knew it without effort." Button`
    t =    54.10s Find the "Easy. I knew it without effort." Button
    t =    54.17s Find the "Easy. I knew it without effort." Button
    t =    54.21s Find the "Easy. I knew it without effort." Button
    t =    54.25s Find the "Easy. I knew it without effort." Button
    t =    54.34s Find the "Easy. I knew it without effort." Button
    t =    54.44s Tap "Easy. I knew it without effort." Button
    t =    54.44s     Wait for com.sleuthysloth.condisco to idle
    t =    54.44s     Find the "Easy. I knew it without effort." Button
    t =    54.50s     Check for interrupting elements affecting "Easy. I knew it without effort." Button
    t =    54.54s     Synthesize event
    t =    54.83s     Wait for com.sleuthysloth.condisco to idle
    t =    54.84s Waiting 15.0s for "Reveal answer" Button to exist
    t =    55.86s     Checking `Expect predicate `existsNoRetry == 1` for object "Reveal answer" Button`
    t =    55.86s         Checking existence of `"Reveal answer" Button`
    t =    55.90s Tap "Reveal answer" Button
    t =    55.90s     Wait for com.sleuthysloth.condisco to idle
    t =    55.90s     Find the "Reveal answer" Button
    t =    55.94s     Check for interrupting elements affecting "Reveal answer" Button
    t =    56.12s     Synthesize event
    t =    56.42s     Wait for com.sleuthysloth.condisco to idle
    t =    56.42s Waiting 10.0s for "I knew it. I recalled the answer independently." Button to exist
    t =    57.46s     Checking `Expect predicate `existsNoRetry == 1` for object "I knew it. I recalled the answer independently." Button`
    t =    57.46s         Checking existence of `"I knew it. I recalled the answer independently." Button`
    t =    57.51s Find the "I knew it. I recalled the answer independently." Button
    t =    57.57s Find the "I knew it. I recalled the answer independently." Button
    t =    57.63s Find the "I knew it. I recalled the answer independently." Button
    t =    57.67s Find the "I knew it. I recalled the answer independently." Button
    t =    57.71s Find the "I knew it. I recalled the answer independently." Button
    t =    57.75s Tap "I knew it. I recalled the answer independently." Button
    t =    57.75s     Wait for com.sleuthysloth.condisco to idle
    t =    57.76s     Find the "I knew it. I recalled the answer independently." Button
    t =    57.82s     Check for interrupting elements affecting "I knew it. I recalled the answer independently." Button
    t =    57.86s     Synthesize event
    t =    58.15s     Wait for com.sleuthysloth.condisco to idle
    t =    58.15s Waiting 15.0s for "Session complete" StaticText to exist
    t =    59.20s     Checking `Expect predicate `existsNoRetry == 1` for object "Session complete" StaticText`
    t =    59.20s         Checking existence of `"Session complete" StaticText`
    t =    59.27s Find the Target Application 'com.sleuthysloth.condisco'
    t =    59.48s Added attachment named 'review-session-complete'
    t =    59.48s Find the "Done" Button
    t =    59.52s Tap "Done" Button
    t =    59.52s     Wait for com.sleuthysloth.condisco to idle
    t =    59.52s     Find the "Done" Button
    t =    59.54s     Check for interrupting elements affecting "Done" Button
    t =    59.57s     Synthesize event
    t =    59.87s     Wait for com.sleuthysloth.condisco to idle
    t =    60.54s Waiting 15.0s for "Review" NavigationBar to exist
    t =    61.58s     Checking `Expect predicate `existsNoRetry == 1` for object "Review" NavigationBar`
    t =    61.58s         Checking existence of `"Review" NavigationBar`
    t =    61.83s Tear Down
Test Case '-[CondiscoUITests.AccessibilitySweepUITests testFiveCardReviewSessionCompletesAfterHomeInvitation]' passed (62.130 seconds).
Test Case '-[CondiscoUITests.AccessibilitySweepUITests testLandscapeKeepsPrimaryActionReachable]' started.
    t =     0.00s Start Test at 2026-09-26 13:06:27.311
    t =     0.07s Set Up
    t =     0.07s Open com.sleuthysloth.condisco
    t =     0.07s     Launch com.sleuthysloth.condisco
    t =     0.07s         Terminate com.sleuthysloth.condisco:4706
2026-09-26 13:06:28.479 xcodebuild[4365:516345] [MT] IDELaunchParametersSnapshot: debugger version lookup failed for path '<nil>': noURL
2026-09-26 13:06:28.480 xcodebuild[4365:516345] [MT] IDELaunchParametersSnapshot: no debugger version
    t =     2.43s         Setting up automation session
    t =     7.22s         Wait for com.sleuthysloth.condisco to idle
    t =     9.80s Waiting 30.0s for "Choose a language" Button to exist
    t =    10.83s     Checking `Expect predicate `existsNoRetry == 1` for object "Choose a language" Button`
    t =    10.83s         Checking existence of `"Choose a language" Button`
    t =    10.93s Tap "Choose a language" Button
    t =    10.93s     Wait for com.sleuthysloth.condisco to idle
    t =    10.93s     Find the "Choose a language" Button
    t =    10.94s     Check for interrupting elements affecting "Choose a language" Button
    t =    10.98s     Synthesize event
    t =    11.33s     Wait for com.sleuthysloth.condisco to idle
    t =    11.33s Waiting 10.0s for "Which language are you learning?" StaticText to exist
    t =    12.36s     Checking `Expect predicate `existsNoRetry == 1` for object "Which language are you learning?" StaticText`
    t =    12.36s         Checking existence of `"Which language are you learning?" StaticText`
    t =    12.41s Checking existence of `"French foundations" StaticText`
    t =    12.43s Find the "Continue" Button
    t =    12.44s Find the "Continue" Button
    t =    12.46s Find the "Continue" Button
    t =    12.47s Find the "Continue" Button
    t =    12.48s Find the "Continue" Button
    t =    12.50s Tap "Continue" Button
    t =    12.50s     Wait for com.sleuthysloth.condisco to idle
    t =    12.50s     Find the "Continue" Button
    t =    12.51s     Check for interrupting elements affecting "Continue" Button
    t =    12.52s     Synthesize event
    t =    12.81s     Wait for com.sleuthysloth.condisco to idle
    t =    12.82s Waiting 10.0s for Button (First Match) to exist
    t =    13.85s     Checking `Expect predicate `existsNoRetry == 1` for object Button (First Match)`
    t =    13.85s         Checking existence of `Button (First Match)`
    t =    13.87s Find the Button (First Match)
    t =    13.90s Find the "I'm starting fresh, Begin with your first mission. No experience needed." Button
    t =    13.91s Find the "I'm starting fresh, Begin with your first mission. No experience needed." Button
    t =    13.94s Find the "I'm starting fresh, Begin with your first mission. No experience needed." Button
    t =    13.96s Find the "I'm starting fresh, Begin with your first mission. No experience needed." Button
    t =    13.98s Tap "I'm starting fresh, Begin with your first mission. No experience needed." Button
    t =    13.98s     Wait for com.sleuthysloth.condisco to idle
    t =    13.98s     Find the "I'm starting fresh, Begin with your first mission. No experience needed." Button
    t =    13.99s     Check for interrupting elements affecting "I'm starting fresh, Begin with your first mission. No experience needed." Button
    t =    14.01s     Synthesize event
    t =    14.31s     Wait for com.sleuthysloth.condisco to idle
    t =    15.65s Waiting 20.0s for "Start lesson" Button to exist
    t =    16.66s     Checking `Expect predicate `existsNoRetry == 1` for object "Start lesson" Button`
    t =    16.66s         Checking existence of `"Start lesson" Button`
    t =    16.86s Tap "Start lesson" Button
    t =    16.86s     Wait for com.sleuthysloth.condisco to idle
    t =    16.86s     Find the "Start lesson" Button
    t =    16.90s     Check for interrupting elements affecting "Start lesson" Button
    t =    16.96s     Synthesize event
    t =    17.26s     Wait for com.sleuthysloth.condisco to idle
    t =    17.48s Waiting 10.0s for "Got it" Button to exist
    t =    18.51s     Checking `Expect predicate `existsNoRetry == 1` for object "Got it" Button`
    t =    18.52s         Checking existence of `"Got it" Button`
    t =    18.64s Tap "Got it" Button
    t =    18.64s     Wait for com.sleuthysloth.condisco to idle
    t =    18.64s     Find the "Got it" Button
    t =    18.69s     Check for interrupting elements affecting "Got it" Button
    t =    18.75s     Synthesize event
    t =    19.06s     Wait for com.sleuthysloth.condisco to idle
    t =    19.06s Waiting 10.0s for "Continue" Button to exist
    t =    20.08s     Checking `Expect predicate `existsNoRetry == 1` for object "Continue" Button`
    t =    20.14s         Checking existence of `"Continue" Button`
    t =    20.19s Tap "Continue" Button
    t =    20.19s     Wait for com.sleuthysloth.condisco to idle
    t =    20.19s     Find the "Continue" Button
    t =    20.23s     Check for interrupting elements affecting "Continue" Button
    t =    20.27s     Synthesize event
    t =    20.56s     Wait for com.sleuthysloth.condisco to idle
    t =    20.56s Waiting 10.0s for "The server looks up from the counter. How do you greet them?" StaticText to exist
    t =    21.58s     Checking `Expect predicate `existsNoRetry == 1` for object "The server looks up from the counter. How do you greet them?" StaticText`
    t =    21.58s         Checking existence of `"The server looks up from the counter. How do you greet them?" StaticText`
    t =    21.66s Find the "The server looks up from the counter. How do you greet them?" StaticText
    t =    21.71s Setting device orientation to Landscape Left
    t =    21.73s     Device orientation changed to Landscape Left
    t =    22.00s     Interface orientation changed to Landscape Right
    t =    22.51s     Wait for com.sleuthysloth.condisco to idle
    t =    23.00s Waiting 10.0s for "The server looks up from the counter. How do you greet them?" StaticText to exist
    t =    24.03s     Checking `Expect predicate `existsNoRetry == 1` for object "The server looks up from the counter. How do you greet them?" StaticText`
    t =    24.03s         Checking existence of `"The server looks up from the counter. How do you greet them?" StaticText`
    t =    24.10s Waiting 10.0s for "Check" Button to exist
    t =    25.14s     Checking `Expect predicate `existsNoRetry == 1` for object "Check" Button`
    t =    25.14s         Checking existence of `"Check" Button`
    t =    25.19s Find the "Check" Button
    t =    25.24s Checking existence of `Window (First Match)`
    t =    25.24s Find the "Check" Button
    t =    25.28s Find the Window (First Match)
    t =    25.29s Find the Window at {{0.0, 0.0}, {874.0, 402.0}}
    t =    25.29s Checking existence of `"Bonjour." Button`
    t =    25.33s Find the Target Application 'com.sleuthysloth.condisco'
    t =    25.51s Added attachment named 'landscape-first-question'
    t =    25.51s Setting device orientation to Portrait
    t =    25.51s     Device orientation changed to Portrait
    t =    25.56s     Interface orientation changed to Portrait
    t =    25.57s     Wait for com.sleuthysloth.condisco to idle
    t =    25.71s Tear Down
Test Case '-[CondiscoUITests.AccessibilitySweepUITests testLandscapeKeepsPrimaryActionReachable]' passed (26.060 seconds).
Test Case '-[CondiscoUITests.AccessibilitySweepUITests testLargestDynamicTypeKeepsActionsReachable]' started.
    t =     0.00s Start Test at 2026-09-26 13:06:53.372
    t =     0.05s Set Up
    t =     0.05s Open com.sleuthysloth.condisco
    t =     0.05s     Launch com.sleuthysloth.condisco
    t =     0.05s         Terminate com.sleuthysloth.condisco:4808
2026-09-26 13:06:54.505 xcodebuild[4365:516345] [MT] IDELaunchParametersSnapshot: debugger version lookup failed for path '<nil>': noURL
2026-09-26 13:06:54.506 xcodebuild[4365:516345] [MT] IDELaunchParametersSnapshot: no debugger version
    t =     1.34s         Setting up automation session
    t =     5.34s         Wait for com.sleuthysloth.condisco to idle
    t =     7.45s Waiting 30.0s for "Choose a language" Button to exist
    t =     8.47s     Checking `Expect predicate `existsNoRetry == 1` for object "Choose a language" Button`
    t =     8.47s         Checking existence of `"Choose a language" Button`
    t =     8.54s Tap "Choose a language" Button
    t =     8.55s     Wait for com.sleuthysloth.condisco to idle
    t =     8.55s     Find the "Choose a language" Button
    t =     8.55s     Check for interrupting elements affecting "Choose a language" Button
    t =     8.56s     Synthesize event
    t =     8.89s     Wait for com.sleuthysloth.condisco to idle
    t =     8.89s Waiting 10.0s for "Which language are you learning?" StaticText to exist
    t =     9.89s     Checking `Expect predicate `existsNoRetry == 1` for object "Which language are you learning?" StaticText`
    t =     9.89s         Checking existence of `"Which language are you learning?" StaticText`
    t =     9.95s Checking existence of `"French foundations" StaticText`
    t =     9.96s Find the "Continue" Button
    t =     9.98s Find the "Continue" Button
    t =    10.00s Find the "Continue" Button
    t =    10.02s Find the "Continue" Button
    t =    10.04s Find the "Continue" Button
    t =    10.06s Tap "Continue" Button
    t =    10.06s     Wait for com.sleuthysloth.condisco to idle
    t =    10.06s     Find the "Continue" Button
    t =    10.07s     Check for interrupting elements affecting "Continue" Button
    t =    10.09s     Synthesize event
    t =    10.37s     Wait for com.sleuthysloth.condisco to idle
    t =    10.38s Waiting 10.0s for Button (First Match) to exist
    t =    11.41s     Checking `Expect predicate `existsNoRetry == 1` for object Button (First Match)`
    t =    11.41s         Checking existence of `Button (First Match)`
    t =    11.43s Find the Button (First Match)
    t =    11.46s Find the "I'm starting fresh, Begin with your first mission. No experience needed." Button
    t =    11.48s Find the "I'm starting fresh, Begin with your first mission. No experience needed." Button
    t =    11.50s Find the "I'm starting fresh, Begin with your first mission. No experience needed." Button
    t =    11.52s Find the "I'm starting fresh, Begin with your first mission. No experience needed." Button
    t =    11.55s Tap "I'm starting fresh, Begin with your first mission. No experience needed." Button
    t =    11.55s     Wait for com.sleuthysloth.condisco to idle
    t =    11.55s     Find the "I'm starting fresh, Begin with your first mission. No experience needed." Button
    t =    11.56s     Check for interrupting elements affecting "I'm starting fresh, Begin with your first mission. No experience needed." Button
    t =    11.58s     Synthesize event
    t =    11.87s     Wait for com.sleuthysloth.condisco to idle
    t =    12.77s Waiting 20.0s for "Start lesson" Button to exist
    t =    13.79s     Checking `Expect predicate `existsNoRetry == 1` for object "Start lesson" Button`
    t =    13.79s         Checking existence of `"Start lesson" Button`
    t =    13.93s Tap "Start lesson" Button
    t =    13.93s     Wait for com.sleuthysloth.condisco to idle
    t =    13.93s     Find the "Start lesson" Button
    t =    13.97s     Check for interrupting elements affecting "Start lesson" Button
    t =    14.01s     Synthesize event
    t =    14.01s         Scroll element to visible
    t =    14.02s         Find the "Start lesson" Button
    t =    14.07s         Computed hit point {201, 682.99999999999989} after scrolling to visible
    t =    14.36s     Wait for com.sleuthysloth.condisco to idle
    t =    14.56s Waiting 10.0s for "Got it" Button to exist
    t =    15.60s     Checking `Expect predicate `existsNoRetry == 1` for object "Got it" Button`
    t =    15.62s         Checking existence of `"Got it" Button`
    t =    15.72s Tap "Got it" Button
    t =    15.72s     Wait for com.sleuthysloth.condisco to idle
    t =    15.72s     Find the "Got it" Button
    t =    15.77s     Check for interrupting elements affecting "Got it" Button
    t =    15.82s     Synthesize event
    t =    16.11s     Wait for com.sleuthysloth.condisco to idle
    t =    16.11s Waiting 10.0s for "Continue" Button to exist
    t =    17.14s     Checking `Expect predicate `existsNoRetry == 1` for object "Continue" Button`
    t =    17.14s         Checking existence of `"Continue" Button`
    t =    17.21s Tap "Continue" Button
    t =    17.21s     Wait for com.sleuthysloth.condisco to idle
    t =    17.21s     Find the "Continue" Button
    t =    17.25s     Check for interrupting elements affecting "Continue" Button
    t =    17.28s     Synthesize event
    t =    17.57s     Wait for com.sleuthysloth.condisco to idle
    t =    17.57s Waiting 10.0s for "The server looks up from the counter. How do you greet them?" StaticText to exist
    t =    18.60s     Checking `Expect predicate `existsNoRetry == 1` for object "The server looks up from the counter. How do you greet them?" StaticText`
    t =    18.60s         Checking existence of `"The server looks up from the counter. How do you greet them?" StaticText`
    t =    18.68s Find the "The server looks up from the counter. How do you greet them?" StaticText
    t =    18.75s Find the Target Application 'com.sleuthysloth.condisco'
    t =    18.92s Added attachment named 'largest-type-first-question'
    t =    18.93s Waiting 10.0s for "Check" Button to exist
    t =    19.94s     Checking `Expect predicate `existsNoRetry == 1` for object "Check" Button`
    t =    19.94s         Checking existence of `"Check" Button`
    t =    20.01s Find the "Check" Button
    t =    20.10s Checking existence of `Window (First Match)`
    t =    20.10s Find the "Check" Button
    t =    20.14s Find the Window (First Match)
    t =    20.15s Find the Window at {{0.0, 0.0}, {402.0, 874.0}}
    t =    20.16s Waiting 10.0s for "Bonjour." Button to exist
    t =    21.19s     Checking `Expect predicate `existsNoRetry == 1` for object "Bonjour." Button`
    t =    21.19s         Checking existence of `"Bonjour." Button`
    t =    21.27s Checking existence of `"Merci." Button`
    t =    21.32s Find the "Check" Button
    t =    21.36s Find the "Merci." Button
    t =    21.40s Swipe up Target Application 'com.sleuthysloth.condisco'
    t =    21.40s     Wait for com.sleuthysloth.condisco to idle
    t =    21.41s     Find the Target Application 'com.sleuthysloth.condisco'
    t =    21.44s     Check for interrupting elements affecting "Condisco" Application
    t =    21.50s     Synthesize event
    t =    21.99s     Wait for com.sleuthysloth.condisco to idle
    t =    22.78s Find the "Merci." Button
    t =    22.85s Find the "Merci." Button
    t =    22.89s Find the "Merci." Button
    t =    22.93s Find the "Merci." Button
    t =    22.97s Tap "Merci." Button
    t =    22.97s     Wait for com.sleuthysloth.condisco to idle
    t =    22.97s     Find the "Merci." Button
    t =    23.01s     Check for interrupting elements affecting "Merci." Button
    t =    23.05s     Synthesize event
    t =    23.35s     Wait for com.sleuthysloth.condisco to idle
    t =    23.35s Find the "Check" Button
    t =    23.39s Find the "Check" Button
    t =    23.43s Find the "Check" Button
    t =    23.57s Find the "Check" Button
    t =    23.76s Find the "Check" Button
    t =    23.80s Tap "Check" Button
    t =    23.80s     Wait for com.sleuthysloth.condisco to idle
    t =    23.80s     Find the "Check" Button
    t =    23.83s     Check for interrupting elements affecting "Check" Button
    t =    23.87s     Synthesize event
    t =    24.16s     Wait for com.sleuthysloth.condisco to idle
    t =    24.66s Waiting 15.0s for StaticText (First Match) to exist
    t =    25.70s     Checking `Expect predicate `existsNoRetry == 1` for object StaticText (First Match)`
    t =    25.70s         Checking existence of `StaticText (First Match)`
    t =    25.75s Find the Target Application 'com.sleuthysloth.condisco'
    t =    25.88s Added attachment named 'largest-type-wrong-answer-feedback'
    t =    25.89s Tear Down
Test Case '-[CondiscoUITests.AccessibilitySweepUITests testLargestDynamicTypeKeepsActionsReachable]' passed (26.212 seconds).
Test Case '-[CondiscoUITests.AccessibilitySweepUITests testSmallPhoneFirstQuestionWrongAnswerFeedbackNotHidden]' started.
    t =     0.00s Start Test at 2026-09-26 13:07:19.588
    t =     0.06s Set Up
    t =     0.06s Open com.sleuthysloth.condisco
    t =     0.06s     Launch com.sleuthysloth.condisco
    t =     0.06s         Terminate com.sleuthysloth.condisco:4857
2026-09-26 13:07:20.681 xcodebuild[4365:516345] [MT] IDELaunchParametersSnapshot: debugger version lookup failed for path '<nil>': noURL
2026-09-26 13:07:20.682 xcodebuild[4365:516345] [MT] IDELaunchParametersSnapshot: no debugger version
    t =     1.32s         Setting up automation session
    t =     5.90s         Wait for com.sleuthysloth.condisco to idle
    t =     9.77s Waiting 30.0s for "Choose a language" Button to exist
    t =    10.80s     Checking `Expect predicate `existsNoRetry == 1` for object "Choose a language" Button`
    t =    10.81s         Checking existence of `"Choose a language" Button`
    t =    10.99s Tap "Choose a language" Button
    t =    10.99s     Wait for com.sleuthysloth.condisco to idle
    t =    11.01s     Find the "Choose a language" Button
    t =    11.03s     Check for interrupting elements affecting "Choose a language" Button
    t =    11.10s     Synthesize event
    t =    11.52s     Wait for com.sleuthysloth.condisco to idle
    t =    11.63s Waiting 10.0s for "Which language are you learning?" StaticText to exist
    t =    12.67s     Checking `Expect predicate `existsNoRetry == 1` for object "Which language are you learning?" StaticText`
    t =    12.67s         Checking existence of `"Which language are you learning?" StaticText`
    t =    12.75s Checking existence of `"French foundations" StaticText`
    t =    12.77s Find the "Continue" Button
    t =    12.80s Find the "Continue" Button
    t =    12.93s Find the "Continue" Button
    t =    12.96s Find the "Continue" Button
    t =    12.98s Find the "Continue" Button
    t =    13.01s Tap "Continue" Button
    t =    13.01s     Wait for com.sleuthysloth.condisco to idle
    t =    13.01s     Find the "Continue" Button
    t =    13.03s     Check for interrupting elements affecting "Continue" Button
    t =    13.05s     Synthesize event
    t =    13.35s     Wait for com.sleuthysloth.condisco to idle
    t =    13.36s Waiting 10.0s for Button (First Match) to exist
    t =    14.38s     Checking `Expect predicate `existsNoRetry == 1` for object Button (First Match)`
    t =    14.38s         Checking existence of `Button (First Match)`
    t =    14.44s Find the Button (First Match)
    t =    14.56s Find the "I'm starting fresh, Begin with your first mission. No experience needed." Button
    t =    14.65s Find the "I'm starting fresh, Begin with your first mission. No experience needed." Button
    t =    14.80s Find the "I'm starting fresh, Begin with your first mission. No experience needed." Button
    t =    14.87s Find the "I'm starting fresh, Begin with your first mission. No experience needed." Button
    t =    14.92s Tap "I'm starting fresh, Begin with your first mission. No experience needed." Button
    t =    14.92s     Wait for com.sleuthysloth.condisco to idle
    t =    14.93s     Find the "I'm starting fresh, Begin with your first mission. No experience needed." Button
    t =    14.95s     Check for interrupting elements affecting "I'm starting fresh, Begin with your first mission. No experience needed." Button
    t =    14.98s     Synthesize event
    t =    15.27s     Wait for com.sleuthysloth.condisco to idle
    t =    16.69s Waiting 20.0s for "Start lesson" Button to exist
    t =    17.71s     Checking `Expect predicate `existsNoRetry == 1` for object "Start lesson" Button`
    t =    17.71s         Checking existence of `"Start lesson" Button`
    t =    17.85s Tap "Start lesson" Button
    t =    17.85s     Wait for com.sleuthysloth.condisco to idle
    t =    17.86s     Find the "Start lesson" Button
    t =    17.90s     Check for interrupting elements affecting "Start lesson" Button
    t =    17.95s     Synthesize event
    t =    18.25s     Wait for com.sleuthysloth.condisco to idle
    t =    18.68s Waiting 10.0s for "Got it" Button to exist
    t =    19.71s     Checking `Expect predicate `existsNoRetry == 1` for object "Got it" Button`
    t =    19.71s         Checking existence of `"Got it" Button`
    t =    19.78s Tap "Got it" Button
    t =    19.78s     Wait for com.sleuthysloth.condisco to idle
    t =    19.78s     Find the "Got it" Button
    t =    19.84s     Check for interrupting elements affecting "Got it" Button
    t =    19.90s     Synthesize event
    t =    20.19s     Wait for com.sleuthysloth.condisco to idle
    t =    20.19s Waiting 10.0s for "Continue" Button to exist
    t =    21.24s     Checking `Expect predicate `existsNoRetry == 1` for object "Continue" Button`
    t =    21.24s         Checking existence of `"Continue" Button`
    t =    21.31s Tap "Continue" Button
    t =    21.31s     Wait for com.sleuthysloth.condisco to idle
    t =    21.31s     Find the "Continue" Button
    t =    21.35s     Check for interrupting elements affecting "Continue" Button
    t =    21.39s     Synthesize event
    t =    21.72s     Wait for com.sleuthysloth.condisco to idle
    t =    21.73s Waiting 10.0s for "The server looks up from the counter. How do you greet them?" StaticText to exist
    t =    22.80s     Checking `Expect predicate `existsNoRetry == 1` for object "The server looks up from the counter. How do you greet them?" StaticText`
    t =    22.81s         Checking existence of `"The server looks up from the counter. How do you greet them?" StaticText`
    t =    22.86s Find the "The server looks up from the counter. How do you greet them?" StaticText
    t =    22.91s Find the Target Application 'com.sleuthysloth.condisco'
    t =    23.13s Added attachment named 'smallphone-first-question'
    t =    23.13s Waiting 10.0s for "Check" Button to exist
    t =    24.16s     Checking `Expect predicate `existsNoRetry == 1` for object "Check" Button`
    t =    24.17s         Checking existence of `"Check" Button`
    t =    24.29s Find the "Check" Button
    t =    24.36s Checking existence of `Window (First Match)`
    t =    24.36s Find the "Check" Button
    t =    24.41s Find the Window (First Match)
    t =    24.43s Find the Window at {{0.0, 0.0}, {402.0, 874.0}}
    t =    24.43s Checking existence of `"Bonjour." Button`
    t =    24.47s Checking existence of `"Merci." Button`
    t =    24.51s Checking existence of `"Au revoir." Button`
    t =    24.62s Tap "Merci." Button
    t =    24.62s     Wait for com.sleuthysloth.condisco to idle
    t =    24.63s     Find the "Merci." Button
    t =    24.67s     Check for interrupting elements affecting "Merci." Button
    t =    24.70s     Synthesize event
    t =    24.99s     Wait for com.sleuthysloth.condisco to idle
    t =    25.00s Find the "Check" Button
    t =    25.04s Tap "Check" Button
    t =    25.04s     Wait for com.sleuthysloth.condisco to idle
    t =    25.05s     Find the "Check" Button
    t =    25.09s     Check for interrupting elements affecting "Check" Button
    t =    25.15s     Synthesize event
    t =    25.45s     Wait for com.sleuthysloth.condisco to idle
    t =    25.46s Waiting 15.0s for StaticText (First Match) to exist
    t =    26.49s     Checking `Expect predicate `existsNoRetry == 1` for object StaticText (First Match)`
    t =    26.50s         Checking existence of `StaticText (First Match)`
    t =    26.61s Find the Target Application 'com.sleuthysloth.condisco'
    t =    26.76s Added attachment named 'smallphone-wrong-answer-feedback'
    t =    26.76s Waiting 10.0s for "Continue with model answer" Button to exist
    t =    27.79s     Checking `Expect predicate `existsNoRetry == 1` for object "Continue with model answer" Button`
    t =    27.79s         Checking existence of `"Continue with model answer" Button`
    t =    27.86s Waiting 10.0s for "Continue with model answer" Button to exist
    t =    28.88s     Checking `Expect predicate `existsNoRetry == 1` for object "Continue with model answer" Button`
    t =    28.89s         Checking existence of `"Continue with model answer" Button`
    t =    28.93s Find the "Continue with model answer" Button
    t =    29.00s Checking existence of `Window (First Match)`
    t =    29.01s Find the "Continue with model answer" Button
    t =    29.04s Find the Window (First Match)
    t =    29.05s Find the Window at {{0.0, 0.0}, {402.0, 874.0}}
    t =    29.05s Tear Down
Test Case '-[CondiscoUITests.AccessibilitySweepUITests testSmallPhoneFirstQuestionWrongAnswerFeedbackNotHidden]' passed (29.407 seconds).
Test Case '-[CondiscoUITests.AccessibilitySweepUITests testVoiceOverLabelsOnKeyControls]' started.
    t =     0.03s Start Test at 2026-09-26 13:07:49.027
    t =     0.09s Set Up
    t =     0.09s Open com.sleuthysloth.condisco
    t =     0.09s     Launch com.sleuthysloth.condisco
    t =     0.10s         Terminate com.sleuthysloth.condisco:4922
2026-09-26 13:07:50.205 xcodebuild[4365:516345] [MT] IDELaunchParametersSnapshot: debugger version lookup failed for path '<nil>': noURL
2026-09-26 13:07:50.205 xcodebuild[4365:516345] [MT] IDELaunchParametersSnapshot: no debugger version
    t =     3.08s         Setting up automation session
    t =     7.58s         Wait for com.sleuthysloth.condisco to idle
    t =    10.62s Waiting 30.0s for "Choose a language" Button to exist
    t =    11.69s     Checking `Expect predicate `existsNoRetry == 1` for object "Choose a language" Button`
    t =    11.70s         Checking existence of `"Choose a language" Button`
    t =    11.95s Tap "Choose a language" Button
    t =    11.95s     Wait for com.sleuthysloth.condisco to idle
    t =    11.96s     Find the "Choose a language" Button
    t =    12.08s     Check for interrupting elements affecting "Choose a language" Button
    t =    12.16s     Synthesize event
    t =    12.59s     Wait for com.sleuthysloth.condisco to idle
    t =    12.70s Waiting 10.0s for "Which language are you learning?" StaticText to exist
    t =    13.71s     Checking `Expect predicate `existsNoRetry == 1` for object "Which language are you learning?" StaticText`
    t =    13.72s         Checking existence of `"Which language are you learning?" StaticText`
    t =    13.79s Checking existence of `"French foundations" StaticText`
    t =    13.80s Find the "Continue" Button
    t =    13.83s Find the "Continue" Button
    t =    13.85s Find the "Continue" Button
    t =    13.87s Find the "Continue" Button
    t =    13.89s Find the "Continue" Button
    t =    13.91s Tap "Continue" Button
    t =    13.91s     Wait for com.sleuthysloth.condisco to idle
    t =    13.92s     Find the "Continue" Button
    t =    13.93s     Check for interrupting elements affecting "Continue" Button
    t =    13.95s     Synthesize event
    t =    14.23s     Wait for com.sleuthysloth.condisco to idle
    t =    14.24s Waiting 10.0s for Button (First Match) to exist
    t =    15.26s     Checking `Expect predicate `existsNoRetry == 1` for object Button (First Match)`
    t =    15.26s         Checking existence of `Button (First Match)`
    t =    15.27s Find the Button (First Match)
    t =    15.31s Find the "I'm starting fresh, Begin with your first mission. No experience needed." Button
    t =    15.33s Find the "I'm starting fresh, Begin with your first mission. No experience needed." Button
    t =    15.36s Find the "I'm starting fresh, Begin with your first mission. No experience needed." Button
    t =    15.39s Find the "I'm starting fresh, Begin with your first mission. No experience needed." Button
    t =    15.41s Tap "I'm starting fresh, Begin with your first mission. No experience needed." Button
    t =    15.41s     Wait for com.sleuthysloth.condisco to idle
    t =    15.42s     Find the "I'm starting fresh, Begin with your first mission. No experience needed." Button
    t =    15.43s     Check for interrupting elements affecting "I'm starting fresh, Begin with your first mission. No experience needed." Button
    t =    15.46s     Synthesize event
    t =    15.76s     Wait for com.sleuthysloth.condisco to idle
    t =    17.23s Waiting 20.0s for "Start lesson" Button to exist
    t =    18.26s     Checking `Expect predicate `existsNoRetry == 1` for object "Start lesson" Button`
    t =    18.26s         Checking existence of `"Start lesson" Button`
    t =    18.42s Waiting 10.0s for "Back to lessons" Button to exist
    t =    19.45s     Checking `Expect predicate `existsNoRetry == 1` for object "Back to lessons" Button`
    t =    19.45s         Checking existence of `"Back to lessons" Button`
    t =    19.50s Tap "Back to lessons" Button
    t =    19.50s     Wait for com.sleuthysloth.condisco to idle
    t =    19.50s     Find the "Back to lessons" Button
    t =    19.55s     Check for interrupting elements affecting "Back to lessons" Button
    t =    19.61s     Synthesize event
    t =    19.90s     Wait for com.sleuthysloth.condisco to idle
    t =    20.24s Waiting 30.0s for "Home" Button to exist
    t =    21.25s     Checking `Expect predicate `existsNoRetry == 1` for object "Home" Button`
    t =    21.25s         Checking existence of `"Home" Button`
    t =    21.29s Checking existence of `"Home" Button`
    t =    21.32s Checking existence of `"Courses" Button`
    t =    21.35s Checking existence of `"Listen" Button`
    t =    21.37s Checking existence of `"Review" Button`
    t =    21.40s Checking existence of `"You" Button`
    t =    21.44s Checking existence of `"Focus language" Button`
    t =    21.47s Checking existence of `"home.today.header" StaticText`
    t =    21.50s Waiting 10.0s for "home.today.primary" Button to exist
    t =    22.52s     Checking `Expect predicate `existsNoRetry == 1` for object "home.today.primary" Button`
    t =    22.52s         Checking existence of `"home.today.primary" Button`
    t =    22.55s Find the "home.today.primary" Button
    t =    22.59s Find the Target Application 'com.sleuthysloth.condisco'
    t =    22.79s Added attachment named 'voiceover-labels-home'
    t =    22.79s Tap "You" Button
    t =    22.79s     Wait for com.sleuthysloth.condisco to idle
    t =    22.80s     Find the "You" Button
    t =    22.85s     Check for interrupting elements affecting "person" Button
    t =    22.89s     Synthesize event
    t =    23.21s     Wait for com.sleuthysloth.condisco to idle
    t =    25.03s Waiting 10.0s for "Your learning" StaticText to exist
    t =    26.05s     Checking `Expect predicate `existsNoRetry == 1` for object "Your learning" StaticText`
    t =    26.05s         Checking existence of `"Your learning" StaticText`
    t =    26.08s Find the "Preferences" Button
    t =    26.12s Find the "Preferences" Button
    t =    26.16s Find the "Preferences" Button
    t =    26.22s Find the "Preferences" Button
    t =    26.30s Find the "Preferences" Button
    t =    26.38s Tap "Preferences" Button
    t =    26.38s     Wait for com.sleuthysloth.condisco to idle
    t =    26.39s     Find the "Preferences" Button
    t =    26.45s     Check for interrupting elements affecting "Preferences" Button
    t =    26.51s     Synthesize event
    t =    26.83s     Wait for com.sleuthysloth.condisco to idle
    t =    27.19s Waiting 10.0s for "Reduce motion" Switch to exist
    t =    28.21s     Checking `Expect predicate `existsNoRetry == 1` for object "Reduce motion" Switch`
    t =    28.23s         Checking existence of `"Reduce motion" Switch`
    t =    28.33s Checking existence of `"Larger text" Switch`
    t =    28.36s Find the Target Application 'com.sleuthysloth.condisco'
    t =    28.49s Added attachment named 'voiceover-labels-comfort'
    t =    28.50s Tear Down
Test Case '-[CondiscoUITests.AccessibilitySweepUITests testVoiceOverLabelsOnKeyControls]' passed (29.810 seconds).
Test Suite 'AccessibilitySweepUITests' passed at 2026-09-26 13:08:18.811.
	 Executed 5 tests, with 0 failures (0 unexpected) in 173.618 (173.698) seconds
Test Suite 'FirstRunUITests' started at 2026-09-26 13:08:18.815.
Test Case '-[CondiscoUITests.FirstRunUITests testFreshFrenchLearnerCanFinishFirstMissionAfterAccentAndWrongAnswer]' started.
    t =     0.00s Start Test at 2026-09-26 13:08:18.816
    t =     0.06s Set Up
    t =     0.06s Open com.sleuthysloth.condisco
    t =     0.06s     Launch com.sleuthysloth.condisco
    t =     0.06s         Terminate com.sleuthysloth.condisco:5032
2026-09-26 13:08:19.977 xcodebuild[4365:516345] [MT] IDELaunchParametersSnapshot: debugger version lookup failed for path '<nil>': noURL
2026-09-26 13:08:19.978 xcodebuild[4365:516345] [MT] IDELaunchParametersSnapshot: no debugger version
    t =     1.37s         Setting up automation session
    t =     6.52s         Wait for com.sleuthysloth.condisco to idle
    t =     9.55s Waiting 30.0s for "Choose a language" Button to exist
    t =    10.61s     Checking `Expect predicate `existsNoRetry == 1` for object "Choose a language" Button`
    t =    10.62s         Checking existence of `"Choose a language" Button`
    t =    10.93s Tap "Choose a language" Button
    t =    10.94s     Wait for com.sleuthysloth.condisco to idle
    t =    11.00s     Find the "Choose a language" Button
    t =    12.02s     Check for interrupting elements affecting "Choose a language" Button
    t =    13.77s     Synthesize event
    t =    15.06s     Wait for com.sleuthysloth.condisco to idle
    t =    15.18s Waiting 10.0s for "Which language are you learning?" StaticText to exist
    t =    16.53s     Checking `Expect predicate `existsNoRetry == 1` for object "Which language are you learning?" StaticText`
    t =    16.69s         Checking existence of `"Which language are you learning?" StaticText`
    t =    17.39s Checking existence of `"French foundations" StaticText`
    t =    17.44s Tap "Continue" Button
    t =    17.45s     Wait for com.sleuthysloth.condisco to idle
    t =    17.51s     Find the "Continue" Button
    t =    18.02s     Check for interrupting elements affecting "Continue" Button
    t =    18.67s     Synthesize event
    t =    19.30s     Wait for com.sleuthysloth.condisco to idle
    t =    19.44s Waiting 10.0s for Button (First Match) to exist
    t =    21.77s     Checking `Expect predicate `existsNoRetry == 1` for object Button (First Match)`
    t =    21.80s         Checking existence of `Button (First Match)`
    t =    22.21s Tap Button (First Match)
    t =    22.21s     Wait for com.sleuthysloth.condisco to idle
    t =    22.38s     Find the Button (First Match)
    t =    22.53s     Check for interrupting elements affecting "I'm starting fresh, Begin with your first mission. No experience needed." Button
    t =    22.89s     Synthesize event
    t =    23.96s     Wait for com.sleuthysloth.condisco to idle
    t =    26.46s Waiting 20.0s for "Start lesson" Button to exist
    t =    27.59s     Checking `Expect predicate `existsNoRetry == 1` for object "Start lesson" Button`
    t =    27.76s         Checking existence of `"Start lesson" Button`
    t =    28.49s Tap "Back to lessons" Button
    t =    28.49s     Wait for com.sleuthysloth.condisco to idle
    t =    28.81s     Find the "Back to lessons" Button
    t =    29.02s     Check for interrupting elements affecting "Back to lessons" Button
    t =    29.57s     Synthesize event
    t =    30.98s     Wait for com.sleuthysloth.condisco to idle
    t =    31.19s Waiting 30.0s for "Home" Button to exist
    t =    32.21s     Checking `Expect predicate `existsNoRetry == 1` for object "Home" Button`
    t =    32.22s         Checking existence of `"Home" Button`
    t =    32.29s Waiting 10.0s for "home.today.header" StaticText to exist
    t =    33.30s     Checking `Expect predicate `existsNoRetry == 1` for object "home.today.header" StaticText`
    t =    33.30s         Checking existence of `"home.today.header" StaticText`
    t =    33.36s Checking existence of `StaticText (First Match)`
    t =    33.52s Tap "You" Button
    t =    33.52s     Wait for com.sleuthysloth.condisco to idle
    t =    33.54s     Find the "You" Button
    t =    33.63s     Check for interrupting elements affecting "person" Button
    t =    33.88s     Synthesize event
    t =    34.62s     Wait for com.sleuthysloth.condisco to idle
    t =    36.39s Waiting 10.0s for "Your learning" StaticText to exist
    t =    37.41s     Checking `Expect predicate `existsNoRetry == 1` for object "Your learning" StaticText`
    t =    37.41s         Checking existence of `"Your learning" StaticText`
    t =    37.48s Checking existence of `"At a glance" StaticText`
    t =    37.55s Checking existence of `"Preferences" Button`
    t =    37.66s Checking existence of `"Account and data" Button`
    t =    37.85s Tap "Home" Button
    t =    37.85s     Wait for com.sleuthysloth.condisco to idle
    t =    37.86s     Find the "Home" Button
    t =    38.00s     Check for interrupting elements affecting "house" Button
    t =    38.42s     Synthesize event
    t =    38.96s     Wait for com.sleuthysloth.condisco to idle
    t =    40.72s Waiting 10.0s for "home.today.primary" Button to exist
    t =    41.73s     Checking `Expect predicate `existsNoRetry == 1` for object "home.today.primary" Button`
    t =    41.74s         Checking existence of `"home.today.primary" Button`
    t =    41.89s Find the "home.today.primary" Button
    t =    41.99s Find the "home.today.primary" Button
    t =    42.52s Tap "home.today.primary" Button
    t =    42.53s     Wait for com.sleuthysloth.condisco to idle
    t =    42.65s     Find the "home.today.primary" Button
    t =    42.72s     Check for interrupting elements affecting "home.today.primary" Button
    t =    43.19s     Synthesize event
    t =    43.73s     Wait for com.sleuthysloth.condisco to idle
    t =    44.00s Waiting 20.0s for "Start lesson" Button to exist
    t =    45.04s     Checking `Expect predicate `existsNoRetry == 1` for object "Start lesson" Button`
    t =    45.04s         Checking existence of `"Start lesson" Button`
    t =    45.25s Tap "Start lesson" Button
    t =    45.25s     Wait for com.sleuthysloth.condisco to idle
    t =    45.26s     Find the "Start lesson" Button
    t =    45.42s     Check for interrupting elements affecting "Start lesson" Button
    t =    45.71s     Synthesize event
    t =    46.16s     Wait for com.sleuthysloth.condisco to idle
    t =    46.61s Waiting 10.0s for "Got it" Button to exist
    t =    47.69s     Checking `Expect predicate `existsNoRetry == 1` for object "Got it" Button`
    t =    47.69s         Checking existence of `"Got it" Button`
    t =    47.89s Tap "Got it" Button
    t =    47.89s     Wait for com.sleuthysloth.condisco to idle
    t =    47.97s     Find the "Got it" Button
    t =    48.10s     Check for interrupting elements affecting "Got it" Button
    t =    48.23s     Synthesize event
    t =    48.58s     Wait for com.sleuthysloth.condisco to idle
    t =    48.73s Tap "Continue" Button
    t =    48.73s     Wait for com.sleuthysloth.condisco to idle
    t =    48.74s     Find the "Continue" Button
    t =    48.90s     Check for interrupting elements affecting "Continue" Button
    t =    49.09s     Synthesize event
    t =    49.54s     Wait for com.sleuthysloth.condisco to idle
    t =    49.55s Waiting 10.0s for "The server looks up from the counter. How do you greet them?" StaticText to exist
    t =    50.56s     Checking `Expect predicate `existsNoRetry == 1` for object "The server looks up from the counter. How do you greet them?" StaticText`
    t =    50.57s         Checking existence of `"The server looks up from the counter. How do you greet them?" StaticText`
    t =    50.72s Tap "Lessons" Button
    t =    50.72s     Wait for com.sleuthysloth.condisco to idle
    t =    50.85s     Find the "Lessons" Button
    t =    51.02s     Check for interrupting elements affecting "Lessons" Button
    t =    51.21s     Synthesize event
    t =    51.67s     Wait for com.sleuthysloth.condisco to idle
    t =    52.29s Waiting 15.0s for "home.today.primary" Button to exist
    t =    53.32s     Checking `Expect predicate `existsNoRetry == 1` for object "home.today.primary" Button`
    t =    53.34s         Checking existence of `"home.today.primary" Button`
    t =    53.47s Find the "home.today.primary" Button
    t =    53.55s Tap "home.today.primary" Button
    t =    53.55s     Wait for com.sleuthysloth.condisco to idle
    t =    53.58s     Find the "home.today.primary" Button
    t =    53.69s     Check for interrupting elements affecting "home.today.primary" Button
    t =    53.86s     Synthesize event
    t =    54.35s     Wait for com.sleuthysloth.condisco to idle
    t =    54.58s Waiting 15.0s for "The server looks up from the counter. How do you greet them?" StaticText to exist
    t =    55.66s     Checking `Expect predicate `existsNoRetry == 1` for object "The server looks up from the counter. How do you greet them?" StaticText`
    t =    55.66s         Checking existence of `"The server looks up from the counter. How do you greet them?" StaticText`
    t =    55.77s Tap "Bonjour." Button
    t =    55.77s     Wait for com.sleuthysloth.condisco to idle
    t =    55.78s     Find the "Bonjour." Button
    t =    55.89s     Check for interrupting elements affecting "Bonjour." Button
    t =    55.96s     Synthesize event
    t =    56.43s     Wait for com.sleuthysloth.condisco to idle
    t =    56.48s Waiting 10.0s for "Check" Button to exist
    t =    57.53s     Checking `Expect predicate `existsNoRetry == 1` for object "Check" Button`
    t =    57.53s         Checking existence of `"Check" Button`
    t =    57.61s Find the "Check" Button
    t =    57.69s Tap "Check" Button
    t =    57.69s     Wait for com.sleuthysloth.condisco to idle
    t =    57.70s     Find the "Check" Button
    t =    57.77s     Check for interrupting elements affecting "Check" Button
    t =    57.86s     Synthesize event
    t =    58.17s     Wait for com.sleuthysloth.condisco to idle
    t =    58.20s Waiting 15.0s for "Next step" Button to exist
    t =    59.23s     Checking `Expect predicate `existsNoRetry == 1` for object "Next step" Button`
    t =    59.23s         Checking existence of `"Next step" Button`
    t =    59.31s Tap "Next step" Button
    t =    59.32s     Wait for com.sleuthysloth.condisco to idle
    t =    59.32s     Find the "Next step" Button
    t =    59.38s     Check for interrupting elements affecting "Next step" Button
    t =    59.45s     Synthesize event
    t =    59.75s     Wait for com.sleuthysloth.condisco to idle
    t =    59.76s Waiting 10.0s for "Build the order: A coffee, please." StaticText to exist
    t =    60.78s     Checking `Expect predicate `existsNoRetry == 1` for object "Build the order: A coffee, please." StaticText`
    t =    60.78s         Checking existence of `"Build the order: A coffee, please." StaticText`
    t =    60.83s Tap "Add Un" Button
    t =    60.83s     Wait for com.sleuthysloth.condisco to idle
    t =    60.83s     Find the "Add Un" Button
    t =    60.89s     Check for interrupting elements affecting "Add Un" Button
    t =    60.94s     Synthesize event
    t =    61.24s     Wait for com.sleuthysloth.condisco to idle
    t =    61.24s Tap "Add café," Button
    t =    61.24s     Wait for com.sleuthysloth.condisco to idle
    t =    61.25s     Find the "Add café," Button
    t =    61.30s     Check for interrupting elements affecting "Add café," Button
    t =    61.35s     Synthesize event
    t =    61.65s     Wait for com.sleuthysloth.condisco to idle
    t =    61.66s Tap "Add s’il vous plaît." Button
    t =    61.66s     Wait for com.sleuthysloth.condisco to idle
    t =    61.66s     Find the "Add s’il vous plaît." Button
    t =    61.72s     Check for interrupting elements affecting "Add s’il vous plaît." Button
    t =    61.79s     Synthesize event
    t =    62.13s     Wait for com.sleuthysloth.condisco to idle
    t =    62.14s Waiting 10.0s for "Check" Button to exist
    t =    63.25s     Checking `Expect predicate `existsNoRetry == 1` for object "Check" Button`
    t =    63.25s         Checking existence of `"Check" Button`
    t =    63.42s Find the "Check" Button
    t =    63.49s Tap "Check" Button
    t =    63.49s     Wait for com.sleuthysloth.condisco to idle
    t =    63.49s     Find the "Check" Button
    t =    63.62s     Check for interrupting elements affecting "Check" Button
    t =    63.70s     Synthesize event
    t =    64.03s     Wait for com.sleuthysloth.condisco to idle
    t =    64.08s Waiting 15.0s for "Next step" Button to exist
    t =    65.10s     Checking `Expect predicate `existsNoRetry == 1` for object "Next step" Button`
    t =    65.10s         Checking existence of `"Next step" Button`
    t =    65.16s Tap "Next step" Button
    t =    65.16s     Wait for com.sleuthysloth.condisco to idle
    t =    65.17s     Find the "Next step" Button
    t =    65.23s     Check for interrupting elements affecting "Next step" Button
    t =    65.29s     Synthesize event
    t =    65.63s     Wait for com.sleuthysloth.condisco to idle
    t =    65.65s Waiting 10.0s for "The cup reaches the counter. What do you say?" StaticText to exist
    t =    66.70s     Checking `Expect predicate `existsNoRetry == 1` for object "The cup reaches the counter. What do you say?" StaticText`
    t =    66.70s         Checking existence of `"The cup reaches the counter. What do you say?" StaticText`
    t =    66.87s Tap "Merci." Button
    t =    66.87s     Wait for com.sleuthysloth.condisco to idle
    t =    66.88s     Find the "Merci." Button
    t =    66.95s     Check for interrupting elements affecting "Merci." Button
    t =    67.01s     Synthesize event
    t =    67.33s     Wait for com.sleuthysloth.condisco to idle
    t =    67.40s Waiting 10.0s for "Check" Button to exist
    t =    68.43s     Checking `Expect predicate `existsNoRetry == 1` for object "Check" Button`
    t =    68.43s         Checking existence of `"Check" Button`
    t =    68.48s Find the "Check" Button
    t =    68.54s Tap "Check" Button
    t =    68.54s     Wait for com.sleuthysloth.condisco to idle
    t =    68.55s     Find the "Check" Button
    t =    68.63s     Check for interrupting elements affecting "Check" Button
    t =    68.69s     Synthesize event
    t =    68.99s     Wait for com.sleuthysloth.condisco to idle
    t =    68.99s Waiting 15.0s for "Next step" Button to exist
    t =    70.03s     Checking `Expect predicate `existsNoRetry == 1` for object "Next step" Button`
    t =    70.03s         Checking existence of `"Next step" Button`
    t =    70.10s Tap "Next step" Button
    t =    70.10s     Wait for com.sleuthysloth.condisco to idle
    t =    70.11s     Find the "Next step" Button
    t =    70.18s     Check for interrupting elements affecting "Next step" Button
    t =    70.24s     Synthesize event
    t =    70.55s     Wait for com.sleuthysloth.condisco to idle
    t =    70.56s Waiting 10.0s for "I've thought about it — let me answer" Button to exist
    t =    71.57s     Checking `Expect predicate `existsNoRetry == 1` for object "I've thought about it — let me answer" Button`
    t =    71.57s         Checking existence of `"I've thought about it — let me answer" Button`
    t =    71.62s Tap "I've thought about it — let me answer" Button
    t =    71.62s     Wait for com.sleuthysloth.condisco to idle
    t =    71.62s     Find the "I've thought about it — let me answer" Button
    t =    71.67s     Check for interrupting elements affecting "I've thought about it — let me answer" Button
    t =    71.72s     Synthesize event
    t =    72.03s     Wait for com.sleuthysloth.condisco to idle
    t =    72.14s Waiting 10.0s for TextView (First Match) to exist
    t =    73.16s     Checking `Expect predicate `existsNoRetry == 1` for object TextView (First Match)`
    t =    73.16s         Checking existence of `TextView (First Match)`
    t =    73.20s Tap TextView (First Match)
    t =    73.20s     Wait for com.sleuthysloth.condisco to idle
    t =    73.20s     Find the TextView (First Match)
    t =    73.24s     Check for interrupting elements affecting "Your answer" TextView
    t =    73.29s     Synthesize event
    t =    73.58s     Wait for com.sleuthysloth.condisco to idle
    t =    75.93s Type 'Un cafe, s’il vous...' into "Your answer" TextView
    t =    75.93s     Wait for com.sleuthysloth.condisco to idle
    t =    75.94s     Find the "Your answer" TextView
    t =    76.05s     Check for interrupting elements affecting "Your answer" TextView
    t =    76.35s     Synthesize event
    t =    76.97s     Wait for com.sleuthysloth.condisco to idle
    t =    76.98s Waiting 10.0s for "Check" Button to exist
    t =    78.01s     Checking `Expect predicate `existsNoRetry == 1` for object "Check" Button`
    t =    78.01s         Checking existence of `"Check" Button`
    t =    79.09s Checking existence of `Keyboard (Descendants matching type Keyboard)`
    t =    79.17s Find the "Check" Button
    t =    79.28s Find the Keyboard (Descendants matching type Keyboard)
    t =    79.36s Tap "Check" Button
    t =    79.36s     Wait for com.sleuthysloth.condisco to idle
    t =    79.36s     Find the "Check" Button
    t =    79.42s     Check for interrupting elements affecting "Check" Button
    t =    79.49s     Synthesize event
    t =    79.78s     Wait for com.sleuthysloth.condisco to idle
    t =    79.78s Waiting 10.0s for StaticText (First Match) to exist
    t =    80.81s     Checking `Expect predicate `existsNoRetry == 1` for object StaticText (First Match)`
    t =    80.81s         Checking existence of `StaticText (First Match)`
    t =    80.85s Checking existence of `StaticText (First Match)`
    t =    80.88s Tap "Next step" Button
    t =    80.88s     Wait for com.sleuthysloth.condisco to idle
    t =    80.88s     Find the "Next step" Button
    t =    80.93s     Check for interrupting elements affecting "Next step" Button
    t =    80.97s     Synthesize event
    t =    81.26s     Wait for com.sleuthysloth.condisco to idle
    t =    81.27s Waiting 10.0s for "Match the three lines you used to their meanings." StaticText to exist
    t =    82.28s     Checking `Expect predicate `existsNoRetry == 1` for object "Match the three lines you used to their meanings." StaticText`
    t =    82.28s         Checking existence of `"Match the three lines you used to their meanings." StaticText`
    t =    82.31s Tap "Bonjour." Button
    t =    82.31s     Wait for com.sleuthysloth.condisco to idle
    t =    82.31s     Find the "Bonjour." Button
    t =    82.35s     Check for interrupting elements affecting "Bonjour." Button
    t =    82.38s     Synthesize event
    t =    82.68s     Wait for com.sleuthysloth.condisco to idle
    t =    82.69s Tap "Hello." Button
    t =    82.69s     Wait for com.sleuthysloth.condisco to idle
    t =    82.70s     Find the "Hello." Button
    t =    82.79s     Check for interrupting elements affecting "Hello." Button
    t =    82.83s     Synthesize event
    t =    83.13s     Wait for com.sleuthysloth.condisco to idle
    t =    83.14s Tap "Un café, s’il vous plaît." Button
    t =    83.14s     Wait for com.sleuthysloth.condisco to idle
    t =    83.15s     Find the "Un café, s’il vous plaît." Button
    t =    83.23s     Check for interrupting elements affecting "Un café, s’il vous plaît." Button
    t =    83.30s     Synthesize event
    t =    83.60s     Wait for com.sleuthysloth.condisco to idle
    t =    83.61s Tap "A coffee, please." Button
    t =    83.61s     Wait for com.sleuthysloth.condisco to idle
    t =    83.62s     Find the "A coffee, please." Button
    t =    83.68s     Check for interrupting elements affecting "A coffee, please." Button
    t =    83.72s     Synthesize event
    t =    84.01s     Wait for com.sleuthysloth.condisco to idle
    t =    84.02s Tap "Merci." Button
    t =    84.02s     Wait for com.sleuthysloth.condisco to idle
    t =    84.02s     Find the "Merci." Button
    t =    84.07s     Check for interrupting elements affecting "Merci." Button
    t =    84.13s     Synthesize event
    t =    84.43s     Wait for com.sleuthysloth.condisco to idle
    t =    84.44s Tap "Thank you." Button
    t =    84.44s     Wait for com.sleuthysloth.condisco to idle
    t =    84.45s     Find the "Thank you." Button
    t =    84.54s     Check for interrupting elements affecting "Thank you." Button
    t =    84.58s     Synthesize event
    t =    84.88s     Wait for com.sleuthysloth.condisco to idle
    t =    84.89s Waiting 10.0s for "Check" Button to exist
    t =    85.93s     Checking `Expect predicate `existsNoRetry == 1` for object "Check" Button`
    t =    85.96s         Checking existence of `"Check" Button`
    t =    86.05s Find the "Check" Button
    t =    86.09s Tap "Check" Button
    t =    86.09s     Wait for com.sleuthysloth.condisco to idle
    t =    86.10s     Find the "Check" Button
    t =    86.13s     Check for interrupting elements affecting "Check" Button
    t =    86.17s     Synthesize event
    t =    86.47s     Wait for com.sleuthysloth.condisco to idle
    t =    86.83s Waiting 15.0s for "Next step" Button to exist
    t =    87.86s     Checking `Expect predicate `existsNoRetry == 1` for object "Next step" Button`
    t =    87.86s         Checking existence of `"Next step" Button`
    t =    87.92s Tap "Next step" Button
    t =    87.92s     Wait for com.sleuthysloth.condisco to idle
    t =    87.92s     Find the "Next step" Button
    t =    87.96s     Check for interrupting elements affecting "Next step" Button
    t =    88.00s     Synthesize event
    t =    88.29s     Wait for com.sleuthysloth.condisco to idle
    t =    88.30s Waiting 10.0s for StaticText (First Match) to exist
    t =    89.33s     Checking `Expect predicate `existsNoRetry == 1` for object StaticText (First Match)`
    t =    89.33s         Checking existence of `StaticText (First Match)`
    t =    89.38s Waiting 10.0s for TextView (First Match) to exist
    t =    90.43s     Checking `Expect predicate `existsNoRetry == 1` for object TextView (First Match)`
    t =    90.43s         Checking existence of `TextView (First Match)`
    t =    90.46s Tap TextView (First Match)
    t =    90.46s     Wait for com.sleuthysloth.condisco to idle
    t =    90.46s     Find the TextView (First Match)
    t =    90.50s     Check for interrupting elements affecting "Your answer" TextView
    t =    90.54s     Synthesize event
    t =    90.84s     Wait for com.sleuthysloth.condisco to idle
    t =    90.95s Type 'No idea yet' into "Your answer" TextView
    t =    90.95s     Wait for com.sleuthysloth.condisco to idle
    t =    90.96s     Find the "Your answer" TextView
    t =    91.06s     Check for interrupting elements affecting "Your answer" TextView
    t =    91.12s     Synthesize event
    t =    91.51s     Wait for com.sleuthysloth.condisco to idle
    t =    91.52s Waiting 10.0s for "Check" Button to exist
    t =    92.56s     Checking `Expect predicate `existsNoRetry == 1` for object "Check" Button`
    t =    92.56s         Checking existence of `"Check" Button`
    t =    93.68s Checking existence of `Keyboard (Descendants matching type Keyboard)`
    t =    93.74s Find the "Check" Button
    t =    93.81s Find the Keyboard (Descendants matching type Keyboard)
    t =    93.86s Tap "Check" Button
    t =    93.86s     Wait for com.sleuthysloth.condisco to idle
    t =    93.86s     Find the "Check" Button
    t =    93.90s     Check for interrupting elements affecting "Check" Button
    t =    93.95s     Synthesize event
    t =    94.35s     Wait for com.sleuthysloth.condisco to idle
    t =    94.35s Waiting 15.0s for "Continue with model answer" Button to exist
    t =    95.41s     Checking `Expect predicate `existsNoRetry == 1` for object "Continue with model answer" Button`
    t =    95.41s         Checking existence of `"Continue with model answer" Button`
    t =    95.47s Checking existence of `StaticText (First Match)`
    t =    95.50s Tap "Continue with model answer" Button
    t =    95.50s     Wait for com.sleuthysloth.condisco to idle
    t =    95.50s     Find the "Continue with model answer" Button
    t =    95.54s     Check for interrupting elements affecting "Continue with model answer" Button
    t =    95.58s     Synthesize event
    t =    95.87s     Wait for com.sleuthysloth.condisco to idle
    t =    96.03s Waiting 15.0s for "Back to lessons" Button to exist
    t =    97.07s     Checking `Expect predicate `existsNoRetry == 1` for object "Back to lessons" Button`
    t =    97.08s         Checking existence of `"Back to lessons" Button`
    t =    97.19s Tap "Back to lessons" Button
    t =    97.19s     Wait for com.sleuthysloth.condisco to idle
    t =    97.20s     Find the "Back to lessons" Button
    t =    97.24s     Check for interrupting elements affecting "Back to lessons" Button
    t =    97.28s     Synthesize event
    t =    97.29s         Scroll element to visible
    t =    97.31s         Find the "Back to lessons" Button
    t =    97.37s         Computed hit point {201, 806.99999999999966} after scrolling to visible
    t =    97.66s     Wait for com.sleuthysloth.condisco to idle
    t =    98.16s Waiting 15.0s for "Review" Button to exist
    t =    99.17s     Checking `Expect predicate `existsNoRetry == 1` for object "Review" Button`
    t =    99.18s         Checking existence of `"Review" Button`
    t =    99.24s Tap "Review" Button
    t =    99.24s     Wait for com.sleuthysloth.condisco to idle
    t =    99.25s     Find the "Review" Button
    t =    99.27s     Check for interrupting elements affecting "arrow.triangle.2.circlepath" Button
    t =    99.30s     Synthesize event
    t =    99.58s     Wait for com.sleuthysloth.condisco to idle
    t =   101.42s Waiting 15.0s for "Review" NavigationBar to exist
    t =   102.46s     Checking `Expect predicate `existsNoRetry == 1` for object "Review" NavigationBar`
    t =   102.46s         Checking existence of `"Review" NavigationBar`
    t =   102.58s Tear Down
Test Case '-[CondiscoUITests.FirstRunUITests testFreshFrenchLearnerCanFinishFirstMissionAfterAccentAndWrongAnswer]' passed (103.081 seconds).
Test Suite 'FirstRunUITests' passed at 2026-09-26 13:10:01.897.
	 Executed 1 test, with 0 failures (0 unexpected) in 103.081 (103.082) seconds
Test Suite 'CondiscoUITests.xctest' passed at 2026-09-26 13:10:01.899.
	 Executed 6 tests, with 0 failures (0 unexpected) in 276.699 (276.787) seconds
Test Suite 'All tests' passed at 2026-09-26 13:10:01.900.
	 Executed 6 tests, with 0 failures (0 unexpected) in 276.699 (276.824) seconds
2026-09-26 13:10:02.508 xcodebuild[4365:516345] [MT] IDETestOperationsObserverDebug: 362.017 elapsed -- Testing started completed.
2026-09-26 13:10:02.509 xcodebuild[4365:516345] [MT] IDETestOperationsObserverDebug: 0.000 sec, +0.000 sec -- start
2026-09-26 13:10:02.509 xcodebuild[4365:516345] [MT] IDETestOperationsObserverDebug: 362.017 sec, +362.017 sec -- end

Test session results, code coverage, and logs:
	/var/folders/3w/91hphlzs0rv_1twbkfyhvn6m0000gn/T/condisco-preflight.fRP9FS/DerivedData/Logs/Test/Test-Condisco-2026.09.26_13-03-58--0700.xcresult

** TEST SUCCEEDED **

Testing started
PASS UI smoke (CondiscoUITests)

=======================================================
  PREFLIGHT PASSED — every required step is green.
=======================================================
EXIT preflight=0
=== done: 2026-09-26 13:10:06 -0700 ===
