# Final gate after Phase 4 slice 2 + Phase 5 + largest-DynamicType fix
# bash tools/preflight.sh --with-ui
xcb lock acquired Sat Sep 26 08:14:03 PDT 2026

== Step 1/5  Pack + media integrity  (tools/check_packs.sh) ==
PASS french: 50 lessons
PASS italian: 49 lessons
PASS german: 52 lessons
PASS portuguese: 52 lessons
PASS spanish: 52 lessons
PASS all five languages; 72 shared-feedback replies; invalid legacy policy rejected
== fr-foundations.json media ==
  device-speech (intentional)  fr-polite-coffee-audio  /audio/french-ordering/fr-ordering-politely-answer.wav
  device-speech (intentional)  fr-identity-foundation-model  /audio/french-foundations/fr-identity-foundation-model.wav
  device-speech (intentional)  fr-people-foundation-model  /audio/french-foundations/fr-people-foundation-model.wav
  device-speech (intentional)  fr-family-foundation-model  /audio/french-foundations/fr-family-foundation-model.wav
  device-speech (intentional)  fr-numbers-foundation-model  /audio/french-foundations/fr-numbers-foundation-model.wav
  summary: 5 declared, 0 on disk, 5 missing (5 allowlisted for device speech)
== it-foundations.json media ==
  device-speech (intentional)  it-polite-coffee-audio  /audio/italian/it-ordering-politely-answer.wav
  device-speech (intentional)  it-identity-foundation-model  /audio/italian-foundations/it-identity-foundation-model.wav
  device-speech (intentional)  it-people-foundation-model  /audio/italian-foundations/it-people-foundation-model.wav
  device-speech (intentional)  it-family-foundation-model  /audio/italian-foundations/it-family-foundation-model.wav
  device-speech (intentional)  it-numbers-foundation-model  /audio/italian-foundations/it-numbers-foundation-model.wav
  device-speech (intentional)  it-descriptions-foundation-model  /audio/italian-foundations/it-descriptions-foundation-model.wav
  device-speech (intentional)  it-plural-foundation-model  /audio/italian-foundations/it-plural-foundation-model.wav
  device-speech (intentional)  it-negation-foundation-model  /audio/italian-foundations/it-negation-foundation-model.wav
  device-speech (intentional)  it-food-foundation-model  /audio/italian-foundations/it-food-foundation-model.wav
  device-speech (intentional)  it-possession-foundation-model  /audio/italian-foundations/it-possession-foundation-model.wav
  device-speech (intentional)  it-requests-foundation-model  /audio/italian-foundations/it-requests-foundation-model.wav
  device-speech (intentional)  it-past-foundation-model  /audio/italian-foundations/it-past-foundation-model.wav
  device-speech (intentional)  it-plans-foundation-model  /audio/italian-foundations/it-plans-foundation-model.wav
  device-speech (intentional)  it-days-foundation-model  /audio/italian-foundations/it-days-foundation-model.wav
  device-speech (intentional)  it-market-foundation-model  /audio/italian-foundations/it-market-foundation-model.wav
  device-speech (intentional)  it-emergency-foundation-model  /audio/italian-foundations/it-emergency-foundation-model.wav
  ok  it-market-listen-audio  /audio/italian-foundations/it-market-foundation-listen.mp3
  summary: 17 declared, 1 on disk, 16 missing (16 allowlisted for device speech)
== de-foundations.json media ==
  summary: 0 declared, 0 on disk, 0 missing (0 allowlisted for device speech)
== pt-foundations.json media ==
  summary: 0 declared, 0 on disk, 0 missing (0 allowlisted for device speech)
== es-foundations.json media ==
  summary: 0 declared, 0 on disk, 0 missing (0 allowlisted for device speech)
== listen-tracks ==
  ok  french  fr-identity-foundation  /audio/french-foundations/fr-identity-listen.mp3
  ok  italian  it-market-foundation  /audio/italian-foundations/it-market-foundation-listen.mp3
  ok  german  de-introductions-foundation  /audio/german-foundations/de-introductions-foundation-listen.mp3
  ok  portuguese  pt-introductions-foundation  /audio/portuguese-foundations/pt-introductions-foundation-listen.mp3
  ok  spanish  es-introductions-foundation  /audio/spanish-foundations/es-introductions-foundation-listen.mp3
== MISSING ASSETS ==
  MISSING fr-foundations fr-polite-coffee-audio /audio/french-ordering/fr-ordering-politely-answer.wav — device-speech (intentional) — referenced by lesson fr-cafe-order-foundation step fr-cafe-order-foundation-step-fr-cafe-order-foundation-listen-model, lesson fr-cafe-order-foundation legacy dictation fr-cafe-order-foundation-listen-model
  MISSING fr-foundations fr-identity-foundation-model /audio/french-foundations/fr-identity-foundation-model.wav — device-speech (intentional) — referenced by lesson fr-identity-foundation step fr-identity-foundation-step-fr-identity-foundation-listen-model, lesson fr-identity-foundation legacy dictation fr-identity-foundation-listen-model
  MISSING fr-foundations fr-people-foundation-model /audio/french-foundations/fr-people-foundation-model.wav — device-speech (intentional) — referenced by lesson fr-people-foundation step fr-people-foundation-step-fr-people-foundation-listen-model, lesson fr-people-foundation legacy dictation fr-people-foundation-listen-model
  MISSING fr-foundations fr-family-foundation-model /audio/french-foundations/fr-family-foundation-model.wav — device-speech (intentional) — referenced by lesson fr-family-foundation step fr-family-foundation-step-fr-family-foundation-listen-model, lesson fr-family-foundation legacy dictation fr-family-foundation-listen-model
  MISSING fr-foundations fr-numbers-foundation-model /audio/french-foundations/fr-numbers-foundation-model.wav — device-speech (intentional) — referenced by lesson fr-numbers-foundation step fr-numbers-foundation-step-fr-numbers-foundation-listen-model, lesson fr-numbers-foundation legacy dictation fr-numbers-foundation-listen-model
  MISSING it-foundations it-polite-coffee-audio /audio/italian/it-ordering-politely-answer.wav — device-speech (intentional) — referenced by lesson it-requests-foundation step it-requests-foundation-step-it-requests-foundation-listen, lesson it-requests-foundation legacy dictation it-requests-foundation-listen, lesson it-cafe-order-foundation step it-cafe-order-foundation-step-say, lesson it-cafe-order-foundation step it-cafe-order-foundation-step-it-cafe-order-foundation-listen-model, lesson it-cafe-order-foundation legacy dictation it-cafe-order-foundation-listen-model
  MISSING it-foundations it-identity-foundation-model /audio/italian-foundations/it-identity-foundation-model.wav — device-speech (intentional) — referenced by lesson it-identity-foundation step it-identity-foundation-step-it-identity-foundation-listen-model, lesson it-identity-foundation legacy dictation it-identity-foundation-listen-model
  MISSING it-foundations it-people-foundation-model /audio/italian-foundations/it-people-foundation-model.wav — device-speech (intentional) — referenced by lesson it-people-foundation step it-people-foundation-step-say, lesson it-people-foundation step it-people-foundation-step-it-people-foundation-listen-model, lesson it-people-foundation legacy dictation it-people-foundation-listen-model
  MISSING it-foundations it-family-foundation-model /audio/italian-foundations/it-family-foundation-model.wav — device-speech (intentional) — referenced by lesson it-family-foundation step it-family-foundation-step-say, lesson it-family-foundation step it-family-foundation-step-it-family-foundation-listen-model, lesson it-family-foundation legacy dictation it-family-foundation-listen-model
  MISSING it-foundations it-numbers-foundation-model /audio/italian-foundations/it-numbers-foundation-model.wav — device-speech (intentional) — referenced by lesson it-numbers-foundation step it-numbers-foundation-step-rb9, lesson it-numbers-foundation step it-numbers-foundation-step-rb10, lesson it-numbers-foundation legacy dictation it-numbers-foundation-listen-model
  MISSING it-foundations it-descriptions-foundation-model /audio/italian-foundations/it-descriptions-foundation-model.wav — device-speech (intentional) — referenced by lesson it-descriptions-foundation step it-descriptions-foundation-step-rb8, lesson it-descriptions-foundation step it-descriptions-foundation-step-rb10, lesson it-descriptions-foundation legacy dictation it-descriptions-foundation-listen-model
  MISSING it-foundations it-plural-foundation-model /audio/italian-foundations/it-plural-foundation-model.wav — device-speech (intentional) — referenced by lesson it-plural-foundation step it-plural-foundation-step-rb9, lesson it-plural-foundation step it-plural-foundation-step-rb10, lesson it-plural-foundation legacy dictation it-plural-foundation-listen-model
  MISSING it-foundations it-negation-foundation-model /audio/italian-foundations/it-negation-foundation-model.wav — device-speech (intentional) — referenced by lesson it-negation-foundation step it-negation-foundation-step-rb10, lesson it-negation-foundation legacy dictation it-negation-foundation-listen-model
  MISSING it-foundations it-food-foundation-model /audio/italian-foundations/it-food-foundation-model.wav — device-speech (intentional) — referenced by lesson it-food-foundation step it-food-foundation-step-say, lesson it-food-foundation step it-food-foundation-step-it-food-foundation-listen-model, lesson it-food-foundation legacy dictation it-food-foundation-listen-model
  MISSING it-foundations it-possession-foundation-model /audio/italian-foundations/it-possession-foundation-model.wav — device-speech (intentional) — referenced by lesson it-possession-foundation step it-possession-foundation-step-rb9, lesson it-possession-foundation step it-possession-foundation-step-rb10, lesson it-possession-foundation legacy dictation it-possession-foundation-listen-model
  MISSING it-foundations it-requests-foundation-model /audio/italian-foundations/it-requests-foundation-model.wav — device-speech (intentional) — referenced by lesson it-requests-foundation step it-requests-foundation-step-say, lesson it-requests-foundation step it-requests-foundation-step-it-requests-foundation-listen-model, lesson it-requests-foundation legacy dictation it-requests-foundation-listen-model
  MISSING it-foundations it-past-foundation-model /audio/italian-foundations/it-past-foundation-model.wav — device-speech (intentional) — referenced by lesson it-past-foundation step it-past-foundation-step-rb7, lesson it-past-foundation legacy dictation it-past-foundation-listen-model
  MISSING it-foundations it-plans-foundation-model /audio/italian-foundations/it-plans-foundation-model.wav — device-speech (intentional) — referenced by lesson it-plans-foundation step it-plans-foundation-step-rb9, lesson it-plans-foundation legacy dictation it-plans-foundation-listen-model
  MISSING it-foundations it-days-foundation-model /audio/italian-foundations/it-days-foundation-model.wav — device-speech (intentional) — referenced by lesson it-days-foundation step it-days-foundation-step-rb9, lesson it-days-foundation step it-days-foundation-step-rb10, lesson it-days-foundation legacy dictation it-days-foundation-listen-model
  MISSING it-foundations it-market-foundation-model /audio/italian-foundations/it-market-foundation-model.wav — device-speech (intentional) — referenced by lesson it-market-foundation step it-market-foundation-step-say, lesson it-market-foundation step it-market-foundation-step-it-market-foundation-listen-model, lesson it-market-foundation legacy dictation it-market-foundation-listen-model
  MISSING it-foundations it-emergency-foundation-model /audio/italian-foundations/it-emergency-foundation-model.wav — device-speech (intentional) — referenced by lesson it-emergency-foundation step it-emergency-foundation-step-rb10, lesson it-emergency-foundation legacy dictation it-emergency-foundation-listen-model
PASS Content media inventory: every declared asset resolves with matching type/hash, or is allowlisted for device speech
== attribution citations ==
  ok  fr-foundations fr-polite-coffee-audio: cites docs/audio-provenance/index.md — exists
  ok  it-foundations it-polite-coffee-audio: cites docs/audio-provenance/index.md — exists
  ok  it-foundations it-market-listen-audio: cites docs/audio-provenance/italian-market-listen.json — exists
PASS attribution citations: every docs/… reference resolves to a file in the repo
== listen-tracks integrity ==
  ok duration french: declared 755.58s, actual 755.640s (delta 0.060s)
  ok sections french [#0 'Welcome']: startS 0.0s
  ok sections french [#1 'Two words']: startS 13.78s
  ok sections french [#2 'Think: Marc']: startS 31.53s
  ok sections french [#3 'Marie and Paul']: startS 52.68s
  ok sections french [#4 'One letter']: startS 64.6s
  ok sections french [#5 'Think: Marie']: startS 75.48s
  ok sections french [#6 'Transfer: Sophie']: startS 95.15s
  ok sections french [#7 'Bonjour and Salut']: startS 114.78s
  ok sections french [#8 'Think: New friend']: startS 145.58s
  ok sections french [#9 'Tu and Vous']: startS 169.88s
  ok sections french [#10 'Think: Addressing a shopkeeper']: startS 203.75s
  ok sections french [#11 'Numbers: one through five']: startS 231.4s
  ok sections french [#12 'Think: six through ten']: startS 267.55s
  ok sections french [#13 'J'ai']: startS 295.07s
  ok sections french [#14 'Think: Building with J'ai']: startS 326.0s
  ok sections french [#15 'Transfer: The greeting stack']: startS 355.22s
  ok sections french [#16 'Colors: rouge, bleu, vert']: startS 390.17s
  ok sections french [#17 'Think: Color agreement']: startS 425.87s
  ok sections french [#18 'Il est']: startS 461.45s
  ok sections french [#19 'Think: What time is it?']: startS 496.37s
  ok sections french [#20 'Colors and time together']: startS 523.77s
  ok sections french [#21 'Je vais']: startS 553.82s
  ok sections french [#22 'Think: Where are you going?']: startS 584.37s
  ok sections french [#23 'Full dialogue: The bakery']: startS 621.13s
  ok sections french [#24 'Dialogue: Polite requests']: startS 654.4s
  ok sections french [#25 'Dialogue: Numbers and payment']: startS 689.0s
  ok sections french [#26 'Closing: What you built']: startS 720.1s
  ok duration italian: declared 663.92s, actual 663.984s (delta 0.064s)
  ok sections italian [#0 'Part 1: Welcome']: startS 0.0s
  ok sections italian [#1 'Part 2: Numbers framing']: startS 19.48s
  ok sections italian [#2 'Part 3: Numbers teens']: startS 36.25s
  ok sections italian [#3 'Part 4: Think number']: startS 57.78s
  ok sections italian [#4 'Part 5: Un una']: startS 71.9s
  ok sections italian [#5 'Part 6: Etto']: startS 90.95s
  ok sections italian [#6 'Part 7: Costa think']: startS 107.08s
  ok sections italian [#7 'Part 8: Costano think']: startS 125.7s
  ok sections italian [#8 'Part 9: Prices']: startS 141.75s
  ok sections italian [#9 'Part 10: Vorrei']: startS 158.25s
  ok sections italian [#10 'Part 11: Courtesy']: startS 174.03s
  ok sections italian [#11 'Part 12: Dialogue setup']: startS 186.8s
  ok sections italian [#12 'Part 13: Transfer — market to restaurant']: startS 209.77s
  ok sections italian [#13 'Part 14: At the table — ordering']: startS 243.35s
  ok sections italian [#14 'Part 15: Menu blocks']: startS 270.1s
  ok sections italian [#15 'Part 16: Think — order the pasta']: startS 294.55s
  ok sections italian [#16 'Part 17: Think — order wine and water']: startS 316.43s
  ok sections italian [#17 'Part 18: Asking for the bill']: startS 338.33s
  ok sections italian [#18 'Part 19: Think — the bill']: startS 360.65s
  ok sections italian [#19 'Part 20: Family — my father, my mother']: startS 383.4s
  ok sections italian [#20 'Part 21: Family — brother, sister, parents']: startS 407.7s
  ok sections italian [#21 'Part 22: Transfer — family meets the table']: startS 430.25s
  ok sections italian [#22 'Part 23: Think — introducing family']: startS 457.5s
  ok sections italian [#23 'Part 24: Telling time — the question']: startS 478.55s
  ok sections italian [#24 'Part 25: One o'clock']: startS 499.58s
  ok sections italian [#25 'Part 26: Two, three, eight o'clock']: startS 522.18s
  ok sections italian [#26 'Part 27: Think — building a time']: startS 543.58s
  ok sections italian [#27 'Part 28: Transfer — time plus reservation']: startS 563.68s
  ok sections italian [#28 'Part 29: Full restaurant dialogue']: startS 595.38s
  ok sections italian [#29 'Part 30: Closing']: startS 634.15s
  ok duration german: declared 772.92s, actual 772.968s (delta 0.048s)
  ok sections german [#0 'Start with a greeting']: startS 0.0s
  ok sections german [#1 'Retrieve the greeting']: startS 18.14s
  ok sections german [#2 'Introduce your name']: startS 41.33s
  ok sections german [#3 'Recall the introduction']: startS 59.03s
  ok sections german [#4 'Meet a second speaker']: startS 83.23s
  ok sections german [#5 'Change the speaker']: startS 101.32s
  ok sections german [#6 'Return to the first name']: startS 125.3s
  ok sections german [#7 'Another way to identify yourself']: startS 149.65s
  ok sections german [#8 'Choose the shorter meaning']: startS 168.24s
  ok sections german [#9 'Transfer the new block']: startS 191.81s
  ok sections german [#10 'Put a greeting before your name']: startS 215.27s
  ok sections german [#11 'Introduce yourself on arrival']: startS 233.81s
  ok sections german [#12 'Ask for coffee']: startS 259.16s
  ok sections german [#13 'Retrieve the drink request']: startS 277.05s
  ok sections german [#14 'Add politeness']: startS 300.42s
  ok sections german [#15 'Hear the complete request']: startS 315.81s
  ok sections german [#16 'Order politely']: startS 332.9s
  ok sections german [#17 'Choose a different drink']: startS 357.67s
  ok sections german [#18 'Transfer politeness to tea']: startS 375.63s
  ok sections german [#19 'Switch back to coffee']: startS 399.76s
  ok sections german [#20 'Thank the person']: startS 424.73s
  ok sections german [#21 'Retrieve a thank you']: startS 439.54s
  ok sections german [#22 'Hear a complete counter exchange']: startS 466.43s
  ok sections german [#23 'Make your first visit']: startS 485.06s
  ok sections german [#24 'Change the order to tea']: startS 511.0s
  ok sections german [#25 'Return to introductions']: startS 535.73s
  ok sections german [#26 'Choose your identity pattern']: startS 561.6s
  ok sections german [#27 'A final independent request']: startS 585.77s
  ok sections german [#28 'Numbers: one through five']: startS 613.35s
  ok sections german [#29 'Think: Counting items']: startS 646.91s
  ok sections german [#30 'Telling time']: startS 669.71s
  ok sections german [#31 'Think: Your schedule']: startS 696.12s
  ok sections german [#32 'Transfer: Restaurant arrival']: startS 715.18s
  ok sections german [#33 'Full dialogue: The restaurant']: startS 745.11s
  ok duration portuguese: declared 785.17s, actual 785.232s (delta 0.062s)
  ok sections portuguese [#0 'Start with a greeting']: startS 0.0s
  ok sections portuguese [#1 'Retrieve the greeting']: startS 18.38s
  ok sections portuguese [#2 'Introduce your name']: startS 41.8s
  ok sections portuguese [#3 'Recall the introduction']: startS 60.6s
  ok sections portuguese [#4 'Meet a second speaker']: startS 85.42s
  ok sections portuguese [#5 'Change the speaker']: startS 104.22s
  ok sections portuguese [#6 'Return to the first name']: startS 128.93s
  ok sections portuguese [#7 'Another way to identify yourself']: startS 153.9s
  ok sections portuguese [#8 'Choose the shorter meaning']: startS 173.07s
  ok sections portuguese [#9 'Transfer the new block']: startS 197.05s
  ok sections portuguese [#10 'Put a greeting before your name']: startS 221.02s
  ok sections portuguese [#11 'Introduce yourself on arrival']: startS 239.75s
  ok sections portuguese [#12 'Ask for coffee']: startS 265.27s
  ok sections portuguese [#13 'Retrieve the drink request']: startS 283.4s
  ok sections portuguese [#14 'Add politeness']: startS 307.1s
  ok sections portuguese [#15 'Hear the complete request']: startS 323.05s
  ok sections portuguese [#16 'Order politely']: startS 341.07s
  ok sections portuguese [#17 'Choose a different drink']: startS 366.77s
  ok sections portuguese [#18 'Transfer politeness to tea']: startS 384.92s
  ok sections portuguese [#19 'Switch back to coffee']: startS 410.2s
  ok sections portuguese [#20 'Thank the person']: startS 436.1s
  ok sections portuguese [#21 'Hear the other speaker form']: startS 454.02s
  ok sections portuguese [#22 'Hear a complete counter exchange']: startS 474.35s
  ok sections portuguese [#23 'Make your first visit']: startS 493.45s
  ok sections portuguese [#24 'Change the order to tea']: startS 519.85s
  ok sections portuguese [#25 'Return to introductions']: startS 544.92s
  ok sections portuguese [#26 'Choose your identity pattern']: startS 570.98s
  ok sections portuguese [#27 'A final independent request']: startS 595.55s
  ok sections portuguese [#28 'Numbers: one through five']: startS 624.28s
  ok sections portuguese [#29 'Think: Counting items']: startS 657.5s
  ok sections portuguese [#30 'Telling time']: startS 681.0s
  ok sections portuguese [#31 'Think: Your schedule']: startS 708.03s
  ok sections portuguese [#32 'Transfer: Shopping arrival']: startS 727.58s
  ok sections portuguese [#33 'Full dialogue: The café']: startS 757.43s
  ok duration spanish: declared 795.60s, actual 795.648s (delta 0.048s)
  ok sections spanish [#0 'Start with a greeting']: startS 0.0s
  ok sections spanish [#1 'Retrieve the greeting']: startS 18.27s
  ok sections spanish [#2 'Introduce your name']: startS 41.6s
  ok sections spanish [#3 'Recall the introduction']: startS 60.77s
  ok sections spanish [#4 'Meet a second speaker']: startS 85.33s
  ok sections spanish [#5 'Change the speaker']: startS 103.9s
  ok sections spanish [#6 'Return to the first name']: startS 128.38s
  ok sections spanish [#7 'Another way to identify yourself']: startS 153.07s
  ok sections spanish [#8 'Choose the shorter meaning']: startS 170.02s
  ok sections spanish [#9 'Transfer the new block']: startS 193.62s
  ok sections spanish [#10 'Put a greeting before your name']: startS 217.2s
  ok sections spanish [#11 'Introduce yourself on arrival']: startS 235.75s
  ok sections spanish [#12 'Ask for coffee']: startS 261.1s
  ok sections spanish [#13 'Retrieve the drink request']: startS 278.27s
  ok sections spanish [#14 'Add politeness']: startS 301.82s
  ok sections spanish [#15 'Hear the complete request']: startS 317.72s
  ok sections spanish [#16 'Order politely']: startS 335.25s
  ok sections spanish [#17 'Choose a different drink']: startS 360.45s
  ok sections spanish [#18 'Transfer politeness to tea']: startS 378.4s
  ok sections spanish [#19 'Switch back to coffee']: startS 403.17s
  ok sections spanish [#20 'Thank the person']: startS 428.57s
  ok sections spanish [#21 'Retrieve a thank you']: startS 443.87s
  ok sections spanish [#22 'Hear a complete counter exchange']: startS 471.25s
  ok sections spanish [#23 'Make your first visit']: startS 489.75s
  ok sections spanish [#24 'Change the order to tea']: startS 515.55s
  ok sections spanish [#25 'Return to introductions']: startS 540.05s
  ok sections spanish [#26 'Choose your identity pattern']: startS 565.92s
  ok sections spanish [#27 'A final independent request']: startS 590.12s
  ok sections spanish [#28 'Numbers: one through five']: startS 618.35s
  ok sections spanish [#29 'Think: How many?']: startS 653.48s
  ok sections spanish [#30 'Telling time']: startS 684.4s
  ok sections spanish [#31 'Think: Your schedule']: startS 713.98s
  ok sections spanish [#32 'Transfer: Restaurant arrival']: startS 735.73s
  ok sections spanish [#33 'Full dialogue: The restaurant']: startS 765.63s
== device-speech allowlist text audit ==
  PASS fr-family-foundation-model: lesson fr-family-foundation step fr-family-foundation-step-fr-family-foundation-listen-model — visible prompt/transcript
  PASS fr-family-foundation-model: lesson fr-family-foundation legacy dictation fr-family-foundation-listen-model — visible prompt/transcript
  PASS fr-identity-foundation-model: lesson fr-identity-foundation step fr-identity-foundation-step-fr-identity-foundation-listen-model — visible prompt/transcript
  PASS fr-identity-foundation-model: lesson fr-identity-foundation legacy dictation fr-identity-foundation-listen-model — visible prompt/transcript
  PASS fr-numbers-foundation-model: lesson fr-numbers-foundation step fr-numbers-foundation-step-fr-numbers-foundation-listen-model — visible prompt/transcript
  PASS fr-numbers-foundation-model: lesson fr-numbers-foundation legacy dictation fr-numbers-foundation-listen-model — visible prompt/transcript
  PASS fr-people-foundation-model: lesson fr-people-foundation step fr-people-foundation-step-fr-people-foundation-listen-model — visible prompt/transcript
  PASS fr-people-foundation-model: lesson fr-people-foundation legacy dictation fr-people-foundation-listen-model — visible prompt/transcript
  PASS fr-polite-coffee-audio: lesson fr-cafe-order-foundation step fr-cafe-order-foundation-step-fr-cafe-order-foundation-listen-model — visible prompt/transcript
  PASS fr-polite-coffee-audio: lesson fr-cafe-order-foundation legacy dictation fr-cafe-order-foundation-listen-model — visible prompt/transcript
  PASS it-days-foundation-model: lesson it-days-foundation step it-days-foundation-step-rb9 — visible prompt/transcript
  PASS it-days-foundation-model: lesson it-days-foundation step it-days-foundation-step-rb10 — visible prompt/transcript
  PASS it-days-foundation-model: lesson it-days-foundation legacy dictation it-days-foundation-listen-model — visible prompt/transcript
  PASS it-descriptions-foundation-model: lesson it-descriptions-foundation step it-descriptions-foundation-step-rb8 — visible prompt/transcript
  PASS it-descriptions-foundation-model: lesson it-descriptions-foundation step it-descriptions-foundation-step-rb10 — visible prompt/transcript
  PASS it-descriptions-foundation-model: lesson it-descriptions-foundation legacy dictation it-descriptions-foundation-listen-model — visible prompt/transcript
  PASS it-emergency-foundation-model: lesson it-emergency-foundation step it-emergency-foundation-step-rb10 — visible prompt/transcript
  PASS it-emergency-foundation-model: lesson it-emergency-foundation legacy dictation it-emergency-foundation-listen-model — visible prompt/transcript
  PASS it-family-foundation-model: lesson it-family-foundation step it-family-foundation-step-say — visible prompt/transcript
  PASS it-family-foundation-model: lesson it-family-foundation step it-family-foundation-step-it-family-foundation-listen-model — visible prompt/transcript
  PASS it-family-foundation-model: lesson it-family-foundation legacy dictation it-family-foundation-listen-model — visible prompt/transcript
  PASS it-food-foundation-model: lesson it-food-foundation step it-food-foundation-step-say — visible prompt/transcript
  PASS it-food-foundation-model: lesson it-food-foundation step it-food-foundation-step-it-food-foundation-listen-model — visible prompt/transcript
  PASS it-food-foundation-model: lesson it-food-foundation legacy dictation it-food-foundation-listen-model — visible prompt/transcript
  PASS it-identity-foundation-model: lesson it-identity-foundation step it-identity-foundation-step-it-identity-foundation-listen-model — visible prompt/transcript
  PASS it-identity-foundation-model: lesson it-identity-foundation legacy dictation it-identity-foundation-listen-model — visible prompt/transcript
  PASS it-market-foundation-model: lesson it-market-foundation step it-market-foundation-step-say — visible prompt/transcript
  PASS it-market-foundation-model: lesson it-market-foundation step it-market-foundation-step-it-market-foundation-listen-model — visible prompt/transcript
  PASS it-market-foundation-model: lesson it-market-foundation legacy dictation it-market-foundation-listen-model — visible prompt/transcript
  PASS it-negation-foundation-model: lesson it-negation-foundation step it-negation-foundation-step-rb10 — visible prompt/transcript
  PASS it-negation-foundation-model: lesson it-negation-foundation legacy dictation it-negation-foundation-listen-model — visible prompt/transcript
  PASS it-numbers-foundation-model: lesson it-numbers-foundation step it-numbers-foundation-step-rb9 — visible prompt/transcript
  PASS it-numbers-foundation-model: lesson it-numbers-foundation step it-numbers-foundation-step-rb10 — visible prompt/transcript
  PASS it-numbers-foundation-model: lesson it-numbers-foundation legacy dictation it-numbers-foundation-listen-model — visible prompt/transcript
  PASS it-past-foundation-model: lesson it-past-foundation step it-past-foundation-step-rb7 — visible prompt/transcript
  PASS it-past-foundation-model: lesson it-past-foundation legacy dictation it-past-foundation-listen-model — visible prompt/transcript
  PASS it-people-foundation-model: lesson it-people-foundation step it-people-foundation-step-say — visible prompt/transcript
  PASS it-people-foundation-model: lesson it-people-foundation step it-people-foundation-step-it-people-foundation-listen-model — visible prompt/transcript
  PASS it-people-foundation-model: lesson it-people-foundation legacy dictation it-people-foundation-listen-model — visible prompt/transcript
  PASS it-plans-foundation-model: lesson it-plans-foundation step it-plans-foundation-step-rb9 — visible prompt/transcript
  PASS it-plans-foundation-model: lesson it-plans-foundation legacy dictation it-plans-foundation-listen-model — visible prompt/transcript
  PASS it-plural-foundation-model: lesson it-plural-foundation step it-plural-foundation-step-rb9 — visible prompt/transcript
  PASS it-plural-foundation-model: lesson it-plural-foundation step it-plural-foundation-step-rb10 — visible prompt/transcript
  PASS it-plural-foundation-model: lesson it-plural-foundation legacy dictation it-plural-foundation-listen-model — visible prompt/transcript
  PASS it-polite-coffee-audio: lesson it-requests-foundation step it-requests-foundation-step-it-requests-foundation-listen — visible prompt/transcript
  PASS it-polite-coffee-audio: lesson it-requests-foundation legacy dictation it-requests-foundation-listen — visible prompt/transcript
  PASS it-polite-coffee-audio: lesson it-cafe-order-foundation step it-cafe-order-foundation-step-say — visible prompt/transcript
  PASS it-polite-coffee-audio: lesson it-cafe-order-foundation step it-cafe-order-foundation-step-it-cafe-order-foundation-listen-model — visible prompt/transcript
  PASS it-polite-coffee-audio: lesson it-cafe-order-foundation legacy dictation it-cafe-order-foundation-listen-model — visible prompt/transcript
  PASS it-possession-foundation-model: lesson it-possession-foundation step it-possession-foundation-step-rb9 — visible prompt/transcript
  PASS it-possession-foundation-model: lesson it-possession-foundation step it-possession-foundation-step-rb10 — visible prompt/transcript
  PASS it-possession-foundation-model: lesson it-possession-foundation legacy dictation it-possession-foundation-listen-model — visible prompt/transcript
  PASS it-requests-foundation-model: lesson it-requests-foundation step it-requests-foundation-step-say — visible prompt/transcript
  PASS it-requests-foundation-model: lesson it-requests-foundation step it-requests-foundation-step-it-requests-foundation-listen-model — visible prompt/transcript
  PASS it-requests-foundation-model: lesson it-requests-foundation legacy dictation it-requests-foundation-listen-model — visible prompt/transcript
PASS listen tracks: declared durations match the audio; sections are ordered and in range; every device-speech step has visible text
PASS pack + media integrity (check_packs.sh)

== Step 2/5  Editorial backlog report  (tools/audit_editorial.sh — report only, not a gate) ==
SUMMARY fr-foundations (french): total 64 — error-feedback gap 0 surfaces, hint-gap 0/349 steps, ungraded 64 information + 0 self-compare, mission/story final-response gap 0/15
SUMMARY it-foundations (italian): total 72 — error-feedback gap 0 surfaces, hint-gap 0/362 steps, ungraded 60 information + 12 self-compare, mission/story final-response gap 0/13
SUMMARY de-foundations (german): total 68 — error-feedback gap 0 surfaces, hint-gap 0/337 steps, ungraded 68 information + 0 self-compare, mission/story final-response gap 0/16
SUMMARY pt-foundations (portuguese): total 60 — error-feedback gap 0 surfaces, hint-gap 0/344 steps, ungraded 60 information + 0 self-compare, mission/story final-response gap 0/16
SUMMARY es-foundations (spanish): total 68 — error-feedback gap 0 surfaces, hint-gap 0/355 steps, ungraded 68 information + 0 self-compare, mission/story final-response gap 0/16
== OPEN-ENDED GRADING CHECK ==
EXIT-GATE (open-ended free production falsely auto-graded): PASS (0) — free-phrase 0, interrogative 0; informational: comprehension 102
SUMMARY all five packs audited; exit 0 means packs loaded — treat counts as a backlog, not a pass/fail
PASS editorial audit ran — backlog counts above are informational, not a gate

== Step 3/5  Generated lesson catalog is a faithful snapshot  (tools/gen_lesson_catalog.py) ==
PASS LessonCatalog.generated.swift regenerates byte-identically from the packs

== Step 4/5  Unit tests  (CondiscoTests) ==
Command line invocation:
    /Applications/Xcode.app/Contents/Developer/usr/bin/xcodebuild test -project Condisco.xcodeproj -scheme Condisco -destination "platform=iOS Simulator,name=iPhone 18 Pro" "-only-testing:CondiscoTests" -derivedDataPath /var/folders/3w/91hphlzs0rv_1twbkfyhvn6m0000gn/T//condisco-preflight.UwtWsH/DerivedData ONLY_ACTIVE_ARCH=YES

Build settings from command line:
    ONLY_ACTIVE_ARCH = YES

ComputePackagePrebuildTargetDependencyGraph

Prepare packages

CreateBuildRequest

SendProjectDescription

CreateBuildOperation

ComputeTargetDependencyGraph
note: Building targets in dependency order
note: Target dependency graph (4 targets)
    Target 'CondiscoUITests' in project 'Condisco'
        ➜ Explicit dependency on target 'Condisco' in project 'Condisco'
    Target 'CondiscoTests' in project 'Condisco'
        ➜ Explicit dependency on target 'Condisco' in project 'Condisco'
    Target 'Condisco' in project 'Condisco'
        ➜ Explicit dependency on target 'CondiscoWidget' in project 'Condisco'
    Target 'CondiscoWidget' in project 'Condisco' (no dependencies)

GatherProvisioningInputs

CreateBuildDescription

ExecuteExternalTool /Applications/Xcode.app/Contents/Developer/Toolchains/XcodeDefault.xctoolchain/usr/bin/swiftc --version

ExecuteExternalTool /Applications/Xcode.app/Contents/Developer/usr/bin/actool --print-asset-tag-combinations --output-format xml1 /Users/spkoehl/Projects/VerbaLibera/Condisco/Assets.xcassets

ExecuteExternalTool /Applications/Xcode.app/Contents/Developer/Toolchains/XcodeDefault.xctoolchain/usr/bin/clang -v -E -dM -isysroot /Applications/Xcode.app/Contents/Developer/Platforms/iPhoneSimulator.platform/Developer/SDKs/iPhoneSimulator27.0.sdk -x c -c /dev/null

ExecuteExternalTool /Applications/Xcode.app/Contents/Developer/Toolchains/XcodeDefault.xctoolchain/usr/bin/ld -version_details

ExecuteExternalTool /Applications/Xcode.app/Contents/Developer/usr/bin/actool --version --output-format xml1

Build description signature: c67eb56247ec3691812594a99c238b86
Build description path: /var/folders/3w/91hphlzs0rv_1twbkfyhvn6m0000gn/T/condisco-preflight.UwtWsH/DerivedData/Build/Intermediates.noindex/XCBuildData/c67eb56247ec3691812594a99c238b86.xcbuilddata
CreateBuildDirectory /var/folders/3w/91hphlzs0rv_1twbkfyhvn6m0000gn/T/condisco-preflight.UwtWsH/DerivedData/ModuleCache.noindex
    cd /Users/spkoehl/Projects/VerbaLibera/Condisco.xcodeproj
    builtin-create-build-directory /var/folders/3w/91hphlzs0rv_1twbkfyhvn6m0000gn/T/condisco-preflight.UwtWsH/DerivedData/ModuleCache.noindex

CreateBuildDirectory /var/folders/3w/91hphlzs0rv_1twbkfyhvn6m0000gn/T/condisco-preflight.UwtWsH/DerivedData/SDKExplicitPrecompiledModules
    cd /Users/spkoehl/Projects/VerbaLibera/Condisco.xcodeproj
    builtin-create-build-directory /var/folders/3w/91hphlzs0rv_1twbkfyhvn6m0000gn/T/condisco-preflight.UwtWsH/DerivedData/SDKExplicitPrecompiledModules

CreateBuildDirectory /var/folders/3w/91hphlzs0rv_1twbkfyhvn6m0000gn/T/condisco-preflight.UwtWsH/DerivedData/CompilationCache.noindex
    cd /Users/spkoehl/Projects/VerbaLibera/Condisco.xcodeproj
    builtin-create-build-directory /var/folders/3w/91hphlzs0rv_1twbkfyhvn6m0000gn/T/condisco-preflight.UwtWsH/DerivedData/CompilationCache.noindex

ClangStatCache /Applications/Xcode.app/Contents/Developer/Toolchains/XcodeDefault.xctoolchain/usr/bin/clang-stat-cache /Applications/Xcode.app/Contents/Developer/Platforms/iPhoneSimulator.platform/Developer/SDKs/iPhoneSimulator27.0.sdk /var/folders/3w/91hphlzs0rv_1twbkfyhvn6m0000gn/T/condisco-preflight.UwtWsH/DerivedData/SDKStatCaches.noindex/iphonesimulator27.0-24A430-8dc58220667be655e1bcc261a7455254.sdkstatcache
    cd /Users/spkoehl/Projects/VerbaLibera/Condisco.xcodeproj
    /Applications/Xcode.app/Contents/Developer/Toolchains/XcodeDefault.xctoolchain/usr/bin/clang-stat-cache /Applications/Xcode.app/Contents/Developer/Platforms/iPhoneSimulator.platform/Developer/SDKs/iPhoneSimulator27.0.sdk -o /var/folders/3w/91hphlzs0rv_1twbkfyhvn6m0000gn/T/condisco-preflight.UwtWsH/DerivedData/SDKStatCaches.noindex/iphonesimulator27.0-24A430-8dc58220667be655e1bcc261a7455254.sdkstatcache

CreateBuildDirectory /var/folders/3w/91hphlzs0rv_1twbkfyhvn6m0000gn/T/condisco-preflight.UwtWsH/DerivedData/Build/Intermediates.noindex
    cd /Users/spkoehl/Projects/VerbaLibera/Condisco.xcodeproj
    builtin-create-build-directory /var/folders/3w/91hphlzs0rv_1twbkfyhvn6m0000gn/T/condisco-preflight.UwtWsH/DerivedData/Build/Intermediates.noindex

CreateBuildDirectory /var/folders/3w/91hphlzs0rv_1twbkfyhvn6m0000gn/T/condisco-preflight.UwtWsH/DerivedData/Build/Products
    cd /Users/spkoehl/Projects/VerbaLibera/Condisco.xcodeproj
    builtin-create-build-directory /var/folders/3w/91hphlzs0rv_1twbkfyhvn6m0000gn/T/condisco-preflight.UwtWsH/DerivedData/Build/Products

CreateBuildDirectory /var/folders/3w/91hphlzs0rv_1twbkfyhvn6m0000gn/T/condisco-preflight.UwtWsH/DerivedData/Build/Products/Debug-iphonesimulator
    cd /Users/spkoehl/Projects/VerbaLibera/Condisco.xcodeproj
    builtin-create-build-directory /var/folders/3w/91hphlzs0rv_1twbkfyhvn6m0000gn/T/condisco-preflight.UwtWsH/DerivedData/Build/Products/Debug-iphonesimulator

CreateBuildDirectory /var/folders/3w/91hphlzs0rv_1twbkfyhvn6m0000gn/T/condisco-preflight.UwtWsH/DerivedData/Build/Intermediates.noindex/SwiftExplicitPrecompiledModules
    cd /Users/spkoehl/Projects/VerbaLibera/Condisco.xcodeproj
    builtin-create-build-directory /var/folders/3w/91hphlzs0rv_1twbkfyhvn6m0000gn/T/condisco-preflight.UwtWsH/DerivedData/Build/Intermediates.noindex/SwiftExplicitPrecompiledModules

CreateBuildDirectory /var/folders/3w/91hphlzs0rv_1twbkfyhvn6m0000gn/T/condisco-preflight.UwtWsH/DerivedData/Build/Intermediates.noindex/PrecompiledHeaders
    cd /Users/spkoehl/Projects/VerbaLibera/Condisco.xcodeproj
    builtin-create-build-directory /var/folders/3w/91hphlzs0rv_1twbkfyhvn6m0000gn/T/condisco-preflight.UwtWsH/DerivedData/Build/Intermediates.noindex/PrecompiledHeaders

CreateBuildDirectory /var/folders/3w/91hphlzs0rv_1twbkfyhvn6m0000gn/T/condisco-preflight.UwtWsH/DerivedData/Build/Intermediates.noindex/ExplicitPrecompiledModules
    cd /Users/spkoehl/Projects/VerbaLibera/Condisco.xcodeproj
    builtin-create-build-directory /var/folders/3w/91hphlzs0rv_1twbkfyhvn6m0000gn/T/condisco-preflight.UwtWsH/DerivedData/Build/Intermediates.noindex/ExplicitPrecompiledModules

WriteAuxiliaryFile /var/folders/3w/91hphlzs0rv_1twbkfyhvn6m0000gn/T/condisco-preflight.UwtWsH/DerivedData/Build/Intermediates.noindex/Condisco.build/Debug-iphonesimulator/Condisco-a06d22f186627733d537732b5233bd82-VFS-iphonesimulator/all-product-headers.yaml
    cd /Users/spkoehl/Projects/VerbaLibera/Condisco.xcodeproj
    write-file /var/folders/3w/91hphlzs0rv_1twbkfyhvn6m0000gn/T/condisco-preflight.UwtWsH/DerivedData/Build/Intermediates.noindex/Condisco.build/Debug-iphonesimulator/Condisco-a06d22f186627733d537732b5233bd82-VFS-iphonesimulator/all-product-headers.yaml

CreateBuildDirectory /var/folders/3w/91hphlzs0rv_1twbkfyhvn6m0000gn/T/condisco-preflight.UwtWsH/DerivedData/Build/Intermediates.noindex/EagerLinkingTBDs/Debug-iphonesimulator
    cd /Users/spkoehl/Projects/VerbaLibera/Condisco.xcodeproj
    builtin-create-build-directory /var/folders/3w/91hphlzs0rv_1twbkfyhvn6m0000gn/T/condisco-preflight.UwtWsH/DerivedData/Build/Intermediates.noindex/EagerLinkingTBDs/Debug-iphonesimulator

WriteAuxiliaryFile /var/folders/3w/91hphlzs0rv_1twbkfyhvn6m0000gn/T/condisco-preflight.UwtWsH/DerivedData/Build/Intermediates.noindex/Condisco.build/Debug-iphonesimulator/CondiscoWidget.build/Objects-normal/arm64/CondiscoWidget.SwiftFileList (in target 'CondiscoWidget' from project 'Condisco')
    cd /Users/spkoehl/Projects/VerbaLibera
    write-file /var/folders/3w/91hphlzs0rv_1twbkfyhvn6m0000gn/T/condisco-preflight.UwtWsH/DerivedData/Build/Intermediates.noindex/Condisco.build/Debug-iphonesimulator/CondiscoWidget.build/Objects-normal/arm64/CondiscoWidget.SwiftFileList

WriteAuxiliaryFile /var/folders/3w/91hphlzs0rv_1twbkfyhvn6m0000gn/T/condisco-preflight.UwtWsH/DerivedData/Build/Intermediates.noindex/Condisco.build/Debug-iphonesimulator/CondiscoWidget.build/Objects-normal/arm64/CondiscoWidget.SwiftConstValuesFileList (in target 'CondiscoWidget' from project 'Condisco')
    cd /Users/spkoehl/Projects/VerbaLibera
    write-file /var/folders/3w/91hphlzs0rv_1twbkfyhvn6m0000gn/T/condisco-preflight.UwtWsH/DerivedData/Build/Intermediates.noindex/Condisco.build/Debug-iphonesimulator/CondiscoWidget.build/Objects-normal/arm64/CondiscoWidget.SwiftConstValuesFileList

WriteAuxiliaryFile /var/folders/3w/91hphlzs0rv_1twbkfyhvn6m0000gn/T/condisco-preflight.UwtWsH/DerivedData/Build/Intermediates.noindex/Condisco.build/Debug-iphonesimulator/CondiscoWidget.build/Objects-normal/arm64/CondiscoWidget.LinkFileList (in target 'CondiscoWidget' from project 'Condisco')
    cd /Users/spkoehl/Projects/VerbaLibera
    write-file /var/folders/3w/91hphlzs0rv_1twbkfyhvn6m0000gn/T/condisco-preflight.UwtWsH/DerivedData/Build/Intermediates.noindex/Condisco.build/Debug-iphonesimulator/CondiscoWidget.build/Objects-normal/arm64/CondiscoWidget.LinkFileList

WriteAuxiliaryFile /var/folders/3w/91hphlzs0rv_1twbkfyhvn6m0000gn/T/condisco-preflight.UwtWsH/DerivedData/Build/Intermediates.noindex/Condisco.build/Debug-iphonesimulator/CondiscoWidget.build/Objects-normal/arm64/CondiscoWidget-OutputFileMap.json (in target 'CondiscoWidget' from project 'Condisco')
    cd /Users/spkoehl/Projects/VerbaLibera
    write-file /var/folders/3w/91hphlzs0rv_1twbkfyhvn6m0000gn/T/condisco-preflight.UwtWsH/DerivedData/Build/Intermediates.noindex/Condisco.build/Debug-iphonesimulator/CondiscoWidget.build/Objects-normal/arm64/CondiscoWidget-OutputFileMap.json

WriteAuxiliaryFile /var/folders/3w/91hphlzs0rv_1twbkfyhvn6m0000gn/T/condisco-preflight.UwtWsH/DerivedData/Build/Intermediates.noindex/Condisco.build/Debug-iphonesimulator/CondiscoWidget.build/Objects-normal/arm64/CondiscoWidget_const_extract_protocols.json (in target 'CondiscoWidget' from project 'Condisco')
    cd /Users/spkoehl/Projects/VerbaLibera
    write-file /var/folders/3w/91hphlzs0rv_1twbkfyhvn6m0000gn/T/condisco-preflight.UwtWsH/DerivedData/Build/Intermediates.noindex/Condisco.build/Debug-iphonesimulator/CondiscoWidget.build/Objects-normal/arm64/CondiscoWidget_const_extract_protocols.json

WriteAuxiliaryFile /var/folders/3w/91hphlzs0rv_1twbkfyhvn6m0000gn/T/condisco-preflight.UwtWsH/DerivedData/Build/Intermediates.noindex/Condisco.build/Debug-iphonesimulator/CondiscoWidget.build/DerivedSources/Entitlements-Simulated.plist (in target 'CondiscoWidget' from project 'Condisco')
    cd /Users/spkoehl/Projects/VerbaLibera
    write-file /var/folders/3w/91hphlzs0rv_1twbkfyhvn6m0000gn/T/condisco-preflight.UwtWsH/DerivedData/Build/Intermediates.noindex/Condisco.build/Debug-iphonesimulator/CondiscoWidget.build/DerivedSources/Entitlements-Simulated.plist

WriteAuxiliaryFile /var/folders/3w/91hphlzs0rv_1twbkfyhvn6m0000gn/T/condisco-preflight.UwtWsH/DerivedData/Build/Intermediates.noindex/Condisco.build/Debug-iphonesimulator/CondiscoWidget.build/CondiscoWidget.hmap (in target 'CondiscoWidget' from project 'Condisco')
    cd /Users/spkoehl/Projects/VerbaLibera
    write-file /var/folders/3w/91hphlzs0rv_1twbkfyhvn6m0000gn/T/condisco-preflight.UwtWsH/DerivedData/Build/Intermediates.noindex/Condisco.build/Debug-iphonesimulator/CondiscoWidget.build/CondiscoWidget.hmap

WriteAuxiliaryFile /var/folders/3w/91hphlzs0rv_1twbkfyhvn6m0000gn/T/condisco-preflight.UwtWsH/DerivedData/Build/Intermediates.noindex/Condisco.build/Debug-iphonesimulator/CondiscoWidget.build/CondiscoWidget.DependencyStaticMetadataFileList (in target 'CondiscoWidget' from project 'Condisco')
    cd /Users/spkoehl/Projects/VerbaLibera
    write-file /var/folders/3w/91hphlzs0rv_1twbkfyhvn6m0000gn/T/condisco-preflight.UwtWsH/DerivedData/Build/Intermediates.noindex/Condisco.build/Debug-iphonesimulator/CondiscoWidget.build/CondiscoWidget.DependencyStaticMetadataFileList

WriteAuxiliaryFile /var/folders/3w/91hphlzs0rv_1twbkfyhvn6m0000gn/T/condisco-preflight.UwtWsH/DerivedData/Build/Intermediates.noindex/Condisco.build/Debug-iphonesimulator/CondiscoWidget.build/CondiscoWidget.DependencyMetadataFileList (in target 'CondiscoWidget' from project 'Condisco')
    cd /Users/spkoehl/Projects/VerbaLibera
    write-file /var/folders/3w/91hphlzs0rv_1twbkfyhvn6m0000gn/T/condisco-preflight.UwtWsH/DerivedData/Build/Intermediates.noindex/Condisco.build/Debug-iphonesimulator/CondiscoWidget.build/CondiscoWidget.DependencyMetadataFileList

WriteAuxiliaryFile /var/folders/3w/91hphlzs0rv_1twbkfyhvn6m0000gn/T/condisco-preflight.UwtWsH/DerivedData/Build/Intermediates.noindex/Condisco.build/Debug-iphonesimulator/CondiscoWidget.build/CondiscoWidget-project-headers.hmap (in target 'CondiscoWidget' from project 'Condisco')
    cd /Users/spkoehl/Projects/VerbaLibera
    write-file /var/folders/3w/91hphlzs0rv_1twbkfyhvn6m0000gn/T/condisco-preflight.UwtWsH/DerivedData/Build/Intermediates.noindex/Condisco.build/Debug-iphonesimulator/CondiscoWidget.build/CondiscoWidget-project-headers.hmap

WriteAuxiliaryFile /var/folders/3w/91hphlzs0rv_1twbkfyhvn6m0000gn/T/condisco-preflight.UwtWsH/DerivedData/Build/Intermediates.noindex/Condisco.build/Debug-iphonesimulator/CondiscoWidget.build/CondiscoWidget-own-target-headers.hmap (in target 'CondiscoWidget' from project 'Condisco')
    cd /Users/spkoehl/Projects/VerbaLibera
    write-file /var/folders/3w/91hphlzs0rv_1twbkfyhvn6m0000gn/T/condisco-preflight.UwtWsH/DerivedData/Build/Intermediates.noindex/Condisco.build/Debug-iphonesimulator/CondiscoWidget.build/CondiscoWidget-own-target-headers.hmap

WriteAuxiliaryFile /var/folders/3w/91hphlzs0rv_1twbkfyhvn6m0000gn/T/condisco-preflight.UwtWsH/DerivedData/Build/Intermediates.noindex/Condisco.build/Debug-iphonesimulator/CondiscoWidget.build/CondiscoWidget-generated-files.hmap (in target 'CondiscoWidget' from project 'Condisco')
    cd /Users/spkoehl/Projects/VerbaLibera
    write-file /var/folders/3w/91hphlzs0rv_1twbkfyhvn6m0000gn/T/condisco-preflight.UwtWsH/DerivedData/Build/Intermediates.noindex/Condisco.build/Debug-iphonesimulator/CondiscoWidget.build/CondiscoWidget-generated-files.hmap

WriteAuxiliaryFile /var/folders/3w/91hphlzs0rv_1twbkfyhvn6m0000gn/T/condisco-preflight.UwtWsH/DerivedData/Build/Intermediates.noindex/Condisco.build/Debug-iphonesimulator/CondiscoWidget.build/CondiscoWidget-all-target-headers.hmap (in target 'CondiscoWidget' from project 'Condisco')
    cd /Users/spkoehl/Projects/VerbaLibera
    write-file /var/folders/3w/91hphlzs0rv_1twbkfyhvn6m0000gn/T/condisco-preflight.UwtWsH/DerivedData/Build/Intermediates.noindex/Condisco.build/Debug-iphonesimulator/CondiscoWidget.build/CondiscoWidget-all-target-headers.hmap

WriteAuxiliaryFile /var/folders/3w/91hphlzs0rv_1twbkfyhvn6m0000gn/T/condisco-preflight.UwtWsH/DerivedData/Build/Intermediates.noindex/Condisco.build/Debug-iphonesimulator/CondiscoWidget.build/CondiscoWidget-all-non-framework-target-headers.hmap (in target 'CondiscoWidget' from project 'Condisco')
    cd /Users/spkoehl/Projects/VerbaLibera
    write-file /var/folders/3w/91hphlzs0rv_1twbkfyhvn6m0000gn/T/condisco-preflight.UwtWsH/DerivedData/Build/Intermediates.noindex/Condisco.build/Debug-iphonesimulator/CondiscoWidget.build/CondiscoWidget-all-non-framework-target-headers.hmap

WriteAuxiliaryFile /var/folders/3w/91hphlzs0rv_1twbkfyhvn6m0000gn/T/condisco-preflight.UwtWsH/DerivedData/Build/Intermediates.noindex/Condisco.build/Debug-iphonesimulator/CondiscoWidget.build/CondiscoWidget-DebugEntryPoint-normal-arm64.txt (in target 'CondiscoWidget' from project 'Condisco')
    cd /Users/spkoehl/Projects/VerbaLibera
    write-file /var/folders/3w/91hphlzs0rv_1twbkfyhvn6m0000gn/T/condisco-preflight.UwtWsH/DerivedData/Build/Intermediates.noindex/Condisco.build/Debug-iphonesimulator/CondiscoWidget.build/CondiscoWidget-DebugEntryPoint-normal-arm64.txt

WriteAuxiliaryFile /var/folders/3w/91hphlzs0rv_1twbkfyhvn6m0000gn/T/condisco-preflight.UwtWsH/DerivedData/Build/Intermediates.noindex/Condisco.build/Debug-iphonesimulator/CondiscoWidget.build/CondiscoWidget-DebugDylibPath-normal-arm64.txt (in target 'CondiscoWidget' from project 'Condisco')
    cd /Users/spkoehl/Projects/VerbaLibera
    write-file /var/folders/3w/91hphlzs0rv_1twbkfyhvn6m0000gn/T/condisco-preflight.UwtWsH/DerivedData/Build/Intermediates.noindex/Condisco.build/Debug-iphonesimulator/CondiscoWidget.build/CondiscoWidget-DebugDylibPath-normal-arm64.txt

WriteAuxiliaryFile /var/folders/3w/91hphlzs0rv_1twbkfyhvn6m0000gn/T/condisco-preflight.UwtWsH/DerivedData/Build/Intermediates.noindex/Condisco.build/Debug-iphonesimulator/CondiscoWidget.build/CondiscoWidget-DebugDylibInstallName-normal-arm64.txt (in target 'CondiscoWidget' from project 'Condisco')
    cd /Users/spkoehl/Projects/VerbaLibera
    write-file /var/folders/3w/91hphlzs0rv_1twbkfyhvn6m0000gn/T/condisco-preflight.UwtWsH/DerivedData/Build/Intermediates.noindex/Condisco.build/Debug-iphonesimulator/CondiscoWidget.build/CondiscoWidget-DebugDylibInstallName-normal-arm64.txt

WriteAuxiliaryFile /var/folders/3w/91hphlzs0rv_1twbkfyhvn6m0000gn/T/condisco-preflight.UwtWsH/DerivedData/Build/Intermediates.noindex/Condisco.build/Debug-iphonesimulator/CondiscoUITests.build/empty-CondiscoUITests.plist (in target 'CondiscoUITests' from project 'Condisco')
    cd /Users/spkoehl/Projects/VerbaLibera
    write-file /var/folders/3w/91hphlzs0rv_1twbkfyhvn6m0000gn/T/condisco-preflight.UwtWsH/DerivedData/Build/Intermediates.noindex/Condisco.build/Debug-iphonesimulator/CondiscoUITests.build/empty-CondiscoUITests.plist

WriteAuxiliaryFile /var/folders/3w/91hphlzs0rv_1twbkfyhvn6m0000gn/T/condisco-preflight.UwtWsH/DerivedData/Build/Intermediates.noindex/Condisco.build/Debug-iphonesimulator/CondiscoUITests.build/ProductTypeInfoPlistAdditions.plist (in target 'CondiscoUITests' from project 'Condisco')
    cd /Users/spkoehl/Projects/VerbaLibera
    write-file /var/folders/3w/91hphlzs0rv_1twbkfyhvn6m0000gn/T/condisco-preflight.UwtWsH/DerivedData/Build/Intermediates.noindex/Condisco.build/Debug-iphonesimulator/CondiscoUITests.build/ProductTypeInfoPlistAdditions.plist

WriteAuxiliaryFile /var/folders/3w/91hphlzs0rv_1twbkfyhvn6m0000gn/T/condisco-preflight.UwtWsH/DerivedData/Build/Intermediates.noindex/Condisco.build/Debug-iphonesimulator/CondiscoUITests.build/Objects-normal/arm64/CondiscoUITests_const_extract_protocols.json (in target 'CondiscoUITests' from project 'Condisco')
    cd /Users/spkoehl/Projects/VerbaLibera
    write-file /var/folders/3w/91hphlzs0rv_1twbkfyhvn6m0000gn/T/condisco-preflight.UwtWsH/DerivedData/Build/Intermediates.noindex/Condisco.build/Debug-iphonesimulator/CondiscoUITests.build/Objects-normal/arm64/CondiscoUITests_const_extract_protocols.json

WriteAuxiliaryFile /var/folders/3w/91hphlzs0rv_1twbkfyhvn6m0000gn/T/condisco-preflight.UwtWsH/DerivedData/Build/Intermediates.noindex/Condisco.build/Debug-iphonesimulator/CondiscoUITests.build/Objects-normal/arm64/CondiscoUITests.SwiftFileList (in target 'CondiscoUITests' from project 'Condisco')
    cd /Users/spkoehl/Projects/VerbaLibera
    write-file /var/folders/3w/91hphlzs0rv_1twbkfyhvn6m0000gn/T/condisco-preflight.UwtWsH/DerivedData/Build/Intermediates.noindex/Condisco.build/Debug-iphonesimulator/CondiscoUITests.build/Objects-normal/arm64/CondiscoUITests.SwiftFileList

WriteAuxiliaryFile /var/folders/3w/91hphlzs0rv_1twbkfyhvn6m0000gn/T/condisco-preflight.UwtWsH/DerivedData/Build/Intermediates.noindex/Condisco.build/Debug-iphonesimulator/CondiscoUITests.build/Objects-normal/arm64/CondiscoUITests.SwiftConstValuesFileList (in target 'CondiscoUITests' from project 'Condisco')
    cd /Users/spkoehl/Projects/VerbaLibera
    write-file /var/folders/3w/91hphlzs0rv_1twbkfyhvn6m0000gn/T/condisco-preflight.UwtWsH/DerivedData/Build/Intermediates.noindex/Condisco.build/Debug-iphonesimulator/CondiscoUITests.build/Objects-normal/arm64/CondiscoUITests.SwiftConstValuesFileList

WriteAuxiliaryFile /var/folders/3w/91hphlzs0rv_1twbkfyhvn6m0000gn/T/condisco-preflight.UwtWsH/DerivedData/Build/Intermediates.noindex/Condisco.build/Debug-iphonesimulator/CondiscoUITests.build/Objects-normal/arm64/CondiscoUITests.LinkFileList (in target 'CondiscoUITests' from project 'Condisco')
    cd /Users/spkoehl/Projects/VerbaLibera
    write-file /var/folders/3w/91hphlzs0rv_1twbkfyhvn6m0000gn/T/condisco-preflight.UwtWsH/DerivedData/Build/Intermediates.noindex/Condisco.build/Debug-iphonesimulator/CondiscoUITests.build/Objects-normal/arm64/CondiscoUITests.LinkFileList

WriteAuxiliaryFile /var/folders/3w/91hphlzs0rv_1twbkfyhvn6m0000gn/T/condisco-preflight.UwtWsH/DerivedData/Build/Intermediates.noindex/Condisco.build/Debug-iphonesimulator/CondiscoUITests.build/Objects-normal/arm64/CondiscoUITests-OutputFileMap.json (in target 'CondiscoUITests' from project 'Condisco')
    cd /Users/spkoehl/Projects/VerbaLibera
    write-file /var/folders/3w/91hphlzs0rv_1twbkfyhvn6m0000gn/T/condisco-preflight.UwtWsH/DerivedData/Build/Intermediates.noindex/Condisco.build/Debug-iphonesimulator/CondiscoUITests.build/Objects-normal/arm64/CondiscoUITests-OutputFileMap.json

WriteAuxiliaryFile /var/folders/3w/91hphlzs0rv_1twbkfyhvn6m0000gn/T/condisco-preflight.UwtWsH/DerivedData/Build/Intermediates.noindex/Condisco.build/Debug-iphonesimulator/CondiscoUITests.build/DerivedSources/Entitlements-Simulated.plist (in target 'CondiscoUITests' from project 'Condisco')
    cd /Users/spkoehl/Projects/VerbaLibera
    write-file /var/folders/3w/91hphlzs0rv_1twbkfyhvn6m0000gn/T/condisco-preflight.UwtWsH/DerivedData/Build/Intermediates.noindex/Condisco.build/Debug-iphonesimulator/CondiscoUITests.build/DerivedSources/Entitlements-Simulated.plist

WriteAuxiliaryFile /var/folders/3w/91hphlzs0rv_1twbkfyhvn6m0000gn/T/condisco-preflight.UwtWsH/DerivedData/Build/Intermediates.noindex/Condisco.build/Debug-iphonesimulator/CondiscoUITests.build/CondiscoUITests.hmap (in target 'CondiscoUITests' from project 'Condisco')
    cd /Users/spkoehl/Projects/VerbaLibera
    write-file /var/folders/3w/91hphlzs0rv_1twbkfyhvn6m0000gn/T/condisco-preflight.UwtWsH/DerivedData/Build/Intermediates.noindex/Condisco.build/Debug-iphonesimulator/CondiscoUITests.build/CondiscoUITests.hmap

WriteAuxiliaryFile /var/folders/3w/91hphlzs0rv_1twbkfyhvn6m0000gn/T/condisco-preflight.UwtWsH/DerivedData/Build/Intermediates.noindex/Condisco.build/Debug-iphonesimulator/CondiscoUITests.build/CondiscoUITests.DependencyStaticMetadataFileList (in target 'CondiscoUITests' from project 'Condisco')
    cd /Users/spkoehl/Projects/VerbaLibera
    write-file /var/folders/3w/91hphlzs0rv_1twbkfyhvn6m0000gn/T/condisco-preflight.UwtWsH/DerivedData/Build/Intermediates.noindex/Condisco.build/Debug-iphonesimulator/CondiscoUITests.build/CondiscoUITests.DependencyStaticMetadataFileList

WriteAuxiliaryFile /var/folders/3w/91hphlzs0rv_1twbkfyhvn6m0000gn/T/condisco-preflight.UwtWsH/DerivedData/Build/Intermediates.noindex/Condisco.build/Debug-iphonesimulator/CondiscoUITests.build/CondiscoUITests.DependencyMetadataFileList (in target 'CondiscoUITests' from project 'Condisco')
    cd /Users/spkoehl/Projects/VerbaLibera
    write-file /var/folders/3w/91hphlzs0rv_1twbkfyhvn6m0000gn/T/condisco-preflight.UwtWsH/DerivedData/Build/Intermediates.noindex/Condisco.build/Debug-iphonesimulator/CondiscoUITests.build/CondiscoUITests.DependencyMetadataFileList

WriteAuxiliaryFile /var/folders/3w/91hphlzs0rv_1twbkfyhvn6m0000gn/T/condisco-preflight.UwtWsH/DerivedData/Build/Intermediates.noindex/Condisco.build/Debug-iphonesimulator/CondiscoUITests.build/CondiscoUITests-project-headers.hmap (in target 'CondiscoUITests' from project 'Condisco')
    cd /Users/spkoehl/Projects/VerbaLibera
    write-file /var/folders/3w/91hphlzs0rv_1twbkfyhvn6m0000gn/T/condisco-preflight.UwtWsH/DerivedData/Build/Intermediates.noindex/Condisco.build/Debug-iphonesimulator/CondiscoUITests.build/CondiscoUITests-project-headers.hmap

WriteAuxiliaryFile /var/folders/3w/91hphlzs0rv_1twbkfyhvn6m0000gn/T/condisco-preflight.UwtWsH/DerivedData/Build/Intermediates.noindex/Condisco.build/Debug-iphonesimulator/CondiscoUITests.build/CondiscoUITests-own-target-headers.hmap (in target 'CondiscoUITests' from project 'Condisco')
    cd /Users/spkoehl/Projects/VerbaLibera
    write-file /var/folders/3w/91hphlzs0rv_1twbkfyhvn6m0000gn/T/condisco-preflight.UwtWsH/DerivedData/Build/Intermediates.noindex/Condisco.build/Debug-iphonesimulator/CondiscoUITests.build/CondiscoUITests-own-target-headers.hmap

WriteAuxiliaryFile /var/folders/3w/91hphlzs0rv_1twbkfyhvn6m0000gn/T/condisco-preflight.UwtWsH/DerivedData/Build/Intermediates.noindex/Condisco.build/Debug-iphonesimulator/CondiscoUITests.build/CondiscoUITests-generated-files.hmap (in target 'CondiscoUITests' from project 'Condisco')
    cd /Users/spkoehl/Projects/VerbaLibera
    write-file /var/folders/3w/91hphlzs0rv_1twbkfyhvn6m0000gn/T/condisco-preflight.UwtWsH/DerivedData/Build/Intermediates.noindex/Condisco.build/Debug-iphonesimulator/CondiscoUITests.build/CondiscoUITests-generated-files.hmap

WriteAuxiliaryFile /var/folders/3w/91hphlzs0rv_1twbkfyhvn6m0000gn/T/condisco-preflight.UwtWsH/DerivedData/Build/Intermediates.noindex/Condisco.build/Debug-iphonesimulator/CondiscoUITests.build/CondiscoUITests-all-target-headers.hmap (in target 'CondiscoUITests' from project 'Condisco')
    cd /Users/spkoehl/Projects/VerbaLibera
    write-file /var/folders/3w/91hphlzs0rv_1twbkfyhvn6m0000gn/T/condisco-preflight.UwtWsH/DerivedData/Build/Intermediates.noindex/Condisco.build/Debug-iphonesimulator/CondiscoUITests.build/CondiscoUITests-all-target-headers.hmap

WriteAuxiliaryFile /var/folders/3w/91hphlzs0rv_1twbkfyhvn6m0000gn/T/condisco-preflight.UwtWsH/DerivedData/Build/Intermediates.noindex/Condisco.build/Debug-iphonesimulator/CondiscoUITests.build/CondiscoUITests-all-non-framework-target-headers.hmap (in target 'CondiscoUITests' from project 'Condisco')
    cd /Users/spkoehl/Projects/VerbaLibera
    write-file /var/folders/3w/91hphlzs0rv_1twbkfyhvn6m0000gn/T/condisco-preflight.UwtWsH/DerivedData/Build/Intermediates.noindex/Condisco.build/Debug-iphonesimulator/CondiscoUITests.build/CondiscoUITests-all-non-framework-target-headers.hmap

WriteAuxiliaryFile /var/folders/3w/91hphlzs0rv_1twbkfyhvn6m0000gn/T/condisco-preflight.UwtWsH/DerivedData/Build/Intermediates.noindex/Condisco.build/Debug-iphonesimulator/CondiscoTests.build/empty-CondiscoTests.plist (in target 'CondiscoTests' from project 'Condisco')
    cd /Users/spkoehl/Projects/VerbaLibera
    write-file /var/folders/3w/91hphlzs0rv_1twbkfyhvn6m0000gn/T/condisco-preflight.UwtWsH/DerivedData/Build/Intermediates.noindex/Condisco.build/Debug-iphonesimulator/CondiscoTests.build/empty-CondiscoTests.plist

WriteAuxiliaryFile /var/folders/3w/91hphlzs0rv_1twbkfyhvn6m0000gn/T/condisco-preflight.UwtWsH/DerivedData/Build/Intermediates.noindex/Condisco.build/Debug-iphonesimulator/CondiscoTests.build/Objects-normal/arm64/CondiscoTests_const_extract_protocols.json (in target 'CondiscoTests' from project 'Condisco')
    cd /Users/spkoehl/Projects/VerbaLibera
    write-file /var/folders/3w/91hphlzs0rv_1twbkfyhvn6m0000gn/T/condisco-preflight.UwtWsH/DerivedData/Build/Intermediates.noindex/Condisco.build/Debug-iphonesimulator/CondiscoTests.build/Objects-normal/arm64/CondiscoTests_const_extract_protocols.json

WriteAuxiliaryFile /var/folders/3w/91hphlzs0rv_1twbkfyhvn6m0000gn/T/condisco-preflight.UwtWsH/DerivedData/Build/Intermediates.noindex/Condisco.build/Debug-iphonesimulator/CondiscoTests.build/Objects-normal/arm64/CondiscoTests.SwiftFileList (in target 'CondiscoTests' from project 'Condisco')
    cd /Users/spkoehl/Projects/VerbaLibera
    write-file /var/folders/3w/91hphlzs0rv_1twbkfyhvn6m0000gn/T/condisco-preflight.UwtWsH/DerivedData/Build/Intermediates.noindex/Condisco.build/Debug-iphonesimulator/CondiscoTests.build/Objects-normal/arm64/CondiscoTests.SwiftFileList

WriteAuxiliaryFile /var/folders/3w/91hphlzs0rv_1twbkfyhvn6m0000gn/T/condisco-preflight.UwtWsH/DerivedData/Build/Intermediates.noindex/Condisco.build/Debug-iphonesimulator/CondiscoTests.build/Objects-normal/arm64/CondiscoTests.SwiftConstValuesFileList (in target 'CondiscoTests' from project 'Condisco')
    cd /Users/spkoehl/Projects/VerbaLibera
    write-file /var/folders/3w/91hphlzs0rv_1twbkfyhvn6m0000gn/T/condisco-preflight.UwtWsH/DerivedData/Build/Intermediates.noindex/Condisco.build/Debug-iphonesimulator/CondiscoTests.build/Objects-normal/arm64/CondiscoTests.SwiftConstValuesFileList

WriteAuxiliaryFile /var/folders/3w/91hphlzs0rv_1twbkfyhvn6m0000gn/T/condisco-preflight.UwtWsH/DerivedData/Build/Intermediates.noindex/Condisco.build/Debug-iphonesimulator/CondiscoTests.build/Objects-normal/arm64/CondiscoTests.LinkFileList (in target 'CondiscoTests' from project 'Condisco')
    cd /Users/spkoehl/Projects/VerbaLibera
    write-file /var/folders/3w/91hphlzs0rv_1twbkfyhvn6m0000gn/T/condisco-preflight.UwtWsH/DerivedData/Build/Intermediates.noindex/Condisco.build/Debug-iphonesimulator/CondiscoTests.build/Objects-normal/arm64/CondiscoTests.LinkFileList

WriteAuxiliaryFile /var/folders/3w/91hphlzs0rv_1twbkfyhvn6m0000gn/T/condisco-preflight.UwtWsH/DerivedData/Build/Intermediates.noindex/Condisco.build/Debug-iphonesimulator/CondiscoTests.build/Objects-normal/arm64/CondiscoTests-OutputFileMap.json (in target 'CondiscoTests' from project 'Condisco')
    cd /Users/spkoehl/Projects/VerbaLibera
    write-file /var/folders/3w/91hphlzs0rv_1twbkfyhvn6m0000gn/T/condisco-preflight.UwtWsH/DerivedData/Build/Intermediates.noindex/Condisco.build/Debug-iphonesimulator/CondiscoTests.build/Objects-normal/arm64/CondiscoTests-OutputFileMap.json

WriteAuxiliaryFile /var/folders/3w/91hphlzs0rv_1twbkfyhvn6m0000gn/T/condisco-preflight.UwtWsH/DerivedData/Build/Intermediates.noindex/Condisco.build/Debug-iphonesimulator/CondiscoTests.build/CondiscoTests.hmap (in target 'CondiscoTests' from project 'Condisco')
    cd /Users/spkoehl/Projects/VerbaLibera
    write-file /var/folders/3w/91hphlzs0rv_1twbkfyhvn6m0000gn/T/condisco-preflight.UwtWsH/DerivedData/Build/Intermediates.noindex/Condisco.build/Debug-iphonesimulator/CondiscoTests.build/CondiscoTests.hmap

WriteAuxiliaryFile /var/folders/3w/91hphlzs0rv_1twbkfyhvn6m0000gn/T/condisco-preflight.UwtWsH/DerivedData/Build/Intermediates.noindex/Condisco.build/Debug-iphonesimulator/CondiscoTests.build/CondiscoTests.DependencyStaticMetadataFileList (in target 'CondiscoTests' from project 'Condisco')
    cd /Users/spkoehl/Projects/VerbaLibera
    write-file /var/folders/3w/91hphlzs0rv_1twbkfyhvn6m0000gn/T/condisco-preflight.UwtWsH/DerivedData/Build/Intermediates.noindex/Condisco.build/Debug-iphonesimulator/CondiscoTests.build/CondiscoTests.DependencyStaticMetadataFileList

WriteAuxiliaryFile /var/folders/3w/91hphlzs0rv_1twbkfyhvn6m0000gn/T/condisco-preflight.UwtWsH/DerivedData/Build/Intermediates.noindex/Condisco.build/Debug-iphonesimulator/CondiscoTests.build/CondiscoTests.DependencyMetadataFileList (in target 'CondiscoTests' from project 'Condisco')
    cd /Users/spkoehl/Projects/VerbaLibera
    write-file /var/folders/3w/91hphlzs0rv_1twbkfyhvn6m0000gn/T/condisco-preflight.UwtWsH/DerivedData/Build/Intermediates.noindex/Condisco.build/Debug-iphonesimulator/CondiscoTests.build/CondiscoTests.DependencyMetadataFileList

WriteAuxiliaryFile /var/folders/3w/91hphlzs0rv_1twbkfyhvn6m0000gn/T/condisco-preflight.UwtWsH/DerivedData/Build/Intermediates.noindex/Condisco.build/Debug-iphonesimulator/CondiscoTests.build/CondiscoTests-project-headers.hmap (in target 'CondiscoTests' from project 'Condisco')
    cd /Users/spkoehl/Projects/VerbaLibera
    write-file /var/folders/3w/91hphlzs0rv_1twbkfyhvn6m0000gn/T/condisco-preflight.UwtWsH/DerivedData/Build/Intermediates.noindex/Condisco.build/Debug-iphonesimulator/CondiscoTests.build/CondiscoTests-project-headers.hmap

WriteAuxiliaryFile /var/folders/3w/91hphlzs0rv_1twbkfyhvn6m0000gn/T/condisco-preflight.UwtWsH/DerivedData/Build/Intermediates.noindex/Condisco.build/Debug-iphonesimulator/CondiscoTests.build/CondiscoTests-own-target-headers.hmap (in target 'CondiscoTests' from project 'Condisco')
    cd /Users/spkoehl/Projects/VerbaLibera
    write-file /var/folders/3w/91hphlzs0rv_1twbkfyhvn6m0000gn/T/condisco-preflight.UwtWsH/DerivedData/Build/Intermediates.noindex/Condisco.build/Debug-iphonesimulator/CondiscoTests.build/CondiscoTests-own-target-headers.hmap

WriteAuxiliaryFile /var/folders/3w/91hphlzs0rv_1twbkfyhvn6m0000gn/T/condisco-preflight.UwtWsH/DerivedData/Build/Intermediates.noindex/Condisco.build/Debug-iphonesimulator/CondiscoTests.build/CondiscoTests-generated-files.hmap (in target 'CondiscoTests' from project 'Condisco')
    cd /Users/spkoehl/Projects/VerbaLibera
    write-file /var/folders/3w/91hphlzs0rv_1twbkfyhvn6m0000gn/T/condisco-preflight.UwtWsH/DerivedData/Build/Intermediates.noindex/Condisco.build/Debug-iphonesimulator/CondiscoTests.build/CondiscoTests-generated-files.hmap

WriteAuxiliaryFile /var/folders/3w/91hphlzs0rv_1twbkfyhvn6m0000gn/T/condisco-preflight.UwtWsH/DerivedData/Build/Intermediates.noindex/Condisco.build/Debug-iphonesimulator/CondiscoTests.build/CondiscoTests-all-target-headers.hmap (in target 'CondiscoTests' from project 'Condisco')
    cd /Users/spkoehl/Projects/VerbaLibera
    write-file /var/folders/3w/91hphlzs0rv_1twbkfyhvn6m0000gn/T/condisco-preflight.UwtWsH/DerivedData/Build/Intermediates.noindex/Condisco.build/Debug-iphonesimulator/CondiscoTests.build/CondiscoTests-all-target-headers.hmap

WriteAuxiliaryFile /var/folders/3w/91hphlzs0rv_1twbkfyhvn6m0000gn/T/condisco-preflight.UwtWsH/DerivedData/Build/Intermediates.noindex/Condisco.build/Debug-iphonesimulator/CondiscoTests.build/CondiscoTests-all-non-framework-target-headers.hmap (in target 'CondiscoTests' from project 'Condisco')
    cd /Users/spkoehl/Projects/VerbaLibera
    write-file /var/folders/3w/91hphlzs0rv_1twbkfyhvn6m0000gn/T/condisco-preflight.UwtWsH/DerivedData/Build/Intermediates.noindex/Condisco.build/Debug-iphonesimulator/CondiscoTests.build/CondiscoTests-all-non-framework-target-headers.hmap

WriteAuxiliaryFile /var/folders/3w/91hphlzs0rv_1twbkfyhvn6m0000gn/T/condisco-preflight.UwtWsH/DerivedData/Build/Intermediates.noindex/Condisco.build/Debug-iphonesimulator/Condisco.build/Objects-normal/arm64/Condisco.SwiftFileList (in target 'Condisco' from project 'Condisco')
    cd /Users/spkoehl/Projects/VerbaLibera
    write-file /var/folders/3w/91hphlzs0rv_1twbkfyhvn6m0000gn/T/condisco-preflight.UwtWsH/DerivedData/Build/Intermediates.noindex/Condisco.build/Debug-iphonesimulator/Condisco.build/Objects-normal/arm64/Condisco.SwiftFileList

WriteAuxiliaryFile /var/folders/3w/91hphlzs0rv_1twbkfyhvn6m0000gn/T/condisco-preflight.UwtWsH/DerivedData/Build/Intermediates.noindex/Condisco.build/Debug-iphonesimulator/Condisco.build/Objects-normal/arm64/Condisco_const_extract_protocols.json (in target 'Condisco' from project 'Condisco')
    cd /Users/spkoehl/Projects/VerbaLibera
    write-file /var/folders/3w/91hphlzs0rv_1twbkfyhvn6m0000gn/T/condisco-preflight.UwtWsH/DerivedData/Build/Intermediates.noindex/Condisco.build/Debug-iphonesimulator/Condisco.build/Objects-normal/arm64/Condisco_const_extract_protocols.json

WriteAuxiliaryFile /var/folders/3w/91hphlzs0rv_1twbkfyhvn6m0000gn/T/condisco-preflight.UwtWsH/DerivedData/Build/Intermediates.noindex/Condisco.build/Debug-iphonesimulator/Condisco.build/Objects-normal/arm64/Condisco.SwiftConstValuesFileList (in target 'Condisco' from project 'Condisco')
    cd /Users/spkoehl/Projects/VerbaLibera
    write-file /var/folders/3w/91hphlzs0rv_1twbkfyhvn6m0000gn/T/condisco-preflight.UwtWsH/DerivedData/Build/Intermediates.noindex/Condisco.build/Debug-iphonesimulator/Condisco.build/Objects-normal/arm64/Condisco.SwiftConstValuesFileList

WriteAuxiliaryFile /var/folders/3w/91hphlzs0rv_1twbkfyhvn6m0000gn/T/condisco-preflight.UwtWsH/DerivedData/Build/Intermediates.noindex/Condisco.build/Debug-iphonesimulator/Condisco.build/Objects-normal/arm64/Condisco.LinkFileList (in target 'Condisco' from project 'Condisco')
    cd /Users/spkoehl/Projects/VerbaLibera
    write-file /var/folders/3w/91hphlzs0rv_1twbkfyhvn6m0000gn/T/condisco-preflight.UwtWsH/DerivedData/Build/Intermediates.noindex/Condisco.build/Debug-iphonesimulator/Condisco.build/Objects-normal/arm64/Condisco.LinkFileList

WriteAuxiliaryFile /var/folders/3w/91hphlzs0rv_1twbkfyhvn6m0000gn/T/condisco-preflight.UwtWsH/DerivedData/Build/Intermediates.noindex/Condisco.build/Debug-iphonesimulator/Condisco.build/Objects-normal/arm64/Condisco-OutputFileMap.json (in target 'Condisco' from project 'Condisco')
    cd /Users/spkoehl/Projects/VerbaLibera
    write-file /var/folders/3w/91hphlzs0rv_1twbkfyhvn6m0000gn/T/condisco-preflight.UwtWsH/DerivedData/Build/Intermediates.noindex/Condisco.build/Debug-iphonesimulator/Condisco.build/Objects-normal/arm64/Condisco-OutputFileMap.json

WriteAuxiliaryFile /var/folders/3w/91hphlzs0rv_1twbkfyhvn6m0000gn/T/condisco-preflight.UwtWsH/DerivedData/Build/Intermediates.noindex/Condisco.build/Debug-iphonesimulator/Condisco.build/DerivedSources/Entitlements-Simulated.plist (in target 'Condisco' from project 'Condisco')
    cd /Users/spkoehl/Projects/VerbaLibera
    write-file /var/folders/3w/91hphlzs0rv_1twbkfyhvn6m0000gn/T/condisco-preflight.UwtWsH/DerivedData/Build/Intermediates.noindex/Condisco.build/Debug-iphonesimulator/Condisco.build/DerivedSources/Entitlements-Simulated.plist

WriteAuxiliaryFile /var/folders/3w/91hphlzs0rv_1twbkfyhvn6m0000gn/T/condisco-preflight.UwtWsH/DerivedData/Build/Intermediates.noindex/Condisco.build/Debug-iphonesimulator/Condisco.build/Condisco.hmap (in target 'Condisco' from project 'Condisco')
    cd /Users/spkoehl/Projects/VerbaLibera
    write-file /var/folders/3w/91hphlzs0rv_1twbkfyhvn6m0000gn/T/condisco-preflight.UwtWsH/DerivedData/Build/Intermediates.noindex/Condisco.build/Debug-iphonesimulator/Condisco.build/Condisco.hmap

WriteAuxiliaryFile /var/folders/3w/91hphlzs0rv_1twbkfyhvn6m0000gn/T/condisco-preflight.UwtWsH/DerivedData/Build/Intermediates.noindex/Condisco.build/Debug-iphonesimulator/Condisco.build/Condisco.DependencyStaticMetadataFileList (in target 'Condisco' from project 'Condisco')
    cd /Users/spkoehl/Projects/VerbaLibera
    write-file /var/folders/3w/91hphlzs0rv_1twbkfyhvn6m0000gn/T/condisco-preflight.UwtWsH/DerivedData/Build/Intermediates.noindex/Condisco.build/Debug-iphonesimulator/Condisco.build/Condisco.DependencyStaticMetadataFileList

WriteAuxiliaryFile /var/folders/3w/91hphlzs0rv_1twbkfyhvn6m0000gn/T/condisco-preflight.UwtWsH/DerivedData/Build/Intermediates.noindex/Condisco.build/Debug-iphonesimulator/Condisco.build/Condisco.DependencyMetadataFileList (in target 'Condisco' from project 'Condisco')
    cd /Users/spkoehl/Projects/VerbaLibera
    write-file /var/folders/3w/91hphlzs0rv_1twbkfyhvn6m0000gn/T/condisco-preflight.UwtWsH/DerivedData/Build/Intermediates.noindex/Condisco.build/Debug-iphonesimulator/Condisco.build/Condisco.DependencyMetadataFileList

WriteAuxiliaryFile /var/folders/3w/91hphlzs0rv_1twbkfyhvn6m0000gn/T/condisco-preflight.UwtWsH/DerivedData/Build/Intermediates.noindex/Condisco.build/Debug-iphonesimulator/Condisco.build/Condisco-project-headers.hmap (in target 'Condisco' from project 'Condisco')
    cd /Users/spkoehl/Projects/VerbaLibera
    write-file /var/folders/3w/91hphlzs0rv_1twbkfyhvn6m0000gn/T/condisco-preflight.UwtWsH/DerivedData/Build/Intermediates.noindex/Condisco.build/Debug-iphonesimulator/Condisco.build/Condisco-project-headers.hmap

WriteAuxiliaryFile /var/folders/3w/91hphlzs0rv_1twbkfyhvn6m0000gn/T/condisco-preflight.UwtWsH/DerivedData/Build/Intermediates.noindex/Condisco.build/Debug-iphonesimulator/Condisco.build/Condisco-own-target-headers.hmap (in target 'Condisco' from project 'Condisco')
    cd /Users/spkoehl/Projects/VerbaLibera
    write-file /var/folders/3w/91hphlzs0rv_1twbkfyhvn6m0000gn/T/condisco-preflight.UwtWsH/DerivedData/Build/Intermediates.noindex/Condisco.build/Debug-iphonesimulator/Condisco.build/Condisco-own-target-headers.hmap

WriteAuxiliaryFile /var/folders/3w/91hphlzs0rv_1twbkfyhvn6m0000gn/T/condisco-preflight.UwtWsH/DerivedData/Build/Intermediates.noindex/Condisco.build/Debug-iphonesimulator/Condisco.build/Condisco-generated-files.hmap (in target 'Condisco' from project 'Condisco')
    cd /Users/spkoehl/Projects/VerbaLibera
    write-file /var/folders/3w/91hphlzs0rv_1twbkfyhvn6m0000gn/T/condisco-preflight.UwtWsH/DerivedData/Build/Intermediates.noindex/Condisco.build/Debug-iphonesimulator/Condisco.build/Condisco-generated-files.hmap

WriteAuxiliaryFile /var/folders/3w/91hphlzs0rv_1twbkfyhvn6m0000gn/T/condisco-preflight.UwtWsH/DerivedData/Build/Intermediates.noindex/Condisco.build/Debug-iphonesimulator/Condisco.build/Condisco-all-target-headers.hmap (in target 'Condisco' from project 'Condisco')
    cd /Users/spkoehl/Projects/VerbaLibera
    write-file /var/folders/3w/91hphlzs0rv_1twbkfyhvn6m0000gn/T/condisco-preflight.UwtWsH/DerivedData/Build/Intermediates.noindex/Condisco.build/Debug-iphonesimulator/Condisco.build/Condisco-all-target-headers.hmap

WriteAuxiliaryFile /var/folders/3w/91hphlzs0rv_1twbkfyhvn6m0000gn/T/condisco-preflight.UwtWsH/DerivedData/Build/Intermediates.noindex/Condisco.build/Debug-iphonesimulator/Condisco.build/Condisco-all-non-framework-target-headers.hmap (in target 'Condisco' from project 'Condisco')
    cd /Users/spkoehl/Projects/VerbaLibera
    write-file /var/folders/3w/91hphlzs0rv_1twbkfyhvn6m0000gn/T/condisco-preflight.UwtWsH/DerivedData/Build/Intermediates.noindex/Condisco.build/Debug-iphonesimulator/Condisco.build/Condisco-all-non-framework-target-headers.hmap

WriteAuxiliaryFile /var/folders/3w/91hphlzs0rv_1twbkfyhvn6m0000gn/T/condisco-preflight.UwtWsH/DerivedData/Build/Intermediates.noindex/Condisco.build/Debug-iphonesimulator/Condisco.build/Condisco-DebugDylibPath-normal-arm64.txt (in target 'Condisco' from project 'Condisco')
    cd /Users/spkoehl/Projects/VerbaLibera
    write-file /var/folders/3w/91hphlzs0rv_1twbkfyhvn6m0000gn/T/condisco-preflight.UwtWsH/DerivedData/Build/Intermediates.noindex/Condisco.build/Debug-iphonesimulator/Condisco.build/Condisco-DebugDylibPath-normal-arm64.txt

WriteAuxiliaryFile /var/folders/3w/91hphlzs0rv_1twbkfyhvn6m0000gn/T/condisco-preflight.UwtWsH/DerivedData/Build/Intermediates.noindex/Condisco.build/Debug-iphonesimulator/Condisco.build/Condisco-DebugDylibInstallName-normal-arm64.txt (in target 'Condisco' from project 'Condisco')
    cd /Users/spkoehl/Projects/VerbaLibera
    write-file /var/folders/3w/91hphlzs0rv_1twbkfyhvn6m0000gn/T/condisco-preflight.UwtWsH/DerivedData/Build/Intermediates.noindex/Condisco.build/Debug-iphonesimulator/Condisco.build/Condisco-DebugDylibInstallName-normal-arm64.txt

MkDir /var/folders/3w/91hphlzs0rv_1twbkfyhvn6m0000gn/T/condisco-preflight.UwtWsH/DerivedData/Build/Products/Debug-iphonesimulator/CondiscoWidget.appex (in target 'CondiscoWidget' from project 'Condisco')
    cd /Users/spkoehl/Projects/VerbaLibera
    /bin/mkdir -p /var/folders/3w/91hphlzs0rv_1twbkfyhvn6m0000gn/T/condisco-preflight.UwtWsH/DerivedData/Build/Products/Debug-iphonesimulator/CondiscoWidget.appex

MkDir /var/folders/3w/91hphlzs0rv_1twbkfyhvn6m0000gn/T/condisco-preflight.UwtWsH/DerivedData/Build/Products/Debug-iphonesimulator/CondiscoUITests-Runner.app/PlugIns/CondiscoUITests.xctest (in target 'CondiscoUITests' from project 'Condisco')
    cd /Users/spkoehl/Projects/VerbaLibera
    /bin/mkdir -p /var/folders/3w/91hphlzs0rv_1twbkfyhvn6m0000gn/T/condisco-preflight.UwtWsH/DerivedData/Build/Products/Debug-iphonesimulator/CondiscoUITests-Runner.app/PlugIns/CondiscoUITests.xctest

MkDir /var/folders/3w/91hphlzs0rv_1twbkfyhvn6m0000gn/T/condisco-preflight.UwtWsH/DerivedData/Build/Products/Debug-iphonesimulator/Condisco.app/PlugIns/CondiscoTests.xctest (in target 'CondiscoTests' from project 'Condisco')
    cd /Users/spkoehl/Projects/VerbaLibera
    /bin/mkdir -p /var/folders/3w/91hphlzs0rv_1twbkfyhvn6m0000gn/T/condisco-preflight.UwtWsH/DerivedData/Build/Products/Debug-iphonesimulator/Condisco.app/PlugIns/CondiscoTests.xctest

MkDir /var/folders/3w/91hphlzs0rv_1twbkfyhvn6m0000gn/T/condisco-preflight.UwtWsH/DerivedData/Build/Products/Debug-iphonesimulator/Condisco.app/PlugIns (in target 'Condisco' from project 'Condisco')
    cd /Users/spkoehl/Projects/VerbaLibera
    /bin/mkdir -p /var/folders/3w/91hphlzs0rv_1twbkfyhvn6m0000gn/T/condisco-preflight.UwtWsH/DerivedData/Build/Products/Debug-iphonesimulator/Condisco.app/PlugIns

MkDir /var/folders/3w/91hphlzs0rv_1twbkfyhvn6m0000gn/T/condisco-preflight.UwtWsH/DerivedData/Build/Products/Debug-iphonesimulator/Condisco.app (in target 'Condisco' from project 'Condisco')
    cd /Users/spkoehl/Projects/VerbaLibera
    /bin/mkdir -p /var/folders/3w/91hphlzs0rv_1twbkfyhvn6m0000gn/T/condisco-preflight.UwtWsH/DerivedData/Build/Products/Debug-iphonesimulator/Condisco.app

ProcessProductPackaging /Users/spkoehl/Projects/VerbaLibera/CondiscoWidget/CondiscoWidget.entitlements /var/folders/3w/91hphlzs0rv_1twbkfyhvn6m0000gn/T/condisco-preflight.UwtWsH/DerivedData/Build/Intermediates.noindex/Condisco.build/Debug-iphonesimulator/CondiscoWidget.build/CondiscoWidget.appex.xcent (in target 'CondiscoWidget' from project 'Condisco')
    cd /Users/spkoehl/Projects/VerbaLibera
    
    Entitlements:
    
    {
}
    
    builtin-productPackagingUtility /Users/spkoehl/Projects/VerbaLibera/CondiscoWidget/CondiscoWidget.entitlements -entitlements -format xml -o /var/folders/3w/91hphlzs0rv_1twbkfyhvn6m0000gn/T/condisco-preflight.UwtWsH/DerivedData/Build/Intermediates.noindex/Condisco.build/Debug-iphonesimulator/CondiscoWidget.build/CondiscoWidget.appex.xcent

ProcessProductPackaging /Users/spkoehl/Projects/VerbaLibera/CondiscoWidget/CondiscoWidget.entitlements /var/folders/3w/91hphlzs0rv_1twbkfyhvn6m0000gn/T/condisco-preflight.UwtWsH/DerivedData/Build/Intermediates.noindex/Condisco.build/Debug-iphonesimulator/CondiscoWidget.build/CondiscoWidget.appex-Simulated.xcent (in target 'CondiscoWidget' from project 'Condisco')
    cd /Users/spkoehl/Projects/VerbaLibera
    
    Entitlements:
    
    {
    "application-identifier" = "PN9T9MT37J.com.sleuthysloth.condisco.CondiscoWidget";
    "com.apple.security.application-groups" =     (
        "group.com.sleuthysloth.condisco"
    );
}
    
    builtin-productPackagingUtility /Users/spkoehl/Projects/VerbaLibera/CondiscoWidget/CondiscoWidget.entitlements -entitlements -format xml -o /var/folders/3w/91hphlzs0rv_1twbkfyhvn6m0000gn/T/condisco-preflight.UwtWsH/DerivedData/Build/Intermediates.noindex/Condisco.build/Debug-iphonesimulator/CondiscoWidget.build/CondiscoWidget.appex-Simulated.xcent

ProcessProductPackagingDER /var/folders/3w/91hphlzs0rv_1twbkfyhvn6m0000gn/T/condisco-preflight.UwtWsH/DerivedData/Build/Intermediates.noindex/Condisco.build/Debug-iphonesimulator/CondiscoWidget.build/CondiscoWidget.appex.xcent /var/folders/3w/91hphlzs0rv_1twbkfyhvn6m0000gn/T/condisco-preflight.UwtWsH/DerivedData/Build/Intermediates.noindex/Condisco.build/Debug-iphonesimulator/CondiscoWidget.build/CondiscoWidget.appex.xcent.der (in target 'CondiscoWidget' from project 'Condisco')
    cd /Users/spkoehl/Projects/VerbaLibera
    /usr/bin/derq query -f xml -i /var/folders/3w/91hphlzs0rv_1twbkfyhvn6m0000gn/T/condisco-preflight.UwtWsH/DerivedData/Build/Intermediates.noindex/Condisco.build/Debug-iphonesimulator/CondiscoWidget.build/CondiscoWidget.appex.xcent -o /var/folders/3w/91hphlzs0rv_1twbkfyhvn6m0000gn/T/condisco-preflight.UwtWsH/DerivedData/Build/Intermediates.noindex/Condisco.build/Debug-iphonesimulator/CondiscoWidget.build/CondiscoWidget.appex.xcent.der --raw

ProcessProductPackagingDER /var/folders/3w/91hphlzs0rv_1twbkfyhvn6m0000gn/T/condisco-preflight.UwtWsH/DerivedData/Build/Intermediates.noindex/Condisco.build/Debug-iphonesimulator/CondiscoWidget.build/CondiscoWidget.appex-Simulated.xcent /var/folders/3w/91hphlzs0rv_1twbkfyhvn6m0000gn/T/condisco-preflight.UwtWsH/DerivedData/Build/Intermediates.noindex/Condisco.build/Debug-iphonesimulator/CondiscoWidget.build/CondiscoWidget.appex-Simulated.xcent.der (in target 'CondiscoWidget' from project 'Condisco')
    cd /Users/spkoehl/Projects/VerbaLibera
    /usr/bin/derq query -f xml -i /var/folders/3w/91hphlzs0rv_1twbkfyhvn6m0000gn/T/condisco-preflight.UwtWsH/DerivedData/Build/Intermediates.noindex/Condisco.build/Debug-iphonesimulator/CondiscoWidget.build/CondiscoWidget.appex-Simulated.xcent -o /var/folders/3w/91hphlzs0rv_1twbkfyhvn6m0000gn/T/condisco-preflight.UwtWsH/DerivedData/Build/Intermediates.noindex/Condisco.build/Debug-iphonesimulator/CondiscoWidget.build/CondiscoWidget.appex-Simulated.xcent.der --raw

Ld /var/folders/3w/91hphlzs0rv_1twbkfyhvn6m0000gn/T/condisco-preflight.UwtWsH/DerivedData/Build/Products/Debug-iphonesimulator/CondiscoWidget.appex/__preview.dylib normal (in target 'CondiscoWidget' from project 'Condisco')
    cd /Users/spkoehl/Projects/VerbaLibera
    /Applications/Xcode.app/Contents/Developer/Toolchains/XcodeDefault.xctoolchain/usr/bin/clang -Xlinker -reproducible -target arm64-apple-ios17.0-simulator -dynamiclib -isysroot /Applications/Xcode.app/Contents/Developer/Platforms/iPhoneSimulator.platform/Developer/SDKs/iPhoneSimulator27.0.sdk -O0 -Xlinker -no_warn_duplicate_libraries -L/var/folders/3w/91hphlzs0rv_1twbkfyhvn6m0000gn/T/condisco-preflight.UwtWsH/DerivedData/Build/Products/Debug-iphonesimulator -F/var/folders/3w/91hphlzs0rv_1twbkfyhvn6m0000gn/T/condisco-preflight.UwtWsH/DerivedData/Build/Products/Debug-iphonesimulator -install_name @rpath/CondiscoWidget.debug.dylib -Xlinker -dead_strip -rdynamic -Xlinker -no_deduplicate -Xlinker -objc_abi_version -Xlinker 2 -Xlinker -dependency_info -Xlinker /var/folders/3w/91hphlzs0rv_1twbkfyhvn6m0000gn/T/condisco-preflight.UwtWsH/DerivedData/Build/Intermediates.noindex/Condisco.build/Debug-iphonesimulator/CondiscoWidget.build/Objects-normal/arm64/CondiscoWidget_dependency_info.dat -Xlinker -sectcreate -Xlinker __TEXT -Xlinker __entitlements -Xlinker /var/folders/3w/91hphlzs0rv_1twbkfyhvn6m0000gn/T/condisco-preflight.UwtWsH/DerivedData/Build/Intermediates.noindex/Condisco.build/Debug-iphonesimulator/CondiscoWidget.build/CondiscoWidget.appex-Simulated.xcent -Xlinker -sectcreate -Xlinker __TEXT -Xlinker __ents_der -Xlinker /var/folders/3w/91hphlzs0rv_1twbkfyhvn6m0000gn/T/condisco-preflight.UwtWsH/DerivedData/Build/Intermediates.noindex/Condisco.build/Debug-iphonesimulator/CondiscoWidget.build/CondiscoWidget.appex-Simulated.xcent.der -Xlinker -no_adhoc_codesign -o /var/folders/3w/91hphlzs0rv_1twbkfyhvn6m0000gn/T/condisco-preflight.UwtWsH/DerivedData/Build/Products/Debug-iphonesimulator/CondiscoWidget.appex/__preview.dylib

ProcessInfoPlistFile /var/folders/3w/91hphlzs0rv_1twbkfyhvn6m0000gn/T/condisco-preflight.UwtWsH/DerivedData/Build/Products/Debug-iphonesimulator/CondiscoWidget.appex/Info.plist /Users/spkoehl/Projects/VerbaLibera/CondiscoWidget/Info.plist (in target 'CondiscoWidget' from project 'Condisco')
    cd /Users/spkoehl/Projects/VerbaLibera
    builtin-infoPlistUtility /Users/spkoehl/Projects/VerbaLibera/CondiscoWidget/Info.plist -producttype com.apple.product-type.app-extension -expandbuildsettings -format binary -platform iphonesimulator -o /var/folders/3w/91hphlzs0rv_1twbkfyhvn6m0000gn/T/condisco-preflight.UwtWsH/DerivedData/Build/Products/Debug-iphonesimulator/CondiscoWidget.appex/Info.plist

SwiftDriver CondiscoWidget normal arm64 com.apple.xcode.tools.swift.compiler (in target 'CondiscoWidget' from project 'Condisco')
    cd /Users/spkoehl/Projects/VerbaLibera
    builtin-SwiftDriver -- /Applications/Xcode.app/Contents/Developer/Toolchains/XcodeDefault.xctoolchain/usr/bin/swiftc -module-name CondiscoWidget -Onone @/var/folders/3w/91hphlzs0rv_1twbkfyhvn6m0000gn/T/condisco-preflight.UwtWsH/DerivedData/Build/Intermediates.noindex/Condisco.build/Debug-iphonesimulator/CondiscoWidget.build/Objects-normal/arm64/CondiscoWidget.SwiftFileList -DDEBUG -enable-bare-slash-regex -enable-experimental-feature DebugDescriptionMacro -sdk /Applications/Xcode.app/Contents/Developer/Platforms/iPhoneSimulator.platform/Developer/SDKs/iPhoneSimulator27.0.sdk -target arm64-apple-ios17.0-simulator -g -module-cache-path /var/folders/3w/91hphlzs0rv_1twbkfyhvn6m0000gn/T/condisco-preflight.UwtWsH/DerivedData/ModuleCache.noindex -Xfrontend -serialize-debugging-options -application-extension -enable-testing -index-store-path /var/folders/3w/91hphlzs0rv_1twbkfyhvn6m0000gn/T/condisco-preflight.UwtWsH/DerivedData/Index.noindex/DataStore -Xcc -D_LIBCPP_HARDENING_MODE\=_LIBCPP_HARDENING_MODE_DEBUG -swift-version 5 -I /var/folders/3w/91hphlzs0rv_1twbkfyhvn6m0000gn/T/condisco-preflight.UwtWsH/DerivedData/Build/Products/Debug-iphonesimulator -F /var/folders/3w/91hphlzs0rv_1twbkfyhvn6m0000gn/T/condisco-preflight.UwtWsH/DerivedData/Build/Products/Debug-iphonesimulator -emit-localized-strings -emit-localized-strings-path /var/folders/3w/91hphlzs0rv_1twbkfyhvn6m0000gn/T/condisco-preflight.UwtWsH/DerivedData/Build/Intermediates.noindex/Condisco.build/Debug-iphonesimulator/CondiscoWidget.build/Objects-normal/arm64 -c -j6 -enable-batch-mode -incremental -Xcc -ivfsstatcache -Xcc /var/folders/3w/91hphlzs0rv_1twbkfyhvn6m0000gn/T/condisco-preflight.UwtWsH/DerivedData/SDKStatCaches.noindex/iphonesimulator27.0-24A430-8dc58220667be655e1bcc261a7455254.sdkstatcache -output-file-map /var/folders/3w/91hphlzs0rv_1twbkfyhvn6m0000gn/T/condisco-preflight.UwtWsH/DerivedData/Build/Intermediates.noindex/Condisco.build/Debug-iphonesimulator/CondiscoWidget.build/Objects-normal/arm64/CondiscoWidget-OutputFileMap.json -save-temps -no-color-diagnostics -explicit-module-build -module-cache-path /var/folders/3w/91hphlzs0rv_1twbkfyhvn6m0000gn/T/condisco-preflight.UwtWsH/DerivedData/Build/Intermediates.noindex/SwiftExplicitPrecompiledModules -clang-scanner-module-cache-path /var/folders/3w/91hphlzs0rv_1twbkfyhvn6m0000gn/T/condisco-preflight.UwtWsH/DerivedData/ModuleCache.noindex -sdk-module-cache-path /var/folders/3w/91hphlzs0rv_1twbkfyhvn6m0000gn/T/condisco-preflight.UwtWsH/DerivedData/SDKExplicitPrecompiledModules -emit-dependencies -emit-module -emit-module-path /var/folders/3w/91hphlzs0rv_1twbkfyhvn6m0000gn/T/condisco-preflight.UwtWsH/DerivedData/Build/Intermediates.noindex/Condisco.build/Debug-iphonesimulator/CondiscoWidget.build/Objects-normal/arm64/CondiscoWidget.swiftmodule -serialize-diagnostics -dependency-scan-serialize-diagnostics-path /var/folders/3w/91hphlzs0rv_1twbkfyhvn6m0000gn/T/condisco-preflight.UwtWsH/DerivedData/Build/Intermediates.noindex/Condisco.build/Debug-iphonesimulator/CondiscoWidget.build/Objects-normal/arm64/CondiscoWidget-dependency-scan.dia -validate-clang-modules-once -clang-build-session-file /var/folders/3w/91hphlzs0rv_1twbkfyhvn6m0000gn/T/condisco-preflight.UwtWsH/DerivedData/ModuleCache.noindex/Session.modulevalidation -Xcc -fmodules-prune-interval\=86400 -Xcc -fmodules-prune-after\=345600 -emit-const-values -const-gather-protocols-list /var/folders/3w/91hphlzs0rv_1twbkfyhvn6m0000gn/T/condisco-preflight.UwtWsH/DerivedData/Build/Intermediates.noindex/Condisco.build/Debug-iphonesimulator/CondiscoWidget.build/Objects-normal/arm64/CondiscoWidget_const_extract_protocols.json -Xcc -iquote -Xcc /var/folders/3w/91hphlzs0rv_1twbkfyhvn6m0000gn/T/condisco-preflight.UwtWsH/DerivedData/Build/Intermediates.noindex/Condisco.build/Debug-iphonesimulator/CondiscoWidget.build/CondiscoWidget-generated-files.hmap -Xcc -I/var/folders/3w/91hphlzs0rv_1twbkfyhvn6m0000gn/T/condisco-preflight.UwtWsH/DerivedData/Build/Intermediates.noindex/Condisco.build/Debug-iphonesimulator/CondiscoWidget.build/CondiscoWidget-own-target-headers.hmap -Xcc -I/var/folders/3w/91hphlzs0rv_1twbkfyhvn6m0000gn/T/condisco-preflight.UwtWsH/DerivedData/Build/Intermediates.noindex/Condisco.build/Debug-iphonesimulator/CondiscoWidget.build/CondiscoWidget-all-target-headers.hmap -Xcc -iquote -Xcc /var/folders/3w/91hphlzs0rv_1twbkfyhvn6m0000gn/T/condisco-preflight.UwtWsH/DerivedData/Build/Intermediates.noindex/Condisco.build/Debug-iphonesimulator/CondiscoWidget.build/CondiscoWidget-project-headers.hmap -Xcc -I/var/folders/3w/91hphlzs0rv_1twbkfyhvn6m0000gn/T/condisco-preflight.UwtWsH/DerivedData/Build/Products/Debug-iphonesimulator/include -Xcc -I/var/folders/3w/91hphlzs0rv_1twbkfyhvn6m0000gn/T/condisco-preflight.UwtWsH/DerivedData/Build/Intermediates.noindex/Condisco.build/Debug-iphonesimulator/CondiscoWidget.build/DerivedSources-normal/arm64 -Xcc -I/var/folders/3w/91hphlzs0rv_1twbkfyhvn6m0000gn/T/condisco-preflight.UwtWsH/DerivedData/Build/Intermediates.noindex/Condisco.build/Debug-iphonesimulator/CondiscoWidget.build/DerivedSources/arm64 -Xcc -I/var/folders/3w/91hphlzs0rv_1twbkfyhvn6m0000gn/T/condisco-preflight.UwtWsH/DerivedData/Build/Intermediates.noindex/Condisco.build/Debug-iphonesimulator/CondiscoWidget.build/DerivedSources -Xcc -DDEBUG\=1 -Xcc -DDEBUG\=1 -emit-objc-header -emit-objc-header-path /var/folders/3w/91hphlzs0rv_1twbkfyhvn6m0000gn/T/condisco-preflight.UwtWsH/DerivedData/Build/Intermediates.noindex/Condisco.build/Debug-iphonesimulator/CondiscoWidget.build/Objects-normal/arm64/CondiscoWidget-Swift.h -working-directory /Users/spkoehl/Projects/VerbaLibera -experimental-emit-module-separately -disable-cmo

SwiftExplicitDependencyGeneratePcm arm64 /var/folders/3w/91hphlzs0rv_1twbkfyhvn6m0000gn/T/condisco-preflight.UwtWsH/DerivedData/SDKExplicitPrecompiledModules/_Builtin_float-8NXHRM935X4F8FWE449UPYLJ.pcm

SwiftExplicitDependencyGeneratePcm arm64 /var/folders/3w/91hphlzs0rv_1twbkfyhvn6m0000gn/T/condisco-preflight.UwtWsH/DerivedData/SDKExplicitPrecompiledModules/ActivityKit-6C2F099YNUI9T126U5NSX1ABL.pcm

SwiftExplicitDependencyGeneratePcm arm64 /var/folders/3w/91hphlzs0rv_1twbkfyhvn6m0000gn/T/condisco-preflight.UwtWsH/DerivedData/SDKExplicitPrecompiledModules/ptrcheck-8VMFJYE76IMRZ4QAI9PQCSAP2.pcm

SwiftExplicitDependencyGeneratePcm arm64 /var/folders/3w/91hphlzs0rv_1twbkfyhvn6m0000gn/T/condisco-preflight.UwtWsH/DerivedData/SDKExplicitPrecompiledModules/ptrauth-8KFF3O5NLJEZO424L34OEAT3A.pcm

SwiftExplicitDependencyGeneratePcm arm64 /var/folders/3w/91hphlzs0rv_1twbkfyhvn6m0000gn/T/condisco-preflight.UwtWsH/DerivedData/SDKExplicitPrecompiledModules/_Builtin_stdbool-DQFRWLBATFKFFTBHK9DXCYKEZ.pcm

SwiftExplicitDependencyGeneratePcm arm64 /var/folders/3w/91hphlzs0rv_1twbkfyhvn6m0000gn/T/condisco-preflight.UwtWsH/DerivedData/SDKExplicitPrecompiledModules/_SwiftConcurrencyShims-DHP160IZ1RMCOG0SKTZTAZL8K.pcm

SwiftExplicitDependencyGeneratePcm arm64 /var/folders/3w/91hphlzs0rv_1twbkfyhvn6m0000gn/T/condisco-preflight.UwtWsH/DerivedData/SDKExplicitPrecompiledModules/_Builtin_stdarg-CLQQRXLN349B1Q9OK4QD1Q3T6.pcm

SwiftExplicitDependencyGeneratePcm arm64 /var/folders/3w/91hphlzs0rv_1twbkfyhvn6m0000gn/T/condisco-preflight.UwtWsH/DerivedData/SDKExplicitPrecompiledModules/SwiftShims-B75DNPZ20PH5MBD919E4N32J2.pcm

SwiftExplicitDependencyGeneratePcm arm64 /var/folders/3w/91hphlzs0rv_1twbkfyhvn6m0000gn/T/condisco-preflight.UwtWsH/DerivedData/SDKExplicitPrecompiledModules/_Builtin_stddef-6NA0IHV9KM7V2N4DNRV49TM77.pcm

SwiftExplicitDependencyGeneratePcm arm64 /var/folders/3w/91hphlzs0rv_1twbkfyhvn6m0000gn/T/condisco-preflight.UwtWsH/DerivedData/SDKExplicitPrecompiledModules/_AvailabilityInternal-3QYU1HYP25ZACDT3RRARVFTCZ.pcm

SwiftExplicitDependencyGeneratePcm arm64 /var/folders/3w/91hphlzs0rv_1twbkfyhvn6m0000gn/T/condisco-preflight.UwtWsH/DerivedData/SDKExplicitPrecompiledModules/DeveloperToolsSupport-7S7GOO3G97Z88VR4HS3RJ2B48.pcm

SwiftExplicitDependencyGeneratePcm arm64 /var/folders/3w/91hphlzs0rv_1twbkfyhvn6m0000gn/T/condisco-preflight.UwtWsH/DerivedData/SDKExplicitPrecompiledModules/_DarwinFoundation1-EE7QVYRSJ8F5PQ6OVHL5PBIS1.pcm

SwiftExplicitDependencyGeneratePcm arm64 /var/folders/3w/91hphlzs0rv_1twbkfyhvn6m0000gn/T/condisco-preflight.UwtWsH/DerivedData/SDKExplicitPrecompiledModules/_DarwinFoundation2-A8V5M2NGEXVC8ABNH5KUW0JUZ.pcm

SwiftExplicitDependencyGeneratePcm arm64 /var/folders/3w/91hphlzs0rv_1twbkfyhvn6m0000gn/T/condisco-preflight.UwtWsH/DerivedData/SDKExplicitPrecompiledModules/ExtensionFoundation-CFCTSJJ1TSIA28L743SAWMX07.pcm

SwiftExplicitDependencyGeneratePcm arm64 /var/folders/3w/91hphlzs0rv_1twbkfyhvn6m0000gn/T/condisco-preflight.UwtWsH/DerivedData/SDKExplicitPrecompiledModules/_Builtin_limits-2OE4OCDHA5V8IQ6ADDT3IUISC.pcm

SwiftExplicitDependencyGeneratePcm arm64 /var/folders/3w/91hphlzs0rv_1twbkfyhvn6m0000gn/T/condisco-preflight.UwtWsH/DerivedData/SDKExplicitPrecompiledModules/sys_types-DAOR3XNAH2WG8IH7BXR27EDWN.pcm

SwiftExplicitDependencyGeneratePcm arm64 /var/folders/3w/91hphlzs0rv_1twbkfyhvn6m0000gn/T/condisco-preflight.UwtWsH/DerivedData/SDKExplicitPrecompiledModules/string_h-BFRE4DSBMMHO2M8CZ3FUKAXWL.pcm

SwiftExplicitDependencyGeneratePcm arm64 /var/folders/3w/91hphlzs0rv_1twbkfyhvn6m0000gn/T/condisco-preflight.UwtWsH/DerivedData/SDKExplicitPrecompiledModules/_Builtin_tgmath-ERPG3YHPSDC4TE7TJRP1ZLNHF.pcm

SwiftExplicitDependencyGeneratePcm arm64 /var/folders/3w/91hphlzs0rv_1twbkfyhvn6m0000gn/T/condisco-preflight.UwtWsH/DerivedData/SDKExplicitPrecompiledModules/_Builtin_stdint-M4LBNYVVHG45UGGWH3O1VMS9.pcm

SwiftExplicitDependencyGeneratePcm arm64 /var/folders/3w/91hphlzs0rv_1twbkfyhvn6m0000gn/T/condisco-preflight.UwtWsH/DerivedData/SDKExplicitPrecompiledModules/_DarwinFoundation3-4CK97BFZBLWB7XNZZHF91E8QP.pcm

SwiftExplicitDependencyGeneratePcm arm64 /var/folders/3w/91hphlzs0rv_1twbkfyhvn6m0000gn/T/condisco-preflight.UwtWsH/DerivedData/SDKExplicitPrecompiledModules/_Builtin_stdatomic-EABMXYT96E1TDI0CDK77C9CB0.pcm

SwiftExplicitDependencyGeneratePcm arm64 /var/folders/3w/91hphlzs0rv_1twbkfyhvn6m0000gn/T/condisco-preflight.UwtWsH/DerivedData/SDKExplicitPrecompiledModules/_Builtin_intrinsics-DVIV7THOJX2OX1IKV98WLWWUJ.pcm

SwiftExplicitDependencyGeneratePcm arm64 /var/folders/3w/91hphlzs0rv_1twbkfyhvn6m0000gn/T/condisco-preflight.UwtWsH/DerivedData/SDKExplicitPrecompiledModules/_Builtin_inttypes-1G1X4Y7PJNWI9VHIIIM471OUX.pcm

SwiftExplicitDependencyGeneratePcm arm64 /var/folders/3w/91hphlzs0rv_1twbkfyhvn6m0000gn/T/condisco-preflight.UwtWsH/DerivedData/SDKExplicitPrecompiledModules/Darwin-2J8KDHOMSTYZ21TFYCBT8XO06.pcm

SwiftExplicitDependencyGeneratePcm arm64 /var/folders/3w/91hphlzs0rv_1twbkfyhvn6m0000gn/T/condisco-preflight.UwtWsH/DerivedData/SDKExplicitPrecompiledModules/simd-693JN9QC38L9H8TGXB7PXPQWM.pcm

SwiftExplicitDependencyGeneratePcm arm64 /var/folders/3w/91hphlzs0rv_1twbkfyhvn6m0000gn/T/condisco-preflight.UwtWsH/DerivedData/SDKExplicitPrecompiledModules/Spatial-CVXQUNJGT41P21TFYTWO3G5DS.pcm
** BUILD INTERRUPTED **
rm: /var/folders/3w/91hphlzs0rv_1twbkfyhvn6m0000gn/T//condisco-preflight.UwtWsH/DerivedData/SDKExplicitPrecompiledModules: Directory not empty
rm: /var/folders/3w/91hphlzs0rv_1twbkfyhvn6m0000gn/T//condisco-preflight.UwtWsH/DerivedData: Directory not empty
rm: /var/folders/3w/91hphlzs0rv_1twbkfyhvn6m0000gn/T//condisco-preflight.UwtWsH: Directory not empty
tools/preflight.sh: line 175: 96074 Terminated: 15          xcodebuild test -project Condisco.xcodeproj -scheme Condisco -destination 'platform=iOS Simulator,name=iPhone 18 Pro' -only-testing:CondiscoTests -derivedDataPath "$preflight_tmp/DerivedData" ONLY_ACTIVE_ARCH=YES

==== RETRY: previous run SIGTERMed mid Step-4 build (BUILD INTERRUPTED, infra kill, not a test failure) ====
xcb lock acquired Sat Sep 26 08:28:29 PDT 2026

== Step 1/5  Pack + media integrity  (tools/check_packs.sh) ==
PASS french: 50 lessons
PASS italian: 49 lessons
PASS german: 52 lessons
PASS portuguese: 52 lessons
PASS spanish: 52 lessons
PASS all five languages; 72 shared-feedback replies; invalid legacy policy rejected
== fr-foundations.json media ==
  device-speech (intentional)  fr-polite-coffee-audio  /audio/french-ordering/fr-ordering-politely-answer.wav
  device-speech (intentional)  fr-identity-foundation-model  /audio/french-foundations/fr-identity-foundation-model.wav
  device-speech (intentional)  fr-people-foundation-model  /audio/french-foundations/fr-people-foundation-model.wav
  device-speech (intentional)  fr-family-foundation-model  /audio/french-foundations/fr-family-foundation-model.wav
  device-speech (intentional)  fr-numbers-foundation-model  /audio/french-foundations/fr-numbers-foundation-model.wav
  summary: 5 declared, 0 on disk, 5 missing (5 allowlisted for device speech)
== it-foundations.json media ==
  device-speech (intentional)  it-polite-coffee-audio  /audio/italian/it-ordering-politely-answer.wav
  device-speech (intentional)  it-identity-foundation-model  /audio/italian-foundations/it-identity-foundation-model.wav
  device-speech (intentional)  it-people-foundation-model  /audio/italian-foundations/it-people-foundation-model.wav
  device-speech (intentional)  it-family-foundation-model  /audio/italian-foundations/it-family-foundation-model.wav
  device-speech (intentional)  it-numbers-foundation-model  /audio/italian-foundations/it-numbers-foundation-model.wav
  device-speech (intentional)  it-descriptions-foundation-model  /audio/italian-foundations/it-descriptions-foundation-model.wav
  device-speech (intentional)  it-plural-foundation-model  /audio/italian-foundations/it-plural-foundation-model.wav
  device-speech (intentional)  it-negation-foundation-model  /audio/italian-foundations/it-negation-foundation-model.wav
  device-speech (intentional)  it-food-foundation-model  /audio/italian-foundations/it-food-foundation-model.wav
  device-speech (intentional)  it-possession-foundation-model  /audio/italian-foundations/it-possession-foundation-model.wav
  device-speech (intentional)  it-requests-foundation-model  /audio/italian-foundations/it-requests-foundation-model.wav
  device-speech (intentional)  it-past-foundation-model  /audio/italian-foundations/it-past-foundation-model.wav
  device-speech (intentional)  it-plans-foundation-model  /audio/italian-foundations/it-plans-foundation-model.wav
  device-speech (intentional)  it-days-foundation-model  /audio/italian-foundations/it-days-foundation-model.wav
  device-speech (intentional)  it-market-foundation-model  /audio/italian-foundations/it-market-foundation-model.wav
  device-speech (intentional)  it-emergency-foundation-model  /audio/italian-foundations/it-emergency-foundation-model.wav
  ok  it-market-listen-audio  /audio/italian-foundations/it-market-foundation-listen.mp3
  summary: 17 declared, 1 on disk, 16 missing (16 allowlisted for device speech)
== de-foundations.json media ==
  summary: 0 declared, 0 on disk, 0 missing (0 allowlisted for device speech)
== pt-foundations.json media ==
  summary: 0 declared, 0 on disk, 0 missing (0 allowlisted for device speech)
== es-foundations.json media ==
  summary: 0 declared, 0 on disk, 0 missing (0 allowlisted for device speech)
== listen-tracks ==
  ok  french  fr-identity-foundation  /audio/french-foundations/fr-identity-listen.mp3
  ok  italian  it-market-foundation  /audio/italian-foundations/it-market-foundation-listen.mp3
  ok  german  de-introductions-foundation  /audio/german-foundations/de-introductions-foundation-listen.mp3
  ok  portuguese  pt-introductions-foundation  /audio/portuguese-foundations/pt-introductions-foundation-listen.mp3
  ok  spanish  es-introductions-foundation  /audio/spanish-foundations/es-introductions-foundation-listen.mp3
== MISSING ASSETS ==
  MISSING fr-foundations fr-polite-coffee-audio /audio/french-ordering/fr-ordering-politely-answer.wav — device-speech (intentional) — referenced by lesson fr-cafe-order-foundation step fr-cafe-order-foundation-step-fr-cafe-order-foundation-listen-model, lesson fr-cafe-order-foundation legacy dictation fr-cafe-order-foundation-listen-model
  MISSING fr-foundations fr-identity-foundation-model /audio/french-foundations/fr-identity-foundation-model.wav — device-speech (intentional) — referenced by lesson fr-identity-foundation step fr-identity-foundation-step-fr-identity-foundation-listen-model, lesson fr-identity-foundation legacy dictation fr-identity-foundation-listen-model
  MISSING fr-foundations fr-people-foundation-model /audio/french-foundations/fr-people-foundation-model.wav — device-speech (intentional) — referenced by lesson fr-people-foundation step fr-people-foundation-step-fr-people-foundation-listen-model, lesson fr-people-foundation legacy dictation fr-people-foundation-listen-model
  MISSING fr-foundations fr-family-foundation-model /audio/french-foundations/fr-family-foundation-model.wav — device-speech (intentional) — referenced by lesson fr-family-foundation step fr-family-foundation-step-fr-family-foundation-listen-model, lesson fr-family-foundation legacy dictation fr-family-foundation-listen-model
  MISSING fr-foundations fr-numbers-foundation-model /audio/french-foundations/fr-numbers-foundation-model.wav — device-speech (intentional) — referenced by lesson fr-numbers-foundation step fr-numbers-foundation-step-fr-numbers-foundation-listen-model, lesson fr-numbers-foundation legacy dictation fr-numbers-foundation-listen-model
  MISSING it-foundations it-polite-coffee-audio /audio/italian/it-ordering-politely-answer.wav — device-speech (intentional) — referenced by lesson it-requests-foundation step it-requests-foundation-step-it-requests-foundation-listen, lesson it-requests-foundation legacy dictation it-requests-foundation-listen, lesson it-cafe-order-foundation step it-cafe-order-foundation-step-say, lesson it-cafe-order-foundation step it-cafe-order-foundation-step-it-cafe-order-foundation-listen-model, lesson it-cafe-order-foundation legacy dictation it-cafe-order-foundation-listen-model
  MISSING it-foundations it-identity-foundation-model /audio/italian-foundations/it-identity-foundation-model.wav — device-speech (intentional) — referenced by lesson it-identity-foundation step it-identity-foundation-step-it-identity-foundation-listen-model, lesson it-identity-foundation legacy dictation it-identity-foundation-listen-model
  MISSING it-foundations it-people-foundation-model /audio/italian-foundations/it-people-foundation-model.wav — device-speech (intentional) — referenced by lesson it-people-foundation step it-people-foundation-step-say, lesson it-people-foundation step it-people-foundation-step-it-people-foundation-listen-model, lesson it-people-foundation legacy dictation it-people-foundation-listen-model
  MISSING it-foundations it-family-foundation-model /audio/italian-foundations/it-family-foundation-model.wav — device-speech (intentional) — referenced by lesson it-family-foundation step it-family-foundation-step-say, lesson it-family-foundation step it-family-foundation-step-it-family-foundation-listen-model, lesson it-family-foundation legacy dictation it-family-foundation-listen-model
  MISSING it-foundations it-numbers-foundation-model /audio/italian-foundations/it-numbers-foundation-model.wav — device-speech (intentional) — referenced by lesson it-numbers-foundation step it-numbers-foundation-step-rb9, lesson it-numbers-foundation step it-numbers-foundation-step-rb10, lesson it-numbers-foundation legacy dictation it-numbers-foundation-listen-model
  MISSING it-foundations it-descriptions-foundation-model /audio/italian-foundations/it-descriptions-foundation-model.wav — device-speech (intentional) — referenced by lesson it-descriptions-foundation step it-descriptions-foundation-step-rb8, lesson it-descriptions-foundation step it-descriptions-foundation-step-rb10, lesson it-descriptions-foundation legacy dictation it-descriptions-foundation-listen-model
  MISSING it-foundations it-plural-foundation-model /audio/italian-foundations/it-plural-foundation-model.wav — device-speech (intentional) — referenced by lesson it-plural-foundation step it-plural-foundation-step-rb9, lesson it-plural-foundation step it-plural-foundation-step-rb10, lesson it-plural-foundation legacy dictation it-plural-foundation-listen-model
  MISSING it-foundations it-negation-foundation-model /audio/italian-foundations/it-negation-foundation-model.wav — device-speech (intentional) — referenced by lesson it-negation-foundation step it-negation-foundation-step-rb10, lesson it-negation-foundation legacy dictation it-negation-foundation-listen-model
  MISSING it-foundations it-food-foundation-model /audio/italian-foundations/it-food-foundation-model.wav — device-speech (intentional) — referenced by lesson it-food-foundation step it-food-foundation-step-say, lesson it-food-foundation step it-food-foundation-step-it-food-foundation-listen-model, lesson it-food-foundation legacy dictation it-food-foundation-listen-model
  MISSING it-foundations it-possession-foundation-model /audio/italian-foundations/it-possession-foundation-model.wav — device-speech (intentional) — referenced by lesson it-possession-foundation step it-possession-foundation-step-rb9, lesson it-possession-foundation step it-possession-foundation-step-rb10, lesson it-possession-foundation legacy dictation it-possession-foundation-listen-model
  MISSING it-foundations it-requests-foundation-model /audio/italian-foundations/it-requests-foundation-model.wav — device-speech (intentional) — referenced by lesson it-requests-foundation step it-requests-foundation-step-say, lesson it-requests-foundation step it-requests-foundation-step-it-requests-foundation-listen-model, lesson it-requests-foundation legacy dictation it-requests-foundation-listen-model
  MISSING it-foundations it-past-foundation-model /audio/italian-foundations/it-past-foundation-model.wav — device-speech (intentional) — referenced by lesson it-past-foundation step it-past-foundation-step-rb7, lesson it-past-foundation legacy dictation it-past-foundation-listen-model
  MISSING it-foundations it-plans-foundation-model /audio/italian-foundations/it-plans-foundation-model.wav — device-speech (intentional) — referenced by lesson it-plans-foundation step it-plans-foundation-step-rb9, lesson it-plans-foundation legacy dictation it-plans-foundation-listen-model
  MISSING it-foundations it-days-foundation-model /audio/italian-foundations/it-days-foundation-model.wav — device-speech (intentional) — referenced by lesson it-days-foundation step it-days-foundation-step-rb9, lesson it-days-foundation step it-days-foundation-step-rb10, lesson it-days-foundation legacy dictation it-days-foundation-listen-model
  MISSING it-foundations it-market-foundation-model /audio/italian-foundations/it-market-foundation-model.wav — device-speech (intentional) — referenced by lesson it-market-foundation step it-market-foundation-step-say, lesson it-market-foundation step it-market-foundation-step-it-market-foundation-listen-model, lesson it-market-foundation legacy dictation it-market-foundation-listen-model
  MISSING it-foundations it-emergency-foundation-model /audio/italian-foundations/it-emergency-foundation-model.wav — device-speech (intentional) — referenced by lesson it-emergency-foundation step it-emergency-foundation-step-rb10, lesson it-emergency-foundation legacy dictation it-emergency-foundation-listen-model
PASS Content media inventory: every declared asset resolves with matching type/hash, or is allowlisted for device speech
== attribution citations ==
  ok  fr-foundations fr-polite-coffee-audio: cites docs/audio-provenance/index.md — exists
  ok  it-foundations it-polite-coffee-audio: cites docs/audio-provenance/index.md — exists
  ok  it-foundations it-market-listen-audio: cites docs/audio-provenance/italian-market-listen.json — exists
PASS attribution citations: every docs/… reference resolves to a file in the repo
== listen-tracks integrity ==
  ok duration french: declared 755.58s, actual 755.640s (delta 0.060s)
  ok sections french [#0 'Welcome']: startS 0.0s
  ok sections french [#1 'Two words']: startS 13.78s
  ok sections french [#2 'Think: Marc']: startS 31.53s
  ok sections french [#3 'Marie and Paul']: startS 52.68s
  ok sections french [#4 'One letter']: startS 64.6s
  ok sections french [#5 'Think: Marie']: startS 75.48s
  ok sections french [#6 'Transfer: Sophie']: startS 95.15s
  ok sections french [#7 'Bonjour and Salut']: startS 114.78s
  ok sections french [#8 'Think: New friend']: startS 145.58s
  ok sections french [#9 'Tu and Vous']: startS 169.88s
  ok sections french [#10 'Think: Addressing a shopkeeper']: startS 203.75s
  ok sections french [#11 'Numbers: one through five']: startS 231.4s
  ok sections french [#12 'Think: six through ten']: startS 267.55s
  ok sections french [#13 'J'ai']: startS 295.07s
  ok sections french [#14 'Think: Building with J'ai']: startS 326.0s
  ok sections french [#15 'Transfer: The greeting stack']: startS 355.22s
  ok sections french [#16 'Colors: rouge, bleu, vert']: startS 390.17s
  ok sections french [#17 'Think: Color agreement']: startS 425.87s
  ok sections french [#18 'Il est']: startS 461.45s
  ok sections french [#19 'Think: What time is it?']: startS 496.37s
  ok sections french [#20 'Colors and time together']: startS 523.77s
  ok sections french [#21 'Je vais']: startS 553.82s
  ok sections french [#22 'Think: Where are you going?']: startS 584.37s
  ok sections french [#23 'Full dialogue: The bakery']: startS 621.13s
  ok sections french [#24 'Dialogue: Polite requests']: startS 654.4s
  ok sections french [#25 'Dialogue: Numbers and payment']: startS 689.0s
  ok sections french [#26 'Closing: What you built']: startS 720.1s
  ok duration italian: declared 663.92s, actual 663.984s (delta 0.064s)
  ok sections italian [#0 'Part 1: Welcome']: startS 0.0s
  ok sections italian [#1 'Part 2: Numbers framing']: startS 19.48s
  ok sections italian [#2 'Part 3: Numbers teens']: startS 36.25s
  ok sections italian [#3 'Part 4: Think number']: startS 57.78s
  ok sections italian [#4 'Part 5: Un una']: startS 71.9s
  ok sections italian [#5 'Part 6: Etto']: startS 90.95s
  ok sections italian [#6 'Part 7: Costa think']: startS 107.08s
  ok sections italian [#7 'Part 8: Costano think']: startS 125.7s
  ok sections italian [#8 'Part 9: Prices']: startS 141.75s
  ok sections italian [#9 'Part 10: Vorrei']: startS 158.25s
  ok sections italian [#10 'Part 11: Courtesy']: startS 174.03s
  ok sections italian [#11 'Part 12: Dialogue setup']: startS 186.8s
  ok sections italian [#12 'Part 13: Transfer — market to restaurant']: startS 209.77s
  ok sections italian [#13 'Part 14: At the table — ordering']: startS 243.35s
  ok sections italian [#14 'Part 15: Menu blocks']: startS 270.1s
  ok sections italian [#15 'Part 16: Think — order the pasta']: startS 294.55s
  ok sections italian [#16 'Part 17: Think — order wine and water']: startS 316.43s
  ok sections italian [#17 'Part 18: Asking for the bill']: startS 338.33s
  ok sections italian [#18 'Part 19: Think — the bill']: startS 360.65s
  ok sections italian [#19 'Part 20: Family — my father, my mother']: startS 383.4s
  ok sections italian [#20 'Part 21: Family — brother, sister, parents']: startS 407.7s
  ok sections italian [#21 'Part 22: Transfer — family meets the table']: startS 430.25s
  ok sections italian [#22 'Part 23: Think — introducing family']: startS 457.5s
  ok sections italian [#23 'Part 24: Telling time — the question']: startS 478.55s
  ok sections italian [#24 'Part 25: One o'clock']: startS 499.58s
  ok sections italian [#25 'Part 26: Two, three, eight o'clock']: startS 522.18s
  ok sections italian [#26 'Part 27: Think — building a time']: startS 543.58s
  ok sections italian [#27 'Part 28: Transfer — time plus reservation']: startS 563.68s
  ok sections italian [#28 'Part 29: Full restaurant dialogue']: startS 595.38s
  ok sections italian [#29 'Part 30: Closing']: startS 634.15s
  ok duration german: declared 772.92s, actual 772.968s (delta 0.048s)
  ok sections german [#0 'Start with a greeting']: startS 0.0s
  ok sections german [#1 'Retrieve the greeting']: startS 18.14s
  ok sections german [#2 'Introduce your name']: startS 41.33s
  ok sections german [#3 'Recall the introduction']: startS 59.03s
  ok sections german [#4 'Meet a second speaker']: startS 83.23s
  ok sections german [#5 'Change the speaker']: startS 101.32s
  ok sections german [#6 'Return to the first name']: startS 125.3s
  ok sections german [#7 'Another way to identify yourself']: startS 149.65s
  ok sections german [#8 'Choose the shorter meaning']: startS 168.24s
  ok sections german [#9 'Transfer the new block']: startS 191.81s
  ok sections german [#10 'Put a greeting before your name']: startS 215.27s
  ok sections german [#11 'Introduce yourself on arrival']: startS 233.81s
  ok sections german [#12 'Ask for coffee']: startS 259.16s
  ok sections german [#13 'Retrieve the drink request']: startS 277.05s
  ok sections german [#14 'Add politeness']: startS 300.42s
  ok sections german [#15 'Hear the complete request']: startS 315.81s
  ok sections german [#16 'Order politely']: startS 332.9s
  ok sections german [#17 'Choose a different drink']: startS 357.67s
  ok sections german [#18 'Transfer politeness to tea']: startS 375.63s
  ok sections german [#19 'Switch back to coffee']: startS 399.76s
  ok sections german [#20 'Thank the person']: startS 424.73s
  ok sections german [#21 'Retrieve a thank you']: startS 439.54s
  ok sections german [#22 'Hear a complete counter exchange']: startS 466.43s
  ok sections german [#23 'Make your first visit']: startS 485.06s
  ok sections german [#24 'Change the order to tea']: startS 511.0s
  ok sections german [#25 'Return to introductions']: startS 535.73s
  ok sections german [#26 'Choose your identity pattern']: startS 561.6s
  ok sections german [#27 'A final independent request']: startS 585.77s
  ok sections german [#28 'Numbers: one through five']: startS 613.35s
  ok sections german [#29 'Think: Counting items']: startS 646.91s
  ok sections german [#30 'Telling time']: startS 669.71s
  ok sections german [#31 'Think: Your schedule']: startS 696.12s
  ok sections german [#32 'Transfer: Restaurant arrival']: startS 715.18s
  ok sections german [#33 'Full dialogue: The restaurant']: startS 745.11s
  ok duration portuguese: declared 785.17s, actual 785.232s (delta 0.062s)
  ok sections portuguese [#0 'Start with a greeting']: startS 0.0s
  ok sections portuguese [#1 'Retrieve the greeting']: startS 18.38s
  ok sections portuguese [#2 'Introduce your name']: startS 41.8s
  ok sections portuguese [#3 'Recall the introduction']: startS 60.6s
  ok sections portuguese [#4 'Meet a second speaker']: startS 85.42s
  ok sections portuguese [#5 'Change the speaker']: startS 104.22s
  ok sections portuguese [#6 'Return to the first name']: startS 128.93s
  ok sections portuguese [#7 'Another way to identify yourself']: startS 153.9s
  ok sections portuguese [#8 'Choose the shorter meaning']: startS 173.07s
  ok sections portuguese [#9 'Transfer the new block']: startS 197.05s
  ok sections portuguese [#10 'Put a greeting before your name']: startS 221.02s
  ok sections portuguese [#11 'Introduce yourself on arrival']: startS 239.75s
  ok sections portuguese [#12 'Ask for coffee']: startS 265.27s
  ok sections portuguese [#13 'Retrieve the drink request']: startS 283.4s
  ok sections portuguese [#14 'Add politeness']: startS 307.1s
  ok sections portuguese [#15 'Hear the complete request']: startS 323.05s
  ok sections portuguese [#16 'Order politely']: startS 341.07s
  ok sections portuguese [#17 'Choose a different drink']: startS 366.77s
  ok sections portuguese [#18 'Transfer politeness to tea']: startS 384.92s
  ok sections portuguese [#19 'Switch back to coffee']: startS 410.2s
  ok sections portuguese [#20 'Thank the person']: startS 436.1s
  ok sections portuguese [#21 'Hear the other speaker form']: startS 454.02s
  ok sections portuguese [#22 'Hear a complete counter exchange']: startS 474.35s
  ok sections portuguese [#23 'Make your first visit']: startS 493.45s
  ok sections portuguese [#24 'Change the order to tea']: startS 519.85s
  ok sections portuguese [#25 'Return to introductions']: startS 544.92s
  ok sections portuguese [#26 'Choose your identity pattern']: startS 570.98s
  ok sections portuguese [#27 'A final independent request']: startS 595.55s
  ok sections portuguese [#28 'Numbers: one through five']: startS 624.28s
  ok sections portuguese [#29 'Think: Counting items']: startS 657.5s
  ok sections portuguese [#30 'Telling time']: startS 681.0s
  ok sections portuguese [#31 'Think: Your schedule']: startS 708.03s
  ok sections portuguese [#32 'Transfer: Shopping arrival']: startS 727.58s
  ok sections portuguese [#33 'Full dialogue: The café']: startS 757.43s
  ok duration spanish: declared 795.60s, actual 795.648s (delta 0.048s)
  ok sections spanish [#0 'Start with a greeting']: startS 0.0s
  ok sections spanish [#1 'Retrieve the greeting']: startS 18.27s
  ok sections spanish [#2 'Introduce your name']: startS 41.6s
  ok sections spanish [#3 'Recall the introduction']: startS 60.77s
  ok sections spanish [#4 'Meet a second speaker']: startS 85.33s
  ok sections spanish [#5 'Change the speaker']: startS 103.9s
  ok sections spanish [#6 'Return to the first name']: startS 128.38s
  ok sections spanish [#7 'Another way to identify yourself']: startS 153.07s
  ok sections spanish [#8 'Choose the shorter meaning']: startS 170.02s
  ok sections spanish [#9 'Transfer the new block']: startS 193.62s
  ok sections spanish [#10 'Put a greeting before your name']: startS 217.2s
  ok sections spanish [#11 'Introduce yourself on arrival']: startS 235.75s
  ok sections spanish [#12 'Ask for coffee']: startS 261.1s
  ok sections spanish [#13 'Retrieve the drink request']: startS 278.27s
  ok sections spanish [#14 'Add politeness']: startS 301.82s
  ok sections spanish [#15 'Hear the complete request']: startS 317.72s
  ok sections spanish [#16 'Order politely']: startS 335.25s
  ok sections spanish [#17 'Choose a different drink']: startS 360.45s
  ok sections spanish [#18 'Transfer politeness to tea']: startS 378.4s
  ok sections spanish [#19 'Switch back to coffee']: startS 403.17s
  ok sections spanish [#20 'Thank the person']: startS 428.57s
  ok sections spanish [#21 'Retrieve a thank you']: startS 443.87s
  ok sections spanish [#22 'Hear a complete counter exchange']: startS 471.25s
  ok sections spanish [#23 'Make your first visit']: startS 489.75s
  ok sections spanish [#24 'Change the order to tea']: startS 515.55s
  ok sections spanish [#25 'Return to introductions']: startS 540.05s
  ok sections spanish [#26 'Choose your identity pattern']: startS 565.92s
  ok sections spanish [#27 'A final independent request']: startS 590.12s
  ok sections spanish [#28 'Numbers: one through five']: startS 618.35s
  ok sections spanish [#29 'Think: How many?']: startS 653.48s
  ok sections spanish [#30 'Telling time']: startS 684.4s
  ok sections spanish [#31 'Think: Your schedule']: startS 713.98s
  ok sections spanish [#32 'Transfer: Restaurant arrival']: startS 735.73s
  ok sections spanish [#33 'Full dialogue: The restaurant']: startS 765.63s
== device-speech allowlist text audit ==
  PASS fr-family-foundation-model: lesson fr-family-foundation step fr-family-foundation-step-fr-family-foundation-listen-model — visible prompt/transcript
  PASS fr-family-foundation-model: lesson fr-family-foundation legacy dictation fr-family-foundation-listen-model — visible prompt/transcript
  PASS fr-identity-foundation-model: lesson fr-identity-foundation step fr-identity-foundation-step-fr-identity-foundation-listen-model — visible prompt/transcript
  PASS fr-identity-foundation-model: lesson fr-identity-foundation legacy dictation fr-identity-foundation-listen-model — visible prompt/transcript
  PASS fr-numbers-foundation-model: lesson fr-numbers-foundation step fr-numbers-foundation-step-fr-numbers-foundation-listen-model — visible prompt/transcript
  PASS fr-numbers-foundation-model: lesson fr-numbers-foundation legacy dictation fr-numbers-foundation-listen-model — visible prompt/transcript
  PASS fr-people-foundation-model: lesson fr-people-foundation step fr-people-foundation-step-fr-people-foundation-listen-model — visible prompt/transcript
  PASS fr-people-foundation-model: lesson fr-people-foundation legacy dictation fr-people-foundation-listen-model — visible prompt/transcript
  PASS fr-polite-coffee-audio: lesson fr-cafe-order-foundation step fr-cafe-order-foundation-step-fr-cafe-order-foundation-listen-model — visible prompt/transcript
  PASS fr-polite-coffee-audio: lesson fr-cafe-order-foundation legacy dictation fr-cafe-order-foundation-listen-model — visible prompt/transcript
  PASS it-days-foundation-model: lesson it-days-foundation step it-days-foundation-step-rb9 — visible prompt/transcript
  PASS it-days-foundation-model: lesson it-days-foundation step it-days-foundation-step-rb10 — visible prompt/transcript
  PASS it-days-foundation-model: lesson it-days-foundation legacy dictation it-days-foundation-listen-model — visible prompt/transcript
  PASS it-descriptions-foundation-model: lesson it-descriptions-foundation step it-descriptions-foundation-step-rb8 — visible prompt/transcript
  PASS it-descriptions-foundation-model: lesson it-descriptions-foundation step it-descriptions-foundation-step-rb10 — visible prompt/transcript
  PASS it-descriptions-foundation-model: lesson it-descriptions-foundation legacy dictation it-descriptions-foundation-listen-model — visible prompt/transcript
  PASS it-emergency-foundation-model: lesson it-emergency-foundation step it-emergency-foundation-step-rb10 — visible prompt/transcript
  PASS it-emergency-foundation-model: lesson it-emergency-foundation legacy dictation it-emergency-foundation-listen-model — visible prompt/transcript
  PASS it-family-foundation-model: lesson it-family-foundation step it-family-foundation-step-say — visible prompt/transcript
  PASS it-family-foundation-model: lesson it-family-foundation step it-family-foundation-step-it-family-foundation-listen-model — visible prompt/transcript
  PASS it-family-foundation-model: lesson it-family-foundation legacy dictation it-family-foundation-listen-model — visible prompt/transcript
  PASS it-food-foundation-model: lesson it-food-foundation step it-food-foundation-step-say — visible prompt/transcript
  PASS it-food-foundation-model: lesson it-food-foundation step it-food-foundation-step-it-food-foundation-listen-model — visible prompt/transcript
  PASS it-food-foundation-model: lesson it-food-foundation legacy dictation it-food-foundation-listen-model — visible prompt/transcript
  PASS it-identity-foundation-model: lesson it-identity-foundation step it-identity-foundation-step-it-identity-foundation-listen-model — visible prompt/transcript
  PASS it-identity-foundation-model: lesson it-identity-foundation legacy dictation it-identity-foundation-listen-model — visible prompt/transcript
  PASS it-market-foundation-model: lesson it-market-foundation step it-market-foundation-step-say — visible prompt/transcript
  PASS it-market-foundation-model: lesson it-market-foundation step it-market-foundation-step-it-market-foundation-listen-model — visible prompt/transcript
  PASS it-market-foundation-model: lesson it-market-foundation legacy dictation it-market-foundation-listen-model — visible prompt/transcript
  PASS it-negation-foundation-model: lesson it-negation-foundation step it-negation-foundation-step-rb10 — visible prompt/transcript
  PASS it-negation-foundation-model: lesson it-negation-foundation legacy dictation it-negation-foundation-listen-model — visible prompt/transcript
  PASS it-numbers-foundation-model: lesson it-numbers-foundation step it-numbers-foundation-step-rb9 — visible prompt/transcript
  PASS it-numbers-foundation-model: lesson it-numbers-foundation step it-numbers-foundation-step-rb10 — visible prompt/transcript
  PASS it-numbers-foundation-model: lesson it-numbers-foundation legacy dictation it-numbers-foundation-listen-model — visible prompt/transcript
  PASS it-past-foundation-model: lesson it-past-foundation step it-past-foundation-step-rb7 — visible prompt/transcript
  PASS it-past-foundation-model: lesson it-past-foundation legacy dictation it-past-foundation-listen-model — visible prompt/transcript
  PASS it-people-foundation-model: lesson it-people-foundation step it-people-foundation-step-say — visible prompt/transcript
  PASS it-people-foundation-model: lesson it-people-foundation step it-people-foundation-step-it-people-foundation-listen-model — visible prompt/transcript
  PASS it-people-foundation-model: lesson it-people-foundation legacy dictation it-people-foundation-listen-model — visible prompt/transcript
  PASS it-plans-foundation-model: lesson it-plans-foundation step it-plans-foundation-step-rb9 — visible prompt/transcript
  PASS it-plans-foundation-model: lesson it-plans-foundation legacy dictation it-plans-foundation-listen-model — visible prompt/transcript
  PASS it-plural-foundation-model: lesson it-plural-foundation step it-plural-foundation-step-rb9 — visible prompt/transcript
  PASS it-plural-foundation-model: lesson it-plural-foundation step it-plural-foundation-step-rb10 — visible prompt/transcript
  PASS it-plural-foundation-model: lesson it-plural-foundation legacy dictation it-plural-foundation-listen-model — visible prompt/transcript
  PASS it-polite-coffee-audio: lesson it-requests-foundation step it-requests-foundation-step-it-requests-foundation-listen — visible prompt/transcript
  PASS it-polite-coffee-audio: lesson it-requests-foundation legacy dictation it-requests-foundation-listen — visible prompt/transcript
  PASS it-polite-coffee-audio: lesson it-cafe-order-foundation step it-cafe-order-foundation-step-say — visible prompt/transcript
  PASS it-polite-coffee-audio: lesson it-cafe-order-foundation step it-cafe-order-foundation-step-it-cafe-order-foundation-listen-model — visible prompt/transcript
  PASS it-polite-coffee-audio: lesson it-cafe-order-foundation legacy dictation it-cafe-order-foundation-listen-model — visible prompt/transcript
  PASS it-possession-foundation-model: lesson it-possession-foundation step it-possession-foundation-step-rb9 — visible prompt/transcript
  PASS it-possession-foundation-model: lesson it-possession-foundation step it-possession-foundation-step-rb10 — visible prompt/transcript
  PASS it-possession-foundation-model: lesson it-possession-foundation legacy dictation it-possession-foundation-listen-model — visible prompt/transcript
  PASS it-requests-foundation-model: lesson it-requests-foundation step it-requests-foundation-step-say — visible prompt/transcript
  PASS it-requests-foundation-model: lesson it-requests-foundation step it-requests-foundation-step-it-requests-foundation-listen-model — visible prompt/transcript
  PASS it-requests-foundation-model: lesson it-requests-foundation legacy dictation it-requests-foundation-listen-model — visible prompt/transcript
PASS listen tracks: declared durations match the audio; sections are ordered and in range; every device-speech step has visible text
PASS pack + media integrity (check_packs.sh)

== Step 2/5  Editorial backlog report  (tools/audit_editorial.sh — report only, not a gate) ==
SUMMARY fr-foundations (french): total 64 — error-feedback gap 0 surfaces, hint-gap 0/349 steps, ungraded 64 information + 0 self-compare, mission/story final-response gap 0/15
SUMMARY it-foundations (italian): total 72 — error-feedback gap 0 surfaces, hint-gap 0/362 steps, ungraded 60 information + 12 self-compare, mission/story final-response gap 0/13
SUMMARY de-foundations (german): total 68 — error-feedback gap 0 surfaces, hint-gap 0/337 steps, ungraded 68 information + 0 self-compare, mission/story final-response gap 0/16
SUMMARY pt-foundations (portuguese): total 60 — error-feedback gap 0 surfaces, hint-gap 0/344 steps, ungraded 60 information + 0 self-compare, mission/story final-response gap 0/16
SUMMARY es-foundations (spanish): total 68 — error-feedback gap 0 surfaces, hint-gap 0/355 steps, ungraded 68 information + 0 self-compare, mission/story final-response gap 0/16
== OPEN-ENDED GRADING CHECK ==
EXIT-GATE (open-ended free production falsely auto-graded): PASS (0) — free-phrase 0, interrogative 0; informational: comprehension 102
SUMMARY all five packs audited; exit 0 means packs loaded — treat counts as a backlog, not a pass/fail
PASS editorial audit ran — backlog counts above are informational, not a gate

== Step 3/5  Generated lesson catalog is a faithful snapshot  (tools/gen_lesson_catalog.py) ==
PASS LessonCatalog.generated.swift regenerates byte-identically from the packs

== Step 4/5  Unit tests  (CondiscoTests) ==
Command line invocation:
    /Applications/Xcode.app/Contents/Developer/usr/bin/xcodebuild test -project Condisco.xcodeproj -scheme Condisco -destination "platform=iOS Simulator,name=iPhone 18 Pro" "-only-testing:CondiscoTests" -derivedDataPath /var/folders/3w/91hphlzs0rv_1twbkfyhvn6m0000gn/T//condisco-preflight.UUZpei/DerivedData ONLY_ACTIVE_ARCH=YES

Build settings from command line:
    ONLY_ACTIVE_ARCH = YES

ComputePackagePrebuildTargetDependencyGraph

Prepare packages

CreateBuildRequest

SendProjectDescription

CreateBuildOperation

ComputeTargetDependencyGraph
note: Building targets in dependency order
note: Target dependency graph (4 targets)
    Target 'CondiscoUITests' in project 'Condisco'
        ➜ Explicit dependency on target 'Condisco' in project 'Condisco'
    Target 'CondiscoTests' in project 'Condisco'
        ➜ Explicit dependency on target 'Condisco' in project 'Condisco'
    Target 'Condisco' in project 'Condisco'
        ➜ Explicit dependency on target 'CondiscoWidget' in project 'Condisco'
    Target 'CondiscoWidget' in project 'Condisco' (no dependencies)

GatherProvisioningInputs

CreateBuildDescription

ExecuteExternalTool /Applications/Xcode.app/Contents/Developer/Toolchains/XcodeDefault.xctoolchain/usr/bin/swiftc --version

ExecuteExternalTool /Applications/Xcode.app/Contents/Developer/usr/bin/actool --print-asset-tag-combinations --output-format xml1 /Users/spkoehl/Projects/VerbaLibera/Condisco/Assets.xcassets

ExecuteExternalTool /Applications/Xcode.app/Contents/Developer/Toolchains/XcodeDefault.xctoolchain/usr/bin/clang -v -E -dM -isysroot /Applications/Xcode.app/Contents/Developer/Platforms/iPhoneSimulator.platform/Developer/SDKs/iPhoneSimulator27.0.sdk -x c -c /dev/null

ExecuteExternalTool /Applications/Xcode.app/Contents/Developer/Toolchains/XcodeDefault.xctoolchain/usr/bin/ld -version_details

ExecuteExternalTool /Applications/Xcode.app/Contents/Developer/usr/bin/actool --version --output-format xml1

Build description signature: 772f8b6c2535a352d57114d38ecdb367
Build description path: /var/folders/3w/91hphlzs0rv_1twbkfyhvn6m0000gn/T/condisco-preflight.UUZpei/DerivedData/Build/Intermediates.noindex/XCBuildData/772f8b6c2535a352d57114d38ecdb367.xcbuilddata
CreateBuildDirectory /var/folders/3w/91hphlzs0rv_1twbkfyhvn6m0000gn/T/condisco-preflight.UUZpei/DerivedData/ModuleCache.noindex
    cd /Users/spkoehl/Projects/VerbaLibera/Condisco.xcodeproj
    builtin-create-build-directory /var/folders/3w/91hphlzs0rv_1twbkfyhvn6m0000gn/T/condisco-preflight.UUZpei/DerivedData/ModuleCache.noindex

CreateBuildDirectory /var/folders/3w/91hphlzs0rv_1twbkfyhvn6m0000gn/T/condisco-preflight.UUZpei/DerivedData/SDKExplicitPrecompiledModules
    cd /Users/spkoehl/Projects/VerbaLibera/Condisco.xcodeproj
    builtin-create-build-directory /var/folders/3w/91hphlzs0rv_1twbkfyhvn6m0000gn/T/condisco-preflight.UUZpei/DerivedData/SDKExplicitPrecompiledModules

CreateBuildDirectory /var/folders/3w/91hphlzs0rv_1twbkfyhvn6m0000gn/T/condisco-preflight.UUZpei/DerivedData/CompilationCache.noindex
    cd /Users/spkoehl/Projects/VerbaLibera/Condisco.xcodeproj
    builtin-create-build-directory /var/folders/3w/91hphlzs0rv_1twbkfyhvn6m0000gn/T/condisco-preflight.UUZpei/DerivedData/CompilationCache.noindex

CreateBuildDirectory /var/folders/3w/91hphlzs0rv_1twbkfyhvn6m0000gn/T/condisco-preflight.UUZpei/DerivedData/Build/Products
    cd /Users/spkoehl/Projects/VerbaLibera/Condisco.xcodeproj
    builtin-create-build-directory /var/folders/3w/91hphlzs0rv_1twbkfyhvn6m0000gn/T/condisco-preflight.UUZpei/DerivedData/Build/Products

CreateBuildDirectory /var/folders/3w/91hphlzs0rv_1twbkfyhvn6m0000gn/T/condisco-preflight.UUZpei/DerivedData/Build/Intermediates.noindex
    cd /Users/spkoehl/Projects/VerbaLibera/Condisco.xcodeproj
    builtin-create-build-directory /var/folders/3w/91hphlzs0rv_1twbkfyhvn6m0000gn/T/condisco-preflight.UUZpei/DerivedData/Build/Intermediates.noindex

ClangStatCache /Applications/Xcode.app/Contents/Developer/Toolchains/XcodeDefault.xctoolchain/usr/bin/clang-stat-cache /Applications/Xcode.app/Contents/Developer/Platforms/iPhoneSimulator.platform/Developer/SDKs/iPhoneSimulator27.0.sdk /var/folders/3w/91hphlzs0rv_1twbkfyhvn6m0000gn/T/condisco-preflight.UUZpei/DerivedData/SDKStatCaches.noindex/iphonesimulator27.0-24A430-8dc58220667be655e1bcc261a7455254.sdkstatcache
    cd /Users/spkoehl/Projects/VerbaLibera/Condisco.xcodeproj
    /Applications/Xcode.app/Contents/Developer/Toolchains/XcodeDefault.xctoolchain/usr/bin/clang-stat-cache /Applications/Xcode.app/Contents/Developer/Platforms/iPhoneSimulator.platform/Developer/SDKs/iPhoneSimulator27.0.sdk -o /var/folders/3w/91hphlzs0rv_1twbkfyhvn6m0000gn/T/condisco-preflight.UUZpei/DerivedData/SDKStatCaches.noindex/iphonesimulator27.0-24A430-8dc58220667be655e1bcc261a7455254.sdkstatcache

CreateBuildDirectory /var/folders/3w/91hphlzs0rv_1twbkfyhvn6m0000gn/T/condisco-preflight.UUZpei/DerivedData/Build/Products/Debug-iphonesimulator
    cd /Users/spkoehl/Projects/VerbaLibera/Condisco.xcodeproj
    builtin-create-build-directory /var/folders/3w/91hphlzs0rv_1twbkfyhvn6m0000gn/T/condisco-preflight.UUZpei/DerivedData/Build/Products/Debug-iphonesimulator

CreateBuildDirectory /var/folders/3w/91hphlzs0rv_1twbkfyhvn6m0000gn/T/condisco-preflight.UUZpei/DerivedData/Build/Intermediates.noindex/SwiftExplicitPrecompiledModules
    cd /Users/spkoehl/Projects/VerbaLibera/Condisco.xcodeproj
    builtin-create-build-directory /var/folders/3w/91hphlzs0rv_1twbkfyhvn6m0000gn/T/condisco-preflight.UUZpei/DerivedData/Build/Intermediates.noindex/SwiftExplicitPrecompiledModules

CreateBuildDirectory /var/folders/3w/91hphlzs0rv_1twbkfyhvn6m0000gn/T/condisco-preflight.UUZpei/DerivedData/Build/Intermediates.noindex/PrecompiledHeaders
    cd /Users/spkoehl/Projects/VerbaLibera/Condisco.xcodeproj
    builtin-create-build-directory /var/folders/3w/91hphlzs0rv_1twbkfyhvn6m0000gn/T/condisco-preflight.UUZpei/DerivedData/Build/Intermediates.noindex/PrecompiledHeaders

WriteAuxiliaryFile /var/folders/3w/91hphlzs0rv_1twbkfyhvn6m0000gn/T/condisco-preflight.UUZpei/DerivedData/Build/Intermediates.noindex/Condisco.build/Debug-iphonesimulator/Condisco-a06d22f186627733d537732b5233bd82-VFS-iphonesimulator/all-product-headers.yaml
    cd /Users/spkoehl/Projects/VerbaLibera/Condisco.xcodeproj
    write-file /var/folders/3w/91hphlzs0rv_1twbkfyhvn6m0000gn/T/condisco-preflight.UUZpei/DerivedData/Build/Intermediates.noindex/Condisco.build/Debug-iphonesimulator/Condisco-a06d22f186627733d537732b5233bd82-VFS-iphonesimulator/all-product-headers.yaml

CreateBuildDirectory /var/folders/3w/91hphlzs0rv_1twbkfyhvn6m0000gn/T/condisco-preflight.UUZpei/DerivedData/Build/Intermediates.noindex/ExplicitPrecompiledModules
    cd /Users/spkoehl/Projects/VerbaLibera/Condisco.xcodeproj
    builtin-create-build-directory /var/folders/3w/91hphlzs0rv_1twbkfyhvn6m0000gn/T/condisco-preflight.UUZpei/DerivedData/Build/Intermediates.noindex/ExplicitPrecompiledModules

CreateBuildDirectory /var/folders/3w/91hphlzs0rv_1twbkfyhvn6m0000gn/T/condisco-preflight.UUZpei/DerivedData/Build/Intermediates.noindex/EagerLinkingTBDs/Debug-iphonesimulator
    cd /Users/spkoehl/Projects/VerbaLibera/Condisco.xcodeproj
    builtin-create-build-directory /var/folders/3w/91hphlzs0rv_1twbkfyhvn6m0000gn/T/condisco-preflight.UUZpei/DerivedData/Build/Intermediates.noindex/EagerLinkingTBDs/Debug-iphonesimulator

WriteAuxiliaryFile /var/folders/3w/91hphlzs0rv_1twbkfyhvn6m0000gn/T/condisco-preflight.UUZpei/DerivedData/Build/Intermediates.noindex/Condisco.build/Debug-iphonesimulator/CondiscoWidget.build/Objects-normal/arm64/CondiscoWidget.SwiftFileList (in target 'CondiscoWidget' from project 'Condisco')
    cd /Users/spkoehl/Projects/VerbaLibera
    write-file /var/folders/3w/91hphlzs0rv_1twbkfyhvn6m0000gn/T/condisco-preflight.UUZpei/DerivedData/Build/Intermediates.noindex/Condisco.build/Debug-iphonesimulator/CondiscoWidget.build/Objects-normal/arm64/CondiscoWidget.SwiftFileList

WriteAuxiliaryFile /var/folders/3w/91hphlzs0rv_1twbkfyhvn6m0000gn/T/condisco-preflight.UUZpei/DerivedData/Build/Intermediates.noindex/Condisco.build/Debug-iphonesimulator/CondiscoWidget.build/Objects-normal/arm64/CondiscoWidget_const_extract_protocols.json (in target 'CondiscoWidget' from project 'Condisco')
    cd /Users/spkoehl/Projects/VerbaLibera
    write-file /var/folders/3w/91hphlzs0rv_1twbkfyhvn6m0000gn/T/condisco-preflight.UUZpei/DerivedData/Build/Intermediates.noindex/Condisco.build/Debug-iphonesimulator/CondiscoWidget.build/Objects-normal/arm64/CondiscoWidget_const_extract_protocols.json

WriteAuxiliaryFile /var/folders/3w/91hphlzs0rv_1twbkfyhvn6m0000gn/T/condisco-preflight.UUZpei/DerivedData/Build/Intermediates.noindex/Condisco.build/Debug-iphonesimulator/CondiscoWidget.build/Objects-normal/arm64/CondiscoWidget.SwiftConstValuesFileList (in target 'CondiscoWidget' from project 'Condisco')
    cd /Users/spkoehl/Projects/VerbaLibera
    write-file /var/folders/3w/91hphlzs0rv_1twbkfyhvn6m0000gn/T/condisco-preflight.UUZpei/DerivedData/Build/Intermediates.noindex/Condisco.build/Debug-iphonesimulator/CondiscoWidget.build/Objects-normal/arm64/CondiscoWidget.SwiftConstValuesFileList

WriteAuxiliaryFile /var/folders/3w/91hphlzs0rv_1twbkfyhvn6m0000gn/T/condisco-preflight.UUZpei/DerivedData/Build/Intermediates.noindex/Condisco.build/Debug-iphonesimulator/CondiscoWidget.build/Objects-normal/arm64/CondiscoWidget.LinkFileList (in target 'CondiscoWidget' from project 'Condisco')
    cd /Users/spkoehl/Projects/VerbaLibera
    write-file /var/folders/3w/91hphlzs0rv_1twbkfyhvn6m0000gn/T/condisco-preflight.UUZpei/DerivedData/Build/Intermediates.noindex/Condisco.build/Debug-iphonesimulator/CondiscoWidget.build/Objects-normal/arm64/CondiscoWidget.LinkFileList

WriteAuxiliaryFile /var/folders/3w/91hphlzs0rv_1twbkfyhvn6m0000gn/T/condisco-preflight.UUZpei/DerivedData/Build/Intermediates.noindex/Condisco.build/Debug-iphonesimulator/CondiscoWidget.build/Objects-normal/arm64/CondiscoWidget-OutputFileMap.json (in target 'CondiscoWidget' from project 'Condisco')
    cd /Users/spkoehl/Projects/VerbaLibera
    write-file /var/folders/3w/91hphlzs0rv_1twbkfyhvn6m0000gn/T/condisco-preflight.UUZpei/DerivedData/Build/Intermediates.noindex/Condisco.build/Debug-iphonesimulator/CondiscoWidget.build/Objects-normal/arm64/CondiscoWidget-OutputFileMap.json

WriteAuxiliaryFile /var/folders/3w/91hphlzs0rv_1twbkfyhvn6m0000gn/T/condisco-preflight.UUZpei/DerivedData/Build/Intermediates.noindex/Condisco.build/Debug-iphonesimulator/CondiscoWidget.build/DerivedSources/Entitlements-Simulated.plist (in target 'CondiscoWidget' from project 'Condisco')
    cd /Users/spkoehl/Projects/VerbaLibera
    write-file /var/folders/3w/91hphlzs0rv_1twbkfyhvn6m0000gn/T/condisco-preflight.UUZpei/DerivedData/Build/Intermediates.noindex/Condisco.build/Debug-iphonesimulator/CondiscoWidget.build/DerivedSources/Entitlements-Simulated.plist

WriteAuxiliaryFile /var/folders/3w/91hphlzs0rv_1twbkfyhvn6m0000gn/T/condisco-preflight.UUZpei/DerivedData/Build/Intermediates.noindex/Condisco.build/Debug-iphonesimulator/CondiscoWidget.build/CondiscoWidget.hmap (in target 'CondiscoWidget' from project 'Condisco')
    cd /Users/spkoehl/Projects/VerbaLibera
    write-file /var/folders/3w/91hphlzs0rv_1twbkfyhvn6m0000gn/T/condisco-preflight.UUZpei/DerivedData/Build/Intermediates.noindex/Condisco.build/Debug-iphonesimulator/CondiscoWidget.build/CondiscoWidget.hmap

WriteAuxiliaryFile /var/folders/3w/91hphlzs0rv_1twbkfyhvn6m0000gn/T/condisco-preflight.UUZpei/DerivedData/Build/Intermediates.noindex/Condisco.build/Debug-iphonesimulator/CondiscoWidget.build/CondiscoWidget.DependencyStaticMetadataFileList (in target 'CondiscoWidget' from project 'Condisco')
    cd /Users/spkoehl/Projects/VerbaLibera
    write-file /var/folders/3w/91hphlzs0rv_1twbkfyhvn6m0000gn/T/condisco-preflight.UUZpei/DerivedData/Build/Intermediates.noindex/Condisco.build/Debug-iphonesimulator/CondiscoWidget.build/CondiscoWidget.DependencyStaticMetadataFileList

WriteAuxiliaryFile /var/folders/3w/91hphlzs0rv_1twbkfyhvn6m0000gn/T/condisco-preflight.UUZpei/DerivedData/Build/Intermediates.noindex/Condisco.build/Debug-iphonesimulator/CondiscoWidget.build/CondiscoWidget.DependencyMetadataFileList (in target 'CondiscoWidget' from project 'Condisco')
    cd /Users/spkoehl/Projects/VerbaLibera
    write-file /var/folders/3w/91hphlzs0rv_1twbkfyhvn6m0000gn/T/condisco-preflight.UUZpei/DerivedData/Build/Intermediates.noindex/Condisco.build/Debug-iphonesimulator/CondiscoWidget.build/CondiscoWidget.DependencyMetadataFileList

WriteAuxiliaryFile /var/folders/3w/91hphlzs0rv_1twbkfyhvn6m0000gn/T/condisco-preflight.UUZpei/DerivedData/Build/Intermediates.noindex/Condisco.build/Debug-iphonesimulator/CondiscoWidget.build/CondiscoWidget-project-headers.hmap (in target 'CondiscoWidget' from project 'Condisco')
    cd /Users/spkoehl/Projects/VerbaLibera
    write-file /var/folders/3w/91hphlzs0rv_1twbkfyhvn6m0000gn/T/condisco-preflight.UUZpei/DerivedData/Build/Intermediates.noindex/Condisco.build/Debug-iphonesimulator/CondiscoWidget.build/CondiscoWidget-project-headers.hmap

WriteAuxiliaryFile /var/folders/3w/91hphlzs0rv_1twbkfyhvn6m0000gn/T/condisco-preflight.UUZpei/DerivedData/Build/Intermediates.noindex/Condisco.build/Debug-iphonesimulator/CondiscoWidget.build/CondiscoWidget-own-target-headers.hmap (in target 'CondiscoWidget' from project 'Condisco')
    cd /Users/spkoehl/Projects/VerbaLibera
    write-file /var/folders/3w/91hphlzs0rv_1twbkfyhvn6m0000gn/T/condisco-preflight.UUZpei/DerivedData/Build/Intermediates.noindex/Condisco.build/Debug-iphonesimulator/CondiscoWidget.build/CondiscoWidget-own-target-headers.hmap

WriteAuxiliaryFile /var/folders/3w/91hphlzs0rv_1twbkfyhvn6m0000gn/T/condisco-preflight.UUZpei/DerivedData/Build/Intermediates.noindex/Condisco.build/Debug-iphonesimulator/CondiscoWidget.build/CondiscoWidget-generated-files.hmap (in target 'CondiscoWidget' from project 'Condisco')
    cd /Users/spkoehl/Projects/VerbaLibera
    write-file /var/folders/3w/91hphlzs0rv_1twbkfyhvn6m0000gn/T/condisco-preflight.UUZpei/DerivedData/Build/Intermediates.noindex/Condisco.build/Debug-iphonesimulator/CondiscoWidget.build/CondiscoWidget-generated-files.hmap

WriteAuxiliaryFile /var/folders/3w/91hphlzs0rv_1twbkfyhvn6m0000gn/T/condisco-preflight.UUZpei/DerivedData/Build/Intermediates.noindex/Condisco.build/Debug-iphonesimulator/CondiscoWidget.build/CondiscoWidget-all-target-headers.hmap (in target 'CondiscoWidget' from project 'Condisco')
    cd /Users/spkoehl/Projects/VerbaLibera
    write-file /var/folders/3w/91hphlzs0rv_1twbkfyhvn6m0000gn/T/condisco-preflight.UUZpei/DerivedData/Build/Intermediates.noindex/Condisco.build/Debug-iphonesimulator/CondiscoWidget.build/CondiscoWidget-all-target-headers.hmap

WriteAuxiliaryFile /var/folders/3w/91hphlzs0rv_1twbkfyhvn6m0000gn/T/condisco-preflight.UUZpei/DerivedData/Build/Intermediates.noindex/Condisco.build/Debug-iphonesimulator/CondiscoWidget.build/CondiscoWidget-all-non-framework-target-headers.hmap (in target 'CondiscoWidget' from project 'Condisco')
    cd /Users/spkoehl/Projects/VerbaLibera
    write-file /var/folders/3w/91hphlzs0rv_1twbkfyhvn6m0000gn/T/condisco-preflight.UUZpei/DerivedData/Build/Intermediates.noindex/Condisco.build/Debug-iphonesimulator/CondiscoWidget.build/CondiscoWidget-all-non-framework-target-headers.hmap

WriteAuxiliaryFile /var/folders/3w/91hphlzs0rv_1twbkfyhvn6m0000gn/T/condisco-preflight.UUZpei/DerivedData/Build/Intermediates.noindex/Condisco.build/Debug-iphonesimulator/CondiscoWidget.build/CondiscoWidget-DebugEntryPoint-normal-arm64.txt (in target 'CondiscoWidget' from project 'Condisco')
    cd /Users/spkoehl/Projects/VerbaLibera
    write-file /var/folders/3w/91hphlzs0rv_1twbkfyhvn6m0000gn/T/condisco-preflight.UUZpei/DerivedData/Build/Intermediates.noindex/Condisco.build/Debug-iphonesimulator/CondiscoWidget.build/CondiscoWidget-DebugEntryPoint-normal-arm64.txt

WriteAuxiliaryFile /var/folders/3w/91hphlzs0rv_1twbkfyhvn6m0000gn/T/condisco-preflight.UUZpei/DerivedData/Build/Intermediates.noindex/Condisco.build/Debug-iphonesimulator/CondiscoWidget.build/CondiscoWidget-DebugDylibPath-normal-arm64.txt (in target 'CondiscoWidget' from project 'Condisco')
    cd /Users/spkoehl/Projects/VerbaLibera
    write-file /var/folders/3w/91hphlzs0rv_1twbkfyhvn6m0000gn/T/condisco-preflight.UUZpei/DerivedData/Build/Intermediates.noindex/Condisco.build/Debug-iphonesimulator/CondiscoWidget.build/CondiscoWidget-DebugDylibPath-normal-arm64.txt

WriteAuxiliaryFile /var/folders/3w/91hphlzs0rv_1twbkfyhvn6m0000gn/T/condisco-preflight.UUZpei/DerivedData/Build/Intermediates.noindex/Condisco.build/Debug-iphonesimulator/CondiscoWidget.build/CondiscoWidget-DebugDylibInstallName-normal-arm64.txt (in target 'CondiscoWidget' from project 'Condisco')
    cd /Users/spkoehl/Projects/VerbaLibera
    write-file /var/folders/3w/91hphlzs0rv_1twbkfyhvn6m0000gn/T/condisco-preflight.UUZpei/DerivedData/Build/Intermediates.noindex/Condisco.build/Debug-iphonesimulator/CondiscoWidget.build/CondiscoWidget-DebugDylibInstallName-normal-arm64.txt

WriteAuxiliaryFile /var/folders/3w/91hphlzs0rv_1twbkfyhvn6m0000gn/T/condisco-preflight.UUZpei/DerivedData/Build/Intermediates.noindex/Condisco.build/Debug-iphonesimulator/CondiscoUITests.build/empty-CondiscoUITests.plist (in target 'CondiscoUITests' from project 'Condisco')
    cd /Users/spkoehl/Projects/VerbaLibera
    write-file /var/folders/3w/91hphlzs0rv_1twbkfyhvn6m0000gn/T/condisco-preflight.UUZpei/DerivedData/Build/Intermediates.noindex/Condisco.build/Debug-iphonesimulator/CondiscoUITests.build/empty-CondiscoUITests.plist

WriteAuxiliaryFile /var/folders/3w/91hphlzs0rv_1twbkfyhvn6m0000gn/T/condisco-preflight.UUZpei/DerivedData/Build/Intermediates.noindex/Condisco.build/Debug-iphonesimulator/CondiscoUITests.build/ProductTypeInfoPlistAdditions.plist (in target 'CondiscoUITests' from project 'Condisco')
    cd /Users/spkoehl/Projects/VerbaLibera
    write-file /var/folders/3w/91hphlzs0rv_1twbkfyhvn6m0000gn/T/condisco-preflight.UUZpei/DerivedData/Build/Intermediates.noindex/Condisco.build/Debug-iphonesimulator/CondiscoUITests.build/ProductTypeInfoPlistAdditions.plist

WriteAuxiliaryFile /var/folders/3w/91hphlzs0rv_1twbkfyhvn6m0000gn/T/condisco-preflight.UUZpei/DerivedData/Build/Intermediates.noindex/Condisco.build/Debug-iphonesimulator/CondiscoUITests.build/Objects-normal/arm64/CondiscoUITests_const_extract_protocols.json (in target 'CondiscoUITests' from project 'Condisco')
    cd /Users/spkoehl/Projects/VerbaLibera
    write-file /var/folders/3w/91hphlzs0rv_1twbkfyhvn6m0000gn/T/condisco-preflight.UUZpei/DerivedData/Build/Intermediates.noindex/Condisco.build/Debug-iphonesimulator/CondiscoUITests.build/Objects-normal/arm64/CondiscoUITests_const_extract_protocols.json

WriteAuxiliaryFile /var/folders/3w/91hphlzs0rv_1twbkfyhvn6m0000gn/T/condisco-preflight.UUZpei/DerivedData/Build/Intermediates.noindex/Condisco.build/Debug-iphonesimulator/CondiscoUITests.build/Objects-normal/arm64/CondiscoUITests.SwiftFileList (in target 'CondiscoUITests' from project 'Condisco')
    cd /Users/spkoehl/Projects/VerbaLibera
    write-file /var/folders/3w/91hphlzs0rv_1twbkfyhvn6m0000gn/T/condisco-preflight.UUZpei/DerivedData/Build/Intermediates.noindex/Condisco.build/Debug-iphonesimulator/CondiscoUITests.build/Objects-normal/arm64/CondiscoUITests.SwiftFileList

WriteAuxiliaryFile /var/folders/3w/91hphlzs0rv_1twbkfyhvn6m0000gn/T/condisco-preflight.UUZpei/DerivedData/Build/Intermediates.noindex/Condisco.build/Debug-iphonesimulator/CondiscoUITests.build/Objects-normal/arm64/CondiscoUITests.SwiftConstValuesFileList (in target 'CondiscoUITests' from project 'Condisco')
    cd /Users/spkoehl/Projects/VerbaLibera
    write-file /var/folders/3w/91hphlzs0rv_1twbkfyhvn6m0000gn/T/condisco-preflight.UUZpei/DerivedData/Build/Intermediates.noindex/Condisco.build/Debug-iphonesimulator/CondiscoUITests.build/Objects-normal/arm64/CondiscoUITests.SwiftConstValuesFileList

WriteAuxiliaryFile /var/folders/3w/91hphlzs0rv_1twbkfyhvn6m0000gn/T/condisco-preflight.UUZpei/DerivedData/Build/Intermediates.noindex/Condisco.build/Debug-iphonesimulator/CondiscoUITests.build/Objects-normal/arm64/CondiscoUITests.LinkFileList (in target 'CondiscoUITests' from project 'Condisco')
    cd /Users/spkoehl/Projects/VerbaLibera
    write-file /var/folders/3w/91hphlzs0rv_1twbkfyhvn6m0000gn/T/condisco-preflight.UUZpei/DerivedData/Build/Intermediates.noindex/Condisco.build/Debug-iphonesimulator/CondiscoUITests.build/Objects-normal/arm64/CondiscoUITests.LinkFileList

WriteAuxiliaryFile /var/folders/3w/91hphlzs0rv_1twbkfyhvn6m0000gn/T/condisco-preflight.UUZpei/DerivedData/Build/Intermediates.noindex/Condisco.build/Debug-iphonesimulator/CondiscoUITests.build/DerivedSources/Entitlements-Simulated.plist (in target 'CondiscoUITests' from project 'Condisco')
    cd /Users/spkoehl/Projects/VerbaLibera
    write-file /var/folders/3w/91hphlzs0rv_1twbkfyhvn6m0000gn/T/condisco-preflight.UUZpei/DerivedData/Build/Intermediates.noindex/Condisco.build/Debug-iphonesimulator/CondiscoUITests.build/DerivedSources/Entitlements-Simulated.plist

WriteAuxiliaryFile /var/folders/3w/91hphlzs0rv_1twbkfyhvn6m0000gn/T/condisco-preflight.UUZpei/DerivedData/Build/Intermediates.noindex/Condisco.build/Debug-iphonesimulator/CondiscoUITests.build/Objects-normal/arm64/CondiscoUITests-OutputFileMap.json (in target 'CondiscoUITests' from project 'Condisco')
    cd /Users/spkoehl/Projects/VerbaLibera
    write-file /var/folders/3w/91hphlzs0rv_1twbkfyhvn6m0000gn/T/condisco-preflight.UUZpei/DerivedData/Build/Intermediates.noindex/Condisco.build/Debug-iphonesimulator/CondiscoUITests.build/Objects-normal/arm64/CondiscoUITests-OutputFileMap.json

WriteAuxiliaryFile /var/folders/3w/91hphlzs0rv_1twbkfyhvn6m0000gn/T/condisco-preflight.UUZpei/DerivedData/Build/Intermediates.noindex/Condisco.build/Debug-iphonesimulator/CondiscoUITests.build/CondiscoUITests.hmap (in target 'CondiscoUITests' from project 'Condisco')
    cd /Users/spkoehl/Projects/VerbaLibera
    write-file /var/folders/3w/91hphlzs0rv_1twbkfyhvn6m0000gn/T/condisco-preflight.UUZpei/DerivedData/Build/Intermediates.noindex/Condisco.build/Debug-iphonesimulator/CondiscoUITests.build/CondiscoUITests.hmap

WriteAuxiliaryFile /var/folders/3w/91hphlzs0rv_1twbkfyhvn6m0000gn/T/condisco-preflight.UUZpei/DerivedData/Build/Intermediates.noindex/Condisco.build/Debug-iphonesimulator/CondiscoUITests.build/CondiscoUITests.DependencyStaticMetadataFileList (in target 'CondiscoUITests' from project 'Condisco')
    cd /Users/spkoehl/Projects/VerbaLibera
    write-file /var/folders/3w/91hphlzs0rv_1twbkfyhvn6m0000gn/T/condisco-preflight.UUZpei/DerivedData/Build/Intermediates.noindex/Condisco.build/Debug-iphonesimulator/CondiscoUITests.build/CondiscoUITests.DependencyStaticMetadataFileList

WriteAuxiliaryFile /var/folders/3w/91hphlzs0rv_1twbkfyhvn6m0000gn/T/condisco-preflight.UUZpei/DerivedData/Build/Intermediates.noindex/Condisco.build/Debug-iphonesimulator/CondiscoUITests.build/CondiscoUITests.DependencyMetadataFileList (in target 'CondiscoUITests' from project 'Condisco')
    cd /Users/spkoehl/Projects/VerbaLibera
    write-file /var/folders/3w/91hphlzs0rv_1twbkfyhvn6m0000gn/T/condisco-preflight.UUZpei/DerivedData/Build/Intermediates.noindex/Condisco.build/Debug-iphonesimulator/CondiscoUITests.build/CondiscoUITests.DependencyMetadataFileList

WriteAuxiliaryFile /var/folders/3w/91hphlzs0rv_1twbkfyhvn6m0000gn/T/condisco-preflight.UUZpei/DerivedData/Build/Intermediates.noindex/Condisco.build/Debug-iphonesimulator/CondiscoUITests.build/CondiscoUITests-project-headers.hmap (in target 'CondiscoUITests' from project 'Condisco')
    cd /Users/spkoehl/Projects/VerbaLibera
    write-file /var/folders/3w/91hphlzs0rv_1twbkfyhvn6m0000gn/T/condisco-preflight.UUZpei/DerivedData/Build/Intermediates.noindex/Condisco.build/Debug-iphonesimulator/CondiscoUITests.build/CondiscoUITests-project-headers.hmap

WriteAuxiliaryFile /var/folders/3w/91hphlzs0rv_1twbkfyhvn6m0000gn/T/condisco-preflight.UUZpei/DerivedData/Build/Intermediates.noindex/Condisco.build/Debug-iphonesimulator/CondiscoUITests.build/CondiscoUITests-own-target-headers.hmap (in target 'CondiscoUITests' from project 'Condisco')
    cd /Users/spkoehl/Projects/VerbaLibera
    write-file /var/folders/3w/91hphlzs0rv_1twbkfyhvn6m0000gn/T/condisco-preflight.UUZpei/DerivedData/Build/Intermediates.noindex/Condisco.build/Debug-iphonesimulator/CondiscoUITests.build/CondiscoUITests-own-target-headers.hmap

WriteAuxiliaryFile /var/folders/3w/91hphlzs0rv_1twbkfyhvn6m0000gn/T/condisco-preflight.UUZpei/DerivedData/Build/Intermediates.noindex/Condisco.build/Debug-iphonesimulator/CondiscoUITests.build/CondiscoUITests-generated-files.hmap (in target 'CondiscoUITests' from project 'Condisco')
    cd /Users/spkoehl/Projects/VerbaLibera
    write-file /var/folders/3w/91hphlzs0rv_1twbkfyhvn6m0000gn/T/condisco-preflight.UUZpei/DerivedData/Build/Intermediates.noindex/Condisco.build/Debug-iphonesimulator/CondiscoUITests.build/CondiscoUITests-generated-files.hmap

WriteAuxiliaryFile /var/folders/3w/91hphlzs0rv_1twbkfyhvn6m0000gn/T/condisco-preflight.UUZpei/DerivedData/Build/Intermediates.noindex/Condisco.build/Debug-iphonesimulator/CondiscoUITests.build/CondiscoUITests-all-target-headers.hmap (in target 'CondiscoUITests' from project 'Condisco')
    cd /Users/spkoehl/Projects/VerbaLibera
    write-file /var/folders/3w/91hphlzs0rv_1twbkfyhvn6m0000gn/T/condisco-preflight.UUZpei/DerivedData/Build/Intermediates.noindex/Condisco.build/Debug-iphonesimulator/CondiscoUITests.build/CondiscoUITests-all-target-headers.hmap

WriteAuxiliaryFile /var/folders/3w/91hphlzs0rv_1twbkfyhvn6m0000gn/T/condisco-preflight.UUZpei/DerivedData/Build/Intermediates.noindex/Condisco.build/Debug-iphonesimulator/CondiscoUITests.build/CondiscoUITests-all-non-framework-target-headers.hmap (in target 'CondiscoUITests' from project 'Condisco')
    cd /Users/spkoehl/Projects/VerbaLibera
    write-file /var/folders/3w/91hphlzs0rv_1twbkfyhvn6m0000gn/T/condisco-preflight.UUZpei/DerivedData/Build/Intermediates.noindex/Condisco.build/Debug-iphonesimulator/CondiscoUITests.build/CondiscoUITests-all-non-framework-target-headers.hmap

WriteAuxiliaryFile /var/folders/3w/91hphlzs0rv_1twbkfyhvn6m0000gn/T/condisco-preflight.UUZpei/DerivedData/Build/Intermediates.noindex/Condisco.build/Debug-iphonesimulator/CondiscoTests.build/empty-CondiscoTests.plist (in target 'CondiscoTests' from project 'Condisco')
    cd /Users/spkoehl/Projects/VerbaLibera
    write-file /var/folders/3w/91hphlzs0rv_1twbkfyhvn6m0000gn/T/condisco-preflight.UUZpei/DerivedData/Build/Intermediates.noindex/Condisco.build/Debug-iphonesimulator/CondiscoTests.build/empty-CondiscoTests.plist

WriteAuxiliaryFile /var/folders/3w/91hphlzs0rv_1twbkfyhvn6m0000gn/T/condisco-preflight.UUZpei/DerivedData/Build/Intermediates.noindex/Condisco.build/Debug-iphonesimulator/CondiscoTests.build/Objects-normal/arm64/CondiscoTests.SwiftFileList (in target 'CondiscoTests' from project 'Condisco')
    cd /Users/spkoehl/Projects/VerbaLibera
    write-file /var/folders/3w/91hphlzs0rv_1twbkfyhvn6m0000gn/T/condisco-preflight.UUZpei/DerivedData/Build/Intermediates.noindex/Condisco.build/Debug-iphonesimulator/CondiscoTests.build/Objects-normal/arm64/CondiscoTests.SwiftFileList

WriteAuxiliaryFile /var/folders/3w/91hphlzs0rv_1twbkfyhvn6m0000gn/T/condisco-preflight.UUZpei/DerivedData/Build/Intermediates.noindex/Condisco.build/Debug-iphonesimulator/CondiscoTests.build/Objects-normal/arm64/CondiscoTests.SwiftConstValuesFileList (in target 'CondiscoTests' from project 'Condisco')
    cd /Users/spkoehl/Projects/VerbaLibera
    write-file /var/folders/3w/91hphlzs0rv_1twbkfyhvn6m0000gn/T/condisco-preflight.UUZpei/DerivedData/Build/Intermediates.noindex/Condisco.build/Debug-iphonesimulator/CondiscoTests.build/Objects-normal/arm64/CondiscoTests.SwiftConstValuesFileList

WriteAuxiliaryFile /var/folders/3w/91hphlzs0rv_1twbkfyhvn6m0000gn/T/condisco-preflight.UUZpei/DerivedData/Build/Intermediates.noindex/Condisco.build/Debug-iphonesimulator/CondiscoTests.build/Objects-normal/arm64/CondiscoTests_const_extract_protocols.json (in target 'CondiscoTests' from project 'Condisco')
    cd /Users/spkoehl/Projects/VerbaLibera
    write-file /var/folders/3w/91hphlzs0rv_1twbkfyhvn6m0000gn/T/condisco-preflight.UUZpei/DerivedData/Build/Intermediates.noindex/Condisco.build/Debug-iphonesimulator/CondiscoTests.build/Objects-normal/arm64/CondiscoTests_const_extract_protocols.json

WriteAuxiliaryFile /var/folders/3w/91hphlzs0rv_1twbkfyhvn6m0000gn/T/condisco-preflight.UUZpei/DerivedData/Build/Intermediates.noindex/Condisco.build/Debug-iphonesimulator/CondiscoTests.build/Objects-normal/arm64/CondiscoTests.LinkFileList (in target 'CondiscoTests' from project 'Condisco')
    cd /Users/spkoehl/Projects/VerbaLibera
    write-file /var/folders/3w/91hphlzs0rv_1twbkfyhvn6m0000gn/T/condisco-preflight.UUZpei/DerivedData/Build/Intermediates.noindex/Condisco.build/Debug-iphonesimulator/CondiscoTests.build/Objects-normal/arm64/CondiscoTests.LinkFileList

WriteAuxiliaryFile /var/folders/3w/91hphlzs0rv_1twbkfyhvn6m0000gn/T/condisco-preflight.UUZpei/DerivedData/Build/Intermediates.noindex/Condisco.build/Debug-iphonesimulator/CondiscoTests.build/Objects-normal/arm64/CondiscoTests-OutputFileMap.json (in target 'CondiscoTests' from project 'Condisco')
    cd /Users/spkoehl/Projects/VerbaLibera
    write-file /var/folders/3w/91hphlzs0rv_1twbkfyhvn6m0000gn/T/condisco-preflight.UUZpei/DerivedData/Build/Intermediates.noindex/Condisco.build/Debug-iphonesimulator/CondiscoTests.build/Objects-normal/arm64/CondiscoTests-OutputFileMap.json

WriteAuxiliaryFile /var/folders/3w/91hphlzs0rv_1twbkfyhvn6m0000gn/T/condisco-preflight.UUZpei/DerivedData/Build/Intermediates.noindex/Condisco.build/Debug-iphonesimulator/CondiscoTests.build/CondiscoTests.DependencyStaticMetadataFileList (in target 'CondiscoTests' from project 'Condisco')
    cd /Users/spkoehl/Projects/VerbaLibera
    write-file /var/folders/3w/91hphlzs0rv_1twbkfyhvn6m0000gn/T/condisco-preflight.UUZpei/DerivedData/Build/Intermediates.noindex/Condisco.build/Debug-iphonesimulator/CondiscoTests.build/CondiscoTests.DependencyStaticMetadataFileList

WriteAuxiliaryFile /var/folders/3w/91hphlzs0rv_1twbkfyhvn6m0000gn/T/condisco-preflight.UUZpei/DerivedData/Build/Intermediates.noindex/Condisco.build/Debug-iphonesimulator/CondiscoTests.build/CondiscoTests.hmap (in target 'CondiscoTests' from project 'Condisco')
    cd /Users/spkoehl/Projects/VerbaLibera
    write-file /var/folders/3w/91hphlzs0rv_1twbkfyhvn6m0000gn/T/condisco-preflight.UUZpei/DerivedData/Build/Intermediates.noindex/Condisco.build/Debug-iphonesimulator/CondiscoTests.build/CondiscoTests.hmap

WriteAuxiliaryFile /var/folders/3w/91hphlzs0rv_1twbkfyhvn6m0000gn/T/condisco-preflight.UUZpei/DerivedData/Build/Intermediates.noindex/Condisco.build/Debug-iphonesimulator/CondiscoTests.build/CondiscoTests.DependencyMetadataFileList (in target 'CondiscoTests' from project 'Condisco')
    cd /Users/spkoehl/Projects/VerbaLibera
    write-file /var/folders/3w/91hphlzs0rv_1twbkfyhvn6m0000gn/T/condisco-preflight.UUZpei/DerivedData/Build/Intermediates.noindex/Condisco.build/Debug-iphonesimulator/CondiscoTests.build/CondiscoTests.DependencyMetadataFileList

WriteAuxiliaryFile /var/folders/3w/91hphlzs0rv_1twbkfyhvn6m0000gn/T/condisco-preflight.UUZpei/DerivedData/Build/Intermediates.noindex/Condisco.build/Debug-iphonesimulator/CondiscoTests.build/CondiscoTests-project-headers.hmap (in target 'CondiscoTests' from project 'Condisco')
    cd /Users/spkoehl/Projects/VerbaLibera
    write-file /var/folders/3w/91hphlzs0rv_1twbkfyhvn6m0000gn/T/condisco-preflight.UUZpei/DerivedData/Build/Intermediates.noindex/Condisco.build/Debug-iphonesimulator/CondiscoTests.build/CondiscoTests-project-headers.hmap

WriteAuxiliaryFile /var/folders/3w/91hphlzs0rv_1twbkfyhvn6m0000gn/T/condisco-preflight.UUZpei/DerivedData/Build/Intermediates.noindex/Condisco.build/Debug-iphonesimulator/CondiscoTests.build/CondiscoTests-own-target-headers.hmap (in target 'CondiscoTests' from project 'Condisco')
    cd /Users/spkoehl/Projects/VerbaLibera
    write-file /var/folders/3w/91hphlzs0rv_1twbkfyhvn6m0000gn/T/condisco-preflight.UUZpei/DerivedData/Build/Intermediates.noindex/Condisco.build/Debug-iphonesimulator/CondiscoTests.build/CondiscoTests-own-target-headers.hmap

WriteAuxiliaryFile /var/folders/3w/91hphlzs0rv_1twbkfyhvn6m0000gn/T/condisco-preflight.UUZpei/DerivedData/Build/Intermediates.noindex/Condisco.build/Debug-iphonesimulator/CondiscoTests.build/CondiscoTests-generated-files.hmap (in target 'CondiscoTests' from project 'Condisco')
    cd /Users/spkoehl/Projects/VerbaLibera
    write-file /var/folders/3w/91hphlzs0rv_1twbkfyhvn6m0000gn/T/condisco-preflight.UUZpei/DerivedData/Build/Intermediates.noindex/Condisco.build/Debug-iphonesimulator/CondiscoTests.build/CondiscoTests-generated-files.hmap

WriteAuxiliaryFile /var/folders/3w/91hphlzs0rv_1twbkfyhvn6m0000gn/T/condisco-preflight.UUZpei/DerivedData/Build/Intermediates.noindex/Condisco.build/Debug-iphonesimulator/CondiscoTests.build/CondiscoTests-all-target-headers.hmap (in target 'CondiscoTests' from project 'Condisco')
    cd /Users/spkoehl/Projects/VerbaLibera
    write-file /var/folders/3w/91hphlzs0rv_1twbkfyhvn6m0000gn/T/condisco-preflight.UUZpei/DerivedData/Build/Intermediates.noindex/Condisco.build/Debug-iphonesimulator/CondiscoTests.build/CondiscoTests-all-target-headers.hmap

WriteAuxiliaryFile /var/folders/3w/91hphlzs0rv_1twbkfyhvn6m0000gn/T/condisco-preflight.UUZpei/DerivedData/Build/Intermediates.noindex/Condisco.build/Debug-iphonesimulator/CondiscoTests.build/CondiscoTests-all-non-framework-target-headers.hmap (in target 'CondiscoTests' from project 'Condisco')
    cd /Users/spkoehl/Projects/VerbaLibera
    write-file /var/folders/3w/91hphlzs0rv_1twbkfyhvn6m0000gn/T/condisco-preflight.UUZpei/DerivedData/Build/Intermediates.noindex/Condisco.build/Debug-iphonesimulator/CondiscoTests.build/CondiscoTests-all-non-framework-target-headers.hmap

WriteAuxiliaryFile /var/folders/3w/91hphlzs0rv_1twbkfyhvn6m0000gn/T/condisco-preflight.UUZpei/DerivedData/Build/Intermediates.noindex/Condisco.build/Debug-iphonesimulator/Condisco.build/Objects-normal/arm64/Condisco_const_extract_protocols.json (in target 'Condisco' from project 'Condisco')
    cd /Users/spkoehl/Projects/VerbaLibera
    write-file /var/folders/3w/91hphlzs0rv_1twbkfyhvn6m0000gn/T/condisco-preflight.UUZpei/DerivedData/Build/Intermediates.noindex/Condisco.build/Debug-iphonesimulator/Condisco.build/Objects-normal/arm64/Condisco_const_extract_protocols.json

WriteAuxiliaryFile /var/folders/3w/91hphlzs0rv_1twbkfyhvn6m0000gn/T/condisco-preflight.UUZpei/DerivedData/Build/Intermediates.noindex/Condisco.build/Debug-iphonesimulator/Condisco.build/Objects-normal/arm64/Condisco.SwiftFileList (in target 'Condisco' from project 'Condisco')
    cd /Users/spkoehl/Projects/VerbaLibera
    write-file /var/folders/3w/91hphlzs0rv_1twbkfyhvn6m0000gn/T/condisco-preflight.UUZpei/DerivedData/Build/Intermediates.noindex/Condisco.build/Debug-iphonesimulator/Condisco.build/Objects-normal/arm64/Condisco.SwiftFileList

WriteAuxiliaryFile /var/folders/3w/91hphlzs0rv_1twbkfyhvn6m0000gn/T/condisco-preflight.UUZpei/DerivedData/Build/Intermediates.noindex/Condisco.build/Debug-iphonesimulator/Condisco.build/Objects-normal/arm64/Condisco.SwiftConstValuesFileList (in target 'Condisco' from project 'Condisco')
    cd /Users/spkoehl/Projects/VerbaLibera
    write-file /var/folders/3w/91hphlzs0rv_1twbkfyhvn6m0000gn/T/condisco-preflight.UUZpei/DerivedData/Build/Intermediates.noindex/Condisco.build/Debug-iphonesimulator/Condisco.build/Objects-normal/arm64/Condisco.SwiftConstValuesFileList

WriteAuxiliaryFile /var/folders/3w/91hphlzs0rv_1twbkfyhvn6m0000gn/T/condisco-preflight.UUZpei/DerivedData/Build/Intermediates.noindex/Condisco.build/Debug-iphonesimulator/Condisco.build/Objects-normal/arm64/Condisco.LinkFileList (in target 'Condisco' from project 'Condisco')
    cd /Users/spkoehl/Projects/VerbaLibera
    write-file /var/folders/3w/91hphlzs0rv_1twbkfyhvn6m0000gn/T/condisco-preflight.UUZpei/DerivedData/Build/Intermediates.noindex/Condisco.build/Debug-iphonesimulator/Condisco.build/Objects-normal/arm64/Condisco.LinkFileList

WriteAuxiliaryFile /var/folders/3w/91hphlzs0rv_1twbkfyhvn6m0000gn/T/condisco-preflight.UUZpei/DerivedData/Build/Intermediates.noindex/Condisco.build/Debug-iphonesimulator/Condisco.build/Objects-normal/arm64/Condisco-OutputFileMap.json (in target 'Condisco' from project 'Condisco')
    cd /Users/spkoehl/Projects/VerbaLibera
    write-file /var/folders/3w/91hphlzs0rv_1twbkfyhvn6m0000gn/T/condisco-preflight.UUZpei/DerivedData/Build/Intermediates.noindex/Condisco.build/Debug-iphonesimulator/Condisco.build/Objects-normal/arm64/Condisco-OutputFileMap.json

WriteAuxiliaryFile /var/folders/3w/91hphlzs0rv_1twbkfyhvn6m0000gn/T/condisco-preflight.UUZpei/DerivedData/Build/Intermediates.noindex/Condisco.build/Debug-iphonesimulator/Condisco.build/DerivedSources/Entitlements-Simulated.plist (in target 'Condisco' from project 'Condisco')
    cd /Users/spkoehl/Projects/VerbaLibera
    write-file /var/folders/3w/91hphlzs0rv_1twbkfyhvn6m0000gn/T/condisco-preflight.UUZpei/DerivedData/Build/Intermediates.noindex/Condisco.build/Debug-iphonesimulator/Condisco.build/DerivedSources/Entitlements-Simulated.plist

WriteAuxiliaryFile /var/folders/3w/91hphlzs0rv_1twbkfyhvn6m0000gn/T/condisco-preflight.UUZpei/DerivedData/Build/Intermediates.noindex/Condisco.build/Debug-iphonesimulator/Condisco.build/Condisco.hmap (in target 'Condisco' from project 'Condisco')
    cd /Users/spkoehl/Projects/VerbaLibera
    write-file /var/folders/3w/91hphlzs0rv_1twbkfyhvn6m0000gn/T/condisco-preflight.UUZpei/DerivedData/Build/Intermediates.noindex/Condisco.build/Debug-iphonesimulator/Condisco.build/Condisco.hmap

WriteAuxiliaryFile /var/folders/3w/91hphlzs0rv_1twbkfyhvn6m0000gn/T/condisco-preflight.UUZpei/DerivedData/Build/Intermediates.noindex/Condisco.build/Debug-iphonesimulator/Condisco.build/Condisco.DependencyStaticMetadataFileList (in target 'Condisco' from project 'Condisco')
    cd /Users/spkoehl/Projects/VerbaLibera
    write-file /var/folders/3w/91hphlzs0rv_1twbkfyhvn6m0000gn/T/condisco-preflight.UUZpei/DerivedData/Build/Intermediates.noindex/Condisco.build/Debug-iphonesimulator/Condisco.build/Condisco.DependencyStaticMetadataFileList

WriteAuxiliaryFile /var/folders/3w/91hphlzs0rv_1twbkfyhvn6m0000gn/T/condisco-preflight.UUZpei/DerivedData/Build/Intermediates.noindex/Condisco.build/Debug-iphonesimulator/Condisco.build/Condisco.DependencyMetadataFileList (in target 'Condisco' from project 'Condisco')
    cd /Users/spkoehl/Projects/VerbaLibera
    write-file /var/folders/3w/91hphlzs0rv_1twbkfyhvn6m0000gn/T/condisco-preflight.UUZpei/DerivedData/Build/Intermediates.noindex/Condisco.build/Debug-iphonesimulator/Condisco.build/Condisco.DependencyMetadataFileList

WriteAuxiliaryFile /var/folders/3w/91hphlzs0rv_1twbkfyhvn6m0000gn/T/condisco-preflight.UUZpei/DerivedData/Build/Intermediates.noindex/Condisco.build/Debug-iphonesimulator/Condisco.build/Condisco-project-headers.hmap (in target 'Condisco' from project 'Condisco')
    cd /Users/spkoehl/Projects/VerbaLibera
    write-file /var/folders/3w/91hphlzs0rv_1twbkfyhvn6m0000gn/T/condisco-preflight.UUZpei/DerivedData/Build/Intermediates.noindex/Condisco.build/Debug-iphonesimulator/Condisco.build/Condisco-project-headers.hmap

WriteAuxiliaryFile /var/folders/3w/91hphlzs0rv_1twbkfyhvn6m0000gn/T/condisco-preflight.UUZpei/DerivedData/Build/Intermediates.noindex/Condisco.build/Debug-iphonesimulator/Condisco.build/Condisco-own-target-headers.hmap (in target 'Condisco' from project 'Condisco')
    cd /Users/spkoehl/Projects/VerbaLibera
    write-file /var/folders/3w/91hphlzs0rv_1twbkfyhvn6m0000gn/T/condisco-preflight.UUZpei/DerivedData/Build/Intermediates.noindex/Condisco.build/Debug-iphonesimulator/Condisco.build/Condisco-own-target-headers.hmap

WriteAuxiliaryFile /var/folders/3w/91hphlzs0rv_1twbkfyhvn6m0000gn/T/condisco-preflight.UUZpei/DerivedData/Build/Intermediates.noindex/Condisco.build/Debug-iphonesimulator/Condisco.build/Condisco-generated-files.hmap (in target 'Condisco' from project 'Condisco')
    cd /Users/spkoehl/Projects/VerbaLibera
    write-file /var/folders/3w/91hphlzs0rv_1twbkfyhvn6m0000gn/T/condisco-preflight.UUZpei/DerivedData/Build/Intermediates.noindex/Condisco.build/Debug-iphonesimulator/Condisco.build/Condisco-generated-files.hmap

WriteAuxiliaryFile /var/folders/3w/91hphlzs0rv_1twbkfyhvn6m0000gn/T/condisco-preflight.UUZpei/DerivedData/Build/Intermediates.noindex/Condisco.build/Debug-iphonesimulator/Condisco.build/Condisco-all-target-headers.hmap (in target 'Condisco' from project 'Condisco')
    cd /Users/spkoehl/Projects/VerbaLibera
    write-file /var/folders/3w/91hphlzs0rv_1twbkfyhvn6m0000gn/T/condisco-preflight.UUZpei/DerivedData/Build/Intermediates.noindex/Condisco.build/Debug-iphonesimulator/Condisco.build/Condisco-all-target-headers.hmap

WriteAuxiliaryFile /var/folders/3w/91hphlzs0rv_1twbkfyhvn6m0000gn/T/condisco-preflight.UUZpei/DerivedData/Build/Intermediates.noindex/Condisco.build/Debug-iphonesimulator/Condisco.build/Condisco-all-non-framework-target-headers.hmap (in target 'Condisco' from project 'Condisco')
    cd /Users/spkoehl/Projects/VerbaLibera
    write-file /var/folders/3w/91hphlzs0rv_1twbkfyhvn6m0000gn/T/condisco-preflight.UUZpei/DerivedData/Build/Intermediates.noindex/Condisco.build/Debug-iphonesimulator/Condisco.build/Condisco-all-non-framework-target-headers.hmap

WriteAuxiliaryFile /var/folders/3w/91hphlzs0rv_1twbkfyhvn6m0000gn/T/condisco-preflight.UUZpei/DerivedData/Build/Intermediates.noindex/Condisco.build/Debug-iphonesimulator/Condisco.build/Condisco-DebugDylibPath-normal-arm64.txt (in target 'Condisco' from project 'Condisco')
    cd /Users/spkoehl/Projects/VerbaLibera
    write-file /var/folders/3w/91hphlzs0rv_1twbkfyhvn6m0000gn/T/condisco-preflight.UUZpei/DerivedData/Build/Intermediates.noindex/Condisco.build/Debug-iphonesimulator/Condisco.build/Condisco-DebugDylibPath-normal-arm64.txt

WriteAuxiliaryFile /var/folders/3w/91hphlzs0rv_1twbkfyhvn6m0000gn/T/condisco-preflight.UUZpei/DerivedData/Build/Intermediates.noindex/Condisco.build/Debug-iphonesimulator/Condisco.build/Condisco-DebugDylibInstallName-normal-arm64.txt (in target 'Condisco' from project 'Condisco')
    cd /Users/spkoehl/Projects/VerbaLibera
    write-file /var/folders/3w/91hphlzs0rv_1twbkfyhvn6m0000gn/T/condisco-preflight.UUZpei/DerivedData/Build/Intermediates.noindex/Condisco.build/Debug-iphonesimulator/Condisco.build/Condisco-DebugDylibInstallName-normal-arm64.txt

MkDir /var/folders/3w/91hphlzs0rv_1twbkfyhvn6m0000gn/T/condisco-preflight.UUZpei/DerivedData/Build/Products/Debug-iphonesimulator/CondiscoWidget.appex (in target 'CondiscoWidget' from project 'Condisco')
    cd /Users/spkoehl/Projects/VerbaLibera
    /bin/mkdir -p /var/folders/3w/91hphlzs0rv_1twbkfyhvn6m0000gn/T/condisco-preflight.UUZpei/DerivedData/Build/Products/Debug-iphonesimulator/CondiscoWidget.appex

MkDir /var/folders/3w/91hphlzs0rv_1twbkfyhvn6m0000gn/T/condisco-preflight.UUZpei/DerivedData/Build/Products/Debug-iphonesimulator/Condisco.app/PlugIns/CondiscoTests.xctest (in target 'CondiscoTests' from project 'Condisco')
    cd /Users/spkoehl/Projects/VerbaLibera
    /bin/mkdir -p /var/folders/3w/91hphlzs0rv_1twbkfyhvn6m0000gn/T/condisco-preflight.UUZpei/DerivedData/Build/Products/Debug-iphonesimulator/Condisco.app/PlugIns/CondiscoTests.xctest

MkDir /var/folders/3w/91hphlzs0rv_1twbkfyhvn6m0000gn/T/condisco-preflight.UUZpei/DerivedData/Build/Products/Debug-iphonesimulator/CondiscoUITests-Runner.app/PlugIns/CondiscoUITests.xctest (in target 'CondiscoUITests' from project 'Condisco')
    cd /Users/spkoehl/Projects/VerbaLibera
    /bin/mkdir -p /var/folders/3w/91hphlzs0rv_1twbkfyhvn6m0000gn/T/condisco-preflight.UUZpei/DerivedData/Build/Products/Debug-iphonesimulator/CondiscoUITests-Runner.app/PlugIns/CondiscoUITests.xctest

MkDir /var/folders/3w/91hphlzs0rv_1twbkfyhvn6m0000gn/T/condisco-preflight.UUZpei/DerivedData/Build/Products/Debug-iphonesimulator/Condisco.app/PlugIns (in target 'Condisco' from project 'Condisco')
    cd /Users/spkoehl/Projects/VerbaLibera
    /bin/mkdir -p /var/folders/3w/91hphlzs0rv_1twbkfyhvn6m0000gn/T/condisco-preflight.UUZpei/DerivedData/Build/Products/Debug-iphonesimulator/Condisco.app/PlugIns

MkDir /var/folders/3w/91hphlzs0rv_1twbkfyhvn6m0000gn/T/condisco-preflight.UUZpei/DerivedData/Build/Products/Debug-iphonesimulator/Condisco.app (in target 'Condisco' from project 'Condisco')
    cd /Users/spkoehl/Projects/VerbaLibera
    /bin/mkdir -p /var/folders/3w/91hphlzs0rv_1twbkfyhvn6m0000gn/T/condisco-preflight.UUZpei/DerivedData/Build/Products/Debug-iphonesimulator/Condisco.app

ProcessProductPackaging /Users/spkoehl/Projects/VerbaLibera/CondiscoWidget/CondiscoWidget.entitlements /var/folders/3w/91hphlzs0rv_1twbkfyhvn6m0000gn/T/condisco-preflight.UUZpei/DerivedData/Build/Intermediates.noindex/Condisco.build/Debug-iphonesimulator/CondiscoWidget.build/CondiscoWidget.appex.xcent (in target 'CondiscoWidget' from project 'Condisco')
    cd /Users/spkoehl/Projects/VerbaLibera
    
    Entitlements:
    
    {
}
    
    builtin-productPackagingUtility /Users/spkoehl/Projects/VerbaLibera/CondiscoWidget/CondiscoWidget.entitlements -entitlements -format xml -o /var/folders/3w/91hphlzs0rv_1twbkfyhvn6m0000gn/T/condisco-preflight.UUZpei/DerivedData/Build/Intermediates.noindex/Condisco.build/Debug-iphonesimulator/CondiscoWidget.build/CondiscoWidget.appex.xcent

ProcessProductPackaging /Users/spkoehl/Projects/VerbaLibera/CondiscoWidget/CondiscoWidget.entitlements /var/folders/3w/91hphlzs0rv_1twbkfyhvn6m0000gn/T/condisco-preflight.UUZpei/DerivedData/Build/Intermediates.noindex/Condisco.build/Debug-iphonesimulator/CondiscoWidget.build/CondiscoWidget.appex-Simulated.xcent (in target 'CondiscoWidget' from project 'Condisco')
    cd /Users/spkoehl/Projects/VerbaLibera
    
    Entitlements:
    
    {
    "application-identifier" = "PN9T9MT37J.com.sleuthysloth.condisco.CondiscoWidget";
    "com.apple.security.application-groups" =     (
        "group.com.sleuthysloth.condisco"
    );
}
    
    builtin-productPackagingUtility /Users/spkoehl/Projects/VerbaLibera/CondiscoWidget/CondiscoWidget.entitlements -entitlements -format xml -o /var/folders/3w/91hphlzs0rv_1twbkfyhvn6m0000gn/T/condisco-preflight.UUZpei/DerivedData/Build/Intermediates.noindex/Condisco.build/Debug-iphonesimulator/CondiscoWidget.build/CondiscoWidget.appex-Simulated.xcent

ProcessProductPackagingDER /var/folders/3w/91hphlzs0rv_1twbkfyhvn6m0000gn/T/condisco-preflight.UUZpei/DerivedData/Build/Intermediates.noindex/Condisco.build/Debug-iphonesimulator/CondiscoWidget.build/CondiscoWidget.appex-Simulated.xcent /var/folders/3w/91hphlzs0rv_1twbkfyhvn6m0000gn/T/condisco-preflight.UUZpei/DerivedData/Build/Intermediates.noindex/Condisco.build/Debug-iphonesimulator/CondiscoWidget.build/CondiscoWidget.appex-Simulated.xcent.der (in target 'CondiscoWidget' from project 'Condisco')
    cd /Users/spkoehl/Projects/VerbaLibera
    /usr/bin/derq query -f xml -i /var/folders/3w/91hphlzs0rv_1twbkfyhvn6m0000gn/T/condisco-preflight.UUZpei/DerivedData/Build/Intermediates.noindex/Condisco.build/Debug-iphonesimulator/CondiscoWidget.build/CondiscoWidget.appex-Simulated.xcent -o /var/folders/3w/91hphlzs0rv_1twbkfyhvn6m0000gn/T/condisco-preflight.UUZpei/DerivedData/Build/Intermediates.noindex/Condisco.build/Debug-iphonesimulator/CondiscoWidget.build/CondiscoWidget.appex-Simulated.xcent.der --raw

ProcessProductPackagingDER /var/folders/3w/91hphlzs0rv_1twbkfyhvn6m0000gn/T/condisco-preflight.UUZpei/DerivedData/Build/Intermediates.noindex/Condisco.build/Debug-iphonesimulator/CondiscoWidget.build/CondiscoWidget.appex.xcent /var/folders/3w/91hphlzs0rv_1twbkfyhvn6m0000gn/T/condisco-preflight.UUZpei/DerivedData/Build/Intermediates.noindex/Condisco.build/Debug-iphonesimulator/CondiscoWidget.build/CondiscoWidget.appex.xcent.der (in target 'CondiscoWidget' from project 'Condisco')
    cd /Users/spkoehl/Projects/VerbaLibera
    /usr/bin/derq query -f xml -i /var/folders/3w/91hphlzs0rv_1twbkfyhvn6m0000gn/T/condisco-preflight.UUZpei/DerivedData/Build/Intermediates.noindex/Condisco.build/Debug-iphonesimulator/CondiscoWidget.build/CondiscoWidget.appex.xcent -o /var/folders/3w/91hphlzs0rv_1twbkfyhvn6m0000gn/T/condisco-preflight.UUZpei/DerivedData/Build/Intermediates.noindex/Condisco.build/Debug-iphonesimulator/CondiscoWidget.build/CondiscoWidget.appex.xcent.der --raw

Ld /var/folders/3w/91hphlzs0rv_1twbkfyhvn6m0000gn/T/condisco-preflight.UUZpei/DerivedData/Build/Products/Debug-iphonesimulator/CondiscoWidget.appex/__preview.dylib normal (in target 'CondiscoWidget' from project 'Condisco')
    cd /Users/spkoehl/Projects/VerbaLibera
    /Applications/Xcode.app/Contents/Developer/Toolchains/XcodeDefault.xctoolchain/usr/bin/clang -Xlinker -reproducible -target arm64-apple-ios17.0-simulator -dynamiclib -isysroot /Applications/Xcode.app/Contents/Developer/Platforms/iPhoneSimulator.platform/Developer/SDKs/iPhoneSimulator27.0.sdk -O0 -Xlinker -no_warn_duplicate_libraries -L/var/folders/3w/91hphlzs0rv_1twbkfyhvn6m0000gn/T/condisco-preflight.UUZpei/DerivedData/Build/Products/Debug-iphonesimulator -F/var/folders/3w/91hphlzs0rv_1twbkfyhvn6m0000gn/T/condisco-preflight.UUZpei/DerivedData/Build/Products/Debug-iphonesimulator -install_name @rpath/CondiscoWidget.debug.dylib -Xlinker -dead_strip -rdynamic -Xlinker -no_deduplicate -Xlinker -objc_abi_version -Xlinker 2 -Xlinker -dependency_info -Xlinker /var/folders/3w/91hphlzs0rv_1twbkfyhvn6m0000gn/T/condisco-preflight.UUZpei/DerivedData/Build/Intermediates.noindex/Condisco.build/Debug-iphonesimulator/CondiscoWidget.build/Objects-normal/arm64/CondiscoWidget_dependency_info.dat -Xlinker -sectcreate -Xlinker __TEXT -Xlinker __entitlements -Xlinker /var/folders/3w/91hphlzs0rv_1twbkfyhvn6m0000gn/T/condisco-preflight.UUZpei/DerivedData/Build/Intermediates.noindex/Condisco.build/Debug-iphonesimulator/CondiscoWidget.build/CondiscoWidget.appex-Simulated.xcent -Xlinker -sectcreate -Xlinker __TEXT -Xlinker __ents_der -Xlinker /var/folders/3w/91hphlzs0rv_1twbkfyhvn6m0000gn/T/condisco-preflight.UUZpei/DerivedData/Build/Intermediates.noindex/Condisco.build/Debug-iphonesimulator/CondiscoWidget.build/CondiscoWidget.appex-Simulated.xcent.der -Xlinker -no_adhoc_codesign -o /var/folders/3w/91hphlzs0rv_1twbkfyhvn6m0000gn/T/condisco-preflight.UUZpei/DerivedData/Build/Products/Debug-iphonesimulator/CondiscoWidget.appex/__preview.dylib

ProcessInfoPlistFile /var/folders/3w/91hphlzs0rv_1twbkfyhvn6m0000gn/T/condisco-preflight.UUZpei/DerivedData/Build/Products/Debug-iphonesimulator/CondiscoWidget.appex/Info.plist /Users/spkoehl/Projects/VerbaLibera/CondiscoWidget/Info.plist (in target 'CondiscoWidget' from project 'Condisco')
    cd /Users/spkoehl/Projects/VerbaLibera
    builtin-infoPlistUtility /Users/spkoehl/Projects/VerbaLibera/CondiscoWidget/Info.plist -producttype com.apple.product-type.app-extension -expandbuildsettings -format binary -platform iphonesimulator -o /var/folders/3w/91hphlzs0rv_1twbkfyhvn6m0000gn/T/condisco-preflight.UUZpei/DerivedData/Build/Products/Debug-iphonesimulator/CondiscoWidget.appex/Info.plist

SwiftDriver CondiscoWidget normal arm64 com.apple.xcode.tools.swift.compiler (in target 'CondiscoWidget' from project 'Condisco')
    cd /Users/spkoehl/Projects/VerbaLibera
    builtin-SwiftDriver -- /Applications/Xcode.app/Contents/Developer/Toolchains/XcodeDefault.xctoolchain/usr/bin/swiftc -module-name CondiscoWidget -Onone @/var/folders/3w/91hphlzs0rv_1twbkfyhvn6m0000gn/T/condisco-preflight.UUZpei/DerivedData/Build/Intermediates.noindex/Condisco.build/Debug-iphonesimulator/CondiscoWidget.build/Objects-normal/arm64/CondiscoWidget.SwiftFileList -DDEBUG -enable-bare-slash-regex -enable-experimental-feature DebugDescriptionMacro -sdk /Applications/Xcode.app/Contents/Developer/Platforms/iPhoneSimulator.platform/Developer/SDKs/iPhoneSimulator27.0.sdk -target arm64-apple-ios17.0-simulator -g -module-cache-path /var/folders/3w/91hphlzs0rv_1twbkfyhvn6m0000gn/T/condisco-preflight.UUZpei/DerivedData/ModuleCache.noindex -Xfrontend -serialize-debugging-options -application-extension -enable-testing -index-store-path /var/folders/3w/91hphlzs0rv_1twbkfyhvn6m0000gn/T/condisco-preflight.UUZpei/DerivedData/Index.noindex/DataStore -Xcc -D_LIBCPP_HARDENING_MODE\=_LIBCPP_HARDENING_MODE_DEBUG -swift-version 5 -I /var/folders/3w/91hphlzs0rv_1twbkfyhvn6m0000gn/T/condisco-preflight.UUZpei/DerivedData/Build/Products/Debug-iphonesimulator -F /var/folders/3w/91hphlzs0rv_1twbkfyhvn6m0000gn/T/condisco-preflight.UUZpei/DerivedData/Build/Products/Debug-iphonesimulator -emit-localized-strings -emit-localized-strings-path /var/folders/3w/91hphlzs0rv_1twbkfyhvn6m0000gn/T/condisco-preflight.UUZpei/DerivedData/Build/Intermediates.noindex/Condisco.build/Debug-iphonesimulator/CondiscoWidget.build/Objects-normal/arm64 -c -j6 -enable-batch-mode -incremental -Xcc -ivfsstatcache -Xcc /var/folders/3w/91hphlzs0rv_1twbkfyhvn6m0000gn/T/condisco-preflight.UUZpei/DerivedData/SDKStatCaches.noindex/iphonesimulator27.0-24A430-8dc58220667be655e1bcc261a7455254.sdkstatcache -output-file-map /var/folders/3w/91hphlzs0rv_1twbkfyhvn6m0000gn/T/condisco-preflight.UUZpei/DerivedData/Build/Intermediates.noindex/Condisco.build/Debug-iphonesimulator/CondiscoWidget.build/Objects-normal/arm64/CondiscoWidget-OutputFileMap.json -save-temps -no-color-diagnostics -explicit-module-build -module-cache-path /var/folders/3w/91hphlzs0rv_1twbkfyhvn6m0000gn/T/condisco-preflight.UUZpei/DerivedData/Build/Intermediates.noindex/SwiftExplicitPrecompiledModules -clang-scanner-module-cache-path /var/folders/3w/91hphlzs0rv_1twbkfyhvn6m0000gn/T/condisco-preflight.UUZpei/DerivedData/ModuleCache.noindex -sdk-module-cache-path /var/folders/3w/91hphlzs0rv_1twbkfyhvn6m0000gn/T/condisco-preflight.UUZpei/DerivedData/SDKExplicitPrecompiledModules -emit-dependencies -emit-module -emit-module-path /var/folders/3w/91hphlzs0rv_1twbkfyhvn6m0000gn/T/condisco-preflight.UUZpei/DerivedData/Build/Intermediates.noindex/Condisco.build/Debug-iphonesimulator/CondiscoWidget.build/Objects-normal/arm64/CondiscoWidget.swiftmodule -serialize-diagnostics -dependency-scan-serialize-diagnostics-path /var/folders/3w/91hphlzs0rv_1twbkfyhvn6m0000gn/T/condisco-preflight.UUZpei/DerivedData/Build/Intermediates.noindex/Condisco.build/Debug-iphonesimulator/CondiscoWidget.build/Objects-normal/arm64/CondiscoWidget-dependency-scan.dia -validate-clang-modules-once -clang-build-session-file /var/folders/3w/91hphlzs0rv_1twbkfyhvn6m0000gn/T/condisco-preflight.UUZpei/DerivedData/ModuleCache.noindex/Session.modulevalidation -Xcc -fmodules-prune-interval\=86400 -Xcc -fmodules-prune-after\=345600 -emit-const-values -const-gather-protocols-list /var/folders/3w/91hphlzs0rv_1twbkfyhvn6m0000gn/T/condisco-preflight.UUZpei/DerivedData/Build/Intermediates.noindex/Condisco.build/Debug-iphonesimulator/CondiscoWidget.build/Objects-normal/arm64/CondiscoWidget_const_extract_protocols.json -Xcc -iquote -Xcc /var/folders/3w/91hphlzs0rv_1twbkfyhvn6m0000gn/T/condisco-preflight.UUZpei/DerivedData/Build/Intermediates.noindex/Condisco.build/Debug-iphonesimulator/CondiscoWidget.build/CondiscoWidget-generated-files.hmap -Xcc -I/var/folders/3w/91hphlzs0rv_1twbkfyhvn6m0000gn/T/condisco-preflight.UUZpei/DerivedData/Build/Intermediates.noindex/Condisco.build/Debug-iphonesimulator/CondiscoWidget.build/CondiscoWidget-own-target-headers.hmap -Xcc -I/var/folders/3w/91hphlzs0rv_1twbkfyhvn6m0000gn/T/condisco-preflight.UUZpei/DerivedData/Build/Intermediates.noindex/Condisco.build/Debug-iphonesimulator/CondiscoWidget.build/CondiscoWidget-all-target-headers.hmap -Xcc -iquote -Xcc /var/folders/3w/91hphlzs0rv_1twbkfyhvn6m0000gn/T/condisco-preflight.UUZpei/DerivedData/Build/Intermediates.noindex/Condisco.build/Debug-iphonesimulator/CondiscoWidget.build/CondiscoWidget-project-headers.hmap -Xcc -I/var/folders/3w/91hphlzs0rv_1twbkfyhvn6m0000gn/T/condisco-preflight.UUZpei/DerivedData/Build/Products/Debug-iphonesimulator/include -Xcc -I/var/folders/3w/91hphlzs0rv_1twbkfyhvn6m0000gn/T/condisco-preflight.UUZpei/DerivedData/Build/Intermediates.noindex/Condisco.build/Debug-iphonesimulator/CondiscoWidget.build/DerivedSources-normal/arm64 -Xcc -I/var/folders/3w/91hphlzs0rv_1twbkfyhvn6m0000gn/T/condisco-preflight.UUZpei/DerivedData/Build/Intermediates.noindex/Condisco.build/Debug-iphonesimulator/CondiscoWidget.build/DerivedSources/arm64 -Xcc -I/var/folders/3w/91hphlzs0rv_1twbkfyhvn6m0000gn/T/condisco-preflight.UUZpei/DerivedData/Build/Intermediates.noindex/Condisco.build/Debug-iphonesimulator/CondiscoWidget.build/DerivedSources -Xcc -DDEBUG\=1 -Xcc -DDEBUG\=1 -emit-objc-header -emit-objc-header-path /var/folders/3w/91hphlzs0rv_1twbkfyhvn6m0000gn/T/condisco-preflight.UUZpei/DerivedData/Build/Intermediates.noindex/Condisco.build/Debug-iphonesimulator/CondiscoWidget.build/Objects-normal/arm64/CondiscoWidget-Swift.h -working-directory /Users/spkoehl/Projects/VerbaLibera -experimental-emit-module-separately -disable-cmo

SwiftExplicitDependencyGeneratePcm arm64 /var/folders/3w/91hphlzs0rv_1twbkfyhvn6m0000gn/T/condisco-preflight.UUZpei/DerivedData/SDKExplicitPrecompiledModules/_Builtin_stdarg-4HBNUI6FQW6OBA34IF8K1DN47.pcm

SwiftExplicitDependencyGeneratePcm arm64 /var/folders/3w/91hphlzs0rv_1twbkfyhvn6m0000gn/T/condisco-preflight.UUZpei/DerivedData/SDKExplicitPrecompiledModules/ptrauth-AYE67TKIPQ9H3AGKYKFKQOTH6.pcm

SwiftExplicitDependencyGeneratePcm arm64 /var/folders/3w/91hphlzs0rv_1twbkfyhvn6m0000gn/T/condisco-preflight.UUZpei/DerivedData/SDKExplicitPrecompiledModules/DeveloperToolsSupport-BJ3SLI8R7N1S8N7B1PCKSQLIR.pcm

SwiftExplicitDependencyGeneratePcm arm64 /var/folders/3w/91hphlzs0rv_1twbkfyhvn6m0000gn/T/condisco-preflight.UUZpei/DerivedData/SDKExplicitPrecompiledModules/ActivityKit-E2IYWDNV5CZIDZFBLAHT7MUBQ.pcm

SwiftExplicitDependencyGeneratePcm arm64 /var/folders/3w/91hphlzs0rv_1twbkfyhvn6m0000gn/T/condisco-preflight.UUZpei/DerivedData/SDKExplicitPrecompiledModules/_Builtin_stddef-2PT1APWD0KHH4OTYWIWUC5AYN.pcm

SwiftExplicitDependencyGeneratePcm arm64 /var/folders/3w/91hphlzs0rv_1twbkfyhvn6m0000gn/T/condisco-preflight.UUZpei/DerivedData/SDKExplicitPrecompiledModules/SwiftShims-BVFK95C3M7OBEJELSOOLYVCN0.pcm

SwiftExplicitDependencyGeneratePcm arm64 /var/folders/3w/91hphlzs0rv_1twbkfyhvn6m0000gn/T/condisco-preflight.UUZpei/DerivedData/SDKExplicitPrecompiledModules/_Builtin_stdbool-BUVX5B18YGJYJIWJDMDE8AUNP.pcm

SwiftExplicitDependencyGeneratePcm arm64 /var/folders/3w/91hphlzs0rv_1twbkfyhvn6m0000gn/T/condisco-preflight.UUZpei/DerivedData/SDKExplicitPrecompiledModules/_SwiftConcurrencyShims-67FDO80NOWB1QGVOSL2KBSPGM.pcm

SwiftExplicitDependencyGeneratePcm arm64 /var/folders/3w/91hphlzs0rv_1twbkfyhvn6m0000gn/T/condisco-preflight.UUZpei/DerivedData/SDKExplicitPrecompiledModules/_AvailabilityInternal-BO7IKJNYJD6JBD0ZO8Y8RYRIR.pcm

SwiftExplicitDependencyGeneratePcm arm64 /var/folders/3w/91hphlzs0rv_1twbkfyhvn6m0000gn/T/condisco-preflight.UUZpei/DerivedData/SDKExplicitPrecompiledModules/ptrcheck-9DSYASH6LRLSG5JZPKJA01OF6.pcm

SwiftExplicitDependencyGeneratePcm arm64 /var/folders/3w/91hphlzs0rv_1twbkfyhvn6m0000gn/T/condisco-preflight.UUZpei/DerivedData/SDKExplicitPrecompiledModules/_Builtin_float-CP3FG545FJ5DXTZ2DLQV7ZFZ3.pcm

SwiftExplicitDependencyGeneratePcm arm64 /var/folders/3w/91hphlzs0rv_1twbkfyhvn6m0000gn/T/condisco-preflight.UUZpei/DerivedData/SDKExplicitPrecompiledModules/_DarwinFoundation1-9I8X6V9PK85WMPCXDHLHB0AHA.pcm

SwiftExplicitDependencyGeneratePcm arm64 /var/folders/3w/91hphlzs0rv_1twbkfyhvn6m0000gn/T/condisco-preflight.UUZpei/DerivedData/SDKExplicitPrecompiledModules/_DarwinFoundation2-1B32NSBIPUY3OBW5H4OPIQCWB.pcm

SwiftExplicitDependencyGeneratePcm arm64 /var/folders/3w/91hphlzs0rv_1twbkfyhvn6m0000gn/T/condisco-preflight.UUZpei/DerivedData/SDKExplicitPrecompiledModules/_Builtin_limits-779VFLTYPBW17HUB5DEJ6QMZ7.pcm

SwiftExplicitDependencyGeneratePcm arm64 /var/folders/3w/91hphlzs0rv_1twbkfyhvn6m0000gn/T/condisco-preflight.UUZpei/DerivedData/SDKExplicitPrecompiledModules/ExtensionFoundation-CMCK7LDVBM1NGT9EO5QYC8T2M.pcm

SwiftExplicitDependencyGeneratePcm arm64 /var/folders/3w/91hphlzs0rv_1twbkfyhvn6m0000gn/T/condisco-preflight.UUZpei/DerivedData/SDKExplicitPrecompiledModules/_Builtin_tgmath-DC8R93S9A2I9QPGXMTASOR4XH.pcm

SwiftExplicitDependencyGeneratePcm arm64 /var/folders/3w/91hphlzs0rv_1twbkfyhvn6m0000gn/T/condisco-preflight.UUZpei/DerivedData/SDKExplicitPrecompiledModules/string_h-CE9RXME115JAI2OX1VA8YURG9.pcm

SwiftExplicitDependencyGeneratePcm arm64 /var/folders/3w/91hphlzs0rv_1twbkfyhvn6m0000gn/T/condisco-preflight.UUZpei/DerivedData/SDKExplicitPrecompiledModules/_Builtin_stdint-2B3YTR1DT8O8UIJLSLWNQGESF.pcm

SwiftExplicitDependencyGeneratePcm arm64 /var/folders/3w/91hphlzs0rv_1twbkfyhvn6m0000gn/T/condisco-preflight.UUZpei/DerivedData/SDKExplicitPrecompiledModules/sys_types-1AP462VONYALXOM3SP47JW3D7.pcm

SwiftExplicitDependencyGeneratePcm arm64 /var/folders/3w/91hphlzs0rv_1twbkfyhvn6m0000gn/T/condisco-preflight.UUZpei/DerivedData/SDKExplicitPrecompiledModules/_Builtin_stdatomic-8I0KZOZBTM4O26KYN08TEICW9.pcm

SwiftExplicitDependencyGeneratePcm arm64 /var/folders/3w/91hphlzs0rv_1twbkfyhvn6m0000gn/T/condisco-preflight.UUZpei/DerivedData/SDKExplicitPrecompiledModules/_DarwinFoundation3-1L40ZF5WJY5IMXXL3J5RLV76U.pcm

SwiftExplicitDependencyGeneratePcm arm64 /var/folders/3w/91hphlzs0rv_1twbkfyhvn6m0000gn/T/condisco-preflight.UUZpei/DerivedData/SDKExplicitPrecompiledModules/_Builtin_intrinsics-4YJKA8HZE9K0XRC8ELFSEOPQJ.pcm

SwiftExplicitDependencyGeneratePcm arm64 /var/folders/3w/91hphlzs0rv_1twbkfyhvn6m0000gn/T/condisco-preflight.UUZpei/DerivedData/SDKExplicitPrecompiledModules/_Builtin_inttypes-9ZSOGF1TLJE45MCJ5NW313D2P.pcm

SwiftExplicitDependencyGeneratePcm arm64 /var/folders/3w/91hphlzs0rv_1twbkfyhvn6m0000gn/T/condisco-preflight.UUZpei/DerivedData/SDKExplicitPrecompiledModules/Darwin-842IFH1NUX93VAAXACDERP3WY.pcm

SwiftExplicitDependencyGeneratePcm arm64 /var/folders/3w/91hphlzs0rv_1twbkfyhvn6m0000gn/T/condisco-preflight.UUZpei/DerivedData/SDKExplicitPrecompiledModules/simd-B9KHAFD0OJSTV3BBY0CJ4R6TY.pcm

SwiftExplicitDependencyGeneratePcm arm64 /var/folders/3w/91hphlzs0rv_1twbkfyhvn6m0000gn/T/condisco-preflight.UUZpei/DerivedData/SDKExplicitPrecompiledModules/MachO-9KB30JDWDSTYGQARLDBH7V0RB.pcm

SwiftExplicitDependencyGeneratePcm arm64 /var/folders/3w/91hphlzs0rv_1twbkfyhvn6m0000gn/T/condisco-preflight.UUZpei/DerivedData/SDKExplicitPrecompiledModules/ObjectiveC-30Z91KIHCYUKYA3VMLS7ZFYBB.pcm

SwiftExplicitDependencyGeneratePcm arm64 /var/folders/3w/91hphlzs0rv_1twbkfyhvn6m0000gn/T/condisco-preflight.UUZpei/DerivedData/SDKExplicitPrecompiledModules/Spatial-3EG1AIGFYRKB7QF7ZRSMR60FP.pcm

SwiftExplicitDependencyGeneratePcm arm64 /var/folders/3w/91hphlzs0rv_1twbkfyhvn6m0000gn/T/condisco-preflight.UUZpei/DerivedData/SDKExplicitPrecompiledModules/os_object-2OZHPP5LFN2ELGVQFH6CVPGRJ.pcm

SwiftExplicitDependencyGeneratePcm arm64 /var/folders/3w/91hphlzs0rv_1twbkfyhvn6m0000gn/T/condisco-preflight.UUZpei/DerivedData/SDKExplicitPrecompiledModules/os_workgroup-4AFG0JWS9MZVS62I0F5Z8M8II.pcm

SwiftExplicitDependencyGeneratePcm arm64 /var/folders/3w/91hphlzs0rv_1twbkfyhvn6m0000gn/T/condisco-preflight.UUZpei/DerivedData/SDKExplicitPrecompiledModules/Dispatch-AXWPDNSJEMDYXYVQLBSRPOYFI.pcm

SwiftExplicitDependencyGeneratePcm arm64 /var/folders/3w/91hphlzs0rv_1twbkfyhvn6m0000gn/T/condisco-preflight.UUZpei/DerivedData/SDKExplicitPrecompiledModules/XPC-Z0O5PAMZ721H26TZ7JE9J5HQ.pcm

SwiftExplicitDependencyGeneratePcm arm64 /var/folders/3w/91hphlzs0rv_1twbkfyhvn6m0000gn/T/condisco-preflight.UUZpei/DerivedData/SDKExplicitPrecompiledModules/CoreFoundation-6ZDQUTVWQJKE3Z31DJYAYWISX.pcm

SwiftExplicitDependencyGeneratePcm arm64 /var/folders/3w/91hphlzs0rv_1twbkfyhvn6m0000gn/T/condisco-preflight.UUZpei/DerivedData/SDKExplicitPrecompiledModules/dnssd-4QK7Y4LXKZVWWJG1NU3RPMBPG.pcm

SwiftExplicitDependencyGeneratePcm arm64 /var/folders/3w/91hphlzs0rv_1twbkfyhvn6m0000gn/T/condisco-preflight.UUZpei/DerivedData/SDKExplicitPrecompiledModules/os-1NZQ59B9PC9ZXT7VJ7LW7KY7J.pcm

SwiftExplicitDependencyGeneratePcm arm64 /var/folders/3w/91hphlzs0rv_1twbkfyhvn6m0000gn/T/condisco-preflight.UUZpei/DerivedData/SDKExplicitPrecompiledModules/Security-1GHS1IRLMNK8V2ZJWZS501Q3U.pcm

SwiftExplicitDependencyGeneratePcm arm64 /var/folders/3w/91hphlzs0rv_1twbkfyhvn6m0000gn/T/condisco-preflight.UUZpei/DerivedData/SDKExplicitPrecompiledModules/CoreGraphics-78P5C9Q0671VC0K107N1J8ZPI.pcm

SwiftExplicitDependencyGeneratePcm arm64 /var/folders/3w/91hphlzs0rv_1twbkfyhvn6m0000gn/T/condisco-preflight.UUZpei/DerivedData/SDKExplicitPrecompiledModules/CoreAudioTypes-5OPKAS00RF0VF7MD2IJ4AQ6NS.pcm

SwiftExplicitDependencyGeneratePcm arm64 /var/folders/3w/91hphlzs0rv_1twbkfyhvn6m0000gn/T/condisco-preflight.UUZpei/DerivedData/SDKExplicitPrecompiledModules/CFNetwork-7DZKDBQ82HDS5CQV3SH9S6TAA.pcm

SwiftExplicitDependencyGeneratePcm arm64 /var/folders/3w/91hphlzs0rv_1twbkfyhvn6m0000gn/T/condisco-preflight.UUZpei/DerivedData/SDKExplicitPrecompiledModules/CoreAudio-4WMCVYRMYE3U88RSSFVN65ZPB.pcm

SwiftExplicitDependencyGeneratePcm arm64 /var/folders/3w/91hphlzs0rv_1twbkfyhvn6m0000gn/T/condisco-preflight.UUZpei/DerivedData/SDKExplicitPrecompiledModules/Foundation-DTJ9L1I7BMZBOMOT8UTQWJ832.pcm

SwiftExplicitDependencyGeneratePcm arm64 /var/folders/3w/91hphlzs0rv_1twbkfyhvn6m0000gn/T/condisco-preflight.UUZpei/DerivedData/SDKExplicitPrecompiledModules/CoreText-3IDY1HD7U2EIWUKVMIKS58UP6.pcm

SwiftExplicitDependencyGeneratePcm arm64 /var/folders/3w/91hphlzs0rv_1twbkfyhvn6m0000gn/T/condisco-preflight.UUZpei/DerivedData/SDKExplicitPrecompiledModules/ImageIO-5909N2XQ9AYH807388EE9RQY0.pcm

SwiftExplicitDependencyGeneratePcm arm64 /var/folders/3w/91hphlzs0rv_1twbkfyhvn6m0000gn/T/condisco-preflight.UUZpei/DerivedData/SDKExplicitPrecompiledModules/OpenGLES-6BKLHL74D7Q5OQWW1B1KGK4VZ.pcm

SwiftExplicitDependencyGeneratePcm arm64 /var/folders/3w/91hphlzs0rv_1twbkfyhvn6m0000gn/T/condisco-preflight.UUZpei/DerivedData/SDKExplicitPrecompiledModules/CoreData-BI9IRAQ5U2F2LKJTTG5DWAWQT.pcm

SwiftExplicitDependencyGeneratePcm arm64 /var/folders/3w/91hphlzs0rv_1twbkfyhvn6m0000gn/T/condisco-preflight.UUZpei/DerivedData/SDKExplicitPrecompiledModules/AppIntentsTypeSupport-1SNPH9TBO2WBCGIR2VC4H8BLU.pcm

SwiftExplicitDependencyGeneratePcm arm64 /var/folders/3w/91hphlzs0rv_1twbkfyhvn6m0000gn/T/condisco-preflight.UUZpei/DerivedData/SDKExplicitPrecompiledModules/_LocationEssentials-EH8Z3PNVYN4IPBOLJ37SX1O9Z.pcm

SwiftExplicitDependencyGeneratePcm arm64 /var/folders/3w/91hphlzs0rv_1twbkfyhvn6m0000gn/T/condisco-preflight.UUZpei/DerivedData/SDKExplicitPrecompiledModules/DataDetection-BRQ0Q1ECC89KH0P9MJLEBLW9W.pcm

SwiftExplicitDependencyGeneratePcm arm64 /var/folders/3w/91hphlzs0rv_1twbkfyhvn6m0000gn/T/condisco-preflight.UUZpei/DerivedData/SDKExplicitPrecompiledModules/Network-3VCQ8MPD1ICBXSNIJAP6PCMZC.pcm

SwiftExplicitDependencyGeneratePcm arm64 /var/folders/3w/91hphlzs0rv_1twbkfyhvn6m0000gn/T/condisco-preflight.UUZpei/DerivedData/SDKExplicitPrecompiledModules/FileProvider-BCD1O9P4JCZKG6ZL5MHVZDM50.pcm

SwiftExplicitDependencyGeneratePcm arm64 /var/folders/3w/91hphlzs0rv_1twbkfyhvn6m0000gn/T/condisco-preflight.UUZpei/DerivedData/SDKExplicitPrecompiledModules/Symbols-A4RWV7KKG7C2XMYVOVDMN46PT.pcm

SwiftExplicitDependencyGeneratePcm arm64 /var/folders/3w/91hphlzs0rv_1twbkfyhvn6m0000gn/T/condisco-preflight.UUZpei/DerivedData/SDKExplicitPrecompiledModules/UIUtilities-41CDN3I66KS6BW0OL2G01XR8B.pcm

SwiftExplicitDependencyGeneratePcm arm64 /var/folders/3w/91hphlzs0rv_1twbkfyhvn6m0000gn/T/condisco-preflight.UUZpei/DerivedData/SDKExplicitPrecompiledModules/CoreLocation-A5ZL8XQ6SIJXOQ259JTC70UKR.pcm

SwiftExplicitDependencyGeneratePcm arm64 /var/folders/3w/91hphlzs0rv_1twbkfyhvn6m0000gn/T/condisco-preflight.UUZpei/DerivedData/SDKExplicitPrecompiledModules/IOSurface-B6ZD95ZMRW4U7T9JMLQE62I7N.pcm

SwiftExplicitDependencyGeneratePcm arm64 /var/folders/3w/91hphlzs0rv_1twbkfyhvn6m0000gn/T/condisco-preflight.UUZpei/DerivedData/SDKExplicitPrecompiledModules/WidgetKit-E230P2NM5LZWRGGKVAECM7ZIH.pcm

SwiftExplicitDependencyGeneratePcm arm64 /var/folders/3w/91hphlzs0rv_1twbkfyhvn6m0000gn/T/condisco-preflight.UUZpei/DerivedData/SDKExplicitPrecompiledModules/UserNotifications-4H6HVLCFNYKVX3YU1TF1W9SSW.pcm

SwiftExplicitDependencyGeneratePcm arm64 /var/folders/3w/91hphlzs0rv_1twbkfyhvn6m0000gn/T/condisco-preflight.UUZpei/DerivedData/SDKExplicitPrecompiledModules/CoreTransferable-CX6MGZ6CKT0E97WNGSEV0CA79.pcm

SwiftExplicitDependencyGeneratePcm arm64 /var/folders/3w/91hphlzs0rv_1twbkfyhvn6m0000gn/T/condisco-preflight.UUZpei/DerivedData/SDKExplicitPrecompiledModules/RelevanceKit-4SJA7Z5YGO67CREOZSQSVPDLK.pcm

SwiftExplicitDependencyGeneratePcm arm64 /var/folders/3w/91hphlzs0rv_1twbkfyhvn6m0000gn/T/condisco-preflight.UUZpei/DerivedData/SDKExplicitPrecompiledModules/Accessibility-V1YV0D3VXGXO2HWD38DHBJOC.pcm

SwiftExplicitDependencyGeneratePcm arm64 /var/folders/3w/91hphlzs0rv_1twbkfyhvn6m0000gn/T/condisco-preflight.UUZpei/DerivedData/SDKExplicitPrecompiledModules/Metal-2KL8B3LLQKZA5J5VLALVIMAEO.pcm

SwiftExplicitDependencyGeneratePcm arm64 /var/folders/3w/91hphlzs0rv_1twbkfyhvn6m0000gn/T/condisco-preflight.UUZpei/DerivedData/SDKExplicitPrecompiledModules/OSLog-DK9Z0O647E4WP7S9G8L0WPHKI.pcm

SwiftExplicitDependencyGeneratePcm arm64 /var/folders/3w/91hphlzs0rv_1twbkfyhvn6m0000gn/T/condisco-preflight.UUZpei/DerivedData/SDKExplicitPrecompiledModules/UniformTypeIdentifiers-ESA7IORKXVQYLZWBD5U2NJTNY.pcm

SwiftExplicitDependencyGeneratePcm arm64 /var/folders/3w/91hphlzs0rv_1twbkfyhvn6m0000gn/T/condisco-preflight.UUZpei/DerivedData/SDKExplicitPrecompiledModules/CoreMotion-3GVNOAQC1LTFKR9P1R5EWKX6O.pcm

SwiftExplicitDependencyGeneratePcm arm64 /var/folders/3w/91hphlzs0rv_1twbkfyhvn6m0000gn/T/condisco-preflight.UUZpei/DerivedData/SDKExplicitPrecompiledModules/Intents-9SW4PGZHCRBTVTL25RM7LJJ68.pcm

SwiftExplicitDependencyGeneratePcm arm64 /var/folders/3w/91hphlzs0rv_1twbkfyhvn6m0000gn/T/condisco-preflight.UUZpei/DerivedData/SDKExplicitPrecompiledModules/AppIntents-13XHHNU1ZHMHQJUESKPPOU849.pcm

SwiftExplicitDependencyGeneratePcm arm64 /var/folders/3w/91hphlzs0rv_1twbkfyhvn6m0000gn/T/condisco-preflight.UUZpei/DerivedData/SDKExplicitPrecompiledModules/CoreSpotlight-E5KQBN9A15BYOR5UX31XRH0MT.pcm

SwiftExplicitDependencyGeneratePcm arm64 /var/folders/3w/91hphlzs0rv_1twbkfyhvn6m0000gn/T/condisco-preflight.UUZpei/DerivedData/SDKExplicitPrecompiledModules/CoreVideo-ET26SFCT3QKKKD5RGBNS3UA1N.pcm

SwiftExplicitDependencyGeneratePcm arm64 /var/folders/3w/91hphlzs0rv_1twbkfyhvn6m0000gn/T/condisco-preflight.UUZpei/DerivedData/SDKExplicitPrecompiledModules/CoreImage-DRI6TA5DWXKUJMF8MD9FUFGWL.pcm

SwiftExplicitDependencyGeneratePcm arm64 /var/folders/3w/91hphlzs0rv_1twbkfyhvn6m0000gn/T/condisco-preflight.UUZpei/DerivedData/SDKExplicitPrecompiledModules/QuartzCore-EVEQKX2INK7RTRFSJORPBFRIR.pcm

SwiftExplicitDependencyGeneratePcm arm64 /var/folders/3w/91hphlzs0rv_1twbkfyhvn6m0000gn/T/condisco-preflight.UUZpei/DerivedData/SDKExplicitPrecompiledModules/CoreMedia-9EJYYT3TANFOGABBL8D7X00EP.pcm

SwiftExplicitDependencyGeneratePcm arm64 /var/folders/3w/91hphlzs0rv_1twbkfyhvn6m0000gn/T/condisco-preflight.UUZpei/DerivedData/SDKExplicitPrecompiledModules/SwiftUICore-E1H3KPBGXHPDSAMJJXLQ8Y9QT.pcm

SwiftExplicitDependencyGeneratePcm arm64 /var/folders/3w/91hphlzs0rv_1twbkfyhvn6m0000gn/T/condisco-preflight.UUZpei/DerivedData/SDKExplicitPrecompiledModules/UIKit-4V2J386BRWDPCJX13NCYKRB6A.pcm

SwiftExplicitDependencyGeneratePcm arm64 /var/folders/3w/91hphlzs0rv_1twbkfyhvn6m0000gn/T/condisco-preflight.UUZpei/DerivedData/SDKExplicitPrecompiledModules/SwiftUI-4Q2HOMQBEFT6ECNK5SZTN4D8P.pcm

SwiftEmitModule normal arm64 Emitting\ module\ for\ CondiscoWidget (in target 'CondiscoWidget' from project 'Condisco')

SwiftCompile normal arm64 (in target 'CondiscoWidget' from project 'Condisco')
    cd /Users/spkoehl/Projects/VerbaLibera
    

SwiftCompile normal arm64 Compiling\ WidgetSnapshot.swift /Users/spkoehl/Projects/VerbaLibera/Condisco/Store/WidgetSnapshot.swift (in target 'CondiscoWidget' from project 'Condisco')

SwiftCompile normal arm64 /Users/spkoehl/Projects/VerbaLibera/Condisco/Store/WidgetSnapshot.swift (in target 'CondiscoWidget' from project 'Condisco')
    cd /Users/spkoehl/Projects/VerbaLibera
    builtin-SwiftPerFileCompile WidgetSnapshot.swift

SwiftCompile normal arm64 Compiling\ CondiscoWidget.swift /Users/spkoehl/Projects/VerbaLibera/CondiscoWidget/CondiscoWidget.swift (in target 'CondiscoWidget' from project 'Condisco')

SwiftCompile normal arm64 /Users/spkoehl/Projects/VerbaLibera/CondiscoWidget/CondiscoWidget.swift (in target 'CondiscoWidget' from project 'Condisco')
    cd /Users/spkoehl/Projects/VerbaLibera
    builtin-SwiftPerFileCompile CondiscoWidget.swift

SwiftDriverJobDiscovery normal arm64 Emitting module for CondiscoWidget (in target 'CondiscoWidget' from project 'Condisco')

SwiftDriver\ Compilation\ Requirements CondiscoWidget normal arm64 com.apple.xcode.tools.swift.compiler (in target 'CondiscoWidget' from project 'Condisco')
    cd /Users/spkoehl/Projects/VerbaLibera
    builtin-Swift-Compilation-Requirements -- /Applications/Xcode.app/Contents/Developer/Toolchains/XcodeDefault.xctoolchain/usr/bin/swiftc -module-name CondiscoWidget -Onone @/var/folders/3w/91hphlzs0rv_1twbkfyhvn6m0000gn/T/condisco-preflight.UUZpei/DerivedData/Build/Intermediates.noindex/Condisco.build/Debug-iphonesimulator/CondiscoWidget.build/Objects-normal/arm64/CondiscoWidget.SwiftFileList -DDEBUG -enable-bare-slash-regex -enable-experimental-feature DebugDescriptionMacro -sdk /Applications/Xcode.app/Contents/Developer/Platforms/iPhoneSimulator.platform/Developer/SDKs/iPhoneSimulator27.0.sdk -target arm64-apple-ios17.0-simulator -g -module-cache-path /var/folders/3w/91hphlzs0rv_1twbkfyhvn6m0000gn/T/condisco-preflight.UUZpei/DerivedData/ModuleCache.noindex -Xfrontend -serialize-debugging-options -application-extension -enable-testing -index-store-path /var/folders/3w/91hphlzs0rv_1twbkfyhvn6m0000gn/T/condisco-preflight.UUZpei/DerivedData/Index.noindex/DataStore -Xcc -D_LIBCPP_HARDENING_MODE\=_LIBCPP_HARDENING_MODE_DEBUG -swift-version 5 -I /var/folders/3w/91hphlzs0rv_1twbkfyhvn6m0000gn/T/condisco-preflight.UUZpei/DerivedData/Build/Products/Debug-iphonesimulator -F /var/folders/3w/91hphlzs0rv_1twbkfyhvn6m0000gn/T/condisco-preflight.UUZpei/DerivedData/Build/Products/Debug-iphonesimulator -emit-localized-strings -emit-localized-strings-path /var/folders/3w/91hphlzs0rv_1twbkfyhvn6m0000gn/T/condisco-preflight.UUZpei/DerivedData/Build/Intermediates.noindex/Condisco.build/Debug-iphonesimulator/CondiscoWidget.build/Objects-normal/arm64 -c -j6 -enable-batch-mode -incremental -Xcc -ivfsstatcache -Xcc /var/folders/3w/91hphlzs0rv_1twbkfyhvn6m0000gn/T/condisco-preflight.UUZpei/DerivedData/SDKStatCaches.noindex/iphonesimulator27.0-24A430-8dc58220667be655e1bcc261a7455254.sdkstatcache -output-file-map /var/folders/3w/91hphlzs0rv_1twbkfyhvn6m0000gn/T/condisco-preflight.UUZpei/DerivedData/Build/Intermediates.noindex/Condisco.build/Debug-iphonesimulator/CondiscoWidget.build/Objects-normal/arm64/CondiscoWidget-OutputFileMap.json -save-temps -no-color-diagnostics -explicit-module-build -module-cache-path /var/folders/3w/91hphlzs0rv_1twbkfyhvn6m0000gn/T/condisco-preflight.UUZpei/DerivedData/Build/Intermediates.noindex/SwiftExplicitPrecompiledModules -clang-scanner-module-cache-path /var/folders/3w/91hphlzs0rv_1twbkfyhvn6m0000gn/T/condisco-preflight.UUZpei/DerivedData/ModuleCache.noindex -sdk-module-cache-path /var/folders/3w/91hphlzs0rv_1twbkfyhvn6m0000gn/T/condisco-preflight.UUZpei/DerivedData/SDKExplicitPrecompiledModules -emit-dependencies -emit-module -emit-module-path /var/folders/3w/91hphlzs0rv_1twbkfyhvn6m0000gn/T/condisco-preflight.UUZpei/DerivedData/Build/Intermediates.noindex/Condisco.build/Debug-iphonesimulator/CondiscoWidget.build/Objects-normal/arm64/CondiscoWidget.swiftmodule -serialize-diagnostics -dependency-scan-serialize-diagnostics-path /var/folders/3w/91hphlzs0rv_1twbkfyhvn6m0000gn/T/condisco-preflight.UUZpei/DerivedData/Build/Intermediates.noindex/Condisco.build/Debug-iphonesimulator/CondiscoWidget.build/Objects-normal/arm64/CondiscoWidget-dependency-scan.dia -validate-clang-modules-once -clang-build-session-file /var/folders/3w/91hphlzs0rv_1twbkfyhvn6m0000gn/T/condisco-preflight.UUZpei/DerivedData/ModuleCache.noindex/Session.modulevalidation -Xcc -fmodules-prune-interval\=86400 -Xcc -fmodules-prune-after\=345600 -emit-const-values -const-gather-protocols-list /var/folders/3w/91hphlzs0rv_1twbkfyhvn6m0000gn/T/condisco-preflight.UUZpei/DerivedData/Build/Intermediates.noindex/Condisco.build/Debug-iphonesimulator/CondiscoWidget.build/Objects-normal/arm64/CondiscoWidget_const_extract_protocols.json -Xcc -iquote -Xcc /var/folders/3w/91hphlzs0rv_1twbkfyhvn6m0000gn/T/condisco-preflight.UUZpei/DerivedData/Build/Intermediates.noindex/Condisco.build/Debug-iphonesimulator/CondiscoWidget.build/CondiscoWidget-generated-files.hmap -Xcc -I/var/folders/3w/91hphlzs0rv_1twbkfyhvn6m0000gn/T/condisco-preflight.UUZpei/DerivedData/Build/Intermediates.noindex/Condisco.build/Debug-iphonesimulator/CondiscoWidget.build/CondiscoWidget-own-target-headers.hmap -Xcc -I/var/folders/3w/91hphlzs0rv_1twbkfyhvn6m0000gn/T/condisco-preflight.UUZpei/DerivedData/Build/Intermediates.noindex/Condisco.build/Debug-iphonesimulator/CondiscoWidget.build/CondiscoWidget-all-target-headers.hmap -Xcc -iquote -Xcc /var/folders/3w/91hphlzs0rv_1twbkfyhvn6m0000gn/T/condisco-preflight.UUZpei/DerivedData/Build/Intermediates.noindex/Condisco.build/Debug-iphonesimulator/CondiscoWidget.build/CondiscoWidget-project-headers.hmap -Xcc -I/var/folders/3w/91hphlzs0rv_1twbkfyhvn6m0000gn/T/condisco-preflight.UUZpei/DerivedData/Build/Products/Debug-iphonesimulator/include -Xcc -I/var/folders/3w/91hphlzs0rv_1twbkfyhvn6m0000gn/T/condisco-preflight.UUZpei/DerivedData/Build/Intermediates.noindex/Condisco.build/Debug-iphonesimulator/CondiscoWidget.build/DerivedSources-normal/arm64 -Xcc -I/var/folders/3w/91hphlzs0rv_1twbkfyhvn6m0000gn/T/condisco-preflight.UUZpei/DerivedData/Build/Intermediates.noindex/Condisco.build/Debug-iphonesimulator/CondiscoWidget.build/DerivedSources/arm64 -Xcc -I/var/folders/3w/91hphlzs0rv_1twbkfyhvn6m0000gn/T/condisco-preflight.UUZpei/DerivedData/Build/Intermediates.noindex/Condisco.build/Debug-iphonesimulator/CondiscoWidget.build/DerivedSources -Xcc -DDEBUG\=1 -Xcc -DDEBUG\=1 -emit-objc-header -emit-objc-header-path /var/folders/3w/91hphlzs0rv_1twbkfyhvn6m0000gn/T/condisco-preflight.UUZpei/DerivedData/Build/Intermediates.noindex/Condisco.build/Debug-iphonesimulator/CondiscoWidget.build/Objects-normal/arm64/CondiscoWidget-Swift.h -working-directory /Users/spkoehl/Projects/VerbaLibera -experimental-emit-module-separately -disable-cmo

SwiftMergeGeneratedHeaders /var/folders/3w/91hphlzs0rv_1twbkfyhvn6m0000gn/T/condisco-preflight.UUZpei/DerivedData/Build/Intermediates.noindex/Condisco.build/Debug-iphonesimulator/CondiscoWidget.build/DerivedSources/CondiscoWidget-Swift.h /var/folders/3w/91hphlzs0rv_1twbkfyhvn6m0000gn/T/condisco-preflight.UUZpei/DerivedData/Build/Intermediates.noindex/Condisco.build/Debug-iphonesimulator/CondiscoWidget.build/Objects-normal/arm64/CondiscoWidget-Swift.h (in target 'CondiscoWidget' from project 'Condisco')
    cd /Users/spkoehl/Projects/VerbaLibera
    builtin-swiftHeaderTool -arch arm64 /var/folders/3w/91hphlzs0rv_1twbkfyhvn6m0000gn/T/condisco-preflight.UUZpei/DerivedData/Build/Intermediates.noindex/Condisco.build/Debug-iphonesimulator/CondiscoWidget.build/Objects-normal/arm64/CondiscoWidget-Swift.h -o /var/folders/3w/91hphlzs0rv_1twbkfyhvn6m0000gn/T/condisco-preflight.UUZpei/DerivedData/Build/Intermediates.noindex/Condisco.build/Debug-iphonesimulator/CondiscoWidget.build/DerivedSources/CondiscoWidget-Swift.h

Copy /var/folders/3w/91hphlzs0rv_1twbkfyhvn6m0000gn/T/condisco-preflight.UUZpei/DerivedData/Build/Products/Debug-iphonesimulator/CondiscoWidget.swiftmodule/arm64-apple-ios-simulator.swiftmodule /var/folders/3w/91hphlzs0rv_1twbkfyhvn6m0000gn/T/condisco-preflight.UUZpei/DerivedData/Build/Intermediates.noindex/Condisco.build/Debug-iphonesimulator/CondiscoWidget.build/Objects-normal/arm64/CondiscoWidget.swiftmodule (in target 'CondiscoWidget' from project 'Condisco')
    cd /Users/spkoehl/Projects/VerbaLibera
    builtin-copy -exclude .DS_Store -exclude CVS -exclude .svn -exclude .git -exclude .hg -resolve-src-symlinks -rename /var/folders/3w/91hphlzs0rv_1twbkfyhvn6m0000gn/T/condisco-preflight.UUZpei/DerivedData/Build/Intermediates.noindex/Condisco.build/Debug-iphonesimulator/CondiscoWidget.build/Objects-normal/arm64/CondiscoWidget.swiftmodule /var/folders/3w/91hphlzs0rv_1twbkfyhvn6m0000gn/T/condisco-preflight.UUZpei/DerivedData/Build/Products/Debug-iphonesimulator/CondiscoWidget.swiftmodule/arm64-apple-ios-simulator.swiftmodule

Copy /var/folders/3w/91hphlzs0rv_1twbkfyhvn6m0000gn/T/condisco-preflight.UUZpei/DerivedData/Build/Products/Debug-iphonesimulator/CondiscoWidget.swiftmodule/arm64-apple-ios-simulator.swiftdoc /var/folders/3w/91hphlzs0rv_1twbkfyhvn6m0000gn/T/condisco-preflight.UUZpei/DerivedData/Build/Intermediates.noindex/Condisco.build/Debug-iphonesimulator/CondiscoWidget.build/Objects-normal/arm64/CondiscoWidget.swiftdoc (in target 'CondiscoWidget' from project 'Condisco')
    cd /Users/spkoehl/Projects/VerbaLibera
    builtin-copy -exclude .DS_Store -exclude CVS -exclude .svn -exclude .git -exclude .hg -resolve-src-symlinks -rename /var/folders/3w/91hphlzs0rv_1twbkfyhvn6m0000gn/T/condisco-preflight.UUZpei/DerivedData/Build/Intermediates.noindex/Condisco.build/Debug-iphonesimulator/CondiscoWidget.build/Objects-normal/arm64/CondiscoWidget.swiftdoc /var/folders/3w/91hphlzs0rv_1twbkfyhvn6m0000gn/T/condisco-preflight.UUZpei/DerivedData/Build/Products/Debug-iphonesimulator/CondiscoWidget.swiftmodule/arm64-apple-ios-simulator.swiftdoc

Copy /var/folders/3w/91hphlzs0rv_1twbkfyhvn6m0000gn/T/condisco-preflight.UUZpei/DerivedData/Build/Products/Debug-iphonesimulator/CondiscoWidget.swiftmodule/arm64-apple-ios-simulator.abi.json /var/folders/3w/91hphlzs0rv_1twbkfyhvn6m0000gn/T/condisco-preflight.UUZpei/DerivedData/Build/Intermediates.noindex/Condisco.build/Debug-iphonesimulator/CondiscoWidget.build/Objects-normal/arm64/CondiscoWidget.abi.json (in target 'CondiscoWidget' from project 'Condisco')
    cd /Users/spkoehl/Projects/VerbaLibera
    builtin-copy -exclude .DS_Store -exclude CVS -exclude .svn -exclude .git -exclude .hg -resolve-src-symlinks -rename /var/folders/3w/91hphlzs0rv_1twbkfyhvn6m0000gn/T/condisco-preflight.UUZpei/DerivedData/Build/Intermediates.noindex/Condisco.build/Debug-iphonesimulator/CondiscoWidget.build/Objects-normal/arm64/CondiscoWidget.abi.json /var/folders/3w/91hphlzs0rv_1twbkfyhvn6m0000gn/T/condisco-preflight.UUZpei/DerivedData/Build/Products/Debug-iphonesimulator/CondiscoWidget.swiftmodule/arm64-apple-ios-simulator.abi.json

Copy /var/folders/3w/91hphlzs0rv_1twbkfyhvn6m0000gn/T/condisco-preflight.UUZpei/DerivedData/Build/Products/Debug-iphonesimulator/CondiscoWidget.swiftmodule/Project/arm64-apple-ios-simulator.swiftsourceinfo /var/folders/3w/91hphlzs0rv_1twbkfyhvn6m0000gn/T/condisco-preflight.UUZpei/DerivedData/Build/Intermediates.noindex/Condisco.build/Debug-iphonesimulator/CondiscoWidget.build/Objects-normal/arm64/CondiscoWidget.swiftsourceinfo (in target 'CondiscoWidget' from project 'Condisco')
    cd /Users/spkoehl/Projects/VerbaLibera
    builtin-copy -exclude .DS_Store -exclude CVS -exclude .svn -exclude .git -exclude .hg -resolve-src-symlinks -rename /var/folders/3w/91hphlzs0rv_1twbkfyhvn6m0000gn/T/condisco-preflight.UUZpei/DerivedData/Build/Intermediates.noindex/Condisco.build/Debug-iphonesimulator/CondiscoWidget.build/Objects-normal/arm64/CondiscoWidget.swiftsourceinfo /var/folders/3w/91hphlzs0rv_1twbkfyhvn6m0000gn/T/condisco-preflight.UUZpei/DerivedData/Build/Products/Debug-iphonesimulator/CondiscoWidget.swiftmodule/Project/arm64-apple-ios-simulator.swiftsourceinfo

ProcessProductPackaging /Users/spkoehl/Projects/VerbaLibera/Condisco/Condisco.entitlements /var/folders/3w/91hphlzs0rv_1twbkfyhvn6m0000gn/T/condisco-preflight.UUZpei/DerivedData/Build/Intermediates.noindex/Condisco.build/Debug-iphonesimulator/Condisco.build/Condisco.app.xcent (in target 'Condisco' from project 'Condisco')
    cd /Users/spkoehl/Projects/VerbaLibera
    
    Entitlements:
    
    {
}
    
    builtin-productPackagingUtility /Users/spkoehl/Projects/VerbaLibera/Condisco/Condisco.entitlements -entitlements -format xml -o /var/folders/3w/91hphlzs0rv_1twbkfyhvn6m0000gn/T/condisco-preflight.UUZpei/DerivedData/Build/Intermediates.noindex/Condisco.build/Debug-iphonesimulator/Condisco.build/Condisco.app.xcent

ProcessProductPackaging /Users/spkoehl/Projects/VerbaLibera/Condisco/Condisco.entitlements /var/folders/3w/91hphlzs0rv_1twbkfyhvn6m0000gn/T/condisco-preflight.UUZpei/DerivedData/Build/Intermediates.noindex/Condisco.build/Debug-iphonesimulator/Condisco.build/Condisco.app-Simulated.xcent (in target 'Condisco' from project 'Condisco')
    cd /Users/spkoehl/Projects/VerbaLibera
    
    Entitlements:
    
    {
    "application-identifier" = "PN9T9MT37J.com.sleuthysloth.condisco";
    "com.apple.security.application-groups" =     (
        "group.com.sleuthysloth.condisco"
    );
}
    
    builtin-productPackagingUtility /Users/spkoehl/Projects/VerbaLibera/Condisco/Condisco.entitlements -entitlements -format xml -o /var/folders/3w/91hphlzs0rv_1twbkfyhvn6m0000gn/T/condisco-preflight.UUZpei/DerivedData/Build/Intermediates.noindex/Condisco.build/Debug-iphonesimulator/Condisco.build/Condisco.app-Simulated.xcent

ProcessProductPackagingDER /var/folders/3w/91hphlzs0rv_1twbkfyhvn6m0000gn/T/condisco-preflight.UUZpei/DerivedData/Build/Intermediates.noindex/Condisco.build/Debug-iphonesimulator/Condisco.build/Condisco.app.xcent /var/folders/3w/91hphlzs0rv_1twbkfyhvn6m0000gn/T/condisco-preflight.UUZpei/DerivedData/Build/Intermediates.noindex/Condisco.build/Debug-iphonesimulator/Condisco.build/Condisco.app.xcent.der (in target 'Condisco' from project 'Condisco')
    cd /Users/spkoehl/Projects/VerbaLibera
    /usr/bin/derq query -f xml -i /var/folders/3w/91hphlzs0rv_1twbkfyhvn6m0000gn/T/condisco-preflight.UUZpei/DerivedData/Build/Intermediates.noindex/Condisco.build/Debug-iphonesimulator/Condisco.build/Condisco.app.xcent -o /var/folders/3w/91hphlzs0rv_1twbkfyhvn6m0000gn/T/condisco-preflight.UUZpei/DerivedData/Build/Intermediates.noindex/Condisco.build/Debug-iphonesimulator/Condisco.build/Condisco.app.xcent.der --raw

ProcessProductPackagingDER /var/folders/3w/91hphlzs0rv_1twbkfyhvn6m0000gn/T/condisco-preflight.UUZpei/DerivedData/Build/Intermediates.noindex/Condisco.build/Debug-iphonesimulator/Condisco.build/Condisco.app-Simulated.xcent /var/folders/3w/91hphlzs0rv_1twbkfyhvn6m0000gn/T/condisco-preflight.UUZpei/DerivedData/Build/Intermediates.noindex/Condisco.build/Debug-iphonesimulator/Condisco.build/Condisco.app-Simulated.xcent.der (in target 'Condisco' from project 'Condisco')
    cd /Users/spkoehl/Projects/VerbaLibera
    /usr/bin/derq query -f xml -i /var/folders/3w/91hphlzs0rv_1twbkfyhvn6m0000gn/T/condisco-preflight.UUZpei/DerivedData/Build/Intermediates.noindex/Condisco.build/Debug-iphonesimulator/Condisco.build/Condisco.app-Simulated.xcent -o /var/folders/3w/91hphlzs0rv_1twbkfyhvn6m0000gn/T/condisco-preflight.UUZpei/DerivedData/Build/Intermediates.noindex/Condisco.build/Debug-iphonesimulator/Condisco.build/Condisco.app-Simulated.xcent.der --raw

MkDir /var/folders/3w/91hphlzs0rv_1twbkfyhvn6m0000gn/T/condisco-preflight.UUZpei/DerivedData/Build/Intermediates.noindex/Condisco.build/Debug-iphonesimulator/Condisco.build/assetcatalog_output/thinned (in target 'Condisco' from project 'Condisco')
    cd /Users/spkoehl/Projects/VerbaLibera
    /bin/mkdir -p /var/folders/3w/91hphlzs0rv_1twbkfyhvn6m0000gn/T/condisco-preflight.UUZpei/DerivedData/Build/Intermediates.noindex/Condisco.build/Debug-iphonesimulator/Condisco.build/assetcatalog_output/thinned

MkDir /var/folders/3w/91hphlzs0rv_1twbkfyhvn6m0000gn/T/condisco-preflight.UUZpei/DerivedData/Build/Intermediates.noindex/Condisco.build/Debug-iphonesimulator/Condisco.build/assetcatalog_output/unthinned (in target 'Condisco' from project 'Condisco')
    cd /Users/spkoehl/Projects/VerbaLibera
    /bin/mkdir -p /var/folders/3w/91hphlzs0rv_1twbkfyhvn6m0000gn/T/condisco-preflight.UUZpei/DerivedData/Build/Intermediates.noindex/Condisco.build/Debug-iphonesimulator/Condisco.build/assetcatalog_output/unthinned

CompileAssetCatalogVariant thinned /var/folders/3w/91hphlzs0rv_1twbkfyhvn6m0000gn/T/condisco-preflight.UUZpei/DerivedData/Build/Products/Debug-iphonesimulator/Condisco.app /Users/spkoehl/Projects/VerbaLibera/Condisco/Assets.xcassets (in target 'Condisco' from project 'Condisco')
    cd /Users/spkoehl/Projects/VerbaLibera
    /Applications/Xcode.app/Contents/Developer/usr/bin/actool /Users/spkoehl/Projects/VerbaLibera/Condisco/Assets.xcassets --compile /var/folders/3w/91hphlzs0rv_1twbkfyhvn6m0000gn/T/condisco-preflight.UUZpei/DerivedData/Build/Intermediates.noindex/Condisco.build/Debug-iphonesimulator/Condisco.build/assetcatalog_output/thinned --output-format human-readable-text --notices --warnings --export-dependency-info /var/folders/3w/91hphlzs0rv_1twbkfyhvn6m0000gn/T/condisco-preflight.UUZpei/DerivedData/Build/Intermediates.noindex/Condisco.build/Debug-iphonesimulator/Condisco.build/assetcatalog_dependencies_thinned --output-partial-info-plist /var/folders/3w/91hphlzs0rv_1twbkfyhvn6m0000gn/T/condisco-preflight.UUZpei/DerivedData/Build/Intermediates.noindex/Condisco.build/Debug-iphonesimulator/Condisco.build/assetcatalog_generated_info.plist_thinned --app-icon AppIcon --accent-color AccentColor --compress-pngs --enable-on-demand-resources YES --filter-for-thinning-device-configuration iPhone19,2 --filter-for-device-os-version 27.0 --development-region en --target-device iphone --target-device ipad --minimum-deployment-target 17.0 --platform iphonesimulator
/* com.apple.actool.compilation-results */
/var/folders/3w/91hphlzs0rv_1twbkfyhvn6m0000gn/T/condisco-preflight.UUZpei/DerivedData/Build/Intermediates.noindex/Condisco.build/Debug-iphonesimulator/Condisco.build/assetcatalog_generated_info.plist_thinned
/var/folders/3w/91hphlzs0rv_1twbkfyhvn6m0000gn/T/condisco-preflight.UUZpei/DerivedData/Build/Intermediates.noindex/Condisco.build/Debug-iphonesimulator/Condisco.build/assetcatalog_output/thinned/AppIcon60x60@2x.png
/var/folders/3w/91hphlzs0rv_1twbkfyhvn6m0000gn/T/condisco-preflight.UUZpei/DerivedData/Build/Intermediates.noindex/Condisco.build/Debug-iphonesimulator/Condisco.build/assetcatalog_output/thinned/AppIcon76x76@2x~ipad.png
/var/folders/3w/91hphlzs0rv_1twbkfyhvn6m0000gn/T/condisco-preflight.UUZpei/DerivedData/Build/Intermediates.noindex/Condisco.build/Debug-iphonesimulator/Condisco.build/assetcatalog_output/thinned/Assets.car


GenerateAssetSymbols /Users/spkoehl/Projects/VerbaLibera/Condisco/Assets.xcassets (in target 'Condisco' from project 'Condisco')
    cd /Users/spkoehl/Projects/VerbaLibera
    /Applications/Xcode.app/Contents/Developer/usr/bin/actool /Users/spkoehl/Projects/VerbaLibera/Condisco/Assets.xcassets --compile /var/folders/3w/91hphlzs0rv_1twbkfyhvn6m0000gn/T/condisco-preflight.UUZpei/DerivedData/Build/Products/Debug-iphonesimulator/Condisco.app --output-format human-readable-text --notices --warnings --export-dependency-info /var/folders/3w/91hphlzs0rv_1twbkfyhvn6m0000gn/T/condisco-preflight.UUZpei/DerivedData/Build/Intermediates.noindex/Condisco.build/Debug-iphonesimulator/Condisco.build/assetcatalog_dependencies --output-partial-info-plist /var/folders/3w/91hphlzs0rv_1twbkfyhvn6m0000gn/T/condisco-preflight.UUZpei/DerivedData/Build/Intermediates.noindex/Condisco.build/Debug-iphonesimulator/Condisco.build/assetcatalog_generated_info.plist --app-icon AppIcon --accent-color AccentColor --compress-pngs --enable-on-demand-resources YES --development-region en --target-device iphone --target-device ipad --minimum-deployment-target 17.0 --platform iphonesimulator --bundle-identifier com.sleuthysloth.condisco --generate-swift-asset-symbol-extensions NO --generate-swift-asset-symbols /var/folders/3w/91hphlzs0rv_1twbkfyhvn6m0000gn/T/condisco-preflight.UUZpei/DerivedData/Build/Intermediates.noindex/Condisco.build/Debug-iphonesimulator/Condisco.build/DerivedSources/GeneratedAssetSymbols.swift --generate-objc-asset-symbols /var/folders/3w/91hphlzs0rv_1twbkfyhvn6m0000gn/T/condisco-preflight.UUZpei/DerivedData/Build/Intermediates.noindex/Condisco.build/Debug-iphonesimulator/Condisco.build/DerivedSources/GeneratedAssetSymbols.h --generate-asset-symbol-index /var/folders/3w/91hphlzs0rv_1twbkfyhvn6m0000gn/T/condisco-preflight.UUZpei/DerivedData/Build/Intermediates.noindex/Condisco.build/Debug-iphonesimulator/Condisco.build/DerivedSources/GeneratedAssetSymbols-Index.plist
/* com.apple.actool.compilation-results */
/var/folders/3w/91hphlzs0rv_1twbkfyhvn6m0000gn/T/condisco-preflight.UUZpei/DerivedData/Build/Intermediates.noindex/Condisco.build/Debug-iphonesimulator/Condisco.build/DerivedSources/GeneratedAssetSymbols-Index.plist
/var/folders/3w/91hphlzs0rv_1twbkfyhvn6m0000gn/T/condisco-preflight.UUZpei/DerivedData/Build/Intermediates.noindex/Condisco.build/Debug-iphonesimulator/Condisco.build/DerivedSources/GeneratedAssetSymbols.h
/var/folders/3w/91hphlzs0rv_1twbkfyhvn6m0000gn/T/condisco-preflight.UUZpei/DerivedData/Build/Intermediates.noindex/Condisco.build/Debug-iphonesimulator/Condisco.build/DerivedSources/GeneratedAssetSymbols.swift


SwiftDriver Condisco normal arm64 com.apple.xcode.tools.swift.compiler (in target 'Condisco' from project 'Condisco')
    cd /Users/spkoehl/Projects/VerbaLibera
    builtin-SwiftDriver -- /Applications/Xcode.app/Contents/Developer/Toolchains/XcodeDefault.xctoolchain/usr/bin/swiftc -module-name Condisco -Onone @/var/folders/3w/91hphlzs0rv_1twbkfyhvn6m0000gn/T/condisco-preflight.UUZpei/DerivedData/Build/Intermediates.noindex/Condisco.build/Debug-iphonesimulator/Condisco.build/Objects-normal/arm64/Condisco.SwiftFileList -DDEBUG -enable-bare-slash-regex -enable-experimental-feature DebugDescriptionMacro -sdk /Applications/Xcode.app/Contents/Developer/Platforms/iPhoneSimulator.platform/Developer/SDKs/iPhoneSimulator27.0.sdk -target arm64-apple-ios17.0-simulator -g -module-cache-path /var/folders/3w/91hphlzs0rv_1twbkfyhvn6m0000gn/T/condisco-preflight.UUZpei/DerivedData/ModuleCache.noindex -Xfrontend -serialize-debugging-options -enable-testing -index-store-path /var/folders/3w/91hphlzs0rv_1twbkfyhvn6m0000gn/T/condisco-preflight.UUZpei/DerivedData/Index.noindex/DataStore -Xcc -D_LIBCPP_HARDENING_MODE\=_LIBCPP_HARDENING_MODE_DEBUG -swift-version 5 -I /var/folders/3w/91hphlzs0rv_1twbkfyhvn6m0000gn/T/condisco-preflight.UUZpei/DerivedData/Build/Products/Debug-iphonesimulator -F /var/folders/3w/91hphlzs0rv_1twbkfyhvn6m0000gn/T/condisco-preflight.UUZpei/DerivedData/Build/Products/Debug-iphonesimulator -emit-localized-strings -emit-localized-strings-path /var/folders/3w/91hphlzs0rv_1twbkfyhvn6m0000gn/T/condisco-preflight.UUZpei/DerivedData/Build/Intermediates.noindex/Condisco.build/Debug-iphonesimulator/Condisco.build/Objects-normal/arm64 -c -j6 -enable-batch-mode -incremental -Xcc -ivfsstatcache -Xcc /var/folders/3w/91hphlzs0rv_1twbkfyhvn6m0000gn/T/condisco-preflight.UUZpei/DerivedData/SDKStatCaches.noindex/iphonesimulator27.0-24A430-8dc58220667be655e1bcc261a7455254.sdkstatcache -output-file-map /var/folders/3w/91hphlzs0rv_1twbkfyhvn6m0000gn/T/condisco-preflight.UUZpei/DerivedData/Build/Intermediates.noindex/Condisco.build/Debug-iphonesimulator/Condisco.build/Objects-normal/arm64/Condisco-OutputFileMap.json -save-temps -no-color-diagnostics -explicit-module-build -module-cache-path /var/folders/3w/91hphlzs0rv_1twbkfyhvn6m0000gn/T/condisco-preflight.UUZpei/DerivedData/Build/Intermediates.noindex/SwiftExplicitPrecompiledModules -clang-scanner-module-cache-path /var/folders/3w/91hphlzs0rv_1twbkfyhvn6m0000gn/T/condisco-preflight.UUZpei/DerivedData/ModuleCache.noindex -sdk-module-cache-path /var/folders/3w/91hphlzs0rv_1twbkfyhvn6m0000gn/T/condisco-preflight.UUZpei/DerivedData/SDKExplicitPrecompiledModules -emit-dependencies -emit-module -emit-module-path /var/folders/3w/91hphlzs0rv_1twbkfyhvn6m0000gn/T/condisco-preflight.UUZpei/DerivedData/Build/Intermediates.noindex/Condisco.build/Debug-iphonesimulator/Condisco.build/Objects-normal/arm64/Condisco.swiftmodule -serialize-diagnostics -dependency-scan-serialize-diagnostics-path /var/folders/3w/91hphlzs0rv_1twbkfyhvn6m0000gn/T/condisco-preflight.UUZpei/DerivedData/Build/Intermediates.noindex/Condisco.build/Debug-iphonesimulator/Condisco.build/Objects-normal/arm64/Condisco-dependency-scan.dia -validate-clang-modules-once -clang-build-session-file /var/folders/3w/91hphlzs0rv_1twbkfyhvn6m0000gn/T/condisco-preflight.UUZpei/DerivedData/ModuleCache.noindex/Session.modulevalidation -Xcc -fmodules-prune-interval\=86400 -Xcc -fmodules-prune-after\=345600 -emit-const-values -const-gather-protocols-list /var/folders/3w/91hphlzs0rv_1twbkfyhvn6m0000gn/T/condisco-preflight.UUZpei/DerivedData/Build/Intermediates.noindex/Condisco.build/Debug-iphonesimulator/Condisco.build/Objects-normal/arm64/Condisco_const_extract_protocols.json -Xcc -iquote -Xcc /var/folders/3w/91hphlzs0rv_1twbkfyhvn6m0000gn/T/condisco-preflight.UUZpei/DerivedData/Build/Intermediates.noindex/Condisco.build/Debug-iphonesimulator/Condisco.build/Condisco-generated-files.hmap -Xcc -I/var/folders/3w/91hphlzs0rv_1twbkfyhvn6m0000gn/T/condisco-preflight.UUZpei/DerivedData/Build/Intermediates.noindex/Condisco.build/Debug-iphonesimulator/Condisco.build/Condisco-own-target-headers.hmap -Xcc -I/var/folders/3w/91hphlzs0rv_1twbkfyhvn6m0000gn/T/condisco-preflight.UUZpei/DerivedData/Build/Intermediates.noindex/Condisco.build/Debug-iphonesimulator/Condisco.build/Condisco-all-target-headers.hmap -Xcc -iquote -Xcc /var/folders/3w/91hphlzs0rv_1twbkfyhvn6m0000gn/T/condisco-preflight.UUZpei/DerivedData/Build/Intermediates.noindex/Condisco.build/Debug-iphonesimulator/Condisco.build/Condisco-project-headers.hmap -Xcc -I/var/folders/3w/91hphlzs0rv_1twbkfyhvn6m0000gn/T/condisco-preflight.UUZpei/DerivedData/Build/Products/Debug-iphonesimulator/include -Xcc -I/var/folders/3w/91hphlzs0rv_1twbkfyhvn6m0000gn/T/condisco-preflight.UUZpei/DerivedData/Build/Intermediates.noindex/Condisco.build/Debug-iphonesimulator/Condisco.build/DerivedSources-normal/arm64 -Xcc -I/var/folders/3w/91hphlzs0rv_1twbkfyhvn6m0000gn/T/condisco-preflight.UUZpei/DerivedData/Build/Intermediates.noindex/Condisco.build/Debug-iphonesimulator/Condisco.build/DerivedSources/arm64 -Xcc -I/var/folders/3w/91hphlzs0rv_1twbkfyhvn6m0000gn/T/condisco-preflight.UUZpei/DerivedData/Build/Intermediates.noindex/Condisco.build/Debug-iphonesimulator/Condisco.build/DerivedSources -Xcc -DDEBUG\=1 -Xcc -DDEBUG\=1 -emit-objc-header -emit-objc-header-path /var/folders/3w/91hphlzs0rv_1twbkfyhvn6m0000gn/T/condisco-preflight.UUZpei/DerivedData/Build/Intermediates.noindex/Condisco.build/Debug-iphonesimulator/Condisco.build/Objects-normal/arm64/Condisco-Swift.h -working-directory /Users/spkoehl/Projects/VerbaLibera -experimental-emit-module-separately -disable-cmo

SwiftExplicitDependencyGeneratePcm arm64 /var/folders/3w/91hphlzs0rv_1twbkfyhvn6m0000gn/T/condisco-preflight.UUZpei/DerivedData/SDKExplicitPrecompiledModules/ActivityKit-4BV71TGFPMEGUPCNKUL6YXQM0.pcm

SwiftExplicitDependencyGeneratePcm arm64 /var/folders/3w/91hphlzs0rv_1twbkfyhvn6m0000gn/T/condisco-preflight.UUZpei/DerivedData/SDKExplicitPrecompiledModules/SwiftShims-891J4PWDSL60UX2M54IFQ8LI2.pcm

SwiftExplicitDependencyGeneratePcm arm64 /var/folders/3w/91hphlzs0rv_1twbkfyhvn6m0000gn/T/condisco-preflight.UUZpei/DerivedData/SDKExplicitPrecompiledModules/_Builtin_stdbool-B4J9DI72JQE7OA9T7YMGRY7EY.pcm

SwiftExplicitDependencyGeneratePcm arm64 /var/folders/3w/91hphlzs0rv_1twbkfyhvn6m0000gn/T/condisco-preflight.UUZpei/DerivedData/SDKExplicitPrecompiledModules/_AvailabilityInternal-C8398EDUTXNDJ8Y6CF3KB59MJ.pcm

SwiftExplicitDependencyGeneratePcm arm64 /var/folders/3w/91hphlzs0rv_1twbkfyhvn6m0000gn/T/condisco-preflight.UUZpei/DerivedData/SDKExplicitPrecompiledModules/_StoreKit_SwiftUI-6R3Y0OGA47Q4UQC1NNRPB68Q.pcm

SwiftExplicitDependencyGeneratePcm arm64 /var/folders/3w/91hphlzs0rv_1twbkfyhvn6m0000gn/T/condisco-preflight.UUZpei/DerivedData/SDKExplicitPrecompiledModules/ptrauth-118OG9R3EF3SVMSPVMQA3BW8T.pcm

SwiftDriverJobDiscovery normal arm64 Compiling WidgetSnapshot.swift (in target 'CondiscoWidget' from project 'Condisco')

SwiftExplicitDependencyGeneratePcm arm64 /var/folders/3w/91hphlzs0rv_1twbkfyhvn6m0000gn/T/condisco-preflight.UUZpei/DerivedData/SDKExplicitPrecompiledModules/_SwiftConcurrencyShims-2B6L1KNGX1Q407T5211UDJ1UU.pcm

SwiftExplicitDependencyGeneratePcm arm64 /var/folders/3w/91hphlzs0rv_1twbkfyhvn6m0000gn/T/condisco-preflight.UUZpei/DerivedData/SDKExplicitPrecompiledModules/_Builtin_stdarg-6REUJSXMBQ7CUCRJSXEC3EOK8.pcm

SwiftExplicitDependencyGeneratePcm arm64 /var/folders/3w/91hphlzs0rv_1twbkfyhvn6m0000gn/T/condisco-preflight.UUZpei/DerivedData/SDKExplicitPrecompiledModules/_Builtin_stddef-2GMR9OHJFV0V4SVWP4BP3HOJA.pcm

SwiftExplicitDependencyGeneratePcm arm64 /var/folders/3w/91hphlzs0rv_1twbkfyhvn6m0000gn/T/condisco-preflight.UUZpei/DerivedData/SDKExplicitPrecompiledModules/ptrcheck-DXB7FNXQU167QFTH92B8TIS1E.pcm

SwiftExplicitDependencyGeneratePcm arm64 /var/folders/3w/91hphlzs0rv_1twbkfyhvn6m0000gn/T/condisco-preflight.UUZpei/DerivedData/SDKExplicitPrecompiledModules/_Builtin_float-727Z3HD11VSN9L2B6J3CYRWBN.pcm

SwiftExplicitDependencyGeneratePcm arm64 /var/folders/3w/91hphlzs0rv_1twbkfyhvn6m0000gn/T/condisco-preflight.UUZpei/DerivedData/SDKExplicitPrecompiledModules/DeveloperToolsSupport-9CJL9N0Y3QIXSZA1JJ0MKAR1K.pcm

SwiftExplicitDependencyGeneratePcm arm64 /var/folders/3w/91hphlzs0rv_1twbkfyhvn6m0000gn/T/condisco-preflight.UUZpei/DerivedData/SDKExplicitPrecompiledModules/_DarwinFoundation1-7WD89VLUD85B6N5OVPNKWKPBU.pcm

SwiftExplicitDependencyGeneratePcm arm64 /var/folders/3w/91hphlzs0rv_1twbkfyhvn6m0000gn/T/condisco-preflight.UUZpei/DerivedData/SDKExplicitPrecompiledModules/ExtensionFoundation-D18N4XU0Q1Z7BO9SOAAH11V3G.pcm

SwiftExplicitDependencyGeneratePcm arm64 /var/folders/3w/91hphlzs0rv_1twbkfyhvn6m0000gn/T/condisco-preflight.UUZpei/DerivedData/SDKExplicitPrecompiledModules/SQLite3-9TR1I2MJ3MORQ70JZI3RMECP8.pcm

SwiftExplicitDependencyGeneratePcm arm64 /var/folders/3w/91hphlzs0rv_1twbkfyhvn6m0000gn/T/condisco-preflight.UUZpei/DerivedData/SDKExplicitPrecompiledModules/_Builtin_limits-6VOUR4VJ8GTHWHWKMJULVY535.pcm

SwiftExplicitDependencyGeneratePcm arm64 /var/folders/3w/91hphlzs0rv_1twbkfyhvn6m0000gn/T/condisco-preflight.UUZpei/DerivedData/SDKExplicitPrecompiledModules/_DarwinFoundation2-AGQ466Z52W8FZKFJV72IE42E7.pcm

SwiftExplicitDependencyGeneratePcm arm64 /var/folders/3w/91hphlzs0rv_1twbkfyhvn6m0000gn/T/condisco-preflight.UUZpei/DerivedData/SDKExplicitPrecompiledModules/_Builtin_stdint-66O1Y6FLTSVFM6D97HT9OY7A4.pcm

SwiftExplicitDependencyGeneratePcm arm64 /var/folders/3w/91hphlzs0rv_1twbkfyhvn6m0000gn/T/condisco-preflight.UUZpei/DerivedData/SDKExplicitPrecompiledModules/string_h-9HGLP49SU6B9GNQDLI45MWWE8.pcm

SwiftExplicitDependencyGeneratePcm arm64 /var/folders/3w/91hphlzs0rv_1twbkfyhvn6m0000gn/T/condisco-preflight.UUZpei/DerivedData/SDKExplicitPrecompiledModules/_Builtin_tgmath-BV1XSNOZXL12EHNJDO0AAV7IN.pcm

SwiftExplicitDependencyGeneratePcm arm64 /var/folders/3w/91hphlzs0rv_1twbkfyhvn6m0000gn/T/condisco-preflight.UUZpei/DerivedData/SDKExplicitPrecompiledModules/sys_types-3CNYNH6NHA13GCL4Z5JTN30WH.pcm

SwiftExplicitDependencyGeneratePcm arm64 /var/folders/3w/91hphlzs0rv_1twbkfyhvn6m0000gn/T/condisco-preflight.UUZpei/DerivedData/SDKExplicitPrecompiledModules/_Builtin_stdatomic-BS4O3SKBHXZ3X78AD302ENWD8.pcm

SwiftExplicitDependencyGeneratePcm arm64 /var/folders/3w/91hphlzs0rv_1twbkfyhvn6m0000gn/T/condisco-preflight.UUZpei/DerivedData/SDKExplicitPrecompiledModules/_Builtin_intrinsics-2LOZQ30XWS4NE6NE2SSTUIRR4.pcm

SwiftExplicitDependencyGeneratePcm arm64 /var/folders/3w/91hphlzs0rv_1twbkfyhvn6m0000gn/T/condisco-preflight.UUZpei/DerivedData/SDKExplicitPrecompiledModules/_DarwinFoundation3-2QMCLCS5KZI7YN3FF3YXZJZ8B.pcm

SwiftExplicitDependencyGeneratePcm arm64 /var/folders/3w/91hphlzs0rv_1twbkfyhvn6m0000gn/T/condisco-preflight.UUZpei/DerivedData/SDKExplicitPrecompiledModules/_Builtin_inttypes-7DENKSF8UJHLQ95XKJJNQXFFQ.pcm

SwiftExplicitDependencyGeneratePcm arm64 /var/folders/3w/91hphlzs0rv_1twbkfyhvn6m0000gn/T/condisco-preflight.UUZpei/DerivedData/SDKExplicitPrecompiledModules/Darwin-6SXTUP7FIAOA8MERQKPZFKIGS.pcm

SwiftExplicitDependencyGeneratePcm arm64 /var/folders/3w/91hphlzs0rv_1twbkfyhvn6m0000gn/T/condisco-preflight.UUZpei/DerivedData/SDKExplicitPrecompiledModules/simd-21OTE2B8X4F4GQ437BUDP7TLM.pcm

SwiftExplicitDependencyGeneratePcm arm64 /var/folders/3w/91hphlzs0rv_1twbkfyhvn6m0000gn/T/condisco-preflight.UUZpei/DerivedData/SDKExplicitPrecompiledModules/ObjectiveC-5OZAG8LR4V4UOQAVGJFMJGNDU.pcm

SwiftExplicitDependencyGeneratePcm arm64 /var/folders/3w/91hphlzs0rv_1twbkfyhvn6m0000gn/T/condisco-preflight.UUZpei/DerivedData/SDKExplicitPrecompiledModules/MachO-9HIB1C28PT76X5OLK7XKJLN2L.pcm

SwiftExplicitDependencyGeneratePcm arm64 /var/folders/3w/91hphlzs0rv_1twbkfyhvn6m0000gn/T/condisco-preflight.UUZpei/DerivedData/SDKExplicitPrecompiledModules/os_object-3V5KJPEM09UFM3TUS02JQ5JSU.pcm

SwiftExplicitDependencyGeneratePcm arm64 /var/folders/3w/91hphlzs0rv_1twbkfyhvn6m0000gn/T/condisco-preflight.UUZpei/DerivedData/SDKExplicitPrecompiledModules/Spatial-EZANY33HEV5XGDU6ANQSYY6BQ.pcm

SwiftExplicitDependencyGeneratePcm arm64 /var/folders/3w/91hphlzs0rv_1twbkfyhvn6m0000gn/T/condisco-preflight.UUZpei/DerivedData/SDKExplicitPrecompiledModules/os_workgroup-9SNFTDXW6WX3LKWMAC9KDV49O.pcm

SwiftExplicitDependencyGeneratePcm arm64 /var/folders/3w/91hphlzs0rv_1twbkfyhvn6m0000gn/T/condisco-preflight.UUZpei/DerivedData/SDKExplicitPrecompiledModules/Dispatch-C7CJVKP0F1H9V9EIM6U80YGF8.pcm

SwiftExplicitDependencyGeneratePcm arm64 /var/folders/3w/91hphlzs0rv_1twbkfyhvn6m0000gn/T/condisco-preflight.UUZpei/DerivedData/SDKExplicitPrecompiledModules/dnssd-EUPQ74JNBN7685KWG3R2KH9KS.pcm

SwiftExplicitDependencyGeneratePcm arm64 /var/folders/3w/91hphlzs0rv_1twbkfyhvn6m0000gn/T/condisco-preflight.UUZpei/DerivedData/SDKExplicitPrecompiledModules/XPC-BE9DTZ1R8U9Y02ULV03835D9C.pcm

SwiftExplicitDependencyGeneratePcm arm64 /var/folders/3w/91hphlzs0rv_1twbkfyhvn6m0000gn/T/condisco-preflight.UUZpei/DerivedData/SDKExplicitPrecompiledModules/CoreFoundation-SFA4J0V2Y8VZ3I9JYYJ7IH4X.pcm

SwiftExplicitDependencyGeneratePcm arm64 /var/folders/3w/91hphlzs0rv_1twbkfyhvn6m0000gn/T/condisco-preflight.UUZpei/DerivedData/SDKExplicitPrecompiledModules/os-7HJYWYTYT7DIIZ60ZI5RQ5P5Q.pcm

SwiftExplicitDependencyGeneratePcm arm64 /var/folders/3w/91hphlzs0rv_1twbkfyhvn6m0000gn/T/condisco-preflight.UUZpei/DerivedData/SDKExplicitPrecompiledModules/CoreAudioTypes-7T45EZPBBFL1XZHWUR6TFCQ8S.pcm

SwiftExplicitDependencyGeneratePcm arm64 /var/folders/3w/91hphlzs0rv_1twbkfyhvn6m0000gn/T/condisco-preflight.UUZpei/DerivedData/SDKExplicitPrecompiledModules/CoreGraphics-D3QPKIV1CI8JL376S0COYIOB4.pcm

SwiftExplicitDependencyGeneratePcm arm64 /var/folders/3w/91hphlzs0rv_1twbkfyhvn6m0000gn/T/condisco-preflight.UUZpei/DerivedData/SDKExplicitPrecompiledModules/Security-2U53LY16DNRRLCP32LWUKH8N.pcm

SwiftExplicitDependencyGeneratePcm arm64 /var/folders/3w/91hphlzs0rv_1twbkfyhvn6m0000gn/T/condisco-preflight.UUZpei/DerivedData/SDKExplicitPrecompiledModules/CFNetwork-AZER7NLPLNQVDT3VBZXS8ZE64.pcm

SwiftExplicitDependencyGeneratePcm arm64 /var/folders/3w/91hphlzs0rv_1twbkfyhvn6m0000gn/T/condisco-preflight.UUZpei/DerivedData/SDKExplicitPrecompiledModules/CoreAudio-3SKMUHO3F1B5ARW60EKSVUA8I.pcm

SwiftExplicitDependencyGeneratePcm arm64 /var/folders/3w/91hphlzs0rv_1twbkfyhvn6m0000gn/T/condisco-preflight.UUZpei/DerivedData/SDKExplicitPrecompiledModules/Foundation-2W4QLTJP4ZFZWZGOSGOQR3FNR.pcm

SwiftExplicitDependencyGeneratePcm arm64 /var/folders/3w/91hphlzs0rv_1twbkfyhvn6m0000gn/T/condisco-preflight.UUZpei/DerivedData/SDKExplicitPrecompiledModules/CoreText-AAVU6KSRZJA2UAEO44BYLR4QU.pcm

SwiftExplicitDependencyGeneratePcm arm64 /var/folders/3w/91hphlzs0rv_1twbkfyhvn6m0000gn/T/condisco-preflight.UUZpei/DerivedData/SDKExplicitPrecompiledModules/ImageIO-B1UBM9Y98Z5QI9G3QXKNDZGHB.pcm

SwiftExplicitDependencyGeneratePcm arm64 /var/folders/3w/91hphlzs0rv_1twbkfyhvn6m0000gn/T/condisco-preflight.UUZpei/DerivedData/SDKExplicitPrecompiledModules/DataDetection-7255TX88X88KOEVTMTWPWFUR0.pcm

SwiftExplicitDependencyGeneratePcm arm64 /var/folders/3w/91hphlzs0rv_1twbkfyhvn6m0000gn/T/condisco-preflight.UUZpei/DerivedData/SDKExplicitPrecompiledModules/Symbols-E925KK9HU95V2L5LMYPM004AR.pcm

SwiftExplicitDependencyGeneratePcm arm64 /var/folders/3w/91hphlzs0rv_1twbkfyhvn6m0000gn/T/condisco-preflight.UUZpei/DerivedData/SDKExplicitPrecompiledModules/OpenGLES-EW3PLA0FIIVZBKZ5Z0JD9VT56.pcm

SwiftExplicitDependencyGeneratePcm arm64 /var/folders/3w/91hphlzs0rv_1twbkfyhvn6m0000gn/T/condisco-preflight.UUZpei/DerivedData/SDKExplicitPrecompiledModules/WidgetKit-FVGAHVED5SHGPAKXQQ1GLGDA.pcm

SwiftExplicitDependencyGeneratePcm arm64 /var/folders/3w/91hphlzs0rv_1twbkfyhvn6m0000gn/T/condisco-preflight.UUZpei/DerivedData/SDKExplicitPrecompiledModules/UserNotifications-8S3DQA7FZ5LPVB1LAEQGY04DE.pcm

SwiftExplicitDependencyGeneratePcm arm64 /var/folders/3w/91hphlzs0rv_1twbkfyhvn6m0000gn/T/condisco-preflight.UUZpei/DerivedData/SDKExplicitPrecompiledModules/Accessibility-BN6H5EP2HL59C53MG46X7A54I.pcm

SwiftExplicitDependencyGeneratePcm arm64 /var/folders/3w/91hphlzs0rv_1twbkfyhvn6m0000gn/T/condisco-preflight.UUZpei/DerivedData/SDKExplicitPrecompiledModules/CoreData-CVDBXYHDER0BW7VGRY7L9ESIM.pcm

SwiftExplicitDependencyGeneratePcm arm64 /var/folders/3w/91hphlzs0rv_1twbkfyhvn6m0000gn/T/condisco-preflight.UUZpei/DerivedData/SDKExplicitPrecompiledModules/AppIntentsTypeSupport-9ZPSTQ2CZR0BWRCQNBYKEHKND.pcm

SwiftExplicitDependencyGeneratePcm arm64 /var/folders/3w/91hphlzs0rv_1twbkfyhvn6m0000gn/T/condisco-preflight.UUZpei/DerivedData/SDKExplicitPrecompiledModules/OSLog-30EWZMAFPVHNQHRK1HNT7J93F.pcm

SwiftExplicitDependencyGeneratePcm arm64 /var/folders/3w/91hphlzs0rv_1twbkfyhvn6m0000gn/T/condisco-preflight.UUZpei/DerivedData/SDKExplicitPrecompiledModules/CoreMIDI-8LJMC83YTX9WBH6S31WRELTA4.pcm

SwiftExplicitDependencyGeneratePcm arm64 /var/folders/3w/91hphlzs0rv_1twbkfyhvn6m0000gn/T/condisco-preflight.UUZpei/DerivedData/SDKExplicitPrecompiledModules/FileProvider-4TSI5C4JCAX7GSOPR4D0703LZ.pcm

SwiftExplicitDependencyGeneratePcm arm64 /var/folders/3w/91hphlzs0rv_1twbkfyhvn6m0000gn/T/condisco-preflight.UUZpei/DerivedData/SDKExplicitPrecompiledModules/Network-74CD5A5CV6P1C2BAM8N54Y58G.pcm

SwiftExplicitDependencyGeneratePcm arm64 /var/folders/3w/91hphlzs0rv_1twbkfyhvn6m0000gn/T/condisco-preflight.UUZpei/DerivedData/SDKExplicitPrecompiledModules/AppIntents-53Y4FEXY495RU300Y5KUT1WFM.pcm

SwiftExplicitDependencyGeneratePcm arm64 /var/folders/3w/91hphlzs0rv_1twbkfyhvn6m0000gn/T/condisco-preflight.UUZpei/DerivedData/SDKExplicitPrecompiledModules/BackgroundAssets-13YUCTT02MGFPCTRIVRICWIZX.pcm

SwiftExplicitDependencyGeneratePcm arm64 /var/folders/3w/91hphlzs0rv_1twbkfyhvn6m0000gn/T/condisco-preflight.UUZpei/DerivedData/SDKExplicitPrecompiledModules/LocalAuthentication-1CSINTOJT98X08D3MR9HKMVF1.pcm

SwiftExplicitDependencyGeneratePcm arm64 /var/folders/3w/91hphlzs0rv_1twbkfyhvn6m0000gn/T/condisco-preflight.UUZpei/DerivedData/SDKExplicitPrecompiledModules/AudioToolbox-1W46EE7G5K9QOBGLWMCS5KMFW.pcm

SwiftExplicitDependencyGeneratePcm arm64 /var/folders/3w/91hphlzs0rv_1twbkfyhvn6m0000gn/T/condisco-preflight.UUZpei/DerivedData/SDKExplicitPrecompiledModules/UniformTypeIdentifiers-CJ2STBH2WPTIP3OMDH71UCR1S.pcm

SwiftExplicitDependencyGeneratePcm arm64 /var/folders/3w/91hphlzs0rv_1twbkfyhvn6m0000gn/T/condisco-preflight.UUZpei/DerivedData/SDKExplicitPrecompiledModules/AVRouting-A8QZTUYLT9RNYG9ZMFDLWHG8A.pcm

SwiftExplicitDependencyGeneratePcm arm64 /var/folders/3w/91hphlzs0rv_1twbkfyhvn6m0000gn/T/condisco-preflight.UUZpei/DerivedData/SDKExplicitPrecompiledModules/RelevanceKit-7ZCIDXC52TR93F3F72F0U9S7W.pcm

SwiftExplicitDependencyGeneratePcm arm64 /var/folders/3w/91hphlzs0rv_1twbkfyhvn6m0000gn/T/condisco-preflight.UUZpei/DerivedData/SDKExplicitPrecompiledModules/CoreTransferable-FOM589XDWXE4GS5E5X3YS5BG.pcm

SwiftExplicitDependencyGeneratePcm arm64 /var/folders/3w/91hphlzs0rv_1twbkfyhvn6m0000gn/T/condisco-preflight.UUZpei/DerivedData/SDKExplicitPrecompiledModules/_LocationEssentials-BQ4RHUH1GO3G01FCMXYCCCJV7.pcm

SwiftExplicitDependencyGeneratePcm arm64 /var/folders/3w/91hphlzs0rv_1twbkfyhvn6m0000gn/T/condisco-preflight.UUZpei/DerivedData/SDKExplicitPrecompiledModules/UIUtilities-B68BZUIYYRRBCE6BEJU11BC5T.pcm

SwiftExplicitDependencyGeneratePcm arm64 /var/folders/3w/91hphlzs0rv_1twbkfyhvn6m0000gn/T/condisco-preflight.UUZpei/DerivedData/SDKExplicitPrecompiledModules/CoreSpotlight-78FF3KQ25BLYSGM4Z3X678X24.pcm

SwiftExplicitDependencyGeneratePcm arm64 /var/folders/3w/91hphlzs0rv_1twbkfyhvn6m0000gn/T/condisco-preflight.UUZpei/DerivedData/SDKExplicitPrecompiledModules/IOSurface-13VV8K3XGZEX8BTYCGC73L5AG.pcm

SwiftExplicitDependencyGeneratePcm arm64 /var/folders/3w/91hphlzs0rv_1twbkfyhvn6m0000gn/T/condisco-preflight.UUZpei/DerivedData/SDKExplicitPrecompiledModules/CoreLocation-5UEQOWWSCOOM2BVPUVMBRU51E.pcm

SwiftExplicitDependencyGeneratePcm arm64 /var/folders/3w/91hphlzs0rv_1twbkfyhvn6m0000gn/T/condisco-preflight.UUZpei/DerivedData/SDKExplicitPrecompiledModules/Metal-4ELZPV0N34GP6EUYXMCFM4S0M.pcm

SwiftExplicitDependencyGeneratePcm arm64 /var/folders/3w/91hphlzs0rv_1twbkfyhvn6m0000gn/T/condisco-preflight.UUZpei/DerivedData/SDKExplicitPrecompiledModules/CoreMotion-2VIF5KSDS5B0GDC203ZTPGHEK.pcm

SwiftExplicitDependencyGeneratePcm arm64 /var/folders/3w/91hphlzs0rv_1twbkfyhvn6m0000gn/T/condisco-preflight.UUZpei/DerivedData/SDKExplicitPrecompiledModules/Intents-4TT7XN52MMQOQ06L2RNR71IEU.pcm

SwiftExplicitDependencyGeneratePcm arm64 /var/folders/3w/91hphlzs0rv_1twbkfyhvn6m0000gn/T/condisco-preflight.UUZpei/DerivedData/SDKExplicitPrecompiledModules/CloudKit-WUBO6MKAQZ5T1762XW1A2LFL.pcm

SwiftDriverJobDiscovery normal arm64 Compiling CondiscoWidget.swift (in target 'CondiscoWidget' from project 'Condisco')

SwiftDriver\ Compilation CondiscoWidget normal arm64 com.apple.xcode.tools.swift.compiler (in target 'CondiscoWidget' from project 'Condisco')
    cd /Users/spkoehl/Projects/VerbaLibera
    builtin-Swift-Compilation -- /Applications/Xcode.app/Contents/Developer/Toolchains/XcodeDefault.xctoolchain/usr/bin/swiftc -module-name CondiscoWidget -Onone @/var/folders/3w/91hphlzs0rv_1twbkfyhvn6m0000gn/T/condisco-preflight.UUZpei/DerivedData/Build/Intermediates.noindex/Condisco.build/Debug-iphonesimulator/CondiscoWidget.build/Objects-normal/arm64/CondiscoWidget.SwiftFileList -DDEBUG -enable-bare-slash-regex -enable-experimental-feature DebugDescriptionMacro -sdk /Applications/Xcode.app/Contents/Developer/Platforms/iPhoneSimulator.platform/Developer/SDKs/iPhoneSimulator27.0.sdk -target arm64-apple-ios17.0-simulator -g -module-cache-path /var/folders/3w/91hphlzs0rv_1twbkfyhvn6m0000gn/T/condisco-preflight.UUZpei/DerivedData/ModuleCache.noindex -Xfrontend -serialize-debugging-options -application-extension -enable-testing -index-store-path /var/folders/3w/91hphlzs0rv_1twbkfyhvn6m0000gn/T/condisco-preflight.UUZpei/DerivedData/Index.noindex/DataStore -Xcc -D_LIBCPP_HARDENING_MODE\=_LIBCPP_HARDENING_MODE_DEBUG -swift-version 5 -I /var/folders/3w/91hphlzs0rv_1twbkfyhvn6m0000gn/T/condisco-preflight.UUZpei/DerivedData/Build/Products/Debug-iphonesimulator -F /var/folders/3w/91hphlzs0rv_1twbkfyhvn6m0000gn/T/condisco-preflight.UUZpei/DerivedData/Build/Products/Debug-iphonesimulator -emit-localized-strings -emit-localized-strings-path /var/folders/3w/91hphlzs0rv_1twbkfyhvn6m0000gn/T/condisco-preflight.UUZpei/DerivedData/Build/Intermediates.noindex/Condisco.build/Debug-iphonesimulator/CondiscoWidget.build/Objects-normal/arm64 -c -j6 -enable-batch-mode -incremental -Xcc -ivfsstatcache -Xcc /var/folders/3w/91hphlzs0rv_1twbkfyhvn6m0000gn/T/condisco-preflight.UUZpei/DerivedData/SDKStatCaches.noindex/iphonesimulator27.0-24A430-8dc58220667be655e1bcc261a7455254.sdkstatcache -output-file-map /var/folders/3w/91hphlzs0rv_1twbkfyhvn6m0000gn/T/condisco-preflight.UUZpei/DerivedData/Build/Intermediates.noindex/Condisco.build/Debug-iphonesimulator/CondiscoWidget.build/Objects-normal/arm64/CondiscoWidget-OutputFileMap.json -save-temps -no-color-diagnostics -explicit-module-build -module-cache-path /var/folders/3w/91hphlzs0rv_1twbkfyhvn6m0000gn/T/condisco-preflight.UUZpei/DerivedData/Build/Intermediates.noindex/SwiftExplicitPrecompiledModules -clang-scanner-module-cache-path /var/folders/3w/91hphlzs0rv_1twbkfyhvn6m0000gn/T/condisco-preflight.UUZpei/DerivedData/ModuleCache.noindex -sdk-module-cache-path /var/folders/3w/91hphlzs0rv_1twbkfyhvn6m0000gn/T/condisco-preflight.UUZpei/DerivedData/SDKExplicitPrecompiledModules -emit-dependencies -emit-module -emit-module-path /var/folders/3w/91hphlzs0rv_1twbkfyhvn6m0000gn/T/condisco-preflight.UUZpei/DerivedData/Build/Intermediates.noindex/Condisco.build/Debug-iphonesimulator/CondiscoWidget.build/Objects-normal/arm64/CondiscoWidget.swiftmodule -serialize-diagnostics -dependency-scan-serialize-diagnostics-path /var/folders/3w/91hphlzs0rv_1twbkfyhvn6m0000gn/T/condisco-preflight.UUZpei/DerivedData/Build/Intermediates.noindex/Condisco.build/Debug-iphonesimulator/CondiscoWidget.build/Objects-normal/arm64/CondiscoWidget-dependency-scan.dia -validate-clang-modules-once -clang-build-session-file /var/folders/3w/91hphlzs0rv_1twbkfyhvn6m0000gn/T/condisco-preflight.UUZpei/DerivedData/ModuleCache.noindex/Session.modulevalidation -Xcc -fmodules-prune-interval\=86400 -Xcc -fmodules-prune-after\=345600 -emit-const-values -const-gather-protocols-list /var/folders/3w/91hphlzs0rv_1twbkfyhvn6m0000gn/T/condisco-preflight.UUZpei/DerivedData/Build/Intermediates.noindex/Condisco.build/Debug-iphonesimulator/CondiscoWidget.build/Objects-normal/arm64/CondiscoWidget_const_extract_protocols.json -Xcc -iquote -Xcc /var/folders/3w/91hphlzs0rv_1twbkfyhvn6m0000gn/T/condisco-preflight.UUZpei/DerivedData/Build/Intermediates.noindex/Condisco.build/Debug-iphonesimulator/CondiscoWidget.build/CondiscoWidget-generated-files.hmap -Xcc -I/var/folders/3w/91hphlzs0rv_1twbkfyhvn6m0000gn/T/condisco-preflight.UUZpei/DerivedData/Build/Intermediates.noindex/Condisco.build/Debug-iphonesimulator/CondiscoWidget.build/CondiscoWidget-own-target-headers.hmap -Xcc -I/var/folders/3w/91hphlzs0rv_1twbkfyhvn6m0000gn/T/condisco-preflight.UUZpei/DerivedData/Build/Intermediates.noindex/Condisco.build/Debug-iphonesimulator/CondiscoWidget.build/CondiscoWidget-all-target-headers.hmap -Xcc -iquote -Xcc /var/folders/3w/91hphlzs0rv_1twbkfyhvn6m0000gn/T/condisco-preflight.UUZpei/DerivedData/Build/Intermediates.noindex/Condisco.build/Debug-iphonesimulator/CondiscoWidget.build/CondiscoWidget-project-headers.hmap -Xcc -I/var/folders/3w/91hphlzs0rv_1twbkfyhvn6m0000gn/T/condisco-preflight.UUZpei/DerivedData/Build/Products/Debug-iphonesimulator/include -Xcc -I/var/folders/3w/91hphlzs0rv_1twbkfyhvn6m0000gn/T/condisco-preflight.UUZpei/DerivedData/Build/Intermediates.noindex/Condisco.build/Debug-iphonesimulator/CondiscoWidget.build/DerivedSources-normal/arm64 -Xcc -I/var/folders/3w/91hphlzs0rv_1twbkfyhvn6m0000gn/T/condisco-preflight.UUZpei/DerivedData/Build/Intermediates.noindex/Condisco.build/Debug-iphonesimulator/CondiscoWidget.build/DerivedSources/arm64 -Xcc -I/var/folders/3w/91hphlzs0rv_1twbkfyhvn6m0000gn/T/condisco-preflight.UUZpei/DerivedData/Build/Intermediates.noindex/Condisco.build/Debug-iphonesimulator/CondiscoWidget.build/DerivedSources -Xcc -DDEBUG\=1 -Xcc -DDEBUG\=1 -emit-objc-header -emit-objc-header-path /var/folders/3w/91hphlzs0rv_1twbkfyhvn6m0000gn/T/condisco-preflight.UUZpei/DerivedData/Build/Intermediates.noindex/Condisco.build/Debug-iphonesimulator/CondiscoWidget.build/Objects-normal/arm64/CondiscoWidget-Swift.h -working-directory /Users/spkoehl/Projects/VerbaLibera -experimental-emit-module-separately -disable-cmo

Ld /var/folders/3w/91hphlzs0rv_1twbkfyhvn6m0000gn/T/condisco-preflight.UUZpei/DerivedData/Build/Products/Debug-iphonesimulator/CondiscoWidget.appex/CondiscoWidget.debug.dylib normal (in target 'CondiscoWidget' from project 'Condisco')
    cd /Users/spkoehl/Projects/VerbaLibera
    /Applications/Xcode.app/Contents/Developer/Toolchains/XcodeDefault.xctoolchain/usr/bin/clang -Xlinker -reproducible -target arm64-apple-ios17.0-simulator -dynamiclib -isysroot /Applications/Xcode.app/Contents/Developer/Platforms/iPhoneSimulator.platform/Developer/SDKs/iPhoneSimulator27.0.sdk -O0 -Xlinker -no_warn_duplicate_libraries -L/var/folders/3w/91hphlzs0rv_1twbkfyhvn6m0000gn/T/condisco-preflight.UUZpei/DerivedData/Build/Intermediates.noindex/EagerLinkingTBDs/Debug-iphonesimulator -L/var/folders/3w/91hphlzs0rv_1twbkfyhvn6m0000gn/T/condisco-preflight.UUZpei/DerivedData/Build/Products/Debug-iphonesimulator -F/var/folders/3w/91hphlzs0rv_1twbkfyhvn6m0000gn/T/condisco-preflight.UUZpei/DerivedData/Build/Intermediates.noindex/EagerLinkingTBDs/Debug-iphonesimulator -F/var/folders/3w/91hphlzs0rv_1twbkfyhvn6m0000gn/T/condisco-preflight.UUZpei/DerivedData/Build/Products/Debug-iphonesimulator -filelist /var/folders/3w/91hphlzs0rv_1twbkfyhvn6m0000gn/T/condisco-preflight.UUZpei/DerivedData/Build/Intermediates.noindex/Condisco.build/Debug-iphonesimulator/CondiscoWidget.build/Objects-normal/arm64/CondiscoWidget.LinkFileList -install_name @rpath/CondiscoWidget.debug.dylib -Xlinker -rpath -Xlinker /usr/lib/swift -Xlinker -dead_strip -Xlinker -object_path_lto -Xlinker /var/folders/3w/91hphlzs0rv_1twbkfyhvn6m0000gn/T/condisco-preflight.UUZpei/DerivedData/Build/Intermediates.noindex/Condisco.build/Debug-iphonesimulator/CondiscoWidget.build/Objects-normal/arm64/CondiscoWidget_lto.o -rdynamic -Xlinker -no_deduplicate -Xlinker -objc_abi_version -Xlinker 2 -Xlinker -dependency_info -Xlinker /var/folders/3w/91hphlzs0rv_1twbkfyhvn6m0000gn/T/condisco-preflight.UUZpei/DerivedData/Build/Intermediates.noindex/Condisco.build/Debug-iphonesimulator/CondiscoWidget.build/Objects-normal/arm64/CondiscoWidget_dependency_info.dat -fapplication-extension -fobjc-link-runtime -L/Applications/Xcode.app/Contents/Developer/Toolchains/XcodeDefault.xctoolchain/usr/lib/swift/iphonesimulator -L/usr/lib/swift -Xlinker -add_ast_path -Xlinker /var/folders/3w/91hphlzs0rv_1twbkfyhvn6m0000gn/T/condisco-preflight.UUZpei/DerivedData/Build/Intermediates.noindex/Condisco.build/Debug-iphonesimulator/CondiscoWidget.build/Objects-normal/arm64/CondiscoWidget.swiftmodule -Xlinker -alias -Xlinker _NSExtensionMain -Xlinker ___debug_main_executable_dylib_entry_point -Xlinker -no_adhoc_codesign -o /var/folders/3w/91hphlzs0rv_1twbkfyhvn6m0000gn/T/condisco-preflight.UUZpei/DerivedData/Build/Products/Debug-iphonesimulator/CondiscoWidget.appex/CondiscoWidget.debug.dylib

SwiftExplicitDependencyGeneratePcm arm64 /var/folders/3w/91hphlzs0rv_1twbkfyhvn6m0000gn/T/condisco-preflight.UUZpei/DerivedData/SDKExplicitPrecompiledModules/CoreVideo-70N4FG7060PWVRSBVH2ZZXC25.pcm

SwiftExplicitDependencyGeneratePcm arm64 /var/folders/3w/91hphlzs0rv_1twbkfyhvn6m0000gn/T/condisco-preflight.UUZpei/DerivedData/SDKExplicitPrecompiledModules/QuartzCore-3PQELQOV2EP9C895KTJ8453YX.pcm

SwiftExplicitDependencyGeneratePcm arm64 /var/folders/3w/91hphlzs0rv_1twbkfyhvn6m0000gn/T/condisco-preflight.UUZpei/DerivedData/SDKExplicitPrecompiledModules/CoreMedia-CVG2H4OI3MHHZMNW2FDYTVMCF.pcm

SwiftExplicitDependencyGeneratePcm arm64 /var/folders/3w/91hphlzs0rv_1twbkfyhvn6m0000gn/T/condisco-preflight.UUZpei/DerivedData/SDKExplicitPrecompiledModules/CoreImage-CZNUZRTXZOWKJEKA1Y9SY8JCT.pcm

SwiftExplicitDependencyGeneratePcm arm64 /var/folders/3w/91hphlzs0rv_1twbkfyhvn6m0000gn/T/condisco-preflight.UUZpei/DerivedData/SDKExplicitPrecompiledModules/SwiftUICore-EDJEY0CCMLBQ00S64ZU21AM0R.pcm

SwiftExplicitDependencyGeneratePcm arm64 /var/folders/3w/91hphlzs0rv_1twbkfyhvn6m0000gn/T/condisco-preflight.UUZpei/DerivedData/SDKExplicitPrecompiledModules/VideoToolbox-HX56OGSBBX23DT90XN3SPQS6.pcm

SwiftExplicitDependencyGeneratePcm arm64 /var/folders/3w/91hphlzs0rv_1twbkfyhvn6m0000gn/T/condisco-preflight.UUZpei/DerivedData/SDKExplicitPrecompiledModules/AVFAudio-5CZWE1GN4SPLVZI9Y170NOO6M.pcm

SwiftExplicitDependencyGeneratePcm arm64 /var/folders/3w/91hphlzs0rv_1twbkfyhvn6m0000gn/T/condisco-preflight.UUZpei/DerivedData/SDKExplicitPrecompiledModules/MediaToolbox-5NCWM3B8ENL4X4VFH5HPU73ZJ.pcm

SwiftExplicitDependencyGeneratePcm arm64 /var/folders/3w/91hphlzs0rv_1twbkfyhvn6m0000gn/T/condisco-preflight.UUZpei/DerivedData/SDKExplicitPrecompiledModules/UIKit-50GRLOMXF7GEEEXDT9RTWF0X6.pcm

SwiftExplicitDependencyGeneratePcm arm64 /var/folders/3w/91hphlzs0rv_1twbkfyhvn6m0000gn/T/condisco-preflight.UUZpei/DerivedData/SDKExplicitPrecompiledModules/AVFoundation-AW7YHO8Y5OVBOHYMQU5DMN6H6.pcm

LinkAssetCatalog /Users/spkoehl/Projects/VerbaLibera/Condisco/Assets.xcassets (in target 'Condisco' from project 'Condisco')
    cd /Users/spkoehl/Projects/VerbaLibera
    builtin-linkAssetCatalog --thinned /var/folders/3w/91hphlzs0rv_1twbkfyhvn6m0000gn/T/condisco-preflight.UUZpei/DerivedData/Build/Intermediates.noindex/Condisco.build/Debug-iphonesimulator/Condisco.build/assetcatalog_output/thinned --thinned-dependencies /var/folders/3w/91hphlzs0rv_1twbkfyhvn6m0000gn/T/condisco-preflight.UUZpei/DerivedData/Build/Intermediates.noindex/Condisco.build/Debug-iphonesimulator/Condisco.build/assetcatalog_dependencies_thinned --thinned-info-plist-content /var/folders/3w/91hphlzs0rv_1twbkfyhvn6m0000gn/T/condisco-preflight.UUZpei/DerivedData/Build/Intermediates.noindex/Condisco.build/Debug-iphonesimulator/Condisco.build/assetcatalog_generated_info.plist_thinned --unthinned /var/folders/3w/91hphlzs0rv_1twbkfyhvn6m0000gn/T/condisco-preflight.UUZpei/DerivedData/Build/Intermediates.noindex/Condisco.build/Debug-iphonesimulator/Condisco.build/assetcatalog_output/unthinned --unthinned-dependencies /var/folders/3w/91hphlzs0rv_1twbkfyhvn6m0000gn/T/condisco-preflight.UUZpei/DerivedData/Build/Intermediates.noindex/Condisco.build/Debug-iphonesimulator/Condisco.build/assetcatalog_dependencies_unthinned --unthinned-info-plist-content /var/folders/3w/91hphlzs0rv_1twbkfyhvn6m0000gn/T/condisco-preflight.UUZpei/DerivedData/Build/Intermediates.noindex/Condisco.build/Debug-iphonesimulator/Condisco.build/assetcatalog_generated_info.plist_unthinned --output /var/folders/3w/91hphlzs0rv_1twbkfyhvn6m0000gn/T/condisco-preflight.UUZpei/DerivedData/Build/Products/Debug-iphonesimulator/Condisco.app --plist-output /var/folders/3w/91hphlzs0rv_1twbkfyhvn6m0000gn/T/condisco-preflight.UUZpei/DerivedData/Build/Intermediates.noindex/Condisco.build/Debug-iphonesimulator/Condisco.build/assetcatalog_generated_info.plist
note: Emplaced /var/folders/3w/91hphlzs0rv_1twbkfyhvn6m0000gn/T/condisco-preflight.UUZpei/DerivedData/Build/Products/Debug-iphonesimulator/Condisco.app/Assets.car (in target 'Condisco' from project 'Condisco')
note: Emplaced /var/folders/3w/91hphlzs0rv_1twbkfyhvn6m0000gn/T/condisco-preflight.UUZpei/DerivedData/Build/Products/Debug-iphonesimulator/Condisco.app/AppIcon60x60@2x.png (in target 'Condisco' from project 'Condisco')
note: Emplaced /var/folders/3w/91hphlzs0rv_1twbkfyhvn6m0000gn/T/condisco-preflight.UUZpei/DerivedData/Build/Products/Debug-iphonesimulator/Condisco.app/AppIcon76x76@2x~ipad.png (in target 'Condisco' from project 'Condisco')

ConstructStubExecutorLinkFileList /var/folders/3w/91hphlzs0rv_1twbkfyhvn6m0000gn/T/condisco-preflight.UUZpei/DerivedData/Build/Intermediates.noindex/Condisco.build/Debug-iphonesimulator/CondiscoWidget.build/CondiscoWidget-ExecutorLinkFileList-normal-arm64.txt (in target 'CondiscoWidget' from project 'Condisco')
    cd /Users/spkoehl/Projects/VerbaLibera
    construct-stub-executor-link-file-list /var/folders/3w/91hphlzs0rv_1twbkfyhvn6m0000gn/T/condisco-preflight.UUZpei/DerivedData/Build/Products/Debug-iphonesimulator/CondiscoWidget.appex/CondiscoWidget.debug.dylib /Applications/Xcode.app/Contents/Developer/Platforms/iPhoneSimulator.platform/Developer/usr/lib/libPreviewsJITStubExecutor_no_swift_entry_point.a /Applications/Xcode.app/Contents/Developer/Platforms/iPhoneSimulator.platform/Developer/usr/lib/libPreviewsJITStubExecutor.a --output /var/folders/3w/91hphlzs0rv_1twbkfyhvn6m0000gn/T/condisco-preflight.UUZpei/DerivedData/Build/Intermediates.noindex/Condisco.build/Debug-iphonesimulator/CondiscoWidget.build/CondiscoWidget-ExecutorLinkFileList-normal-arm64.txt
note: Using stub executor library with Swift entry point. (in target 'CondiscoWidget' from project 'Condisco')

Ld /var/folders/3w/91hphlzs0rv_1twbkfyhvn6m0000gn/T/condisco-preflight.UUZpei/DerivedData/Build/Products/Debug-iphonesimulator/CondiscoWidget.appex/CondiscoWidget normal (in target 'CondiscoWidget' from project 'Condisco')
    cd /Users/spkoehl/Projects/VerbaLibera
    /Applications/Xcode.app/Contents/Developer/Toolchains/XcodeDefault.xctoolchain/usr/bin/clang -Xlinker -reproducible -target arm64-apple-ios17.0-simulator -isysroot /Applications/Xcode.app/Contents/Developer/Platforms/iPhoneSimulator.platform/Developer/SDKs/iPhoneSimulator27.0.sdk -O0 -Xlinker -no_warn_duplicate_libraries -L/var/folders/3w/91hphlzs0rv_1twbkfyhvn6m0000gn/T/condisco-preflight.UUZpei/DerivedData/Build/Products/Debug-iphonesimulator -F/var/folders/3w/91hphlzs0rv_1twbkfyhvn6m0000gn/T/condisco-preflight.UUZpei/DerivedData/Build/Products/Debug-iphonesimulator -Xlinker -rpath -Xlinker @executable_path -rdynamic -Xlinker -no_deduplicate -Xlinker -objc_abi_version -Xlinker 2 -e ___debug_blank_executor_main -Xlinker -sectcreate -Xlinker __TEXT -Xlinker __debug_dylib -Xlinker /var/folders/3w/91hphlzs0rv_1twbkfyhvn6m0000gn/T/condisco-preflight.UUZpei/DerivedData/Build/Intermediates.noindex/Condisco.build/Debug-iphonesimulator/CondiscoWidget.build/CondiscoWidget-DebugDylibPath-normal-arm64.txt -Xlinker -sectcreate -Xlinker __TEXT -Xlinker __debug_entry -Xlinker /var/folders/3w/91hphlzs0rv_1twbkfyhvn6m0000gn/T/condisco-preflight.UUZpei/DerivedData/Build/Intermediates.noindex/Condisco.build/Debug-iphonesimulator/CondiscoWidget.build/CondiscoWidget-DebugEntryPoint-normal-arm64.txt -Xlinker -sectcreate -Xlinker __TEXT -Xlinker __debug_instlnm -Xlinker /var/folders/3w/91hphlzs0rv_1twbkfyhvn6m0000gn/T/condisco-preflight.UUZpei/DerivedData/Build/Intermediates.noindex/Condisco.build/Debug-iphonesimulator/CondiscoWidget.build/CondiscoWidget-DebugDylibInstallName-normal-arm64.txt -Xlinker -filelist -Xlinker /var/folders/3w/91hphlzs0rv_1twbkfyhvn6m0000gn/T/condisco-preflight.UUZpei/DerivedData/Build/Intermediates.noindex/Condisco.build/Debug-iphonesimulator/CondiscoWidget.build/CondiscoWidget-ExecutorLinkFileList-normal-arm64.txt -Xlinker -sectcreate -Xlinker __TEXT -Xlinker __entitlements -Xlinker /var/folders/3w/91hphlzs0rv_1twbkfyhvn6m0000gn/T/condisco-preflight.UUZpei/DerivedData/Build/Intermediates.noindex/Condisco.build/Debug-iphonesimulator/CondiscoWidget.build/CondiscoWidget.appex-Simulated.xcent -Xlinker -sectcreate -Xlinker __TEXT -Xlinker __ents_der -Xlinker /var/folders/3w/91hphlzs0rv_1twbkfyhvn6m0000gn/T/condisco-preflight.UUZpei/DerivedData/Build/Intermediates.noindex/Condisco.build/Debug-iphonesimulator/CondiscoWidget.build/CondiscoWidget.appex-Simulated.xcent.der /var/folders/3w/91hphlzs0rv_1twbkfyhvn6m0000gn/T/condisco-preflight.UUZpei/DerivedData/Build/Products/Debug-iphonesimulator/CondiscoWidget.appex/CondiscoWidget.debug.dylib -Xlinker -no_adhoc_codesign -o /var/folders/3w/91hphlzs0rv_1twbkfyhvn6m0000gn/T/condisco-preflight.UUZpei/DerivedData/Build/Products/Debug-iphonesimulator/CondiscoWidget.appex/CondiscoWidget

ExtractAppIntentsMetadata (in target 'CondiscoWidget' from project 'Condisco')
    cd /Users/spkoehl/Projects/VerbaLibera
    /Applications/Xcode.app/Contents/Developer/Toolchains/XcodeDefault.xctoolchain/usr/bin/appintentsmetadataprocessor --toolchain-dir /Applications/Xcode.app/Contents/Developer/Toolchains/XcodeDefault.xctoolchain --module-name CondiscoWidget --sdk-root /Applications/Xcode.app/Contents/Developer/Platforms/iPhoneSimulator.platform/Developer/SDKs/iPhoneSimulator27.0.sdk --xcode-version 27A266a --platform-family iOS --deployment-target 17.0 --bundle-identifier com.sleuthysloth.condisco.CondiscoWidget --output /var/folders/3w/91hphlzs0rv_1twbkfyhvn6m0000gn/T/condisco-preflight.UUZpei/DerivedData/Build/Products/Debug-iphonesimulator/CondiscoWidget.appex --target-triple arm64-apple-ios17.0-simulator --binary-file /var/folders/3w/91hphlzs0rv_1twbkfyhvn6m0000gn/T/condisco-preflight.UUZpei/DerivedData/Build/Products/Debug-iphonesimulator/CondiscoWidget.appex/CondiscoWidget --dependency-file /var/folders/3w/91hphlzs0rv_1twbkfyhvn6m0000gn/T/condisco-preflight.UUZpei/DerivedData/Build/Intermediates.noindex/Condisco.build/Debug-iphonesimulator/CondiscoWidget.build/Objects-normal/arm64/CondiscoWidget_dependency_info.dat --stringsdata-file /var/folders/3w/91hphlzs0rv_1twbkfyhvn6m0000gn/T/condisco-preflight.UUZpei/DerivedData/Build/Intermediates.noindex/Condisco.build/Debug-iphonesimulator/CondiscoWidget.build/Objects-normal/arm64/ExtractedAppShortcutsMetadata.stringsdata --source-file-list /var/folders/3w/91hphlzs0rv_1twbkfyhvn6m0000gn/T/condisco-preflight.UUZpei/DerivedData/Build/Intermediates.noindex/Condisco.build/Debug-iphonesimulator/CondiscoWidget.build/Objects-normal/arm64/CondiscoWidget.SwiftFileList --metadata-file-list /var/folders/3w/91hphlzs0rv_1twbkfyhvn6m0000gn/T/condisco-preflight.UUZpei/DerivedData/Build/Intermediates.noindex/Condisco.build/Debug-iphonesimulator/CondiscoWidget.build/CondiscoWidget.DependencyMetadataFileList --static-metadata-file-list /var/folders/3w/91hphlzs0rv_1twbkfyhvn6m0000gn/T/condisco-preflight.UUZpei/DerivedData/Build/Intermediates.noindex/Condisco.build/Debug-iphonesimulator/CondiscoWidget.build/CondiscoWidget.DependencyStaticMetadataFileList --swift-const-vals-list /var/folders/3w/91hphlzs0rv_1twbkfyhvn6m0000gn/T/condisco-preflight.UUZpei/DerivedData/Build/Intermediates.noindex/Condisco.build/Debug-iphonesimulator/CondiscoWidget.build/Objects-normal/arm64/CondiscoWidget.SwiftConstValuesFileList --compile-time-extraction --deployment-aware-processing --no-app-shortcuts-localization
2026-09-26 08:29:09.571 appintentsmetadataprocessor[6167:29855] Starting appintentsmetadataprocessor export
2026-09-26 08:29:09.771 appintentsmetadataprocessor[6167:29855] Extracted no relevant App Intents symbols, skipping writing output

AppIntentsSSUTraining (in target 'CondiscoWidget' from project 'Condisco')
    cd /Users/spkoehl/Projects/VerbaLibera
    /Applications/Xcode.app/Contents/Developer/Toolchains/XcodeDefault.xctoolchain/usr/bin/appintentsnltrainingprocessor --infoplist-path /var/folders/3w/91hphlzs0rv_1twbkfyhvn6m0000gn/T/condisco-preflight.UUZpei/DerivedData/Build/Products/Debug-iphonesimulator/CondiscoWidget.appex/Info.plist --temp-dir-path /var/folders/3w/91hphlzs0rv_1twbkfyhvn6m0000gn/T/condisco-preflight.UUZpei/DerivedData/Build/Intermediates.noindex/Condisco.build/Debug-iphonesimulator/CondiscoWidget.build/ssu --bundle-id com.sleuthysloth.condisco.CondiscoWidget --product-path /var/folders/3w/91hphlzs0rv_1twbkfyhvn6m0000gn/T/condisco-preflight.UUZpei/DerivedData/Build/Products/Debug-iphonesimulator/CondiscoWidget.appex --extracted-metadata-path /var/folders/3w/91hphlzs0rv_1twbkfyhvn6m0000gn/T/condisco-preflight.UUZpei/DerivedData/Build/Products/Debug-iphonesimulator/CondiscoWidget.appex/Metadata.appintents --metadata-file-list /var/folders/3w/91hphlzs0rv_1twbkfyhvn6m0000gn/T/condisco-preflight.UUZpei/DerivedData/Build/Intermediates.noindex/Condisco.build/Debug-iphonesimulator/CondiscoWidget.build/CondiscoWidget.DependencyMetadataFileList --source-file /var/folders/3w/91hphlzs0rv_1twbkfyhvn6m0000gn/T/condisco-preflight.UUZpei/DerivedData/Build/Products/Debug-iphonesimulator/CondiscoWidget.appex/Info.plist --archive-ssu-assets
2026-09-26 08:29:09.857 appintentsnltrainingprocessor[6168:29871] Parsing options for appintentsnltrainingprocessor
2026-09-26 08:29:09.857 appintentsnltrainingprocessor[6168:29871] Starting AppIntents SSU YAML Generation
2026-09-26 08:29:09.869 appintentsnltrainingprocessor[6168:29871] No AppShortcuts found - Skipping.

CodeSign /var/folders/3w/91hphlzs0rv_1twbkfyhvn6m0000gn/T/condisco-preflight.UUZpei/DerivedData/Build/Products/Debug-iphonesimulator/CondiscoWidget.appex/CondiscoWidget.debug.dylib (in target 'CondiscoWidget' from project 'Condisco')
    cd /Users/spkoehl/Projects/VerbaLibera
    
    Signing Identity:     "Sign to Run Locally"
    
    /usr/bin/codesign --force --sign - --timestamp\=none --generate-entitlement-der /var/folders/3w/91hphlzs0rv_1twbkfyhvn6m0000gn/T/condisco-preflight.UUZpei/DerivedData/Build/Products/Debug-iphonesimulator/CondiscoWidget.appex/CondiscoWidget.debug.dylib

CodeSign /var/folders/3w/91hphlzs0rv_1twbkfyhvn6m0000gn/T/condisco-preflight.UUZpei/DerivedData/Build/Products/Debug-iphonesimulator/CondiscoWidget.appex/__preview.dylib (in target 'CondiscoWidget' from project 'Condisco')
    cd /Users/spkoehl/Projects/VerbaLibera
    
    Signing Identity:     "Sign to Run Locally"
    
    /usr/bin/codesign --force --sign - --timestamp\=none --generate-entitlement-der /var/folders/3w/91hphlzs0rv_1twbkfyhvn6m0000gn/T/condisco-preflight.UUZpei/DerivedData/Build/Products/Debug-iphonesimulator/CondiscoWidget.appex/__preview.dylib

SwiftExplicitDependencyGeneratePcm arm64 /var/folders/3w/91hphlzs0rv_1twbkfyhvn6m0000gn/T/condisco-preflight.UUZpei/DerivedData/SDKExplicitPrecompiledModules/StoreKit-3Q28G0IFIV7HCD5G79LVKOKW7.pcm

SwiftExplicitDependencyGeneratePcm arm64 /var/folders/3w/91hphlzs0rv_1twbkfyhvn6m0000gn/T/condisco-preflight.UUZpei/DerivedData/SDKExplicitPrecompiledModules/SwiftUI-5C6QRUEGAD9UE3B461WBPBHAZ.pcm

SwiftExplicitDependencyGeneratePcm arm64 /var/folders/3w/91hphlzs0rv_1twbkfyhvn6m0000gn/T/condisco-preflight.UUZpei/DerivedData/SDKExplicitPrecompiledModules/MediaPlayer-3HWC7V1TYZMEVJPS7FH3AD41H.pcm

SwiftExplicitDependencyGeneratePcm arm64 /var/folders/3w/91hphlzs0rv_1twbkfyhvn6m0000gn/T/condisco-preflight.UUZpei/DerivedData/SDKExplicitPrecompiledModules/AuthenticationServices-8RCEP14AVFAX060HK9IFA8IOI.pcm

CodeSign /var/folders/3w/91hphlzs0rv_1twbkfyhvn6m0000gn/T/condisco-preflight.UUZpei/DerivedData/Build/Products/Debug-iphonesimulator/CondiscoWidget.appex (in target 'CondiscoWidget' from project 'Condisco')
    cd /Users/spkoehl/Projects/VerbaLibera
    
    Signing Identity:     "Sign to Run Locally"
    
    /usr/bin/codesign --force --sign - --entitlements /var/folders/3w/91hphlzs0rv_1twbkfyhvn6m0000gn/T/condisco-preflight.UUZpei/DerivedData/Build/Intermediates.noindex/Condisco.build/Debug-iphonesimulator/CondiscoWidget.build/CondiscoWidget.appex.xcent --timestamp\=none --generate-entitlement-der /var/folders/3w/91hphlzs0rv_1twbkfyhvn6m0000gn/T/condisco-preflight.UUZpei/DerivedData/Build/Products/Debug-iphonesimulator/CondiscoWidget.appex

RegisterExecutionPolicyException /var/folders/3w/91hphlzs0rv_1twbkfyhvn6m0000gn/T/condisco-preflight.UUZpei/DerivedData/Build/Products/Debug-iphonesimulator/CondiscoWidget.appex (in target 'CondiscoWidget' from project 'Condisco')
    cd /Users/spkoehl/Projects/VerbaLibera
    builtin-RegisterExecutionPolicyException /var/folders/3w/91hphlzs0rv_1twbkfyhvn6m0000gn/T/condisco-preflight.UUZpei/DerivedData/Build/Products/Debug-iphonesimulator/CondiscoWidget.appex

Touch /var/folders/3w/91hphlzs0rv_1twbkfyhvn6m0000gn/T/condisco-preflight.UUZpei/DerivedData/Build/Products/Debug-iphonesimulator/CondiscoWidget.appex (in target 'CondiscoWidget' from project 'Condisco')
    cd /Users/spkoehl/Projects/VerbaLibera
    /usr/bin/touch -c /var/folders/3w/91hphlzs0rv_1twbkfyhvn6m0000gn/T/condisco-preflight.UUZpei/DerivedData/Build/Products/Debug-iphonesimulator/CondiscoWidget.appex

CpResource /var/folders/3w/91hphlzs0rv_1twbkfyhvn6m0000gn/T/condisco-preflight.UUZpei/DerivedData/Build/Products/Debug-iphonesimulator/Condisco.app/Content /Users/spkoehl/Projects/VerbaLibera/Condisco/Content (in target 'Condisco' from project 'Condisco')
    cd /Users/spkoehl/Projects/VerbaLibera
    builtin-copy -exclude .DS_Store -exclude CVS -exclude .svn -exclude .git -exclude .hg -resolve-src-symlinks /Users/spkoehl/Projects/VerbaLibera/Condisco/Content /var/folders/3w/91hphlzs0rv_1twbkfyhvn6m0000gn/T/condisco-preflight.UUZpei/DerivedData/Build/Products/Debug-iphonesimulator/Condisco.app

Ld /var/folders/3w/91hphlzs0rv_1twbkfyhvn6m0000gn/T/condisco-preflight.UUZpei/DerivedData/Build/Products/Debug-iphonesimulator/Condisco.app/__preview.dylib normal (in target 'Condisco' from project 'Condisco')
    cd /Users/spkoehl/Projects/VerbaLibera
    /Applications/Xcode.app/Contents/Developer/Toolchains/XcodeDefault.xctoolchain/usr/bin/clang -Xlinker -reproducible -target arm64-apple-ios17.0-simulator -dynamiclib -isysroot /Applications/Xcode.app/Contents/Developer/Platforms/iPhoneSimulator.platform/Developer/SDKs/iPhoneSimulator27.0.sdk -O0 -Xlinker -no_warn_duplicate_libraries -L/var/folders/3w/91hphlzs0rv_1twbkfyhvn6m0000gn/T/condisco-preflight.UUZpei/DerivedData/Build/Products/Debug-iphonesimulator -F/var/folders/3w/91hphlzs0rv_1twbkfyhvn6m0000gn/T/condisco-preflight.UUZpei/DerivedData/Build/Products/Debug-iphonesimulator -install_name @rpath/Condisco.debug.dylib -Xlinker -dead_strip -rdynamic -Xlinker -no_deduplicate -Xlinker -objc_abi_version -Xlinker 2 -Xlinker -dependency_info -Xlinker /var/folders/3w/91hphlzs0rv_1twbkfyhvn6m0000gn/T/condisco-preflight.UUZpei/DerivedData/Build/Intermediates.noindex/Condisco.build/Debug-iphonesimulator/Condisco.build/Objects-normal/arm64/Condisco_dependency_info.dat -Xlinker -sectcreate -Xlinker __TEXT -Xlinker __entitlements -Xlinker /var/folders/3w/91hphlzs0rv_1twbkfyhvn6m0000gn/T/condisco-preflight.UUZpei/DerivedData/Build/Intermediates.noindex/Condisco.build/Debug-iphonesimulator/Condisco.build/Condisco.app-Simulated.xcent -Xlinker -sectcreate -Xlinker __TEXT -Xlinker __ents_der -Xlinker /var/folders/3w/91hphlzs0rv_1twbkfyhvn6m0000gn/T/condisco-preflight.UUZpei/DerivedData/Build/Intermediates.noindex/Condisco.build/Debug-iphonesimulator/Condisco.build/Condisco.app-Simulated.xcent.der -Xlinker -no_adhoc_codesign -o /var/folders/3w/91hphlzs0rv_1twbkfyhvn6m0000gn/T/condisco-preflight.UUZpei/DerivedData/Build/Products/Debug-iphonesimulator/Condisco.app/__preview.dylib

SwiftEmitModule normal arm64 Emitting\ module\ for\ Condisco (in target 'Condisco' from project 'Condisco')

SwiftCompile normal arm64 (in target 'Condisco' from project 'Condisco')
    cd /Users/spkoehl/Projects/VerbaLibera
    

SwiftCompile normal arm64 Compiling\ EmptyStateArt.swift,\ AppleSignIn.swift,\ CloudKitSync.swift,\ YouModel.swift,\ YouView.swift,\ Support.swift,\ PhraseCard.swift,\ ShadowMode.swift,\ Phrasebook.swift /Users/spkoehl/Projects/VerbaLibera/Condisco/Theme/EmptyStateArt.swift /Users/spkoehl/Projects/VerbaLibera/Condisco/Auth/AppleSignIn.swift /Users/spkoehl/Projects/VerbaLibera/Condisco/Sync/CloudKitSync.swift /Users/spkoehl/Projects/VerbaLibera/Condisco/You/YouModel.swift /Users/spkoehl/Projects/VerbaLibera/Condisco/You/YouView.swift /Users/spkoehl/Projects/VerbaLibera/Condisco/You/Support.swift /Users/spkoehl/Projects/VerbaLibera/Condisco/Lesson/PhraseCard.swift /Users/spkoehl/Projects/VerbaLibera/Condisco/Listen/ShadowMode.swift /Users/spkoehl/Projects/VerbaLibera/Condisco/Lesson/Phrasebook.swift (in target 'Condisco' from project 'Condisco')

SwiftCompile normal arm64 /Users/spkoehl/Projects/VerbaLibera/Condisco/Theme/EmptyStateArt.swift (in target 'Condisco' from project 'Condisco')
    cd /Users/spkoehl/Projects/VerbaLibera
    builtin-SwiftPerFileCompile EmptyStateArt.swift

SwiftCompile normal arm64 /Users/spkoehl/Projects/VerbaLibera/Condisco/Auth/AppleSignIn.swift (in target 'Condisco' from project 'Condisco')
    cd /Users/spkoehl/Projects/VerbaLibera
    builtin-SwiftPerFileCompile AppleSignIn.swift

SwiftCompile normal arm64 /Users/spkoehl/Projects/VerbaLibera/Condisco/Sync/CloudKitSync.swift (in target 'Condisco' from project 'Condisco')
    cd /Users/spkoehl/Projects/VerbaLibera
    builtin-SwiftPerFileCompile CloudKitSync.swift

SwiftCompile normal arm64 /Users/spkoehl/Projects/VerbaLibera/Condisco/You/YouModel.swift (in target 'Condisco' from project 'Condisco')
    cd /Users/spkoehl/Projects/VerbaLibera
    builtin-SwiftPerFileCompile YouModel.swift

SwiftCompile normal arm64 /Users/spkoehl/Projects/VerbaLibera/Condisco/You/YouView.swift (in target 'Condisco' from project 'Condisco')
    cd /Users/spkoehl/Projects/VerbaLibera
    builtin-SwiftPerFileCompile YouView.swift

SwiftCompile normal arm64 /Users/spkoehl/Projects/VerbaLibera/Condisco/You/Support.swift (in target 'Condisco' from project 'Condisco')
    cd /Users/spkoehl/Projects/VerbaLibera
    builtin-SwiftPerFileCompile Support.swift

SwiftCompile normal arm64 /Users/spkoehl/Projects/VerbaLibera/Condisco/Lesson/PhraseCard.swift (in target 'Condisco' from project 'Condisco')
    cd /Users/spkoehl/Projects/VerbaLibera
    builtin-SwiftPerFileCompile PhraseCard.swift

SwiftCompile normal arm64 /Users/spkoehl/Projects/VerbaLibera/Condisco/Listen/ShadowMode.swift (in target 'Condisco' from project 'Condisco')
    cd /Users/spkoehl/Projects/VerbaLibera
    builtin-SwiftPerFileCompile ShadowMode.swift

SwiftCompile normal arm64 /Users/spkoehl/Projects/VerbaLibera/Condisco/Lesson/Phrasebook.swift (in target 'Condisco' from project 'Condisco')
    cd /Users/spkoehl/Projects/VerbaLibera
    builtin-SwiftPerFileCompile Phrasebook.swift

SwiftCompile normal arm64 Compiling\ InteractiveViews.swift,\ StimulusViews.swift,\ LessonPlayerView.swift,\ Welcome.swift,\ PlacementTest.swift,\ LessonCoachMarks.swift,\ VocabularyBrowser.swift,\ VoiceRecorder.swift,\ VoiceSettings.swift /Users/spkoehl/Projects/VerbaLibera/Condisco/Lesson/InteractiveViews.swift /Users/spkoehl/Projects/VerbaLibera/Condisco/Lesson/StimulusViews.swift /Users/spkoehl/Projects/VerbaLibera/Condisco/Lesson/LessonPlayerView.swift /Users/spkoehl/Projects/VerbaLibera/Condisco/Onboarding/Welcome.swift /Users/spkoehl/Projects/VerbaLibera/Condisco/Onboarding/PlacementTest.swift /Users/spkoehl/Projects/VerbaLibera/Condisco/Lesson/LessonCoachMarks.swift /Users/spkoehl/Projects/VerbaLibera/Condisco/Lesson/VocabularyBrowser.swift /Users/spkoehl/Projects/VerbaLibera/Condisco/Lesson/VoiceRecorder.swift /Users/spkoehl/Projects/VerbaLibera/Condisco/Lesson/VoiceSettings.swift (in target 'Condisco' from project 'Condisco')

SwiftCompile normal arm64 /Users/spkoehl/Projects/VerbaLibera/Condisco/Lesson/InteractiveViews.swift (in target 'Condisco' from project 'Condisco')
    cd /Users/spkoehl/Projects/VerbaLibera
    builtin-SwiftPerFileCompile InteractiveViews.swift

SwiftCompile normal arm64 /Users/spkoehl/Projects/VerbaLibera/Condisco/Lesson/StimulusViews.swift (in target 'Condisco' from project 'Condisco')
    cd /Users/spkoehl/Projects/VerbaLibera
    builtin-SwiftPerFileCompile StimulusViews.swift

SwiftCompile normal arm64 /Users/spkoehl/Projects/VerbaLibera/Condisco/Lesson/LessonPlayerView.swift (in target 'Condisco' from project 'Condisco')
    cd /Users/spkoehl/Projects/VerbaLibera
    builtin-SwiftPerFileCompile LessonPlayerView.swift

SwiftCompile normal arm64 /Users/spkoehl/Projects/VerbaLibera/Condisco/Onboarding/Welcome.swift (in target 'Condisco' from project 'Condisco')
    cd /Users/spkoehl/Projects/VerbaLibera
    builtin-SwiftPerFileCompile Welcome.swift

SwiftCompile normal arm64 /Users/spkoehl/Projects/VerbaLibera/Condisco/Onboarding/PlacementTest.swift (in target 'Condisco' from project 'Condisco')
    cd /Users/spkoehl/Projects/VerbaLibera
    builtin-SwiftPerFileCompile PlacementTest.swift

SwiftCompile normal arm64 /Users/spkoehl/Projects/VerbaLibera/Condisco/Lesson/LessonCoachMarks.swift (in target 'Condisco' from project 'Condisco')
    cd /Users/spkoehl/Projects/VerbaLibera
    builtin-SwiftPerFileCompile LessonCoachMarks.swift

SwiftCompile normal arm64 /Users/spkoehl/Projects/VerbaLibera/Condisco/Lesson/VocabularyBrowser.swift (in target 'Condisco' from project 'Condisco')
    cd /Users/spkoehl/Projects/VerbaLibera
    builtin-SwiftPerFileCompile VocabularyBrowser.swift

SwiftCompile normal arm64 /Users/spkoehl/Projects/VerbaLibera/Condisco/Lesson/VoiceRecorder.swift (in target 'Condisco' from project 'Condisco')
    cd /Users/spkoehl/Projects/VerbaLibera
    builtin-SwiftPerFileCompile VoiceRecorder.swift

SwiftCompile normal arm64 /Users/spkoehl/Projects/VerbaLibera/Condisco/Lesson/VoiceSettings.swift (in target 'Condisco' from project 'Condisco')
    cd /Users/spkoehl/Projects/VerbaLibera
    builtin-SwiftPerFileCompile VoiceSettings.swift

SwiftCompile normal arm64 Compiling\ Glossary.swift,\ LessonMoments.swift,\ DeepLink.swift,\ CondiscoIntents.swift,\ SpotlightIndex.swift,\ LessonCatalog.generated.swift,\ WidgetSnapshot.swift,\ WidgetSnapshotWriter.swift,\ GeneratedAssetSymbols.swift /Users/spkoehl/Projects/VerbaLibera/Condisco/Lesson/Glossary.swift /Users/spkoehl/Projects/VerbaLibera/Condisco/Lesson/LessonMoments.swift /Users/spkoehl/Projects/VerbaLibera/Condisco/DeepLink/DeepLink.swift /Users/spkoehl/Projects/VerbaLibera/Condisco/DeepLink/CondiscoIntents.swift /Users/spkoehl/Projects/VerbaLibera/Condisco/DeepLink/SpotlightIndex.swift /Users/spkoehl/Projects/VerbaLibera/Condisco/DeepLink/LessonCatalog.generated.swift /Users/spkoehl/Projects/VerbaLibera/Condisco/Store/WidgetSnapshot.swift /Users/spkoehl/Projects/VerbaLibera/Condisco/Store/WidgetSnapshotWriter.swift /var/folders/3w/91hphlzs0rv_1twbkfyhvn6m0000gn/T/condisco-preflight.UUZpei/DerivedData/Build/Intermediates.noindex/Condisco.build/Debug-iphonesimulator/Condisco.build/DerivedSources/GeneratedAssetSymbols.swift (in target 'Condisco' from project 'Condisco')

SwiftCompile normal arm64 /Users/spkoehl/Projects/VerbaLibera/Condisco/Lesson/Glossary.swift (in target 'Condisco' from project 'Condisco')
    cd /Users/spkoehl/Projects/VerbaLibera
    builtin-SwiftPerFileCompile Glossary.swift

SwiftCompile normal arm64 /Users/spkoehl/Projects/VerbaLibera/Condisco/Lesson/LessonMoments.swift (in target 'Condisco' from project 'Condisco')
    cd /Users/spkoehl/Projects/VerbaLibera
    builtin-SwiftPerFileCompile LessonMoments.swift

SwiftCompile normal arm64 /Users/spkoehl/Projects/VerbaLibera/Condisco/DeepLink/DeepLink.swift (in target 'Condisco' from project 'Condisco')
    cd /Users/spkoehl/Projects/VerbaLibera
    builtin-SwiftPerFileCompile DeepLink.swift

SwiftCompile normal arm64 /Users/spkoehl/Projects/VerbaLibera/Condisco/DeepLink/CondiscoIntents.swift (in target 'Condisco' from project 'Condisco')
    cd /Users/spkoehl/Projects/VerbaLibera
    builtin-SwiftPerFileCompile CondiscoIntents.swift

SwiftCompile normal arm64 /Users/spkoehl/Projects/VerbaLibera/Condisco/DeepLink/SpotlightIndex.swift (in target 'Condisco' from project 'Condisco')
    cd /Users/spkoehl/Projects/VerbaLibera
    builtin-SwiftPerFileCompile SpotlightIndex.swift

SwiftCompile normal arm64 /Users/spkoehl/Projects/VerbaLibera/Condisco/DeepLink/LessonCatalog.generated.swift (in target 'Condisco' from project 'Condisco')
    cd /Users/spkoehl/Projects/VerbaLibera
    builtin-SwiftPerFileCompile LessonCatalog.generated.swift

SwiftCompile normal arm64 /Users/spkoehl/Projects/VerbaLibera/Condisco/Store/WidgetSnapshot.swift (in target 'Condisco' from project 'Condisco')
    cd /Users/spkoehl/Projects/VerbaLibera
    builtin-SwiftPerFileCompile WidgetSnapshot.swift

SwiftCompile normal arm64 /Users/spkoehl/Projects/VerbaLibera/Condisco/Store/WidgetSnapshotWriter.swift (in target 'Condisco' from project 'Condisco')
    cd /Users/spkoehl/Projects/VerbaLibera
    builtin-SwiftPerFileCompile WidgetSnapshotWriter.swift

SwiftCompile normal arm64 /var/folders/3w/91hphlzs0rv_1twbkfyhvn6m0000gn/T/condisco-preflight.UUZpei/DerivedData/Build/Intermediates.noindex/Condisco.build/Debug-iphonesimulator/Condisco.build/DerivedSources/GeneratedAssetSymbols.swift (in target 'Condisco' from project 'Condisco')
    cd /Users/spkoehl/Projects/VerbaLibera
    builtin-SwiftPerFileCompile GeneratedAssetSymbols.swift

SwiftCompile normal arm64 Compiling\ ListenModels.swift,\ ListenView.swift,\ ReviewModels.swift,\ ReviewView.swift,\ ReviewReminders.swift,\ FlashcardsView.swift,\ AnkiExport.swift,\ HandsFreeReview.swift,\ A11ySettings.swift /Users/spkoehl/Projects/VerbaLibera/Condisco/Listen/ListenModels.swift /Users/spkoehl/Projects/VerbaLibera/Condisco/Listen/ListenView.swift /Users/spkoehl/Projects/VerbaLibera/Condisco/Review/ReviewModels.swift /Users/spkoehl/Projects/VerbaLibera/Condisco/Review/ReviewView.swift /Users/spkoehl/Projects/VerbaLibera/Condisco/Review/ReviewReminders.swift /Users/spkoehl/Projects/VerbaLibera/Condisco/Review/FlashcardsView.swift /Users/spkoehl/Projects/VerbaLibera/Condisco/Review/AnkiExport.swift /Users/spkoehl/Projects/VerbaLibera/Condisco/Review/HandsFreeReview.swift /Users/spkoehl/Projects/VerbaLibera/Condisco/Theme/A11ySettings.swift (in target 'Condisco' from project 'Condisco')

SwiftCompile normal arm64 /Users/spkoehl/Projects/VerbaLibera/Condisco/Listen/ListenModels.swift (in target 'Condisco' from project 'Condisco')
    cd /Users/spkoehl/Projects/VerbaLibera
    builtin-SwiftPerFileCompile ListenModels.swift

SwiftCompile normal arm64 /Users/spkoehl/Projects/VerbaLibera/Condisco/Listen/ListenView.swift (in target 'Condisco' from project 'Condisco')
    cd /Users/spkoehl/Projects/VerbaLibera
    builtin-SwiftPerFileCompile ListenView.swift

SwiftCompile normal arm64 /Users/spkoehl/Projects/VerbaLibera/Condisco/Review/ReviewModels.swift (in target 'Condisco' from project 'Condisco')
    cd /Users/spkoehl/Projects/VerbaLibera
    builtin-SwiftPerFileCompile ReviewModels.swift

SwiftCompile normal arm64 /Users/spkoehl/Projects/VerbaLibera/Condisco/Review/ReviewView.swift (in target 'Condisco' from project 'Condisco')
    cd /Users/spkoehl/Projects/VerbaLibera
    builtin-SwiftPerFileCompile ReviewView.swift

SwiftCompile normal arm64 /Users/spkoehl/Projects/VerbaLibera/Condisco/Review/ReviewReminders.swift (in target 'Condisco' from project 'Condisco')
    cd /Users/spkoehl/Projects/VerbaLibera
    builtin-SwiftPerFileCompile ReviewReminders.swift

SwiftCompile normal arm64 /Users/spkoehl/Projects/VerbaLibera/Condisco/Review/FlashcardsView.swift (in target 'Condisco' from project 'Condisco')
    cd /Users/spkoehl/Projects/VerbaLibera
    builtin-SwiftPerFileCompile FlashcardsView.swift

SwiftCompile normal arm64 /Users/spkoehl/Projects/VerbaLibera/Condisco/Review/AnkiExport.swift (in target 'Condisco' from project 'Condisco')
    cd /Users/spkoehl/Projects/VerbaLibera
    builtin-SwiftPerFileCompile AnkiExport.swift

SwiftCompile normal arm64 /Users/spkoehl/Projects/VerbaLibera/Condisco/Review/HandsFreeReview.swift (in target 'Condisco' from project 'Condisco')
    cd /Users/spkoehl/Projects/VerbaLibera
    builtin-SwiftPerFileCompile HandsFreeReview.swift

SwiftCompile normal arm64 /Users/spkoehl/Projects/VerbaLibera/Condisco/Theme/A11ySettings.swift (in target 'Condisco' from project 'Condisco')
    cd /Users/spkoehl/Projects/VerbaLibera
    builtin-SwiftPerFileCompile A11ySettings.swift

SwiftCompile normal arm64 Compiling\ LearningStore.swift,\ PackLoader.swift,\ AnswerEngine.swift,\ ActivityEvaluation.swift,\ LessonSession.swift,\ CoursesView.swift,\ FamilyLayouts.swift,\ ActivityViews.swift,\ TextInputViews.swift /Users/spkoehl/Projects/VerbaLibera/Condisco/Store/LearningStore.swift /Users/spkoehl/Projects/VerbaLibera/Condisco/Store/PackLoader.swift /Users/spkoehl/Projects/VerbaLibera/Condisco/Engine/AnswerEngine.swift /Users/spkoehl/Projects/VerbaLibera/Condisco/Engine/ActivityEvaluation.swift /Users/spkoehl/Projects/VerbaLibera/Condisco/Engine/LessonSession.swift /Users/spkoehl/Projects/VerbaLibera/Condisco/Lesson/CoursesView.swift /Users/spkoehl/Projects/VerbaLibera/Condisco/Lesson/FamilyLayouts.swift /Users/spkoehl/Projects/VerbaLibera/Condisco/Lesson/ActivityViews.swift /Users/spkoehl/Projects/VerbaLibera/Condisco/Lesson/TextInputViews.swift (in target 'Condisco' from project 'Condisco')

SwiftCompile normal arm64 /Users/spkoehl/Projects/VerbaLibera/Condisco/Store/LearningStore.swift (in target 'Condisco' from project 'Condisco')
    cd /Users/spkoehl/Projects/VerbaLibera
    builtin-SwiftPerFileCompile LearningStore.swift

SwiftCompile normal arm64 /Users/spkoehl/Projects/VerbaLibera/Condisco/Store/PackLoader.swift (in target 'Condisco' from project 'Condisco')
    cd /Users/spkoehl/Projects/VerbaLibera
    builtin-SwiftPerFileCompile PackLoader.swift

SwiftCompile normal arm64 /Users/spkoehl/Projects/VerbaLibera/Condisco/Engine/AnswerEngine.swift (in target 'Condisco' from project 'Condisco')
    cd /Users/spkoehl/Projects/VerbaLibera
    builtin-SwiftPerFileCompile AnswerEngine.swift

SwiftCompile normal arm64 /Users/spkoehl/Projects/VerbaLibera/Condisco/Engine/ActivityEvaluation.swift (in target 'Condisco' from project 'Condisco')
    cd /Users/spkoehl/Projects/VerbaLibera
    builtin-SwiftPerFileCompile ActivityEvaluation.swift

SwiftCompile normal arm64 /Users/spkoehl/Projects/VerbaLibera/Condisco/Engine/LessonSession.swift (in target 'Condisco' from project 'Condisco')
    cd /Users/spkoehl/Projects/VerbaLibera
    builtin-SwiftPerFileCompile LessonSession.swift

SwiftCompile normal arm64 /Users/spkoehl/Projects/VerbaLibera/Condisco/Lesson/CoursesView.swift (in target 'Condisco' from project 'Condisco')
    cd /Users/spkoehl/Projects/VerbaLibera
    builtin-SwiftPerFileCompile CoursesView.swift

SwiftCompile normal arm64 /Users/spkoehl/Projects/VerbaLibera/Condisco/Lesson/FamilyLayouts.swift (in target 'Condisco' from project 'Condisco')
    cd /Users/spkoehl/Projects/VerbaLibera
    builtin-SwiftPerFileCompile FamilyLayouts.swift

SwiftCompile normal arm64 /Users/spkoehl/Projects/VerbaLibera/Condisco/Lesson/ActivityViews.swift (in target 'Condisco' from project 'Condisco')
    cd /Users/spkoehl/Projects/VerbaLibera
    builtin-SwiftPerFileCompile ActivityViews.swift

SwiftCompile normal arm64 /Users/spkoehl/Projects/VerbaLibera/Condisco/Lesson/TextInputViews.swift (in target 'Condisco' from project 'Condisco')
    cd /Users/spkoehl/Projects/VerbaLibera
    builtin-SwiftPerFileCompile TextInputViews.swift

SwiftCompile normal arm64 Compiling\ CondiscoApp.swift,\ ContentView.swift,\ HomeView.swift,\ MonthView.swift,\ ProgressCard.swift,\ DesignTokens.swift,\ CoursePack.swift,\ Database.swift,\ Fsrs.swift,\ LearningEvents.swift /Users/spkoehl/Projects/VerbaLibera/Condisco/CondiscoApp.swift /Users/spkoehl/Projects/VerbaLibera/Condisco/ContentView.swift /Users/spkoehl/Projects/VerbaLibera/Condisco/Home/HomeView.swift /Users/spkoehl/Projects/VerbaLibera/Condisco/Home/MonthView.swift /Users/spkoehl/Projects/VerbaLibera/Condisco/Home/ProgressCard.swift /Users/spkoehl/Projects/VerbaLibera/Condisco/Theme/DesignTokens.swift /Users/spkoehl/Projects/VerbaLibera/Condisco/Models/CoursePack.swift /Users/spkoehl/Projects/VerbaLibera/Condisco/Store/Database.swift /Users/spkoehl/Projects/VerbaLibera/Condisco/Store/Fsrs.swift /Users/spkoehl/Projects/VerbaLibera/Condisco/Store/LearningEvents.swift (in target 'Condisco' from project 'Condisco')

SwiftCompile normal arm64 /Users/spkoehl/Projects/VerbaLibera/Condisco/CondiscoApp.swift (in target 'Condisco' from project 'Condisco')
    cd /Users/spkoehl/Projects/VerbaLibera
    builtin-SwiftPerFileCompile CondiscoApp.swift

SwiftCompile normal arm64 /Users/spkoehl/Projects/VerbaLibera/Condisco/ContentView.swift (in target 'Condisco' from project 'Condisco')
    cd /Users/spkoehl/Projects/VerbaLibera
    builtin-SwiftPerFileCompile ContentView.swift

SwiftCompile normal arm64 /Users/spkoehl/Projects/VerbaLibera/Condisco/Home/HomeView.swift (in target 'Condisco' from project 'Condisco')
    cd /Users/spkoehl/Projects/VerbaLibera
    builtin-SwiftPerFileCompile HomeView.swift

SwiftCompile normal arm64 /Users/spkoehl/Projects/VerbaLibera/Condisco/Home/MonthView.swift (in target 'Condisco' from project 'Condisco')
    cd /Users/spkoehl/Projects/VerbaLibera
    builtin-SwiftPerFileCompile MonthView.swift

SwiftCompile normal arm64 /Users/spkoehl/Projects/VerbaLibera/Condisco/Home/ProgressCard.swift (in target 'Condisco' from project 'Condisco')
    cd /Users/spkoehl/Projects/VerbaLibera
    builtin-SwiftPerFileCompile ProgressCard.swift

SwiftCompile normal arm64 /Users/spkoehl/Projects/VerbaLibera/Condisco/Theme/DesignTokens.swift (in target 'Condisco' from project 'Condisco')
    cd /Users/spkoehl/Projects/VerbaLibera
    builtin-SwiftPerFileCompile DesignTokens.swift

SwiftCompile normal arm64 /Users/spkoehl/Projects/VerbaLibera/Condisco/Models/CoursePack.swift (in target 'Condisco' from project 'Condisco')
    cd /Users/spkoehl/Projects/VerbaLibera
    builtin-SwiftPerFileCompile CoursePack.swift

SwiftCompile normal arm64 /Users/spkoehl/Projects/VerbaLibera/Condisco/Store/Database.swift (in target 'Condisco' from project 'Condisco')
    cd /Users/spkoehl/Projects/VerbaLibera
    builtin-SwiftPerFileCompile Database.swift

SwiftCompile normal arm64 /Users/spkoehl/Projects/VerbaLibera/Condisco/Store/Fsrs.swift (in target 'Condisco' from project 'Condisco')
    cd /Users/spkoehl/Projects/VerbaLibera
    builtin-SwiftPerFileCompile Fsrs.swift

SwiftCompile normal arm64 /Users/spkoehl/Projects/VerbaLibera/Condisco/Store/LearningEvents.swift (in target 'Condisco' from project 'Condisco')
    cd /Users/spkoehl/Projects/VerbaLibera
    builtin-SwiftPerFileCompile LearningEvents.swift

SwiftDriverJobDiscovery normal arm64 Emitting module for Condisco (in target 'Condisco' from project 'Condisco')

SwiftDriver\ Compilation\ Requirements Condisco normal arm64 com.apple.xcode.tools.swift.compiler (in target 'Condisco' from project 'Condisco')
    cd /Users/spkoehl/Projects/VerbaLibera
    builtin-Swift-Compilation-Requirements -- /Applications/Xcode.app/Contents/Developer/Toolchains/XcodeDefault.xctoolchain/usr/bin/swiftc -module-name Condisco -Onone @/var/folders/3w/91hphlzs0rv_1twbkfyhvn6m0000gn/T/condisco-preflight.UUZpei/DerivedData/Build/Intermediates.noindex/Condisco.build/Debug-iphonesimulator/Condisco.build/Objects-normal/arm64/Condisco.SwiftFileList -DDEBUG -enable-bare-slash-regex -enable-experimental-feature DebugDescriptionMacro -sdk /Applications/Xcode.app/Contents/Developer/Platforms/iPhoneSimulator.platform/Developer/SDKs/iPhoneSimulator27.0.sdk -target arm64-apple-ios17.0-simulator -g -module-cache-path /var/folders/3w/91hphlzs0rv_1twbkfyhvn6m0000gn/T/condisco-preflight.UUZpei/DerivedData/ModuleCache.noindex -Xfrontend -serialize-debugging-options -enable-testing -index-store-path /var/folders/3w/91hphlzs0rv_1twbkfyhvn6m0000gn/T/condisco-preflight.UUZpei/DerivedData/Index.noindex/DataStore -Xcc -D_LIBCPP_HARDENING_MODE\=_LIBCPP_HARDENING_MODE_DEBUG -swift-version 5 -I /var/folders/3w/91hphlzs0rv_1twbkfyhvn6m0000gn/T/condisco-preflight.UUZpei/DerivedData/Build/Products/Debug-iphonesimulator -F /var/folders/3w/91hphlzs0rv_1twbkfyhvn6m0000gn/T/condisco-preflight.UUZpei/DerivedData/Build/Products/Debug-iphonesimulator -emit-localized-strings -emit-localized-strings-path /var/folders/3w/91hphlzs0rv_1twbkfyhvn6m0000gn/T/condisco-preflight.UUZpei/DerivedData/Build/Intermediates.noindex/Condisco.build/Debug-iphonesimulator/Condisco.build/Objects-normal/arm64 -c -j6 -enable-batch-mode -incremental -Xcc -ivfsstatcache -Xcc /var/folders/3w/91hphlzs0rv_1twbkfyhvn6m0000gn/T/condisco-preflight.UUZpei/DerivedData/SDKStatCaches.noindex/iphonesimulator27.0-24A430-8dc58220667be655e1bcc261a7455254.sdkstatcache -output-file-map /var/folders/3w/91hphlzs0rv_1twbkfyhvn6m0000gn/T/condisco-preflight.UUZpei/DerivedData/Build/Intermediates.noindex/Condisco.build/Debug-iphonesimulator/Condisco.build/Objects-normal/arm64/Condisco-OutputFileMap.json -save-temps -no-color-diagnostics -explicit-module-build -module-cache-path /var/folders/3w/91hphlzs0rv_1twbkfyhvn6m0000gn/T/condisco-preflight.UUZpei/DerivedData/Build/Intermediates.noindex/SwiftExplicitPrecompiledModules -clang-scanner-module-cache-path /var/folders/3w/91hphlzs0rv_1twbkfyhvn6m0000gn/T/condisco-preflight.UUZpei/DerivedData/ModuleCache.noindex -sdk-module-cache-path /var/folders/3w/91hphlzs0rv_1twbkfyhvn6m0000gn/T/condisco-preflight.UUZpei/DerivedData/SDKExplicitPrecompiledModules -emit-dependencies -emit-module -emit-module-path /var/folders/3w/91hphlzs0rv_1twbkfyhvn6m0000gn/T/condisco-preflight.UUZpei/DerivedData/Build/Intermediates.noindex/Condisco.build/Debug-iphonesimulator/Condisco.build/Objects-normal/arm64/Condisco.swiftmodule -serialize-diagnostics -dependency-scan-serialize-diagnostics-path /var/folders/3w/91hphlzs0rv_1twbkfyhvn6m0000gn/T/condisco-preflight.UUZpei/DerivedData/Build/Intermediates.noindex/Condisco.build/Debug-iphonesimulator/Condisco.build/Objects-normal/arm64/Condisco-dependency-scan.dia -validate-clang-modules-once -clang-build-session-file /var/folders/3w/91hphlzs0rv_1twbkfyhvn6m0000gn/T/condisco-preflight.UUZpei/DerivedData/ModuleCache.noindex/Session.modulevalidation -Xcc -fmodules-prune-interval\=86400 -Xcc -fmodules-prune-after\=345600 -emit-const-values -const-gather-protocols-list /var/folders/3w/91hphlzs0rv_1twbkfyhvn6m0000gn/T/condisco-preflight.UUZpei/DerivedData/Build/Intermediates.noindex/Condisco.build/Debug-iphonesimulator/Condisco.build/Objects-normal/arm64/Condisco_const_extract_protocols.json -Xcc -iquote -Xcc /var/folders/3w/91hphlzs0rv_1twbkfyhvn6m0000gn/T/condisco-preflight.UUZpei/DerivedData/Build/Intermediates.noindex/Condisco.build/Debug-iphonesimulator/Condisco.build/Condisco-generated-files.hmap -Xcc -I/var/folders/3w/91hphlzs0rv_1twbkfyhvn6m0000gn/T/condisco-preflight.UUZpei/DerivedData/Build/Intermediates.noindex/Condisco.build/Debug-iphonesimulator/Condisco.build/Condisco-own-target-headers.hmap -Xcc -I/var/folders/3w/91hphlzs0rv_1twbkfyhvn6m0000gn/T/condisco-preflight.UUZpei/DerivedData/Build/Intermediates.noindex/Condisco.build/Debug-iphonesimulator/Condisco.build/Condisco-all-target-headers.hmap -Xcc -iquote -Xcc /var/folders/3w/91hphlzs0rv_1twbkfyhvn6m0000gn/T/condisco-preflight.UUZpei/DerivedData/Build/Intermediates.noindex/Condisco.build/Debug-iphonesimulator/Condisco.build/Condisco-project-headers.hmap -Xcc -I/var/folders/3w/91hphlzs0rv_1twbkfyhvn6m0000gn/T/condisco-preflight.UUZpei/DerivedData/Build/Products/Debug-iphonesimulator/include -Xcc -I/var/folders/3w/91hphlzs0rv_1twbkfyhvn6m0000gn/T/condisco-preflight.UUZpei/DerivedData/Build/Intermediates.noindex/Condisco.build/Debug-iphonesimulator/Condisco.build/DerivedSources-normal/arm64 -Xcc -I/var/folders/3w/91hphlzs0rv_1twbkfyhvn6m0000gn/T/condisco-preflight.UUZpei/DerivedData/Build/Intermediates.noindex/Condisco.build/Debug-iphonesimulator/Condisco.build/DerivedSources/arm64 -Xcc -I/var/folders/3w/91hphlzs0rv_1twbkfyhvn6m0000gn/T/condisco-preflight.UUZpei/DerivedData/Build/Intermediates.noindex/Condisco.build/Debug-iphonesimulator/Condisco.build/DerivedSources -Xcc -DDEBUG\=1 -Xcc -DDEBUG\=1 -emit-objc-header -emit-objc-header-path /var/folders/3w/91hphlzs0rv_1twbkfyhvn6m0000gn/T/condisco-preflight.UUZpei/DerivedData/Build/Intermediates.noindex/Condisco.build/Debug-iphonesimulator/Condisco.build/Objects-normal/arm64/Condisco-Swift.h -working-directory /Users/spkoehl/Projects/VerbaLibera -experimental-emit-module-separately -disable-cmo

SwiftDriverJobDiscovery normal arm64 Compiling Glossary.swift, LessonMoments.swift, DeepLink.swift, CondiscoIntents.swift, SpotlightIndex.swift, LessonCatalog.generated.swift, WidgetSnapshot.swift, WidgetSnapshotWriter.swift, GeneratedAssetSymbols.swift (in target 'Condisco' from project 'Condisco')

SwiftMergeGeneratedHeaders /var/folders/3w/91hphlzs0rv_1twbkfyhvn6m0000gn/T/condisco-preflight.UUZpei/DerivedData/Build/Intermediates.noindex/Condisco.build/Debug-iphonesimulator/Condisco.build/DerivedSources/Condisco-Swift.h /var/folders/3w/91hphlzs0rv_1twbkfyhvn6m0000gn/T/condisco-preflight.UUZpei/DerivedData/Build/Intermediates.noindex/Condisco.build/Debug-iphonesimulator/Condisco.build/Objects-normal/arm64/Condisco-Swift.h (in target 'Condisco' from project 'Condisco')
    cd /Users/spkoehl/Projects/VerbaLibera
    builtin-swiftHeaderTool -arch arm64 /var/folders/3w/91hphlzs0rv_1twbkfyhvn6m0000gn/T/condisco-preflight.UUZpei/DerivedData/Build/Intermediates.noindex/Condisco.build/Debug-iphonesimulator/Condisco.build/Objects-normal/arm64/Condisco-Swift.h -o /var/folders/3w/91hphlzs0rv_1twbkfyhvn6m0000gn/T/condisco-preflight.UUZpei/DerivedData/Build/Intermediates.noindex/Condisco.build/Debug-iphonesimulator/Condisco.build/DerivedSources/Condisco-Swift.h

Copy /var/folders/3w/91hphlzs0rv_1twbkfyhvn6m0000gn/T/condisco-preflight.UUZpei/DerivedData/Build/Products/Debug-iphonesimulator/Condisco.swiftmodule/arm64-apple-ios-simulator.swiftmodule /var/folders/3w/91hphlzs0rv_1twbkfyhvn6m0000gn/T/condisco-preflight.UUZpei/DerivedData/Build/Intermediates.noindex/Condisco.build/Debug-iphonesimulator/Condisco.build/Objects-normal/arm64/Condisco.swiftmodule (in target 'Condisco' from project 'Condisco')
    cd /Users/spkoehl/Projects/VerbaLibera
    builtin-copy -exclude .DS_Store -exclude CVS -exclude .svn -exclude .git -exclude .hg -resolve-src-symlinks -rename /var/folders/3w/91hphlzs0rv_1twbkfyhvn6m0000gn/T/condisco-preflight.UUZpei/DerivedData/Build/Intermediates.noindex/Condisco.build/Debug-iphonesimulator/Condisco.build/Objects-normal/arm64/Condisco.swiftmodule /var/folders/3w/91hphlzs0rv_1twbkfyhvn6m0000gn/T/condisco-preflight.UUZpei/DerivedData/Build/Products/Debug-iphonesimulator/Condisco.swiftmodule/arm64-apple-ios-simulator.swiftmodule

Copy /var/folders/3w/91hphlzs0rv_1twbkfyhvn6m0000gn/T/condisco-preflight.UUZpei/DerivedData/Build/Products/Debug-iphonesimulator/Condisco.swiftmodule/arm64-apple-ios-simulator.swiftdoc /var/folders/3w/91hphlzs0rv_1twbkfyhvn6m0000gn/T/condisco-preflight.UUZpei/DerivedData/Build/Intermediates.noindex/Condisco.build/Debug-iphonesimulator/Condisco.build/Objects-normal/arm64/Condisco.swiftdoc (in target 'Condisco' from project 'Condisco')
    cd /Users/spkoehl/Projects/VerbaLibera
    builtin-copy -exclude .DS_Store -exclude CVS -exclude .svn -exclude .git -exclude .hg -resolve-src-symlinks -rename /var/folders/3w/91hphlzs0rv_1twbkfyhvn6m0000gn/T/condisco-preflight.UUZpei/DerivedData/Build/Intermediates.noindex/Condisco.build/Debug-iphonesimulator/Condisco.build/Objects-normal/arm64/Condisco.swiftdoc /var/folders/3w/91hphlzs0rv_1twbkfyhvn6m0000gn/T/condisco-preflight.UUZpei/DerivedData/Build/Products/Debug-iphonesimulator/Condisco.swiftmodule/arm64-apple-ios-simulator.swiftdoc

Copy /var/folders/3w/91hphlzs0rv_1twbkfyhvn6m0000gn/T/condisco-preflight.UUZpei/DerivedData/Build/Products/Debug-iphonesimulator/Condisco.swiftmodule/arm64-apple-ios-simulator.abi.json /var/folders/3w/91hphlzs0rv_1twbkfyhvn6m0000gn/T/condisco-preflight.UUZpei/DerivedData/Build/Intermediates.noindex/Condisco.build/Debug-iphonesimulator/Condisco.build/Objects-normal/arm64/Condisco.abi.json (in target 'Condisco' from project 'Condisco')
    cd /Users/spkoehl/Projects/VerbaLibera
    builtin-copy -exclude .DS_Store -exclude CVS -exclude .svn -exclude .git -exclude .hg -resolve-src-symlinks -rename /var/folders/3w/91hphlzs0rv_1twbkfyhvn6m0000gn/T/condisco-preflight.UUZpei/DerivedData/Build/Intermediates.noindex/Condisco.build/Debug-iphonesimulator/Condisco.build/Objects-normal/arm64/Condisco.abi.json /var/folders/3w/91hphlzs0rv_1twbkfyhvn6m0000gn/T/condisco-preflight.UUZpei/DerivedData/Build/Products/Debug-iphonesimulator/Condisco.swiftmodule/arm64-apple-ios-simulator.abi.json

Copy /var/folders/3w/91hphlzs0rv_1twbkfyhvn6m0000gn/T/condisco-preflight.UUZpei/DerivedData/Build/Products/Debug-iphonesimulator/Condisco.swiftmodule/Project/arm64-apple-ios-simulator.swiftsourceinfo /var/folders/3w/91hphlzs0rv_1twbkfyhvn6m0000gn/T/condisco-preflight.UUZpei/DerivedData/Build/Intermediates.noindex/Condisco.build/Debug-iphonesimulator/Condisco.build/Objects-normal/arm64/Condisco.swiftsourceinfo (in target 'Condisco' from project 'Condisco')
    cd /Users/spkoehl/Projects/VerbaLibera
    builtin-copy -exclude .DS_Store -exclude CVS -exclude .svn -exclude .git -exclude .hg -resolve-src-symlinks -rename /var/folders/3w/91hphlzs0rv_1twbkfyhvn6m0000gn/T/condisco-preflight.UUZpei/DerivedData/Build/Intermediates.noindex/Condisco.build/Debug-iphonesimulator/Condisco.build/Objects-normal/arm64/Condisco.swiftsourceinfo /var/folders/3w/91hphlzs0rv_1twbkfyhvn6m0000gn/T/condisco-preflight.UUZpei/DerivedData/Build/Products/Debug-iphonesimulator/Condisco.swiftmodule/Project/arm64-apple-ios-simulator.swiftsourceinfo

ProcessProductPackaging "" /var/folders/3w/91hphlzs0rv_1twbkfyhvn6m0000gn/T/condisco-preflight.UUZpei/DerivedData/Build/Intermediates.noindex/Condisco.build/Debug-iphonesimulator/CondiscoUITests.build/CondiscoUITests.xctest-Simulated.xcent (in target 'CondiscoUITests' from project 'Condisco')
    cd /Users/spkoehl/Projects/VerbaLibera
    
    Entitlements:
    
    {
    "application-identifier" = "PN9T9MT37J.com.sleuthysloth.condisco.UITests.xctrunner";
    "keychain-access-groups" =     (
        "PN9T9MT37J.com.sleuthysloth.condisco.UITests.xctrunner"
    );
}
    
    builtin-productPackagingUtility -entitlements -format xml -o /var/folders/3w/91hphlzs0rv_1twbkfyhvn6m0000gn/T/condisco-preflight.UUZpei/DerivedData/Build/Intermediates.noindex/Condisco.build/Debug-iphonesimulator/CondiscoUITests.build/CondiscoUITests.xctest-Simulated.xcent

ProcessProductPackagingDER /var/folders/3w/91hphlzs0rv_1twbkfyhvn6m0000gn/T/condisco-preflight.UUZpei/DerivedData/Build/Intermediates.noindex/Condisco.build/Debug-iphonesimulator/CondiscoUITests.build/CondiscoUITests.xctest-Simulated.xcent /var/folders/3w/91hphlzs0rv_1twbkfyhvn6m0000gn/T/condisco-preflight.UUZpei/DerivedData/Build/Intermediates.noindex/Condisco.build/Debug-iphonesimulator/CondiscoUITests.build/CondiscoUITests.xctest-Simulated.xcent.der (in target 'CondiscoUITests' from project 'Condisco')
    cd /Users/spkoehl/Projects/VerbaLibera
    /usr/bin/derq query -f xml -i /var/folders/3w/91hphlzs0rv_1twbkfyhvn6m0000gn/T/condisco-preflight.UUZpei/DerivedData/Build/Intermediates.noindex/Condisco.build/Debug-iphonesimulator/CondiscoUITests.build/CondiscoUITests.xctest-Simulated.xcent -o /var/folders/3w/91hphlzs0rv_1twbkfyhvn6m0000gn/T/condisco-preflight.UUZpei/DerivedData/Build/Intermediates.noindex/Condisco.build/Debug-iphonesimulator/CondiscoUITests.build/CondiscoUITests.xctest-Simulated.xcent.der --raw

SwiftDriver CondiscoTests normal arm64 com.apple.xcode.tools.swift.compiler (in target 'CondiscoTests' from project 'Condisco')
    cd /Users/spkoehl/Projects/VerbaLibera
    builtin-SwiftDriver -- /Applications/Xcode.app/Contents/Developer/Toolchains/XcodeDefault.xctoolchain/usr/bin/swiftc -module-name CondiscoTests -Onone @/var/folders/3w/91hphlzs0rv_1twbkfyhvn6m0000gn/T/condisco-preflight.UUZpei/DerivedData/Build/Intermediates.noindex/Condisco.build/Debug-iphonesimulator/CondiscoTests.build/Objects-normal/arm64/CondiscoTests.SwiftFileList -DDEBUG -plugin-path /Applications/Xcode.app/Contents/Developer/Toolchains/XcodeDefault.xctoolchain/usr/lib/swift/host/plugins/testing -enable-bare-slash-regex -enable-experimental-feature DebugDescriptionMacro -sdk /Applications/Xcode.app/Contents/Developer/Platforms/iPhoneSimulator.platform/Developer/SDKs/iPhoneSimulator27.0.sdk -target arm64-apple-ios17.0-simulator -g -module-cache-path /var/folders/3w/91hphlzs0rv_1twbkfyhvn6m0000gn/T/condisco-preflight.UUZpei/DerivedData/ModuleCache.noindex -Xfrontend -serialize-debugging-options -enable-testing -index-store-path /var/folders/3w/91hphlzs0rv_1twbkfyhvn6m0000gn/T/condisco-preflight.UUZpei/DerivedData/Index.noindex/DataStore -Xcc -D_LIBCPP_HARDENING_MODE\=_LIBCPP_HARDENING_MODE_DEBUG -swift-version 5 -I /var/folders/3w/91hphlzs0rv_1twbkfyhvn6m0000gn/T/condisco-preflight.UUZpei/DerivedData/Build/Products/Debug-iphonesimulator -Isystem /Applications/Xcode.app/Contents/Developer/Platforms/iPhoneSimulator.platform/Developer/usr/lib -F /var/folders/3w/91hphlzs0rv_1twbkfyhvn6m0000gn/T/condisco-preflight.UUZpei/DerivedData/Build/Products/Debug-iphonesimulator -F /Applications/Xcode.app/Contents/Developer/Platforms/iPhoneSimulator.platform/Developer/Library/Frameworks -F /Applications/Xcode.app/Contents/Developer/Platforms/iPhoneSimulator.platform/Developer/SDKs/iPhoneSimulator27.0.sdk/Developer/Library/Frameworks -emit-localized-strings -emit-localized-strings-path /var/folders/3w/91hphlzs0rv_1twbkfyhvn6m0000gn/T/condisco-preflight.UUZpei/DerivedData/Build/Intermediates.noindex/Condisco.build/Debug-iphonesimulator/CondiscoTests.build/Objects-normal/arm64 -c -j6 -enable-batch-mode -incremental -Xcc -ivfsstatcache -Xcc /var/folders/3w/91hphlzs0rv_1twbkfyhvn6m0000gn/T/condisco-preflight.UUZpei/DerivedData/SDKStatCaches.noindex/iphonesimulator27.0-24A430-8dc58220667be655e1bcc261a7455254.sdkstatcache -output-file-map /var/folders/3w/91hphlzs0rv_1twbkfyhvn6m0000gn/T/condisco-preflight.UUZpei/DerivedData/Build/Intermediates.noindex/Condisco.build/Debug-iphonesimulator/CondiscoTests.build/Objects-normal/arm64/CondiscoTests-OutputFileMap.json -save-temps -no-color-diagnostics -explicit-module-build -module-cache-path /var/folders/3w/91hphlzs0rv_1twbkfyhvn6m0000gn/T/condisco-preflight.UUZpei/DerivedData/Build/Intermediates.noindex/SwiftExplicitPrecompiledModules -clang-scanner-module-cache-path /var/folders/3w/91hphlzs0rv_1twbkfyhvn6m0000gn/T/condisco-preflight.UUZpei/DerivedData/ModuleCache.noindex -sdk-module-cache-path /var/folders/3w/91hphlzs0rv_1twbkfyhvn6m0000gn/T/condisco-preflight.UUZpei/DerivedData/SDKExplicitPrecompiledModules -emit-dependencies -emit-module -emit-module-path /var/folders/3w/91hphlzs0rv_1twbkfyhvn6m0000gn/T/condisco-preflight.UUZpei/DerivedData/Build/Intermediates.noindex/Condisco.build/Debug-iphonesimulator/CondiscoTests.build/Objects-normal/arm64/CondiscoTests.swiftmodule -serialize-diagnostics -dependency-scan-serialize-diagnostics-path /var/folders/3w/91hphlzs0rv_1twbkfyhvn6m0000gn/T/condisco-preflight.UUZpei/DerivedData/Build/Intermediates.noindex/Condisco.build/Debug-iphonesimulator/CondiscoTests.build/Objects-normal/arm64/CondiscoTests-dependency-scan.dia -validate-clang-modules-once -clang-build-session-file /var/folders/3w/91hphlzs0rv_1twbkfyhvn6m0000gn/T/condisco-preflight.UUZpei/DerivedData/ModuleCache.noindex/Session.modulevalidation -Xcc -fmodules-prune-interval\=86400 -Xcc -fmodules-prune-after\=345600 -emit-const-values -const-gather-protocols-list /var/folders/3w/91hphlzs0rv_1twbkfyhvn6m0000gn/T/condisco-preflight.UUZpei/DerivedData/Build/Intermediates.noindex/Condisco.build/Debug-iphonesimulator/CondiscoTests.build/Objects-normal/arm64/CondiscoTests_const_extract_protocols.json -Xcc -iquote -Xcc /var/folders/3w/91hphlzs0rv_1twbkfyhvn6m0000gn/T/condisco-preflight.UUZpei/DerivedData/Build/Intermediates.noindex/Condisco.build/Debug-iphonesimulator/CondiscoTests.build/CondiscoTests-generated-files.hmap -Xcc -I/var/folders/3w/91hphlzs0rv_1twbkfyhvn6m0000gn/T/condisco-preflight.UUZpei/DerivedData/Build/Intermediates.noindex/Condisco.build/Debug-iphonesimulator/CondiscoTests.build/CondiscoTests-own-target-headers.hmap -Xcc -I/var/folders/3w/91hphlzs0rv_1twbkfyhvn6m0000gn/T/condisco-preflight.UUZpei/DerivedData/Build/Intermediates.noindex/Condisco.build/Debug-iphonesimulator/CondiscoTests.build/CondiscoTests-all-target-headers.hmap -Xcc -iquote -Xcc /var/folders/3w/91hphlzs0rv_1twbkfyhvn6m0000gn/T/condisco-preflight.UUZpei/DerivedData/Build/Intermediates.noindex/Condisco.build/Debug-iphonesimulator/CondiscoTests.build/CondiscoTests-project-headers.hmap -Xcc -I/var/folders/3w/91hphlzs0rv_1twbkfyhvn6m0000gn/T/condisco-preflight.UUZpei/DerivedData/Build/Products/Debug-iphonesimulator/include -Xcc -I/var/folders/3w/91hphlzs0rv_1twbkfyhvn6m0000gn/T/condisco-preflight.UUZpei/DerivedData/Build/Intermediates.noindex/Condisco.build/Debug-iphonesimulator/CondiscoTests.build/DerivedSources-normal/arm64 -Xcc -I/var/folders/3w/91hphlzs0rv_1twbkfyhvn6m0000gn/T/condisco-preflight.UUZpei/DerivedData/Build/Intermediates.noindex/Condisco.build/Debug-iphonesimulator/CondiscoTests.build/DerivedSources/arm64 -Xcc -I/var/folders/3w/91hphlzs0rv_1twbkfyhvn6m0000gn/T/condisco-preflight.UUZpei/DerivedData/Build/Intermediates.noindex/Condisco.build/Debug-iphonesimulator/CondiscoTests.build/DerivedSources -Xcc -DDEBUG\=1 -emit-objc-header -emit-objc-header-path /var/folders/3w/91hphlzs0rv_1twbkfyhvn6m0000gn/T/condisco-preflight.UUZpei/DerivedData/Build/Intermediates.noindex/Condisco.build/Debug-iphonesimulator/CondiscoTests.build/Objects-normal/arm64/CondiscoTests-Swift.h -working-directory /Users/spkoehl/Projects/VerbaLibera -experimental-emit-module-separately -disable-cmo

SwiftDriver CondiscoUITests normal arm64 com.apple.xcode.tools.swift.compiler (in target 'CondiscoUITests' from project 'Condisco')
    cd /Users/spkoehl/Projects/VerbaLibera
    builtin-SwiftDriver -- /Applications/Xcode.app/Contents/Developer/Toolchains/XcodeDefault.xctoolchain/usr/bin/swiftc -module-name CondiscoUITests -Onone @/var/folders/3w/91hphlzs0rv_1twbkfyhvn6m0000gn/T/condisco-preflight.UUZpei/DerivedData/Build/Intermediates.noindex/Condisco.build/Debug-iphonesimulator/CondiscoUITests.build/Objects-normal/arm64/CondiscoUITests.SwiftFileList -DDEBUG -module-alias Testing\=_Testing_Unavailable -plugin-path /Applications/Xcode.app/Contents/Developer/Toolchains/XcodeDefault.xctoolchain/usr/lib/swift/host/plugins/testing -enable-bare-slash-regex -enable-experimental-feature DebugDescriptionMacro -sdk /Applications/Xcode.app/Contents/Developer/Platforms/iPhoneSimulator.platform/Developer/SDKs/iPhoneSimulator27.0.sdk -target arm64-apple-ios17.0-simulator -g -module-cache-path /var/folders/3w/91hphlzs0rv_1twbkfyhvn6m0000gn/T/condisco-preflight.UUZpei/DerivedData/ModuleCache.noindex -Xfrontend -serialize-debugging-options -enable-testing -index-store-path /var/folders/3w/91hphlzs0rv_1twbkfyhvn6m0000gn/T/condisco-preflight.UUZpei/DerivedData/Index.noindex/DataStore -Xcc -D_LIBCPP_HARDENING_MODE\=_LIBCPP_HARDENING_MODE_DEBUG -swift-version 5 -I /var/folders/3w/91hphlzs0rv_1twbkfyhvn6m0000gn/T/condisco-preflight.UUZpei/DerivedData/Build/Products/Debug-iphonesimulator -Isystem /Applications/Xcode.app/Contents/Developer/Platforms/iPhoneSimulator.platform/Developer/usr/lib -F /var/folders/3w/91hphlzs0rv_1twbkfyhvn6m0000gn/T/condisco-preflight.UUZpei/DerivedData/Build/Products/Debug-iphonesimulator -F /Applications/Xcode.app/Contents/Developer/Platforms/iPhoneSimulator.platform/Developer/Library/Frameworks -F /Applications/Xcode.app/Contents/Developer/Platforms/iPhoneSimulator.platform/Developer/SDKs/iPhoneSimulator27.0.sdk/Developer/Library/Frameworks -emit-localized-strings -emit-localized-strings-path /var/folders/3w/91hphlzs0rv_1twbkfyhvn6m0000gn/T/condisco-preflight.UUZpei/DerivedData/Build/Intermediates.noindex/Condisco.build/Debug-iphonesimulator/CondiscoUITests.build/Objects-normal/arm64 -c -j6 -enable-batch-mode -incremental -Xcc -ivfsstatcache -Xcc /var/folders/3w/91hphlzs0rv_1twbkfyhvn6m0000gn/T/condisco-preflight.UUZpei/DerivedData/SDKStatCaches.noindex/iphonesimulator27.0-24A430-8dc58220667be655e1bcc261a7455254.sdkstatcache -output-file-map /var/folders/3w/91hphlzs0rv_1twbkfyhvn6m0000gn/T/condisco-preflight.UUZpei/DerivedData/Build/Intermediates.noindex/Condisco.build/Debug-iphonesimulator/CondiscoUITests.build/Objects-normal/arm64/CondiscoUITests-OutputFileMap.json -save-temps -no-color-diagnostics -explicit-module-build -module-cache-path /var/folders/3w/91hphlzs0rv_1twbkfyhvn6m0000gn/T/condisco-preflight.UUZpei/DerivedData/Build/Intermediates.noindex/SwiftExplicitPrecompiledModules -clang-scanner-module-cache-path /var/folders/3w/91hphlzs0rv_1twbkfyhvn6m0000gn/T/condisco-preflight.UUZpei/DerivedData/ModuleCache.noindex -sdk-module-cache-path /var/folders/3w/91hphlzs0rv_1twbkfyhvn6m0000gn/T/condisco-preflight.UUZpei/DerivedData/SDKExplicitPrecompiledModules -emit-dependencies -emit-module -emit-module-path /var/folders/3w/91hphlzs0rv_1twbkfyhvn6m0000gn/T/condisco-preflight.UUZpei/DerivedData/Build/Intermediates.noindex/Condisco.build/Debug-iphonesimulator/CondiscoUITests.build/Objects-normal/arm64/CondiscoUITests.swiftmodule -serialize-diagnostics -dependency-scan-serialize-diagnostics-path /var/folders/3w/91hphlzs0rv_1twbkfyhvn6m0000gn/T/condisco-preflight.UUZpei/DerivedData/Build/Intermediates.noindex/Condisco.build/Debug-iphonesimulator/CondiscoUITests.build/Objects-normal/arm64/CondiscoUITests-dependency-scan.dia -validate-clang-modules-once -clang-build-session-file /var/folders/3w/91hphlzs0rv_1twbkfyhvn6m0000gn/T/condisco-preflight.UUZpei/DerivedData/ModuleCache.noindex/Session.modulevalidation -Xcc -fmodules-prune-interval\=86400 -Xcc -fmodules-prune-after\=345600 -emit-const-values -const-gather-protocols-list /var/folders/3w/91hphlzs0rv_1twbkfyhvn6m0000gn/T/condisco-preflight.UUZpei/DerivedData/Build/Intermediates.noindex/Condisco.build/Debug-iphonesimulator/CondiscoUITests.build/Objects-normal/arm64/CondiscoUITests_const_extract_protocols.json -Xcc -iquote -Xcc /var/folders/3w/91hphlzs0rv_1twbkfyhvn6m0000gn/T/condisco-preflight.UUZpei/DerivedData/Build/Intermediates.noindex/Condisco.build/Debug-iphonesimulator/CondiscoUITests.build/CondiscoUITests-generated-files.hmap -Xcc -I/var/folders/3w/91hphlzs0rv_1twbkfyhvn6m0000gn/T/condisco-preflight.UUZpei/DerivedData/Build/Intermediates.noindex/Condisco.build/Debug-iphonesimulator/CondiscoUITests.build/CondiscoUITests-own-target-headers.hmap -Xcc -I/var/folders/3w/91hphlzs0rv_1twbkfyhvn6m0000gn/T/condisco-preflight.UUZpei/DerivedData/Build/Intermediates.noindex/Condisco.build/Debug-iphonesimulator/CondiscoUITests.build/CondiscoUITests-all-target-headers.hmap -Xcc -iquote -Xcc /var/folders/3w/91hphlzs0rv_1twbkfyhvn6m0000gn/T/condisco-preflight.UUZpei/DerivedData/Build/Intermediates.noindex/Condisco.build/Debug-iphonesimulator/CondiscoUITests.build/CondiscoUITests-project-headers.hmap -Xcc -I/var/folders/3w/91hphlzs0rv_1twbkfyhvn6m0000gn/T/condisco-preflight.UUZpei/DerivedData/Build/Products/Debug-iphonesimulator/include -Xcc -I/var/folders/3w/91hphlzs0rv_1twbkfyhvn6m0000gn/T/condisco-preflight.UUZpei/DerivedData/Build/Intermediates.noindex/Condisco.build/Debug-iphonesimulator/CondiscoUITests.build/DerivedSources-normal/arm64 -Xcc -I/var/folders/3w/91hphlzs0rv_1twbkfyhvn6m0000gn/T/condisco-preflight.UUZpei/DerivedData/Build/Intermediates.noindex/Condisco.build/Debug-iphonesimulator/CondiscoUITests.build/DerivedSources/arm64 -Xcc -I/var/folders/3w/91hphlzs0rv_1twbkfyhvn6m0000gn/T/condisco-preflight.UUZpei/DerivedData/Build/Intermediates.noindex/Condisco.build/Debug-iphonesimulator/CondiscoUITests.build/DerivedSources -Xcc -DDEBUG\=1 -emit-objc-header -emit-objc-header-path /var/folders/3w/91hphlzs0rv_1twbkfyhvn6m0000gn/T/condisco-preflight.UUZpei/DerivedData/Build/Intermediates.noindex/Condisco.build/Debug-iphonesimulator/CondiscoUITests.build/Objects-normal/arm64/CondiscoUITests-Swift.h -working-directory /Users/spkoehl/Projects/VerbaLibera -experimental-emit-module-separately -disable-cmo

SwiftDriverJobDiscovery normal arm64 Compiling LearningStore.swift, PackLoader.swift, AnswerEngine.swift, ActivityEvaluation.swift, LessonSession.swift, CoursesView.swift, FamilyLayouts.swift, ActivityViews.swift, TextInputViews.swift (in target 'Condisco' from project 'Condisco')

SwiftExplicitDependencyGeneratePcm arm64 /var/folders/3w/91hphlzs0rv_1twbkfyhvn6m0000gn/T/condisco-preflight.UUZpei/DerivedData/Build/Intermediates.noindex/SwiftExplicitPrecompiledModules/XCUIAutomation-4KWY4KHTGMAAW5E3E1QLYJIRS.pcm

SwiftExplicitDependencyCompileModuleFromInterface arm64 /var/folders/3w/91hphlzs0rv_1twbkfyhvn6m0000gn/T/condisco-preflight.UUZpei/DerivedData/Build/Intermediates.noindex/SwiftExplicitPrecompiledModules/XCUIAutomation-1I9CWYXWQU1KJ.swiftmodule

SwiftExplicitDependencyGeneratePcm arm64 /var/folders/3w/91hphlzs0rv_1twbkfyhvn6m0000gn/T/condisco-preflight.UUZpei/DerivedData/Build/Intermediates.noindex/SwiftExplicitPrecompiledModules/XCTest-7UXUGQZGXLTCSQDINAY4L4TW2.pcm

SwiftExplicitDependencyCompileModuleFromInterface arm64 /var/folders/3w/91hphlzs0rv_1twbkfyhvn6m0000gn/T/condisco-preflight.UUZpei/DerivedData/Build/Intermediates.noindex/SwiftExplicitPrecompiledModules/XCTest-SR8ITRVOISQ8.swiftmodule

SwiftEmitModule normal arm64 Emitting\ module\ for\ CondiscoUITests (in target 'CondiscoUITests' from project 'Condisco')

SwiftCompile normal arm64 (in target 'CondiscoUITests' from project 'Condisco')
    cd /Users/spkoehl/Projects/VerbaLibera
    

SwiftEmitModule normal arm64 Emitting\ module\ for\ CondiscoTests (in target 'CondiscoTests' from project 'Condisco')

SwiftCompile normal arm64 (in target 'CondiscoTests' from project 'Condisco')
    cd /Users/spkoehl/Projects/VerbaLibera
    

SwiftCompile normal arm64 Compiling\ AccessibilitySweepUITests.swift /Users/spkoehl/Projects/VerbaLibera/Condisco/UITests/AccessibilitySweepUITests.swift (in target 'CondiscoUITests' from project 'Condisco')

SwiftCompile normal arm64 /Users/spkoehl/Projects/VerbaLibera/Condisco/UITests/AccessibilitySweepUITests.swift (in target 'CondiscoUITests' from project 'Condisco')
    cd /Users/spkoehl/Projects/VerbaLibera
    builtin-SwiftPerFileCompile AccessibilitySweepUITests.swift

SwiftDriverJobDiscovery normal arm64 Emitting module for CondiscoUITests (in target 'CondiscoUITests' from project 'Condisco')

SwiftDriver\ Compilation\ Requirements CondiscoUITests normal arm64 com.apple.xcode.tools.swift.compiler (in target 'CondiscoUITests' from project 'Condisco')
    cd /Users/spkoehl/Projects/VerbaLibera
    builtin-Swift-Compilation-Requirements -- /Applications/Xcode.app/Contents/Developer/Toolchains/XcodeDefault.xctoolchain/usr/bin/swiftc -module-name CondiscoUITests -Onone @/var/folders/3w/91hphlzs0rv_1twbkfyhvn6m0000gn/T/condisco-preflight.UUZpei/DerivedData/Build/Intermediates.noindex/Condisco.build/Debug-iphonesimulator/CondiscoUITests.build/Objects-normal/arm64/CondiscoUITests.SwiftFileList -DDEBUG -module-alias Testing\=_Testing_Unavailable -plugin-path /Applications/Xcode.app/Contents/Developer/Toolchains/XcodeDefault.xctoolchain/usr/lib/swift/host/plugins/testing -enable-bare-slash-regex -enable-experimental-feature DebugDescriptionMacro -sdk /Applications/Xcode.app/Contents/Developer/Platforms/iPhoneSimulator.platform/Developer/SDKs/iPhoneSimulator27.0.sdk -target arm64-apple-ios17.0-simulator -g -module-cache-path /var/folders/3w/91hphlzs0rv_1twbkfyhvn6m0000gn/T/condisco-preflight.UUZpei/DerivedData/ModuleCache.noindex -Xfrontend -serialize-debugging-options -enable-testing -index-store-path /var/folders/3w/91hphlzs0rv_1twbkfyhvn6m0000gn/T/condisco-preflight.UUZpei/DerivedData/Index.noindex/DataStore -Xcc -D_LIBCPP_HARDENING_MODE\=_LIBCPP_HARDENING_MODE_DEBUG -swift-version 5 -I /var/folders/3w/91hphlzs0rv_1twbkfyhvn6m0000gn/T/condisco-preflight.UUZpei/DerivedData/Build/Products/Debug-iphonesimulator -Isystem /Applications/Xcode.app/Contents/Developer/Platforms/iPhoneSimulator.platform/Developer/usr/lib -F /var/folders/3w/91hphlzs0rv_1twbkfyhvn6m0000gn/T/condisco-preflight.UUZpei/DerivedData/Build/Products/Debug-iphonesimulator -F /Applications/Xcode.app/Contents/Developer/Platforms/iPhoneSimulator.platform/Developer/Library/Frameworks -F /Applications/Xcode.app/Contents/Developer/Platforms/iPhoneSimulator.platform/Developer/SDKs/iPhoneSimulator27.0.sdk/Developer/Library/Frameworks -emit-localized-strings -emit-localized-strings-path /var/folders/3w/91hphlzs0rv_1twbkfyhvn6m0000gn/T/condisco-preflight.UUZpei/DerivedData/Build/Intermediates.noindex/Condisco.build/Debug-iphonesimulator/CondiscoUITests.build/Objects-normal/arm64 -c -j6 -enable-batch-mode -incremental -Xcc -ivfsstatcache -Xcc /var/folders/3w/91hphlzs0rv_1twbkfyhvn6m0000gn/T/condisco-preflight.UUZpei/DerivedData/SDKStatCaches.noindex/iphonesimulator27.0-24A430-8dc58220667be655e1bcc261a7455254.sdkstatcache -output-file-map /var/folders/3w/91hphlzs0rv_1twbkfyhvn6m0000gn/T/condisco-preflight.UUZpei/DerivedData/Build/Intermediates.noindex/Condisco.build/Debug-iphonesimulator/CondiscoUITests.build/Objects-normal/arm64/CondiscoUITests-OutputFileMap.json -save-temps -no-color-diagnostics -explicit-module-build -module-cache-path /var/folders/3w/91hphlzs0rv_1twbkfyhvn6m0000gn/T/condisco-preflight.UUZpei/DerivedData/Build/Intermediates.noindex/SwiftExplicitPrecompiledModules -clang-scanner-module-cache-path /var/folders/3w/91hphlzs0rv_1twbkfyhvn6m0000gn/T/condisco-preflight.UUZpei/DerivedData/ModuleCache.noindex -sdk-module-cache-path /var/folders/3w/91hphlzs0rv_1twbkfyhvn6m0000gn/T/condisco-preflight.UUZpei/DerivedData/SDKExplicitPrecompiledModules -emit-dependencies -emit-module -emit-module-path /var/folders/3w/91hphlzs0rv_1twbkfyhvn6m0000gn/T/condisco-preflight.UUZpei/DerivedData/Build/Intermediates.noindex/Condisco.build/Debug-iphonesimulator/CondiscoUITests.build/Objects-normal/arm64/CondiscoUITests.swiftmodule -serialize-diagnostics -dependency-scan-serialize-diagnostics-path /var/folders/3w/91hphlzs0rv_1twbkfyhvn6m0000gn/T/condisco-preflight.UUZpei/DerivedData/Build/Intermediates.noindex/Condisco.build/Debug-iphonesimulator/CondiscoUITests.build/Objects-normal/arm64/CondiscoUITests-dependency-scan.dia -validate-clang-modules-once -clang-build-session-file /var/folders/3w/91hphlzs0rv_1twbkfyhvn6m0000gn/T/condisco-preflight.UUZpei/DerivedData/ModuleCache.noindex/Session.modulevalidation -Xcc -fmodules-prune-interval\=86400 -Xcc -fmodules-prune-after\=345600 -emit-const-values -const-gather-protocols-list /var/folders/3w/91hphlzs0rv_1twbkfyhvn6m0000gn/T/condisco-preflight.UUZpei/DerivedData/Build/Intermediates.noindex/Condisco.build/Debug-iphonesimulator/CondiscoUITests.build/Objects-normal/arm64/CondiscoUITests_const_extract_protocols.json -Xcc -iquote -Xcc /var/folders/3w/91hphlzs0rv_1twbkfyhvn6m0000gn/T/condisco-preflight.UUZpei/DerivedData/Build/Intermediates.noindex/Condisco.build/Debug-iphonesimulator/CondiscoUITests.build/CondiscoUITests-generated-files.hmap -Xcc -I/var/folders/3w/91hphlzs0rv_1twbkfyhvn6m0000gn/T/condisco-preflight.UUZpei/DerivedData/Build/Intermediates.noindex/Condisco.build/Debug-iphonesimulator/CondiscoUITests.build/CondiscoUITests-own-target-headers.hmap -Xcc -I/var/folders/3w/91hphlzs0rv_1twbkfyhvn6m0000gn/T/condisco-preflight.UUZpei/DerivedData/Build/Intermediates.noindex/Condisco.build/Debug-iphonesimulator/CondiscoUITests.build/CondiscoUITests-all-target-headers.hmap -Xcc -iquote -Xcc /var/folders/3w/91hphlzs0rv_1twbkfyhvn6m0000gn/T/condisco-preflight.UUZpei/DerivedData/Build/Intermediates.noindex/Condisco.build/Debug-iphonesimulator/CondiscoUITests.build/CondiscoUITests-project-headers.hmap -Xcc -I/var/folders/3w/91hphlzs0rv_1twbkfyhvn6m0000gn/T/condisco-preflight.UUZpei/DerivedData/Build/Products/Debug-iphonesimulator/include -Xcc -I/var/folders/3w/91hphlzs0rv_1twbkfyhvn6m0000gn/T/condisco-preflight.UUZpei/DerivedData/Build/Intermediates.noindex/Condisco.build/Debug-iphonesimulator/CondiscoUITests.build/DerivedSources-normal/arm64 -Xcc -I/var/folders/3w/91hphlzs0rv_1twbkfyhvn6m0000gn/T/condisco-preflight.UUZpei/DerivedData/Build/Intermediates.noindex/Condisco.build/Debug-iphonesimulator/CondiscoUITests.build/DerivedSources/arm64 -Xcc -I/var/folders/3w/91hphlzs0rv_1twbkfyhvn6m0000gn/T/condisco-preflight.UUZpei/DerivedData/Build/Intermediates.noindex/Condisco.build/Debug-iphonesimulator/CondiscoUITests.build/DerivedSources -Xcc -DDEBUG\=1 -emit-objc-header -emit-objc-header-path /var/folders/3w/91hphlzs0rv_1twbkfyhvn6m0000gn/T/condisco-preflight.UUZpei/DerivedData/Build/Intermediates.noindex/Condisco.build/Debug-iphonesimulator/CondiscoUITests.build/Objects-normal/arm64/CondiscoUITests-Swift.h -working-directory /Users/spkoehl/Projects/VerbaLibera -experimental-emit-module-separately -disable-cmo

SwiftDriverJobDiscovery normal arm64 Emitting module for CondiscoTests (in target 'CondiscoTests' from project 'Condisco')

SwiftDriver\ Compilation\ Requirements CondiscoTests normal arm64 com.apple.xcode.tools.swift.compiler (in target 'CondiscoTests' from project 'Condisco')
    cd /Users/spkoehl/Projects/VerbaLibera
    builtin-Swift-Compilation-Requirements -- /Applications/Xcode.app/Contents/Developer/Toolchains/XcodeDefault.xctoolchain/usr/bin/swiftc -module-name CondiscoTests -Onone @/var/folders/3w/91hphlzs0rv_1twbkfyhvn6m0000gn/T/condisco-preflight.UUZpei/DerivedData/Build/Intermediates.noindex/Condisco.build/Debug-iphonesimulator/CondiscoTests.build/Objects-normal/arm64/CondiscoTests.SwiftFileList -DDEBUG -plugin-path /Applications/Xcode.app/Contents/Developer/Toolchains/XcodeDefault.xctoolchain/usr/lib/swift/host/plugins/testing -enable-bare-slash-regex -enable-experimental-feature DebugDescriptionMacro -sdk /Applications/Xcode.app/Contents/Developer/Platforms/iPhoneSimulator.platform/Developer/SDKs/iPhoneSimulator27.0.sdk -target arm64-apple-ios17.0-simulator -g -module-cache-path /var/folders/3w/91hphlzs0rv_1twbkfyhvn6m0000gn/T/condisco-preflight.UUZpei/DerivedData/ModuleCache.noindex -Xfrontend -serialize-debugging-options -enable-testing -index-store-path /var/folders/3w/91hphlzs0rv_1twbkfyhvn6m0000gn/T/condisco-preflight.UUZpei/DerivedData/Index.noindex/DataStore -Xcc -D_LIBCPP_HARDENING_MODE\=_LIBCPP_HARDENING_MODE_DEBUG -swift-version 5 -I /var/folders/3w/91hphlzs0rv_1twbkfyhvn6m0000gn/T/condisco-preflight.UUZpei/DerivedData/Build/Products/Debug-iphonesimulator -Isystem /Applications/Xcode.app/Contents/Developer/Platforms/iPhoneSimulator.platform/Developer/usr/lib -F /var/folders/3w/91hphlzs0rv_1twbkfyhvn6m0000gn/T/condisco-preflight.UUZpei/DerivedData/Build/Products/Debug-iphonesimulator -F /Applications/Xcode.app/Contents/Developer/Platforms/iPhoneSimulator.platform/Developer/Library/Frameworks -F /Applications/Xcode.app/Contents/Developer/Platforms/iPhoneSimulator.platform/Developer/SDKs/iPhoneSimulator27.0.sdk/Developer/Library/Frameworks -emit-localized-strings -emit-localized-strings-path /var/folders/3w/91hphlzs0rv_1twbkfyhvn6m0000gn/T/condisco-preflight.UUZpei/DerivedData/Build/Intermediates.noindex/Condisco.build/Debug-iphonesimulator/CondiscoTests.build/Objects-normal/arm64 -c -j6 -enable-batch-mode -incremental -Xcc -ivfsstatcache -Xcc /var/folders/3w/91hphlzs0rv_1twbkfyhvn6m0000gn/T/condisco-preflight.UUZpei/DerivedData/SDKStatCaches.noindex/iphonesimulator27.0-24A430-8dc58220667be655e1bcc261a7455254.sdkstatcache -output-file-map /var/folders/3w/91hphlzs0rv_1twbkfyhvn6m0000gn/T/condisco-preflight.UUZpei/DerivedData/Build/Intermediates.noindex/Condisco.build/Debug-iphonesimulator/CondiscoTests.build/Objects-normal/arm64/CondiscoTests-OutputFileMap.json -save-temps -no-color-diagnostics -explicit-module-build -module-cache-path /var/folders/3w/91hphlzs0rv_1twbkfyhvn6m0000gn/T/condisco-preflight.UUZpei/DerivedData/Build/Intermediates.noindex/SwiftExplicitPrecompiledModules -clang-scanner-module-cache-path /var/folders/3w/91hphlzs0rv_1twbkfyhvn6m0000gn/T/condisco-preflight.UUZpei/DerivedData/ModuleCache.noindex -sdk-module-cache-path /var/folders/3w/91hphlzs0rv_1twbkfyhvn6m0000gn/T/condisco-preflight.UUZpei/DerivedData/SDKExplicitPrecompiledModules -emit-dependencies -emit-module -emit-module-path /var/folders/3w/91hphlzs0rv_1twbkfyhvn6m0000gn/T/condisco-preflight.UUZpei/DerivedData/Build/Intermediates.noindex/Condisco.build/Debug-iphonesimulator/CondiscoTests.build/Objects-normal/arm64/CondiscoTests.swiftmodule -serialize-diagnostics -dependency-scan-serialize-diagnostics-path /var/folders/3w/91hphlzs0rv_1twbkfyhvn6m0000gn/T/condisco-preflight.UUZpei/DerivedData/Build/Intermediates.noindex/Condisco.build/Debug-iphonesimulator/CondiscoTests.build/Objects-normal/arm64/CondiscoTests-dependency-scan.dia -validate-clang-modules-once -clang-build-session-file /var/folders/3w/91hphlzs0rv_1twbkfyhvn6m0000gn/T/condisco-preflight.UUZpei/DerivedData/ModuleCache.noindex/Session.modulevalidation -Xcc -fmodules-prune-interval\=86400 -Xcc -fmodules-prune-after\=345600 -emit-const-values -const-gather-protocols-list /var/folders/3w/91hphlzs0rv_1twbkfyhvn6m0000gn/T/condisco-preflight.UUZpei/DerivedData/Build/Intermediates.noindex/Condisco.build/Debug-iphonesimulator/CondiscoTests.build/Objects-normal/arm64/CondiscoTests_const_extract_protocols.json -Xcc -iquote -Xcc /var/folders/3w/91hphlzs0rv_1twbkfyhvn6m0000gn/T/condisco-preflight.UUZpei/DerivedData/Build/Intermediates.noindex/Condisco.build/Debug-iphonesimulator/CondiscoTests.build/CondiscoTests-generated-files.hmap -Xcc -I/var/folders/3w/91hphlzs0rv_1twbkfyhvn6m0000gn/T/condisco-preflight.UUZpei/DerivedData/Build/Intermediates.noindex/Condisco.build/Debug-iphonesimulator/CondiscoTests.build/CondiscoTests-own-target-headers.hmap -Xcc -I/var/folders/3w/91hphlzs0rv_1twbkfyhvn6m0000gn/T/condisco-preflight.UUZpei/DerivedData/Build/Intermediates.noindex/Condisco.build/Debug-iphonesimulator/CondiscoTests.build/CondiscoTests-all-target-headers.hmap -Xcc -iquote -Xcc /var/folders/3w/91hphlzs0rv_1twbkfyhvn6m0000gn/T/condisco-preflight.UUZpei/DerivedData/Build/Intermediates.noindex/Condisco.build/Debug-iphonesimulator/CondiscoTests.build/CondiscoTests-project-headers.hmap -Xcc -I/var/folders/3w/91hphlzs0rv_1twbkfyhvn6m0000gn/T/condisco-preflight.UUZpei/DerivedData/Build/Products/Debug-iphonesimulator/include -Xcc -I/var/folders/3w/91hphlzs0rv_1twbkfyhvn6m0000gn/T/condisco-preflight.UUZpei/DerivedData/Build/Intermediates.noindex/Condisco.build/Debug-iphonesimulator/CondiscoTests.build/DerivedSources-normal/arm64 -Xcc -I/var/folders/3w/91hphlzs0rv_1twbkfyhvn6m0000gn/T/condisco-preflight.UUZpei/DerivedData/Build/Intermediates.noindex/Condisco.build/Debug-iphonesimulator/CondiscoTests.build/DerivedSources/arm64 -Xcc -I/var/folders/3w/91hphlzs0rv_1twbkfyhvn6m0000gn/T/condisco-preflight.UUZpei/DerivedData/Build/Intermediates.noindex/Condisco.build/Debug-iphonesimulator/CondiscoTests.build/DerivedSources -Xcc -DDEBUG\=1 -emit-objc-header -emit-objc-header-path /var/folders/3w/91hphlzs0rv_1twbkfyhvn6m0000gn/T/condisco-preflight.UUZpei/DerivedData/Build/Intermediates.noindex/Condisco.build/Debug-iphonesimulator/CondiscoTests.build/Objects-normal/arm64/CondiscoTests-Swift.h -working-directory /Users/spkoehl/Projects/VerbaLibera -experimental-emit-module-separately -disable-cmo

SwiftMergeGeneratedHeaders /var/folders/3w/91hphlzs0rv_1twbkfyhvn6m0000gn/T/condisco-preflight.UUZpei/DerivedData/Build/Intermediates.noindex/Condisco.build/Debug-iphonesimulator/CondiscoUITests.build/DerivedSources/CondiscoUITests-Swift.h /var/folders/3w/91hphlzs0rv_1twbkfyhvn6m0000gn/T/condisco-preflight.UUZpei/DerivedData/Build/Intermediates.noindex/Condisco.build/Debug-iphonesimulator/CondiscoUITests.build/Objects-normal/arm64/CondiscoUITests-Swift.h (in target 'CondiscoUITests' from project 'Condisco')
    cd /Users/spkoehl/Projects/VerbaLibera
    builtin-swiftHeaderTool -arch arm64 /var/folders/3w/91hphlzs0rv_1twbkfyhvn6m0000gn/T/condisco-preflight.UUZpei/DerivedData/Build/Intermediates.noindex/Condisco.build/Debug-iphonesimulator/CondiscoUITests.build/Objects-normal/arm64/CondiscoUITests-Swift.h -o /var/folders/3w/91hphlzs0rv_1twbkfyhvn6m0000gn/T/condisco-preflight.UUZpei/DerivedData/Build/Intermediates.noindex/Condisco.build/Debug-iphonesimulator/CondiscoUITests.build/DerivedSources/CondiscoUITests-Swift.h

Copy /var/folders/3w/91hphlzs0rv_1twbkfyhvn6m0000gn/T/condisco-preflight.UUZpei/DerivedData/Build/Products/Debug-iphonesimulator/CondiscoUITests.swiftmodule/arm64-apple-ios-simulator.swiftmodule /var/folders/3w/91hphlzs0rv_1twbkfyhvn6m0000gn/T/condisco-preflight.UUZpei/DerivedData/Build/Intermediates.noindex/Condisco.build/Debug-iphonesimulator/CondiscoUITests.build/Objects-normal/arm64/CondiscoUITests.swiftmodule (in target 'CondiscoUITests' from project 'Condisco')
    cd /Users/spkoehl/Projects/VerbaLibera
    builtin-copy -exclude .DS_Store -exclude CVS -exclude .svn -exclude .git -exclude .hg -resolve-src-symlinks -rename /var/folders/3w/91hphlzs0rv_1twbkfyhvn6m0000gn/T/condisco-preflight.UUZpei/DerivedData/Build/Intermediates.noindex/Condisco.build/Debug-iphonesimulator/CondiscoUITests.build/Objects-normal/arm64/CondiscoUITests.swiftmodule /var/folders/3w/91hphlzs0rv_1twbkfyhvn6m0000gn/T/condisco-preflight.UUZpei/DerivedData/Build/Products/Debug-iphonesimulator/CondiscoUITests.swiftmodule/arm64-apple-ios-simulator.swiftmodule

Copy /var/folders/3w/91hphlzs0rv_1twbkfyhvn6m0000gn/T/condisco-preflight.UUZpei/DerivedData/Build/Products/Debug-iphonesimulator/CondiscoUITests.swiftmodule/arm64-apple-ios-simulator.swiftdoc /var/folders/3w/91hphlzs0rv_1twbkfyhvn6m0000gn/T/condisco-preflight.UUZpei/DerivedData/Build/Intermediates.noindex/Condisco.build/Debug-iphonesimulator/CondiscoUITests.build/Objects-normal/arm64/CondiscoUITests.swiftdoc (in target 'CondiscoUITests' from project 'Condisco')
    cd /Users/spkoehl/Projects/VerbaLibera
    builtin-copy -exclude .DS_Store -exclude CVS -exclude .svn -exclude .git -exclude .hg -resolve-src-symlinks -rename /var/folders/3w/91hphlzs0rv_1twbkfyhvn6m0000gn/T/condisco-preflight.UUZpei/DerivedData/Build/Intermediates.noindex/Condisco.build/Debug-iphonesimulator/CondiscoUITests.build/Objects-normal/arm64/CondiscoUITests.swiftdoc /var/folders/3w/91hphlzs0rv_1twbkfyhvn6m0000gn/T/condisco-preflight.UUZpei/DerivedData/Build/Products/Debug-iphonesimulator/CondiscoUITests.swiftmodule/arm64-apple-ios-simulator.swiftdoc

Copy /var/folders/3w/91hphlzs0rv_1twbkfyhvn6m0000gn/T/condisco-preflight.UUZpei/DerivedData/Build/Products/Debug-iphonesimulator/CondiscoUITests.swiftmodule/arm64-apple-ios-simulator.abi.json /var/folders/3w/91hphlzs0rv_1twbkfyhvn6m0000gn/T/condisco-preflight.UUZpei/DerivedData/Build/Intermediates.noindex/Condisco.build/Debug-iphonesimulator/CondiscoUITests.build/Objects-normal/arm64/CondiscoUITests.abi.json (in target 'CondiscoUITests' from project 'Condisco')
    cd /Users/spkoehl/Projects/VerbaLibera
    builtin-copy -exclude .DS_Store -exclude CVS -exclude .svn -exclude .git -exclude .hg -resolve-src-symlinks -rename /var/folders/3w/91hphlzs0rv_1twbkfyhvn6m0000gn/T/condisco-preflight.UUZpei/DerivedData/Build/Intermediates.noindex/Condisco.build/Debug-iphonesimulator/CondiscoUITests.build/Objects-normal/arm64/CondiscoUITests.abi.json /var/folders/3w/91hphlzs0rv_1twbkfyhvn6m0000gn/T/condisco-preflight.UUZpei/DerivedData/Build/Products/Debug-iphonesimulator/CondiscoUITests.swiftmodule/arm64-apple-ios-simulator.abi.json

Copy /var/folders/3w/91hphlzs0rv_1twbkfyhvn6m0000gn/T/condisco-preflight.UUZpei/DerivedData/Build/Products/Debug-iphonesimulator/CondiscoUITests.swiftmodule/Project/arm64-apple-ios-simulator.swiftsourceinfo /var/folders/3w/91hphlzs0rv_1twbkfyhvn6m0000gn/T/condisco-preflight.UUZpei/DerivedData/Build/Intermediates.noindex/Condisco.build/Debug-iphonesimulator/CondiscoUITests.build/Objects-normal/arm64/CondiscoUITests.swiftsourceinfo (in target 'CondiscoUITests' from project 'Condisco')
    cd /Users/spkoehl/Projects/VerbaLibera
    builtin-copy -exclude .DS_Store -exclude CVS -exclude .svn -exclude .git -exclude .hg -resolve-src-symlinks -rename /var/folders/3w/91hphlzs0rv_1twbkfyhvn6m0000gn/T/condisco-preflight.UUZpei/DerivedData/Build/Intermediates.noindex/Condisco.build/Debug-iphonesimulator/CondiscoUITests.build/Objects-normal/arm64/CondiscoUITests.swiftsourceinfo /var/folders/3w/91hphlzs0rv_1twbkfyhvn6m0000gn/T/condisco-preflight.UUZpei/DerivedData/Build/Products/Debug-iphonesimulator/CondiscoUITests.swiftmodule/Project/arm64-apple-ios-simulator.swiftsourceinfo

SwiftMergeGeneratedHeaders /var/folders/3w/91hphlzs0rv_1twbkfyhvn6m0000gn/T/condisco-preflight.UUZpei/DerivedData/Build/Intermediates.noindex/Condisco.build/Debug-iphonesimulator/CondiscoTests.build/DerivedSources/CondiscoTests-Swift.h /var/folders/3w/91hphlzs0rv_1twbkfyhvn6m0000gn/T/condisco-preflight.UUZpei/DerivedData/Build/Intermediates.noindex/Condisco.build/Debug-iphonesimulator/CondiscoTests.build/Objects-normal/arm64/CondiscoTests-Swift.h (in target 'CondiscoTests' from project 'Condisco')
    cd /Users/spkoehl/Projects/VerbaLibera
    builtin-swiftHeaderTool -arch arm64 /var/folders/3w/91hphlzs0rv_1twbkfyhvn6m0000gn/T/condisco-preflight.UUZpei/DerivedData/Build/Intermediates.noindex/Condisco.build/Debug-iphonesimulator/CondiscoTests.build/Objects-normal/arm64/CondiscoTests-Swift.h -o /var/folders/3w/91hphlzs0rv_1twbkfyhvn6m0000gn/T/condisco-preflight.UUZpei/DerivedData/Build/Intermediates.noindex/Condisco.build/Debug-iphonesimulator/CondiscoTests.build/DerivedSources/CondiscoTests-Swift.h

Copy /var/folders/3w/91hphlzs0rv_1twbkfyhvn6m0000gn/T/condisco-preflight.UUZpei/DerivedData/Build/Products/Debug-iphonesimulator/CondiscoTests.swiftmodule/arm64-apple-ios-simulator.swiftmodule /var/folders/3w/91hphlzs0rv_1twbkfyhvn6m0000gn/T/condisco-preflight.UUZpei/DerivedData/Build/Intermediates.noindex/Condisco.build/Debug-iphonesimulator/CondiscoTests.build/Objects-normal/arm64/CondiscoTests.swiftmodule (in target 'CondiscoTests' from project 'Condisco')
    cd /Users/spkoehl/Projects/VerbaLibera
    builtin-copy -exclude .DS_Store -exclude CVS -exclude .svn -exclude .git -exclude .hg -resolve-src-symlinks -rename /var/folders/3w/91hphlzs0rv_1twbkfyhvn6m0000gn/T/condisco-preflight.UUZpei/DerivedData/Build/Intermediates.noindex/Condisco.build/Debug-iphonesimulator/CondiscoTests.build/Objects-normal/arm64/CondiscoTests.swiftmodule /var/folders/3w/91hphlzs0rv_1twbkfyhvn6m0000gn/T/condisco-preflight.UUZpei/DerivedData/Build/Products/Debug-iphonesimulator/CondiscoTests.swiftmodule/arm64-apple-ios-simulator.swiftmodule

Copy /var/folders/3w/91hphlzs0rv_1twbkfyhvn6m0000gn/T/condisco-preflight.UUZpei/DerivedData/Build/Products/Debug-iphonesimulator/CondiscoTests.swiftmodule/arm64-apple-ios-simulator.swiftdoc /var/folders/3w/91hphlzs0rv_1twbkfyhvn6m0000gn/T/condisco-preflight.UUZpei/DerivedData/Build/Intermediates.noindex/Condisco.build/Debug-iphonesimulator/CondiscoTests.build/Objects-normal/arm64/CondiscoTests.swiftdoc (in target 'CondiscoTests' from project 'Condisco')
    cd /Users/spkoehl/Projects/VerbaLibera
    builtin-copy -exclude .DS_Store -exclude CVS -exclude .svn -exclude .git -exclude .hg -resolve-src-symlinks -rename /var/folders/3w/91hphlzs0rv_1twbkfyhvn6m0000gn/T/condisco-preflight.UUZpei/DerivedData/Build/Intermediates.noindex/Condisco.build/Debug-iphonesimulator/CondiscoTests.build/Objects-normal/arm64/CondiscoTests.swiftdoc /var/folders/3w/91hphlzs0rv_1twbkfyhvn6m0000gn/T/condisco-preflight.UUZpei/DerivedData/Build/Products/Debug-iphonesimulator/CondiscoTests.swiftmodule/arm64-apple-ios-simulator.swiftdoc

Copy /var/folders/3w/91hphlzs0rv_1twbkfyhvn6m0000gn/T/condisco-preflight.UUZpei/DerivedData/Build/Products/Debug-iphonesimulator/CondiscoTests.swiftmodule/arm64-apple-ios-simulator.abi.json /var/folders/3w/91hphlzs0rv_1twbkfyhvn6m0000gn/T/condisco-preflight.UUZpei/DerivedData/Build/Intermediates.noindex/Condisco.build/Debug-iphonesimulator/CondiscoTests.build/Objects-normal/arm64/CondiscoTests.abi.json (in target 'CondiscoTests' from project 'Condisco')
    cd /Users/spkoehl/Projects/VerbaLibera
    builtin-copy -exclude .DS_Store -exclude CVS -exclude .svn -exclude .git -exclude .hg -resolve-src-symlinks -rename /var/folders/3w/91hphlzs0rv_1twbkfyhvn6m0000gn/T/condisco-preflight.UUZpei/DerivedData/Build/Intermediates.noindex/Condisco.build/Debug-iphonesimulator/CondiscoTests.build/Objects-normal/arm64/CondiscoTests.abi.json /var/folders/3w/91hphlzs0rv_1twbkfyhvn6m0000gn/T/condisco-preflight.UUZpei/DerivedData/Build/Products/Debug-iphonesimulator/CondiscoTests.swiftmodule/arm64-apple-ios-simulator.abi.json

Copy /var/folders/3w/91hphlzs0rv_1twbkfyhvn6m0000gn/T/condisco-preflight.UUZpei/DerivedData/Build/Products/Debug-iphonesimulator/CondiscoTests.swiftmodule/Project/arm64-apple-ios-simulator.swiftsourceinfo /var/folders/3w/91hphlzs0rv_1twbkfyhvn6m0000gn/T/condisco-preflight.UUZpei/DerivedData/Build/Intermediates.noindex/Condisco.build/Debug-iphonesimulator/CondiscoTests.build/Objects-normal/arm64/CondiscoTests.swiftsourceinfo (in target 'CondiscoTests' from project 'Condisco')
    cd /Users/spkoehl/Projects/VerbaLibera
    builtin-copy -exclude .DS_Store -exclude CVS -exclude .svn -exclude .git -exclude .hg -resolve-src-symlinks -rename /var/folders/3w/91hphlzs0rv_1twbkfyhvn6m0000gn/T/condisco-preflight.UUZpei/DerivedData/Build/Intermediates.noindex/Condisco.build/Debug-iphonesimulator/CondiscoTests.build/Objects-normal/arm64/CondiscoTests.swiftsourceinfo /var/folders/3w/91hphlzs0rv_1twbkfyhvn6m0000gn/T/condisco-preflight.UUZpei/DerivedData/Build/Products/Debug-iphonesimulator/CondiscoTests.swiftmodule/Project/arm64-apple-ios-simulator.swiftsourceinfo

SwiftCompile normal arm64 Compiling\ FirstRunUITests.swift /Users/spkoehl/Projects/VerbaLibera/Condisco/UITests/FirstRunUITests.swift (in target 'CondiscoUITests' from project 'Condisco')

SwiftCompile normal arm64 /Users/spkoehl/Projects/VerbaLibera/Condisco/UITests/FirstRunUITests.swift (in target 'CondiscoUITests' from project 'Condisco')
    cd /Users/spkoehl/Projects/VerbaLibera
    builtin-SwiftPerFileCompile FirstRunUITests.swift

SwiftCompile normal arm64 Compiling\ PackItalianTests.swift /Users/spkoehl/Projects/VerbaLibera/Condisco/Tests/PackItalianTests.swift (in target 'CondiscoTests' from project 'Condisco')

SwiftCompile normal arm64 /Users/spkoehl/Projects/VerbaLibera/Condisco/Tests/PackItalianTests.swift (in target 'CondiscoTests' from project 'Condisco')
    cd /Users/spkoehl/Projects/VerbaLibera
    builtin-SwiftPerFileCompile PackItalianTests.swift

SwiftDriverJobDiscovery normal arm64 Compiling AccessibilitySweepUITests.swift (in target 'CondiscoUITests' from project 'Condisco')

SwiftDriverJobDiscovery normal arm64 Compiling FirstRunUITests.swift (in target 'CondiscoUITests' from project 'Condisco')

SwiftCompile normal arm64 Compiling\ PackPortugueseTests.swift /Users/spkoehl/Projects/VerbaLibera/Condisco/Tests/PackPortugueseTests.swift (in target 'CondiscoTests' from project 'Condisco')
/Users/spkoehl/Projects/VerbaLibera/Condisco/Tests/PackPortugueseTests.swift:443:13: warning: variable 'act' was never mutated; consider changing to 'let' constant [#VariableNeverMutated]
 441 |             "hotel phrase strip must carry the European form: \(pairs.map(\.target))")
 442 | 
 443 |         var act = try activity("pt-hotel-mission-act-3", in: pack)
     |             `- warning: variable 'act' was never mutated; consider changing to 'let' constant [#VariableNeverMutated]
 444 |         guard case .ordering(let spec) = act else {
 445 |             throw XCTSkip("expected ordering for pt-hotel-mission-act-3")

[#VariableNeverMutated]: <https://docs.swift.org/compiler/documentation/diagnostics/variable-never-mutated>

SwiftCompile normal arm64 /Users/spkoehl/Projects/VerbaLibera/Condisco/Tests/PackPortugueseTests.swift (in target 'CondiscoTests' from project 'Condisco')
    cd /Users/spkoehl/Projects/VerbaLibera
    builtin-SwiftPerFileCompile PackPortugueseTests.swift

SwiftDriver\ Compilation CondiscoUITests normal arm64 com.apple.xcode.tools.swift.compiler (in target 'CondiscoUITests' from project 'Condisco')
    cd /Users/spkoehl/Projects/VerbaLibera
    builtin-Swift-Compilation -- /Applications/Xcode.app/Contents/Developer/Toolchains/XcodeDefault.xctoolchain/usr/bin/swiftc -module-name CondiscoUITests -Onone @/var/folders/3w/91hphlzs0rv_1twbkfyhvn6m0000gn/T/condisco-preflight.UUZpei/DerivedData/Build/Intermediates.noindex/Condisco.build/Debug-iphonesimulator/CondiscoUITests.build/Objects-normal/arm64/CondiscoUITests.SwiftFileList -DDEBUG -module-alias Testing\=_Testing_Unavailable -plugin-path /Applications/Xcode.app/Contents/Developer/Toolchains/XcodeDefault.xctoolchain/usr/lib/swift/host/plugins/testing -enable-bare-slash-regex -enable-experimental-feature DebugDescriptionMacro -sdk /Applications/Xcode.app/Contents/Developer/Platforms/iPhoneSimulator.platform/Developer/SDKs/iPhoneSimulator27.0.sdk -target arm64-apple-ios17.0-simulator -g -module-cache-path /var/folders/3w/91hphlzs0rv_1twbkfyhvn6m0000gn/T/condisco-preflight.UUZpei/DerivedData/ModuleCache.noindex -Xfrontend -serialize-debugging-options -enable-testing -index-store-path /var/folders/3w/91hphlzs0rv_1twbkfyhvn6m0000gn/T/condisco-preflight.UUZpei/DerivedData/Index.noindex/DataStore -Xcc -D_LIBCPP_HARDENING_MODE\=_LIBCPP_HARDENING_MODE_DEBUG -swift-version 5 -I /var/folders/3w/91hphlzs0rv_1twbkfyhvn6m0000gn/T/condisco-preflight.UUZpei/DerivedData/Build/Products/Debug-iphonesimulator -Isystem /Applications/Xcode.app/Contents/Developer/Platforms/iPhoneSimulator.platform/Developer/usr/lib -F /var/folders/3w/91hphlzs0rv_1twbkfyhvn6m0000gn/T/condisco-preflight.UUZpei/DerivedData/Build/Products/Debug-iphonesimulator -F /Applications/Xcode.app/Contents/Developer/Platforms/iPhoneSimulator.platform/Developer/Library/Frameworks -F /Applications/Xcode.app/Contents/Developer/Platforms/iPhoneSimulator.platform/Developer/SDKs/iPhoneSimulator27.0.sdk/Developer/Library/Frameworks -emit-localized-strings -emit-localized-strings-path /var/folders/3w/91hphlzs0rv_1twbkfyhvn6m0000gn/T/condisco-preflight.UUZpei/DerivedData/Build/Intermediates.noindex/Condisco.build/Debug-iphonesimulator/CondiscoUITests.build/Objects-normal/arm64 -c -j6 -enable-batch-mode -incremental -Xcc -ivfsstatcache -Xcc /var/folders/3w/91hphlzs0rv_1twbkfyhvn6m0000gn/T/condisco-preflight.UUZpei/DerivedData/SDKStatCaches.noindex/iphonesimulator27.0-24A430-8dc58220667be655e1bcc261a7455254.sdkstatcache -output-file-map /var/folders/3w/91hphlzs0rv_1twbkfyhvn6m0000gn/T/condisco-preflight.UUZpei/DerivedData/Build/Intermediates.noindex/Condisco.build/Debug-iphonesimulator/CondiscoUITests.build/Objects-normal/arm64/CondiscoUITests-OutputFileMap.json -save-temps -no-color-diagnostics -explicit-module-build -module-cache-path /var/folders/3w/91hphlzs0rv_1twbkfyhvn6m0000gn/T/condisco-preflight.UUZpei/DerivedData/Build/Intermediates.noindex/SwiftExplicitPrecompiledModules -clang-scanner-module-cache-path /var/folders/3w/91hphlzs0rv_1twbkfyhvn6m0000gn/T/condisco-preflight.UUZpei/DerivedData/ModuleCache.noindex -sdk-module-cache-path /var/folders/3w/91hphlzs0rv_1twbkfyhvn6m0000gn/T/condisco-preflight.UUZpei/DerivedData/SDKExplicitPrecompiledModules -emit-dependencies -emit-module -emit-module-path /var/folders/3w/91hphlzs0rv_1twbkfyhvn6m0000gn/T/condisco-preflight.UUZpei/DerivedData/Build/Intermediates.noindex/Condisco.build/Debug-iphonesimulator/CondiscoUITests.build/Objects-normal/arm64/CondiscoUITests.swiftmodule -serialize-diagnostics -dependency-scan-serialize-diagnostics-path /var/folders/3w/91hphlzs0rv_1twbkfyhvn6m0000gn/T/condisco-preflight.UUZpei/DerivedData/Build/Intermediates.noindex/Condisco.build/Debug-iphonesimulator/CondiscoUITests.build/Objects-normal/arm64/CondiscoUITests-dependency-scan.dia -validate-clang-modules-once -clang-build-session-file /var/folders/3w/91hphlzs0rv_1twbkfyhvn6m0000gn/T/condisco-preflight.UUZpei/DerivedData/ModuleCache.noindex/Session.modulevalidation -Xcc -fmodules-prune-interval\=86400 -Xcc -fmodules-prune-after\=345600 -emit-const-values -const-gather-protocols-list /var/folders/3w/91hphlzs0rv_1twbkfyhvn6m0000gn/T/condisco-preflight.UUZpei/DerivedData/Build/Intermediates.noindex/Condisco.build/Debug-iphonesimulator/CondiscoUITests.build/Objects-normal/arm64/CondiscoUITests_const_extract_protocols.json -Xcc -iquote -Xcc /var/folders/3w/91hphlzs0rv_1twbkfyhvn6m0000gn/T/condisco-preflight.UUZpei/DerivedData/Build/Intermediates.noindex/Condisco.build/Debug-iphonesimulator/CondiscoUITests.build/CondiscoUITests-generated-files.hmap -Xcc -I/var/folders/3w/91hphlzs0rv_1twbkfyhvn6m0000gn/T/condisco-preflight.UUZpei/DerivedData/Build/Intermediates.noindex/Condisco.build/Debug-iphonesimulator/CondiscoUITests.build/CondiscoUITests-own-target-headers.hmap -Xcc -I/var/folders/3w/91hphlzs0rv_1twbkfyhvn6m0000gn/T/condisco-preflight.UUZpei/DerivedData/Build/Intermediates.noindex/Condisco.build/Debug-iphonesimulator/CondiscoUITests.build/CondiscoUITests-all-target-headers.hmap -Xcc -iquote -Xcc /var/folders/3w/91hphlzs0rv_1twbkfyhvn6m0000gn/T/condisco-preflight.UUZpei/DerivedData/Build/Intermediates.noindex/Condisco.build/Debug-iphonesimulator/CondiscoUITests.build/CondiscoUITests-project-headers.hmap -Xcc -I/var/folders/3w/91hphlzs0rv_1twbkfyhvn6m0000gn/T/condisco-preflight.UUZpei/DerivedData/Build/Products/Debug-iphonesimulator/include -Xcc -I/var/folders/3w/91hphlzs0rv_1twbkfyhvn6m0000gn/T/condisco-preflight.UUZpei/DerivedData/Build/Intermediates.noindex/Condisco.build/Debug-iphonesimulator/CondiscoUITests.build/DerivedSources-normal/arm64 -Xcc -I/var/folders/3w/91hphlzs0rv_1twbkfyhvn6m0000gn/T/condisco-preflight.UUZpei/DerivedData/Build/Intermediates.noindex/Condisco.build/Debug-iphonesimulator/CondiscoUITests.build/DerivedSources/arm64 -Xcc -I/var/folders/3w/91hphlzs0rv_1twbkfyhvn6m0000gn/T/condisco-preflight.UUZpei/DerivedData/Build/Intermediates.noindex/Condisco.build/Debug-iphonesimulator/CondiscoUITests.build/DerivedSources -Xcc -DDEBUG\=1 -emit-objc-header -emit-objc-header-path /var/folders/3w/91hphlzs0rv_1twbkfyhvn6m0000gn/T/condisco-preflight.UUZpei/DerivedData/Build/Intermediates.noindex/Condisco.build/Debug-iphonesimulator/CondiscoUITests.build/Objects-normal/arm64/CondiscoUITests-Swift.h -working-directory /Users/spkoehl/Projects/VerbaLibera -experimental-emit-module-separately -disable-cmo

SwiftDriverJobDiscovery normal arm64 Compiling EmptyStateArt.swift, AppleSignIn.swift, CloudKitSync.swift, YouModel.swift, YouView.swift, Support.swift, PhraseCard.swift, ShadowMode.swift, Phrasebook.swift (in target 'Condisco' from project 'Condisco')

SwiftCompile normal arm64 Compiling\ PackGermanTests.swift /Users/spkoehl/Projects/VerbaLibera/Condisco/Tests/PackGermanTests.swift (in target 'CondiscoTests' from project 'Condisco')

SwiftCompile normal arm64 /Users/spkoehl/Projects/VerbaLibera/Condisco/Tests/PackGermanTests.swift (in target 'CondiscoTests' from project 'Condisco')
    cd /Users/spkoehl/Projects/VerbaLibera
    builtin-SwiftPerFileCompile PackGermanTests.swift

SwiftCompile normal arm64 Compiling\ PlacementTests.swift,\ EngineTests.swift /Users/spkoehl/Projects/VerbaLibera/Condisco/Tests/PlacementTests.swift /Users/spkoehl/Projects/VerbaLibera/Condisco/Tests/EngineTests.swift (in target 'CondiscoTests' from project 'Condisco')

SwiftCompile normal arm64 /Users/spkoehl/Projects/VerbaLibera/Condisco/Tests/PlacementTests.swift (in target 'CondiscoTests' from project 'Condisco')
    cd /Users/spkoehl/Projects/VerbaLibera
    builtin-SwiftPerFileCompile PlacementTests.swift

SwiftCompile normal arm64 /Users/spkoehl/Projects/VerbaLibera/Condisco/Tests/EngineTests.swift (in target 'CondiscoTests' from project 'Condisco')
    cd /Users/spkoehl/Projects/VerbaLibera
    builtin-SwiftPerFileCompile EngineTests.swift

SwiftDriverJobDiscovery normal arm64 Compiling ListenModels.swift, ListenView.swift, ReviewModels.swift, ReviewView.swift, ReviewReminders.swift, FlashcardsView.swift, AnkiExport.swift, HandsFreeReview.swift, A11ySettings.swift (in target 'Condisco' from project 'Condisco')

SwiftCompile normal arm64 Compiling\ PackSpanishTests.swift /Users/spkoehl/Projects/VerbaLibera/Condisco/Tests/PackSpanishTests.swift (in target 'CondiscoTests' from project 'Condisco')

SwiftCompile normal arm64 /Users/spkoehl/Projects/VerbaLibera/Condisco/Tests/PackSpanishTests.swift (in target 'CondiscoTests' from project 'Condisco')
    cd /Users/spkoehl/Projects/VerbaLibera
    builtin-SwiftPerFileCompile PackSpanishTests.swift

SwiftDriverJobDiscovery normal arm64 Compiling InteractiveViews.swift, StimulusViews.swift, LessonPlayerView.swift, Welcome.swift, PlacementTest.swift, LessonCoachMarks.swift, VocabularyBrowser.swift, VoiceRecorder.swift, VoiceSettings.swift (in target 'Condisco' from project 'Condisco')

SwiftCompile normal arm64 Compiling\ StoreTests.swift,\ PackFrenchTests.swift /Users/spkoehl/Projects/VerbaLibera/Condisco/Tests/StoreTests.swift /Users/spkoehl/Projects/VerbaLibera/Condisco/Tests/PackFrenchTests.swift (in target 'CondiscoTests' from project 'Condisco')

SwiftCompile normal arm64 /Users/spkoehl/Projects/VerbaLibera/Condisco/Tests/StoreTests.swift (in target 'CondiscoTests' from project 'Condisco')
    cd /Users/spkoehl/Projects/VerbaLibera
    builtin-SwiftPerFileCompile StoreTests.swift

SwiftCompile normal arm64 /Users/spkoehl/Projects/VerbaLibera/Condisco/Tests/PackFrenchTests.swift (in target 'CondiscoTests' from project 'Condisco')
    cd /Users/spkoehl/Projects/VerbaLibera
    builtin-SwiftPerFileCompile PackFrenchTests.swift

SwiftDriverJobDiscovery normal arm64 Compiling PackItalianTests.swift (in target 'CondiscoTests' from project 'Condisco')

SwiftDriverJobDiscovery normal arm64 Compiling PackPortugueseTests.swift (in target 'CondiscoTests' from project 'Condisco')

SwiftDriverJobDiscovery normal arm64 Compiling PackGermanTests.swift (in target 'CondiscoTests' from project 'Condisco')

SwiftDriverJobDiscovery normal arm64 Compiling PlacementTests.swift, EngineTests.swift (in target 'CondiscoTests' from project 'Condisco')

SwiftDriverJobDiscovery normal arm64 Compiling PackSpanishTests.swift (in target 'CondiscoTests' from project 'Condisco')

SwiftDriverJobDiscovery normal arm64 Compiling CondiscoApp.swift, ContentView.swift, HomeView.swift, MonthView.swift, ProgressCard.swift, DesignTokens.swift, CoursePack.swift, Database.swift, Fsrs.swift, LearningEvents.swift (in target 'Condisco' from project 'Condisco')

SwiftDriver\ Compilation Condisco normal arm64 com.apple.xcode.tools.swift.compiler (in target 'Condisco' from project 'Condisco')
    cd /Users/spkoehl/Projects/VerbaLibera
    builtin-Swift-Compilation -- /Applications/Xcode.app/Contents/Developer/Toolchains/XcodeDefault.xctoolchain/usr/bin/swiftc -module-name Condisco -Onone @/var/folders/3w/91hphlzs0rv_1twbkfyhvn6m0000gn/T/condisco-preflight.UUZpei/DerivedData/Build/Intermediates.noindex/Condisco.build/Debug-iphonesimulator/Condisco.build/Objects-normal/arm64/Condisco.SwiftFileList -DDEBUG -enable-bare-slash-regex -enable-experimental-feature DebugDescriptionMacro -sdk /Applications/Xcode.app/Contents/Developer/Platforms/iPhoneSimulator.platform/Developer/SDKs/iPhoneSimulator27.0.sdk -target arm64-apple-ios17.0-simulator -g -module-cache-path /var/folders/3w/91hphlzs0rv_1twbkfyhvn6m0000gn/T/condisco-preflight.UUZpei/DerivedData/ModuleCache.noindex -Xfrontend -serialize-debugging-options -enable-testing -index-store-path /var/folders/3w/91hphlzs0rv_1twbkfyhvn6m0000gn/T/condisco-preflight.UUZpei/DerivedData/Index.noindex/DataStore -Xcc -D_LIBCPP_HARDENING_MODE\=_LIBCPP_HARDENING_MODE_DEBUG -swift-version 5 -I /var/folders/3w/91hphlzs0rv_1twbkfyhvn6m0000gn/T/condisco-preflight.UUZpei/DerivedData/Build/Products/Debug-iphonesimulator -F /var/folders/3w/91hphlzs0rv_1twbkfyhvn6m0000gn/T/condisco-preflight.UUZpei/DerivedData/Build/Products/Debug-iphonesimulator -emit-localized-strings -emit-localized-strings-path /var/folders/3w/91hphlzs0rv_1twbkfyhvn6m0000gn/T/condisco-preflight.UUZpei/DerivedData/Build/Intermediates.noindex/Condisco.build/Debug-iphonesimulator/Condisco.build/Objects-normal/arm64 -c -j6 -enable-batch-mode -incremental -Xcc -ivfsstatcache -Xcc /var/folders/3w/91hphlzs0rv_1twbkfyhvn6m0000gn/T/condisco-preflight.UUZpei/DerivedData/SDKStatCaches.noindex/iphonesimulator27.0-24A430-8dc58220667be655e1bcc261a7455254.sdkstatcache -output-file-map /var/folders/3w/91hphlzs0rv_1twbkfyhvn6m0000gn/T/condisco-preflight.UUZpei/DerivedData/Build/Intermediates.noindex/Condisco.build/Debug-iphonesimulator/Condisco.build/Objects-normal/arm64/Condisco-OutputFileMap.json -save-temps -no-color-diagnostics -explicit-module-build -module-cache-path /var/folders/3w/91hphlzs0rv_1twbkfyhvn6m0000gn/T/condisco-preflight.UUZpei/DerivedData/Build/Intermediates.noindex/SwiftExplicitPrecompiledModules -clang-scanner-module-cache-path /var/folders/3w/91hphlzs0rv_1twbkfyhvn6m0000gn/T/condisco-preflight.UUZpei/DerivedData/ModuleCache.noindex -sdk-module-cache-path /var/folders/3w/91hphlzs0rv_1twbkfyhvn6m0000gn/T/condisco-preflight.UUZpei/DerivedData/SDKExplicitPrecompiledModules -emit-dependencies -emit-module -emit-module-path /var/folders/3w/91hphlzs0rv_1twbkfyhvn6m0000gn/T/condisco-preflight.UUZpei/DerivedData/Build/Intermediates.noindex/Condisco.build/Debug-iphonesimulator/Condisco.build/Objects-normal/arm64/Condisco.swiftmodule -serialize-diagnostics -dependency-scan-serialize-diagnostics-path /var/folders/3w/91hphlzs0rv_1twbkfyhvn6m0000gn/T/condisco-preflight.UUZpei/DerivedData/Build/Intermediates.noindex/Condisco.build/Debug-iphonesimulator/Condisco.build/Objects-normal/arm64/Condisco-dependency-scan.dia -validate-clang-modules-once -clang-build-session-file /var/folders/3w/91hphlzs0rv_1twbkfyhvn6m0000gn/T/condisco-preflight.UUZpei/DerivedData/ModuleCache.noindex/Session.modulevalidation -Xcc -fmodules-prune-interval\=86400 -Xcc -fmodules-prune-after\=345600 -emit-const-values -const-gather-protocols-list /var/folders/3w/91hphlzs0rv_1twbkfyhvn6m0000gn/T/condisco-preflight.UUZpei/DerivedData/Build/Intermediates.noindex/Condisco.build/Debug-iphonesimulator/Condisco.build/Objects-normal/arm64/Condisco_const_extract_protocols.json -Xcc -iquote -Xcc /var/folders/3w/91hphlzs0rv_1twbkfyhvn6m0000gn/T/condisco-preflight.UUZpei/DerivedData/Build/Intermediates.noindex/Condisco.build/Debug-iphonesimulator/Condisco.build/Condisco-generated-files.hmap -Xcc -I/var/folders/3w/91hphlzs0rv_1twbkfyhvn6m0000gn/T/condisco-preflight.UUZpei/DerivedData/Build/Intermediates.noindex/Condisco.build/Debug-iphonesimulator/Condisco.build/Condisco-own-target-headers.hmap -Xcc -I/var/folders/3w/91hphlzs0rv_1twbkfyhvn6m0000gn/T/condisco-preflight.UUZpei/DerivedData/Build/Intermediates.noindex/Condisco.build/Debug-iphonesimulator/Condisco.build/Condisco-all-target-headers.hmap -Xcc -iquote -Xcc /var/folders/3w/91hphlzs0rv_1twbkfyhvn6m0000gn/T/condisco-preflight.UUZpei/DerivedData/Build/Intermediates.noindex/Condisco.build/Debug-iphonesimulator/Condisco.build/Condisco-project-headers.hmap -Xcc -I/var/folders/3w/91hphlzs0rv_1twbkfyhvn6m0000gn/T/condisco-preflight.UUZpei/DerivedData/Build/Products/Debug-iphonesimulator/include -Xcc -I/var/folders/3w/91hphlzs0rv_1twbkfyhvn6m0000gn/T/condisco-preflight.UUZpei/DerivedData/Build/Intermediates.noindex/Condisco.build/Debug-iphonesimulator/Condisco.build/DerivedSources-normal/arm64 -Xcc -I/var/folders/3w/91hphlzs0rv_1twbkfyhvn6m0000gn/T/condisco-preflight.UUZpei/DerivedData/Build/Intermediates.noindex/Condisco.build/Debug-iphonesimulator/Condisco.build/DerivedSources/arm64 -Xcc -I/var/folders/3w/91hphlzs0rv_1twbkfyhvn6m0000gn/T/condisco-preflight.UUZpei/DerivedData/Build/Intermediates.noindex/Condisco.build/Debug-iphonesimulator/Condisco.build/DerivedSources -Xcc -DDEBUG\=1 -Xcc -DDEBUG\=1 -emit-objc-header -emit-objc-header-path /var/folders/3w/91hphlzs0rv_1twbkfyhvn6m0000gn/T/condisco-preflight.UUZpei/DerivedData/Build/Intermediates.noindex/Condisco.build/Debug-iphonesimulator/Condisco.build/Objects-normal/arm64/Condisco-Swift.h -working-directory /Users/spkoehl/Projects/VerbaLibera -experimental-emit-module-separately -disable-cmo

Ld /var/folders/3w/91hphlzs0rv_1twbkfyhvn6m0000gn/T/condisco-preflight.UUZpei/DerivedData/Build/Products/Debug-iphonesimulator/Condisco.app/Condisco.debug.dylib normal (in target 'Condisco' from project 'Condisco')
    cd /Users/spkoehl/Projects/VerbaLibera
    /Applications/Xcode.app/Contents/Developer/Toolchains/XcodeDefault.xctoolchain/usr/bin/clang -Xlinker -reproducible -target arm64-apple-ios17.0-simulator -dynamiclib -isysroot /Applications/Xcode.app/Contents/Developer/Platforms/iPhoneSimulator.platform/Developer/SDKs/iPhoneSimulator27.0.sdk -O0 -Xlinker -no_warn_duplicate_libraries -L/var/folders/3w/91hphlzs0rv_1twbkfyhvn6m0000gn/T/condisco-preflight.UUZpei/DerivedData/Build/Intermediates.noindex/EagerLinkingTBDs/Debug-iphonesimulator -L/var/folders/3w/91hphlzs0rv_1twbkfyhvn6m0000gn/T/condisco-preflight.UUZpei/DerivedData/Build/Products/Debug-iphonesimulator -F/var/folders/3w/91hphlzs0rv_1twbkfyhvn6m0000gn/T/condisco-preflight.UUZpei/DerivedData/Build/Intermediates.noindex/EagerLinkingTBDs/Debug-iphonesimulator -F/var/folders/3w/91hphlzs0rv_1twbkfyhvn6m0000gn/T/condisco-preflight.UUZpei/DerivedData/Build/Products/Debug-iphonesimulator -filelist /var/folders/3w/91hphlzs0rv_1twbkfyhvn6m0000gn/T/condisco-preflight.UUZpei/DerivedData/Build/Intermediates.noindex/Condisco.build/Debug-iphonesimulator/Condisco.build/Objects-normal/arm64/Condisco.LinkFileList -install_name @rpath/Condisco.debug.dylib -Xlinker -rpath -Xlinker /usr/lib/swift -Xlinker -rpath -Xlinker @executable_path/Frameworks -Xlinker -dead_strip -Xlinker -object_path_lto -Xlinker /var/folders/3w/91hphlzs0rv_1twbkfyhvn6m0000gn/T/condisco-preflight.UUZpei/DerivedData/Build/Intermediates.noindex/Condisco.build/Debug-iphonesimulator/Condisco.build/Objects-normal/arm64/Condisco_lto.o -rdynamic -Xlinker -no_deduplicate -Xlinker -objc_abi_version -Xlinker 2 -Xlinker -dependency_info -Xlinker /var/folders/3w/91hphlzs0rv_1twbkfyhvn6m0000gn/T/condisco-preflight.UUZpei/DerivedData/Build/Intermediates.noindex/Condisco.build/Debug-iphonesimulator/Condisco.build/Objects-normal/arm64/Condisco_dependency_info.dat -fobjc-link-runtime -L/Applications/Xcode.app/Contents/Developer/Toolchains/XcodeDefault.xctoolchain/usr/lib/swift/iphonesimulator -L/usr/lib/swift -Xlinker -add_ast_path -Xlinker /var/folders/3w/91hphlzs0rv_1twbkfyhvn6m0000gn/T/condisco-preflight.UUZpei/DerivedData/Build/Intermediates.noindex/Condisco.build/Debug-iphonesimulator/Condisco.build/Objects-normal/arm64/Condisco.swiftmodule -Xlinker -alias -Xlinker _main -Xlinker ___debug_main_executable_dylib_entry_point -lsqlite3 -Xlinker -no_adhoc_codesign -o /var/folders/3w/91hphlzs0rv_1twbkfyhvn6m0000gn/T/condisco-preflight.UUZpei/DerivedData/Build/Products/Debug-iphonesimulator/Condisco.app/Condisco.debug.dylib

SwiftDriverJobDiscovery normal arm64 Compiling StoreTests.swift, PackFrenchTests.swift (in target 'CondiscoTests' from project 'Condisco')

SwiftDriver\ Compilation CondiscoTests normal arm64 com.apple.xcode.tools.swift.compiler (in target 'CondiscoTests' from project 'Condisco')
    cd /Users/spkoehl/Projects/VerbaLibera
    builtin-Swift-Compilation -- /Applications/Xcode.app/Contents/Developer/Toolchains/XcodeDefault.xctoolchain/usr/bin/swiftc -module-name CondiscoTests -Onone @/var/folders/3w/91hphlzs0rv_1twbkfyhvn6m0000gn/T/condisco-preflight.UUZpei/DerivedData/Build/Intermediates.noindex/Condisco.build/Debug-iphonesimulator/CondiscoTests.build/Objects-normal/arm64/CondiscoTests.SwiftFileList -DDEBUG -plugin-path /Applications/Xcode.app/Contents/Developer/Toolchains/XcodeDefault.xctoolchain/usr/lib/swift/host/plugins/testing -enable-bare-slash-regex -enable-experimental-feature DebugDescriptionMacro -sdk /Applications/Xcode.app/Contents/Developer/Platforms/iPhoneSimulator.platform/Developer/SDKs/iPhoneSimulator27.0.sdk -target arm64-apple-ios17.0-simulator -g -module-cache-path /var/folders/3w/91hphlzs0rv_1twbkfyhvn6m0000gn/T/condisco-preflight.UUZpei/DerivedData/ModuleCache.noindex -Xfrontend -serialize-debugging-options -enable-testing -index-store-path /var/folders/3w/91hphlzs0rv_1twbkfyhvn6m0000gn/T/condisco-preflight.UUZpei/DerivedData/Index.noindex/DataStore -Xcc -D_LIBCPP_HARDENING_MODE\=_LIBCPP_HARDENING_MODE_DEBUG -swift-version 5 -I /var/folders/3w/91hphlzs0rv_1twbkfyhvn6m0000gn/T/condisco-preflight.UUZpei/DerivedData/Build/Products/Debug-iphonesimulator -Isystem /Applications/Xcode.app/Contents/Developer/Platforms/iPhoneSimulator.platform/Developer/usr/lib -F /var/folders/3w/91hphlzs0rv_1twbkfyhvn6m0000gn/T/condisco-preflight.UUZpei/DerivedData/Build/Products/Debug-iphonesimulator -F /Applications/Xcode.app/Contents/Developer/Platforms/iPhoneSimulator.platform/Developer/Library/Frameworks -F /Applications/Xcode.app/Contents/Developer/Platforms/iPhoneSimulator.platform/Developer/SDKs/iPhoneSimulator27.0.sdk/Developer/Library/Frameworks -emit-localized-strings -emit-localized-strings-path /var/folders/3w/91hphlzs0rv_1twbkfyhvn6m0000gn/T/condisco-preflight.UUZpei/DerivedData/Build/Intermediates.noindex/Condisco.build/Debug-iphonesimulator/CondiscoTests.build/Objects-normal/arm64 -c -j6 -enable-batch-mode -incremental -Xcc -ivfsstatcache -Xcc /var/folders/3w/91hphlzs0rv_1twbkfyhvn6m0000gn/T/condisco-preflight.UUZpei/DerivedData/SDKStatCaches.noindex/iphonesimulator27.0-24A430-8dc58220667be655e1bcc261a7455254.sdkstatcache -output-file-map /var/folders/3w/91hphlzs0rv_1twbkfyhvn6m0000gn/T/condisco-preflight.UUZpei/DerivedData/Build/Intermediates.noindex/Condisco.build/Debug-iphonesimulator/CondiscoTests.build/Objects-normal/arm64/CondiscoTests-OutputFileMap.json -save-temps -no-color-diagnostics -explicit-module-build -module-cache-path /var/folders/3w/91hphlzs0rv_1twbkfyhvn6m0000gn/T/condisco-preflight.UUZpei/DerivedData/Build/Intermediates.noindex/SwiftExplicitPrecompiledModules -clang-scanner-module-cache-path /var/folders/3w/91hphlzs0rv_1twbkfyhvn6m0000gn/T/condisco-preflight.UUZpei/DerivedData/ModuleCache.noindex -sdk-module-cache-path /var/folders/3w/91hphlzs0rv_1twbkfyhvn6m0000gn/T/condisco-preflight.UUZpei/DerivedData/SDKExplicitPrecompiledModules -emit-dependencies -emit-module -emit-module-path /var/folders/3w/91hphlzs0rv_1twbkfyhvn6m0000gn/T/condisco-preflight.UUZpei/DerivedData/Build/Intermediates.noindex/Condisco.build/Debug-iphonesimulator/CondiscoTests.build/Objects-normal/arm64/CondiscoTests.swiftmodule -serialize-diagnostics -dependency-scan-serialize-diagnostics-path /var/folders/3w/91hphlzs0rv_1twbkfyhvn6m0000gn/T/condisco-preflight.UUZpei/DerivedData/Build/Intermediates.noindex/Condisco.build/Debug-iphonesimulator/CondiscoTests.build/Objects-normal/arm64/CondiscoTests-dependency-scan.dia -validate-clang-modules-once -clang-build-session-file /var/folders/3w/91hphlzs0rv_1twbkfyhvn6m0000gn/T/condisco-preflight.UUZpei/DerivedData/ModuleCache.noindex/Session.modulevalidation -Xcc -fmodules-prune-interval\=86400 -Xcc -fmodules-prune-after\=345600 -emit-const-values -const-gather-protocols-list /var/folders/3w/91hphlzs0rv_1twbkfyhvn6m0000gn/T/condisco-preflight.UUZpei/DerivedData/Build/Intermediates.noindex/Condisco.build/Debug-iphonesimulator/CondiscoTests.build/Objects-normal/arm64/CondiscoTests_const_extract_protocols.json -Xcc -iquote -Xcc /var/folders/3w/91hphlzs0rv_1twbkfyhvn6m0000gn/T/condisco-preflight.UUZpei/DerivedData/Build/Intermediates.noindex/Condisco.build/Debug-iphonesimulator/CondiscoTests.build/CondiscoTests-generated-files.hmap -Xcc -I/var/folders/3w/91hphlzs0rv_1twbkfyhvn6m0000gn/T/condisco-preflight.UUZpei/DerivedData/Build/Intermediates.noindex/Condisco.build/Debug-iphonesimulator/CondiscoTests.build/CondiscoTests-own-target-headers.hmap -Xcc -I/var/folders/3w/91hphlzs0rv_1twbkfyhvn6m0000gn/T/condisco-preflight.UUZpei/DerivedData/Build/Intermediates.noindex/Condisco.build/Debug-iphonesimulator/CondiscoTests.build/CondiscoTests-all-target-headers.hmap -Xcc -iquote -Xcc /var/folders/3w/91hphlzs0rv_1twbkfyhvn6m0000gn/T/condisco-preflight.UUZpei/DerivedData/Build/Intermediates.noindex/Condisco.build/Debug-iphonesimulator/CondiscoTests.build/CondiscoTests-project-headers.hmap -Xcc -I/var/folders/3w/91hphlzs0rv_1twbkfyhvn6m0000gn/T/condisco-preflight.UUZpei/DerivedData/Build/Products/Debug-iphonesimulator/include -Xcc -I/var/folders/3w/91hphlzs0rv_1twbkfyhvn6m0000gn/T/condisco-preflight.UUZpei/DerivedData/Build/Intermediates.noindex/Condisco.build/Debug-iphonesimulator/CondiscoTests.build/DerivedSources-normal/arm64 -Xcc -I/var/folders/3w/91hphlzs0rv_1twbkfyhvn6m0000gn/T/condisco-preflight.UUZpei/DerivedData/Build/Intermediates.noindex/Condisco.build/Debug-iphonesimulator/CondiscoTests.build/DerivedSources/arm64 -Xcc -I/var/folders/3w/91hphlzs0rv_1twbkfyhvn6m0000gn/T/condisco-preflight.UUZpei/DerivedData/Build/Intermediates.noindex/Condisco.build/Debug-iphonesimulator/CondiscoTests.build/DerivedSources -Xcc -DDEBUG\=1 -emit-objc-header -emit-objc-header-path /var/folders/3w/91hphlzs0rv_1twbkfyhvn6m0000gn/T/condisco-preflight.UUZpei/DerivedData/Build/Intermediates.noindex/Condisco.build/Debug-iphonesimulator/CondiscoTests.build/Objects-normal/arm64/CondiscoTests-Swift.h -working-directory /Users/spkoehl/Projects/VerbaLibera -experimental-emit-module-separately -disable-cmo

ConstructStubExecutorLinkFileList /var/folders/3w/91hphlzs0rv_1twbkfyhvn6m0000gn/T/condisco-preflight.UUZpei/DerivedData/Build/Intermediates.noindex/Condisco.build/Debug-iphonesimulator/Condisco.build/Condisco-ExecutorLinkFileList-normal-arm64.txt (in target 'Condisco' from project 'Condisco')
    cd /Users/spkoehl/Projects/VerbaLibera
    construct-stub-executor-link-file-list /var/folders/3w/91hphlzs0rv_1twbkfyhvn6m0000gn/T/condisco-preflight.UUZpei/DerivedData/Build/Products/Debug-iphonesimulator/Condisco.app/Condisco.debug.dylib /Applications/Xcode.app/Contents/Developer/Platforms/iPhoneSimulator.platform/Developer/usr/lib/libPreviewsJITStubExecutor_no_swift_entry_point.a /Applications/Xcode.app/Contents/Developer/Platforms/iPhoneSimulator.platform/Developer/usr/lib/libPreviewsJITStubExecutor.a --output /var/folders/3w/91hphlzs0rv_1twbkfyhvn6m0000gn/T/condisco-preflight.UUZpei/DerivedData/Build/Intermediates.noindex/Condisco.build/Debug-iphonesimulator/Condisco.build/Condisco-ExecutorLinkFileList-normal-arm64.txt
note: Using stub executor library with Swift entry point. (in target 'Condisco' from project 'Condisco')

Ld /var/folders/3w/91hphlzs0rv_1twbkfyhvn6m0000gn/T/condisco-preflight.UUZpei/DerivedData/Build/Products/Debug-iphonesimulator/Condisco.app/Condisco normal (in target 'Condisco' from project 'Condisco')
    cd /Users/spkoehl/Projects/VerbaLibera
    /Applications/Xcode.app/Contents/Developer/Toolchains/XcodeDefault.xctoolchain/usr/bin/clang -Xlinker -reproducible -target arm64-apple-ios17.0-simulator -isysroot /Applications/Xcode.app/Contents/Developer/Platforms/iPhoneSimulator.platform/Developer/SDKs/iPhoneSimulator27.0.sdk -O0 -Xlinker -no_warn_duplicate_libraries -L/var/folders/3w/91hphlzs0rv_1twbkfyhvn6m0000gn/T/condisco-preflight.UUZpei/DerivedData/Build/Products/Debug-iphonesimulator -F/var/folders/3w/91hphlzs0rv_1twbkfyhvn6m0000gn/T/condisco-preflight.UUZpei/DerivedData/Build/Products/Debug-iphonesimulator -Xlinker -rpath -Xlinker @executable_path -Xlinker -rpath -Xlinker @executable_path/Frameworks -rdynamic -Xlinker -no_deduplicate -Xlinker -objc_abi_version -Xlinker 2 -e ___debug_blank_executor_main -Xlinker -sectcreate -Xlinker __TEXT -Xlinker __debug_dylib -Xlinker /var/folders/3w/91hphlzs0rv_1twbkfyhvn6m0000gn/T/condisco-preflight.UUZpei/DerivedData/Build/Intermediates.noindex/Condisco.build/Debug-iphonesimulator/Condisco.build/Condisco-DebugDylibPath-normal-arm64.txt -Xlinker -sectcreate -Xlinker __TEXT -Xlinker __debug_instlnm -Xlinker /var/folders/3w/91hphlzs0rv_1twbkfyhvn6m0000gn/T/condisco-preflight.UUZpei/DerivedData/Build/Intermediates.noindex/Condisco.build/Debug-iphonesimulator/Condisco.build/Condisco-DebugDylibInstallName-normal-arm64.txt -Xlinker -filelist -Xlinker /var/folders/3w/91hphlzs0rv_1twbkfyhvn6m0000gn/T/condisco-preflight.UUZpei/DerivedData/Build/Intermediates.noindex/Condisco.build/Debug-iphonesimulator/Condisco.build/Condisco-ExecutorLinkFileList-normal-arm64.txt -Xlinker -sectcreate -Xlinker __TEXT -Xlinker __entitlements -Xlinker /var/folders/3w/91hphlzs0rv_1twbkfyhvn6m0000gn/T/condisco-preflight.UUZpei/DerivedData/Build/Intermediates.noindex/Condisco.build/Debug-iphonesimulator/Condisco.build/Condisco.app-Simulated.xcent -Xlinker -sectcreate -Xlinker __TEXT -Xlinker __ents_der -Xlinker /var/folders/3w/91hphlzs0rv_1twbkfyhvn6m0000gn/T/condisco-preflight.UUZpei/DerivedData/Build/Intermediates.noindex/Condisco.build/Debug-iphonesimulator/Condisco.build/Condisco.app-Simulated.xcent.der /var/folders/3w/91hphlzs0rv_1twbkfyhvn6m0000gn/T/condisco-preflight.UUZpei/DerivedData/Build/Products/Debug-iphonesimulator/Condisco.app/Condisco.debug.dylib -Xlinker -no_adhoc_codesign -o /var/folders/3w/91hphlzs0rv_1twbkfyhvn6m0000gn/T/condisco-preflight.UUZpei/DerivedData/Build/Products/Debug-iphonesimulator/Condisco.app/Condisco

Copy /var/folders/3w/91hphlzs0rv_1twbkfyhvn6m0000gn/T/condisco-preflight.UUZpei/DerivedData/Build/Products/Debug-iphonesimulator/Condisco.app/PlugIns/CondiscoWidget.appex /var/folders/3w/91hphlzs0rv_1twbkfyhvn6m0000gn/T/condisco-preflight.UUZpei/DerivedData/Build/Products/Debug-iphonesimulator/CondiscoWidget.appex (in target 'Condisco' from project 'Condisco')
    cd /Users/spkoehl/Projects/VerbaLibera
    builtin-copy -exclude .DS_Store -exclude CVS -exclude .svn -exclude .git -exclude .hg -resolve-src-symlinks -remove-static-executable /var/folders/3w/91hphlzs0rv_1twbkfyhvn6m0000gn/T/condisco-preflight.UUZpei/DerivedData/Build/Products/Debug-iphonesimulator/CondiscoWidget.appex /var/folders/3w/91hphlzs0rv_1twbkfyhvn6m0000gn/T/condisco-preflight.UUZpei/DerivedData/Build/Products/Debug-iphonesimulator/Condisco.app/PlugIns

ProcessInfoPlistFile /var/folders/3w/91hphlzs0rv_1twbkfyhvn6m0000gn/T/condisco-preflight.UUZpei/DerivedData/Build/Products/Debug-iphonesimulator/Condisco.app/Info.plist /Users/spkoehl/Projects/VerbaLibera/Condisco/Info.plist (in target 'Condisco' from project 'Condisco')
    cd /Users/spkoehl/Projects/VerbaLibera
    builtin-infoPlistUtility /Users/spkoehl/Projects/VerbaLibera/Condisco/Info.plist -producttype com.apple.product-type.application -genpkginfo /var/folders/3w/91hphlzs0rv_1twbkfyhvn6m0000gn/T/condisco-preflight.UUZpei/DerivedData/Build/Products/Debug-iphonesimulator/Condisco.app/PkgInfo -expandbuildsettings -format binary -platform iphonesimulator -additionalcontentfile /var/folders/3w/91hphlzs0rv_1twbkfyhvn6m0000gn/T/condisco-preflight.UUZpei/DerivedData/Build/Intermediates.noindex/Condisco.build/Debug-iphonesimulator/Condisco.build/assetcatalog_generated_info.plist -scanforprivacyfile /var/folders/3w/91hphlzs0rv_1twbkfyhvn6m0000gn/T/condisco-preflight.UUZpei/DerivedData/Build/Products/Debug-iphonesimulator/Condisco.app/PlugIns/CondiscoWidget.appex -o /var/folders/3w/91hphlzs0rv_1twbkfyhvn6m0000gn/T/condisco-preflight.UUZpei/DerivedData/Build/Products/Debug-iphonesimulator/Condisco.app/Info.plist

CopySwiftLibs /var/folders/3w/91hphlzs0rv_1twbkfyhvn6m0000gn/T/condisco-preflight.UUZpei/DerivedData/Build/Products/Debug-iphonesimulator/Condisco.app (in target 'Condisco' from project 'Condisco')
    cd /Users/spkoehl/Projects/VerbaLibera
    builtin-swiftStdLibTool --copy --verbose --sign - --scan-executable /var/folders/3w/91hphlzs0rv_1twbkfyhvn6m0000gn/T/condisco-preflight.UUZpei/DerivedData/Build/Products/Debug-iphonesimulator/Condisco.app/Condisco.debug.dylib --scan-folder /var/folders/3w/91hphlzs0rv_1twbkfyhvn6m0000gn/T/condisco-preflight.UUZpei/DerivedData/Build/Products/Debug-iphonesimulator/Condisco.app/Frameworks --scan-folder /var/folders/3w/91hphlzs0rv_1twbkfyhvn6m0000gn/T/condisco-preflight.UUZpei/DerivedData/Build/Products/Debug-iphonesimulator/Condisco.app/PlugIns --scan-folder /var/folders/3w/91hphlzs0rv_1twbkfyhvn6m0000gn/T/condisco-preflight.UUZpei/DerivedData/Build/Products/Debug-iphonesimulator/Condisco.app/SystemExtensions --scan-folder /var/folders/3w/91hphlzs0rv_1twbkfyhvn6m0000gn/T/condisco-preflight.UUZpei/DerivedData/Build/Products/Debug-iphonesimulator/Condisco.app/Extensions --platform iphonesimulator --toolchain /Applications/Xcode.app/Contents/Developer/Toolchains/XcodeDefault.xctoolchain --destination /var/folders/3w/91hphlzs0rv_1twbkfyhvn6m0000gn/T/condisco-preflight.UUZpei/DerivedData/Build/Products/Debug-iphonesimulator/Condisco.app/Frameworks --strip-bitcode --strip-bitcode-tool /Applications/Xcode.app/Contents/Developer/Toolchains/XcodeDefault.xctoolchain/usr/bin/bitcode_strip --emit-dependency-info /var/folders/3w/91hphlzs0rv_1twbkfyhvn6m0000gn/T/condisco-preflight.UUZpei/DerivedData/Build/Intermediates.noindex/Condisco.build/Debug-iphonesimulator/Condisco.build/SwiftStdLibToolInputDependencies.dep --filter-for-swift-os

ExtractAppIntentsMetadata (in target 'Condisco' from project 'Condisco')
    cd /Users/spkoehl/Projects/VerbaLibera
    /Applications/Xcode.app/Contents/Developer/Toolchains/XcodeDefault.xctoolchain/usr/bin/appintentsmetadataprocessor --toolchain-dir /Applications/Xcode.app/Contents/Developer/Toolchains/XcodeDefault.xctoolchain --module-name Condisco --sdk-root /Applications/Xcode.app/Contents/Developer/Platforms/iPhoneSimulator.platform/Developer/SDKs/iPhoneSimulator27.0.sdk --xcode-version 27A266a --platform-family iOS --deployment-target 17.0 --bundle-identifier com.sleuthysloth.condisco --output /var/folders/3w/91hphlzs0rv_1twbkfyhvn6m0000gn/T/condisco-preflight.UUZpei/DerivedData/Build/Products/Debug-iphonesimulator/Condisco.app --target-triple arm64-apple-ios17.0-simulator --binary-file /var/folders/3w/91hphlzs0rv_1twbkfyhvn6m0000gn/T/condisco-preflight.UUZpei/DerivedData/Build/Products/Debug-iphonesimulator/Condisco.app/Condisco --dependency-file /var/folders/3w/91hphlzs0rv_1twbkfyhvn6m0000gn/T/condisco-preflight.UUZpei/DerivedData/Build/Intermediates.noindex/Condisco.build/Debug-iphonesimulator/Condisco.build/Objects-normal/arm64/Condisco_dependency_info.dat --stringsdata-file /var/folders/3w/91hphlzs0rv_1twbkfyhvn6m0000gn/T/condisco-preflight.UUZpei/DerivedData/Build/Intermediates.noindex/Condisco.build/Debug-iphonesimulator/Condisco.build/Objects-normal/arm64/ExtractedAppShortcutsMetadata.stringsdata --source-file-list /var/folders/3w/91hphlzs0rv_1twbkfyhvn6m0000gn/T/condisco-preflight.UUZpei/DerivedData/Build/Intermediates.noindex/Condisco.build/Debug-iphonesimulator/Condisco.build/Objects-normal/arm64/Condisco.SwiftFileList --metadata-file-list /var/folders/3w/91hphlzs0rv_1twbkfyhvn6m0000gn/T/condisco-preflight.UUZpei/DerivedData/Build/Intermediates.noindex/Condisco.build/Debug-iphonesimulator/Condisco.build/Condisco.DependencyMetadataFileList --static-metadata-file-list /var/folders/3w/91hphlzs0rv_1twbkfyhvn6m0000gn/T/condisco-preflight.UUZpei/DerivedData/Build/Intermediates.noindex/Condisco.build/Debug-iphonesimulator/Condisco.build/Condisco.DependencyStaticMetadataFileList --swift-const-vals-list /var/folders/3w/91hphlzs0rv_1twbkfyhvn6m0000gn/T/condisco-preflight.UUZpei/DerivedData/Build/Intermediates.noindex/Condisco.build/Debug-iphonesimulator/Condisco.build/Objects-normal/arm64/Condisco.SwiftConstValuesFileList --compile-time-extraction --deployment-aware-processing --no-app-shortcuts-localization
2026-09-26 08:29:26.029 appintentsmetadataprocessor[6230:30575] Starting appintentsmetadataprocessor export
2026-09-26 08:29:26.137 appintentsmetadataprocessor[6230:30575] Writing Metadata.appintents
2026-09-26 08:29:26.137 appintentsmetadataprocessor[6230:30575] Metadata root: /var/folders/3w/91hphlzs0rv_1twbkfyhvn6m0000gn/T/condisco-preflight.UUZpei/DerivedData/Build/Products/Debug-iphonesimulator/Condisco.app/Metadata.appintents

AppIntentsSSUTraining (in target 'Condisco' from project 'Condisco')
    cd /Users/spkoehl/Projects/VerbaLibera
    /Applications/Xcode.app/Contents/Developer/Toolchains/XcodeDefault.xctoolchain/usr/bin/appintentsnltrainingprocessor --infoplist-path /var/folders/3w/91hphlzs0rv_1twbkfyhvn6m0000gn/T/condisco-preflight.UUZpei/DerivedData/Build/Products/Debug-iphonesimulator/Condisco.app/Info.plist --temp-dir-path /var/folders/3w/91hphlzs0rv_1twbkfyhvn6m0000gn/T/condisco-preflight.UUZpei/DerivedData/Build/Intermediates.noindex/Condisco.build/Debug-iphonesimulator/Condisco.build/ssu --bundle-id com.sleuthysloth.condisco --product-path /var/folders/3w/91hphlzs0rv_1twbkfyhvn6m0000gn/T/condisco-preflight.UUZpei/DerivedData/Build/Products/Debug-iphonesimulator/Condisco.app --extracted-metadata-path /var/folders/3w/91hphlzs0rv_1twbkfyhvn6m0000gn/T/condisco-preflight.UUZpei/DerivedData/Build/Products/Debug-iphonesimulator/Condisco.app/Metadata.appintents --metadata-file-list /var/folders/3w/91hphlzs0rv_1twbkfyhvn6m0000gn/T/condisco-preflight.UUZpei/DerivedData/Build/Intermediates.noindex/Condisco.build/Debug-iphonesimulator/Condisco.build/Condisco.DependencyMetadataFileList --source-file /var/folders/3w/91hphlzs0rv_1twbkfyhvn6m0000gn/T/condisco-preflight.UUZpei/DerivedData/Build/Products/Debug-iphonesimulator/Condisco.app/Info.plist --archive-ssu-assets
2026-09-26 08:29:26.187 appintentsnltrainingprocessor[6231:30582] Parsing options for appintentsnltrainingprocessor
2026-09-26 08:29:26.187 appintentsnltrainingprocessor[6231:30582] Starting AppIntents SSU YAML Generation
2026-09-26 08:29:26.202 appintentsnltrainingprocessor[6231:30582] Training 'Continue learning in ${+applicationName}|Continue my lesson in ${+applicationName}|Resume learning in ${+applicationName}' for en
2026-09-26 08:29:26.202 appintentsnltrainingprocessor[6231:30582] Training 'Start a lesson in ${+applicationName}|Open a lesson in ${+applicationName}|Start learning in ${+applicationName}' for en
2026-09-26 08:29:26.202 appintentsnltrainingprocessor[6231:30582] Training 'Start my review in ${+applicationName}|Review my phrases in ${+applicationName}|Start reviewing in ${+applicationName}' for en
2026-09-26 08:29:26.202 appintentsnltrainingprocessor[6231:30582] Training Negative Phrases '' for en
2026-09-26 08:29:26.202 appintentsnltrainingprocessor[6231:30582] Application name 'Condisco' for en
2026-09-26 08:29:26.211 appintentsnltrainingprocessor[6231:30582] Generated AppIntents SSU YAML files in file:///var/folders/3w/91hphlzs0rv_1twbkfyhvn6m0000gn/T/condisco-preflight.UUZpei/DerivedData/Build/Intermediates.noindex/Condisco.build/Debug-iphonesimulator/Condisco.build/ssu/
2026-09-26 08:29:26.211 appintentsnltrainingprocessor[6231:30582] Copied AppIntents SSU YAML files to file:///var/folders/3w/91hphlzs0rv_1twbkfyhvn6m0000gn/T/condisco-preflight.UUZpei/DerivedData/Build/Products/Debug-iphonesimulator/Condisco.app/Metadata.appintents/
Archiving all locales.
[------------------------------------------------------------] 0% archiving en[🁢🁢🁢🁢🁢🁢🁢🁢🁢🁢🁢🁢🁢🁢🁢🁢🁢🁢🁢🁢🁢🁢🁢🁢🁢🁢🁢🁢🁢🁢🁢🁢🁢🁢🁢🁢🁢🁢🁢🁢🁢🁢🁢🁢🁢🁢🁢🁢🁢🁢🁢🁢🁢🁢🁢🁢🁢🁢🁢🁢] 100% archived en[🁢🁢🁢🁢🁢🁢🁢🁢🁢🁢🁢🁢🁢🁢🁢🁢🁢🁢🁢🁢🁢🁢🁢🁢🁢🁢🁢🁢🁢🁢🁢🁢🁢🁢🁢🁢🁢🁢🁢🁢🁢🁢🁢🁢🁢🁢🁢🁢🁢🁢🁢🁢🁢🁢🁢🁢🁢🁢🁢🁢] 100% archived 1 locales/var/folders/3w/91hphlzs0rv_1twbkfyhvn6m0000gn/T/condisco-preflight.UUZpei/DerivedData/Build/Products/Debug-iphonesimulator/Condisco.app/Metadata.appintents/nlu
/var/folders/3w/91hphlzs0rv_1twbkfyhvn6m0000gn/T/condisco-preflight.UUZpei/DerivedData/Build/Products/Debug-iphonesimulator/Condisco.app/Metadata.appintents/nlu/0231e242df2d62371a26fd64e4095339.version


ProcessInfoPlistFile /var/folders/3w/91hphlzs0rv_1twbkfyhvn6m0000gn/T/condisco-preflight.UUZpei/DerivedData/Build/Products/Debug-iphonesimulator/Condisco.app/PlugIns/CondiscoTests.xctest/Info.plist /var/folders/3w/91hphlzs0rv_1twbkfyhvn6m0000gn/T/condisco-preflight.UUZpei/DerivedData/Build/Intermediates.noindex/Condisco.build/Debug-iphonesimulator/CondiscoTests.build/empty-CondiscoTests.plist (in target 'CondiscoTests' from project 'Condisco')
    cd /Users/spkoehl/Projects/VerbaLibera
    builtin-infoPlistUtility /var/folders/3w/91hphlzs0rv_1twbkfyhvn6m0000gn/T/condisco-preflight.UUZpei/DerivedData/Build/Intermediates.noindex/Condisco.build/Debug-iphonesimulator/CondiscoTests.build/empty-CondiscoTests.plist -producttype com.apple.product-type.bundle.unit-test -expandbuildsettings -format binary -platform iphonesimulator -o /var/folders/3w/91hphlzs0rv_1twbkfyhvn6m0000gn/T/condisco-preflight.UUZpei/DerivedData/Build/Products/Debug-iphonesimulator/Condisco.app/PlugIns/CondiscoTests.xctest/Info.plist

Ld /var/folders/3w/91hphlzs0rv_1twbkfyhvn6m0000gn/T/condisco-preflight.UUZpei/DerivedData/Build/Products/Debug-iphonesimulator/Condisco.app/PlugIns/CondiscoTests.xctest/CondiscoTests normal (in target 'CondiscoTests' from project 'Condisco')
    cd /Users/spkoehl/Projects/VerbaLibera
    /Applications/Xcode.app/Contents/Developer/Toolchains/XcodeDefault.xctoolchain/usr/bin/clang -Xlinker -reproducible -target arm64-apple-ios17.0-simulator -bundle -isysroot /Applications/Xcode.app/Contents/Developer/Platforms/iPhoneSimulator.platform/Developer/SDKs/iPhoneSimulator27.0.sdk -O0 -Xlinker -no_warn_duplicate_libraries -L/var/folders/3w/91hphlzs0rv_1twbkfyhvn6m0000gn/T/condisco-preflight.UUZpei/DerivedData/Build/Intermediates.noindex/EagerLinkingTBDs/Debug-iphonesimulator -L/var/folders/3w/91hphlzs0rv_1twbkfyhvn6m0000gn/T/condisco-preflight.UUZpei/DerivedData/Build/Products/Debug-iphonesimulator -L/Applications/Xcode.app/Contents/Developer/Platforms/iPhoneSimulator.platform/Developer/usr/lib -F/var/folders/3w/91hphlzs0rv_1twbkfyhvn6m0000gn/T/condisco-preflight.UUZpei/DerivedData/Build/Intermediates.noindex/EagerLinkingTBDs/Debug-iphonesimulator -F/var/folders/3w/91hphlzs0rv_1twbkfyhvn6m0000gn/T/condisco-preflight.UUZpei/DerivedData/Build/Products/Debug-iphonesimulator -iframework /Applications/Xcode.app/Contents/Developer/Platforms/iPhoneSimulator.platform/Developer/Library/Frameworks -iframework /Applications/Xcode.app/Contents/Developer/Platforms/iPhoneSimulator.platform/Developer/SDKs/iPhoneSimulator27.0.sdk/Developer/Library/Frameworks -filelist /var/folders/3w/91hphlzs0rv_1twbkfyhvn6m0000gn/T/condisco-preflight.UUZpei/DerivedData/Build/Intermediates.noindex/Condisco.build/Debug-iphonesimulator/CondiscoTests.build/Objects-normal/arm64/CondiscoTests.LinkFileList -Xlinker -rpath -Xlinker /usr/lib/swift -Xlinker -rpath -Xlinker @loader_path/Frameworks -Xlinker -rpath -Xlinker @executable_path/Frameworks -Xlinker -dead_strip -bundle_loader /var/folders/3w/91hphlzs0rv_1twbkfyhvn6m0000gn/T/condisco-preflight.UUZpei/DerivedData/Build/Products/Debug-iphonesimulator/Condisco.app/Condisco -Xlinker -object_path_lto -Xlinker /var/folders/3w/91hphlzs0rv_1twbkfyhvn6m0000gn/T/condisco-preflight.UUZpei/DerivedData/Build/Intermediates.noindex/Condisco.build/Debug-iphonesimulator/CondiscoTests.build/Objects-normal/arm64/CondiscoTests_lto.o -rdynamic -Xlinker -no_deduplicate -Xlinker -objc_abi_version -Xlinker 2 -Xlinker -dependency_info -Xlinker /var/folders/3w/91hphlzs0rv_1twbkfyhvn6m0000gn/T/condisco-preflight.UUZpei/DerivedData/Build/Intermediates.noindex/Condisco.build/Debug-iphonesimulator/CondiscoTests.build/Objects-normal/arm64/CondiscoTests_dependency_info.dat -fobjc-link-runtime -L/Applications/Xcode.app/Contents/Developer/Toolchains/XcodeDefault.xctoolchain/usr/lib/swift/iphonesimulator -L/usr/lib/swift -Xlinker -add_ast_path -Xlinker /var/folders/3w/91hphlzs0rv_1twbkfyhvn6m0000gn/T/condisco-preflight.UUZpei/DerivedData/Build/Intermediates.noindex/Condisco.build/Debug-iphonesimulator/CondiscoTests.build/Objects-normal/arm64/CondiscoTests.swiftmodule -Xlinker -needed_framework -Xlinker XCTest -framework XCTest -Xlinker -needed-lXCTestSwiftSupport -lXCTestSwiftSupport /var/folders/3w/91hphlzs0rv_1twbkfyhvn6m0000gn/T/condisco-preflight.UUZpei/DerivedData/Build/Products/Debug-iphonesimulator/Condisco.app/Condisco.debug.dylib -Xlinker -no_adhoc_codesign -o /var/folders/3w/91hphlzs0rv_1twbkfyhvn6m0000gn/T/condisco-preflight.UUZpei/DerivedData/Build/Products/Debug-iphonesimulator/Condisco.app/PlugIns/CondiscoTests.xctest/CondiscoTests

CopySwiftLibs /var/folders/3w/91hphlzs0rv_1twbkfyhvn6m0000gn/T/condisco-preflight.UUZpei/DerivedData/Build/Products/Debug-iphonesimulator/Condisco.app/PlugIns/CondiscoTests.xctest (in target 'CondiscoTests' from project 'Condisco')
    cd /Users/spkoehl/Projects/VerbaLibera
    builtin-swiftStdLibTool --copy --verbose --sign - --scan-executable /var/folders/3w/91hphlzs0rv_1twbkfyhvn6m0000gn/T/condisco-preflight.UUZpei/DerivedData/Build/Products/Debug-iphonesimulator/Condisco.app/PlugIns/CondiscoTests.xctest/CondiscoTests --scan-folder /var/folders/3w/91hphlzs0rv_1twbkfyhvn6m0000gn/T/condisco-preflight.UUZpei/DerivedData/Build/Products/Debug-iphonesimulator/Condisco.app/PlugIns/CondiscoTests.xctest/Frameworks --scan-folder /var/folders/3w/91hphlzs0rv_1twbkfyhvn6m0000gn/T/condisco-preflight.UUZpei/DerivedData/Build/Products/Debug-iphonesimulator/Condisco.app/PlugIns/CondiscoTests.xctest/PlugIns --scan-folder /var/folders/3w/91hphlzs0rv_1twbkfyhvn6m0000gn/T/condisco-preflight.UUZpei/DerivedData/Build/Products/Debug-iphonesimulator/Condisco.app/PlugIns/CondiscoTests.xctest/SystemExtensions --scan-folder /var/folders/3w/91hphlzs0rv_1twbkfyhvn6m0000gn/T/condisco-preflight.UUZpei/DerivedData/Build/Products/Debug-iphonesimulator/Condisco.app/PlugIns/CondiscoTests.xctest/Extensions --platform iphonesimulator --toolchain /Applications/Xcode.app/Contents/Developer/Toolchains/XcodeDefault.xctoolchain --destination /var/folders/3w/91hphlzs0rv_1twbkfyhvn6m0000gn/T/condisco-preflight.UUZpei/DerivedData/Build/Products/Debug-iphonesimulator/Condisco.app/PlugIns/CondiscoTests.xctest/Frameworks --strip-bitcode --scan-executable /Applications/Xcode.app/Contents/Developer/Platforms/iPhoneSimulator.platform/Developer/usr/lib/libXCTestSwiftSupport.dylib --strip-bitcode-tool /Applications/Xcode.app/Contents/Developer/Toolchains/XcodeDefault.xctoolchain/usr/bin/bitcode_strip --emit-dependency-info /var/folders/3w/91hphlzs0rv_1twbkfyhvn6m0000gn/T/condisco-preflight.UUZpei/DerivedData/Build/Intermediates.noindex/Condisco.build/Debug-iphonesimulator/CondiscoTests.build/SwiftStdLibToolInputDependencies.dep --filter-for-swift-os

ExtractAppIntentsMetadata (in target 'CondiscoTests' from project 'Condisco')
    cd /Users/spkoehl/Projects/VerbaLibera
    /Applications/Xcode.app/Contents/Developer/Toolchains/XcodeDefault.xctoolchain/usr/bin/appintentsmetadataprocessor --toolchain-dir /Applications/Xcode.app/Contents/Developer/Toolchains/XcodeDefault.xctoolchain --module-name CondiscoTests --sdk-root /Applications/Xcode.app/Contents/Developer/Platforms/iPhoneSimulator.platform/Developer/SDKs/iPhoneSimulator27.0.sdk --xcode-version 27A266a --platform-family iOS --deployment-target 17.0 --bundle-identifier com.sleuthysloth.condisco.Tests --output /var/folders/3w/91hphlzs0rv_1twbkfyhvn6m0000gn/T/condisco-preflight.UUZpei/DerivedData/Build/Products/Debug-iphonesimulator/Condisco.app/PlugIns/CondiscoTests.xctest --target-triple arm64-apple-ios17.0-simulator --binary-file /var/folders/3w/91hphlzs0rv_1twbkfyhvn6m0000gn/T/condisco-preflight.UUZpei/DerivedData/Build/Products/Debug-iphonesimulator/Condisco.app/PlugIns/CondiscoTests.xctest/CondiscoTests --dependency-file /var/folders/3w/91hphlzs0rv_1twbkfyhvn6m0000gn/T/condisco-preflight.UUZpei/DerivedData/Build/Intermediates.noindex/Condisco.build/Debug-iphonesimulator/CondiscoTests.build/Objects-normal/arm64/CondiscoTests_dependency_info.dat --stringsdata-file /var/folders/3w/91hphlzs0rv_1twbkfyhvn6m0000gn/T/condisco-preflight.UUZpei/DerivedData/Build/Intermediates.noindex/Condisco.build/Debug-iphonesimulator/CondiscoTests.build/Objects-normal/arm64/ExtractedAppShortcutsMetadata.stringsdata --source-file-list /var/folders/3w/91hphlzs0rv_1twbkfyhvn6m0000gn/T/condisco-preflight.UUZpei/DerivedData/Build/Intermediates.noindex/Condisco.build/Debug-iphonesimulator/CondiscoTests.build/Objects-normal/arm64/CondiscoTests.SwiftFileList --metadata-file-list /var/folders/3w/91hphlzs0rv_1twbkfyhvn6m0000gn/T/condisco-preflight.UUZpei/DerivedData/Build/Intermediates.noindex/Condisco.build/Debug-iphonesimulator/CondiscoTests.build/CondiscoTests.DependencyMetadataFileList --static-metadata-file-list /var/folders/3w/91hphlzs0rv_1twbkfyhvn6m0000gn/T/condisco-preflight.UUZpei/DerivedData/Build/Intermediates.noindex/Condisco.build/Debug-iphonesimulator/CondiscoTests.build/CondiscoTests.DependencyStaticMetadataFileList --swift-const-vals-list /var/folders/3w/91hphlzs0rv_1twbkfyhvn6m0000gn/T/condisco-preflight.UUZpei/DerivedData/Build/Intermediates.noindex/Condisco.build/Debug-iphonesimulator/CondiscoTests.build/Objects-normal/arm64/CondiscoTests.SwiftConstValuesFileList --compile-time-extraction --deployment-aware-processing --no-app-shortcuts-localization
2026-09-26 08:29:28.334 appintentsmetadataprocessor[6238:30649] Starting appintentsmetadataprocessor export
2026-09-26 08:29:28.386 appintentsmetadataprocessor[6238:30649] Extracted no relevant App Intents symbols, skipping writing output

AppIntentsSSUTraining (in target 'CondiscoTests' from project 'Condisco')
    cd /Users/spkoehl/Projects/VerbaLibera
    /Applications/Xcode.app/Contents/Developer/Toolchains/XcodeDefault.xctoolchain/usr/bin/appintentsnltrainingprocessor --infoplist-path /var/folders/3w/91hphlzs0rv_1twbkfyhvn6m0000gn/T/condisco-preflight.UUZpei/DerivedData/Build/Products/Debug-iphonesimulator/Condisco.app/PlugIns/CondiscoTests.xctest/Info.plist --temp-dir-path /var/folders/3w/91hphlzs0rv_1twbkfyhvn6m0000gn/T/condisco-preflight.UUZpei/DerivedData/Build/Intermediates.noindex/Condisco.build/Debug-iphonesimulator/CondiscoTests.build/ssu --bundle-id com.sleuthysloth.condisco.Tests --product-path /var/folders/3w/91hphlzs0rv_1twbkfyhvn6m0000gn/T/condisco-preflight.UUZpei/DerivedData/Build/Products/Debug-iphonesimulator/Condisco.app/PlugIns/CondiscoTests.xctest --extracted-metadata-path /var/folders/3w/91hphlzs0rv_1twbkfyhvn6m0000gn/T/condisco-preflight.UUZpei/DerivedData/Build/Products/Debug-iphonesimulator/Condisco.app/PlugIns/CondiscoTests.xctest/Metadata.appintents --metadata-file-list /var/folders/3w/91hphlzs0rv_1twbkfyhvn6m0000gn/T/condisco-preflight.UUZpei/DerivedData/Build/Intermediates.noindex/Condisco.build/Debug-iphonesimulator/CondiscoTests.build/CondiscoTests.DependencyMetadataFileList --source-file /var/folders/3w/91hphlzs0rv_1twbkfyhvn6m0000gn/T/condisco-preflight.UUZpei/DerivedData/Build/Products/Debug-iphonesimulator/Condisco.app/PlugIns/CondiscoTests.xctest/Info.plist --archive-ssu-assets
2026-09-26 08:29:28.414 appintentsnltrainingprocessor[6239:30654] Parsing options for appintentsnltrainingprocessor
2026-09-26 08:29:28.415 appintentsnltrainingprocessor[6239:30654] Starting AppIntents SSU YAML Generation
2026-09-26 08:29:28.415 appintentsnltrainingprocessor[6239:30654] No AppShortcuts found - Skipping.

CodeSign /var/folders/3w/91hphlzs0rv_1twbkfyhvn6m0000gn/T/condisco-preflight.UUZpei/DerivedData/Build/Products/Debug-iphonesimulator/Condisco.app/PlugIns/CondiscoTests.xctest (in target 'CondiscoTests' from project 'Condisco')
    cd /Users/spkoehl/Projects/VerbaLibera
    
    Signing Identity:     "Sign to Run Locally"
    
    /usr/bin/codesign --force --sign - --timestamp\=none --generate-entitlement-der /var/folders/3w/91hphlzs0rv_1twbkfyhvn6m0000gn/T/condisco-preflight.UUZpei/DerivedData/Build/Products/Debug-iphonesimulator/Condisco.app/PlugIns/CondiscoTests.xctest

RegisterExecutionPolicyException /var/folders/3w/91hphlzs0rv_1twbkfyhvn6m0000gn/T/condisco-preflight.UUZpei/DerivedData/Build/Products/Debug-iphonesimulator/Condisco.app/PlugIns/CondiscoTests.xctest (in target 'CondiscoTests' from project 'Condisco')
    cd /Users/spkoehl/Projects/VerbaLibera
    builtin-RegisterExecutionPolicyException /var/folders/3w/91hphlzs0rv_1twbkfyhvn6m0000gn/T/condisco-preflight.UUZpei/DerivedData/Build/Products/Debug-iphonesimulator/Condisco.app/PlugIns/CondiscoTests.xctest

Touch /var/folders/3w/91hphlzs0rv_1twbkfyhvn6m0000gn/T/condisco-preflight.UUZpei/DerivedData/Build/Products/Debug-iphonesimulator/Condisco.app/PlugIns/CondiscoTests.xctest (in target 'CondiscoTests' from project 'Condisco')
    cd /Users/spkoehl/Projects/VerbaLibera
    /usr/bin/touch -c /var/folders/3w/91hphlzs0rv_1twbkfyhvn6m0000gn/T/condisco-preflight.UUZpei/DerivedData/Build/Products/Debug-iphonesimulator/Condisco.app/PlugIns/CondiscoTests.xctest

CodeSign /var/folders/3w/91hphlzs0rv_1twbkfyhvn6m0000gn/T/condisco-preflight.UUZpei/DerivedData/Build/Products/Debug-iphonesimulator/Condisco.app/Condisco.debug.dylib (in target 'Condisco' from project 'Condisco')
    cd /Users/spkoehl/Projects/VerbaLibera
    
    Signing Identity:     "Sign to Run Locally"
    
    /usr/bin/codesign --force --sign - --timestamp\=none --generate-entitlement-der /var/folders/3w/91hphlzs0rv_1twbkfyhvn6m0000gn/T/condisco-preflight.UUZpei/DerivedData/Build/Products/Debug-iphonesimulator/Condisco.app/Condisco.debug.dylib

CodeSign /var/folders/3w/91hphlzs0rv_1twbkfyhvn6m0000gn/T/condisco-preflight.UUZpei/DerivedData/Build/Products/Debug-iphonesimulator/Condisco.app/__preview.dylib (in target 'Condisco' from project 'Condisco')
    cd /Users/spkoehl/Projects/VerbaLibera
    
    Signing Identity:     "Sign to Run Locally"
    
    /usr/bin/codesign --force --sign - --timestamp\=none --generate-entitlement-der /var/folders/3w/91hphlzs0rv_1twbkfyhvn6m0000gn/T/condisco-preflight.UUZpei/DerivedData/Build/Products/Debug-iphonesimulator/Condisco.app/__preview.dylib

CodeSign /var/folders/3w/91hphlzs0rv_1twbkfyhvn6m0000gn/T/condisco-preflight.UUZpei/DerivedData/Build/Products/Debug-iphonesimulator/Condisco.app (in target 'Condisco' from project 'Condisco')
    cd /Users/spkoehl/Projects/VerbaLibera
    
    Signing Identity:     "Sign to Run Locally"
    
    /usr/bin/codesign --force --sign - --entitlements /var/folders/3w/91hphlzs0rv_1twbkfyhvn6m0000gn/T/condisco-preflight.UUZpei/DerivedData/Build/Intermediates.noindex/Condisco.build/Debug-iphonesimulator/Condisco.build/Condisco.app.xcent --timestamp\=none --generate-entitlement-der /var/folders/3w/91hphlzs0rv_1twbkfyhvn6m0000gn/T/condisco-preflight.UUZpei/DerivedData/Build/Products/Debug-iphonesimulator/Condisco.app

ValidateEmbeddedBinary /var/folders/3w/91hphlzs0rv_1twbkfyhvn6m0000gn/T/condisco-preflight.UUZpei/DerivedData/Build/Products/Debug-iphonesimulator/Condisco.app/PlugIns/CondiscoWidget.appex (in target 'Condisco' from project 'Condisco')
    cd /Users/spkoehl/Projects/VerbaLibera
    /Applications/Xcode.app/Contents/Developer/usr/bin/embeddedBinaryValidationUtility /var/folders/3w/91hphlzs0rv_1twbkfyhvn6m0000gn/T/condisco-preflight.UUZpei/DerivedData/Build/Products/Debug-iphonesimulator/Condisco.app/PlugIns/CondiscoWidget.appex -signing-cert - -info-plist-path /var/folders/3w/91hphlzs0rv_1twbkfyhvn6m0000gn/T/condisco-preflight.UUZpei/DerivedData/Build/Products/Debug-iphonesimulator/Condisco.app/Info.plist

RegisterExecutionPolicyException /var/folders/3w/91hphlzs0rv_1twbkfyhvn6m0000gn/T/condisco-preflight.UUZpei/DerivedData/Build/Products/Debug-iphonesimulator/Condisco.app (in target 'Condisco' from project 'Condisco')
    cd /Users/spkoehl/Projects/VerbaLibera
    builtin-RegisterExecutionPolicyException /var/folders/3w/91hphlzs0rv_1twbkfyhvn6m0000gn/T/condisco-preflight.UUZpei/DerivedData/Build/Products/Debug-iphonesimulator/Condisco.app

Validate /var/folders/3w/91hphlzs0rv_1twbkfyhvn6m0000gn/T/condisco-preflight.UUZpei/DerivedData/Build/Products/Debug-iphonesimulator/Condisco.app (in target 'Condisco' from project 'Condisco')
    cd /Users/spkoehl/Projects/VerbaLibera
    builtin-validationUtility /var/folders/3w/91hphlzs0rv_1twbkfyhvn6m0000gn/T/condisco-preflight.UUZpei/DerivedData/Build/Products/Debug-iphonesimulator/Condisco.app -shallow-bundle -infoplist-subpath Info.plist

Touch /var/folders/3w/91hphlzs0rv_1twbkfyhvn6m0000gn/T/condisco-preflight.UUZpei/DerivedData/Build/Products/Debug-iphonesimulator/Condisco.app (in target 'Condisco' from project 'Condisco')
    cd /Users/spkoehl/Projects/VerbaLibera
    /usr/bin/touch -c /var/folders/3w/91hphlzs0rv_1twbkfyhvn6m0000gn/T/condisco-preflight.UUZpei/DerivedData/Build/Products/Debug-iphonesimulator/Condisco.app

ProcessInfoPlistFile /var/folders/3w/91hphlzs0rv_1twbkfyhvn6m0000gn/T/condisco-preflight.UUZpei/DerivedData/Build/Products/Debug-iphonesimulator/CondiscoUITests-Runner.app/PlugIns/CondiscoUITests.xctest/Info.plist /var/folders/3w/91hphlzs0rv_1twbkfyhvn6m0000gn/T/condisco-preflight.UUZpei/DerivedData/Build/Intermediates.noindex/Condisco.build/Debug-iphonesimulator/CondiscoUITests.build/empty-CondiscoUITests.plist (in target 'CondiscoUITests' from project 'Condisco')
    cd /Users/spkoehl/Projects/VerbaLibera
    builtin-infoPlistUtility /var/folders/3w/91hphlzs0rv_1twbkfyhvn6m0000gn/T/condisco-preflight.UUZpei/DerivedData/Build/Intermediates.noindex/Condisco.build/Debug-iphonesimulator/CondiscoUITests.build/empty-CondiscoUITests.plist -producttype com.apple.product-type.bundle.ui-testing -expandbuildsettings -format binary -platform iphonesimulator -additionalcontentfile /var/folders/3w/91hphlzs0rv_1twbkfyhvn6m0000gn/T/condisco-preflight.UUZpei/DerivedData/Build/Intermediates.noindex/Condisco.build/Debug-iphonesimulator/CondiscoUITests.build/ProductTypeInfoPlistAdditions.plist -o /var/folders/3w/91hphlzs0rv_1twbkfyhvn6m0000gn/T/condisco-preflight.UUZpei/DerivedData/Build/Products/Debug-iphonesimulator/CondiscoUITests-Runner.app/PlugIns/CondiscoUITests.xctest/Info.plist

Ld /var/folders/3w/91hphlzs0rv_1twbkfyhvn6m0000gn/T/condisco-preflight.UUZpei/DerivedData/Build/Products/Debug-iphonesimulator/CondiscoUITests-Runner.app/PlugIns/CondiscoUITests.xctest/CondiscoUITests normal (in target 'CondiscoUITests' from project 'Condisco')
    cd /Users/spkoehl/Projects/VerbaLibera
    /Applications/Xcode.app/Contents/Developer/Toolchains/XcodeDefault.xctoolchain/usr/bin/clang -Xlinker -reproducible -target arm64-apple-ios17.0-simulator -bundle -isysroot /Applications/Xcode.app/Contents/Developer/Platforms/iPhoneSimulator.platform/Developer/SDKs/iPhoneSimulator27.0.sdk -O0 -Xlinker -no_warn_duplicate_libraries -L/var/folders/3w/91hphlzs0rv_1twbkfyhvn6m0000gn/T/condisco-preflight.UUZpei/DerivedData/Build/Intermediates.noindex/EagerLinkingTBDs/Debug-iphonesimulator -L/var/folders/3w/91hphlzs0rv_1twbkfyhvn6m0000gn/T/condisco-preflight.UUZpei/DerivedData/Build/Products/Debug-iphonesimulator -L/Applications/Xcode.app/Contents/Developer/Platforms/iPhoneSimulator.platform/Developer/usr/lib -F/var/folders/3w/91hphlzs0rv_1twbkfyhvn6m0000gn/T/condisco-preflight.UUZpei/DerivedData/Build/Intermediates.noindex/EagerLinkingTBDs/Debug-iphonesimulator -F/var/folders/3w/91hphlzs0rv_1twbkfyhvn6m0000gn/T/condisco-preflight.UUZpei/DerivedData/Build/Products/Debug-iphonesimulator -iframework /Applications/Xcode.app/Contents/Developer/Platforms/iPhoneSimulator.platform/Developer/Library/Frameworks -iframework /Applications/Xcode.app/Contents/Developer/Platforms/iPhoneSimulator.platform/Developer/SDKs/iPhoneSimulator27.0.sdk/Developer/Library/Frameworks -filelist /var/folders/3w/91hphlzs0rv_1twbkfyhvn6m0000gn/T/condisco-preflight.UUZpei/DerivedData/Build/Intermediates.noindex/Condisco.build/Debug-iphonesimulator/CondiscoUITests.build/Objects-normal/arm64/CondiscoUITests.LinkFileList -Xlinker -rpath -Xlinker /usr/lib/swift -Xlinker -rpath -Xlinker @loader_path/Frameworks -Xlinker -dead_strip -Xlinker -object_path_lto -Xlinker /var/folders/3w/91hphlzs0rv_1twbkfyhvn6m0000gn/T/condisco-preflight.UUZpei/DerivedData/Build/Intermediates.noindex/Condisco.build/Debug-iphonesimulator/CondiscoUITests.build/Objects-normal/arm64/CondiscoUITests_lto.o -rdynamic -Xlinker -no_deduplicate -Xlinker -objc_abi_version -Xlinker 2 -Xlinker -dependency_info -Xlinker /var/folders/3w/91hphlzs0rv_1twbkfyhvn6m0000gn/T/condisco-preflight.UUZpei/DerivedData/Build/Intermediates.noindex/Condisco.build/Debug-iphonesimulator/CondiscoUITests.build/Objects-normal/arm64/CondiscoUITests_dependency_info.dat -fobjc-link-runtime -L/Applications/Xcode.app/Contents/Developer/Toolchains/XcodeDefault.xctoolchain/usr/lib/swift/iphonesimulator -L/usr/lib/swift -Xlinker -add_ast_path -Xlinker /var/folders/3w/91hphlzs0rv_1twbkfyhvn6m0000gn/T/condisco-preflight.UUZpei/DerivedData/Build/Intermediates.noindex/Condisco.build/Debug-iphonesimulator/CondiscoUITests.build/Objects-normal/arm64/CondiscoUITests.swiftmodule -Xlinker -needed_framework -Xlinker XCTest -framework XCTest -Xlinker -needed-lXCTestSwiftSupport -lXCTestSwiftSupport -Xlinker -sectcreate -Xlinker __TEXT -Xlinker __entitlements -Xlinker /var/folders/3w/91hphlzs0rv_1twbkfyhvn6m0000gn/T/condisco-preflight.UUZpei/DerivedData/Build/Intermediates.noindex/Condisco.build/Debug-iphonesimulator/CondiscoUITests.build/CondiscoUITests.xctest-Simulated.xcent -Xlinker -sectcreate -Xlinker __TEXT -Xlinker __ents_der -Xlinker /var/folders/3w/91hphlzs0rv_1twbkfyhvn6m0000gn/T/condisco-preflight.UUZpei/DerivedData/Build/Intermediates.noindex/Condisco.build/Debug-iphonesimulator/CondiscoUITests.build/CondiscoUITests.xctest-Simulated.xcent.der -Xlinker -no_adhoc_codesign -o /var/folders/3w/91hphlzs0rv_1twbkfyhvn6m0000gn/T/condisco-preflight.UUZpei/DerivedData/Build/Products/Debug-iphonesimulator/CondiscoUITests-Runner.app/PlugIns/CondiscoUITests.xctest/CondiscoUITests

CopySwiftLibs /var/folders/3w/91hphlzs0rv_1twbkfyhvn6m0000gn/T/condisco-preflight.UUZpei/DerivedData/Build/Products/Debug-iphonesimulator/CondiscoUITests-Runner.app/PlugIns/CondiscoUITests.xctest (in target 'CondiscoUITests' from project 'Condisco')
    cd /Users/spkoehl/Projects/VerbaLibera
    builtin-swiftStdLibTool --copy --verbose --sign - --scan-executable /var/folders/3w/91hphlzs0rv_1twbkfyhvn6m0000gn/T/condisco-preflight.UUZpei/DerivedData/Build/Products/Debug-iphonesimulator/CondiscoUITests-Runner.app/PlugIns/CondiscoUITests.xctest/CondiscoUITests --scan-folder /var/folders/3w/91hphlzs0rv_1twbkfyhvn6m0000gn/T/condisco-preflight.UUZpei/DerivedData/Build/Products/Debug-iphonesimulator/CondiscoUITests-Runner.app/PlugIns/CondiscoUITests.xctest/Frameworks --scan-folder /var/folders/3w/91hphlzs0rv_1twbkfyhvn6m0000gn/T/condisco-preflight.UUZpei/DerivedData/Build/Products/Debug-iphonesimulator/CondiscoUITests-Runner.app/PlugIns/CondiscoUITests.xctest/PlugIns --scan-folder /var/folders/3w/91hphlzs0rv_1twbkfyhvn6m0000gn/T/condisco-preflight.UUZpei/DerivedData/Build/Products/Debug-iphonesimulator/CondiscoUITests-Runner.app/PlugIns/CondiscoUITests.xctest/SystemExtensions --scan-folder /var/folders/3w/91hphlzs0rv_1twbkfyhvn6m0000gn/T/condisco-preflight.UUZpei/DerivedData/Build/Products/Debug-iphonesimulator/CondiscoUITests-Runner.app/PlugIns/CondiscoUITests.xctest/Extensions --platform iphonesimulator --toolchain /Applications/Xcode.app/Contents/Developer/Toolchains/XcodeDefault.xctoolchain --destination /var/folders/3w/91hphlzs0rv_1twbkfyhvn6m0000gn/T/condisco-preflight.UUZpei/DerivedData/Build/Products/Debug-iphonesimulator/CondiscoUITests-Runner.app/PlugIns/CondiscoUITests.xctest/Frameworks --strip-bitcode --scan-executable /Applications/Xcode.app/Contents/Developer/Platforms/iPhoneSimulator.platform/Developer/usr/lib/libXCTestSwiftSupport.dylib --strip-bitcode-tool /Applications/Xcode.app/Contents/Developer/Toolchains/XcodeDefault.xctoolchain/usr/bin/bitcode_strip --emit-dependency-info /var/folders/3w/91hphlzs0rv_1twbkfyhvn6m0000gn/T/condisco-preflight.UUZpei/DerivedData/Build/Intermediates.noindex/Condisco.build/Debug-iphonesimulator/CondiscoUITests.build/SwiftStdLibToolInputDependencies.dep --filter-for-swift-os

ExtractAppIntentsMetadata (in target 'CondiscoUITests' from project 'Condisco')
    cd /Users/spkoehl/Projects/VerbaLibera
    /Applications/Xcode.app/Contents/Developer/Toolchains/XcodeDefault.xctoolchain/usr/bin/appintentsmetadataprocessor --toolchain-dir /Applications/Xcode.app/Contents/Developer/Toolchains/XcodeDefault.xctoolchain --module-name CondiscoUITests --sdk-root /Applications/Xcode.app/Contents/Developer/Platforms/iPhoneSimulator.platform/Developer/SDKs/iPhoneSimulator27.0.sdk --xcode-version 27A266a --platform-family iOS --deployment-target 17.0 --bundle-identifier com.sleuthysloth.condisco.UITests --output /var/folders/3w/91hphlzs0rv_1twbkfyhvn6m0000gn/T/condisco-preflight.UUZpei/DerivedData/Build/Products/Debug-iphonesimulator/CondiscoUITests-Runner.app/PlugIns/CondiscoUITests.xctest --target-triple arm64-apple-ios17.0-simulator --binary-file /var/folders/3w/91hphlzs0rv_1twbkfyhvn6m0000gn/T/condisco-preflight.UUZpei/DerivedData/Build/Products/Debug-iphonesimulator/CondiscoUITests-Runner.app/PlugIns/CondiscoUITests.xctest/CondiscoUITests --dependency-file /var/folders/3w/91hphlzs0rv_1twbkfyhvn6m0000gn/T/condisco-preflight.UUZpei/DerivedData/Build/Intermediates.noindex/Condisco.build/Debug-iphonesimulator/CondiscoUITests.build/Objects-normal/arm64/CondiscoUITests_dependency_info.dat --stringsdata-file /var/folders/3w/91hphlzs0rv_1twbkfyhvn6m0000gn/T/condisco-preflight.UUZpei/DerivedData/Build/Intermediates.noindex/Condisco.build/Debug-iphonesimulator/CondiscoUITests.build/Objects-normal/arm64/ExtractedAppShortcutsMetadata.stringsdata --source-file-list /var/folders/3w/91hphlzs0rv_1twbkfyhvn6m0000gn/T/condisco-preflight.UUZpei/DerivedData/Build/Intermediates.noindex/Condisco.build/Debug-iphonesimulator/CondiscoUITests.build/Objects-normal/arm64/CondiscoUITests.SwiftFileList --metadata-file-list /var/folders/3w/91hphlzs0rv_1twbkfyhvn6m0000gn/T/condisco-preflight.UUZpei/DerivedData/Build/Intermediates.noindex/Condisco.build/Debug-iphonesimulator/CondiscoUITests.build/CondiscoUITests.DependencyMetadataFileList --static-metadata-file-list /var/folders/3w/91hphlzs0rv_1twbkfyhvn6m0000gn/T/condisco-preflight.UUZpei/DerivedData/Build/Intermediates.noindex/Condisco.build/Debug-iphonesimulator/CondiscoUITests.build/CondiscoUITests.DependencyStaticMetadataFileList --swift-const-vals-list /var/folders/3w/91hphlzs0rv_1twbkfyhvn6m0000gn/T/condisco-preflight.UUZpei/DerivedData/Build/Intermediates.noindex/Condisco.build/Debug-iphonesimulator/CondiscoUITests.build/Objects-normal/arm64/CondiscoUITests.SwiftConstValuesFileList --compile-time-extraction --deployment-aware-processing --no-app-shortcuts-localization
2026-09-26 08:29:29.682 appintentsmetadataprocessor[6249:30749] Starting appintentsmetadataprocessor export
2026-09-26 08:29:29.683 appintentsmetadataprocessor[6249:30749] warning: Metadata extraction skipped, no AppIntents.framework dependency found

AppIntentsSSUTraining (in target 'CondiscoUITests' from project 'Condisco')
    cd /Users/spkoehl/Projects/VerbaLibera
    /Applications/Xcode.app/Contents/Developer/Toolchains/XcodeDefault.xctoolchain/usr/bin/appintentsnltrainingprocessor --infoplist-path /var/folders/3w/91hphlzs0rv_1twbkfyhvn6m0000gn/T/condisco-preflight.UUZpei/DerivedData/Build/Products/Debug-iphonesimulator/CondiscoUITests-Runner.app/PlugIns/CondiscoUITests.xctest/Info.plist --temp-dir-path /var/folders/3w/91hphlzs0rv_1twbkfyhvn6m0000gn/T/condisco-preflight.UUZpei/DerivedData/Build/Intermediates.noindex/Condisco.build/Debug-iphonesimulator/CondiscoUITests.build/ssu --bundle-id com.sleuthysloth.condisco.UITests --product-path /var/folders/3w/91hphlzs0rv_1twbkfyhvn6m0000gn/T/condisco-preflight.UUZpei/DerivedData/Build/Products/Debug-iphonesimulator/CondiscoUITests-Runner.app/PlugIns/CondiscoUITests.xctest --extracted-metadata-path /var/folders/3w/91hphlzs0rv_1twbkfyhvn6m0000gn/T/condisco-preflight.UUZpei/DerivedData/Build/Products/Debug-iphonesimulator/CondiscoUITests-Runner.app/PlugIns/CondiscoUITests.xctest/Metadata.appintents --metadata-file-list /var/folders/3w/91hphlzs0rv_1twbkfyhvn6m0000gn/T/condisco-preflight.UUZpei/DerivedData/Build/Intermediates.noindex/Condisco.build/Debug-iphonesimulator/CondiscoUITests.build/CondiscoUITests.DependencyMetadataFileList --source-file /var/folders/3w/91hphlzs0rv_1twbkfyhvn6m0000gn/T/condisco-preflight.UUZpei/DerivedData/Build/Products/Debug-iphonesimulator/CondiscoUITests-Runner.app/PlugIns/CondiscoUITests.xctest/Info.plist --archive-ssu-assets
2026-09-26 08:29:29.711 appintentsnltrainingprocessor[6250:30771] Parsing options for appintentsnltrainingprocessor
2026-09-26 08:29:29.711 appintentsnltrainingprocessor[6250:30771] Starting AppIntents SSU YAML Generation
2026-09-26 08:29:29.711 appintentsnltrainingprocessor[6250:30771] No AppShortcuts found - Skipping.

MkDir /var/folders/3w/91hphlzs0rv_1twbkfyhvn6m0000gn/T/condisco-preflight.UUZpei/DerivedData/Build/Products/Debug-iphonesimulator/CondiscoUITests-Runner.app (in target 'CondiscoUITests' from project 'Condisco')
    cd /Users/spkoehl/Projects/VerbaLibera
    /bin/mkdir -p /var/folders/3w/91hphlzs0rv_1twbkfyhvn6m0000gn/T/condisco-preflight.UUZpei/DerivedData/Build/Products/Debug-iphonesimulator/CondiscoUITests-Runner.app

CopyPlistFile /var/folders/3w/91hphlzs0rv_1twbkfyhvn6m0000gn/T/condisco-preflight.UUZpei/DerivedData/Build/Products/Debug-iphonesimulator/CondiscoUITests-Runner.app/Info.plist /Applications/Xcode.app/Contents/Developer/Platforms/iPhoneSimulator.platform/Developer/Library/Xcode/Agents/XCTRunner.app/Info.plist (in target 'CondiscoUITests' from project 'Condisco')
    cd /Users/spkoehl/Projects/VerbaLibera
    builtin-copyPlist --validate --convert xml1 --macro-expansion WRAPPEDPRODUCTNAME CondiscoUITests-Runner --macro-expansion WRAPPEDPRODUCTBUNDLEIDENTIFIER com.sleuthysloth.condisco.UITests.xctrunner --macro-expansion TESTPRODUCTNAME CondiscoUITests --macro-expansion TESTPRODUCTBUNDLEIDENTIFIER com.sleuthysloth.condisco.UITests --copy-value UIDeviceFamily /var/folders/3w/91hphlzs0rv_1twbkfyhvn6m0000gn/T/condisco-preflight.UUZpei/DerivedData/Build/Products/Debug-iphonesimulator/CondiscoUITests-Runner.app/PlugIns/CondiscoUITests.xctest/Info.plist --outdir /var/folders/3w/91hphlzs0rv_1twbkfyhvn6m0000gn/T/condisco-preflight.UUZpei/DerivedData/Build/Products/Debug-iphonesimulator/CondiscoUITests-Runner.app -- /Applications/Xcode.app/Contents/Developer/Platforms/iPhoneSimulator.platform/Developer/Library/Xcode/Agents/XCTRunner.app/Info.plist

CopyAndPreserveArchs /var/folders/3w/91hphlzs0rv_1twbkfyhvn6m0000gn/T/condisco-preflight.UUZpei/DerivedData/Build/Products/Debug-iphonesimulator/CondiscoUITests-Runner.app/CondiscoUITests-Runner (in target 'CondiscoUITests' from project 'Condisco')
    cd /Users/spkoehl/Projects/VerbaLibera
    /Applications/Xcode.app/Contents/Developer/Toolchains/XcodeDefault.xctoolchain/usr/bin/lipo /Applications/Xcode.app/Contents/Developer/Platforms/iPhoneSimulator.platform/Developer/Library/Xcode/Agents/XCTRunner.app/XCTRunner -output /var/folders/3w/91hphlzs0rv_1twbkfyhvn6m0000gn/T/condisco-preflight.UUZpei/DerivedData/Build/Products/Debug-iphonesimulator/CondiscoUITests-Runner.app/CondiscoUITests-Runner -extract arm64

Copy /var/folders/3w/91hphlzs0rv_1twbkfyhvn6m0000gn/T/condisco-preflight.UUZpei/DerivedData/Build/Products/Debug-iphonesimulator/CondiscoUITests-Runner.app/PkgInfo /Applications/Xcode.app/Contents/Developer/Platforms/iPhoneSimulator.platform/Developer/Library/Xcode/Agents/XCTRunner.app/PkgInfo (in target 'CondiscoUITests' from project 'Condisco')
    cd /Users/spkoehl/Projects/VerbaLibera
    builtin-copy -exclude .DS_Store -exclude CVS -exclude .svn -exclude .git -exclude .hg -resolve-src-symlinks /Applications/Xcode.app/Contents/Developer/Platforms/iPhoneSimulator.platform/Developer/Library/Xcode/Agents/XCTRunner.app/PkgInfo /var/folders/3w/91hphlzs0rv_1twbkfyhvn6m0000gn/T/condisco-preflight.UUZpei/DerivedData/Build/Products/Debug-iphonesimulator/CondiscoUITests-Runner.app

CodeSign /var/folders/3w/91hphlzs0rv_1twbkfyhvn6m0000gn/T/condisco-preflight.UUZpei/DerivedData/Build/Products/Debug-iphonesimulator/CondiscoUITests-Runner.app/PlugIns/CondiscoUITests.xctest (in target 'CondiscoUITests' from project 'Condisco')
    cd /Users/spkoehl/Projects/VerbaLibera
    
    Signing Identity:     "Sign to Run Locally"
    
    /usr/bin/codesign --force --sign - --timestamp\=none --generate-entitlement-der /var/folders/3w/91hphlzs0rv_1twbkfyhvn6m0000gn/T/condisco-preflight.UUZpei/DerivedData/Build/Products/Debug-iphonesimulator/CondiscoUITests-Runner.app/PlugIns/CondiscoUITests.xctest

CodeSign /var/folders/3w/91hphlzs0rv_1twbkfyhvn6m0000gn/T/condisco-preflight.UUZpei/DerivedData/Build/Products/Debug-iphonesimulator/CondiscoUITests-Runner.app (in target 'CondiscoUITests' from project 'Condisco')
    cd /Users/spkoehl/Projects/VerbaLibera
    
    Signing Identity:     "Sign to Run Locally"
    
    /usr/bin/codesign --force --sign - --timestamp\=none --generate-entitlement-der /var/folders/3w/91hphlzs0rv_1twbkfyhvn6m0000gn/T/condisco-preflight.UUZpei/DerivedData/Build/Products/Debug-iphonesimulator/CondiscoUITests-Runner.app
/var/folders/3w/91hphlzs0rv_1twbkfyhvn6m0000gn/T/condisco-preflight.UUZpei/DerivedData/Build/Products/Debug-iphonesimulator/CondiscoUITests-Runner.app: replacing existing signature

RegisterExecutionPolicyException /var/folders/3w/91hphlzs0rv_1twbkfyhvn6m0000gn/T/condisco-preflight.UUZpei/DerivedData/Build/Products/Debug-iphonesimulator/CondiscoUITests-Runner.app/PlugIns/CondiscoUITests.xctest (in target 'CondiscoUITests' from project 'Condisco')
    cd /Users/spkoehl/Projects/VerbaLibera
    builtin-RegisterExecutionPolicyException /var/folders/3w/91hphlzs0rv_1twbkfyhvn6m0000gn/T/condisco-preflight.UUZpei/DerivedData/Build/Products/Debug-iphonesimulator/CondiscoUITests-Runner.app/PlugIns/CondiscoUITests.xctest

Touch /var/folders/3w/91hphlzs0rv_1twbkfyhvn6m0000gn/T/condisco-preflight.UUZpei/DerivedData/Build/Products/Debug-iphonesimulator/CondiscoUITests-Runner.app/PlugIns/CondiscoUITests.xctest (in target 'CondiscoUITests' from project 'Condisco')
    cd /Users/spkoehl/Projects/VerbaLibera
    /usr/bin/touch -c /var/folders/3w/91hphlzs0rv_1twbkfyhvn6m0000gn/T/condisco-preflight.UUZpei/DerivedData/Build/Products/Debug-iphonesimulator/CondiscoUITests-Runner.app/PlugIns/CondiscoUITests.xctest

PruneExplicitPrecompiledModules /var/folders/3w/91hphlzs0rv_1twbkfyhvn6m0000gn/T/condisco-preflight.UUZpei/DerivedData/Build/Intermediates.noindex/ExplicitPrecompiledModules

PruneExplicitPrecompiledModules /var/folders/3w/91hphlzs0rv_1twbkfyhvn6m0000gn/T/condisco-preflight.UUZpei/DerivedData/Build/Intermediates.noindex/SwiftExplicitPrecompiledModules

PruneExplicitPrecompiledModules /var/folders/3w/91hphlzs0rv_1twbkfyhvn6m0000gn/T/condisco-preflight.UUZpei/DerivedData/SDKExplicitPrecompiledModules

2026-09-26 08:31:17.136366-0700 Condisco[6531:34235] [XPCErrors] non-launching port is incompatible with service identifier "com.apple.PointerUI.pointeruid.default-service"
2026-09-26 08:31:17.144583-0700 Condisco[6531:34235] [API] cannot add handler to 0 from 0 - dropping
2026-09-26 08:31:17.144777-0700 Condisco[6531:34235] [API] cannot add handler to 0 from 0 - dropping
2026-09-26 08:31:17.147842-0700 Condisco[6531:34235] [API] cannot add handler to 0 from 0 - dropping
2026-09-26 08:31:17.147932-0700 Condisco[6531:34235] [API] cannot add handler to 0 from 0 - dropping
Test Suite 'All tests' started at 2026-09-26 08:31:27.611.
Test Suite 'CondiscoTests.xctest' started at 2026-09-26 08:31:27.618.
Test Suite 'ActivityEvaluationTests' started at 2026-09-26 08:31:27.619.
Test Case '-[CondiscoTests.ActivityEvaluationTests testAssistanceTaintsOnlyPerActivityKinds]' started.
Test Case '-[CondiscoTests.ActivityEvaluationTests testAssistanceTaintsOnlyPerActivityKinds]' passed (0.023 seconds).
Test Case '-[CondiscoTests.ActivityEvaluationTests testClozeAllOrNothingGrading]' started.
Test Case '-[CondiscoTests.ActivityEvaluationTests testClozeAllOrNothingGrading]' passed (0.013 seconds).
Test Case '-[CondiscoTests.ActivityEvaluationTests testHintTextForClozeUsesFirstAnswerLetter]' started.
Test Case '-[CondiscoTests.ActivityEvaluationTests testHintTextForClozeUsesFirstAnswerLetter]' passed (0.001 seconds).
Test Case '-[CondiscoTests.ActivityEvaluationTests testInformationActivityRequiresContinue]' started.
Test Case '-[CondiscoTests.ActivityEvaluationTests testInformationActivityRequiresContinue]' passed (0.001 seconds).
Test Case '-[CondiscoTests.ActivityEvaluationTests testMatchingEvaluation]' started.
Test Case '-[CondiscoTests.ActivityEvaluationTests testMatchingEvaluation]' passed (0.001 seconds).
Test Case '-[CondiscoTests.ActivityEvaluationTests testOrderingEvaluation]' started.
Test Case '-[CondiscoTests.ActivityEvaluationTests testOrderingEvaluation]' passed (0.001 seconds).
Test Case '-[CondiscoTests.ActivityEvaluationTests testSelectionCorrectAndIncorrect]' started.
Test Case '-[CondiscoTests.ActivityEvaluationTests testSelectionCorrectAndIncorrect]' passed (0.001 seconds).
Test Case '-[CondiscoTests.ActivityEvaluationTests testSelectionRejectsMalformedSelections]' started.
Test Case '-[CondiscoTests.ActivityEvaluationTests testSelectionRejectsMalformedSelections]' passed (0.001 seconds).
Test Case '-[CondiscoTests.ActivityEvaluationTests testTextActivityGrading]' started.
Test Case '-[CondiscoTests.ActivityEvaluationTests testTextActivityGrading]' passed (0.004 seconds).
Test Case '-[CondiscoTests.ActivityEvaluationTests testValidDraftHelper]' started.
Test Case '-[CondiscoTests.ActivityEvaluationTests testValidDraftHelper]' passed (0.042 seconds).
Test Suite 'ActivityEvaluationTests' passed at 2026-09-26 08:31:27.716.
	 Executed 10 tests, with 0 failures (0 unexpected) in 0.088 (0.098) seconds
Test Suite 'AnswerEngineTests' started at 2026-09-26 08:31:27.719.
Test Case '-[CondiscoTests.AnswerEngineTests testAcceptedAlternativeTagsSecondForm]' started.
Test Case '-[CondiscoTests.AnswerEngineTests testAcceptedAlternativeTagsSecondForm]' passed (0.006 seconds).
Test Case '-[CondiscoTests.AnswerEngineTests testAuthoredErrorHitsCategoryAndExplains]' started.
Test Case '-[CondiscoTests.AnswerEngineTests testAuthoredErrorHitsCategoryAndExplains]' passed (0.002 seconds).
Test Case '-[CondiscoTests.AnswerEngineTests testBlankAndOverlongResponsesRejected]' started.
Test Case '-[CondiscoTests.AnswerEngineTests testBlankAndOverlongResponsesRejected]' passed (0.001 seconds).
Test Case '-[CondiscoTests.AnswerEngineTests testBoundedEditDistance]' started.
Test Case '-[CondiscoTests.AnswerEngineTests testBoundedEditDistance]' passed (0.005 seconds).
Test Case '-[CondiscoTests.AnswerEngineTests testCaseAndPunctuationAndWhitespaceTolerance]' started.
Test Case '-[CondiscoTests.AnswerEngineTests testCaseAndPunctuationAndWhitespaceTolerance]' passed (0.001 seconds).
Test Case '-[CondiscoTests.AnswerEngineTests testExactMatchGivesFullCredit]' started.
Test Case '-[CondiscoTests.AnswerEngineTests testExactMatchGivesFullCredit]' passed (0.025 seconds).
Test Case '-[CondiscoTests.AnswerEngineTests testExtraWordDetected]' started.
Test Case '-[CondiscoTests.AnswerEngineTests testExtraWordDetected]' passed (0.001 seconds).
Test Case '-[CondiscoTests.AnswerEngineTests testMissingWordDetected]' started.
Test Case '-[CondiscoTests.AnswerEngineTests testMissingWordDetected]' passed (0.001 seconds).
Test Case '-[CondiscoTests.AnswerEngineTests testNormalizePrimitives]' started.
Test Case '-[CondiscoTests.AnswerEngineTests testNormalizePrimitives]' passed (0.001 seconds).
Test Case '-[CondiscoTests.AnswerEngineTests testTypoAcceptedAsPartialCreditWhenAllowed]' started.
Test Case '-[CondiscoTests.AnswerEngineTests testTypoAcceptedAsPartialCreditWhenAllowed]' passed (0.001 seconds).
Test Case '-[CondiscoTests.AnswerEngineTests testTypoRejectedWhenStrict]' started.
Test Case '-[CondiscoTests.AnswerEngineTests testTypoRejectedWhenStrict]' passed (0.001 seconds).
Test Case '-[CondiscoTests.AnswerEngineTests testWordOrderProblemDetected]' started.
Test Case '-[CondiscoTests.AnswerEngineTests testWordOrderProblemDetected]' passed (0.001 seconds).
Test Case '-[CondiscoTests.AnswerEngineTests testWrongAnswerRejected]' started.
Test Case '-[CondiscoTests.AnswerEngineTests testWrongAnswerRejected]' passed (0.001 seconds).
Test Suite 'AnswerEngineTests' passed at 2026-09-26 08:31:27.772.
	 Executed 13 tests, with 0 failures (0 unexpected) in 0.047 (0.053) seconds
Test Suite 'FsrsStateTests' started at 2026-09-26 08:31:27.772.
Test Case '-[CondiscoTests.FsrsStateTests testFirstGoodReviewInitializesState]' started.
Test Case '-[CondiscoTests.FsrsStateTests testFirstGoodReviewInitializesState]' passed (0.001 seconds).
Test Case '-[CondiscoTests.FsrsStateTests testGradeForAttemptMapsOutcomes]' started.
Test Case '-[CondiscoTests.FsrsStateTests testGradeForAttemptMapsOutcomes]' passed (0.001 seconds).
Test Case '-[CondiscoTests.FsrsStateTests testLegacyPayloadWithoutRepetitionsDefaultsToZero]' started.
Test Case '-[CondiscoTests.FsrsStateTests testLegacyPayloadWithoutRepetitionsDefaultsToZero]' passed (0.007 seconds).
Test Case '-[CondiscoTests.FsrsStateTests testLegacySM2PayloadDecodesTolerantly]' started.
Test Case '-[CondiscoTests.FsrsStateTests testLegacySM2PayloadDecodesTolerantly]' passed (0.001 seconds).
Test Case '-[CondiscoTests.FsrsStateTests testRoundTripEncodeDecode]' started.
Test Case '-[CondiscoTests.FsrsStateTests testRoundTripEncodeDecode]' passed (0.001 seconds).
Test Suite 'FsrsStateTests' passed at 2026-09-26 08:31:27.785.
	 Executed 5 tests, with 0 failures (0 unexpected) in 0.011 (0.013) seconds
Test Suite 'LearningStoreTests' started at 2026-09-26 08:31:27.785.
Test Case '-[CondiscoTests.LearningStoreTests testAttemptProjectRoundTrip]' started.
Test Case '-[CondiscoTests.LearningStoreTests testAttemptProjectRoundTrip]' passed (0.029 seconds).
Test Case '-[CondiscoTests.LearningStoreTests testCheckpointSaveLoadRoundTrip]' started.
Test Case '-[CondiscoTests.LearningStoreTests testCheckpointSaveLoadRoundTrip]' passed (0.009 seconds).
Test Case '-[CondiscoTests.LearningStoreTests testClearCheckpointRecordsTombstone]' started.
Test Case '-[CondiscoTests.LearningStoreTests testClearCheckpointRecordsTombstone]' passed (0.010 seconds).
Test Case '-[CondiscoTests.LearningStoreTests testCorruptEventIdsStableOrderAndFirstBadRowNamed]' started.
Test Case '-[CondiscoTests.LearningStoreTests testCorruptEventIdsStableOrderAndFirstBadRowNamed]' passed (0.023 seconds).
Test Case '-[CondiscoTests.LearningStoreTests testCorruptRowIsNeverUploaded]' started.
Test Case '-[CondiscoTests.LearningStoreTests testCorruptRowIsNeverUploaded]' passed (0.011 seconds).
Test Case '-[CondiscoTests.LearningStoreTests testCorruptStoredEventPayloadRawLogsThrowTypedErrorNotCrash]' started.
Test Case '-[CondiscoTests.LearningStoreTests testCorruptStoredEventPayloadRawLogsThrowTypedErrorNotCrash]' passed (0.011 seconds).
Test Case '-[CondiscoTests.LearningStoreTests testCorruptStoredEventPayloadStillProjectsAndSyncs]' started.
Test Case '-[CondiscoTests.LearningStoreTests testCorruptStoredEventPayloadStillProjectsAndSyncs]' passed (0.010 seconds).
Test Case '-[CondiscoTests.LearningStoreTests testDueEvidenceIncludesScheduledKey]' started.
Test Case '-[CondiscoTests.LearningStoreTests testDueEvidenceIncludesScheduledKey]' passed (0.009 seconds).
Test Case '-[CondiscoTests.LearningStoreTests testDuplicateConflictingRecordThrowsConflict]' started.
Test Case '-[CondiscoTests.LearningStoreTests testDuplicateConflictingRecordThrowsConflict]' passed (0.011 seconds).
Test Case '-[CondiscoTests.LearningStoreTests testDuplicateIdenticalRecordDoesNotDuplicateRows]' started.
Test Case '-[CondiscoTests.LearningStoreTests testDuplicateIdenticalRecordDoesNotDuplicateRows]' passed (0.009 seconds).
Test Case '-[CondiscoTests.LearningStoreTests testDuplicateWithReorderedKeyPayloadIsNoOp]' started.
Test Case '-[CondiscoTests.LearningStoreTests testDuplicateWithReorderedKeyPayloadIsNoOp]' passed (0.010 seconds).
Test Case '-[CondiscoTests.LearningStoreTests testFailureAttemptIncrementsFailures]' started.
Test Case '-[CondiscoTests.LearningStoreTests testFailureAttemptIncrementsFailures]' passed (0.011 seconds).
Test Case '-[CondiscoTests.LearningStoreTests testIngestSyncedConflictingSameIdDoesNotDuplicateRows]' started.
Test Case '-[CondiscoTests.LearningStoreTests testIngestSyncedConflictingSameIdDoesNotDuplicateRows]' passed (0.008 seconds).
Test Case '-[CondiscoTests.LearningStoreTests testIngestSyncedContinuesPastCorruptLocalRow]' started.
Test Case '-[CondiscoTests.LearningStoreTests testIngestSyncedContinuesPastCorruptLocalRow]' passed (0.009 seconds).
Test Case '-[CondiscoTests.LearningStoreTests testIngestSyncedMarksEventsUploaded]' started.
Test Case '-[CondiscoTests.LearningStoreTests testIngestSyncedMarksEventsUploaded]' passed (0.007 seconds).
Test Case '-[CondiscoTests.LearningStoreTests testIngestSyncedReplayWithReorderedKeysIsIdempotent]' started.
Test Case '-[CondiscoTests.LearningStoreTests testIngestSyncedReplayWithReorderedKeysIsIdempotent]' passed (0.010 seconds).
Test Case '-[CondiscoTests.LearningStoreTests testKvAndDeviceId]' started.
Test Case '-[CondiscoTests.LearningStoreTests testKvAndDeviceId]' passed (0.006 seconds).
Test Case '-[CondiscoTests.LearningStoreTests testLegacyBuildDatabaseUpgradesInPlaceWithoutDataLoss]' started.
Test Case '-[CondiscoTests.LearningStoreTests testLegacyBuildDatabaseUpgradesInPlaceWithoutDataLoss]' passed (0.025 seconds).
Test Case '-[CondiscoTests.LearningStoreTests testMissionTriedMarkerEmptyValueIsUntried]' started.
Test Case '-[CondiscoTests.LearningStoreTests testMissionTriedMarkerEmptyValueIsUntried]' passed (0.008 seconds).
Test Case '-[CondiscoTests.LearningStoreTests testMissionTriedMarkerLeavesSavedPhrasesUntouched]' started.
Test Case '-[CondiscoTests.LearningStoreTests testMissionTriedMarkerLeavesSavedPhrasesUntouched]' passed (0.010 seconds).
Test Case '-[CondiscoTests.LearningStoreTests testMissionTriedMarkerMissingKeyIsUntried]' started.
Test Case '-[CondiscoTests.LearningStoreTests testMissionTriedMarkerMissingKeyIsUntried]' passed (0.010 seconds).
Test Case '-[CondiscoTests.LearningStoreTests testMissionTriedMarkerRoundTrip]' started.
Test Case '-[CondiscoTests.LearningStoreTests testMissionTriedMarkerRoundTrip]' passed (0.007 seconds).
Test Case '-[CondiscoTests.LearningStoreTests testMissionTriedMarkerUnmarkViaDelete]' started.
Test Case '-[CondiscoTests.LearningStoreTests testMissionTriedMarkerUnmarkViaDelete]' passed (0.009 seconds).
Test Case '-[CondiscoTests.LearningStoreTests testOfflineFirstLocalPathsWorkWithoutSync]' started.
Test Case '-[CondiscoTests.LearningStoreTests testOfflineFirstLocalPathsWorkWithoutSync]' passed (0.016 seconds).
Test Case '-[CondiscoTests.LearningStoreTests testOldPackVersionEventsProjectWithoutLossOrQuarantine]' started.
Test Case '-[CondiscoTests.LearningStoreTests testOldPackVersionEventsProjectWithoutLossOrQuarantine]' passed (0.015 seconds).
Test Case '-[CondiscoTests.LearningStoreTests testPackScopedTolerantReadReturnsGoodEventsAndReportsSkipped]' started.
Test Case '-[CondiscoTests.LearningStoreTests testPackScopedTolerantReadReturnsGoodEventsAndReportsSkipped]' passed (0.014 seconds).
Test Case '-[CondiscoTests.LearningStoreTests testRecordClozeValuesReorderedKeysIsNoOp]' started.
Test Case '-[CondiscoTests.LearningStoreTests testRecordClozeValuesReorderedKeysIsNoOp]' passed (0.014 seconds).
Test Case '-[CondiscoTests.LearningStoreTests testReopenPreservesAllRowsAndDeviceIdentity]' started.
Test Case '-[CondiscoTests.LearningStoreTests testReopenPreservesAllRowsAndDeviceIdentity]' passed (0.017 seconds).
Test Case '-[CondiscoTests.LearningStoreTests testSavedPhraseSaveUnsaveRoundTrip]' started.
Test Case '-[CondiscoTests.LearningStoreTests testSavedPhraseSaveUnsaveRoundTrip]' passed (0.008 seconds).
Test Case '-[CondiscoTests.LearningStoreTests testTwoDeviceCheckpointLastWriteWinsAndTombstoneConvergence]' started.
Test Case '-[CondiscoTests.LearningStoreTests testTwoDeviceCheckpointLastWriteWinsAndTombstoneConvergence]' passed (0.018 seconds).
Test Case '-[CondiscoTests.LearningStoreTests testTwoDeviceEventMergeConvergesWithoutLossOrDuplicates]' started.
Test Case '-[CondiscoTests.LearningStoreTests testTwoDeviceEventMergeConvergesWithoutLossOrDuplicates]' passed (0.039 seconds).
Test Case '-[CondiscoTests.LearningStoreTests testTwoDeviceListenStateLastWriteWins]' started.
Test Case '-[CondiscoTests.LearningStoreTests testTwoDeviceListenStateLastWriteWins]' passed (0.013 seconds).
Test Case '-[CondiscoTests.LearningStoreTests testTwoDeviceSavedPhraseMergeTombstoneAndUnion]' started.
Test Case '-[CondiscoTests.LearningStoreTests testTwoDeviceSavedPhraseMergeTombstoneAndUnion]' passed (0.018 seconds).
Test Case '-[CondiscoTests.LearningStoreTests testWarmUpAttemptReschedulesFsrsIdenticallyToReview]' started.
Test Case '-[CondiscoTests.LearningStoreTests testWarmUpAttemptReschedulesFsrsIdenticallyToReview]' passed (0.037 seconds).
Test Case '-[CondiscoTests.LearningStoreTests testWarmUpEmptyWhenNothingDueEarlier]' started.
Test Case '-[CondiscoTests.LearningStoreTests testWarmUpEmptyWhenNothingDueEarlier]' passed (0.007 seconds).
Test Case '-[CondiscoTests.LearningStoreTests testWarmUpExcludesCurrentLessonEvidenceKeys]' started.
Test Case '-[CondiscoTests.LearningStoreTests testWarmUpExcludesCurrentLessonEvidenceKeys]' passed (0.003 seconds).
Test Case '-[CondiscoTests.LearningStoreTests testWarmUpExcludesReviewFallbackItems]' started.
Test Case '-[CondiscoTests.LearningStoreTests testWarmUpExcludesReviewFallbackItems]' passed (0.003 seconds).
Test Case '-[CondiscoTests.LearningStoreTests testWarmUpLeavesCheckpointSemanticsIntact]' started.
Test Case '-[CondiscoTests.LearningStoreTests testWarmUpLeavesCheckpointSemanticsIntact]' passed (0.043 seconds).
Test Case '-[CondiscoTests.LearningStoreTests testWarmUpNeverDuplicatesWithinMission]' started.
Test Case '-[CondiscoTests.LearningStoreTests testWarmUpNeverDuplicatesWithinMission]' passed (0.003 seconds).
Test Case '-[CondiscoTests.LearningStoreTests testWarmUpSelectsOldestFirstFromEarlierLessonsOnly]' started.
Test Case '-[CondiscoTests.LearningStoreTests testWarmUpSelectsOldestFirstFromEarlierLessonsOnly]' passed (0.003 seconds).
Test Suite 'LearningStoreTests' passed at 2026-09-26 08:31:28.340.
	 Executed 40 tests, with 0 failures (0 unexpected) in 0.537 (0.555) seconds
Test Suite 'LegacyUserDefaultsMigrationTests' started at 2026-09-26 08:31:28.340.
Test Case '-[CondiscoTests.LegacyUserDefaultsMigrationTests testFocusLanguageKeyReadExactlyAsHomeReadsIt]' started.
Test Case '-[CondiscoTests.LegacyUserDefaultsMigrationTests testFocusLanguageKeyReadExactlyAsHomeReadsIt]' passed (0.006 seconds).
Test Case '-[CondiscoTests.LegacyUserDefaultsMigrationTests testLegacyPlacementKeyRoundTripsThroughPlacementStore]' started.
Test Case '-[CondiscoTests.LegacyUserDefaultsMigrationTests testLegacyPlacementKeyRoundTripsThroughPlacementStore]' passed (0.006 seconds).
Test Case '-[CondiscoTests.LegacyUserDefaultsMigrationTests testLegacyReminderKeysReadAtInit]' started.
Test Case '-[CondiscoTests.LegacyUserDefaultsMigrationTests testLegacyReminderKeysReadAtInit]' passed (0.008 seconds).
Test Case '-[CondiscoTests.LegacyUserDefaultsMigrationTests testLegacySignInDisplayNameKeySurvives]' started.
Test Case '-[CondiscoTests.LegacyUserDefaultsMigrationTests testLegacySignInDisplayNameKeySurvives]' passed (0.006 seconds).
Test Case '-[CondiscoTests.LegacyUserDefaultsMigrationTests testLegacyVoiceKeyRoundTripsThroughVoiceStore]' started.
Test Case '-[CondiscoTests.LegacyUserDefaultsMigrationTests testLegacyVoiceKeyRoundTripsThroughVoiceStore]' passed (0.005 seconds).
Test Suite 'LegacyUserDefaultsMigrationTests' passed at 2026-09-26 08:31:28.373.
	 Executed 5 tests, with 0 failures (0 unexpected) in 0.031 (0.033) seconds
Test Suite 'LessonContextTests' started at 2026-09-26 08:31:28.374.
Test Case '-[CondiscoTests.LessonContextTests testRevisitedStoryQuestionDoesNotShowLaterSpoiler]' started.
Test Case '-[CondiscoTests.LessonContextTests testRevisitedStoryQuestionDoesNotShowLaterSpoiler]' passed (0.002 seconds).
Test Case '-[CondiscoTests.LessonContextTests testStoryQuestionShowsMostRecentStoryBeat]' started.
Test Case '-[CondiscoTests.LessonContextTests testStoryQuestionShowsMostRecentStoryBeat]' passed (0.001 seconds).
Test Suite 'LessonContextTests' passed at 2026-09-26 08:31:28.378.
	 Executed 2 tests, with 0 failures (0 unexpected) in 0.003 (0.005) seconds
Test Suite 'LessonSessionTests' started at 2026-09-26 08:31:28.379.
Test Case '-[CondiscoTests.LessonSessionTests testAdvanceOnIncompleteStepThrows]' started.
Test Case '-[CondiscoTests.LessonSessionTests testAdvanceOnIncompleteStepThrows]' passed (0.003 seconds).
Test Case '-[CondiscoTests.LessonSessionTests testAdvanceWithoutEvaluationThrows]' started.
Test Case '-[CondiscoTests.LessonSessionTests testAdvanceWithoutEvaluationThrows]' passed (0.001 seconds).
Test Case '-[CondiscoTests.LessonSessionTests testOpenSupportThrowsWhenStepHasNoSupportActivity]' started.
Test Case '-[CondiscoTests.LessonSessionTests testOpenSupportThrowsWhenStepHasNoSupportActivity]' passed (0.001 seconds).
Test Case '-[CondiscoTests.LessonSessionTests testResumeRestartsOnMissingLesson]' started.
Test Case '-[CondiscoTests.LessonSessionTests testResumeRestartsOnMissingLesson]' passed (0.001 seconds).
Test Case '-[CondiscoTests.LessonSessionTests testResumeRestartsOnRevisionMismatch]' started.
Test Case '-[CondiscoTests.LessonSessionTests testResumeRestartsOnRevisionMismatch]' passed (0.001 seconds).
Test Case '-[CondiscoTests.LessonSessionTests testStartLessonHappyPathRunsToCompletion]' started.
Test Case '-[CondiscoTests.LessonSessionTests testStartLessonHappyPathRunsToCompletion]' passed (0.005 seconds).
Test Case '-[CondiscoTests.LessonSessionTests testUnknownLessonThrows]' started.
Test Case '-[CondiscoTests.LessonSessionTests testUnknownLessonThrows]' passed (0.001 seconds).
Test Case '-[CondiscoTests.LessonSessionTests testWalkTrailCoversLinearLesson]' started.
Test Case '-[CondiscoTests.LessonSessionTests testWalkTrailCoversLinearLesson]' passed (0.001 seconds).
Test Suite 'LessonSessionTests' passed at 2026-09-26 08:31:28.397.
	 Executed 8 tests, with 0 failures (0 unexpected) in 0.014 (0.018) seconds
Test Suite 'MalformedContentTests' started at 2026-09-26 08:31:28.397.
Test Case '-[CondiscoTests.MalformedContentTests testMalformedEventPayloadRejectedAtDecode]' started.
Test Case '-[CondiscoTests.MalformedContentTests testMalformedEventPayloadRejectedAtDecode]' passed (0.001 seconds).
Test Case '-[CondiscoTests.MalformedContentTests testSchemaValidButInvalidPackFailsValidator]' started.
Test Case '-[CondiscoTests.MalformedContentTests testSchemaValidButInvalidPackFailsValidator]' passed (0.003 seconds).
Test Case '-[CondiscoTests.MalformedContentTests testTruncatedPackJSONThrowsSafeDecodingError]' started.
Test Case '-[CondiscoTests.MalformedContentTests testTruncatedPackJSONThrowsSafeDecodingError]' passed (0.001 seconds).
Test Case '-[CondiscoTests.MalformedContentTests testWronglyTypedPackFieldThrowsTypedError]' started.
Test Case '-[CondiscoTests.MalformedContentTests testWronglyTypedPackFieldThrowsTypedError]' passed (0.001 seconds).
Test Case '-[CondiscoTests.MalformedContentTests testWrongSchemaVersionPackThrowsTypedError]' started.
Test Case '-[CondiscoTests.MalformedContentTests testWrongSchemaVersionPackThrowsTypedError]' passed (0.001 seconds).
Test Suite 'MalformedContentTests' passed at 2026-09-26 08:31:28.408.
	 Executed 5 tests, with 0 failures (0 unexpected) in 0.007 (0.011) seconds
Test Suite 'NextLessonTests' started at 2026-09-26 08:31:28.408.
Test Case '-[CondiscoTests.NextLessonTests testContinueDeepLinkParsesToContinueRoute]' started.
Test Case '-[CondiscoTests.NextLessonTests testContinueDeepLinkParsesToContinueRoute]' passed (0.001 seconds).
Test Case '-[CondiscoTests.NextLessonTests testContinueResolutionFullyCompletePackReturnsNil]' started.
Test Case '-[CondiscoTests.NextLessonTests testContinueResolutionFullyCompletePackReturnsNil]' passed (0.002 seconds).
Test Case '-[CondiscoTests.NextLessonTests testContinueResolutionOrphanedCompletedIdsAndOrphanOnlyPack]' started.
Test Case '-[CondiscoTests.NextLessonTests testContinueResolutionOrphanedCompletedIdsAndOrphanOnlyPack]' passed (0.001 seconds).
Test Case '-[CondiscoTests.NextLessonTests testContinueResolutionPartialPackProgress]' started.
Test Case '-[CondiscoTests.NextLessonTests testContinueResolutionPartialPackProgress]' passed (0.001 seconds).
Test Case '-[CondiscoTests.NextLessonTests testHelperAndHomeOnlyCountParticipationCompleted]' started.
Test Case '-[CondiscoTests.NextLessonTests testHelperAndHomeOnlyCountParticipationCompleted]' passed (0.001 seconds).
Test Case '-[CondiscoTests.NextLessonTests testHelperReturnsFirstUncompletedInUnitOrder]' started.
Test Case '-[CondiscoTests.NextLessonTests testHelperReturnsFirstUncompletedInUnitOrder]' passed (0.001 seconds).
Test Case '-[CondiscoTests.NextLessonTests testHelperReturnsNilWhenEveryLessonIsComplete]' started.
Test Case '-[CondiscoTests.NextLessonTests testHelperReturnsNilWhenEveryLessonIsComplete]' passed (0.001 seconds).
Test Case '-[CondiscoTests.NextLessonTests testHelperSkipsOrphanedLessonAndStillFindsThePath]' started.
Test Case '-[CondiscoTests.NextLessonTests testHelperSkipsOrphanedLessonAndStillFindsThePath]' passed (0.001 seconds).
Test Case '-[CondiscoTests.NextLessonTests testHelperSkipsOrphanedLessonEvenWhenOnlyItRemains]' started.
Test Case '-[CondiscoTests.NextLessonTests testHelperSkipsOrphanedLessonEvenWhenOnlyItRemains]' passed (0.001 seconds).
Test Case '-[CondiscoTests.NextLessonTests testHomeAndHelperAgreeAcrossProgressLevels]' started.
Test Case '-[CondiscoTests.NextLessonTests testHomeAndHelperAgreeAcrossProgressLevels]' passed (0.002 seconds).
Test Case '-[CondiscoTests.NextLessonTests testHomeWidgetAndDeepLinkResolutionAgreeOnSameCompletedSet]' started.
Test Case '-[CondiscoTests.NextLessonTests testHomeWidgetAndDeepLinkResolutionAgreeOnSameCompletedSet]' passed (0.002 seconds).
Test Case '-[CondiscoTests.NextLessonTests testRealFrenchPathOrderMatchesAuthoredOrder]' started.
Test Case '-[CondiscoTests.NextLessonTests testRealFrenchPathOrderMatchesAuthoredOrder]' passed (0.001 seconds).
Test Case '-[CondiscoTests.NextLessonTests testWidgetSnapshotNextLessonMatchesHelper]' started.
Test Case '-[CondiscoTests.NextLessonTests testWidgetSnapshotNextLessonMatchesHelper]' passed (0.001 seconds).
Test Case '-[CondiscoTests.NextLessonTests testWidgetSnapshotPathCompleteWhenFullyCompleted]' started.
Test Case '-[CondiscoTests.NextLessonTests testWidgetSnapshotPathCompleteWhenFullyCompleted]' passed (0.001 seconds).
Test Case '-[CondiscoTests.NextLessonTests testWidgetSnapshotSkipsOrphanedLessons]' started.
Test Case '-[CondiscoTests.NextLessonTests testWidgetSnapshotSkipsOrphanedLessons]' passed (0.001 seconds).
Test Case '-[CondiscoTests.NextLessonTests testWidgetSnapshotUsesFocusPackSelectionLikeRefresh]' started.
Test Case '-[CondiscoTests.NextLessonTests testWidgetSnapshotUsesFocusPackSelectionLikeRefresh]' passed (0.001 seconds).
Test Suite 'NextLessonTests' passed at 2026-09-26 08:31:28.434.
	 Executed 16 tests, with 0 failures (0 unexpected) in 0.020 (0.026) seconds
Test Suite 'PackContentTests' started at 2026-09-26 08:31:28.434.
Test Case '-[CondiscoTests.PackContentTests testPacksLoadValidateAndCoverFiveLanguages]' started.
Test Case '-[CondiscoTests.PackContentTests testPacksLoadValidateAndCoverFiveLanguages]' passed (0.039 seconds).
Test Suite 'PackContentTests' passed at 2026-09-26 08:31:28.474.
	 Executed 1 test, with 0 failures (0 unexpected) in 0.039 (0.039) seconds
Test Suite 'PackFrenchTests' started at 2026-09-26 08:31:28.474.
Test Case '-[CondiscoTests.PackFrenchTests testAuthoredErrorsFireForPlausibleWrongAnswers]' started.
Test Case '-[CondiscoTests.PackFrenchTests testAuthoredErrorsFireForPlausibleWrongAnswers]' passed (0.009 seconds).
Test Case '-[CondiscoTests.PackFrenchTests testBatch1AcceptsNaturalAlternatives]' started.
Test Case '-[CondiscoTests.PackFrenchTests testBatch1AcceptsNaturalAlternatives]' passed (0.002 seconds).
Test Case '-[CondiscoTests.PackFrenchTests testBatch1GradedStepsHaveAuthoredHints]' started.
Test Case '-[CondiscoTests.PackFrenchTests testBatch1GradedStepsHaveAuthoredHints]' passed (0.005 seconds).
Test Case '-[CondiscoTests.PackFrenchTests testBatch1PromptNarrowingHolds]' started.
Test Case '-[CondiscoTests.PackFrenchTests testBatch1PromptNarrowingHolds]' passed (0.001 seconds).
Test Case '-[CondiscoTests.PackFrenchTests testBatch1TextActivitiesAuthorErrors]' started.
Test Case '-[CondiscoTests.PackFrenchTests testBatch1TextActivitiesAuthorErrors]' passed (0.004 seconds).
Test Case '-[CondiscoTests.PackFrenchTests testBatch2AcceptsNaturalAlternatives]' started.
Test Case '-[CondiscoTests.PackFrenchTests testBatch2AcceptsNaturalAlternatives]' passed (0.002 seconds).
Test Case '-[CondiscoTests.PackFrenchTests testBatch2ErrorsFireForPlausibleWrongAnswers]' started.
Test Case '-[CondiscoTests.PackFrenchTests testBatch2ErrorsFireForPlausibleWrongAnswers]' passed (0.009 seconds).
Test Case '-[CondiscoTests.PackFrenchTests testBatch2GradedStepsHaveAuthoredHints]' started.
Test Case '-[CondiscoTests.PackFrenchTests testBatch2GradedStepsHaveAuthoredHints]' passed (0.006 seconds).
Test Case '-[CondiscoTests.PackFrenchTests testBatch2MissionsEndWithTextFinalResponse]' started.
Test Case '-[CondiscoTests.PackFrenchTests testBatch2MissionsEndWithTextFinalResponse]' passed (0.002 seconds).
Test Case '-[CondiscoTests.PackFrenchTests testBatch2TextActivitiesAuthorErrors]' started.
Test Case '-[CondiscoTests.PackFrenchTests testBatch2TextActivitiesAuthorErrors]' passed (0.006 seconds).
Test Case '-[CondiscoTests.PackFrenchTests testBatch3ErrorsFireForPlausibleWrongAnswers]' started.
Test Case '-[CondiscoTests.PackFrenchTests testBatch3ErrorsFireForPlausibleWrongAnswers]' passed (0.008 seconds).
Test Case '-[CondiscoTests.PackFrenchTests testBatch3GradedStepsHaveAuthoredHints]' started.
Test Case '-[CondiscoTests.PackFrenchTests testBatch3GradedStepsHaveAuthoredHints]' passed (0.006 seconds).
Test Case '-[CondiscoTests.PackFrenchTests testBatch3PromptAnswerAlignmentHolds]' started.
Test Case '-[CondiscoTests.PackFrenchTests testBatch3PromptAnswerAlignmentHolds]' passed (0.005 seconds).
Test Case '-[CondiscoTests.PackFrenchTests testBatch3StoriesEndWithTextFinalResponse]' started.
Test Case '-[CondiscoTests.PackFrenchTests testBatch3StoriesEndWithTextFinalResponse]' passed (0.002 seconds).
Test Case '-[CondiscoTests.PackFrenchTests testBatch3TextActivitiesAuthorErrors]' started.
Test Case '-[CondiscoTests.PackFrenchTests testBatch3TextActivitiesAuthorErrors]' passed (0.007 seconds).
Test Case '-[CondiscoTests.PackFrenchTests testBatch4AcceptsNaturalAlternatives]' started.
Test Case '-[CondiscoTests.PackFrenchTests testBatch4AcceptsNaturalAlternatives]' passed (0.002 seconds).
Test Case '-[CondiscoTests.PackFrenchTests testBatch4ErrorsFireForPlausibleWrongAnswers]' started.
Test Case '-[CondiscoTests.PackFrenchTests testBatch4ErrorsFireForPlausibleWrongAnswers]' passed (0.019 seconds).
Test Case '-[CondiscoTests.PackFrenchTests testBatch4GradedStepsHaveAuthoredHints]' started.
Test Case '-[CondiscoTests.PackFrenchTests testBatch4GradedStepsHaveAuthoredHints]' passed (0.009 seconds).
Test Case '-[CondiscoTests.PackFrenchTests testBatch4PromptNarrowingHolds]' started.
Test Case '-[CondiscoTests.PackFrenchTests testBatch4PromptNarrowingHolds]' passed (0.004 seconds).
Test Case '-[CondiscoTests.PackFrenchTests testBatch4TextActivitiesAuthorErrors]' started.
Test Case '-[CondiscoTests.PackFrenchTests testBatch4TextActivitiesAuthorErrors]' passed (0.010 seconds).
Test Case '-[CondiscoTests.PackFrenchTests testBatch5AcceptsNaturalAlternatives]' started.
Test Case '-[CondiscoTests.PackFrenchTests testBatch5AcceptsNaturalAlternatives]' passed (0.003 seconds).
Test Case '-[CondiscoTests.PackFrenchTests testBatch5ConversationsEndWithTextFinalResponse]' started.
Test Case '-[CondiscoTests.PackFrenchTests testBatch5ConversationsEndWithTextFinalResponse]' passed (0.002 seconds).
Test Case '-[CondiscoTests.PackFrenchTests testBatch5ErrorsFireForPlausibleWrongAnswers]' started.
Test Case '-[CondiscoTests.PackFrenchTests testBatch5ErrorsFireForPlausibleWrongAnswers]' passed (0.010 seconds).
Test Case '-[CondiscoTests.PackFrenchTests testBatch5GradedStepsHaveAuthoredHints]' started.
Test Case '-[CondiscoTests.PackFrenchTests testBatch5GradedStepsHaveAuthoredHints]' passed (0.007 seconds).
Test Case '-[CondiscoTests.PackFrenchTests testBatch5PromptNarrowingHolds]' started.
Test Case '-[CondiscoTests.PackFrenchTests testBatch5PromptNarrowingHolds]' passed (0.003 seconds).
Test Case '-[CondiscoTests.PackFrenchTests testBatch5TextActivitiesAuthorErrors]' started.
Test Case '-[CondiscoTests.PackFrenchTests testBatch5TextActivitiesAuthorErrors]' passed (0.006 seconds).
Test Case '-[CondiscoTests.PackFrenchTests testBatch6AcceptsNaturalAlternatives]' started.
Test Case '-[CondiscoTests.PackFrenchTests testBatch6AcceptsNaturalAlternatives]' passed (0.001 seconds).
Test Case '-[CondiscoTests.PackFrenchTests testBatch6ErrorsFireForPlausibleWrongAnswers]' started.
Test Case '-[CondiscoTests.PackFrenchTests testBatch6ErrorsFireForPlausibleWrongAnswers]' passed (0.009 seconds).
Test Case '-[CondiscoTests.PackFrenchTests testBatch6GradedStepsHaveAuthoredHints]' started.
Test Case '-[CondiscoTests.PackFrenchTests testBatch6GradedStepsHaveAuthoredHints]' passed (0.010 seconds).
Test Case '-[CondiscoTests.PackFrenchTests testBatch6LessonsEndOnGradedResponse]' started.
Test Case '-[CondiscoTests.PackFrenchTests testBatch6LessonsEndOnGradedResponse]' passed (0.002 seconds).
Test Case '-[CondiscoTests.PackFrenchTests testBatch6PromptNarrowingHolds]' started.
Test Case '-[CondiscoTests.PackFrenchTests testBatch6PromptNarrowingHolds]' passed (0.002 seconds).
Test Case '-[CondiscoTests.PackFrenchTests testBatch6TextActivitiesAuthorErrors]' started.
Test Case '-[CondiscoTests.PackFrenchTests testBatch6TextActivitiesAuthorErrors]' passed (0.008 seconds).
Test Case '-[CondiscoTests.PackFrenchTests testFrenchPackLoadsAndValidates]' started.
Test Case '-[CondiscoTests.PackFrenchTests testFrenchPackLoadsAndValidates]' passed (0.006 seconds).
Test Suite 'PackFrenchTests' passed at 2026-09-26 08:31:28.677.
	 Executed 33 tests, with 0 failures (0 unexpected) in 0.187 (0.203) seconds
Test Suite 'PackGermanTests' started at 2026-09-26 08:31:28.677.
Test Case '-[CondiscoTests.PackGermanTests testAuthoredErrorsFireForPlausibleWrongAnswers]' started.
Test Case '-[CondiscoTests.PackGermanTests testAuthoredErrorsFireForPlausibleWrongAnswers]' passed (0.003 seconds).
Test Case '-[CondiscoTests.PackGermanTests testBatch1AcceptsNaturalGermanAlternatives]' started.
Test Case '-[CondiscoTests.PackGermanTests testBatch1AcceptsNaturalGermanAlternatives]' passed (0.001 seconds).
Test Case '-[CondiscoTests.PackGermanTests testBatch1GradedStepsHaveAuthoredHints]' started.
Test Case '-[CondiscoTests.PackGermanTests testBatch1GradedStepsHaveAuthoredHints]' passed (0.001 seconds).
Test Case '-[CondiscoTests.PackGermanTests testBatch1TextActivitiesAuthorErrors]' started.
Test Case '-[CondiscoTests.PackGermanTests testBatch1TextActivitiesAuthorErrors]' passed (0.001 seconds).
Test Case '-[CondiscoTests.PackGermanTests testBatch2AcceptsAuthoredAnswers]' started.
Test Case '-[CondiscoTests.PackGermanTests testBatch2AcceptsAuthoredAnswers]' passed (0.003 seconds).
Test Case '-[CondiscoTests.PackGermanTests testBatch2AuthoredErrorsFireForPlausibleWrongAnswers]' started.
Test Case '-[CondiscoTests.PackGermanTests testBatch2AuthoredErrorsFireForPlausibleWrongAnswers]' passed (0.008 seconds).
Test Case '-[CondiscoTests.PackGermanTests testBatch2GradedStepsHaveAuthoredHints]' started.
Test Case '-[CondiscoTests.PackGermanTests testBatch2GradedStepsHaveAuthoredHints]' passed (0.005 seconds).
Test Case '-[CondiscoTests.PackGermanTests testBatch2TextAndClozeActivitiesAuthorErrors]' started.
Test Case '-[CondiscoTests.PackGermanTests testBatch2TextAndClozeActivitiesAuthorErrors]' passed (0.004 seconds).
Test Case '-[CondiscoTests.PackGermanTests testBatch3AcceptsAuthoredAnswers]' started.
Test Case '-[CondiscoTests.PackGermanTests testBatch3AcceptsAuthoredAnswers]' passed (0.006 seconds).
Test Case '-[CondiscoTests.PackGermanTests testBatch3AuthoredErrorsFireForPlausibleWrongAnswers]' started.
Test Case '-[CondiscoTests.PackGermanTests testBatch3AuthoredErrorsFireForPlausibleWrongAnswers]' passed (0.016 seconds).
Test Case '-[CondiscoTests.PackGermanTests testBatch3GradedStepsHaveAuthoredHints]' started.
Test Case '-[CondiscoTests.PackGermanTests testBatch3GradedStepsHaveAuthoredHints]' passed (0.005 seconds).
Test Case '-[CondiscoTests.PackGermanTests testBatch3TextAndClozeActivitiesAuthorErrors]' started.
Test Case '-[CondiscoTests.PackGermanTests testBatch3TextAndClozeActivitiesAuthorErrors]' passed (0.005 seconds).
Test Case '-[CondiscoTests.PackGermanTests testBatch4AcceptsAuthoredAnswers]' started.
Test Case '-[CondiscoTests.PackGermanTests testBatch4AcceptsAuthoredAnswers]' passed (0.010 seconds).
Test Case '-[CondiscoTests.PackGermanTests testBatch4AuthoredErrorsFireForPlausibleWrongAnswers]' started.
Test Case '-[CondiscoTests.PackGermanTests testBatch4AuthoredErrorsFireForPlausibleWrongAnswers]' passed (0.014 seconds).
Test Case '-[CondiscoTests.PackGermanTests testBatch4GradedStepsHaveAuthoredHints]' started.
Test Case '-[CondiscoTests.PackGermanTests testBatch4GradedStepsHaveAuthoredHints]' passed (0.011 seconds).
Test Case '-[CondiscoTests.PackGermanTests testBatch4TextAndClozeActivitiesAuthorErrors]' started.
Test Case '-[CondiscoTests.PackGermanTests testBatch4TextAndClozeActivitiesAuthorErrors]' passed (0.010 seconds).
Test Case '-[CondiscoTests.PackGermanTests testBatch5AcceptsAuthoredAnswers]' started.
Test Case '-[CondiscoTests.PackGermanTests testBatch5AcceptsAuthoredAnswers]' passed (0.005 seconds).
Test Case '-[CondiscoTests.PackGermanTests testBatch5AuthoredErrorsFireForPlausibleWrongAnswers]' started.
Test Case '-[CondiscoTests.PackGermanTests testBatch5AuthoredErrorsFireForPlausibleWrongAnswers]' passed (0.011 seconds).
Test Case '-[CondiscoTests.PackGermanTests testBatch5GradedStepsHaveAuthoredHints]' started.
Test Case '-[CondiscoTests.PackGermanTests testBatch5GradedStepsHaveAuthoredHints]' passed (0.005 seconds).
Test Case '-[CondiscoTests.PackGermanTests testBatch5TextAndClozeActivitiesAuthorErrors]' started.
Test Case '-[CondiscoTests.PackGermanTests testBatch5TextAndClozeActivitiesAuthorErrors]' passed (0.005 seconds).
Test Case '-[CondiscoTests.PackGermanTests testBatch6AcceptsAuthoredAnswers]' started.
Test Case '-[CondiscoTests.PackGermanTests testBatch6AcceptsAuthoredAnswers]' passed (0.006 seconds).
Test Case '-[CondiscoTests.PackGermanTests testBatch6AuthoredErrorsFireForPlausibleWrongAnswers]' started.
Test Case '-[CondiscoTests.PackGermanTests testBatch6AuthoredErrorsFireForPlausibleWrongAnswers]' passed (0.015 seconds).
Test Case '-[CondiscoTests.PackGermanTests testBatch6GradedStepsHaveAuthoredHints]' started.
Test Case '-[CondiscoTests.PackGermanTests testBatch6GradedStepsHaveAuthoredHints]' passed (0.012 seconds).
Test Case '-[CondiscoTests.PackGermanTests testBatch6TextAndClozeActivitiesAuthorErrors]' started.
Test Case '-[CondiscoTests.PackGermanTests testBatch6TextAndClozeActivitiesAuthorErrors]' passed (0.011 seconds).
Test Case '-[CondiscoTests.PackGermanTests testGermanPackLoadsAndValidates]' started.
Test Case '-[CondiscoTests.PackGermanTests testGermanPackLoadsAndValidates]' passed (0.008 seconds).
Test Case '-[CondiscoTests.PackGermanTests testPackCopyHasNoUnverifiedNativeReviewClaim]' started.
Test Case '-[CondiscoTests.PackGermanTests testPackCopyHasNoUnverifiedNativeReviewClaim]' passed (0.001 seconds).
Test Suite 'PackGermanTests' passed at 2026-09-26 08:31:28.869.
	 Executed 26 tests, with 0 failures (0 unexpected) in 0.180 (0.191) seconds
Test Suite 'PackItalianTests' started at 2026-09-26 08:31:28.869.
Test Case '-[CondiscoTests.PackItalianTests testAlbergoPoliteDarmiRequest]' started.
Test Case '-[CondiscoTests.PackItalianTests testAlbergoPoliteDarmiRequest]' passed (0.002 seconds).
Test Case '-[CondiscoTests.PackItalianTests testAlbergoShowerSubjectAgreement]' started.
Test Case '-[CondiscoTests.PackItalianTests testAlbergoShowerSubjectAgreement]' passed (0.001 seconds).
Test Case '-[CondiscoTests.PackItalianTests testCafeBuildClozeUnArticle]' started.
Test Case '-[CondiscoTests.PackItalianTests testCafeBuildClozeUnArticle]' passed (0.001 seconds).
Test Case '-[CondiscoTests.PackItalianTests testCafeBuildTeaAccent]' started.
Test Case '-[CondiscoTests.PackItalianTests testCafeBuildTeaAccent]' passed (0.001 seconds).
Test Case '-[CondiscoTests.PackItalianTests testCafeMissionOrderWordingAndAccent]' started.
Test Case '-[CondiscoTests.PackItalianTests testCafeMissionOrderWordingAndAccent]' passed (0.001 seconds).
Test Case '-[CondiscoTests.PackItalianTests testCafeOrderClozeFavore]' started.
Test Case '-[CondiscoTests.PackItalianTests testCafeOrderClozeFavore]' passed (0.002 seconds).
Test Case '-[CondiscoTests.PackItalianTests testCafeOrderProducePoliteOrder]' started.
Test Case '-[CondiscoTests.PackItalianTests testCafeOrderProducePoliteOrder]' passed (0.001 seconds).
Test Case '-[CondiscoTests.PackItalianTests testCafeOrderTransferPriceQuestion]' started.
Test Case '-[CondiscoTests.PackItalianTests testCafeOrderTransferPriceQuestion]' passed (0.001 seconds).
Test Case '-[CondiscoTests.PackItalianTests testComparativiClozePiu]' started.
Test Case '-[CondiscoTests.PackItalianTests testComparativiClozePiu]' passed (0.002 seconds).
Test Case '-[CondiscoTests.PackItalianTests testComparativiThinkConcordance]' started.
Test Case '-[CondiscoTests.PackItalianTests testComparativiThinkConcordance]' passed (0.001 seconds).
Test Case '-[CondiscoTests.PackItalianTests testCondizionaleClozeDovrei]' started.
Test Case '-[CondiscoTests.PackItalianTests testCondizionaleClozeDovrei]' passed (0.002 seconds).
Test Case '-[CondiscoTests.PackItalianTests testCondizionaleCortesiaRb3Taxi]' started.
Test Case '-[CondiscoTests.PackItalianTests testCondizionaleCortesiaRb3Taxi]' passed (0.001 seconds).
Test Case '-[CondiscoTests.PackItalianTests testCondizionaleCortesiaThinkVorrei]' started.
Test Case '-[CondiscoTests.PackItalianTests testCondizionaleCortesiaThinkVorrei]' passed (0.001 seconds).
Test Case '-[CondiscoTests.PackItalianTests testCondizionaleCortesiaVaryPronoun]' started.
Test Case '-[CondiscoTests.PackItalianTests testCondizionaleCortesiaVaryPronoun]' passed (0.001 seconds).
Test Case '-[CondiscoTests.PackItalianTests testCondizionaleThinkComprerei]' started.
Test Case '-[CondiscoTests.PackItalianTests testCondizionaleThinkComprerei]' passed (0.001 seconds).
Test Case '-[CondiscoTests.PackItalianTests testCongiuntivoClozeFareForm]' started.
Test Case '-[CondiscoTests.PackItalianTests testCongiuntivoClozeFareForm]' passed (0.001 seconds).
Test Case '-[CondiscoTests.PackItalianTests testCongiuntivoVaryDoubtPlacement]' started.
Test Case '-[CondiscoTests.PackItalianTests testCongiuntivoVaryDoubtPlacement]' passed (0.001 seconds).
Test Case '-[CondiscoTests.PackItalianTests testDaysClozeCardinalDate]' started.
Test Case '-[CondiscoTests.PackItalianTests testDaysClozeCardinalDate]' passed (0.001 seconds).
Test Case '-[CondiscoTests.PackItalianTests testDaysListenModelAccents]' started.
Test Case '-[CondiscoTests.PackItalianTests testDaysListenModelAccents]' passed (0.001 seconds).
Test Case '-[CondiscoTests.PackItalianTests testDirectionsFinalArrivalStatement]' started.
Test Case '-[CondiscoTests.PackItalianTests testDirectionsFinalArrivalStatement]' passed (0.001 seconds).
Test Case '-[CondiscoTests.PackItalianTests testDirectionsStationArticleCloze]' started.
Test Case '-[CondiscoTests.PackItalianTests testDirectionsStationArticleCloze]' passed (0.001 seconds).
Test Case '-[CondiscoTests.PackItalianTests testEarlyWordsCostaSingular]' started.
Test Case '-[CondiscoTests.PackItalianTests testEarlyWordsCostaSingular]' passed (0.001 seconds).
Test Case '-[CondiscoTests.PackItalianTests testEarlyWordsIntroProDropVariant]' started.
Test Case '-[CondiscoTests.PackItalianTests testEarlyWordsIntroProDropVariant]' passed (0.001 seconds).
Test Case '-[CondiscoTests.PackItalianTests testEarlyWordsPrendoExplicitIo]' started.
Test Case '-[CondiscoTests.PackItalianTests testEarlyWordsPrendoExplicitIo]' passed (0.001 seconds).
Test Case '-[CondiscoTests.PackItalianTests testEmergencyClozeElision]' started.
Test Case '-[CondiscoTests.PackItalianTests testEmergencyClozeElision]' passed (0.001 seconds).
Test Case '-[CondiscoTests.PackItalianTests testEmergencyProduceRequestForm]' started.
Test Case '-[CondiscoTests.PackItalianTests testEmergencyProduceRequestForm]' passed (0.001 seconds).
Test Case '-[CondiscoTests.PackItalianTests testEssereParticipiClozeAbbiamo]' started.
Test Case '-[CondiscoTests.PackItalianTests testEssereParticipiClozeAbbiamo]' passed (0.001 seconds).
Test Case '-[CondiscoTests.PackItalianTests testEssereParticipiProduceHanno]' started.
Test Case '-[CondiscoTests.PackItalianTests testEssereParticipiProduceHanno]' passed (0.001 seconds).
Test Case '-[CondiscoTests.PackItalianTests testFoodClozeIoFormPrendo]' started.
Test Case '-[CondiscoTests.PackItalianTests testFoodClozeIoFormPrendo]' passed (0.001 seconds).
Test Case '-[CondiscoTests.PackItalianTests testFoodConstructionClozeNonPrendo]' started.
Test Case '-[CondiscoTests.PackItalianTests testFoodConstructionClozeNonPrendo]' passed (0.001 seconds).
Test Case '-[CondiscoTests.PackItalianTests testFoodConstructionRefusalAccent]' started.
Test Case '-[CondiscoTests.PackItalianTests testFoodConstructionRefusalAccent]' passed (0.001 seconds).
Test Case '-[CondiscoTests.PackItalianTests testFoodStoryTransferPoliteRegister]' started.
Test Case '-[CondiscoTests.PackItalianTests testFoodStoryTransferPoliteRegister]' passed (0.001 seconds).
Test Case '-[CondiscoTests.PackItalianTests testFuturoSempliceClozeSaro]' started.
Test Case '-[CondiscoTests.PackItalianTests testFuturoSempliceClozeSaro]' passed (0.001 seconds).
Test Case '-[CondiscoTests.PackItalianTests testFuturoSempliceThinkMangeranno]' started.
Test Case '-[CondiscoTests.PackItalianTests testFuturoSempliceThinkMangeranno]' passed (0.001 seconds).
Test Case '-[CondiscoTests.PackItalianTests testFuturoUsiClozeChiamero]' started.
Test Case '-[CondiscoTests.PackItalianTests testFuturoUsiClozeChiamero]' passed (0.001 seconds).
Test Case '-[CondiscoTests.PackItalianTests testFuturoUsiClozeLavoreremo]' started.
Test Case '-[CondiscoTests.PackItalianTests testFuturoUsiClozeLavoreremo]' passed (0.001 seconds).
Test Case '-[CondiscoTests.PackItalianTests testHealthProduceBodyPartArticle]' started.
Test Case '-[CondiscoTests.PackItalianTests testHealthProduceBodyPartArticle]' passed (0.001 seconds).
Test Case '-[CondiscoTests.PackItalianTests testHealthRb5ReportSentence]' started.
Test Case '-[CondiscoTests.PackItalianTests testHealthRb5ReportSentence]' passed (0.001 seconds).
Test Case '-[CondiscoTests.PackItalianTests testHomeBookSentenceAccentError]' started.
Test Case '-[CondiscoTests.PackItalianTests testHomeBookSentenceAccentError]' passed (0.001 seconds).
Test Case '-[CondiscoTests.PackItalianTests testHomeClozeArticleGrading]' started.
Test Case '-[CondiscoTests.PackItalianTests testHomeClozeArticleGrading]' passed (0.001 seconds).
Test Case '-[CondiscoTests.PackItalianTests testImperfettoClozeHoMangiato]' started.
Test Case '-[CondiscoTests.PackItalianTests testImperfettoClozeHoMangiato]' passed (0.001 seconds).
Test Case '-[CondiscoTests.PackItalianTests testImperfettoProduceStudiato]' started.
Test Case '-[CondiscoTests.PackItalianTests testImperfettoProduceStudiato]' passed (0.001 seconds).
Test Case '-[CondiscoTests.PackItalianTests testInvitationsMeaningPoliteNo]' started.
Test Case '-[CondiscoTests.PackItalianTests testInvitationsMeaningPoliteNo]' passed (0.001 seconds).
Test Case '-[CondiscoTests.PackItalianTests testInvitationsRb5VenireCasaMia]' started.
Test Case '-[CondiscoTests.PackItalianTests testInvitationsRb5VenireCasaMia]' passed (0.001 seconds).
Test Case '-[CondiscoTests.PackItalianTests testItalianPackLoadsAndValidates]' started.
Test Case '-[CondiscoTests.PackItalianTests testItalianPackLoadsAndValidates]' passed (0.007 seconds).
Test Case '-[CondiscoTests.PackItalianTests testLavoroImpersonalSiForms]' started.
Test Case '-[CondiscoTests.PackItalianTests testLavoroImpersonalSiForms]' passed (0.002 seconds).
Test Case '-[CondiscoTests.PackItalianTests testMarketClozePluralPriceVerb]' started.
Test Case '-[CondiscoTests.PackItalianTests testMarketClozePluralPriceVerb]' passed (0.001 seconds).
Test Case '-[CondiscoTests.PackItalianTests testMarketFinalTakeResponse]' started.
Test Case '-[CondiscoTests.PackItalianTests testMarketFinalTakeResponse]' passed (0.002 seconds).
Test Case '-[CondiscoTests.PackItalianTests testMarketKiloCostaSingularRule]' started.
Test Case '-[CondiscoTests.PackItalianTests testMarketKiloCostaSingularRule]' passed (0.001 seconds).
Test Case '-[CondiscoTests.PackItalianTests testMarketListenModelSingularVerb]' started.
Test Case '-[CondiscoTests.PackItalianTests testMarketListenModelSingularVerb]' passed (0.001 seconds).
Test Case '-[CondiscoTests.PackItalianTests testMarketMeaningPluralGloss]' started.
Test Case '-[CondiscoTests.PackItalianTests testMarketMeaningPluralGloss]' passed (0.001 seconds).
Test Case '-[CondiscoTests.PackItalianTests testMarketQuestionKiloAgreement]' started.
Test Case '-[CondiscoTests.PackItalianTests testMarketQuestionKiloAgreement]' passed (0.001 seconds).
Test Case '-[CondiscoTests.PackItalianTests testMarketReadBreadPrice]' started.
Test Case '-[CondiscoTests.PackItalianTests testMarketReadBreadPrice]' passed (0.001 seconds).
Test Case '-[CondiscoTests.PackItalianTests testNeCiClozeNeFromDi]' started.
Test Case '-[CondiscoTests.PackItalianTests testNeCiClozeNeFromDi]' passed (0.001 seconds).
Test Case '-[CondiscoTests.PackItalianTests testNeCiThinkCiVado]' started.
Test Case '-[CondiscoTests.PackItalianTests testNeCiThinkCiVado]' passed (0.001 seconds).
Test Case '-[CondiscoTests.PackItalianTests testNegationClozeNonBeforeVerb]' started.
Test Case '-[CondiscoTests.PackItalianTests testNegationClozeNonBeforeVerb]' passed (0.001 seconds).
Test Case '-[CondiscoTests.PackItalianTests testNegationProduceAcceptsDroppedPronoun]' started.
Test Case '-[CondiscoTests.PackItalianTests testNegationProduceAcceptsDroppedPronoun]' passed (0.001 seconds).
Test Case '-[CondiscoTests.PackItalianTests testNumbersMeaningAgeQuestion]' started.
Test Case '-[CondiscoTests.PackItalianTests testNumbersMeaningAgeQuestion]' passed (0.001 seconds).
Test Case '-[CondiscoTests.PackItalianTests testNumbersProduceAcceptsDigitForms]' started.
Test Case '-[CondiscoTests.PackItalianTests testNumbersProduceAcceptsDigitForms]' passed (0.001 seconds).
Test Case '-[CondiscoTests.PackItalianTests testPassatoImperfettoClozeHannoChiamato]' started.
Test Case '-[CondiscoTests.PackItalianTests testPassatoImperfettoClozeHannoChiamato]' passed (0.001 seconds).
Test Case '-[CondiscoTests.PackItalianTests testPassatoImperfettoProduceMariaHa]' started.
Test Case '-[CondiscoTests.PackItalianTests testPassatoImperfettoProduceMariaHa]' passed (0.001 seconds).
Test Case '-[CondiscoTests.PackItalianTests testPassatoProssimoClozeHaMaria]' started.
Test Case '-[CondiscoTests.PackItalianTests testPassatoProssimoClozeHaMaria]' passed (0.001 seconds).
Test Case '-[CondiscoTests.PackItalianTests testPassatoProssimoThinkHoComprato]' started.
Test Case '-[CondiscoTests.PackItalianTests testPassatoProssimoThinkHoComprato]' passed (0.001 seconds).
Test Case '-[CondiscoTests.PackItalianTests testPastClozeAvereHelper]' started.
Test Case '-[CondiscoTests.PackItalianTests testPastClozeAvereHelper]' passed (0.001 seconds).
Test Case '-[CondiscoTests.PackItalianTests testPastMeaningAcceptsHaveStudied]' started.
Test Case '-[CondiscoTests.PackItalianTests testPastMeaningAcceptsHaveStudied]' passed (0.001 seconds).
Test Case '-[CondiscoTests.PackItalianTests testPeopleMeaningAcceptsFormalLeiReading]' started.
Test Case '-[CondiscoTests.PackItalianTests testPeopleMeaningAcceptsFormalLeiReading]' passed (0.001 seconds).
Test Case '-[CondiscoTests.PackItalianTests testPharmacyMeaningSingularCosts]' started.
Test Case '-[CondiscoTests.PackItalianTests testPharmacyMeaningSingularCosts]' passed (0.001 seconds).
Test Case '-[CondiscoTests.PackItalianTests testPharmacyRb5FormalGoodbye]' started.
Test Case '-[CondiscoTests.PackItalianTests testPharmacyRb5FormalGoodbye]' passed (0.001 seconds).
Test Case '-[CondiscoTests.PackItalianTests testPlansClozeAndareIoForm]' started.
Test Case '-[CondiscoTests.PackItalianTests testPlansClozeAndareIoForm]' passed (0.001 seconds).
Test Case '-[CondiscoTests.PackItalianTests testPluralClozeAgreementErrors]' started.
Test Case '-[CondiscoTests.PackItalianTests testPluralClozeAgreementErrors]' passed (0.001 seconds).
Test Case '-[CondiscoTests.PackItalianTests testPossessionClozeFeminineMia]' started.
Test Case '-[CondiscoTests.PackItalianTests testPossessionClozeFeminineMia]' passed (0.001 seconds).
Test Case '-[CondiscoTests.PackItalianTests testPossessionProduceAccentAndArticle]' started.
Test Case '-[CondiscoTests.PackItalianTests testPossessionProduceAccentAndArticle]' passed (0.001 seconds).
Test Case '-[CondiscoTests.PackItalianTests testProgettiFuturiNearFutureBridge]' started.
Test Case '-[CondiscoTests.PackItalianTests testProgettiFuturiNearFutureBridge]' passed (0.001 seconds).
Test Case '-[CondiscoTests.PackItalianTests testReflexiveClozeStudioIoForm]' started.
Test Case '-[CondiscoTests.PackItalianTests testReflexiveClozeStudioIoForm]' passed (0.001 seconds).
Test Case '-[CondiscoTests.PackItalianTests testReflexiveProduceTuLavori]' started.
Test Case '-[CondiscoTests.PackItalianTests testReflexiveProduceTuLavori]' passed (0.001 seconds).
Test Case '-[CondiscoTests.PackItalianTests testRelativiClozeDiCui]' started.
Test Case '-[CondiscoTests.PackItalianTests testRelativiClozeDiCui]' passed (0.001 seconds).
Test Case '-[CondiscoTests.PackItalianTests testRelativiVaryConCui]' started.
Test Case '-[CondiscoTests.PackItalianTests testRelativiVaryConCui]' passed (0.001 seconds).
Test Case '-[CondiscoTests.PackItalianTests testRequestsClozeInfinitiveAfterPosso]' started.
Test Case '-[CondiscoTests.PackItalianTests testRequestsClozeInfinitiveAfterPosso]' passed (0.001 seconds).
Test Case '-[CondiscoTests.PackItalianTests testRequestsListenModelDictation]' started.
Test Case '-[CondiscoTests.PackItalianTests testRequestsListenModelDictation]' passed (0.001 seconds).
Test Case '-[CondiscoTests.PackItalianTests testRequestsTransferPermissionQuestion]' started.
Test Case '-[CondiscoTests.PackItalianTests testRequestsTransferPermissionQuestion]' passed (0.001 seconds).
Test Case '-[CondiscoTests.PackItalianTests testRestaurantBillPoliteRequest]' started.
Test Case '-[CondiscoTests.PackItalianTests testRestaurantBillPoliteRequest]' passed (0.001 seconds).
Test Case '-[CondiscoTests.PackItalianTests testRestaurantFinalGoodbye]' started.
Test Case '-[CondiscoTests.PackItalianTests testRestaurantFinalGoodbye]' passed (0.001 seconds).
Test Case '-[CondiscoTests.PackItalianTests testRoutineEveryEveningAcceptedSet]' started.
Test Case '-[CondiscoTests.PackItalianTests testRoutineEveryEveningAcceptedSet]' passed (0.002 seconds).
Test Case '-[CondiscoTests.PackItalianTests testStareGerundioBusWaiting]' started.
Test Case '-[CondiscoTests.PackItalianTests testStareGerundioBusWaiting]' passed (0.001 seconds).
Test Case '-[CondiscoTests.PackItalianTests testStareGerundioClozeIoForm]' started.
Test Case '-[CondiscoTests.PackItalianTests testStareGerundioClozeIoForm]' passed (0.001 seconds).
Test Case '-[CondiscoTests.PackItalianTests testStareGerundioRainShelter]' started.
Test Case '-[CondiscoTests.PackItalianTests testStareGerundioRainShelter]' passed (0.001 seconds).
Test Case '-[CondiscoTests.PackItalianTests testStareGerundioVaryTransform]' started.
Test Case '-[CondiscoTests.PackItalianTests testStareGerundioVaryTransform]' passed (0.001 seconds).
Test Case '-[CondiscoTests.PackItalianTests testTimeClozeOneOclockSingular]' started.
Test Case '-[CondiscoTests.PackItalianTests testTimeClozeOneOclockSingular]' passed (0.001 seconds).
Test Case '-[CondiscoTests.PackItalianTests testTimeProduceHalfPastForms]' started.
Test Case '-[CondiscoTests.PackItalianTests testTimeProduceHalfPastForms]' passed (0.001 seconds).
Test Case '-[CondiscoTests.PackItalianTests testTimeTrainQuarterToDirection]' started.
Test Case '-[CondiscoTests.PackItalianTests testTimeTrainQuarterToDirection]' passed (0.001 seconds).
Test Case '-[CondiscoTests.PackItalianTests testTransportArrivalConjugation]' started.
Test Case '-[CondiscoTests.PackItalianTests testTransportArrivalConjugation]' passed (0.002 seconds).
Test Case '-[CondiscoTests.PackItalianTests testTransportClozeStationArticle]' started.
Test Case '-[CondiscoTests.PackItalianTests testTransportClozeStationArticle]' passed (0.001 seconds).
Test Case '-[CondiscoTests.PackItalianTests testTransportGoToRomeForms]' started.
Test Case '-[CondiscoTests.PackItalianTests testTransportGoToRomeForms]' passed (0.002 seconds).
Test Case '-[CondiscoTests.PackItalianTests testTransportMeaningQuestionForm]' started.
Test Case '-[CondiscoTests.PackItalianTests testTransportMeaningQuestionForm]' passed (0.002 seconds).
Test Case '-[CondiscoTests.PackItalianTests testVorreiAct6PriceQuestion]' started.
Test Case '-[CondiscoTests.PackItalianTests testVorreiAct6PriceQuestion]' passed (0.001 seconds).
Test Case '-[CondiscoTests.PackItalianTests testVorreiAct8GuardandoGerund]' started.
Test Case '-[CondiscoTests.PackItalianTests testVorreiAct8GuardandoGerund]' passed (0.001 seconds).
Test Case '-[CondiscoTests.PackItalianTests testVorreiAct9LaPrendo]' started.
Test Case '-[CondiscoTests.PackItalianTests testVorreiAct9LaPrendo]' passed (0.001 seconds).
Test Case '-[CondiscoTests.PackItalianTests testWaveBMissionsHaveAuthoredErrors]' started.
Test Case '-[CondiscoTests.PackItalianTests testWaveBMissionsHaveAuthoredErrors]' passed (0.008 seconds).
Test Case '-[CondiscoTests.PackItalianTests testWaveBMissionsHaveAuthoredStepHints]' started.
Test Case '-[CondiscoTests.PackItalianTests testWaveBMissionsHaveAuthoredStepHints]' passed (0.009 seconds).
Test Case '-[CondiscoTests.PackItalianTests testWaveCStoriesHaveAuthoredErrors]' started.
Test Case '-[CondiscoTests.PackItalianTests testWaveCStoriesHaveAuthoredErrors]' passed (0.006 seconds).
Test Case '-[CondiscoTests.PackItalianTests testWaveCStoriesHaveAuthoredStepHints]' started.
Test Case '-[CondiscoTests.PackItalianTests testWaveCStoriesHaveAuthoredStepHints]' passed (0.007 seconds).
Test Case '-[CondiscoTests.PackItalianTests testWaveDDiscoveriesHaveAuthoredErrors]' started.
Test Case '-[CondiscoTests.PackItalianTests testWaveDDiscoveriesHaveAuthoredErrors]' passed (0.008 seconds).
Test Case '-[CondiscoTests.PackItalianTests testWaveDDiscoveriesHaveAuthoredStepHints]' started.
Test Case '-[CondiscoTests.PackItalianTests testWaveDDiscoveriesHaveAuthoredStepHints]' passed (0.008 seconds).
Test Case '-[CondiscoTests.PackItalianTests testWaveFConstructionRecallHaveAuthoredErrors]' started.
Test Case '-[CondiscoTests.PackItalianTests testWaveFConstructionRecallHaveAuthoredErrors]' passed (0.016 seconds).
Test Case '-[CondiscoTests.PackItalianTests testWaveFConstructionRecallHaveAuthoredStepHints]' started.
Test Case '-[CondiscoTests.PackItalianTests testWaveFConstructionRecallHaveAuthoredStepHints]' passed (0.016 seconds).
Test Case '-[CondiscoTests.PackItalianTests testWeatherColdTodayFarePattern]' started.
Test Case '-[CondiscoTests.PackItalianTests testWeatherColdTodayFarePattern]' passed (0.001 seconds).
Test Case '-[CondiscoTests.PackItalianTests testWeatherMeaningSunnyEnglish]' started.
Test Case '-[CondiscoTests.PackItalianTests testWeatherMeaningSunnyEnglish]' passed (0.001 seconds).
Test Case '-[CondiscoTests.PackItalianTests testWeatherMondaySunForms]' started.
Test Case '-[CondiscoTests.PackItalianTests testWeatherMondaySunForms]' passed (0.001 seconds).
Test Case '-[CondiscoTests.PackItalianTests testWeatherSeasonsClozeFarePattern]' started.
Test Case '-[CondiscoTests.PackItalianTests testWeatherSeasonsClozeFarePattern]' passed (0.001 seconds).
Test Suite 'PackItalianTests' passed at 2026-09-26 08:31:29.113.
	 Executed 109 tests, with 0 failures (0 unexpected) in 0.202 (0.244) seconds
Test Suite 'PackLoaderRecoveryTests' started at 2026-09-26 08:31:29.113.
Test Case '-[CondiscoTests.PackLoaderRecoveryTests testCorruptedFirstPackSkippedOthersStillLoad]' started.
Test Case '-[CondiscoTests.PackLoaderRecoveryTests testCorruptedFirstPackSkippedOthersStillLoad]' passed (0.157 seconds).
Test Case '-[CondiscoTests.PackLoaderRecoveryTests testCorruptedMiddlePackSkippedOthersStillLoad]' started.
Test Case '-[CondiscoTests.PackLoaderRecoveryTests testCorruptedMiddlePackSkippedOthersStillLoad]' passed (0.128 seconds).
Test Case '-[CondiscoTests.PackLoaderRecoveryTests testFullyCorruptedBundleThrowsActionableErrorNamingFiles]' started.
Test Case '-[CondiscoTests.PackLoaderRecoveryTests testFullyCorruptedBundleThrowsActionableErrorNamingFiles]' passed (0.028 seconds).
Test Suite 'PackLoaderRecoveryTests' passed at 2026-09-26 08:31:29.428.
	 Executed 3 tests, with 0 failures (0 unexpected) in 0.313 (0.315) seconds
Test Suite 'PackPortugueseTests' started at 2026-09-26 08:31:29.428.
Test Case '-[CondiscoTests.PackPortugueseTests testAuthoredErrorsFireForPlausibleWrongAnswers]' started.
Test Case '-[CondiscoTests.PackPortugueseTests testAuthoredErrorsFireForPlausibleWrongAnswers]' passed (0.003 seconds).
Test Case '-[CondiscoTests.PackPortugueseTests testBatch1AcceptsNaturalAlternatives]' started.
Test Case '-[CondiscoTests.PackPortugueseTests testBatch1AcceptsNaturalAlternatives]' passed (0.001 seconds).
Test Case '-[CondiscoTests.PackPortugueseTests testBatch1GradedStepsHaveAuthoredHints]' started.
Test Case '-[CondiscoTests.PackPortugueseTests testBatch1GradedStepsHaveAuthoredHints]' passed (0.001 seconds).
Test Case '-[CondiscoTests.PackPortugueseTests testBatch1TextActivitiesAuthorErrors]' started.
Test Case '-[CondiscoTests.PackPortugueseTests testBatch1TextActivitiesAuthorErrors]' passed (0.001 seconds).
Test Case '-[CondiscoTests.PackPortugueseTests testEuropeanPossessiveFormIsTheAcceptedTarget]' started.
Test Case '-[CondiscoTests.PackPortugueseTests testEuropeanPossessiveFormIsTheAcceptedTarget]' passed (0.001 seconds).
Test Case '-[CondiscoTests.PackPortugueseTests testHotelMissionEuropeanPossessive]' started.
Test Case '-[CondiscoTests.PackPortugueseTests testHotelMissionEuropeanPossessive]' passed (0.002 seconds).
Test Case '-[CondiscoTests.PackPortugueseTests testLegacyExercisesMatchEuropeanForms]' started.
Test Case '-[CondiscoTests.PackPortugueseTests testLegacyExercisesMatchEuropeanForms]' passed (0.001 seconds).
Test Case '-[CondiscoTests.PackPortugueseTests testPortuguesePackLoadsAndValidates]' started.
Test Case '-[CondiscoTests.PackPortugueseTests testPortuguesePackLoadsAndValidates]' passed (0.008 seconds).
Test Case '-[CondiscoTests.PackPortugueseTests testWaveBAcceptsNaturalAlternatives]' started.
Test Case '-[CondiscoTests.PackPortugueseTests testWaveBAcceptsNaturalAlternatives]' passed (0.002 seconds).
Test Case '-[CondiscoTests.PackPortugueseTests testWaveBAuthoredErrorsFireForPlausibleWrongAnswers]' started.
Test Case '-[CondiscoTests.PackPortugueseTests testWaveBAuthoredErrorsFireForPlausibleWrongAnswers]' passed (0.004 seconds).
Test Case '-[CondiscoTests.PackPortugueseTests testWaveBFinalStepsAreTextResponses]' started.
Test Case '-[CondiscoTests.PackPortugueseTests testWaveBFinalStepsAreTextResponses]' passed (0.001 seconds).
Test Case '-[CondiscoTests.PackPortugueseTests testWaveBGradedStepsHaveAuthoredHints]' started.
Test Case '-[CondiscoTests.PackPortugueseTests testWaveBGradedStepsHaveAuthoredHints]' passed (0.005 seconds).
Test Case '-[CondiscoTests.PackPortugueseTests testWaveBOrderingBuildsTheTaughtSentence]' started.
Test Case '-[CondiscoTests.PackPortugueseTests testWaveBOrderingBuildsTheTaughtSentence]' passed (0.001 seconds).
Test Case '-[CondiscoTests.PackPortugueseTests testWaveBTextActivitiesAuthorErrors]' started.
Test Case '-[CondiscoTests.PackPortugueseTests testWaveBTextActivitiesAuthorErrors]' passed (0.005 seconds).
Test Case '-[CondiscoTests.PackPortugueseTests testWaveCAcceptsNaturalAlternatives]' started.
Test Case '-[CondiscoTests.PackPortugueseTests testWaveCAcceptsNaturalAlternatives]' passed (0.003 seconds).
Test Case '-[CondiscoTests.PackPortugueseTests testWaveCAuthoredErrorsFireForPlausibleWrongAnswers]' started.
Test Case '-[CondiscoTests.PackPortugueseTests testWaveCAuthoredErrorsFireForPlausibleWrongAnswers]' passed (0.006 seconds).
Test Case '-[CondiscoTests.PackPortugueseTests testWaveCGradedStepsHaveAuthoredHints]' started.
Test Case '-[CondiscoTests.PackPortugueseTests testWaveCGradedStepsHaveAuthoredHints]' passed (0.006 seconds).
Test Case '-[CondiscoTests.PackPortugueseTests testWaveCStoryFinalStepsAreTextResponses]' started.
Test Case '-[CondiscoTests.PackPortugueseTests testWaveCStoryFinalStepsAreTextResponses]' passed (0.002 seconds).
Test Case '-[CondiscoTests.PackPortugueseTests testWaveCTextActivitiesAuthorErrors]' started.
Test Case '-[CondiscoTests.PackPortugueseTests testWaveCTextActivitiesAuthorErrors]' passed (0.007 seconds).
Test Case '-[CondiscoTests.PackPortugueseTests testWaveDAcceptsNaturalAlternatives]' started.
Test Case '-[CondiscoTests.PackPortugueseTests testWaveDAcceptsNaturalAlternatives]' passed (0.002 seconds).
Test Case '-[CondiscoTests.PackPortugueseTests testWaveDAuthoredErrorsFireForPlausibleWrongAnswers]' started.
Test Case '-[CondiscoTests.PackPortugueseTests testWaveDAuthoredErrorsFireForPlausibleWrongAnswers]' passed (0.009 seconds).
Test Case '-[CondiscoTests.PackPortugueseTests testWaveDDiscoveryFinalStepsAreTextResponses]' started.
Test Case '-[CondiscoTests.PackPortugueseTests testWaveDDiscoveryFinalStepsAreTextResponses]' passed (0.003 seconds).
Test Case '-[CondiscoTests.PackPortugueseTests testWaveDGradedStepsHaveAuthoredHints]' started.
Test Case '-[CondiscoTests.PackPortugueseTests testWaveDGradedStepsHaveAuthoredHints]' passed (0.012 seconds).
Test Case '-[CondiscoTests.PackPortugueseTests testWaveDTextActivitiesAuthorErrors]' started.
Test Case '-[CondiscoTests.PackPortugueseTests testWaveDTextActivitiesAuthorErrors]' passed (0.008 seconds).
Test Case '-[CondiscoTests.PackPortugueseTests testWaveEAcceptsNaturalAlternatives]' started.
Test Case '-[CondiscoTests.PackPortugueseTests testWaveEAcceptsNaturalAlternatives]' passed (0.002 seconds).
Test Case '-[CondiscoTests.PackPortugueseTests testWaveEAuthoredErrorsFireForPlausibleWrongAnswers]' started.
Test Case '-[CondiscoTests.PackPortugueseTests testWaveEAuthoredErrorsFireForPlausibleWrongAnswers]' passed (0.003 seconds).
Test Case '-[CondiscoTests.PackPortugueseTests testWaveEConversationFinalStepsAreTextResponses]' started.
Test Case '-[CondiscoTests.PackPortugueseTests testWaveEConversationFinalStepsAreTextResponses]' passed (0.001 seconds).
Test Case '-[CondiscoTests.PackPortugueseTests testWaveEGradedStepsHaveAuthoredHints]' started.
Test Case '-[CondiscoTests.PackPortugueseTests testWaveEGradedStepsHaveAuthoredHints]' passed (0.006 seconds).
Test Case '-[CondiscoTests.PackPortugueseTests testWaveETextActivitiesAuthorErrors]' started.
Test Case '-[CondiscoTests.PackPortugueseTests testWaveETextActivitiesAuthorErrors]' passed (0.006 seconds).
Test Case '-[CondiscoTests.PackPortugueseTests testWaveFAcceptsNaturalAlternatives]' started.
Test Case '-[CondiscoTests.PackPortugueseTests testWaveFAcceptsNaturalAlternatives]' passed (0.002 seconds).
Test Case '-[CondiscoTests.PackPortugueseTests testWaveFAuthoredErrorsFireForPlausibleWrongAnswers]' started.
Test Case '-[CondiscoTests.PackPortugueseTests testWaveFAuthoredErrorsFireForPlausibleWrongAnswers]' passed (0.009 seconds).
Test Case '-[CondiscoTests.PackPortugueseTests testWaveFFinalStepsAreTextResponses]' started.
Test Case '-[CondiscoTests.PackPortugueseTests testWaveFFinalStepsAreTextResponses]' passed (0.003 seconds).
Test Case '-[CondiscoTests.PackPortugueseTests testWaveFGradedStepsHaveAuthoredHints]' started.
Test Case '-[CondiscoTests.PackPortugueseTests testWaveFGradedStepsHaveAuthoredHints]' passed (0.013 seconds).
Test Case '-[CondiscoTests.PackPortugueseTests testWaveFTextActivitiesAuthorErrors]' started.
Test Case '-[CondiscoTests.PackPortugueseTests testWaveFTextActivitiesAuthorErrors]' passed (0.012 seconds).
Test Suite 'PackPortugueseTests' passed at 2026-09-26 08:31:29.597.
	 Executed 34 tests, with 0 failures (0 unexpected) in 0.154 (0.169) seconds
Test Suite 'PackSpanishTests' started at 2026-09-26 08:31:29.597.
Test Case '-[CondiscoTests.PackSpanishTests testAuthoredErrorsFireForPlausibleWrongAnswers]' started.
Test Case '-[CondiscoTests.PackSpanishTests testAuthoredErrorsFireForPlausibleWrongAnswers]' passed (0.003 seconds).
Test Case '-[CondiscoTests.PackSpanishTests testBatch1AcceptsNaturalSpanishAlternatives]' started.
Test Case '-[CondiscoTests.PackSpanishTests testBatch1AcceptsNaturalSpanishAlternatives]' passed (0.002 seconds).
Test Case '-[CondiscoTests.PackSpanishTests testBatch1GradedStepsHaveAuthoredHints]' started.
Test Case '-[CondiscoTests.PackSpanishTests testBatch1GradedStepsHaveAuthoredHints]' passed (0.002 seconds).
Test Case '-[CondiscoTests.PackSpanishTests testBatch1TextActivitiesAuthorErrors]' started.
Test Case '-[CondiscoTests.PackSpanishTests testBatch1TextActivitiesAuthorErrors]' passed (0.001 seconds).
Test Case '-[CondiscoTests.PackSpanishTests testBatch2AcceptsAuthoredAnswers]' started.
Test Case '-[CondiscoTests.PackSpanishTests testBatch2AcceptsAuthoredAnswers]' passed (0.002 seconds).
Test Case '-[CondiscoTests.PackSpanishTests testBatch2AuthoredErrorsFireForPlausibleWrongAnswers]' started.
Test Case '-[CondiscoTests.PackSpanishTests testBatch2AuthoredErrorsFireForPlausibleWrongAnswers]' passed (0.006 seconds).
Test Case '-[CondiscoTests.PackSpanishTests testBatch2GradedStepsHaveAuthoredHints]' started.
Test Case '-[CondiscoTests.PackSpanishTests testBatch2GradedStepsHaveAuthoredHints]' passed (0.004 seconds).
Test Case '-[CondiscoTests.PackSpanishTests testBatch2TextAndClozeActivitiesAuthorErrors]' started.
Test Case '-[CondiscoTests.PackSpanishTests testBatch2TextAndClozeActivitiesAuthorErrors]' passed (0.005 seconds).
Test Case '-[CondiscoTests.PackSpanishTests testBatch3AcceptsAuthoredAnswers]' started.
Test Case '-[CondiscoTests.PackSpanishTests testBatch3AcceptsAuthoredAnswers]' passed (0.003 seconds).
Test Case '-[CondiscoTests.PackSpanishTests testBatch3AuthoredErrorsFireForPlausibleWrongAnswers]' started.
Test Case '-[CondiscoTests.PackSpanishTests testBatch3AuthoredErrorsFireForPlausibleWrongAnswers]' passed (0.010 seconds).
Test Case '-[CondiscoTests.PackSpanishTests testBatch3GradedStepsHaveAuthoredHints]' started.
Test Case '-[CondiscoTests.PackSpanishTests testBatch3GradedStepsHaveAuthoredHints]' passed (0.006 seconds).
Test Case '-[CondiscoTests.PackSpanishTests testBatch3StoryLessonsEndWithTextFinalResponse]' started.
Test Case '-[CondiscoTests.PackSpanishTests testBatch3StoryLessonsEndWithTextFinalResponse]' passed (0.003 seconds).
Test Case '-[CondiscoTests.PackSpanishTests testBatch3TextAndClozeActivitiesAuthorErrors]' started.
Test Case '-[CondiscoTests.PackSpanishTests testBatch3TextAndClozeActivitiesAuthorErrors]' passed (0.006 seconds).
Test Case '-[CondiscoTests.PackSpanishTests testBatch4AcceptsAuthoredAnswers]' started.
Test Case '-[CondiscoTests.PackSpanishTests testBatch4AcceptsAuthoredAnswers]' passed (0.003 seconds).
Test Case '-[CondiscoTests.PackSpanishTests testBatch4AuthoredErrorsFireForPlausibleWrongAnswers]' started.
Test Case '-[CondiscoTests.PackSpanishTests testBatch4AuthoredErrorsFireForPlausibleWrongAnswers]' passed (0.009 seconds).
Test Case '-[CondiscoTests.PackSpanishTests testBatch4DiscoveryLessonsEndWithTextFinalResponse]' started.
Test Case '-[CondiscoTests.PackSpanishTests testBatch4DiscoveryLessonsEndWithTextFinalResponse]' passed (0.003 seconds).
Test Case '-[CondiscoTests.PackSpanishTests testBatch4GradedStepsHaveAuthoredHints]' started.
Test Case '-[CondiscoTests.PackSpanishTests testBatch4GradedStepsHaveAuthoredHints]' passed (0.010 seconds).
Test Case '-[CondiscoTests.PackSpanishTests testBatch4TextAndClozeActivitiesAuthorErrors]' started.
Test Case '-[CondiscoTests.PackSpanishTests testBatch4TextAndClozeActivitiesAuthorErrors]' passed (0.009 seconds).
Test Case '-[CondiscoTests.PackSpanishTests testBatch5AcceptsAuthoredAnswers]' started.
Test Case '-[CondiscoTests.PackSpanishTests testBatch5AcceptsAuthoredAnswers]' passed (0.003 seconds).
Test Case '-[CondiscoTests.PackSpanishTests testBatch5AuthoredErrorsFireForPlausibleWrongAnswers]' started.
Test Case '-[CondiscoTests.PackSpanishTests testBatch5AuthoredErrorsFireForPlausibleWrongAnswers]' passed (0.003 seconds).
Test Case '-[CondiscoTests.PackSpanishTests testBatch5ConversationLessonsEndWithTextFinalResponse]' started.
Test Case '-[CondiscoTests.PackSpanishTests testBatch5ConversationLessonsEndWithTextFinalResponse]' passed (0.001 seconds).
Test Case '-[CondiscoTests.PackSpanishTests testBatch5GradedStepsHaveAuthoredHints]' started.
Test Case '-[CondiscoTests.PackSpanishTests testBatch5GradedStepsHaveAuthoredHints]' passed (0.006 seconds).
Test Case '-[CondiscoTests.PackSpanishTests testBatch5TextActivitiesAuthorErrors]' started.
Test Case '-[CondiscoTests.PackSpanishTests testBatch5TextActivitiesAuthorErrors]' passed (0.005 seconds).
Test Case '-[CondiscoTests.PackSpanishTests testBatch6AcceptsAuthoredAnswers]' started.
Test Case '-[CondiscoTests.PackSpanishTests testBatch6AcceptsAuthoredAnswers]' passed (0.005 seconds).
Test Case '-[CondiscoTests.PackSpanishTests testBatch6AuthoredErrorsFireForPlausibleWrongAnswers]' started.
Test Case '-[CondiscoTests.PackSpanishTests testBatch6AuthoredErrorsFireForPlausibleWrongAnswers]' passed (0.008 seconds).
Test Case '-[CondiscoTests.PackSpanishTests testBatch6GradedStepsHaveAuthoredHints]' started.
Test Case '-[CondiscoTests.PackSpanishTests testBatch6GradedStepsHaveAuthoredHints]' passed (0.012 seconds).
Test Case '-[CondiscoTests.PackSpanishTests testBatch6LessonsEndWithGradedTerminal]' started.
Test Case '-[CondiscoTests.PackSpanishTests testBatch6LessonsEndWithGradedTerminal]' passed (0.002 seconds).
Test Case '-[CondiscoTests.PackSpanishTests testBatch6TextAndClozeActivitiesAuthorErrors]' started.
Test Case '-[CondiscoTests.PackSpanishTests testBatch6TextAndClozeActivitiesAuthorErrors]' passed (0.014 seconds).
Test Case '-[CondiscoTests.PackSpanishTests testSpanishPackLoadsAndValidates]' started.
Test Case '-[CondiscoTests.PackSpanishTests testSpanishPackLoadsAndValidates]' passed (0.005 seconds).
Test Suite 'PackSpanishTests' passed at 2026-09-26 08:31:29.762.
	 Executed 29 tests, with 0 failures (0 unexpected) in 0.152 (0.165) seconds
Test Suite 'PairPracticeCardTests' started at 2026-09-26 08:31:29.762.
Test Case '-[CondiscoTests.PairPracticeCardTests testDialogueTurnsEmptyForStoryLesson]' started.
Test Case '-[CondiscoTests.PairPracticeCardTests testDialogueTurnsEmptyForStoryLesson]' passed (0.002 seconds).
Test Case '-[CondiscoTests.PairPracticeCardTests testDialogueTurnsReturnOrderedTwoSpeakerTurnsForConversationLesson]' started.
Test Case '-[CondiscoTests.PairPracticeCardTests testDialogueTurnsReturnOrderedTwoSpeakerTurnsForConversationLesson]' passed (0.001 seconds).
Test Case '-[CondiscoTests.PairPracticeCardTests testPairCardCaptionContainsCourseContentOnly]' started.
Test Case '-[CondiscoTests.PairPracticeCardTests testPairCardCaptionContainsCourseContentOnly]' passed (0.011 seconds).
Test Suite 'PairPracticeCardTests' passed at 2026-09-26 08:31:29.778.
	 Executed 3 tests, with 0 failures (0 unexpected) in 0.014 (0.015) seconds
Test Suite 'PhraseSourceIdsForListenAndBrowserTests' started at 2026-09-26 08:31:29.778.
Test Case '-[CondiscoTests.PhraseSourceIdsForListenAndBrowserTests testEveryListenTrackResolvesToItsPack]' started.
Test Case '-[CondiscoTests.PhraseSourceIdsForListenAndBrowserTests testEveryListenTrackResolvesToItsPack]' passed (0.004 seconds).
Test Case '-[CondiscoTests.PhraseSourceIdsForListenAndBrowserTests testListenTrackExposesFullPackAndLessonSourceIds]' started.
Test Case '-[CondiscoTests.PhraseSourceIdsForListenAndBrowserTests testListenTrackExposesFullPackAndLessonSourceIds]' passed (0.002 seconds).
Test Suite 'PhraseSourceIdsForListenAndBrowserTests' passed at 2026-09-26 08:31:29.784.
	 Executed 2 tests, with 0 failures (0 unexpected) in 0.006 (0.006) seconds
Test Suite 'PlacementTests' started at 2026-09-26 08:31:29.785.
Test Case '-[CondiscoTests.PlacementTests testBandJoining]' started.
Test Case '-[CondiscoTests.PlacementTests testBandJoining]' passed (0.001 seconds).
Test Case '-[CondiscoTests.PlacementTests testBeginnerCanOmitAccentAndApostropheInSamePhrase]' started.
Test Case '-[CondiscoTests.PlacementTests testBeginnerCanOmitAccentAndApostropheInSamePhrase]' passed (0.001 seconds).
Test Case '-[CondiscoTests.PlacementTests testBlankScoreMapsToStart]' started.
Test Case '-[CondiscoTests.PlacementTests testBlankScoreMapsToStart]' passed (0.001 seconds).
Test Case '-[CondiscoTests.PlacementTests testFirstMissThenSevenCorrectNeverPlacesAtStart]' started.
Test Case '-[CondiscoTests.PlacementTests testFirstMissThenSevenCorrectNeverPlacesAtStart]' passed (0.001 seconds).
Test Case '-[CondiscoTests.PlacementTests testMissingAccentExplainsExactCorrectionAndAllowsProgress]' started.
Test Case '-[CondiscoTests.PlacementTests testMissingAccentExplainsExactCorrectionAndAllowsProgress]' passed (0.001 seconds).
Test Case '-[CondiscoTests.PlacementTests testPerfectScoreMapsToVictoryIndex]' started.
Test Case '-[CondiscoTests.PlacementTests testPerfectScoreMapsToVictoryIndex]' passed (0.001 seconds).
Test Case '-[CondiscoTests.PlacementTests testScoreClampsOutOfRange]' started.
Test Case '-[CondiscoTests.PlacementTests testScoreClampsOutOfRange]' passed (0.001 seconds).
Test Case '-[CondiscoTests.PlacementTests testScoreNeverOutranksVictoryIndex]' started.
Test Case '-[CondiscoTests.PlacementTests testScoreNeverOutranksVictoryIndex]' passed (0.001 seconds).
Test Case '-[CondiscoTests.PlacementTests testShortMeaningChangingAccentStillNeedsExplanation]' started.
Test Case '-[CondiscoTests.PlacementTests testShortMeaningChangingAccentStillNeedsExplanation]' passed (0.001 seconds).
Test Suite 'PlacementTests' passed at 2026-09-26 08:31:29.794.
	 Executed 9 tests, with 0 failures (0 unexpected) in 0.006 (0.009) seconds
Test Suite 'RecallWarmUpTests' started at 2026-09-26 08:31:29.794.
Test Case '-[CondiscoTests.RecallWarmUpTests testCapOfTwoKeepsOnlyTheTwoOldest]' started.
Test Case '-[CondiscoTests.RecallWarmUpTests testCapOfTwoKeepsOnlyTheTwoOldest]' passed (0.003 seconds).
Test Case '-[CondiscoTests.RecallWarmUpTests testCurrentLessonMissingFromPackYieldsNothing]' started.
Test Case '-[CondiscoTests.RecallWarmUpTests testCurrentLessonMissingFromPackYieldsNothing]' passed (0.001 seconds).
Test Suite 'RecallWarmUpTests' passed at 2026-09-26 08:31:29.799.
	 Executed 2 tests, with 0 failures (0 unexpected) in 0.004 (0.005) seconds
Test Suite 'RecapPhraseSaveTests' started at 2026-09-26 08:31:29.799.
Test Case '-[CondiscoTests.RecapPhraseSaveTests testEveryLessonRecapSaveCarriesNonEmptySourceIds]' started.
Test Case '-[CondiscoTests.RecapPhraseSaveTests testEveryLessonRecapSaveCarriesNonEmptySourceIds]' passed (0.005 seconds).
Test Case '-[CondiscoTests.RecapPhraseSaveTests testRecapSaveCarriesPackAndLessonSourceIds]' started.
Test Case '-[CondiscoTests.RecapPhraseSaveTests testRecapSaveCarriesPackAndLessonSourceIds]' passed (0.001 seconds).
Test Case '-[CondiscoTests.RecapPhraseSaveTests testStoredPhraseCarriesTheRecapSourceIds]' started.
Test Case '-[CondiscoTests.RecapPhraseSaveTests testStoredPhraseCarriesTheRecapSourceIds]' passed (0.000 seconds).
Test Suite 'RecapPhraseSaveTests' passed at 2026-09-26 08:31:29.806.
	 Executed 3 tests, with 0 failures (0 unexpected) in 0.006 (0.007) seconds
Test Suite 'RecapSplitTests' started at 2026-09-26 08:31:29.806.
Test Case '-[CondiscoTests.RecapSplitTests testFreshSplitStartsAtZero]' started.
Test Case '-[CondiscoTests.RecapSplitTests testFreshSplitStartsAtZero]' passed (0.007 seconds).
Test Case '-[CondiscoTests.RecapSplitTests testOneStepSubmittedThreeTimesCountsOnce]' started.
Test Case '-[CondiscoTests.RecapSplitTests testOneStepSubmittedThreeTimesCountsOnce]' passed (0.001 seconds).
Test Case '-[CondiscoTests.RecapSplitTests testRetriedTroubleSpotStaysWithHelp]' started.
Test Case '-[CondiscoTests.RecapSplitTests testRetriedTroubleSpotStaysWithHelp]' passed (0.001 seconds).
Test Case '-[CondiscoTests.RecapSplitTests testTwoStepsEachSubmittedOnce]' started.
Test Case '-[CondiscoTests.RecapSplitTests testTwoStepsEachSubmittedOnce]' passed (0.001 seconds).
Test Case '-[CondiscoTests.RecapSplitTests testUngradedAndBlockedExcluded]' started.
Test Case '-[CondiscoTests.RecapSplitTests testUngradedAndBlockedExcluded]' passed (0.000 seconds).
Test Suite 'RecapSplitTests' passed at 2026-09-26 08:31:29.817.
	 Executed 5 tests, with 0 failures (0 unexpected) in 0.009 (0.011) seconds
Test Suite 'ReviewCatalogProjectionTests' started at 2026-09-26 08:31:29.817.
Test Case '-[CondiscoTests.ReviewCatalogProjectionTests testFreshAttemptIsNotDueUntilItsSchedule]' started.
Test Case '-[CondiscoTests.ReviewCatalogProjectionTests testFreshAttemptIsNotDueUntilItsSchedule]' passed (0.016 seconds).
Test Case '-[CondiscoTests.ReviewCatalogProjectionTests testLoadDueMatchesProjectionExactly]' started.
Test Case '-[CondiscoTests.ReviewCatalogProjectionTests testLoadDueMatchesProjectionExactly]' passed (0.014 seconds).
Test Suite 'ReviewCatalogProjectionTests' passed at 2026-09-26 08:31:29.848.
	 Executed 2 tests, with 0 failures (0 unexpected) in 0.030 (0.031) seconds
Test Suite 'ReviewSessionLengthTests' started at 2026-09-26 08:31:29.848.
Test Case '-[CondiscoTests.ReviewSessionLengthTests testDeepLinkRequestsEverythingDue]' started.
Test Case '-[CondiscoTests.ReviewSessionLengthTests testDeepLinkRequestsEverythingDue]' passed (0.001 seconds).
Test Case '-[CondiscoTests.ReviewSessionLengthTests testHomeInvitationAlwaysPreselectsFive]' started.
Test Case '-[CondiscoTests.ReviewSessionLengthTests testHomeInvitationAlwaysPreselectsFive]' passed (0.001 seconds).
Test Case '-[CondiscoTests.ReviewSessionLengthTests testTabEntryKeepsCurrentChoice]' started.
Test Case '-[CondiscoTests.ReviewSessionLengthTests testTabEntryKeepsCurrentChoice]' passed (0.001 seconds).
Test Suite 'ReviewSessionLengthTests' passed at 2026-09-26 08:31:29.852.
	 Executed 3 tests, with 0 failures (0 unexpected) in 0.003 (0.004) seconds
Test Suite 'ScenarioLoopTests' started at 2026-09-26 08:31:29.853.
Test Case '-[CondiscoTests.ScenarioLoopTests testScenarioLoopHasNoScoreState]' started.
Test Case '-[CondiscoTests.ScenarioLoopTests testScenarioLoopHasNoScoreState]' passed (0.005 seconds).
Test Case '-[CondiscoTests.ScenarioLoopTests testScenarioLoopSkipsSpeakWhenMicUnavailable]' started.
Test Case '-[CondiscoTests.ScenarioLoopTests testScenarioLoopSkipsSpeakWhenMicUnavailable]' passed (0.001 seconds).
Test Case '-[CondiscoTests.ScenarioLoopTests testScenarioLoopTransitionsThroughAllSteps]' started.
Test Case '-[CondiscoTests.ScenarioLoopTests testScenarioLoopTransitionsThroughAllSteps]' passed (0.001 seconds).
Test Case '-[CondiscoTests.ScenarioLoopTests testScenarioSectionsEligibilityAndOrder]' started.
Test Case '-[CondiscoTests.ScenarioLoopTests testScenarioSectionsEligibilityAndOrder]' passed (0.001 seconds).
Test Case '-[CondiscoTests.ScenarioLoopTests testScenarioStepRateMatchesTransportSlowRate]' started.
Test Case '-[CondiscoTests.ScenarioLoopTests testScenarioStepRateMatchesTransportSlowRate]' passed (0.001 seconds).
Test Case '-[CondiscoTests.ScenarioLoopTests testScenarioStepRatePinsModelStepToSlowRate]' started.
Test Case '-[CondiscoTests.ScenarioLoopTests testScenarioStepRatePinsModelStepToSlowRate]' passed (0.001 seconds).
Test Case '-[CondiscoTests.ScenarioLoopTests testSectionEndFinalEligibleSectionRunsToDeclaredDuration]' started.
Test Case '-[CondiscoTests.ScenarioLoopTests testSectionEndFinalEligibleSectionRunsToDeclaredDuration]' passed (0.001 seconds).
Test Case '-[CondiscoTests.ScenarioLoopTests testSectionEndUsesNextTranscriptBoundaryOrTrackDuration]' started.
Test Case '-[CondiscoTests.ScenarioLoopTests testSectionEndUsesNextTranscriptBoundaryOrTrackDuration]' passed (0.001 seconds).
Test Case '-[CondiscoTests.ScenarioLoopTests testUntargetedSectionsAreSkippedAndStillBoundThePriorWindow]' started.
Test Case '-[CondiscoTests.ScenarioLoopTests testUntargetedSectionsAreSkippedAndStillBoundThePriorWindow]' passed (0.001 seconds).
Test Suite 'ScenarioLoopTests' passed at 2026-09-26 08:31:29.867.
	 Executed 9 tests, with 0 failures (0 unexpected) in 0.011 (0.015) seconds
Test Suite 'SimulatorPerformanceProbeTests' started at 2026-09-26 08:31:29.868.
Test Case '-[CondiscoTests.SimulatorPerformanceProbeTests testProbeLessonStepTransitionWallClock]' started.
/Users/spkoehl/Projects/VerbaLibera/Condisco/Tests/StoreTests.swift:2680: Test Case '-[CondiscoTests.SimulatorPerformanceProbeTests testProbeLessonStepTransitionWallClock]' measured [Clock Monotonic Time, s] average: 0.002, relative standard deviation: 9.042%, values: [0.002397, 0.002330, 0.002318, 0.002346, 0.002899], performanceMetricID:com.apple.dt.XCTMetric_Clock.time.monotonic, baselineName: "", baselineAverage: , polarity: prefers smaller, maxPercentRegression: 10.000%, maxPercentRelativeStandardDeviation: 10.000%, maxRegression: 0.000, maxStandardDeviation: 0.000
Test Case '-[CondiscoTests.SimulatorPerformanceProbeTests testProbeLessonStepTransitionWallClock]' passed (0.452 seconds).
Test Case '-[CondiscoTests.SimulatorPerformanceProbeTests testProbeReviewCardFlipWallClock]' started.
/Users/spkoehl/Projects/VerbaLibera/Condisco/Tests/StoreTests.swift:2713: Test Case '-[CondiscoTests.SimulatorPerformanceProbeTests testProbeReviewCardFlipWallClock]' measured [Clock Monotonic Time, s] average: 0.003, relative standard deviation: 17.643%, values: [0.002800, 0.003316, 0.002316, 0.002203, 0.002116], performanceMetricID:com.apple.dt.XCTMetric_Clock.time.monotonic, baselineName: "", baselineAverage: , polarity: prefers smaller, maxPercentRegression: 10.000%, maxPercentRelativeStandardDeviation: 10.000%, maxRegression: 0.000, maxStandardDeviation: 0.000
Test Case '-[CondiscoTests.SimulatorPerformanceProbeTests testProbeReviewCardFlipWallClock]' passed (0.033 seconds).
Test Suite 'SimulatorPerformanceProbeTests' passed at 2026-09-26 08:31:30.354.
	 Executed 2 tests, with 0 failures (0 unexpected) in 0.485 (0.486) seconds
Test Suite 'TodayPlanTests' started at 2026-09-26 08:31:30.354.
Test Case '-[CondiscoTests.TodayPlanTests testFallsBackToListenThenRest]' started.
Test Case '-[CondiscoTests.TodayPlanTests testFallsBackToListenThenRest]' passed (0.008 seconds).
Test Case '-[CondiscoTests.TodayPlanTests testFreshLearnerWithNoProgressLeadsToLesson]' started.
Test Case '-[CondiscoTests.TodayPlanTests testFreshLearnerWithNoProgressLeadsToLesson]' passed (0.001 seconds).
Test Case '-[CondiscoTests.TodayPlanTests testNoResumeNoLessonWithDueReviewsLeadsToReviewPrimary]' started.
Test Case '-[CondiscoTests.TodayPlanTests testNoResumeNoLessonWithDueReviewsLeadsToReviewPrimary]' passed (0.001 seconds).
Test Case '-[CondiscoTests.TodayPlanTests testNoResumeThenNextLessonWinsOverDueReviews]' started.
Test Case '-[CondiscoTests.TodayPlanTests testNoResumeThenNextLessonWinsOverDueReviews]' passed (0.001 seconds).
Test Case '-[CondiscoTests.TodayPlanTests testPathCompleteWithReviewsDueLeadsToReview]' started.
Test Case '-[CondiscoTests.TodayPlanTests testPathCompleteWithReviewsDueLeadsToReview]' passed (0.001 seconds).
Test Case '-[CondiscoTests.TodayPlanTests testResumeWinsOverLessonAndReviewsStillCarriesDueCount]' started.
Test Case '-[CondiscoTests.TodayPlanTests testResumeWinsOverLessonAndReviewsStillCarriesDueCount]' passed (0.001 seconds).
Test Suite 'TodayPlanTests' passed at 2026-09-26 08:31:30.369.
	 Executed 6 tests, with 0 failures (0 unexpected) in 0.012 (0.015) seconds
Test Suite 'CondiscoTests.xctest' passed at 2026-09-26 08:31:30.369.
	 Executed 385 tests, with 0 failures (0 unexpected) in 2.573 (2.751) seconds
Test Suite 'All tests' passed at 2026-09-26 08:31:30.370.
	 Executed 385 tests, with 0 failures (0 unexpected) in 2.573 (2.758) seconds
2026-09-26 08:31:30.905 xcodebuild[5936:28102] [MT] IDETestOperationsObserverDebug: 121.112 elapsed -- Testing started completed.
2026-09-26 08:31:30.906 xcodebuild[5936:28102] [MT] IDETestOperationsObserverDebug: 0.000 sec, +0.000 sec -- start
2026-09-26 08:31:30.906 xcodebuild[5936:28102] [MT] IDETestOperationsObserverDebug: 121.112 sec, +121.112 sec -- end

Test session results, code coverage, and logs:
	/var/folders/3w/91hphlzs0rv_1twbkfyhvn6m0000gn/T/condisco-preflight.UUZpei/DerivedData/Logs/Test/Test-Condisco-2026.09.26_08-28-49--0700.xcresult

** TEST SUCCEEDED **

Testing started
PASS unit tests (CondiscoTests)

== Step 5/5  UI smoke  (CondiscoUITests — --with-ui requested) ==
Command line invocation:
    /Applications/Xcode.app/Contents/Developer/usr/bin/xcodebuild test -project Condisco.xcodeproj -scheme Condisco -destination "platform=iOS Simulator,name=iPhone 18 Pro" "-only-testing:CondiscoUITests" -derivedDataPath /var/folders/3w/91hphlzs0rv_1twbkfyhvn6m0000gn/T//condisco-preflight.UUZpei/DerivedData ONLY_ACTIVE_ARCH=YES

Build settings from command line:
    ONLY_ACTIVE_ARCH = YES

ComputePackagePrebuildTargetDependencyGraph

Prepare packages

CreateBuildRequest

SendProjectDescription

CreateBuildOperation

ComputeTargetDependencyGraph
note: Building targets in dependency order
note: Target dependency graph (4 targets)
    Target 'CondiscoUITests' in project 'Condisco'
        ➜ Explicit dependency on target 'Condisco' in project 'Condisco'
    Target 'CondiscoTests' in project 'Condisco'
        ➜ Explicit dependency on target 'Condisco' in project 'Condisco'
    Target 'Condisco' in project 'Condisco'
        ➜ Explicit dependency on target 'CondiscoWidget' in project 'Condisco'
    Target 'CondiscoWidget' in project 'Condisco' (no dependencies)

GatherProvisioningInputs

CreateBuildDescription

ClangStatCache /Applications/Xcode.app/Contents/Developer/Toolchains/XcodeDefault.xctoolchain/usr/bin/clang-stat-cache /Applications/Xcode.app/Contents/Developer/Platforms/iPhoneSimulator.platform/Developer/SDKs/iPhoneSimulator27.0.sdk /var/folders/3w/91hphlzs0rv_1twbkfyhvn6m0000gn/T/condisco-preflight.UUZpei/DerivedData/SDKStatCaches.noindex/iphonesimulator27.0-24A430-8dc58220667be655e1bcc261a7455254.sdkstatcache
    cd /Users/spkoehl/Projects/VerbaLibera/Condisco.xcodeproj
    /Applications/Xcode.app/Contents/Developer/Toolchains/XcodeDefault.xctoolchain/usr/bin/clang-stat-cache /Applications/Xcode.app/Contents/Developer/Platforms/iPhoneSimulator.platform/Developer/SDKs/iPhoneSimulator27.0.sdk -o /var/folders/3w/91hphlzs0rv_1twbkfyhvn6m0000gn/T/condisco-preflight.UUZpei/DerivedData/SDKStatCaches.noindex/iphonesimulator27.0-24A430-8dc58220667be655e1bcc261a7455254.sdkstatcache

Copy /var/folders/3w/91hphlzs0rv_1twbkfyhvn6m0000gn/T/condisco-preflight.UUZpei/DerivedData/Build/Products/Debug-iphonesimulator/Condisco.app/PlugIns/CondiscoWidget.appex /var/folders/3w/91hphlzs0rv_1twbkfyhvn6m0000gn/T/condisco-preflight.UUZpei/DerivedData/Build/Products/Debug-iphonesimulator/CondiscoWidget.appex (in target 'Condisco' from project 'Condisco')
    cd /Users/spkoehl/Projects/VerbaLibera
    builtin-copy -exclude .DS_Store -exclude CVS -exclude .svn -exclude .git -exclude .hg -resolve-src-symlinks -remove-static-executable /var/folders/3w/91hphlzs0rv_1twbkfyhvn6m0000gn/T/condisco-preflight.UUZpei/DerivedData/Build/Products/Debug-iphonesimulator/CondiscoWidget.appex /var/folders/3w/91hphlzs0rv_1twbkfyhvn6m0000gn/T/condisco-preflight.UUZpei/DerivedData/Build/Products/Debug-iphonesimulator/Condisco.app/PlugIns

ProcessInfoPlistFile /var/folders/3w/91hphlzs0rv_1twbkfyhvn6m0000gn/T/condisco-preflight.UUZpei/DerivedData/Build/Products/Debug-iphonesimulator/Condisco.app/Info.plist /Users/spkoehl/Projects/VerbaLibera/Condisco/Info.plist (in target 'Condisco' from project 'Condisco')
    cd /Users/spkoehl/Projects/VerbaLibera
    builtin-infoPlistUtility /Users/spkoehl/Projects/VerbaLibera/Condisco/Info.plist -producttype com.apple.product-type.application -genpkginfo /var/folders/3w/91hphlzs0rv_1twbkfyhvn6m0000gn/T/condisco-preflight.UUZpei/DerivedData/Build/Products/Debug-iphonesimulator/Condisco.app/PkgInfo -expandbuildsettings -format binary -platform iphonesimulator -additionalcontentfile /var/folders/3w/91hphlzs0rv_1twbkfyhvn6m0000gn/T/condisco-preflight.UUZpei/DerivedData/Build/Intermediates.noindex/Condisco.build/Debug-iphonesimulator/Condisco.build/assetcatalog_generated_info.plist -scanforprivacyfile /var/folders/3w/91hphlzs0rv_1twbkfyhvn6m0000gn/T/condisco-preflight.UUZpei/DerivedData/Build/Products/Debug-iphonesimulator/Condisco.app/PlugIns/CondiscoWidget.appex -o /var/folders/3w/91hphlzs0rv_1twbkfyhvn6m0000gn/T/condisco-preflight.UUZpei/DerivedData/Build/Products/Debug-iphonesimulator/Condisco.app/Info.plist

CopySwiftLibs /var/folders/3w/91hphlzs0rv_1twbkfyhvn6m0000gn/T/condisco-preflight.UUZpei/DerivedData/Build/Products/Debug-iphonesimulator/Condisco.app (in target 'Condisco' from project 'Condisco')
    cd /Users/spkoehl/Projects/VerbaLibera
    builtin-swiftStdLibTool --copy --verbose --sign - --scan-executable /var/folders/3w/91hphlzs0rv_1twbkfyhvn6m0000gn/T/condisco-preflight.UUZpei/DerivedData/Build/Products/Debug-iphonesimulator/Condisco.app/Condisco.debug.dylib --scan-folder /var/folders/3w/91hphlzs0rv_1twbkfyhvn6m0000gn/T/condisco-preflight.UUZpei/DerivedData/Build/Products/Debug-iphonesimulator/Condisco.app/Frameworks --scan-folder /var/folders/3w/91hphlzs0rv_1twbkfyhvn6m0000gn/T/condisco-preflight.UUZpei/DerivedData/Build/Products/Debug-iphonesimulator/Condisco.app/PlugIns --scan-folder /var/folders/3w/91hphlzs0rv_1twbkfyhvn6m0000gn/T/condisco-preflight.UUZpei/DerivedData/Build/Products/Debug-iphonesimulator/Condisco.app/SystemExtensions --scan-folder /var/folders/3w/91hphlzs0rv_1twbkfyhvn6m0000gn/T/condisco-preflight.UUZpei/DerivedData/Build/Products/Debug-iphonesimulator/Condisco.app/Extensions --platform iphonesimulator --toolchain /Applications/Xcode.app/Contents/Developer/Toolchains/XcodeDefault.xctoolchain --destination /var/folders/3w/91hphlzs0rv_1twbkfyhvn6m0000gn/T/condisco-preflight.UUZpei/DerivedData/Build/Products/Debug-iphonesimulator/Condisco.app/Frameworks --strip-bitcode --strip-bitcode-tool /Applications/Xcode.app/Contents/Developer/Toolchains/XcodeDefault.xctoolchain/usr/bin/bitcode_strip --emit-dependency-info /var/folders/3w/91hphlzs0rv_1twbkfyhvn6m0000gn/T/condisco-preflight.UUZpei/DerivedData/Build/Intermediates.noindex/Condisco.build/Debug-iphonesimulator/Condisco.build/SwiftStdLibToolInputDependencies.dep --filter-for-swift-os

CodeSign /var/folders/3w/91hphlzs0rv_1twbkfyhvn6m0000gn/T/condisco-preflight.UUZpei/DerivedData/Build/Products/Debug-iphonesimulator/Condisco.app/Condisco.debug.dylib (in target 'Condisco' from project 'Condisco')
    cd /Users/spkoehl/Projects/VerbaLibera
    
    Signing Identity:     "Sign to Run Locally"
    
    /usr/bin/codesign --force --sign - --timestamp\=none --generate-entitlement-der /var/folders/3w/91hphlzs0rv_1twbkfyhvn6m0000gn/T/condisco-preflight.UUZpei/DerivedData/Build/Products/Debug-iphonesimulator/Condisco.app/Condisco.debug.dylib
/var/folders/3w/91hphlzs0rv_1twbkfyhvn6m0000gn/T/condisco-preflight.UUZpei/DerivedData/Build/Products/Debug-iphonesimulator/Condisco.app/Condisco.debug.dylib: replacing existing signature

CodeSign /var/folders/3w/91hphlzs0rv_1twbkfyhvn6m0000gn/T/condisco-preflight.UUZpei/DerivedData/Build/Products/Debug-iphonesimulator/Condisco.app/__preview.dylib (in target 'Condisco' from project 'Condisco')
    cd /Users/spkoehl/Projects/VerbaLibera
    
    Signing Identity:     "Sign to Run Locally"
    
    /usr/bin/codesign --force --sign - --timestamp\=none --generate-entitlement-der /var/folders/3w/91hphlzs0rv_1twbkfyhvn6m0000gn/T/condisco-preflight.UUZpei/DerivedData/Build/Products/Debug-iphonesimulator/Condisco.app/__preview.dylib
/var/folders/3w/91hphlzs0rv_1twbkfyhvn6m0000gn/T/condisco-preflight.UUZpei/DerivedData/Build/Products/Debug-iphonesimulator/Condisco.app/__preview.dylib: replacing existing signature

CodeSign /var/folders/3w/91hphlzs0rv_1twbkfyhvn6m0000gn/T/condisco-preflight.UUZpei/DerivedData/Build/Products/Debug-iphonesimulator/Condisco.app (in target 'Condisco' from project 'Condisco')
    cd /Users/spkoehl/Projects/VerbaLibera
    
    Signing Identity:     "Sign to Run Locally"
    
    /usr/bin/codesign --force --sign - --entitlements /var/folders/3w/91hphlzs0rv_1twbkfyhvn6m0000gn/T/condisco-preflight.UUZpei/DerivedData/Build/Intermediates.noindex/Condisco.build/Debug-iphonesimulator/Condisco.build/Condisco.app.xcent --timestamp\=none --generate-entitlement-der /var/folders/3w/91hphlzs0rv_1twbkfyhvn6m0000gn/T/condisco-preflight.UUZpei/DerivedData/Build/Products/Debug-iphonesimulator/Condisco.app
/var/folders/3w/91hphlzs0rv_1twbkfyhvn6m0000gn/T/condisco-preflight.UUZpei/DerivedData/Build/Products/Debug-iphonesimulator/Condisco.app: replacing existing signature

Validate /var/folders/3w/91hphlzs0rv_1twbkfyhvn6m0000gn/T/condisco-preflight.UUZpei/DerivedData/Build/Products/Debug-iphonesimulator/Condisco.app (in target 'Condisco' from project 'Condisco')
    cd /Users/spkoehl/Projects/VerbaLibera
    builtin-validationUtility /var/folders/3w/91hphlzs0rv_1twbkfyhvn6m0000gn/T/condisco-preflight.UUZpei/DerivedData/Build/Products/Debug-iphonesimulator/Condisco.app -shallow-bundle -infoplist-subpath Info.plist

ValidateEmbeddedBinary /var/folders/3w/91hphlzs0rv_1twbkfyhvn6m0000gn/T/condisco-preflight.UUZpei/DerivedData/Build/Products/Debug-iphonesimulator/Condisco.app/PlugIns/CondiscoWidget.appex (in target 'Condisco' from project 'Condisco')
    cd /Users/spkoehl/Projects/VerbaLibera
    /Applications/Xcode.app/Contents/Developer/usr/bin/embeddedBinaryValidationUtility /var/folders/3w/91hphlzs0rv_1twbkfyhvn6m0000gn/T/condisco-preflight.UUZpei/DerivedData/Build/Products/Debug-iphonesimulator/Condisco.app/PlugIns/CondiscoWidget.appex -signing-cert - -info-plist-path /var/folders/3w/91hphlzs0rv_1twbkfyhvn6m0000gn/T/condisco-preflight.UUZpei/DerivedData/Build/Products/Debug-iphonesimulator/Condisco.app/Info.plist

PruneExplicitPrecompiledModules /var/folders/3w/91hphlzs0rv_1twbkfyhvn6m0000gn/T/condisco-preflight.UUZpei/DerivedData/Build/Intermediates.noindex/SwiftExplicitPrecompiledModules

PruneExplicitPrecompiledModules /var/folders/3w/91hphlzs0rv_1twbkfyhvn6m0000gn/T/condisco-preflight.UUZpei/DerivedData/Build/Intermediates.noindex/ExplicitPrecompiledModules

PruneExplicitPrecompiledModules /var/folders/3w/91hphlzs0rv_1twbkfyhvn6m0000gn/T/condisco-preflight.UUZpei/DerivedData/SDKExplicitPrecompiledModules

2026-09-26 08:32:52.213946-0700 CondiscoUITests-Runner[6826:38914] [Default] Running tests...
    t =      nans Interface orientation changed to Portrait
Test Suite 'All tests' started at 2026-09-26 08:33:05.569.
Test Suite 'CondiscoUITests.xctest' started at 2026-09-26 08:33:05.573.
Test Suite 'AccessibilitySweepUITests' started at 2026-09-26 08:33:05.574.
Test Case '-[CondiscoUITests.AccessibilitySweepUITests testFiveCardReviewSessionCompletesAfterHomeInvitation]' started.
    t =     0.01s Start Test at 2026-09-26 08:33:05.585
    t =     0.86s Set Up
    t =     0.87s Open com.sleuthysloth.condisco
    t =     0.87s     Launch com.sleuthysloth.condisco
2026-09-26 08:33:07.565 xcodebuild[6595:36296] [MT] IDELaunchParametersSnapshot: debugger version lookup failed for path '<nil>': noURL
2026-09-26 08:33:07.566 xcodebuild[6595:36296] [MT] IDELaunchParametersSnapshot: no debugger version
objc[6826]: Class UIAccessibilityLoaderWebShared is implemented in both /private/var/run/com.apple.security.cryptexd/mnt/com.apple.iPhoneOS.SimulatorRuntime-v24.1.434.0.pRafix/Library/Developer/CoreSimulator/Profiles/Runtimes/iOS 27.0.simruntime/Contents/Resources/RuntimeRoot/System/Library/AccessibilityBundles/WebKit.axbundle/WebKit (0x105df0398) and /private/var/run/com.apple.security.cryptexd/mnt/com.apple.iPhoneOS.SimulatorRuntime-v24.1.434.0.pRafix/Library/Developer/CoreSimulator/Profiles/Runtimes/iOS 27.0.simruntime/Contents/Resources/RuntimeRoot/System/Library/AccessibilityBundles/WebCore.axbundle/WebCore (0x109a98310). This may cause spurious casting failures and mysterious crashes. One of the duplicates must be removed or renamed.
    t =     7.35s         Setting up automation session
    t =    12.79s         Wait for com.sleuthysloth.condisco to idle
    t =    16.13s Waiting 30.0s for "Choose a language" Button to exist
    t =    17.15s     Checking `Expect predicate `existsNoRetry == 1` for object "Choose a language" Button`
    t =    17.15s         Checking existence of `"Choose a language" Button`
    t =    17.33s Tap "Choose a language" Button
    t =    17.33s     Wait for com.sleuthysloth.condisco to idle
    t =    17.33s     Find the "Choose a language" Button
    t =    17.34s     Check for interrupting elements affecting "Choose a language" Button
    t =    17.49s     Synthesize event
    t =    18.13s     Wait for com.sleuthysloth.condisco to idle
    t =    18.14s Waiting 10.0s for "Which language are you learning?" StaticText to exist
    t =    19.17s     Checking `Expect predicate `existsNoRetry == 1` for object "Which language are you learning?" StaticText`
    t =    19.18s         Checking existence of `"Which language are you learning?" StaticText`
    t =    19.26s Checking existence of `"French foundations" StaticText`
    t =    19.28s Find the "Continue" Button
    t =    19.34s Find the "Continue" Button
    t =    19.37s Find the "Continue" Button
    t =    19.39s Find the "Continue" Button
    t =    19.41s Find the "Continue" Button
    t =    19.44s Tap "Continue" Button
    t =    19.44s     Wait for com.sleuthysloth.condisco to idle
    t =    19.44s     Find the "Continue" Button
    t =    19.46s     Check for interrupting elements affecting "Continue" Button
    t =    19.48s     Synthesize event
    t =    19.78s     Wait for com.sleuthysloth.condisco to idle
    t =    19.79s Waiting 10.0s for Button (First Match) to exist
    t =    20.82s     Checking `Expect predicate `existsNoRetry == 1` for object Button (First Match)`
    t =    20.83s         Checking existence of `Button (First Match)`
    t =    20.86s Find the Button (First Match)
    t =    20.92s Find the "I'm starting fresh, Begin with your first mission. No experience needed." Button
    t =    20.96s Find the "I'm starting fresh, Begin with your first mission. No experience needed." Button
    t =    20.99s Find the "I'm starting fresh, Begin with your first mission. No experience needed." Button
    t =    21.03s Find the "I'm starting fresh, Begin with your first mission. No experience needed." Button
    t =    21.06s Tap "I'm starting fresh, Begin with your first mission. No experience needed." Button
    t =    21.06s     Wait for com.sleuthysloth.condisco to idle
    t =    21.07s     Find the "I'm starting fresh, Begin with your first mission. No experience needed." Button
    t =    21.08s     Check for interrupting elements affecting "I'm starting fresh, Begin with your first mission. No experience needed." Button
    t =    21.11s     Synthesize event
    t =    21.40s     Wait for com.sleuthysloth.condisco to idle
    t =    22.47s Waiting 20.0s for "Start lesson" Button to exist
    t =    23.48s     Checking `Expect predicate `existsNoRetry == 1` for object "Start lesson" Button`
    t =    23.48s         Checking existence of `"Start lesson" Button`
    t =    23.70s Waiting 10.0s for "Back to lessons" Button to exist
    t =    24.73s     Checking `Expect predicate `existsNoRetry == 1` for object "Back to lessons" Button`
    t =    24.73s         Checking existence of `"Back to lessons" Button`
    t =    24.79s Tap "Back to lessons" Button
    t =    24.79s     Wait for com.sleuthysloth.condisco to idle
    t =    24.80s     Find the "Back to lessons" Button
    t =    24.85s     Check for interrupting elements affecting "Back to lessons" Button
    t =    24.91s     Synthesize event
    t =    25.20s     Wait for com.sleuthysloth.condisco to idle
    t =    25.55s Waiting 30.0s for "Home" Button to exist
    t =    26.57s     Checking `Expect predicate `existsNoRetry == 1` for object "Home" Button`
    t =    26.58s         Checking existence of `"Home" Button`
    t =    26.62s Waiting 30.0s for "home.today.review" Button to exist
    t =    27.65s     Checking `Expect predicate `existsNoRetry == 1` for object "home.today.review" Button`
    t =    27.65s         Checking existence of `"home.today.review" Button`
    t =    28.15s Find the "home.today.review" Button
    t =    28.21s Find the Target Application 'com.sleuthysloth.condisco'
    t =    28.40s Added attachment named 'home-review-invitation'
    t =    28.40s Tap "home.today.review" Button
    t =    28.40s     Wait for com.sleuthysloth.condisco to idle
    t =    28.40s     Find the "home.today.review" Button
    t =    28.43s     Check for interrupting elements affecting "home.today.review" Button
    t =    28.47s     Synthesize event
    t =    28.78s     Wait for com.sleuthysloth.condisco to idle
    t =    29.92s Waiting 15.0s for "Review" NavigationBar to exist
    t =    30.94s     Checking `Expect predicate `existsNoRetry == 1` for object "Review" NavigationBar`
    t =    30.94s         Checking existence of `"Review" NavigationBar`
    t =    31.07s Waiting 10.0s for "5 of 7 to review" StaticText to exist
    t =    32.09s     Checking `Expect predicate `existsNoRetry == 1` for object "5 of 7 to review" StaticText`
    t =    32.09s         Checking existence of `"5 of 7 to review" StaticText`
    t =    32.16s Find the Target Application 'com.sleuthysloth.condisco'
    t =    32.39s Added attachment named 'review-five-preselected'
    t =    32.39s Find the "Start review" Button
    t =    32.53s Find the "Start review" Button
    t =    32.64s Find the "Start review" Button
    t =    32.75s Find the "Start review" Button
    t =    32.84s Find the "Start review" Button
    t =    32.93s Tap "Start review" Button
    t =    32.93s     Wait for com.sleuthysloth.condisco to idle
    t =    32.96s     Find the "Start review" Button
    t =    33.01s     Check for interrupting elements affecting "Start review" Button
    t =    33.06s     Synthesize event
    t =    33.36s     Wait for com.sleuthysloth.condisco to idle
    t =    33.49s Waiting 15.0s for "Reveal answer" Button to exist
    t =    34.53s     Checking `Expect predicate `existsNoRetry == 1` for object "Reveal answer" Button`
    t =    34.53s         Checking existence of `"Reveal answer" Button`
    t =    34.73s Tap "Reveal answer" Button
    t =    34.74s     Wait for com.sleuthysloth.condisco to idle
    t =    34.76s     Find the "Reveal answer" Button
    t =    34.89s     Check for interrupting elements affecting "Reveal answer" Button
    t =    35.36s     Synthesize event
    t =    35.69s     Wait for com.sleuthysloth.condisco to idle
    t =    35.70s Waiting 10.0s for "I knew it. I recalled the answer independently." Button to exist
    t =    36.72s     Checking `Expect predicate `existsNoRetry == 1` for object "I knew it. I recalled the answer independently." Button`
    t =    36.72s         Checking existence of `"I knew it. I recalled the answer independently." Button`
    t =    36.79s Find the "I knew it. I recalled the answer independently." Button
    t =    36.88s Find the "I knew it. I recalled the answer independently." Button
    t =    36.96s Find the "I knew it. I recalled the answer independently." Button
    t =    37.03s Find the "I knew it. I recalled the answer independently." Button
    t =    37.12s Find the "I knew it. I recalled the answer independently." Button
    t =    37.20s Tap "I knew it. I recalled the answer independently." Button
    t =    37.20s     Wait for com.sleuthysloth.condisco to idle
    t =    37.20s     Find the "I knew it. I recalled the answer independently." Button
    t =    37.26s     Check for interrupting elements affecting "I knew it. I recalled the answer independently." Button
    t =    37.31s     Synthesize event
    t =    37.62s     Wait for com.sleuthysloth.condisco to idle
    t =    37.63s Waiting 15.0s for "Reveal answer" Button to exist
    t =    38.66s     Checking `Expect predicate `existsNoRetry == 1` for object "Reveal answer" Button`
    t =    38.66s         Checking existence of `"Reveal answer" Button`
    t =    38.73s Tap "Reveal answer" Button
    t =    38.73s     Wait for com.sleuthysloth.condisco to idle
    t =    38.75s     Find the "Reveal answer" Button
    t =    38.83s     Check for interrupting elements affecting "Reveal answer" Button
    t =    38.90s     Synthesize event
    t =    39.22s     Wait for com.sleuthysloth.condisco to idle
    t =    39.22s Waiting 10.0s for "Almost. I nearly knew it." Button to exist
    t =    40.25s     Checking `Expect predicate `existsNoRetry == 1` for object "Almost. I nearly knew it." Button`
    t =    40.26s         Checking existence of `"Almost. I nearly knew it." Button`
    t =    40.42s Find the "Almost. I nearly knew it." Button
    t =    40.52s Find the "Almost. I nearly knew it." Button
    t =    40.61s Find the "Almost. I nearly knew it." Button
    t =    40.69s Find the "Almost. I nearly knew it." Button
    t =    40.78s Find the "Almost. I nearly knew it." Button
    t =    40.86s Tap "Almost. I nearly knew it." Button
    t =    40.86s     Wait for com.sleuthysloth.condisco to idle
    t =    40.87s     Find the "Almost. I nearly knew it." Button
    t =    40.94s     Check for interrupting elements affecting "Almost. I nearly knew it." Button
    t =    41.00s     Synthesize event
    t =    41.31s     Wait for com.sleuthysloth.condisco to idle
    t =    41.31s Waiting 15.0s for "Reveal answer" Button to exist
    t =    42.34s     Checking `Expect predicate `existsNoRetry == 1` for object "Reveal answer" Button`
    t =    42.34s         Checking existence of `"Reveal answer" Button`
    t =    42.41s Tap "Reveal answer" Button
    t =    42.41s     Wait for com.sleuthysloth.condisco to idle
    t =    42.42s     Find the "Reveal answer" Button
    t =    42.48s     Check for interrupting elements affecting "Reveal answer" Button
    t =    42.54s     Synthesize event
    t =    42.85s     Wait for com.sleuthysloth.condisco to idle
    t =    42.85s Waiting 10.0s for "Not yet. I didn't know it." Button to exist
    t =    44.28s     Checking `Expect predicate `existsNoRetry == 1` for object "Not yet. I didn't know it." Button`
    t =    44.28s         Checking existence of `"Not yet. I didn't know it." Button`
    t =    46.28s Find the "Not yet. I didn't know it." Button
    t =    47.43s Find the "Not yet. I didn't know it." Button
    t =    47.66s Find the "Not yet. I didn't know it." Button
    t =    48.73s Find the "Not yet. I didn't know it." Button
    t =    50.09s Find the "Not yet. I didn't know it." Button
    t =    50.54s Tap "Not yet. I didn't know it." Button
    t =    50.55s     Wait for com.sleuthysloth.condisco to idle
    t =    50.90s     Find the "Not yet. I didn't know it." Button
    t =    51.05s     Check for interrupting elements affecting "Not yet. I didn't know it." Button
    t =    51.52s     Synthesize event
    t =    52.20s     Wait for com.sleuthysloth.condisco to idle
    t =    52.79s Waiting 15.0s for "Reveal answer" Button to exist
    t =    54.00s     Checking `Expect predicate `existsNoRetry == 1` for object "Reveal answer" Button`
    t =    54.09s         Checking existence of `"Reveal answer" Button`
    t =    54.61s Tap "Reveal answer" Button
    t =    54.61s     Wait for com.sleuthysloth.condisco to idle
    t =    55.05s     Find the "Reveal answer" Button
    t =    55.42s     Check for interrupting elements affecting "Reveal answer" Button
    t =    56.74s     Synthesize event
    t =    57.16s     Wait for com.sleuthysloth.condisco to idle
    t =    57.20s Waiting 10.0s for "Easy. I knew it without effort." Button to exist
    t =    58.26s     Checking `Expect predicate `existsNoRetry == 1` for object "Easy. I knew it without effort." Button`
    t =    58.26s         Checking existence of `"Easy. I knew it without effort." Button`
    t =    58.41s Find the "Easy. I knew it without effort." Button
    t =    58.73s Find the "Easy. I knew it without effort." Button
    t =    58.97s Find the "Easy. I knew it without effort." Button
    t =    59.57s Find the "Easy. I knew it without effort." Button
    t =    59.96s Find the "Easy. I knew it without effort." Button
    t =    60.46s Tap "Easy. I knew it without effort." Button
    t =    60.46s     Wait for com.sleuthysloth.condisco to idle
    t =    60.47s     Find the "Easy. I knew it without effort." Button
    t =    60.87s     Check for interrupting elements affecting "Easy. I knew it without effort." Button
    t =    61.29s     Synthesize event
    t =    61.91s     Wait for com.sleuthysloth.condisco to idle
    t =    62.24s Waiting 15.0s for "Reveal answer" Button to exist
    t =    63.32s     Checking `Expect predicate `existsNoRetry == 1` for object "Reveal answer" Button`
    t =    63.32s         Checking existence of `"Reveal answer" Button`
    t =    63.48s Tap "Reveal answer" Button
    t =    63.49s     Wait for com.sleuthysloth.condisco to idle
    t =    63.51s     Find the "Reveal answer" Button
    t =    63.67s     Check for interrupting elements affecting "Reveal answer" Button
    t =    64.07s     Synthesize event
    t =    64.91s     Wait for com.sleuthysloth.condisco to idle
    t =    65.11s Waiting 10.0s for "I knew it. I recalled the answer independently." Button to exist
    t =    66.17s     Checking `Expect predicate `existsNoRetry == 1` for object "I knew it. I recalled the answer independently." Button`
    t =    66.17s         Checking existence of `"I knew it. I recalled the answer independently." Button`
    t =    66.25s Find the "I knew it. I recalled the answer independently." Button
    t =    66.41s Find the "I knew it. I recalled the answer independently." Button
    t =    66.78s Find the "I knew it. I recalled the answer independently." Button
    t =    66.97s Find the "I knew it. I recalled the answer independently." Button
    t =    67.56s Find the "I knew it. I recalled the answer independently." Button
    t =    68.07s Tap "I knew it. I recalled the answer independently." Button
    t =    68.08s     Wait for com.sleuthysloth.condisco to idle
    t =    68.20s     Find the "I knew it. I recalled the answer independently." Button
    t =    68.32s     Check for interrupting elements affecting "I knew it. I recalled the answer independently." Button
    t =    68.59s     Synthesize event
    t =    70.56s     Wait for com.sleuthysloth.condisco to idle
    t =    70.85s Waiting 15.0s for "Session complete" StaticText to exist
    t =    71.90s     Checking `Expect predicate `existsNoRetry == 1` for object "Session complete" StaticText`
    t =    71.92s         Checking existence of `"Session complete" StaticText`
    t =    72.20s Find the Target Application 'com.sleuthysloth.condisco'
    t =    72.67s Added attachment named 'review-session-complete'
    t =    72.69s Find the "Done" Button
    t =    72.97s Tap "Done" Button
    t =    72.98s     Wait for com.sleuthysloth.condisco to idle
    t =    73.05s     Find the "Done" Button
    t =    73.12s     Check for interrupting elements affecting "Done" Button
    t =    73.81s     Synthesize event
    t =    74.26s     Wait for com.sleuthysloth.condisco to idle
    t =    75.10s Waiting 15.0s for "Review" NavigationBar to exist
    t =    76.17s     Checking `Expect predicate `existsNoRetry == 1` for object "Review" NavigationBar`
    t =    76.17s         Checking existence of `"Review" NavigationBar`
    t =    76.25s Tear Down
Test Case '-[CondiscoUITests.AccessibilitySweepUITests testFiveCardReviewSessionCompletesAfterHomeInvitation]' passed (87.052 seconds).
Test Case '-[CondiscoUITests.AccessibilitySweepUITests testLandscapeKeepsPrimaryActionReachable]' started.
    t =     0.01s Start Test at 2026-09-26 08:34:32.644
    t =     0.18s Set Up
    t =     0.20s Open com.sleuthysloth.condisco
    t =     0.21s     Launch com.sleuthysloth.condisco
    t =     0.22s         Terminate com.sleuthysloth.condisco:6894
2026-09-26 08:34:36.982 xcodebuild[6595:36296] [MT] IDELaunchParametersSnapshot: debugger version lookup failed for path '<nil>': noURL
2026-09-26 08:34:36.983 xcodebuild[6595:36296] [MT] IDELaunchParametersSnapshot: no debugger version
    t =     6.65s         Setting up automation session
    t =    11.10s         Wait for com.sleuthysloth.condisco to idle
    t =    14.91s Waiting 30.0s for "Choose a language" Button to exist
    t =    15.93s     Checking `Expect predicate `existsNoRetry == 1` for object "Choose a language" Button`
    t =    15.93s         Checking existence of `"Choose a language" Button`
    t =    16.17s Tap "Choose a language" Button
    t =    16.17s     Wait for com.sleuthysloth.condisco to idle
    t =    16.21s     Find the "Choose a language" Button
    t =    16.23s     Check for interrupting elements affecting "Choose a language" Button
    t =    16.33s     Synthesize event
    t =    16.70s     Wait for com.sleuthysloth.condisco to idle
    t =    16.70s Waiting 10.0s for "Which language are you learning?" StaticText to exist
    t =    17.73s     Checking `Expect predicate `existsNoRetry == 1` for object "Which language are you learning?" StaticText`
    t =    17.73s         Checking existence of `"Which language are you learning?" StaticText`
    t =    17.81s Checking existence of `"French foundations" StaticText`
    t =    17.83s Find the "Continue" Button
    t =    17.87s Find the "Continue" Button
    t =    17.90s Find the "Continue" Button
    t =    17.94s Find the "Continue" Button
    t =    17.97s Find the "Continue" Button
    t =    18.00s Tap "Continue" Button
    t =    18.00s     Wait for com.sleuthysloth.condisco to idle
    t =    18.01s     Find the "Continue" Button
    t =    18.02s     Check for interrupting elements affecting "Continue" Button
    t =    18.05s     Synthesize event
    t =    18.36s     Wait for com.sleuthysloth.condisco to idle
    t =    18.36s Waiting 10.0s for Button (First Match) to exist
    t =    19.38s     Checking `Expect predicate `existsNoRetry == 1` for object Button (First Match)`
    t =    19.38s         Checking existence of `Button (First Match)`
    t =    19.41s Find the Button (First Match)
    t =    19.51s Find the "I'm starting fresh, Begin with your first mission. No experience needed." Button
    t =    19.56s Find the "I'm starting fresh, Begin with your first mission. No experience needed." Button
    t =    19.62s Find the "I'm starting fresh, Begin with your first mission. No experience needed." Button
    t =    19.70s Find the "I'm starting fresh, Begin with your first mission. No experience needed." Button
    t =    19.75s Tap "I'm starting fresh, Begin with your first mission. No experience needed." Button
    t =    19.75s     Wait for com.sleuthysloth.condisco to idle
    t =    19.75s     Find the "I'm starting fresh, Begin with your first mission. No experience needed." Button
    t =    19.77s     Check for interrupting elements affecting "I'm starting fresh, Begin with your first mission. No experience needed." Button
    t =    19.80s     Synthesize event
    t =    20.11s     Wait for com.sleuthysloth.condisco to idle
    t =    22.16s Waiting 20.0s for "Start lesson" Button to exist
    t =    23.20s     Checking `Expect predicate `existsNoRetry == 1` for object "Start lesson" Button`
    t =    23.21s         Checking existence of `"Start lesson" Button`
    t =    23.49s Tap "Start lesson" Button
    t =    23.49s     Wait for com.sleuthysloth.condisco to idle
    t =    23.49s     Find the "Start lesson" Button
    t =    23.57s     Check for interrupting elements affecting "Start lesson" Button
    t =    23.63s     Synthesize event
    t =    23.97s     Wait for com.sleuthysloth.condisco to idle
    t =    24.52s Waiting 10.0s for "Got it" Button to exist
    t =    25.54s     Checking `Expect predicate `existsNoRetry == 1` for object "Got it" Button`
    t =    25.55s         Checking existence of `"Got it" Button`
    t =    25.69s Tap "Got it" Button
    t =    25.69s     Wait for com.sleuthysloth.condisco to idle
    t =    25.69s     Find the "Got it" Button
    t =    25.76s     Check for interrupting elements affecting "Got it" Button
    t =    25.82s     Synthesize event
    t =    26.13s     Wait for com.sleuthysloth.condisco to idle
    t =    26.13s Waiting 10.0s for "Continue" Button to exist
    t =    27.15s     Checking `Expect predicate `existsNoRetry == 1` for object "Continue" Button`
    t =    27.15s         Checking existence of `"Continue" Button`
    t =    27.23s Tap "Continue" Button
    t =    27.23s     Wait for com.sleuthysloth.condisco to idle
    t =    27.23s     Find the "Continue" Button
    t =    27.29s     Check for interrupting elements affecting "Continue" Button
    t =    27.35s     Synthesize event
    t =    27.66s     Wait for com.sleuthysloth.condisco to idle
    t =    27.68s Waiting 10.0s for "The server looks up from the counter. How do you greet them?" StaticText to exist
    t =    28.70s     Checking `Expect predicate `existsNoRetry == 1` for object "The server looks up from the counter. How do you greet them?" StaticText`
    t =    28.70s         Checking existence of `"The server looks up from the counter. How do you greet them?" StaticText`
    t =    28.75s Find the "The server looks up from the counter. How do you greet them?" StaticText
    t =    28.80s Setting device orientation to Landscape Left
    t =    28.82s     Device orientation changed to Landscape Left
    t =    29.71s     Interface orientation changed to Landscape Right
    t =    29.79s     Wait for com.sleuthysloth.condisco to idle
    t =    30.22s Waiting 10.0s for "The server looks up from the counter. How do you greet them?" StaticText to exist
    t =    31.23s     Checking `Expect predicate `existsNoRetry == 1` for object "The server looks up from the counter. How do you greet them?" StaticText`
    t =    31.23s         Checking existence of `"The server looks up from the counter. How do you greet them?" StaticText`
    t =    31.28s Waiting 10.0s for "Check" Button to exist
    t =    32.31s     Checking `Expect predicate `existsNoRetry == 1` for object "Check" Button`
    t =    32.31s         Checking existence of `"Check" Button`
    t =    32.35s Find the "Check" Button
    t =    32.40s Checking existence of `Window (First Match)`
    t =    32.40s Find the "Check" Button
    t =    32.45s Find the Window (First Match)
    t =    32.46s Find the Window at {{0.0, 0.0}, {874.0, 402.0}}
    t =    32.47s Checking existence of `"Bonjour." Button`
    t =    32.51s Find the Target Application 'com.sleuthysloth.condisco'
    t =    32.69s Added attachment named 'landscape-first-question'
    t =    32.69s Setting device orientation to Portrait
    t =    32.70s     Device orientation changed to Portrait
    t =    32.74s     Interface orientation changed to Portrait
    t =    32.74s     Wait for com.sleuthysloth.condisco to idle
    t =    33.37s Tear Down
Test Case '-[CondiscoUITests.AccessibilitySweepUITests testLandscapeKeepsPrimaryActionReachable]' passed (33.757 seconds).
Test Case '-[CondiscoUITests.AccessibilitySweepUITests testLargestDynamicTypeKeepsActionsReachable]' started.
    t =     0.00s Start Test at 2026-09-26 08:35:06.396
    t =     0.07s Set Up
    t =     0.07s Open com.sleuthysloth.condisco
    t =     0.07s     Launch com.sleuthysloth.condisco
    t =     0.07s         Terminate com.sleuthysloth.condisco:7017
2026-09-26 08:35:07.620 xcodebuild[6595:36296] [MT] IDELaunchParametersSnapshot: debugger version lookup failed for path '<nil>': noURL
2026-09-26 08:35:07.621 xcodebuild[6595:36296] [MT] IDELaunchParametersSnapshot: no debugger version
    t =     1.86s         Setting up automation session
    t =     6.95s         Wait for com.sleuthysloth.condisco to idle
    t =     9.05s Waiting 30.0s for "Choose a language" Button to exist
    t =    10.09s     Checking `Expect predicate `existsNoRetry == 1` for object "Choose a language" Button`
    t =    10.09s         Checking existence of `"Choose a language" Button`
    t =    10.17s Tap "Choose a language" Button
    t =    10.17s     Wait for com.sleuthysloth.condisco to idle
    t =    10.18s     Find the "Choose a language" Button
    t =    10.19s     Check for interrupting elements affecting "Choose a language" Button
    t =    10.20s     Synthesize event
    t =    10.54s     Wait for com.sleuthysloth.condisco to idle
    t =    10.54s Waiting 10.0s for "Which language are you learning?" StaticText to exist
    t =    11.56s     Checking `Expect predicate `existsNoRetry == 1` for object "Which language are you learning?" StaticText`
    t =    11.56s         Checking existence of `"Which language are you learning?" StaticText`
    t =    11.61s Checking existence of `"French foundations" StaticText`
    t =    11.62s Find the "Continue" Button
    t =    11.67s Find the "Continue" Button
    t =    11.70s Find the "Continue" Button
    t =    11.74s Find the "Continue" Button
    t =    11.78s Find the "Continue" Button
    t =    11.82s Tap "Continue" Button
    t =    11.82s     Wait for com.sleuthysloth.condisco to idle
    t =    11.83s     Find the "Continue" Button
    t =    11.86s     Check for interrupting elements affecting "Continue" Button
    t =    11.90s     Synthesize event
    t =    12.20s     Wait for com.sleuthysloth.condisco to idle
    t =    12.21s Waiting 10.0s for Button (First Match) to exist
    t =    13.22s     Checking `Expect predicate `existsNoRetry == 1` for object Button (First Match)`
    t =    13.22s         Checking existence of `Button (First Match)`
    t =    13.24s Find the Button (First Match)
    t =    13.26s Find the "I'm starting fresh, Begin with your first mission. No experience needed." Button
    t =    13.29s Find the "I'm starting fresh, Begin with your first mission. No experience needed." Button
    t =    13.32s Find the "I'm starting fresh, Begin with your first mission. No experience needed." Button
    t =    13.36s Find the "I'm starting fresh, Begin with your first mission. No experience needed." Button
    t =    13.39s Tap "I'm starting fresh, Begin with your first mission. No experience needed." Button
    t =    13.39s     Wait for com.sleuthysloth.condisco to idle
    t =    13.39s     Find the "I'm starting fresh, Begin with your first mission. No experience needed." Button
    t =    13.40s     Check for interrupting elements affecting "I'm starting fresh, Begin with your first mission. No experience needed." Button
    t =    13.42s     Synthesize event
    t =    13.71s     Wait for com.sleuthysloth.condisco to idle
    t =    14.50s Waiting 20.0s for "Start lesson" Button to exist
    t =    15.52s     Checking `Expect predicate `existsNoRetry == 1` for object "Start lesson" Button`
    t =    15.52s         Checking existence of `"Start lesson" Button`
    t =    15.65s Tap "Start lesson" Button
    t =    15.65s     Wait for com.sleuthysloth.condisco to idle
    t =    15.66s     Find the "Start lesson" Button
    t =    15.72s     Check for interrupting elements affecting "Start lesson" Button
    t =    15.78s     Synthesize event
    t =    15.79s         Scroll element to visible
    t =    15.80s         Find the "Start lesson" Button
    t =    15.89s         Computed hit point {201, 682.99999999999989} after scrolling to visible
    t =    16.18s     Wait for com.sleuthysloth.condisco to idle
    t =    16.38s Waiting 10.0s for "Got it" Button to exist
    t =    17.41s     Checking `Expect predicate `existsNoRetry == 1` for object "Got it" Button`
    t =    17.41s         Checking existence of `"Got it" Button`
    t =    17.57s Tap "Got it" Button
    t =    17.57s     Wait for com.sleuthysloth.condisco to idle
    t =    17.58s     Find the "Got it" Button
    t =    17.64s     Check for interrupting elements affecting "Got it" Button
    t =    17.73s     Synthesize event
    t =    18.03s     Wait for com.sleuthysloth.condisco to idle
    t =    18.05s Waiting 10.0s for "Continue" Button to exist
    t =    19.07s     Checking `Expect predicate `existsNoRetry == 1` for object "Continue" Button`
    t =    19.07s         Checking existence of `"Continue" Button`
    t =    19.20s Tap "Continue" Button
    t =    19.20s     Wait for com.sleuthysloth.condisco to idle
    t =    19.22s     Find the "Continue" Button
    t =    19.38s     Check for interrupting elements affecting "Continue" Button
    t =    19.47s     Synthesize event
    t =    19.79s     Wait for com.sleuthysloth.condisco to idle
    t =    19.80s Waiting 10.0s for "The server looks up from the counter. How do you greet them?" StaticText to exist
    t =    20.82s     Checking `Expect predicate `existsNoRetry == 1` for object "The server looks up from the counter. How do you greet them?" StaticText`
    t =    20.82s         Checking existence of `"The server looks up from the counter. How do you greet them?" StaticText`
    t =    21.02s Find the "The server looks up from the counter. How do you greet them?" StaticText
    t =    21.11s Find the Target Application 'com.sleuthysloth.condisco'
    t =    21.38s Added attachment named 'largest-type-first-question'
    t =    21.38s Waiting 10.0s for "Check" Button to exist
    t =    22.40s     Checking `Expect predicate `existsNoRetry == 1` for object "Check" Button`
    t =    22.40s         Checking existence of `"Check" Button`
    t =    23.02s Find the "Check" Button
    t =    23.08s Checking existence of `Window (First Match)`
    t =    23.09s Find the "Check" Button
    t =    23.14s Find the Window (First Match)
    t =    23.15s Find the Window at {{0.0, 0.0}, {402.0, 874.0}}
    t =    23.16s Waiting 10.0s for "Bonjour." Button to exist
    t =    24.18s     Checking `Expect predicate `existsNoRetry == 1` for object "Bonjour." Button`
    t =    24.18s         Checking existence of `"Bonjour." Button`
    t =    24.29s Checking existence of `"Merci." Button`
    t =    24.35s Find the "Check" Button
    t =    24.43s Find the "Merci." Button
    t =    24.51s Swipe up Target Application 'com.sleuthysloth.condisco'
    t =    24.51s     Wait for com.sleuthysloth.condisco to idle
    t =    24.52s     Find the Target Application 'com.sleuthysloth.condisco'
    t =    24.57s     Check for interrupting elements affecting "Condisco" Application
    t =    24.69s     Synthesize event
    t =    25.17s     Wait for com.sleuthysloth.condisco to idle
    t =    26.57s Find the "Merci." Button
    t =    27.18s Find the "Merci." Button
    t =    27.39s Find the "Merci." Button
    t =    27.49s Find the "Merci." Button
    t =    27.61s Tap "Merci." Button
    t =    27.61s     Wait for com.sleuthysloth.condisco to idle
    t =    27.84s     Find the "Merci." Button
    t =    28.00s     Check for interrupting elements affecting "Merci." Button
    t =    28.35s     Synthesize event
    t =    28.95s     Wait for com.sleuthysloth.condisco to idle
    t =    29.94s Find the "Check" Button
    t =    30.15s Find the "Check" Button
    t =    30.22s Find the "Check" Button
    t =    30.29s Find the "Check" Button
    t =    30.39s Find the "Check" Button
    t =    30.48s Tap "Check" Button
    t =    30.48s     Wait for com.sleuthysloth.condisco to idle
    t =    30.48s     Find the "Check" Button
    t =    30.55s     Check for interrupting elements affecting "Check" Button
    t =    30.61s     Synthesize event
    t =    30.92s     Wait for com.sleuthysloth.condisco to idle
    t =    30.99s Waiting 15.0s for StaticText (First Match) to exist
    t =    32.02s     Checking `Expect predicate `existsNoRetry == 1` for object StaticText (First Match)`
    t =    32.03s         Checking existence of `StaticText (First Match)`
    t =    32.11s Find the Target Application 'com.sleuthysloth.condisco'
    t =    32.53s Added attachment named 'largest-type-wrong-answer-feedback'
    t =    32.54s Tear Down
Test Case '-[CondiscoUITests.AccessibilitySweepUITests testLargestDynamicTypeKeepsActionsReachable]' passed (33.391 seconds).
Test Case '-[CondiscoUITests.AccessibilitySweepUITests testSmallPhoneFirstQuestionWrongAnswerFeedbackNotHidden]' started.
    t =     0.16s Start Test at 2026-09-26 08:35:39.957
    t =     0.31s Set Up
    t =     0.31s Open com.sleuthysloth.condisco
    t =     0.32s     Launch com.sleuthysloth.condisco
    t =     0.32s         Terminate com.sleuthysloth.condisco:7055
2026-09-26 08:35:43.176 xcodebuild[6595:36296] [MT] IDELaunchParametersSnapshot: debugger version lookup failed for path '<nil>': noURL
2026-09-26 08:35:43.177 xcodebuild[6595:36296] [MT] IDELaunchParametersSnapshot: no debugger version
    t =     8.52s         Setting up automation session
    t =    15.47s         Wait for com.sleuthysloth.condisco to idle
    t =    19.23s Waiting 30.0s for "Choose a language" Button to exist
    t =    20.26s     Checking `Expect predicate `existsNoRetry == 1` for object "Choose a language" Button`
    t =    20.27s         Checking existence of `"Choose a language" Button`
    t =    20.43s Tap "Choose a language" Button
    t =    20.43s     Wait for com.sleuthysloth.condisco to idle
    t =    20.43s     Find the "Choose a language" Button
    t =    20.44s     Check for interrupting elements affecting "Choose a language" Button
    t =    20.50s     Synthesize event
    t =    20.86s     Wait for com.sleuthysloth.condisco to idle
    t =    20.86s Waiting 10.0s for "Which language are you learning?" StaticText to exist
    t =    21.94s     Checking `Expect predicate `existsNoRetry == 1` for object "Which language are you learning?" StaticText`
    t =    21.95s         Checking existence of `"Which language are you learning?" StaticText`
    t =    22.02s Checking existence of `"French foundations" StaticText`
    t =    22.02s Find the "Continue" Button
    t =    22.04s Find the "Continue" Button
    t =    22.05s Find the "Continue" Button
    t =    22.07s Find the "Continue" Button
    t =    22.08s Find the "Continue" Button
    t =    22.10s Tap "Continue" Button
    t =    22.10s     Wait for com.sleuthysloth.condisco to idle
    t =    22.10s     Find the "Continue" Button
    t =    22.11s     Check for interrupting elements affecting "Continue" Button
    t =    22.12s     Synthesize event
    t =    22.40s     Wait for com.sleuthysloth.condisco to idle
    t =    22.41s Waiting 10.0s for Button (First Match) to exist
    t =    23.42s     Checking `Expect predicate `existsNoRetry == 1` for object Button (First Match)`
    t =    23.42s         Checking existence of `Button (First Match)`
    t =    23.44s Find the Button (First Match)
    t =    23.47s Find the "I'm starting fresh, Begin with your first mission. No experience needed." Button
    t =    23.49s Find the "I'm starting fresh, Begin with your first mission. No experience needed." Button
    t =    23.51s Find the "I'm starting fresh, Begin with your first mission. No experience needed." Button
    t =    23.52s Find the "I'm starting fresh, Begin with your first mission. No experience needed." Button
    t =    23.53s Tap "I'm starting fresh, Begin with your first mission. No experience needed." Button
    t =    23.53s     Wait for com.sleuthysloth.condisco to idle
    t =    23.54s     Find the "I'm starting fresh, Begin with your first mission. No experience needed." Button
    t =    23.55s     Check for interrupting elements affecting "I'm starting fresh, Begin with your first mission. No experience needed." Button
    t =    23.56s     Synthesize event
    t =    23.85s     Wait for com.sleuthysloth.condisco to idle
    t =    24.61s Waiting 20.0s for "Start lesson" Button to exist
    t =    25.64s     Checking `Expect predicate `existsNoRetry == 1` for object "Start lesson" Button`
    t =    25.64s         Checking existence of `"Start lesson" Button`
    t =    25.75s Tap "Start lesson" Button
    t =    25.75s     Wait for com.sleuthysloth.condisco to idle
    t =    25.75s     Find the "Start lesson" Button
    t =    25.78s     Check for interrupting elements affecting "Start lesson" Button
    t =    25.82s     Synthesize event
    t =    26.11s     Wait for com.sleuthysloth.condisco to idle
    t =    26.32s Waiting 10.0s for "Got it" Button to exist
    t =    27.34s     Checking `Expect predicate `existsNoRetry == 1` for object "Got it" Button`
    t =    27.34s         Checking existence of `"Got it" Button`
    t =    27.39s Tap "Got it" Button
    t =    27.39s     Wait for com.sleuthysloth.condisco to idle
    t =    27.39s     Find the "Got it" Button
    t =    27.44s     Check for interrupting elements affecting "Got it" Button
    t =    27.48s     Synthesize event
    t =    27.76s     Wait for com.sleuthysloth.condisco to idle
    t =    27.76s Waiting 10.0s for "Continue" Button to exist
    t =    28.79s     Checking `Expect predicate `existsNoRetry == 1` for object "Continue" Button`
    t =    28.83s         Checking existence of `"Continue" Button`
    t =    28.94s Tap "Continue" Button
    t =    28.94s     Wait for com.sleuthysloth.condisco to idle
    t =    28.94s     Find the "Continue" Button
    t =    28.99s     Check for interrupting elements affecting "Continue" Button
    t =    29.05s     Synthesize event
    t =    29.39s     Wait for com.sleuthysloth.condisco to idle
    t =    29.39s Waiting 10.0s for "The server looks up from the counter. How do you greet them?" StaticText to exist
    t =    30.44s     Checking `Expect predicate `existsNoRetry == 1` for object "The server looks up from the counter. How do you greet them?" StaticText`
    t =    30.44s         Checking existence of `"The server looks up from the counter. How do you greet them?" StaticText`
    t =    30.51s Find the "The server looks up from the counter. How do you greet them?" StaticText
    t =    30.61s Find the Target Application 'com.sleuthysloth.condisco'
    t =    30.76s Added attachment named 'smallphone-first-question'
    t =    30.76s Waiting 10.0s for "Check" Button to exist
    t =    31.80s     Checking `Expect predicate `existsNoRetry == 1` for object "Check" Button`
    t =    31.81s         Checking existence of `"Check" Button`
    t =    31.86s Find the "Check" Button
    t =    31.90s Checking existence of `Window (First Match)`
    t =    31.90s Find the "Check" Button
    t =    31.94s Find the Window (First Match)
    t =    31.94s Find the Window at {{0.0, 0.0}, {402.0, 874.0}}
    t =    31.95s Checking existence of `"Bonjour." Button`
    t =    31.98s Checking existence of `"Merci." Button`
    t =    32.01s Checking existence of `"Au revoir." Button`
    t =    32.05s Tap "Merci." Button
    t =    32.05s     Wait for com.sleuthysloth.condisco to idle
    t =    32.05s     Find the "Merci." Button
    t =    32.09s     Check for interrupting elements affecting "Merci." Button
    t =    32.12s     Synthesize event
    t =    32.41s     Wait for com.sleuthysloth.condisco to idle
    t =    32.41s Find the "Check" Button
    t =    32.46s Tap "Check" Button
    t =    32.47s     Wait for com.sleuthysloth.condisco to idle
    t =    32.47s     Find the "Check" Button
    t =    32.52s     Check for interrupting elements affecting "Check" Button
    t =    32.56s     Synthesize event
    t =    32.86s     Wait for com.sleuthysloth.condisco to idle
    t =    32.87s Waiting 15.0s for StaticText (First Match) to exist
    t =    33.94s     Checking `Expect predicate `existsNoRetry == 1` for object StaticText (First Match)`
    t =    33.94s         Checking existence of `StaticText (First Match)`
    t =    34.01s Find the Target Application 'com.sleuthysloth.condisco'
    t =    34.15s Added attachment named 'smallphone-wrong-answer-feedback'
    t =    34.15s Waiting 10.0s for "Continue with model answer" Button to exist
    t =    35.20s     Checking `Expect predicate `existsNoRetry == 1` for object "Continue with model answer" Button`
    t =    35.20s         Checking existence of `"Continue with model answer" Button`
    t =    35.25s Waiting 10.0s for "Continue with model answer" Button to exist
    t =    36.29s     Checking `Expect predicate `existsNoRetry == 1` for object "Continue with model answer" Button`
    t =    36.29s         Checking existence of `"Continue with model answer" Button`
    t =    36.33s Find the "Continue with model answer" Button
    t =    36.42s Checking existence of `Window (First Match)`
    t =    36.43s Find the "Continue with model answer" Button
    t =    36.48s Find the Window (First Match)
    t =    36.49s Find the Window at {{0.0, 0.0}, {402.0, 874.0}}
    t =    36.49s Tear Down
Test Case '-[CondiscoUITests.AccessibilitySweepUITests testSmallPhoneFirstQuestionWrongAnswerFeedbackNotHidden]' passed (36.912 seconds).
Test Case '-[CondiscoUITests.AccessibilitySweepUITests testVoiceOverLabelsOnKeyControls]' started.
    t =     0.00s Start Test at 2026-09-26 08:36:16.713
    t =     0.08s Set Up
    t =     0.08s Open com.sleuthysloth.condisco
    t =     0.09s     Launch com.sleuthysloth.condisco
    t =     0.09s         Terminate com.sleuthysloth.condisco:7111
2026-09-26 08:36:17.848 xcodebuild[6595:36296] [MT] IDELaunchParametersSnapshot: debugger version lookup failed for path '<nil>': noURL
2026-09-26 08:36:17.848 xcodebuild[6595:36296] [MT] IDELaunchParametersSnapshot: no debugger version
    t =     1.35s         Setting up automation session
    t =     4.31s         Wait for com.sleuthysloth.condisco to idle
    t =     5.84s Waiting 30.0s for "Choose a language" Button to exist
    t =     6.89s     Checking `Expect predicate `existsNoRetry == 1` for object "Choose a language" Button`
    t =     6.89s         Checking existence of `"Choose a language" Button`
    t =     7.00s Tap "Choose a language" Button
    t =     7.00s     Wait for com.sleuthysloth.condisco to idle
    t =     7.01s     Find the "Choose a language" Button
    t =     7.01s     Check for interrupting elements affecting "Choose a language" Button
    t =     7.03s     Synthesize event
    t =     7.34s     Wait for com.sleuthysloth.condisco to idle
    t =     7.35s Waiting 10.0s for "Which language are you learning?" StaticText to exist
    t =     8.40s     Checking `Expect predicate `existsNoRetry == 1` for object "Which language are you learning?" StaticText`
    t =     8.40s         Checking existence of `"Which language are you learning?" StaticText`
    t =     8.42s Checking existence of `"French foundations" StaticText`
    t =     8.42s Find the "Continue" Button
    t =     8.55s Find the "Continue" Button
    t =     8.58s Find the "Continue" Button
    t =     8.60s Find the "Continue" Button
    t =     8.62s Find the "Continue" Button
    t =     8.64s Tap "Continue" Button
    t =     8.64s     Wait for com.sleuthysloth.condisco to idle
    t =     8.65s     Find the "Continue" Button
    t =     8.66s     Check for interrupting elements affecting "Continue" Button
    t =     8.68s     Synthesize event
    t =     8.99s     Wait for com.sleuthysloth.condisco to idle
    t =     9.00s Waiting 10.0s for Button (First Match) to exist
    t =    10.05s     Checking `Expect predicate `existsNoRetry == 1` for object Button (First Match)`
    t =    10.05s         Checking existence of `Button (First Match)`
    t =    10.06s Find the Button (First Match)
    t =    10.08s Find the "I'm starting fresh, Begin with your first mission. No experience needed." Button
    t =    10.09s Find the "I'm starting fresh, Begin with your first mission. No experience needed." Button
    t =    10.11s Find the "I'm starting fresh, Begin with your first mission. No experience needed." Button
    t =    10.12s Find the "I'm starting fresh, Begin with your first mission. No experience needed." Button
    t =    10.14s Tap "I'm starting fresh, Begin with your first mission. No experience needed." Button
    t =    10.14s     Wait for com.sleuthysloth.condisco to idle
    t =    10.14s     Find the "I'm starting fresh, Begin with your first mission. No experience needed." Button
    t =    10.15s     Check for interrupting elements affecting "I'm starting fresh, Begin with your first mission. No experience needed." Button
    t =    10.17s     Synthesize event
    t =    10.46s     Wait for com.sleuthysloth.condisco to idle
    t =    10.59s Waiting 20.0s for "Start lesson" Button to exist
    t =    11.63s     Checking `Expect predicate `existsNoRetry == 1` for object "Start lesson" Button`
    t =    11.63s         Checking existence of `"Start lesson" Button`
    t =    11.72s Waiting 10.0s for "Back to lessons" Button to exist
    t =    12.77s     Checking `Expect predicate `existsNoRetry == 1` for object "Back to lessons" Button`
    t =    12.77s         Checking existence of `"Back to lessons" Button`
    t =    12.85s Tap "Back to lessons" Button
    t =    12.85s     Wait for com.sleuthysloth.condisco to idle
    t =    12.85s     Find the "Back to lessons" Button
    t =    12.92s     Check for interrupting elements affecting "Back to lessons" Button
    t =    12.97s     Synthesize event
    t =    13.26s     Wait for com.sleuthysloth.condisco to idle
    t =    13.60s Waiting 30.0s for "Home" Button to exist
    t =    14.62s     Checking `Expect predicate `existsNoRetry == 1` for object "Home" Button`
    t =    14.62s         Checking existence of `"Home" Button`
    t =    14.67s Checking existence of `"Home" Button`
    t =    14.69s Checking existence of `"Courses" Button`
    t =    14.72s Checking existence of `"Listen" Button`
    t =    14.74s Checking existence of `"Review" Button`
    t =    14.76s Checking existence of `"You" Button`
    t =    14.79s Checking existence of `"Focus language" Button`
    t =    14.81s Checking existence of `"home.today.header" StaticText`
    t =    14.84s Waiting 10.0s for "home.today.primary" Button to exist
    t =    15.87s     Checking `Expect predicate `existsNoRetry == 1` for object "home.today.primary" Button`
    t =    15.87s         Checking existence of `"home.today.primary" Button`
    t =    15.90s Find the "home.today.primary" Button
    t =    15.93s Find the Target Application 'com.sleuthysloth.condisco'
    t =    16.04s Added attachment named 'voiceover-labels-home'
    t =    16.04s Tap "You" Button
    t =    16.04s     Wait for com.sleuthysloth.condisco to idle
    t =    16.05s     Find the "You" Button
    t =    16.09s     Check for interrupting elements affecting "person" Button
    t =    16.12s     Synthesize event
    t =    16.42s     Wait for com.sleuthysloth.condisco to idle
    t =    18.18s Waiting 10.0s for "Your learning" StaticText to exist
    t =    19.22s     Checking `Expect predicate `existsNoRetry == 1` for object "Your learning" StaticText`
    t =    19.23s         Checking existence of `"Your learning" StaticText`
    t =    19.29s Find the "Preferences" Button
    t =    19.32s Find the "Preferences" Button
    t =    19.36s Find the "Preferences" Button
    t =    19.39s Find the "Preferences" Button
    t =    19.41s Find the "Preferences" Button
    t =    19.44s Tap "Preferences" Button
    t =    19.44s     Wait for com.sleuthysloth.condisco to idle
    t =    19.44s     Find the "Preferences" Button
    t =    19.46s     Check for interrupting elements affecting "Preferences" Button
    t =    19.49s     Synthesize event
    t =    19.77s     Wait for com.sleuthysloth.condisco to idle
    t =    19.94s Waiting 10.0s for "Reduce motion" Switch to exist
    t =    20.97s     Checking `Expect predicate `existsNoRetry == 1` for object "Reduce motion" Switch`
    t =    20.97s         Checking existence of `"Reduce motion" Switch`
    t =    21.00s Checking existence of `"Larger text" Switch`
    t =    21.03s Find the Target Application 'com.sleuthysloth.condisco'
    t =    21.16s Added attachment named 'voiceover-labels-comfort'
    t =    21.17s Tear Down
Test Case '-[CondiscoUITests.AccessibilitySweepUITests testVoiceOverLabelsOnKeyControls]' passed (21.437 seconds).
Test Suite 'AccessibilitySweepUITests' passed at 2026-09-26 08:36:38.153.
	 Executed 5 tests, with 0 failures (0 unexpected) in 212.549 (212.579) seconds
Test Suite 'FirstRunUITests' started at 2026-09-26 08:36:38.164.
Test Case '-[CondiscoUITests.FirstRunUITests testFreshFrenchLearnerCanFinishFirstMissionAfterAccentAndWrongAnswer]' started.
    t =     0.00s Start Test at 2026-09-26 08:36:38.165
    t =     0.04s Set Up
    t =     0.04s Open com.sleuthysloth.condisco
    t =     0.05s     Launch com.sleuthysloth.condisco
    t =     0.05s         Terminate com.sleuthysloth.condisco:7165
2026-09-26 08:36:39.223 xcodebuild[6595:36296] [MT] IDELaunchParametersSnapshot: debugger version lookup failed for path '<nil>': noURL
2026-09-26 08:36:39.224 xcodebuild[6595:36296] [MT] IDELaunchParametersSnapshot: no debugger version
    t =     1.27s         Setting up automation session
    t =     3.83s         Wait for com.sleuthysloth.condisco to idle
    t =     5.22s Waiting 30.0s for "Choose a language" Button to exist
    t =     6.25s     Checking `Expect predicate `existsNoRetry == 1` for object "Choose a language" Button`
    t =     6.25s         Checking existence of `"Choose a language" Button`
    t =     6.31s Tap "Choose a language" Button
    t =     6.31s     Wait for com.sleuthysloth.condisco to idle
    t =     6.32s     Find the "Choose a language" Button
    t =     6.33s     Check for interrupting elements affecting "Choose a language" Button
    t =     6.33s     Synthesize event
    t =     6.64s     Wait for com.sleuthysloth.condisco to idle
    t =     6.65s Waiting 10.0s for "Which language are you learning?" StaticText to exist
    t =     7.69s     Checking `Expect predicate `existsNoRetry == 1` for object "Which language are you learning?" StaticText`
    t =     7.69s         Checking existence of `"Which language are you learning?" StaticText`
    t =     7.71s Checking existence of `"French foundations" StaticText`
    t =     7.72s Tap "Continue" Button
    t =     7.72s     Wait for com.sleuthysloth.condisco to idle
    t =     7.72s     Find the "Continue" Button
    t =     7.74s     Check for interrupting elements affecting "Continue" Button
    t =     7.75s     Synthesize event
    t =     8.05s     Wait for com.sleuthysloth.condisco to idle
    t =     8.06s Waiting 10.0s for Button (First Match) to exist
    t =     9.07s     Checking `Expect predicate `existsNoRetry == 1` for object Button (First Match)`
    t =     9.07s         Checking existence of `Button (First Match)`
    t =     9.09s Tap Button (First Match)
    t =     9.09s     Wait for com.sleuthysloth.condisco to idle
    t =     9.09s     Find the Button (First Match)
    t =     9.11s     Check for interrupting elements affecting "I'm starting fresh, Begin with your first mission. No experience needed." Button
    t =     9.13s     Synthesize event
    t =     9.42s     Wait for com.sleuthysloth.condisco to idle
    t =     9.53s Waiting 20.0s for "Start lesson" Button to exist
    t =    10.57s     Checking `Expect predicate `existsNoRetry == 1` for object "Start lesson" Button`
    t =    10.57s         Checking existence of `"Start lesson" Button`
    t =    10.68s Tap "Back to lessons" Button
    t =    10.68s     Wait for com.sleuthysloth.condisco to idle
    t =    10.68s     Find the "Back to lessons" Button
    t =    10.75s     Check for interrupting elements affecting "Back to lessons" Button
    t =    10.80s     Synthesize event
    t =    11.09s     Wait for com.sleuthysloth.condisco to idle
    t =    11.44s Waiting 30.0s for "Home" Button to exist
    t =    12.47s     Checking `Expect predicate `existsNoRetry == 1` for object "Home" Button`
    t =    12.47s         Checking existence of `"Home" Button`
    t =    12.54s Waiting 10.0s for "home.today.header" StaticText to exist
    t =    13.59s     Checking `Expect predicate `existsNoRetry == 1` for object "home.today.header" StaticText`
    t =    13.59s         Checking existence of `"home.today.header" StaticText`
    t =    13.63s Checking existence of `StaticText (First Match)`
    t =    13.68s Tap "You" Button
    t =    13.68s     Wait for com.sleuthysloth.condisco to idle
    t =    13.68s     Find the "You" Button
    t =    13.70s     Check for interrupting elements affecting "person" Button
    t =    13.73s     Synthesize event
    t =    14.02s     Wait for com.sleuthysloth.condisco to idle
    t =    15.75s Waiting 10.0s for "Your learning" StaticText to exist
    t =    16.79s     Checking `Expect predicate `existsNoRetry == 1` for object "Your learning" StaticText`
    t =    16.79s         Checking existence of `"Your learning" StaticText`
    t =    16.84s Checking existence of `"At a glance" StaticText`
    t =    16.86s Checking existence of `"Preferences" Button`
    t =    16.88s Checking existence of `"Account and data" Button`
    t =    16.90s Tap "Home" Button
    t =    16.90s     Wait for com.sleuthysloth.condisco to idle
    t =    16.90s     Find the "Home" Button
    t =    16.92s     Check for interrupting elements affecting "house" Button
    t =    16.94s     Synthesize event
    t =    17.23s     Wait for com.sleuthysloth.condisco to idle
    t =    18.90s Waiting 10.0s for "home.today.primary" Button to exist
    t =    19.93s     Checking `Expect predicate `existsNoRetry == 1` for object "home.today.primary" Button`
    t =    19.93s         Checking existence of `"home.today.primary" Button`
    t =    19.97s Find the "home.today.primary" Button
    t =    20.00s Find the "home.today.primary" Button
    t =    20.03s Tap "home.today.primary" Button
    t =    20.03s     Wait for com.sleuthysloth.condisco to idle
    t =    20.03s     Find the "home.today.primary" Button
    t =    20.06s     Check for interrupting elements affecting "home.today.primary" Button
    t =    20.09s     Synthesize event
    t =    20.38s     Wait for com.sleuthysloth.condisco to idle
    t =    20.76s Waiting 20.0s for "Start lesson" Button to exist
    t =    21.81s     Checking `Expect predicate `existsNoRetry == 1` for object "Start lesson" Button`
    t =    21.83s         Checking existence of `"Start lesson" Button`
    t =    22.01s Tap "Start lesson" Button
    t =    22.01s     Wait for com.sleuthysloth.condisco to idle
    t =    22.02s     Find the "Start lesson" Button
    t =    22.05s     Check for interrupting elements affecting "Start lesson" Button
    t =    22.08s     Synthesize event
    t =    22.37s     Wait for com.sleuthysloth.condisco to idle
    t =    22.38s Waiting 10.0s for "Got it" Button to exist
    t =    23.39s     Checking `Expect predicate `existsNoRetry == 1` for object "Got it" Button`
    t =    23.40s         Checking existence of `"Got it" Button`
    t =    23.47s Tap "Got it" Button
    t =    23.47s     Wait for com.sleuthysloth.condisco to idle
    t =    23.47s     Find the "Got it" Button
    t =    23.51s     Check for interrupting elements affecting "Got it" Button
    t =    23.56s     Synthesize event
    t =    23.86s     Wait for com.sleuthysloth.condisco to idle
    t =    23.86s Tap "Continue" Button
    t =    23.86s     Wait for com.sleuthysloth.condisco to idle
    t =    23.86s     Find the "Continue" Button
    t =    23.90s     Check for interrupting elements affecting "Continue" Button
    t =    23.93s     Synthesize event
    t =    24.22s     Wait for com.sleuthysloth.condisco to idle
    t =    24.23s Waiting 10.0s for "The server looks up from the counter. How do you greet them?" StaticText to exist
    t =    25.26s     Checking `Expect predicate `existsNoRetry == 1` for object "The server looks up from the counter. How do you greet them?" StaticText`
    t =    25.26s         Checking existence of `"The server looks up from the counter. How do you greet them?" StaticText`
    t =    25.33s Tap "Lessons" Button
    t =    25.33s     Wait for com.sleuthysloth.condisco to idle
    t =    25.33s     Find the "Lessons" Button
    t =    25.37s     Check for interrupting elements affecting "Lessons" Button
    t =    25.42s     Synthesize event
    t =    25.72s     Wait for com.sleuthysloth.condisco to idle
    t =    26.11s Waiting 15.0s for "home.today.primary" Button to exist
    t =    27.14s     Checking `Expect predicate `existsNoRetry == 1` for object "home.today.primary" Button`
    t =    27.14s         Checking existence of `"home.today.primary" Button`
    t =    27.21s Find the "home.today.primary" Button
    t =    27.24s Tap "home.today.primary" Button
    t =    27.24s     Wait for com.sleuthysloth.condisco to idle
    t =    27.24s     Find the "home.today.primary" Button
    t =    27.27s     Check for interrupting elements affecting "home.today.primary" Button
    t =    27.29s     Synthesize event
    t =    27.60s     Wait for com.sleuthysloth.condisco to idle
    t =    27.97s Waiting 15.0s for "The server looks up from the counter. How do you greet them?" StaticText to exist
    t =    28.98s     Checking `Expect predicate `existsNoRetry == 1` for object "The server looks up from the counter. How do you greet them?" StaticText`
    t =    28.98s         Checking existence of `"The server looks up from the counter. How do you greet them?" StaticText`
    t =    29.02s Tap "Bonjour." Button
    t =    29.02s     Wait for com.sleuthysloth.condisco to idle
    t =    29.03s     Find the "Bonjour." Button
    t =    29.06s     Check for interrupting elements affecting "Bonjour." Button
    t =    29.09s     Synthesize event
    t =    29.38s     Wait for com.sleuthysloth.condisco to idle
    t =    29.39s Waiting 10.0s for "Check" Button to exist
    t =    30.42s     Checking `Expect predicate `existsNoRetry == 1` for object "Check" Button`
    t =    30.42s         Checking existence of `"Check" Button`
    t =    30.46s Find the "Check" Button
    t =    30.51s Tap "Check" Button
    t =    30.51s     Wait for com.sleuthysloth.condisco to idle
    t =    30.52s     Find the "Check" Button
    t =    30.56s     Check for interrupting elements affecting "Check" Button
    t =    30.60s     Synthesize event
    t =    30.89s     Wait for com.sleuthysloth.condisco to idle
    t =    30.90s Waiting 15.0s for "Next step" Button to exist
    t =    31.96s     Checking `Expect predicate `existsNoRetry == 1` for object "Next step" Button`
    t =    31.96s         Checking existence of `"Next step" Button`
    t =    32.04s Tap "Next step" Button
    t =    32.04s     Wait for com.sleuthysloth.condisco to idle
    t =    32.05s     Find the "Next step" Button
    t =    32.09s     Check for interrupting elements affecting "Next step" Button
    t =    32.16s     Synthesize event
    t =    32.46s     Wait for com.sleuthysloth.condisco to idle
    t =    32.47s Waiting 10.0s for "Build the order: A coffee, please." StaticText to exist
    t =    33.50s     Checking `Expect predicate `existsNoRetry == 1` for object "Build the order: A coffee, please." StaticText`
    t =    33.50s         Checking existence of `"Build the order: A coffee, please." StaticText`
    t =    33.54s Tap "Add Un" Button
    t =    33.54s     Wait for com.sleuthysloth.condisco to idle
    t =    33.54s     Find the "Add Un" Button
    t =    33.58s     Check for interrupting elements affecting "Add Un" Button
    t =    33.61s     Synthesize event
    t =    33.92s     Wait for com.sleuthysloth.condisco to idle
    t =    33.92s Tap "Add café," Button
    t =    33.92s     Wait for com.sleuthysloth.condisco to idle
    t =    33.93s     Find the "Add café," Button
    t =    33.99s     Check for interrupting elements affecting "Add café," Button
    t =    34.03s     Synthesize event
    t =    34.32s     Wait for com.sleuthysloth.condisco to idle
    t =    34.33s Tap "Add s’il vous plaît." Button
    t =    34.33s     Wait for com.sleuthysloth.condisco to idle
    t =    34.33s     Find the "Add s’il vous plaît." Button
    t =    34.37s     Check for interrupting elements affecting "Add s’il vous plaît." Button
    t =    34.42s     Synthesize event
    t =    34.71s     Wait for com.sleuthysloth.condisco to idle
    t =    34.72s Waiting 10.0s for "Check" Button to exist
    t =    35.77s     Checking `Expect predicate `existsNoRetry == 1` for object "Check" Button`
    t =    35.79s         Checking existence of `"Check" Button`
    t =    35.86s Find the "Check" Button
    t =    35.91s Tap "Check" Button
    t =    35.91s     Wait for com.sleuthysloth.condisco to idle
    t =    35.91s     Find the "Check" Button
    t =    35.96s     Check for interrupting elements affecting "Check" Button
    t =    36.01s     Synthesize event
    t =    36.32s     Wait for com.sleuthysloth.condisco to idle
    t =    36.33s Waiting 15.0s for "Next step" Button to exist
    t =    37.36s     Checking `Expect predicate `existsNoRetry == 1` for object "Next step" Button`
    t =    37.36s         Checking existence of `"Next step" Button`
    t =    37.48s Tap "Next step" Button
    t =    37.48s     Wait for com.sleuthysloth.condisco to idle
    t =    37.48s     Find the "Next step" Button
    t =    37.54s     Check for interrupting elements affecting "Next step" Button
    t =    37.60s     Synthesize event
    t =    37.91s     Wait for com.sleuthysloth.condisco to idle
    t =    37.92s Waiting 10.0s for "The cup reaches the counter. What do you say?" StaticText to exist
    t =    38.96s     Checking `Expect predicate `existsNoRetry == 1` for object "The cup reaches the counter. What do you say?" StaticText`
    t =    38.96s         Checking existence of `"The cup reaches the counter. What do you say?" StaticText`
    t =    39.01s Tap "Merci." Button
    t =    39.01s     Wait for com.sleuthysloth.condisco to idle
    t =    39.01s     Find the "Merci." Button
    t =    39.06s     Check for interrupting elements affecting "Merci." Button
    t =    39.10s     Synthesize event
    t =    39.39s     Wait for com.sleuthysloth.condisco to idle
    t =    39.39s Waiting 10.0s for "Check" Button to exist
    t =    40.44s     Checking `Expect predicate `existsNoRetry == 1` for object "Check" Button`
    t =    40.44s         Checking existence of `"Check" Button`
    t =    40.49s Find the "Check" Button
    t =    40.54s Tap "Check" Button
    t =    40.54s     Wait for com.sleuthysloth.condisco to idle
    t =    40.54s     Find the "Check" Button
    t =    40.60s     Check for interrupting elements affecting "Check" Button
    t =    40.67s     Synthesize event
    t =    40.97s     Wait for com.sleuthysloth.condisco to idle
    t =    40.97s Waiting 15.0s for "Next step" Button to exist
    t =    41.99s     Checking `Expect predicate `existsNoRetry == 1` for object "Next step" Button`
    t =    41.99s         Checking existence of `"Next step" Button`
    t =    42.05s Tap "Next step" Button
    t =    42.05s     Wait for com.sleuthysloth.condisco to idle
    t =    42.05s     Find the "Next step" Button
    t =    42.12s     Check for interrupting elements affecting "Next step" Button
    t =    42.16s     Synthesize event
    t =    42.46s     Wait for com.sleuthysloth.condisco to idle
    t =    42.56s Waiting 10.0s for "I've thought about it — let me answer" Button to exist
    t =    43.60s     Checking `Expect predicate `existsNoRetry == 1` for object "I've thought about it — let me answer" Button`
    t =    43.60s         Checking existence of `"I've thought about it — let me answer" Button`
    t =    43.67s Tap "I've thought about it — let me answer" Button
    t =    43.67s     Wait for com.sleuthysloth.condisco to idle
    t =    43.67s     Find the "I've thought about it — let me answer" Button
    t =    43.73s     Check for interrupting elements affecting "I've thought about it — let me answer" Button
    t =    43.78s     Synthesize event
    t =    44.08s     Wait for com.sleuthysloth.condisco to idle
    t =    44.09s Waiting 10.0s for TextView (First Match) to exist
    t =    45.13s     Checking `Expect predicate `existsNoRetry == 1` for object TextView (First Match)`
    t =    45.13s         Checking existence of `TextView (First Match)`
    t =    45.17s Tap TextView (First Match)
    t =    45.17s     Wait for com.sleuthysloth.condisco to idle
    t =    45.17s     Find the TextView (First Match)
    t =    45.21s     Check for interrupting elements affecting "Your answer" TextView
    t =    45.26s     Synthesize event
    t =    45.55s     Wait for com.sleuthysloth.condisco to idle
    t =    48.29s Type 'Un cafe, s’il vous...' into "Your answer" TextView
    t =    48.29s     Wait for com.sleuthysloth.condisco to idle
    t =    48.30s     Find the "Your answer" TextView
    t =    48.38s     Check for interrupting elements affecting "Your answer" TextView
    t =    48.44s     Synthesize event
    t =    49.07s     Wait for com.sleuthysloth.condisco to idle
    t =    49.07s Waiting 10.0s for "Check" Button to exist
    t =    50.13s     Checking `Expect predicate `existsNoRetry == 1` for object "Check" Button`
    t =    50.13s         Checking existence of `"Check" Button`
    t =    51.26s Checking existence of `Keyboard (Descendants matching type Keyboard)`
    t =    51.35s Find the "Check" Button
    t =    51.40s Find the Keyboard (Descendants matching type Keyboard)
    t =    51.45s Tap "Check" Button
    t =    51.45s     Wait for com.sleuthysloth.condisco to idle
    t =    51.45s     Find the "Check" Button
    t =    51.51s     Check for interrupting elements affecting "Check" Button
    t =    51.60s     Synthesize event
    t =    51.89s     Wait for com.sleuthysloth.condisco to idle
    t =    51.90s Waiting 10.0s for StaticText (First Match) to exist
    t =    52.92s     Checking `Expect predicate `existsNoRetry == 1` for object StaticText (First Match)`
    t =    52.92s         Checking existence of `StaticText (First Match)`
    t =    53.03s Checking existence of `StaticText (First Match)`
    t =    53.07s Tap "Next step" Button
    t =    53.07s     Wait for com.sleuthysloth.condisco to idle
    t =    53.08s     Find the "Next step" Button
    t =    53.14s     Check for interrupting elements affecting "Next step" Button
    t =    53.23s     Synthesize event
    t =    53.55s     Wait for com.sleuthysloth.condisco to idle
    t =    53.80s Waiting 10.0s for "Match the three lines you used to their meanings." StaticText to exist
    t =    54.83s     Checking `Expect predicate `existsNoRetry == 1` for object "Match the three lines you used to their meanings." StaticText`
    t =    54.83s         Checking existence of `"Match the three lines you used to their meanings." StaticText`
    t =    54.97s Tap "Bonjour." Button
    t =    54.97s     Wait for com.sleuthysloth.condisco to idle
    t =    54.97s     Find the "Bonjour." Button
    t =    55.02s     Check for interrupting elements affecting "Bonjour." Button
    t =    55.06s     Synthesize event
    t =    55.36s     Wait for com.sleuthysloth.condisco to idle
    t =    55.36s Tap "Hello." Button
    t =    55.36s     Wait for com.sleuthysloth.condisco to idle
    t =    55.37s     Find the "Hello." Button
    t =    55.43s     Check for interrupting elements affecting "Hello." Button
    t =    55.49s     Synthesize event
    t =    55.80s     Wait for com.sleuthysloth.condisco to idle
    t =    55.81s Tap "Un café, s’il vous plaît." Button
    t =    55.81s     Wait for com.sleuthysloth.condisco to idle
    t =    55.82s     Find the "Un café, s’il vous plaît." Button
    t =    55.87s     Check for interrupting elements affecting "Un café, s’il vous plaît." Button
    t =    55.91s     Synthesize event
    t =    56.21s     Wait for com.sleuthysloth.condisco to idle
    t =    56.21s Tap "A coffee, please." Button
    t =    56.21s     Wait for com.sleuthysloth.condisco to idle
    t =    56.22s     Find the "A coffee, please." Button
    t =    56.28s     Check for interrupting elements affecting "A coffee, please." Button
    t =    56.31s     Synthesize event
    t =    56.59s     Wait for com.sleuthysloth.condisco to idle
    t =    56.60s Tap "Merci." Button
    t =    56.60s     Wait for com.sleuthysloth.condisco to idle
    t =    56.60s     Find the "Merci." Button
    t =    56.64s     Check for interrupting elements affecting "Merci." Button
    t =    56.68s     Synthesize event
    t =    56.98s     Wait for com.sleuthysloth.condisco to idle
    t =    56.99s Tap "Thank you." Button
    t =    56.99s     Wait for com.sleuthysloth.condisco to idle
    t =    57.00s     Find the "Thank you." Button
    t =    57.05s     Check for interrupting elements affecting "Thank you." Button
    t =    57.09s     Synthesize event
    t =    57.38s     Wait for com.sleuthysloth.condisco to idle
    t =    57.39s Waiting 10.0s for "Check" Button to exist
    t =    58.42s     Checking `Expect predicate `existsNoRetry == 1` for object "Check" Button`
    t =    58.42s         Checking existence of `"Check" Button`
    t =    58.50s Find the "Check" Button
    t =    58.54s Tap "Check" Button
    t =    58.54s     Wait for com.sleuthysloth.condisco to idle
    t =    58.54s     Find the "Check" Button
    t =    58.57s     Check for interrupting elements affecting "Check" Button
    t =    58.61s     Synthesize event
    t =    58.92s     Wait for com.sleuthysloth.condisco to idle
    t =    59.37s Waiting 15.0s for "Next step" Button to exist
    t =    60.40s     Checking `Expect predicate `existsNoRetry == 1` for object "Next step" Button`
    t =    60.40s         Checking existence of `"Next step" Button`
    t =    60.48s Tap "Next step" Button
    t =    60.48s     Wait for com.sleuthysloth.condisco to idle
    t =    60.48s     Find the "Next step" Button
    t =    60.52s     Check for interrupting elements affecting "Next step" Button
    t =    60.55s     Synthesize event
    t =    60.84s     Wait for com.sleuthysloth.condisco to idle
    t =    60.97s Waiting 10.0s for StaticText (First Match) to exist
    t =    62.00s     Checking `Expect predicate `existsNoRetry == 1` for object StaticText (First Match)`
    t =    62.00s         Checking existence of `StaticText (First Match)`
    t =    62.12s Waiting 10.0s for TextView (First Match) to exist
    t =    63.13s     Checking `Expect predicate `existsNoRetry == 1` for object TextView (First Match)`
    t =    63.14s         Checking existence of `TextView (First Match)`
    t =    63.18s Tap TextView (First Match)
    t =    63.18s     Wait for com.sleuthysloth.condisco to idle
    t =    63.19s     Find the TextView (First Match)
    t =    63.22s     Check for interrupting elements affecting "Your answer" TextView
    t =    63.27s     Synthesize event
    t =    63.57s     Wait for com.sleuthysloth.condisco to idle
    t =    65.11s Type 'No idea yet' into "Your answer" TextView
    t =    65.11s     Wait for com.sleuthysloth.condisco to idle
    t =    65.12s     Find the "Your answer" TextView
    t =    65.19s     Check for interrupting elements affecting "Your answer" TextView
    t =    65.25s     Synthesize event
    t =    65.64s     Wait for com.sleuthysloth.condisco to idle
    t =    65.65s Waiting 10.0s for "Check" Button to exist
    t =    66.68s     Checking `Expect predicate `existsNoRetry == 1` for object "Check" Button`
    t =    66.70s         Checking existence of `"Check" Button`
    t =    67.80s Checking existence of `Keyboard (Descendants matching type Keyboard)`
    t =    67.86s Find the "Check" Button
    t =    67.95s Find the Keyboard (Descendants matching type Keyboard)
    t =    68.01s Tap "Check" Button
    t =    68.01s     Wait for com.sleuthysloth.condisco to idle
    t =    68.02s     Find the "Check" Button
    t =    68.07s     Check for interrupting elements affecting "Check" Button
    t =    68.13s     Synthesize event
    t =    68.42s     Wait for com.sleuthysloth.condisco to idle
    t =    68.43s Waiting 15.0s for "Continue with model answer" Button to exist
    t =    69.47s     Checking `Expect predicate `existsNoRetry == 1` for object "Continue with model answer" Button`
    t =    69.48s         Checking existence of `"Continue with model answer" Button`
    t =    69.55s Checking existence of `StaticText (First Match)`
    t =    69.58s Tap "Continue with model answer" Button
    t =    69.58s     Wait for com.sleuthysloth.condisco to idle
    t =    69.59s     Find the "Continue with model answer" Button
    t =    69.64s     Check for interrupting elements affecting "Continue with model answer" Button
    t =    69.71s     Synthesize event
    t =    70.00s     Wait for com.sleuthysloth.condisco to idle
    t =    70.41s Waiting 15.0s for "Back to lessons" Button to exist
    t =    71.42s     Checking `Expect predicate `existsNoRetry == 1` for object "Back to lessons" Button`
    t =    71.42s         Checking existence of `"Back to lessons" Button`
    t =    71.50s Tap "Back to lessons" Button
    t =    71.50s     Wait for com.sleuthysloth.condisco to idle
    t =    71.50s     Find the "Back to lessons" Button
    t =    71.55s     Check for interrupting elements affecting "Back to lessons" Button
    t =    71.60s     Synthesize event
    t =    71.62s         Scroll element to visible
    t =    71.63s         Find the "Back to lessons" Button
    t =    71.68s         Computed hit point {201, 806.99999999999966} after scrolling to visible
    t =    71.97s     Wait for com.sleuthysloth.condisco to idle
    t =    72.47s Waiting 15.0s for "Review" Button to exist
    t =    73.50s     Checking `Expect predicate `existsNoRetry == 1` for object "Review" Button`
    t =    73.50s         Checking existence of `"Review" Button`
    t =    73.54s Tap "Review" Button
    t =    73.54s     Wait for com.sleuthysloth.condisco to idle
    t =    73.54s     Find the "Review" Button
    t =    73.57s     Check for interrupting elements affecting "arrow.triangle.2.circlepath" Button
    t =    73.61s     Synthesize event
    t =    73.91s     Wait for com.sleuthysloth.condisco to idle
    t =    75.78s Waiting 15.0s for "Review" NavigationBar to exist
    t =    76.82s     Checking `Expect predicate `existsNoRetry == 1` for object "Review" NavigationBar`
    t =    76.82s         Checking existence of `"Review" NavigationBar`
    t =    76.89s Tear Down
Test Case '-[CondiscoUITests.FirstRunUITests testFreshFrenchLearnerCanFinishFirstMissionAfterAccentAndWrongAnswer]' passed (77.365 seconds).
Test Suite 'FirstRunUITests' passed at 2026-09-26 08:37:55.535.
	 Executed 1 test, with 0 failures (0 unexpected) in 77.365 (77.371) seconds
Test Suite 'CondiscoUITests.xctest' passed at 2026-09-26 08:37:55.538.
	 Executed 6 tests, with 0 failures (0 unexpected) in 289.914 (289.966) seconds
Test Suite 'All tests' passed at 2026-09-26 08:37:55.539.
	 Executed 6 tests, with 0 failures (0 unexpected) in 289.914 (289.970) seconds
2026-09-26 08:37:56.146 xcodebuild[6595:36296] [MT] IDETestOperationsObserverDebug: 373.454 elapsed -- Testing started completed.
2026-09-26 08:37:56.146 xcodebuild[6595:36296] [MT] IDETestOperationsObserverDebug: 0.000 sec, +0.000 sec -- start
2026-09-26 08:37:56.146 xcodebuild[6595:36296] [MT] IDETestOperationsObserverDebug: 373.454 sec, +373.454 sec -- end

Test session results, code coverage, and logs:
	/var/folders/3w/91hphlzs0rv_1twbkfyhvn6m0000gn/T/condisco-preflight.UUZpei/DerivedData/Logs/Test/Test-Condisco-2026.09.26_08-31-38--0700.xcresult

** TEST SUCCEEDED **

Testing started
PASS UI smoke (CondiscoUITests)

=======================================================
  PREFLIGHT PASSED — every required step is green.
=======================================================
PREFLIGHT EXIT=0
xcb lock released Sat Sep 26 08:38:00 PDT 2026
